[0.5098105, 0.5107692, 0.5061428, 0.5047162, 0.5102021, 0.5028683, 0.5098775, 0.50809854, 0.507039, 0.5036437, 0.5151838, 0.51519394, 0.5137395, 0.51456326, 0.51449615, 0.5120467, 0.5111511, 0.51439404, 0.51463634, 0.51518536, 0.5163154, 0.5162687, 0.5127924, 0.5130738, 0.5133084, 0.51441824, 0.5123291, 0.5137309, 0.5155295, 0.51426244, 0.5131471, 0.51420915, 0.5153012, 0.516052, 0.51292044, 0.5116679, 0.5114057, 0.51429445, 0.5108365, 0.512644, 0.5148028, 0.51634425, 0.51304585, 0.51406455, 0.51577926, 0.5161751, 0.5165392, 0.5143904, 0.51492405, 0.5152105, 0.5143728, 0.5118041, 0.51169014, 0.51513726, 0.5156504, 0.5160256, 0.5167444, 0.51534927, 0.5149085, 0.5151428, 0.51276, 0.51372916, 0.51303834, 0.51405144, 0.515602, 0.5163581, 0.51659673, 0.5136737, 0.5135533, 0.5132552, 0.51325583, 0.51266694, 0.51582205, 0.515755, 0.5154198, 0.5154127, 0.51592124, 0.51319546, 0.5147061, 0.51463735]
[0.50783646, 0.50636095, 0.5054593, 0.50192237, 0.50836486, 0.5023088, 0.5074156, 0.50573283, 0.50667524, 0.5024545, 0.5112842, 0.511612, 0.51130444, 0.5119372, 0.5121606, 0.5094969, 0.5094221, 0.5114602, 0.51160145, 0.51275617, 0.51375, 0.51392835, 0.51110756, 0.5113373, 0.5110286, 0.51183945, 0.5094917, 0.5112968, 0.5119978, 0.5110409, 0.51017183, 0.5114388, 0.5123163, 0.5132608, 0.5097112, 0.5086478, 0.5082716, 0.5104426, 0.50853145, 0.5103545, 0.51257247, 0.5132511, 0.5106102, 0.51117295, 0.5131695, 0.5135619, 0.51333725, 0.51230043, 0.51280254, 0.5124562, 0.51104397, 0.5096002, 0.509422, 0.5128723, 0.5129014, 0.51323885, 0.5136422, 0.51248235, 0.5117692, 0.51238114, 0.51010853, 0.5110881, 0.51025116, 0.5115495, 0.5126846, 0.5133129, 0.51340973, 0.5108907, 0.5108796, 0.5108719, 0.51058465, 0.50980794, 0.51235896, 0.51266897, 0.5123965, 0.51268184, 0.51307267, 0.5106525, 0.51189077, 0.5120318]
[0.5083648, 0.50735354, 0.506615, 0.5031605, 0.50868315, 0.50287044, 0.50878614, 0.50721985, 0.5066752, 0.50427675, 0.51274556, 0.51280516, 0.51249576, 0.5131615, 0.5135401, 0.5105682, 0.51064515, 0.5122692, 0.512973, 0.51394564, 0.51463413, 0.5150647, 0.5116377, 0.5118806, 0.5119012, 0.51289517, 0.51057494, 0.51151866, 0.51278204, 0.5129678, 0.51170844, 0.5123152, 0.51337796, 0.51443636, 0.5114604, 0.51073146, 0.5100717, 0.51193744, 0.5094668, 0.511265, 0.51284593, 0.5141993, 0.5114664, 0.51200765, 0.51428777, 0.51435685, 0.5145115, 0.5130606, 0.5134639, 0.5130008, 0.5118726, 0.51058525, 0.5104331, 0.5135188, 0.5137239, 0.51427454, 0.51497483, 0.5135755, 0.5126434, 0.51307285, 0.51060563, 0.5112489, 0.5115397, 0.5125374, 0.51389366, 0.5145809, 0.51443696, 0.5119252, 0.51219434, 0.51234984, 0.5121705, 0.51174986, 0.51372015, 0.5138357, 0.5135427, 0.513563, 0.51414615, 0.511776, 0.5130017, 0.5130587]
[0.5086039, 0.5086658, 0.5062938, 0.50138694, 0.50848347, 0.5019059, 0.5090237, 0.5078308, 0.5066575, 0.501965, 0.51322705, 0.51308036, 0.51341724, 0.51392865, 0.5140357, 0.510871, 0.5109917, 0.5134088, 0.5137461, 0.5147428, 0.51554656, 0.51571566, 0.51256657, 0.5126703, 0.51240057, 0.5135313, 0.5112389, 0.5124896, 0.5136702, 0.51379186, 0.5126914, 0.51328886, 0.5144411, 0.5151556, 0.5118606, 0.51118183, 0.5108471, 0.51240164, 0.5103044, 0.5117136, 0.5133193, 0.51529425, 0.5121352, 0.5126412, 0.5148255, 0.5154414, 0.5154245, 0.51368195, 0.51411456, 0.51425093, 0.5127264, 0.51126707, 0.51140434, 0.51449364, 0.514867, 0.5153455, 0.5160494, 0.5146564, 0.5136978, 0.51344335, 0.51132125, 0.5124302, 0.51253015, 0.51319885, 0.5143885, 0.51535946, 0.5153645, 0.5125193, 0.51299363, 0.51282614, 0.5129874, 0.5125526, 0.5149662, 0.51524913, 0.5146334, 0.51441306, 0.51497793, 0.512661, 0.51373726, 0.51403767]
[0.5085763, 0.5083704, 0.50584954, 0.503509, 0.5085278, 0.50380516, 0.5090568, 0.5076507, 0.506495, 0.5044842, 0.5123057, 0.5122402, 0.51174974, 0.51233417, 0.5125193, 0.5104973, 0.5101328, 0.5118022, 0.5122286, 0.5127535, 0.513279, 0.5134655, 0.511099, 0.5114729, 0.51124305, 0.51181257, 0.5107347, 0.5112299, 0.5124071, 0.5120576, 0.5108164, 0.5116921, 0.5126982, 0.513341, 0.5106742, 0.50989974, 0.5096905, 0.5115194, 0.5089347, 0.5106727, 0.51207936, 0.51330554, 0.5109725, 0.5114111, 0.51296264, 0.5132538, 0.5135898, 0.5122416, 0.5128175, 0.5123265, 0.5117366, 0.5101095, 0.5100414, 0.51242524, 0.5127972, 0.51304615, 0.5134698, 0.5125383, 0.5119552, 0.51227784, 0.5106238, 0.5110923, 0.5108089, 0.51196176, 0.51280475, 0.51359266, 0.51351833, 0.51143366, 0.51165336, 0.51139355, 0.511368, 0.5110313, 0.513224, 0.5132182, 0.51286924, 0.51274604, 0.5132496, 0.51111907, 0.5120728, 0.5121065]
[0.50791377, 0.5070058, 0.50528884, 0.5024263, 0.509352, 0.50191253, 0.5069541, 0.5056428, 0.50522447, 0.5024496, 0.5122383, 0.5124279, 0.51180613, 0.5120946, 0.51228404, 0.5098621, 0.50945526, 0.5114586, 0.51186305, 0.51284736, 0.5137005, 0.5138376, 0.5104902, 0.5107542, 0.5108704, 0.5117474, 0.50963354, 0.51120037, 0.51231605, 0.5113252, 0.5108288, 0.5116324, 0.51277316, 0.5136846, 0.50942504, 0.508398, 0.50831616, 0.5109055, 0.50844765, 0.51061517, 0.5127551, 0.5136112, 0.5102846, 0.51111, 0.5130651, 0.51333815, 0.5138508, 0.5125223, 0.5127668, 0.5129049, 0.5116165, 0.5097639, 0.5094108, 0.51271266, 0.51283014, 0.5133283, 0.51346064, 0.5122092, 0.5121059, 0.5123196, 0.5102971, 0.51061845, 0.50976527, 0.51191044, 0.51299894, 0.51363087, 0.5140361, 0.5111062, 0.5107327, 0.51049435, 0.51007414, 0.50945663, 0.5130562, 0.51306, 0.5127787, 0.51221126, 0.513122, 0.5105258, 0.51212317, 0.5116121]
[0.509994, 0.50973403, 0.50663954, 0.5051115, 0.5107941, 0.502517, 0.5095832, 0.50699, 0.5074749, 0.50384647, 0.51450455, 0.5147298, 0.5133221, 0.5144061, 0.5144833, 0.5115165, 0.510338, 0.51384073, 0.51403964, 0.5149117, 0.5157968, 0.5159699, 0.51185393, 0.5123658, 0.5124423, 0.51348615, 0.5115816, 0.5132321, 0.51482886, 0.5125925, 0.511921, 0.51377714, 0.51482236, 0.5158497, 0.5116582, 0.5103645, 0.5097762, 0.51340735, 0.5090767, 0.51168, 0.51459223, 0.5162003, 0.51238126, 0.5133172, 0.5154927, 0.5159622, 0.5163243, 0.5144098, 0.5148817, 0.51510674, 0.51424956, 0.5107696, 0.51022613, 0.51426303, 0.5151173, 0.515311, 0.51542443, 0.5148108, 0.5145157, 0.51464605, 0.51251906, 0.51300555, 0.5117651, 0.51373845, 0.51521146, 0.51606315, 0.51633775, 0.51347744, 0.5122447, 0.51253355, 0.5119352, 0.5115383, 0.5151469, 0.5152522, 0.514858, 0.5149884, 0.51575327, 0.5127751, 0.5144218, 0.51389116]
[0.5102493, 0.50929934, 0.50858283, 0.50404656, 0.51082337, 0.50494874, 0.50989026, 0.5082081, 0.5084359, 0.5051768, 0.51406443, 0.5146177, 0.5140974, 0.5144964, 0.5148282, 0.5121402, 0.5122218, 0.51397043, 0.5140718, 0.5154365, 0.51640564, 0.51655006, 0.5131334, 0.5135354, 0.5135792, 0.5142128, 0.5124918, 0.5132741, 0.51422924, 0.513447, 0.5125293, 0.5138318, 0.5152315, 0.5165453, 0.5125575, 0.5108247, 0.51035947, 0.51316684, 0.5099175, 0.51216906, 0.51483357, 0.51619875, 0.5130116, 0.5134855, 0.5161596, 0.5160972, 0.51595867, 0.51488906, 0.5155175, 0.51518244, 0.51380813, 0.51121676, 0.51124334, 0.5149727, 0.5152659, 0.51534563, 0.5158947, 0.5147039, 0.5141576, 0.5146345, 0.51243377, 0.5130452, 0.512424, 0.5144021, 0.5156399, 0.5162501, 0.51627195, 0.51299834, 0.5134431, 0.5130611, 0.5130194, 0.51256174, 0.51525563, 0.5152848, 0.51520383, 0.51497483, 0.51560676, 0.51383007, 0.5147872, 0.5142614]
[0.5099193, 0.5094588, 0.5067536, 0.5039091, 0.5106127, 0.50559247, 0.5101549, 0.5082691, 0.50796247, 0.5048921, 0.51492786, 0.5149602, 0.5146658, 0.51519126, 0.51531494, 0.512356, 0.51206034, 0.5146664, 0.51492244, 0.5159958, 0.5171709, 0.5172841, 0.5134547, 0.51375824, 0.5136017, 0.5148519, 0.51255584, 0.51364005, 0.5149165, 0.5146208, 0.5130271, 0.51469386, 0.516083, 0.51673716, 0.5128015, 0.5114323, 0.5109437, 0.51320535, 0.51098686, 0.51251113, 0.51507396, 0.51699305, 0.5134113, 0.5140555, 0.5163748, 0.5167418, 0.5169176, 0.51518387, 0.51606935, 0.51500374, 0.5142284, 0.51223874, 0.51204926, 0.51570934, 0.5157634, 0.516541, 0.5169571, 0.5155685, 0.51492274, 0.5155894, 0.5123458, 0.51377875, 0.51353943, 0.5141417, 0.51569605, 0.51696914, 0.5166977, 0.5137552, 0.5141327, 0.51428694, 0.51402044, 0.51379013, 0.51667565, 0.51673377, 0.51647717, 0.51621664, 0.516656, 0.5140726, 0.5146396, 0.51503617]
[0.5125822, 0.511088, 0.50964886, 0.50459695, 0.5140714, 0.5044988, 0.51230025, 0.5092384, 0.5103873, 0.5056957, 0.5181429, 0.5186967, 0.51825005, 0.5191252, 0.5191945, 0.51525694, 0.5148964, 0.51800954, 0.5185574, 0.51995337, 0.5210555, 0.5213998, 0.5168989, 0.5174942, 0.5169818, 0.5181448, 0.51556516, 0.5171261, 0.5189098, 0.51676196, 0.5153966, 0.517814, 0.5195777, 0.5210911, 0.51525605, 0.51305956, 0.512799, 0.5162651, 0.51210016, 0.51516765, 0.519539, 0.5211992, 0.5159562, 0.51774037, 0.5209066, 0.5211203, 0.52073944, 0.5192043, 0.52016795, 0.5195986, 0.5174515, 0.5140857, 0.51388705, 0.5193505, 0.5194122, 0.51992124, 0.5205605, 0.51868784, 0.5182834, 0.51914024, 0.5155464, 0.51683855, 0.5158142, 0.51827234, 0.5199643, 0.52088493, 0.5209394, 0.5166605, 0.5170311, 0.5169141, 0.5163662, 0.51565367, 0.51963294, 0.5197238, 0.5195669, 0.5193233, 0.520358, 0.5174585, 0.51860344, 0.5183443]
[0.50660115, 0.50601053, 0.50475204, 0.5030481, 0.50688624, 0.50258154, 0.5063563, 0.5052962, 0.5056418, 0.50329095, 0.50898206, 0.50913066, 0.5086609, 0.5093029, 0.5092909, 0.5076224, 0.507249, 0.50866574, 0.50916886, 0.5095073, 0.5099878, 0.5100919, 0.5081896, 0.5083951, 0.5081552, 0.50887996, 0.5074991, 0.5085987, 0.5095794, 0.50831646, 0.507682, 0.5089227, 0.50934094, 0.509921, 0.50774044, 0.50717676, 0.5070215, 0.50858456, 0.5062238, 0.50778663, 0.50920266, 0.50982094, 0.50814277, 0.50868464, 0.5098953, 0.51015264, 0.51026154, 0.50919497, 0.5095346, 0.5092576, 0.50867015, 0.5074324, 0.50712526, 0.5093301, 0.50951564, 0.5098076, 0.51005316, 0.5093771, 0.5092251, 0.50951385, 0.5078151, 0.50857586, 0.5080025, 0.50873846, 0.5096677, 0.5099524, 0.51018155, 0.5086131, 0.50847113, 0.5084393, 0.50827056, 0.5078838, 0.50970453, 0.50975865, 0.5095356, 0.50966823, 0.50984436, 0.5083518, 0.5088554, 0.50909406]
[0.50978035, 0.5085859, 0.5074516, 0.50292146, 0.51131827, 0.50180435, 0.5091314, 0.5065526, 0.5078772, 0.50373685, 0.5145374, 0.51462346, 0.51432, 0.51492214, 0.5150731, 0.51192737, 0.5117624, 0.51351315, 0.51400524, 0.5156787, 0.5167947, 0.516977, 0.51279795, 0.5131055, 0.513159, 0.514382, 0.51234305, 0.51384795, 0.51537937, 0.51391834, 0.5135954, 0.5142951, 0.51572406, 0.5170683, 0.51226115, 0.5103695, 0.51022243, 0.5136549, 0.5100031, 0.51257885, 0.515544, 0.51671755, 0.513304, 0.5135371, 0.5164672, 0.51666784, 0.5169603, 0.5150196, 0.51572174, 0.5152027, 0.51456255, 0.5118226, 0.511495, 0.5159743, 0.51630217, 0.5163628, 0.51699656, 0.515443, 0.5144691, 0.514744, 0.5126597, 0.51307917, 0.5123258, 0.5145677, 0.5162395, 0.5171007, 0.51695895, 0.5131172, 0.5132976, 0.51291, 0.51242036, 0.5121662, 0.5157601, 0.5158987, 0.51564527, 0.5153169, 0.5159014, 0.5130799, 0.51532197, 0.5146372]
[0.50789165, 0.5094717, 0.50580794, 0.50372344, 0.50798, 0.5032328, 0.5089092, 0.5066876, 0.5071814, 0.5046815, 0.5130273, 0.5128748, 0.5120876, 0.5132929, 0.51275724, 0.51019955, 0.5102527, 0.5130039, 0.5131, 0.5137905, 0.5146398, 0.5146938, 0.51155204, 0.51178485, 0.5121993, 0.51325274, 0.51068276, 0.51220435, 0.5136093, 0.5123191, 0.51090163, 0.5128828, 0.5137414, 0.5142162, 0.51209533, 0.5109348, 0.510449, 0.51197773, 0.5092532, 0.5108509, 0.5130592, 0.5147948, 0.5113624, 0.5130286, 0.5141726, 0.5143448, 0.5142836, 0.51277894, 0.5133945, 0.5136551, 0.51290846, 0.50979704, 0.5099252, 0.51373273, 0.5141612, 0.514698, 0.51505184, 0.51370114, 0.5133951, 0.5134995, 0.5109846, 0.51269346, 0.51132286, 0.51171, 0.5133215, 0.51434374, 0.5145608, 0.51220834, 0.51205873, 0.5119283, 0.5122149, 0.51148915, 0.5149502, 0.5149999, 0.5145187, 0.51454496, 0.51419806, 0.51217705, 0.51300305, 0.51298976]
[0.5091385, 0.5082153, 0.5060991, 0.5013298, 0.5098123, 0.5019744, 0.5091466, 0.5070054, 0.50739866, 0.5015809, 0.5138289, 0.51400673, 0.5139508, 0.51492786, 0.5151033, 0.5116295, 0.51134205, 0.5138873, 0.51435685, 0.51528686, 0.51619136, 0.51668006, 0.5131933, 0.51354074, 0.51272076, 0.5143094, 0.5112862, 0.51329327, 0.5147424, 0.51374197, 0.51297605, 0.5139923, 0.5151905, 0.5162308, 0.5122454, 0.511372, 0.51100755, 0.5132025, 0.5099094, 0.512294, 0.514446, 0.5159914, 0.5125561, 0.5134117, 0.5162341, 0.5165894, 0.51611954, 0.51434356, 0.51503277, 0.514953, 0.51341456, 0.5119796, 0.51163816, 0.51565605, 0.5154084, 0.51590216, 0.5164063, 0.51543236, 0.51433724, 0.5149594, 0.5122086, 0.5130665, 0.5129498, 0.5139018, 0.51535815, 0.51599145, 0.51615417, 0.5132887, 0.5135026, 0.5131328, 0.5131946, 0.51261204, 0.5154603, 0.51566195, 0.51543945, 0.51509297, 0.5156493, 0.5134621, 0.51436925, 0.5144556]
[0.51098895, 0.51009834, 0.50812846, 0.5056735, 0.5112887, 0.505381, 0.5107709, 0.5095109, 0.5093444, 0.5058347, 0.5151189, 0.5153547, 0.5149598, 0.51542944, 0.51567906, 0.51295114, 0.5123714, 0.51482034, 0.5150377, 0.5159786, 0.51672024, 0.51693165, 0.5141372, 0.51451164, 0.51427776, 0.5151324, 0.5128698, 0.51457006, 0.5159342, 0.5146568, 0.5134233, 0.51493126, 0.51590616, 0.5167311, 0.51319045, 0.512052, 0.5118754, 0.51459366, 0.51123023, 0.5132722, 0.5157866, 0.51672786, 0.5136027, 0.5150425, 0.51658934, 0.5169634, 0.51718026, 0.5157012, 0.51609707, 0.51595074, 0.51475525, 0.51227015, 0.51240975, 0.5159949, 0.5163755, 0.5166435, 0.5170425, 0.5159141, 0.51552033, 0.5155531, 0.51344556, 0.5142382, 0.51332414, 0.5150537, 0.5162945, 0.51682615, 0.51720864, 0.5144658, 0.5142939, 0.5142396, 0.51385736, 0.5132807, 0.5163647, 0.5166251, 0.51618296, 0.5160727, 0.5163711, 0.51381487, 0.51540035, 0.5152676]
[0.5076415, 0.5055099, 0.50493073, 0.50062037, 0.5082036, 0.50128335, 0.50720364, 0.5051005, 0.50527483, 0.5026528, 0.51256025, 0.51274306, 0.51249045, 0.51318675, 0.51331663, 0.5101396, 0.5102829, 0.5126648, 0.5123326, 0.51353514, 0.51447874, 0.5147964, 0.5117397, 0.51215655, 0.5119471, 0.5129794, 0.5101119, 0.5118855, 0.5127215, 0.51255405, 0.5113365, 0.51260376, 0.5140682, 0.5148171, 0.51067775, 0.5091424, 0.50853634, 0.51103085, 0.5083241, 0.5107836, 0.5132467, 0.51458734, 0.5110946, 0.5113407, 0.51412904, 0.5143054, 0.5146833, 0.5132593, 0.5140216, 0.51383436, 0.51222056, 0.5103099, 0.51015335, 0.51395845, 0.51424044, 0.5147636, 0.5148793, 0.51345944, 0.5126406, 0.51282513, 0.5103978, 0.5113631, 0.51094776, 0.51226133, 0.51362157, 0.5148039, 0.51459247, 0.51185113, 0.51175, 0.5117685, 0.51128983, 0.5108145, 0.5145375, 0.514726, 0.5141954, 0.51315624, 0.51403695, 0.51138115, 0.51302224, 0.51225907]
[0.5085147, 0.50814503, 0.5062447, 0.5032184, 0.5094371, 0.50295323, 0.5085413, 0.5065102, 0.5064376, 0.5039931, 0.51258534, 0.5120433, 0.5116798, 0.51225567, 0.51203763, 0.5106313, 0.51044726, 0.5117852, 0.51252145, 0.5131626, 0.5136354, 0.51380277, 0.5108982, 0.5110536, 0.5114178, 0.512182, 0.51046807, 0.51126564, 0.51241726, 0.5118149, 0.5104572, 0.5118498, 0.5125808, 0.5134475, 0.51101637, 0.5101631, 0.50974697, 0.51137865, 0.50890636, 0.5104692, 0.51251274, 0.51363015, 0.51077485, 0.51176655, 0.5135356, 0.5137624, 0.51353675, 0.51268584, 0.5130686, 0.5123191, 0.511632, 0.5101971, 0.5097138, 0.512732, 0.5130491, 0.51338214, 0.51361257, 0.5123749, 0.5120288, 0.5124774, 0.5108718, 0.51163936, 0.51076317, 0.51216274, 0.51316863, 0.513825, 0.51363534, 0.5116858, 0.5111913, 0.51128834, 0.51115507, 0.510481, 0.51339537, 0.5133698, 0.5132189, 0.51287985, 0.51339024, 0.51136976, 0.5123726, 0.5123286]
[0.50760657, 0.5073865, 0.50602317, 0.50455767, 0.50830996, 0.50340295, 0.5072376, 0.5059273, 0.50613916, 0.5036682, 0.51020163, 0.5102971, 0.50960606, 0.5102064, 0.5098399, 0.5084565, 0.50837255, 0.50980645, 0.5100159, 0.5109004, 0.51134264, 0.5114597, 0.5089354, 0.509077, 0.50956774, 0.5099369, 0.5087775, 0.5095978, 0.5107933, 0.5091672, 0.5088452, 0.5097719, 0.51034206, 0.51119703, 0.50894016, 0.50848293, 0.5081811, 0.509625, 0.50738347, 0.50900495, 0.5104908, 0.51135045, 0.50894535, 0.5098794, 0.5111687, 0.5113588, 0.51103735, 0.5101555, 0.5106723, 0.5106065, 0.51026773, 0.50816363, 0.5079512, 0.51045364, 0.51071423, 0.5108867, 0.51096416, 0.5104795, 0.5101406, 0.5104086, 0.5090555, 0.50944155, 0.5086578, 0.5102768, 0.51091206, 0.5110481, 0.51137984, 0.5097107, 0.50903434, 0.50903463, 0.50864553, 0.50828034, 0.5105816, 0.51063865, 0.5105368, 0.51056284, 0.51096654, 0.5096184, 0.51032513, 0.5102817]
[0.5111596, 0.51048297, 0.5090361, 0.50443673, 0.5120348, 0.5046407, 0.510874, 0.50894576, 0.5100313, 0.5057625, 0.51518023, 0.5152005, 0.51557267, 0.51622, 0.51639706, 0.51314485, 0.51351166, 0.5154412, 0.5157206, 0.5172405, 0.5181602, 0.5182903, 0.5146996, 0.5150056, 0.5150086, 0.5159323, 0.5137728, 0.51547885, 0.51639533, 0.51508254, 0.5142968, 0.5156551, 0.51726353, 0.5180787, 0.5138777, 0.5127947, 0.51250917, 0.51490074, 0.51259774, 0.5140023, 0.5164966, 0.51730156, 0.5141909, 0.51493055, 0.517471, 0.5179535, 0.5177255, 0.5164297, 0.5169185, 0.516532, 0.51539606, 0.51297086, 0.51302433, 0.5171072, 0.51748645, 0.5177261, 0.5181233, 0.51651275, 0.5159303, 0.5165135, 0.5140464, 0.5148952, 0.5140925, 0.5151691, 0.5167135, 0.5174173, 0.51750976, 0.5147061, 0.5150215, 0.51457566, 0.5144706, 0.51369905, 0.5172294, 0.51747346, 0.51707155, 0.51662207, 0.5171516, 0.5150299, 0.51644963, 0.5158654]
[0.5058311, 0.5057195, 0.50458694, 0.5030421, 0.5063692, 0.50237554, 0.5057989, 0.5042583, 0.50441206, 0.5030546, 0.5078309, 0.5077658, 0.50695604, 0.507834, 0.50751066, 0.50641775, 0.5062963, 0.50743324, 0.5076184, 0.50817376, 0.50843155, 0.5084086, 0.50674343, 0.50698334, 0.5072094, 0.50754076, 0.50696313, 0.5074078, 0.5082586, 0.506994, 0.5064068, 0.5076003, 0.50806385, 0.50860655, 0.50680906, 0.506273, 0.5059651, 0.5072829, 0.5053284, 0.5065433, 0.5079929, 0.5086453, 0.50680125, 0.5075444, 0.5084633, 0.50853145, 0.50837773, 0.5079762, 0.50829864, 0.50795805, 0.50778943, 0.50626206, 0.5061747, 0.5079808, 0.5081338, 0.50817126, 0.5082584, 0.50796175, 0.5079158, 0.5078799, 0.5068203, 0.5074385, 0.5064908, 0.5076733, 0.50800914, 0.5084075, 0.5085294, 0.5076182, 0.5068947, 0.5068487, 0.50670254, 0.5063069, 0.5083385, 0.5083683, 0.5083315, 0.5083269, 0.5083224, 0.50741494, 0.5076308, 0.50759745]
[0.5099996, 0.50974315, 0.50664943, 0.50250393, 0.51022303, 0.50280094, 0.51045614, 0.50836504, 0.5076465, 0.5031616, 0.51443005, 0.5142106, 0.51342124, 0.5144582, 0.5145547, 0.5119972, 0.5115198, 0.5140787, 0.51445556, 0.5148538, 0.515903, 0.5159009, 0.5129549, 0.51328176, 0.5129221, 0.51427925, 0.51215494, 0.5134959, 0.5148223, 0.51406443, 0.51268226, 0.51399314, 0.5146228, 0.51537967, 0.51278955, 0.5118351, 0.51181483, 0.51320475, 0.51098263, 0.51222414, 0.51412845, 0.51528245, 0.51309067, 0.5135703, 0.5156436, 0.5161697, 0.5158092, 0.5144513, 0.51471317, 0.51451516, 0.5137309, 0.5119409, 0.5118378, 0.51452667, 0.5152323, 0.5157137, 0.51626664, 0.51502573, 0.5141131, 0.51456004, 0.5122558, 0.51335526, 0.513289, 0.5138397, 0.5152363, 0.51596445, 0.51586336, 0.5133998, 0.51351964, 0.5133848, 0.5132576, 0.51263076, 0.5153626, 0.5154937, 0.5150804, 0.5150815, 0.5156615, 0.51280004, 0.51412195, 0.5145567]
[0.5089352, 0.50808537, 0.5071763, 0.50359535, 0.50920534, 0.5043734, 0.50900865, 0.50756717, 0.5076582, 0.50448996, 0.5122413, 0.5124018, 0.5125753, 0.5129009, 0.51290846, 0.51086366, 0.5109004, 0.51241285, 0.51287997, 0.51364374, 0.51423115, 0.5145967, 0.5120662, 0.51224303, 0.51180947, 0.51275045, 0.51063675, 0.5117231, 0.51257706, 0.5122293, 0.5117782, 0.5122383, 0.5130188, 0.5143162, 0.5118013, 0.5109138, 0.5105292, 0.511863, 0.5099263, 0.5115083, 0.5127044, 0.51388115, 0.51141137, 0.5120282, 0.51403755, 0.5142848, 0.51404667, 0.51292336, 0.51346195, 0.512775, 0.51185054, 0.5109916, 0.51115155, 0.5135018, 0.51353973, 0.51395285, 0.5143572, 0.51312363, 0.5125719, 0.5129653, 0.51135755, 0.5120847, 0.5117102, 0.51252204, 0.5135116, 0.51415074, 0.5142101, 0.5118389, 0.5120573, 0.5121825, 0.5119583, 0.51165414, 0.51352954, 0.5137462, 0.5135374, 0.51333076, 0.51369655, 0.51186347, 0.51287144, 0.51293707]
[0.5099174, 0.5063107, 0.50807035, 0.4995303, 0.5102747, 0.50105697, 0.50921375, 0.5082079, 0.50762093, 0.50113815, 0.5137474, 0.51416755, 0.5137877, 0.5149999, 0.51509345, 0.51244265, 0.51257616, 0.5138455, 0.51445615, 0.5156594, 0.51656157, 0.51716876, 0.5135453, 0.51386034, 0.5138392, 0.5146275, 0.5116139, 0.5133195, 0.51428074, 0.5139457, 0.5132002, 0.5136584, 0.51496696, 0.5162415, 0.512178, 0.51157475, 0.51101124, 0.51345193, 0.5103423, 0.51309735, 0.5150054, 0.5162019, 0.5125864, 0.51304716, 0.51649153, 0.5167191, 0.5158803, 0.51533806, 0.5160973, 0.5152394, 0.5133695, 0.5121483, 0.5121841, 0.5154361, 0.5156553, 0.5162392, 0.5166736, 0.51481515, 0.514249, 0.514545, 0.51254165, 0.5130727, 0.51291776, 0.5146406, 0.51581824, 0.516157, 0.51650745, 0.5132296, 0.5132653, 0.5134422, 0.5129598, 0.5125985, 0.5148383, 0.51511574, 0.51496655, 0.51523626, 0.51580757, 0.5131671, 0.5145483, 0.5148436]
[0.50645006, 0.50635463, 0.5032548, 0.50204766, 0.50685555, 0.5016133, 0.50692916, 0.50553596, 0.5051492, 0.50227416, 0.51028544, 0.5103963, 0.509846, 0.5105628, 0.5106057, 0.50800526, 0.5075889, 0.51009065, 0.5102321, 0.5107832, 0.51149213, 0.51158553, 0.5092259, 0.5095563, 0.5089452, 0.51009035, 0.508421, 0.50959593, 0.5108736, 0.50981605, 0.5086864, 0.51022965, 0.51121414, 0.5116869, 0.50855565, 0.5076397, 0.5075691, 0.5092633, 0.50687, 0.50836575, 0.51037925, 0.5115105, 0.50908685, 0.5097016, 0.51122624, 0.51151055, 0.512044, 0.5103953, 0.5106979, 0.51082546, 0.5099699, 0.50788814, 0.507747, 0.5107808, 0.5110879, 0.51150167, 0.51186824, 0.5111904, 0.5104859, 0.510498, 0.50840515, 0.5090765, 0.50907344, 0.5098573, 0.5108677, 0.51173335, 0.51168764, 0.50959486, 0.509887, 0.5096017, 0.50934774, 0.5087691, 0.5112691, 0.5114987, 0.5111453, 0.5109519, 0.51153266, 0.509009, 0.5102364, 0.51018625]
[0.5072204, 0.5069936, 0.504553, 0.50117105, 0.5079489, 0.50077826, 0.507618, 0.5055286, 0.505496, 0.5020466, 0.5122602, 0.51201135, 0.51132804, 0.5126358, 0.51245815, 0.5092485, 0.5091341, 0.5118927, 0.5122117, 0.5129571, 0.51380527, 0.514088, 0.51070035, 0.51096827, 0.5108335, 0.5119178, 0.50981724, 0.5114207, 0.51253384, 0.51174325, 0.5100475, 0.5119552, 0.51301914, 0.51362354, 0.51029193, 0.5088001, 0.50831157, 0.51117224, 0.50840306, 0.510384, 0.5126256, 0.5137251, 0.51075226, 0.5116403, 0.5134408, 0.51381093, 0.5139423, 0.5124042, 0.51265264, 0.51264995, 0.5113404, 0.509411, 0.5095165, 0.5129657, 0.51361495, 0.51392365, 0.5142569, 0.51299804, 0.5125876, 0.51285315, 0.5100272, 0.5113148, 0.5104787, 0.5113939, 0.51265, 0.5138252, 0.51373386, 0.5114872, 0.5114181, 0.5111379, 0.5112487, 0.5104451, 0.5136502, 0.51378095, 0.5132714, 0.51289994, 0.513466, 0.51087004, 0.51210284, 0.5121394]
[0.50765985, 0.5080945, 0.5063933, 0.5026169, 0.50839454, 0.5028024, 0.5078103, 0.50633717, 0.50633705, 0.50255567, 0.511773, 0.511891, 0.5117103, 0.5114173, 0.5115694, 0.5099634, 0.5098958, 0.511629, 0.51207507, 0.51266694, 0.5133929, 0.5135851, 0.51041603, 0.5107027, 0.511037, 0.5119586, 0.5095932, 0.5105313, 0.51171994, 0.5118279, 0.51112, 0.511233, 0.51209193, 0.5131033, 0.5108176, 0.510051, 0.5096525, 0.5113983, 0.50908065, 0.5099186, 0.5118916, 0.51314884, 0.5103516, 0.51147556, 0.51316833, 0.5134029, 0.5129374, 0.5115222, 0.51229304, 0.5120842, 0.51102275, 0.5098504, 0.5099597, 0.5124795, 0.512767, 0.51312464, 0.51349443, 0.5118336, 0.51158065, 0.5121054, 0.51051944, 0.5112015, 0.5105273, 0.51161015, 0.51290464, 0.5133659, 0.51335853, 0.51082826, 0.5111225, 0.51117384, 0.5109733, 0.51070786, 0.51280403, 0.51281726, 0.51267195, 0.5124041, 0.5127987, 0.5107582, 0.51208025, 0.51196694]
[0.51173383, 0.51063335, 0.50895214, 0.50338894, 0.5127124, 0.50265044, 0.5108505, 0.5089233, 0.50913084, 0.5036661, 0.51758635, 0.51761717, 0.51627666, 0.51779395, 0.5177566, 0.5142085, 0.51373374, 0.5166234, 0.51709646, 0.51838744, 0.5196953, 0.5197679, 0.51524913, 0.51572716, 0.5155408, 0.51694816, 0.5144001, 0.5162088, 0.51803577, 0.5160294, 0.5151329, 0.5169343, 0.51845556, 0.51936877, 0.51471645, 0.5127541, 0.51222706, 0.51538235, 0.51158583, 0.5151796, 0.5178808, 0.5196068, 0.51518524, 0.5163459, 0.51924247, 0.5192198, 0.51967955, 0.5184353, 0.5186885, 0.5185773, 0.5167086, 0.51360357, 0.51343507, 0.5182677, 0.51872194, 0.519355, 0.51956654, 0.5180224, 0.51704484, 0.51735, 0.51502085, 0.51565284, 0.51499414, 0.51687425, 0.51870143, 0.51969254, 0.51974833, 0.5158749, 0.51541877, 0.51512164, 0.5148704, 0.51401603, 0.51874804, 0.51881814, 0.5186328, 0.5177584, 0.518538, 0.51573104, 0.51780206, 0.5167999]
[0.51095194, 0.5091463, 0.5076969, 0.5032667, 0.51190597, 0.50294316, 0.5098309, 0.50674176, 0.5086497, 0.5034676, 0.51566386, 0.5153601, 0.5151594, 0.5157234, 0.5157215, 0.5132291, 0.51282847, 0.5150882, 0.51600033, 0.5170469, 0.51822966, 0.518409, 0.5140909, 0.5142923, 0.5145954, 0.5156215, 0.51281863, 0.51514655, 0.5159381, 0.5143148, 0.5137613, 0.5153012, 0.5163618, 0.51720244, 0.51327354, 0.51172477, 0.5114597, 0.514659, 0.51106954, 0.51334333, 0.5164476, 0.51796705, 0.5136913, 0.5147446, 0.51765627, 0.5182341, 0.5174906, 0.5163834, 0.5171974, 0.51615405, 0.5150872, 0.51260316, 0.5124883, 0.5168699, 0.51717126, 0.5174903, 0.5179187, 0.51634187, 0.51549816, 0.5166867, 0.51406085, 0.5150798, 0.5135466, 0.5154621, 0.5172543, 0.5176878, 0.51785904, 0.5141934, 0.5140179, 0.5142212, 0.51389956, 0.51288056, 0.5166785, 0.51688296, 0.5169137, 0.51682115, 0.51756805, 0.514409, 0.5159894, 0.51566124]
[0.5090788, 0.50783247, 0.50802875, 0.5017042, 0.50917166, 0.5047084, 0.5086761, 0.5081582, 0.50773066, 0.505062, 0.5130737, 0.5130989, 0.5138173, 0.5133681, 0.5137986, 0.5119177, 0.51206857, 0.5137253, 0.5142524, 0.51458466, 0.5155135, 0.5157198, 0.51312417, 0.51344573, 0.5133684, 0.5141703, 0.5113294, 0.51294494, 0.5128973, 0.51389855, 0.5134751, 0.5129689, 0.5144252, 0.51497144, 0.5120454, 0.5115852, 0.5110123, 0.51288444, 0.5112295, 0.5126095, 0.5141166, 0.51509684, 0.5124319, 0.5128114, 0.5150307, 0.51522857, 0.5153728, 0.51413345, 0.51480013, 0.51469326, 0.5123443, 0.51210994, 0.5127856, 0.5150592, 0.51512945, 0.5154937, 0.5161449, 0.5140128, 0.5133222, 0.51353544, 0.51203525, 0.5128039, 0.51317656, 0.513221, 0.51469314, 0.51548386, 0.51549685, 0.5125361, 0.5131817, 0.51351494, 0.51299137, 0.5124404, 0.51525974, 0.5155484, 0.51502454, 0.5142022, 0.51505876, 0.5122409, 0.51375264, 0.5138393]
[0.50698185, 0.5052694, 0.50520146, 0.5026112, 0.5076798, 0.5025065, 0.5068636, 0.50532186, 0.50604063, 0.5034409, 0.50970393, 0.5096222, 0.5091173, 0.5099054, 0.5099707, 0.5083125, 0.50797224, 0.5093172, 0.5096189, 0.5102714, 0.5108961, 0.51087266, 0.5087471, 0.50890905, 0.5090181, 0.50950795, 0.50849664, 0.509145, 0.51000655, 0.50897986, 0.5082813, 0.5095175, 0.51012146, 0.510638, 0.5082206, 0.5071949, 0.50710183, 0.50900084, 0.50718194, 0.5084145, 0.5101127, 0.5106983, 0.50899005, 0.5092666, 0.51075417, 0.51083827, 0.51081514, 0.5099733, 0.51033396, 0.5100348, 0.5095577, 0.50772196, 0.5075363, 0.5101535, 0.5102837, 0.510541, 0.5107706, 0.5099544, 0.5097964, 0.5100472, 0.50851005, 0.509064, 0.5084982, 0.5094664, 0.5104645, 0.5107494, 0.5107341, 0.5087985, 0.5090757, 0.508927, 0.50864553, 0.50817585, 0.50990856, 0.50999933, 0.50996184, 0.5102067, 0.51059884, 0.5088434, 0.50986135, 0.5096066]
[0.51005983, 0.5092719, 0.50643915, 0.50401205, 0.5107354, 0.50179094, 0.50945204, 0.50695854, 0.50735563, 0.50323045, 0.514738, 0.515057, 0.5137443, 0.51484644, 0.5148751, 0.5117507, 0.51097816, 0.51412886, 0.514216, 0.5153055, 0.51626664, 0.5165133, 0.5126765, 0.513202, 0.5127807, 0.51417863, 0.5119918, 0.51365906, 0.5154792, 0.51341915, 0.51199585, 0.5147633, 0.5154748, 0.5163302, 0.5118774, 0.5102542, 0.5098249, 0.5130624, 0.5092683, 0.51215714, 0.5149605, 0.5158367, 0.51269245, 0.51378, 0.51611286, 0.51640046, 0.5164108, 0.51467484, 0.5152787, 0.5154411, 0.5139921, 0.5116373, 0.5111545, 0.51530105, 0.5155363, 0.5158835, 0.5163757, 0.5151015, 0.51508576, 0.5152723, 0.5121039, 0.5135043, 0.51209223, 0.5138954, 0.5154054, 0.5163522, 0.51645046, 0.51347715, 0.5130958, 0.5131318, 0.51262206, 0.5118686, 0.5161266, 0.5160278, 0.5156332, 0.5151435, 0.5157067, 0.5131157, 0.5142753, 0.51414603]
[0.5084974, 0.5092684, 0.5066586, 0.5029167, 0.5095347, 0.5028941, 0.50890607, 0.50687647, 0.50681126, 0.50346535, 0.51325506, 0.5135757, 0.5129347, 0.51279604, 0.5130524, 0.5107694, 0.5107223, 0.5131484, 0.5135168, 0.5146236, 0.515831, 0.51594526, 0.51211166, 0.51245016, 0.5124667, 0.5134312, 0.51117325, 0.5119961, 0.51377326, 0.51360303, 0.51288426, 0.51281965, 0.5137975, 0.51517797, 0.51273084, 0.5112816, 0.51106495, 0.51325625, 0.51045585, 0.51124084, 0.5137384, 0.51488787, 0.51223564, 0.51319057, 0.5152156, 0.51529634, 0.5151681, 0.5130719, 0.5138408, 0.51350623, 0.5127788, 0.5112483, 0.51126444, 0.5143766, 0.51470774, 0.5152589, 0.5158878, 0.5137473, 0.5134118, 0.5136663, 0.5116291, 0.5126563, 0.5120867, 0.5131062, 0.5149352, 0.51556015, 0.51548094, 0.51253563, 0.51265615, 0.5125773, 0.5124291, 0.5119601, 0.5147592, 0.51478404, 0.5144325, 0.5142477, 0.5144535, 0.5120653, 0.5137446, 0.5141062]
[0.51258034, 0.50976235, 0.51033556, 0.5058523, 0.5138374, 0.5037168, 0.5112279, 0.5090194, 0.51132965, 0.5059142, 0.5178681, 0.51774716, 0.51726925, 0.5186103, 0.5186647, 0.5147562, 0.5149287, 0.51728207, 0.5178645, 0.51937306, 0.52074987, 0.52073634, 0.51664877, 0.5170173, 0.5170298, 0.5180671, 0.5155107, 0.5174348, 0.5181871, 0.5170228, 0.5158689, 0.51804626, 0.51951617, 0.52080196, 0.51484054, 0.5128053, 0.5127202, 0.5166181, 0.5128289, 0.51537436, 0.5189783, 0.5202622, 0.5163121, 0.5168432, 0.52042973, 0.5206061, 0.5203622, 0.5193384, 0.5198855, 0.519131, 0.51772076, 0.51366377, 0.5139573, 0.51949793, 0.52004445, 0.5202768, 0.5205525, 0.519203, 0.5181407, 0.5184698, 0.5159695, 0.5169283, 0.5155641, 0.5180534, 0.51947004, 0.52051157, 0.5204867, 0.5159039, 0.5166479, 0.51596904, 0.5160722, 0.5148506, 0.5191976, 0.5196058, 0.519284, 0.5189926, 0.52003103, 0.516259, 0.51900154, 0.51757544]
[0.5116743, 0.50990564, 0.5092061, 0.5027999, 0.5129888, 0.50153285, 0.5101972, 0.50864786, 0.50992334, 0.5046262, 0.5156655, 0.51545393, 0.5149774, 0.5166795, 0.5163992, 0.51333624, 0.5128627, 0.5148068, 0.515469, 0.5168511, 0.51781386, 0.51797944, 0.5141201, 0.5143023, 0.51419, 0.51560825, 0.5133809, 0.51558775, 0.51695925, 0.5149024, 0.5139913, 0.5161418, 0.517121, 0.5179212, 0.5128988, 0.5114777, 0.51132506, 0.51467776, 0.511095, 0.5137003, 0.51657397, 0.51744056, 0.51397043, 0.51465756, 0.51745856, 0.51790464, 0.51803464, 0.5169178, 0.51718694, 0.51662725, 0.5153432, 0.51280826, 0.51227057, 0.5172043, 0.517348, 0.51788825, 0.51803404, 0.51654667, 0.5158426, 0.5163032, 0.5138265, 0.5147074, 0.5137458, 0.51564753, 0.51693875, 0.51795906, 0.5177719, 0.5142572, 0.5143644, 0.5141813, 0.51384133, 0.51288027, 0.51698136, 0.5170832, 0.516826, 0.51641583, 0.5168968, 0.51445, 0.5164275, 0.5152736]
[0.5106612, 0.5091305, 0.5086124, 0.50298667, 0.5110451, 0.50513977, 0.50972605, 0.5080563, 0.50924116, 0.50490934, 0.513815, 0.5141693, 0.5137339, 0.51457727, 0.5146544, 0.5125339, 0.5123666, 0.5137127, 0.5142569, 0.51573664, 0.5167345, 0.51685184, 0.5129761, 0.513165, 0.5131689, 0.5141837, 0.5123588, 0.51358676, 0.51434666, 0.5133704, 0.5136063, 0.5139116, 0.51484615, 0.51599795, 0.51266927, 0.5114513, 0.5111337, 0.5135389, 0.51086336, 0.5129201, 0.51500916, 0.5159022, 0.5131375, 0.51332325, 0.5156932, 0.5162443, 0.5159824, 0.5148734, 0.51561004, 0.5146134, 0.5140015, 0.51179886, 0.51204765, 0.5150843, 0.5153137, 0.5158392, 0.51618874, 0.5148444, 0.5143885, 0.5147817, 0.5131543, 0.5134754, 0.51266074, 0.514487, 0.5158926, 0.5160658, 0.51627284, 0.5131577, 0.5131043, 0.5129576, 0.51284313, 0.51239616, 0.51475227, 0.5149794, 0.51487046, 0.5151326, 0.5155615, 0.5135299, 0.514444, 0.5146108]
[0.509045, 0.50863475, 0.507078, 0.5055896, 0.5097378, 0.50493246, 0.5085312, 0.50758904, 0.5076186, 0.50604767, 0.51206183, 0.5120268, 0.51147205, 0.5125141, 0.5122696, 0.5098018, 0.5096583, 0.51153785, 0.51196885, 0.5127167, 0.5132535, 0.51337606, 0.51091266, 0.5110738, 0.51098233, 0.51190853, 0.510438, 0.51172495, 0.51285225, 0.5115191, 0.5107641, 0.51215893, 0.5129997, 0.51330715, 0.51038796, 0.50956124, 0.5095504, 0.5115349, 0.5091016, 0.51073766, 0.5124076, 0.51295805, 0.51084095, 0.5114313, 0.5129123, 0.51311773, 0.5134983, 0.51243323, 0.5126753, 0.5125532, 0.51178324, 0.5102344, 0.50985926, 0.5130346, 0.51334745, 0.5134911, 0.51382846, 0.5126455, 0.51250756, 0.5125767, 0.510605, 0.5113292, 0.5104909, 0.5117684, 0.512744, 0.5133333, 0.51329184, 0.51139385, 0.5109657, 0.5110239, 0.51056147, 0.51020724, 0.5134636, 0.51339674, 0.5129916, 0.5126321, 0.51306915, 0.5111626, 0.5121773, 0.51177424]
[0.51101416, 0.5102225, 0.5084484, 0.50538135, 0.5125268, 0.5041607, 0.509887, 0.50853974, 0.5082174, 0.5054408, 0.5167175, 0.51670444, 0.5152347, 0.51629174, 0.5165866, 0.51334035, 0.5123475, 0.51562244, 0.5161752, 0.5173435, 0.5181913, 0.5185143, 0.51385635, 0.5141819, 0.5145116, 0.5159507, 0.51368004, 0.5152228, 0.51745933, 0.51541257, 0.51386875, 0.5162411, 0.51760405, 0.5187245, 0.5134534, 0.51168627, 0.51142496, 0.5149567, 0.5108091, 0.5139089, 0.51736325, 0.51858723, 0.51419544, 0.5151319, 0.5178704, 0.5185531, 0.5188011, 0.51730275, 0.5174474, 0.51757276, 0.51597774, 0.51247114, 0.5120905, 0.5170981, 0.5180328, 0.51858896, 0.5187427, 0.516794, 0.51641804, 0.5167094, 0.5141438, 0.5146279, 0.51352906, 0.51605046, 0.517886, 0.51873374, 0.51935863, 0.51480365, 0.5145121, 0.5137432, 0.5137647, 0.5128885, 0.51810306, 0.5180833, 0.51765066, 0.5170692, 0.5178183, 0.51441914, 0.51644963, 0.51597226]
[0.5095789, 0.50819874, 0.50647473, 0.503089, 0.510425, 0.50254154, 0.50927895, 0.5076303, 0.50739485, 0.5039548, 0.5138687, 0.5140841, 0.5138821, 0.51443905, 0.5146264, 0.5115322, 0.5112106, 0.51339656, 0.51393396, 0.51497674, 0.5156732, 0.51594764, 0.5127499, 0.5132259, 0.5129118, 0.513944, 0.5114774, 0.5133127, 0.51448435, 0.51319194, 0.51212555, 0.51380295, 0.51508635, 0.51584524, 0.5113728, 0.5105651, 0.50998527, 0.51289696, 0.50978655, 0.51176196, 0.5146625, 0.51578563, 0.51218337, 0.5132339, 0.5153637, 0.5157381, 0.5156289, 0.5141769, 0.515088, 0.51459426, 0.5132112, 0.51158714, 0.51146936, 0.51495534, 0.5149505, 0.515198, 0.515629, 0.5146272, 0.51435727, 0.51464325, 0.5117038, 0.51299864, 0.5118783, 0.5135154, 0.514659, 0.5155444, 0.5157636, 0.51320744, 0.51285356, 0.5131183, 0.5124251, 0.51204455, 0.5156262, 0.5157397, 0.5154365, 0.51455206, 0.51546127, 0.5128699, 0.51394063, 0.51364756]
[0.50744474, 0.50684613, 0.50563437, 0.5039433, 0.50783527, 0.50331664, 0.50719, 0.506508, 0.5062624, 0.50417334, 0.5108421, 0.5107107, 0.5106879, 0.5110493, 0.51137793, 0.5088096, 0.50847054, 0.5107741, 0.5111082, 0.51156664, 0.5123535, 0.51240647, 0.50996983, 0.5103017, 0.5101547, 0.51095057, 0.5088795, 0.5105215, 0.51107943, 0.51090175, 0.50971097, 0.510887, 0.5118166, 0.5121599, 0.5095027, 0.50834554, 0.50832444, 0.51041746, 0.5082325, 0.5094509, 0.5111757, 0.5122068, 0.5097273, 0.5101672, 0.51211286, 0.5121891, 0.5126473, 0.5112173, 0.51146513, 0.51158124, 0.5102346, 0.50927, 0.50908095, 0.5119151, 0.5121185, 0.5124092, 0.512816, 0.5114626, 0.5111514, 0.5114782, 0.50911075, 0.5101302, 0.5100436, 0.51045036, 0.51167417, 0.5124199, 0.5124695, 0.5101661, 0.5103242, 0.5103108, 0.51003474, 0.5095407, 0.5123514, 0.51256686, 0.51213783, 0.5113515, 0.5118209, 0.50957036, 0.5111017, 0.51057786]
[0.51009166, 0.5106942, 0.50676394, 0.5048021, 0.51080894, 0.50438017, 0.51092106, 0.5084992, 0.50889313, 0.50431764, 0.5145639, 0.5145033, 0.5145515, 0.5144718, 0.51465863, 0.5122187, 0.51196945, 0.51438814, 0.5148868, 0.5156049, 0.5167687, 0.5166, 0.5134117, 0.5136427, 0.5138596, 0.514733, 0.5123986, 0.5137223, 0.5150457, 0.51418024, 0.5131191, 0.5144479, 0.5152963, 0.51592094, 0.51367176, 0.51231176, 0.51213497, 0.51419026, 0.5118088, 0.51256335, 0.51456195, 0.51628315, 0.51343757, 0.5142111, 0.5157076, 0.51612234, 0.51602274, 0.51441795, 0.5148566, 0.51480156, 0.51427424, 0.51239336, 0.5121449, 0.5158603, 0.51588166, 0.51615167, 0.51671416, 0.5152321, 0.51471496, 0.5155661, 0.5127458, 0.5140562, 0.5136177, 0.51380867, 0.5155111, 0.51615363, 0.51608366, 0.51349217, 0.5140889, 0.51381385, 0.5138477, 0.5132651, 0.51619625, 0.51612395, 0.5157888, 0.51589423, 0.51607513, 0.5136734, 0.51483357, 0.51487154]
[0.50869036, 0.5077207, 0.5055085, 0.50266254, 0.5093628, 0.5021332, 0.508751, 0.50679785, 0.5071872, 0.50365514, 0.51379687, 0.51345766, 0.5131544, 0.5140326, 0.51419544, 0.51066905, 0.51083034, 0.51332456, 0.5139122, 0.5145265, 0.5156527, 0.5159932, 0.51255596, 0.5127468, 0.51232976, 0.5135611, 0.5109338, 0.51291317, 0.51389295, 0.5136683, 0.5119022, 0.5136434, 0.51497734, 0.51524025, 0.5109356, 0.5098247, 0.50970906, 0.51238805, 0.5096383, 0.5117247, 0.5138862, 0.5150683, 0.512552, 0.5127788, 0.5151174, 0.51534367, 0.51591295, 0.514382, 0.51456594, 0.5142303, 0.5131385, 0.5110727, 0.511332, 0.51468796, 0.5151469, 0.5156421, 0.51599085, 0.5146939, 0.51402825, 0.5140057, 0.5113672, 0.5122937, 0.5122332, 0.51296276, 0.51450086, 0.5156993, 0.51544744, 0.5129315, 0.5129442, 0.5131297, 0.5124337, 0.51193243, 0.5156762, 0.51584065, 0.5151758, 0.5144445, 0.5153352, 0.5120259, 0.5136404, 0.51335627]
[0.50663584, 0.50634235, 0.5042058, 0.50065434, 0.5068612, 0.5011623, 0.50685835, 0.50495803, 0.50556827, 0.5007939, 0.5109828, 0.5108397, 0.51026523, 0.51120967, 0.51098967, 0.5086065, 0.50853604, 0.5107422, 0.51120067, 0.51207656, 0.51283777, 0.51297104, 0.5099147, 0.5101413, 0.51004565, 0.51093495, 0.5088821, 0.51036596, 0.5115007, 0.5103566, 0.50934494, 0.5107741, 0.51181763, 0.51254934, 0.5094998, 0.50822294, 0.5080775, 0.510164, 0.5072788, 0.50927895, 0.51116925, 0.5128652, 0.5094998, 0.5106326, 0.51266485, 0.51284754, 0.51264966, 0.5115428, 0.5119164, 0.5115535, 0.51043415, 0.50846785, 0.50849754, 0.51193076, 0.5122345, 0.5128878, 0.5129796, 0.5117333, 0.5108959, 0.5116352, 0.5096048, 0.51037866, 0.5095796, 0.51068085, 0.51196694, 0.5126612, 0.5128266, 0.50994724, 0.51011616, 0.5100461, 0.50986326, 0.5091566, 0.5120765, 0.512285, 0.5121204, 0.51186204, 0.51244986, 0.50991726, 0.5112051, 0.5111021]
[0.5112307, 0.5116106, 0.5089914, 0.50715595, 0.51207316, 0.50541615, 0.51141095, 0.509742, 0.5091061, 0.50642616, 0.51608866, 0.5160219, 0.5151442, 0.51596206, 0.5162186, 0.5134836, 0.512811, 0.5153561, 0.5159548, 0.5167206, 0.5175118, 0.5179084, 0.5141903, 0.5143513, 0.51451725, 0.51545334, 0.5134534, 0.51482636, 0.5162488, 0.5151126, 0.5140979, 0.5155772, 0.51652485, 0.5171257, 0.5137295, 0.5127585, 0.5122104, 0.5150644, 0.5118151, 0.51399875, 0.5161653, 0.5175803, 0.5140826, 0.51527655, 0.51711255, 0.5174788, 0.51777923, 0.51602244, 0.5163376, 0.51620066, 0.51556194, 0.51290685, 0.5128298, 0.5160811, 0.5168891, 0.5171219, 0.51740223, 0.5163546, 0.51596504, 0.51610935, 0.51422626, 0.5147254, 0.5140759, 0.51517653, 0.5166243, 0.5174831, 0.5175928, 0.51478446, 0.51460093, 0.5144295, 0.5140947, 0.51333696, 0.5168951, 0.51709443, 0.5167316, 0.5164391, 0.51725644, 0.5146274, 0.5157642, 0.5159064]
[0.51065737, 0.50886494, 0.5081472, 0.503427, 0.5116613, 0.50266623, 0.5108202, 0.50883126, 0.50961655, 0.5025928, 0.5159091, 0.516113, 0.515382, 0.51635426, 0.5166608, 0.51365274, 0.5139275, 0.5161242, 0.51641333, 0.51763886, 0.5184208, 0.5187056, 0.5153356, 0.51549625, 0.5157522, 0.5165707, 0.51350486, 0.51539576, 0.51617754, 0.51518476, 0.513781, 0.515961, 0.5170744, 0.5184752, 0.5143896, 0.51310104, 0.5125393, 0.5149668, 0.5117484, 0.5141341, 0.51731324, 0.5185848, 0.51432717, 0.5157062, 0.5183206, 0.51862025, 0.5179849, 0.5168672, 0.51745427, 0.51723415, 0.51562214, 0.5128801, 0.51275146, 0.5176712, 0.5179003, 0.5179877, 0.5182094, 0.51680607, 0.5161823, 0.5171883, 0.51424354, 0.51553047, 0.5143044, 0.5159336, 0.51751673, 0.5180577, 0.51816106, 0.5150641, 0.5152922, 0.51533055, 0.51508534, 0.5144462, 0.5175298, 0.5178434, 0.51775926, 0.5173647, 0.51822126, 0.5155648, 0.5167789, 0.51624167]
[0.50717247, 0.50598705, 0.5046826, 0.5007827, 0.5074741, 0.500902, 0.50658894, 0.50524974, 0.50635463, 0.5011876, 0.51086444, 0.5110793, 0.5108121, 0.5114762, 0.51141155, 0.5087745, 0.50893074, 0.51119304, 0.51157135, 0.5122493, 0.51320934, 0.51321656, 0.5104706, 0.51064634, 0.5105184, 0.51156706, 0.50919604, 0.5108737, 0.5114676, 0.5107749, 0.50979036, 0.5110397, 0.5121434, 0.5127949, 0.5094696, 0.50876033, 0.508668, 0.5105009, 0.508118, 0.5097828, 0.51181203, 0.51282996, 0.5097874, 0.5107479, 0.5128752, 0.5130541, 0.5127123, 0.5118011, 0.5122819, 0.5119706, 0.51045823, 0.5089942, 0.5092108, 0.51241285, 0.51275235, 0.5129154, 0.5133997, 0.5119983, 0.5114668, 0.51197016, 0.50947917, 0.51074845, 0.5100627, 0.5108741, 0.51230305, 0.51265854, 0.51288, 0.5104787, 0.51068074, 0.5104389, 0.510438, 0.50974077, 0.5127439, 0.51291627, 0.5125295, 0.5122201, 0.51267356, 0.51032287, 0.5112218, 0.5115503]
[0.5073957, 0.507308, 0.50464267, 0.5020304, 0.5074072, 0.5014013, 0.5066539, 0.5062699, 0.5049639, 0.50155973, 0.51230586, 0.5121987, 0.5119671, 0.51197207, 0.5126423, 0.50974834, 0.50906855, 0.5114878, 0.5121765, 0.51277417, 0.51366806, 0.5139604, 0.5108276, 0.5110353, 0.51069266, 0.51200235, 0.50960904, 0.51084864, 0.51206964, 0.51211184, 0.51121396, 0.5117084, 0.51285905, 0.5132853, 0.5098657, 0.5090222, 0.5089668, 0.51168025, 0.5080585, 0.5104089, 0.5124, 0.51332235, 0.5101655, 0.511001, 0.51327163, 0.51353246, 0.51405185, 0.5120775, 0.5125358, 0.51272416, 0.51107836, 0.50994897, 0.50955486, 0.51281923, 0.5130381, 0.5132162, 0.5142547, 0.5125728, 0.5120983, 0.5122653, 0.5101012, 0.5106887, 0.5107013, 0.5114779, 0.51289344, 0.5137741, 0.5140233, 0.5111664, 0.51125926, 0.51106054, 0.51079506, 0.51003635, 0.5135439, 0.5136091, 0.51321393, 0.5124885, 0.51315594, 0.51048946, 0.51193523, 0.5121296]
[0.5099783, 0.50899374, 0.5094798, 0.5032224, 0.5111781, 0.5043644, 0.51140374, 0.5088253, 0.50986576, 0.50576454, 0.51562667, 0.51582897, 0.51518726, 0.5168772, 0.5165188, 0.5130673, 0.5138733, 0.51592505, 0.5158398, 0.51764864, 0.5187397, 0.5189113, 0.51518434, 0.5153847, 0.5155894, 0.51630867, 0.5140273, 0.514991, 0.5164132, 0.51488805, 0.5138265, 0.5161317, 0.5175683, 0.519255, 0.5145794, 0.51287305, 0.5121443, 0.5142474, 0.5115471, 0.5135948, 0.517074, 0.51869017, 0.51446235, 0.5159804, 0.51858485, 0.51860017, 0.5179919, 0.5168075, 0.5180263, 0.51728654, 0.516352, 0.5124111, 0.51283264, 0.51757646, 0.5177097, 0.5180195, 0.5184837, 0.51695967, 0.5160803, 0.5165729, 0.51361734, 0.5149427, 0.5145309, 0.51561904, 0.51704425, 0.5181027, 0.5180283, 0.51503783, 0.5155084, 0.5154493, 0.5151807, 0.5148415, 0.5173651, 0.5175765, 0.5174706, 0.5178521, 0.5181811, 0.5159353, 0.516887, 0.51633495]
[0.50929207, 0.50803405, 0.50584316, 0.501247, 0.50993407, 0.50011104, 0.5087989, 0.50645506, 0.50733495, 0.5013931, 0.51325464, 0.51321507, 0.5125234, 0.51345444, 0.5134165, 0.510998, 0.5101407, 0.5124904, 0.5132085, 0.5141589, 0.51517785, 0.5151904, 0.5116201, 0.5119427, 0.5117455, 0.51282525, 0.51105, 0.51273775, 0.51406056, 0.5120414, 0.5113292, 0.5133768, 0.5139502, 0.51480097, 0.5109322, 0.5098651, 0.5097114, 0.51221836, 0.50879323, 0.51090574, 0.5138777, 0.51493824, 0.5118857, 0.5124365, 0.51481116, 0.5153862, 0.51519364, 0.5135274, 0.5142255, 0.5137872, 0.5129054, 0.510467, 0.51005226, 0.5140505, 0.51431245, 0.5148165, 0.51483554, 0.51384574, 0.5135523, 0.5139167, 0.5115657, 0.51242006, 0.510913, 0.5129085, 0.51441413, 0.51504016, 0.51522297, 0.5122114, 0.51167095, 0.5116791, 0.5113677, 0.51057917, 0.5142923, 0.514437, 0.51433635, 0.5141588, 0.5146322, 0.5115454, 0.51327795, 0.5129043]
[0.5067275, 0.50644433, 0.5050154, 0.5031999, 0.5072196, 0.50374895, 0.50651044, 0.5054163, 0.50586075, 0.5037852, 0.50923866, 0.5093919, 0.5091156, 0.5094667, 0.5096581, 0.5077359, 0.50746673, 0.50893354, 0.5090212, 0.5097508, 0.5103003, 0.5105291, 0.5081921, 0.5083668, 0.50844336, 0.50897, 0.50777173, 0.5089497, 0.5096663, 0.50861967, 0.5080079, 0.50919366, 0.5098924, 0.5103972, 0.5077078, 0.50699234, 0.5067989, 0.5085009, 0.5067615, 0.5079603, 0.5097706, 0.5104034, 0.5084127, 0.50903916, 0.51024836, 0.5104658, 0.51039416, 0.5096667, 0.50980115, 0.50976765, 0.5090128, 0.5073724, 0.5073272, 0.5098862, 0.51002043, 0.51010084, 0.5104371, 0.5096461, 0.50951934, 0.50978917, 0.5084423, 0.5088957, 0.5080636, 0.5088691, 0.50994307, 0.5103231, 0.51049906, 0.50829875, 0.50867856, 0.5084229, 0.5082688, 0.5077387, 0.50988823, 0.5099311, 0.50982666, 0.5097062, 0.51006955, 0.5084956, 0.50932586, 0.5093177]
[0.5086152, 0.5074027, 0.5052085, 0.5016773, 0.50899994, 0.50092405, 0.5084627, 0.50623435, 0.50637335, 0.5017836, 0.51354086, 0.5138073, 0.51329356, 0.5141053, 0.5140696, 0.5106533, 0.51022875, 0.51335716, 0.51360434, 0.514232, 0.5157533, 0.51562124, 0.51269644, 0.5131422, 0.5120814, 0.51375777, 0.510847, 0.5129802, 0.51422596, 0.51329684, 0.5123008, 0.513889, 0.5148241, 0.5155734, 0.5113353, 0.5101379, 0.50985986, 0.51243436, 0.509282, 0.51170754, 0.5135873, 0.5154573, 0.5119485, 0.512775, 0.5153258, 0.51558864, 0.51588845, 0.51393384, 0.5143741, 0.5145042, 0.512707, 0.510868, 0.51091075, 0.51453996, 0.51504505, 0.515727, 0.51614755, 0.5146699, 0.51371014, 0.51413935, 0.51138145, 0.5123937, 0.51225376, 0.51300335, 0.5146618, 0.5155783, 0.5156049, 0.5123801, 0.5129955, 0.51269996, 0.51251525, 0.51190925, 0.51537687, 0.51566434, 0.515083, 0.5142317, 0.5154141, 0.512112, 0.51381373, 0.51342237]
[0.5083607, 0.5085061, 0.5069277, 0.5017723, 0.5084746, 0.5020413, 0.5082529, 0.5072969, 0.50539726, 0.50164914, 0.51330686, 0.51359755, 0.51270294, 0.51360196, 0.51328295, 0.51042354, 0.5102076, 0.51314473, 0.5132339, 0.51396674, 0.51502013, 0.51518863, 0.51214707, 0.5124342, 0.5120616, 0.51335084, 0.5105517, 0.5119909, 0.5136103, 0.5126749, 0.5118729, 0.5128856, 0.5140318, 0.51491356, 0.51129204, 0.51038224, 0.51008195, 0.5122814, 0.50893867, 0.511344, 0.51356936, 0.5151017, 0.5111659, 0.51247174, 0.5147327, 0.5145387, 0.5151875, 0.51359624, 0.5141757, 0.51408774, 0.5127551, 0.51062095, 0.51076794, 0.51408565, 0.5145062, 0.51489264, 0.51540715, 0.51380855, 0.5134512, 0.51308167, 0.5111572, 0.5121815, 0.51175404, 0.51279074, 0.5142541, 0.5151699, 0.5153595, 0.5125022, 0.51197785, 0.5121243, 0.51153183, 0.5115741, 0.5150997, 0.5152098, 0.51452684, 0.5138318, 0.5144977, 0.51188004, 0.5132076, 0.51302004]
[0.51192707, 0.5106113, 0.5095457, 0.5037231, 0.5126676, 0.5046056, 0.5111647, 0.5104406, 0.510171, 0.5050149, 0.51698613, 0.5170381, 0.5167446, 0.51713586, 0.517831, 0.5147486, 0.51474017, 0.5167412, 0.5171963, 0.5183949, 0.51946735, 0.519794, 0.5159496, 0.5160979, 0.51616174, 0.5169737, 0.5145651, 0.5160358, 0.51704186, 0.51720554, 0.5161077, 0.5166114, 0.5182574, 0.5196822, 0.51543885, 0.51359653, 0.5131418, 0.5159395, 0.51281536, 0.51544744, 0.51744723, 0.5191317, 0.5155615, 0.5157571, 0.51895404, 0.5190308, 0.51943594, 0.517716, 0.5182359, 0.5182371, 0.5165781, 0.5138809, 0.5143286, 0.5181182, 0.5185005, 0.51883477, 0.51966476, 0.5175786, 0.5168745, 0.5172292, 0.51508313, 0.515514, 0.51559186, 0.51699233, 0.5186815, 0.5195279, 0.51934826, 0.51562494, 0.51614666, 0.5158275, 0.51557684, 0.51499563, 0.5182065, 0.5184602, 0.51804143, 0.51751983, 0.5187234, 0.5157007, 0.517703, 0.51709783]
[0.50876665, 0.5077221, 0.5072345, 0.5030115, 0.50931394, 0.50371706, 0.50928915, 0.5078195, 0.50807756, 0.5044893, 0.5130769, 0.5132141, 0.5131236, 0.51379675, 0.5138617, 0.5112058, 0.5116367, 0.51358765, 0.51384145, 0.5148821, 0.515719, 0.5160492, 0.51300603, 0.51321906, 0.51279145, 0.51385367, 0.5113027, 0.51275694, 0.51338434, 0.5132968, 0.51224256, 0.5133774, 0.51458675, 0.5155356, 0.51232684, 0.51117986, 0.51077694, 0.5122867, 0.51020914, 0.51204795, 0.5139095, 0.5156635, 0.5123091, 0.51318014, 0.515264, 0.5155945, 0.51521456, 0.51429474, 0.51500756, 0.51468945, 0.5128703, 0.51081085, 0.511224, 0.51486623, 0.5151767, 0.5155662, 0.5159019, 0.51427215, 0.5135179, 0.51389253, 0.51181376, 0.51276404, 0.5123178, 0.5130642, 0.5147469, 0.515451, 0.51539433, 0.51265985, 0.5129492, 0.51292324, 0.51268166, 0.51217175, 0.5149619, 0.5152046, 0.51497334, 0.51461303, 0.51524156, 0.51251537, 0.5140146, 0.51375943]
[0.5079332, 0.5076766, 0.5019902, 0.5007246, 0.50783265, 0.50024587, 0.5081531, 0.5067037, 0.50515205, 0.5017668, 0.5123045, 0.51237595, 0.5119287, 0.51252574, 0.5126525, 0.509796, 0.50964236, 0.5120084, 0.512309, 0.51302654, 0.513968, 0.5140214, 0.5112964, 0.5116624, 0.51114297, 0.51231885, 0.51000696, 0.5114912, 0.5125629, 0.5125269, 0.51077586, 0.512296, 0.5131091, 0.51365227, 0.51064354, 0.50956213, 0.5092739, 0.51143944, 0.50871754, 0.51034266, 0.5121237, 0.5134828, 0.51076597, 0.51152366, 0.5134161, 0.51332396, 0.51403856, 0.5122075, 0.51269156, 0.5126109, 0.51156896, 0.51023144, 0.51003474, 0.51302236, 0.51317054, 0.5137101, 0.51446927, 0.5131499, 0.5123241, 0.5128612, 0.51008356, 0.51108766, 0.51083684, 0.5116572, 0.51273185, 0.5138857, 0.51382095, 0.5115518, 0.51176316, 0.5119238, 0.5115047, 0.51114255, 0.5137238, 0.51370335, 0.5131407, 0.5128414, 0.5133533, 0.5109726, 0.51228005, 0.5121669]
[0.5108846, 0.51101995, 0.5073757, 0.50561386, 0.511115, 0.5042808, 0.51129615, 0.5091421, 0.50867516, 0.5045102, 0.5156553, 0.5159225, 0.5151637, 0.51578367, 0.5159192, 0.51310885, 0.5123432, 0.5152575, 0.51591516, 0.5160926, 0.51691556, 0.517033, 0.5143674, 0.5146341, 0.51415646, 0.5153425, 0.51277775, 0.5142424, 0.5155148, 0.51520425, 0.5134235, 0.51517594, 0.5160735, 0.51673174, 0.51388294, 0.5126212, 0.5122881, 0.51433957, 0.51170975, 0.5130736, 0.5152149, 0.5171484, 0.51361406, 0.5150306, 0.5168052, 0.5172978, 0.5168841, 0.5155252, 0.5157654, 0.51567256, 0.5146707, 0.512958, 0.5124847, 0.5157639, 0.5162988, 0.51681226, 0.5173016, 0.5158886, 0.5155097, 0.51622677, 0.5132866, 0.51490504, 0.51417047, 0.5147105, 0.51610667, 0.51697975, 0.51703274, 0.51443195, 0.51462024, 0.5149738, 0.51465327, 0.5143413, 0.51685554, 0.51689535, 0.5164451, 0.516546, 0.5170097, 0.5139789, 0.51537883, 0.5158397]
[0.50907296, 0.5083611, 0.5042904, 0.50209093, 0.5100592, 0.5014434, 0.5087775, 0.50489396, 0.5047349, 0.50158477, 0.5138783, 0.5139186, 0.5127016, 0.51420313, 0.51406497, 0.5102944, 0.5093233, 0.51289743, 0.51289546, 0.5138101, 0.51485276, 0.5148102, 0.51135075, 0.51180303, 0.5115469, 0.51223695, 0.5110879, 0.5124469, 0.51438636, 0.5119528, 0.5106897, 0.51316947, 0.5143788, 0.51502466, 0.5106313, 0.50887376, 0.50861895, 0.5122262, 0.5083833, 0.51062804, 0.5139443, 0.5151201, 0.51149356, 0.5128151, 0.5146608, 0.51498884, 0.51540786, 0.513469, 0.51354873, 0.51379, 0.51310205, 0.51018703, 0.5095738, 0.51358455, 0.51390874, 0.5142076, 0.5145336, 0.5139728, 0.5140401, 0.51385033, 0.5110958, 0.51199585, 0.51080126, 0.5127143, 0.5141345, 0.51506305, 0.515016, 0.51237494, 0.51142746, 0.5115119, 0.51100415, 0.5106153, 0.514773, 0.51477575, 0.51435554, 0.513841, 0.51475483, 0.51203287, 0.51298225, 0.5126911]
[0.5091751, 0.50842065, 0.5073263, 0.5044922, 0.509724, 0.50354713, 0.5088102, 0.50743544, 0.50772554, 0.50467145, 0.51249814, 0.5124048, 0.51189077, 0.51247066, 0.5123751, 0.51054496, 0.50998735, 0.51189977, 0.5121487, 0.51308525, 0.5138338, 0.51390904, 0.510896, 0.51115, 0.51118857, 0.51208055, 0.5105658, 0.5116012, 0.5128902, 0.51142687, 0.5104586, 0.5119734, 0.51275235, 0.5136033, 0.51039976, 0.5094808, 0.50912625, 0.51150805, 0.5086086, 0.51004833, 0.5125277, 0.5137253, 0.5108638, 0.511946, 0.5134745, 0.51379424, 0.51377803, 0.5124393, 0.5130835, 0.51282233, 0.5120488, 0.5097931, 0.5095247, 0.512774, 0.512977, 0.5133032, 0.5136531, 0.5126952, 0.5126106, 0.5127185, 0.5105644, 0.5117084, 0.510629, 0.5120713, 0.5131199, 0.5138015, 0.51382524, 0.5117488, 0.5113201, 0.5112783, 0.5111254, 0.5105447, 0.5134809, 0.51336855, 0.5132342, 0.5131797, 0.5134295, 0.5115393, 0.51231325, 0.5120911]
[0.5072565, 0.5074283, 0.5040694, 0.50067157, 0.5074954, 0.5017368, 0.5072244, 0.50549793, 0.50407606, 0.50193626, 0.5121274, 0.51227355, 0.51152277, 0.51168996, 0.5116044, 0.50973374, 0.5095237, 0.51183295, 0.5122173, 0.513172, 0.5139077, 0.51415366, 0.51088476, 0.5111977, 0.51121724, 0.51211286, 0.50964856, 0.5106336, 0.5123091, 0.5119995, 0.510834, 0.5111636, 0.5122342, 0.5128646, 0.5109369, 0.50996983, 0.50968754, 0.51146203, 0.5089019, 0.5104095, 0.51223546, 0.5135634, 0.5109635, 0.5115029, 0.51343626, 0.51344657, 0.5137201, 0.51191753, 0.5125813, 0.5125265, 0.51135266, 0.5099432, 0.510276, 0.513093, 0.5132772, 0.513631, 0.51438725, 0.51298356, 0.5117876, 0.51207095, 0.5100049, 0.51076806, 0.5109334, 0.5116373, 0.5134119, 0.51383924, 0.5140267, 0.5113428, 0.5113099, 0.5116098, 0.51111186, 0.51061183, 0.5134188, 0.51343185, 0.5129885, 0.5128557, 0.51336515, 0.51063335, 0.51203465, 0.51228535]
[0.5090787, 0.510547, 0.5070212, 0.50189537, 0.50947005, 0.50311744, 0.50945413, 0.5074339, 0.5064987, 0.50277895, 0.5145468, 0.51459, 0.5140812, 0.5149506, 0.51437867, 0.51123357, 0.51145786, 0.51445204, 0.5149426, 0.51623386, 0.5171731, 0.5173169, 0.51323485, 0.51358736, 0.51372725, 0.5151044, 0.5121647, 0.5136227, 0.5150084, 0.5143498, 0.51365346, 0.5139727, 0.5150225, 0.51625794, 0.5140681, 0.5130305, 0.512511, 0.5142906, 0.5113948, 0.51258445, 0.5148607, 0.5163699, 0.5128452, 0.5142223, 0.5163138, 0.5165841, 0.5163338, 0.51421845, 0.5152654, 0.51510066, 0.5141217, 0.51188964, 0.5118259, 0.51598555, 0.5164129, 0.5167706, 0.5175612, 0.51571643, 0.5151558, 0.5149918, 0.5124503, 0.5141706, 0.5132447, 0.5139555, 0.51563776, 0.5168933, 0.5168673, 0.5140695, 0.51384354, 0.51361316, 0.51415235, 0.51318973, 0.5171514, 0.517137, 0.516505, 0.51649606, 0.51612073, 0.51389056, 0.51501065, 0.5153759]
[0.50887936, 0.50645083, 0.5069128, 0.50311065, 0.50949156, 0.50210625, 0.50823516, 0.5058138, 0.5075161, 0.5030957, 0.5118474, 0.5120483, 0.5115756, 0.51184946, 0.5119114, 0.5101741, 0.5101698, 0.5112112, 0.51156294, 0.51269144, 0.5134695, 0.5135118, 0.5110435, 0.51137644, 0.5108381, 0.51171714, 0.5103934, 0.5114126, 0.5120372, 0.5109957, 0.5109092, 0.5119596, 0.51258355, 0.51375353, 0.5100891, 0.50906724, 0.5087016, 0.510929, 0.5082798, 0.51030254, 0.5126275, 0.5137415, 0.5109123, 0.51081604, 0.51338476, 0.51371825, 0.5134536, 0.51258224, 0.51316977, 0.5127883, 0.5117059, 0.50956655, 0.5092851, 0.5124832, 0.5127789, 0.51303184, 0.5129, 0.5121344, 0.5115626, 0.5119804, 0.51104766, 0.5107993, 0.51004684, 0.5121593, 0.51295143, 0.51341367, 0.5136107, 0.5105649, 0.51078254, 0.51045406, 0.5103924, 0.5098102, 0.5121507, 0.51241344, 0.5125055, 0.5123808, 0.512837, 0.51102567, 0.51221186, 0.5115074]
[0.5100723, 0.5091587, 0.50813806, 0.50503093, 0.5101971, 0.5061562, 0.5103378, 0.50912875, 0.5085491, 0.5057069, 0.51385444, 0.51411206, 0.5142942, 0.5146145, 0.5148414, 0.51202804, 0.5119352, 0.5141984, 0.514406, 0.5153236, 0.51613337, 0.51646143, 0.51372254, 0.51414096, 0.5133953, 0.51457185, 0.51186794, 0.5135211, 0.51424485, 0.5142015, 0.5130133, 0.51398736, 0.51511985, 0.5157916, 0.5123933, 0.5121297, 0.5115943, 0.512794, 0.5109933, 0.51245266, 0.5140841, 0.5156852, 0.51261705, 0.5136239, 0.5156487, 0.516144, 0.51596576, 0.5144024, 0.51505744, 0.5147946, 0.51320493, 0.5119909, 0.5121734, 0.5150372, 0.5153278, 0.515988, 0.5163628, 0.5149398, 0.5143853, 0.514586, 0.512126, 0.5132815, 0.51317024, 0.5139728, 0.5150522, 0.51589346, 0.51600486, 0.5136285, 0.5138578, 0.51402056, 0.51379514, 0.51320827, 0.51546586, 0.51561356, 0.5150568, 0.51521176, 0.5157825, 0.51321775, 0.514534, 0.514607]
[0.507185, 0.5065944, 0.50317514, 0.5005908, 0.507509, 0.50071555, 0.50665224, 0.5046825, 0.5045091, 0.5003154, 0.51078546, 0.51122934, 0.5105043, 0.51109457, 0.5111774, 0.5087362, 0.5082437, 0.5102784, 0.5110991, 0.51171887, 0.51242924, 0.51263934, 0.5098407, 0.5100721, 0.50990796, 0.5108791, 0.5087257, 0.51010406, 0.51146156, 0.5102518, 0.5095939, 0.5106083, 0.5114597, 0.51231617, 0.50908095, 0.50865096, 0.5083278, 0.51050305, 0.507601, 0.5091995, 0.5115177, 0.5121004, 0.50951344, 0.5103106, 0.5118762, 0.51282567, 0.5124474, 0.5109414, 0.5117345, 0.5111351, 0.51049227, 0.5089162, 0.508788, 0.51153517, 0.5117892, 0.5122131, 0.5125377, 0.5116659, 0.51142, 0.51142997, 0.5093447, 0.5103748, 0.5095689, 0.51067275, 0.5118366, 0.5123355, 0.5127184, 0.51026195, 0.5101019, 0.5098853, 0.5097659, 0.5090235, 0.5120682, 0.5122164, 0.5118022, 0.51189554, 0.5119834, 0.50977874, 0.5104592, 0.5110862]
[0.5073624, 0.50807035, 0.50390905, 0.5003732, 0.50912935, 0.49960205, 0.5088967, 0.5051241, 0.50618595, 0.50049925, 0.5135538, 0.5134105, 0.5126947, 0.5142785, 0.51404226, 0.5105181, 0.51056325, 0.51372683, 0.51408434, 0.51525754, 0.515993, 0.51631004, 0.51190007, 0.512248, 0.5125943, 0.5136273, 0.5110853, 0.5128055, 0.51421016, 0.51266104, 0.5107787, 0.51364857, 0.5149241, 0.51596075, 0.51195574, 0.510324, 0.50982386, 0.51201344, 0.5091123, 0.51102597, 0.51405, 0.5160871, 0.5118284, 0.5132061, 0.51526845, 0.51609486, 0.51514673, 0.5143287, 0.51467586, 0.5139016, 0.5133192, 0.5099956, 0.509937, 0.5148192, 0.51512885, 0.515671, 0.51585215, 0.51407224, 0.51369065, 0.51467365, 0.5119381, 0.5132911, 0.5116861, 0.51271933, 0.5143896, 0.5154383, 0.5155643, 0.51219517, 0.5128048, 0.512747, 0.5123602, 0.5117622, 0.5155032, 0.5156012, 0.51539373, 0.5150091, 0.51579154, 0.5126201, 0.51361644, 0.5140059]
[0.506931, 0.50644356, 0.50565004, 0.5041039, 0.50734365, 0.5039613, 0.50696135, 0.50597423, 0.5059888, 0.50373197, 0.5092272, 0.50936735, 0.5094188, 0.509922, 0.50984854, 0.50791085, 0.5077358, 0.50922894, 0.50951356, 0.51012826, 0.51055396, 0.5105518, 0.50869536, 0.50887585, 0.5086856, 0.50952244, 0.508003, 0.5089795, 0.5097365, 0.50889957, 0.50832, 0.5094887, 0.50995606, 0.5106813, 0.5082833, 0.50779206, 0.5075238, 0.5089112, 0.50711364, 0.50829935, 0.509557, 0.5103734, 0.50843626, 0.509086, 0.51047647, 0.51062274, 0.51059437, 0.5097364, 0.5098366, 0.50981253, 0.50910145, 0.5077779, 0.5076653, 0.50990856, 0.51022285, 0.5104498, 0.5105477, 0.50994205, 0.50962067, 0.5098361, 0.5083707, 0.50896674, 0.50868094, 0.5091699, 0.50995696, 0.51038367, 0.5103909, 0.5089544, 0.5090814, 0.5087844, 0.5087674, 0.508403, 0.51020974, 0.51034194, 0.5101321, 0.5100081, 0.5103896, 0.50912964, 0.50964546, 0.5095478]
[0.51015276, 0.50928515, 0.5082249, 0.50486875, 0.5111033, 0.50400126, 0.509366, 0.5085775, 0.5084683, 0.50513494, 0.5148138, 0.51518065, 0.5143763, 0.5154966, 0.5155161, 0.5122464, 0.5118857, 0.51465046, 0.51441765, 0.51544523, 0.51674527, 0.51675963, 0.5134676, 0.5139346, 0.5134552, 0.51451904, 0.51266295, 0.51432925, 0.51572, 0.5140567, 0.51278174, 0.5148708, 0.5160833, 0.5169354, 0.51207745, 0.5108079, 0.51047313, 0.5133669, 0.5098376, 0.51281697, 0.5153977, 0.516629, 0.5128342, 0.5139162, 0.5159472, 0.51630455, 0.5174079, 0.51530945, 0.5160686, 0.5162226, 0.5144125, 0.51155275, 0.51146907, 0.5153162, 0.51567125, 0.5164625, 0.51683277, 0.51545715, 0.5148921, 0.51512945, 0.51275736, 0.5132356, 0.51312643, 0.5145967, 0.51576173, 0.51689243, 0.517143, 0.513582, 0.5136367, 0.5133992, 0.5131093, 0.5126534, 0.51652056, 0.5166266, 0.51608825, 0.5154829, 0.5162897, 0.51347506, 0.5146929, 0.51437503]
[0.51054275, 0.5095152, 0.506711, 0.50158185, 0.5113945, 0.5006569, 0.5105348, 0.50718015, 0.5086612, 0.5015778, 0.5153421, 0.5154481, 0.5154553, 0.5158541, 0.5160383, 0.51235116, 0.51241, 0.5150236, 0.51549155, 0.51724744, 0.5181737, 0.5185716, 0.5148939, 0.51512706, 0.51440984, 0.51555276, 0.51277274, 0.5147391, 0.515839, 0.5152927, 0.5138686, 0.51549697, 0.51657504, 0.51812994, 0.513759, 0.5122651, 0.5115752, 0.51491284, 0.51127386, 0.51322573, 0.51610726, 0.51766604, 0.51405764, 0.5147311, 0.5175735, 0.517767, 0.51786315, 0.5160863, 0.51674294, 0.5165501, 0.51446813, 0.51291853, 0.5127272, 0.5172823, 0.5176681, 0.5178834, 0.51833856, 0.51691043, 0.5156007, 0.5164196, 0.5132706, 0.51481193, 0.5133706, 0.51491743, 0.5168126, 0.5177892, 0.51761365, 0.5144428, 0.51481676, 0.51452464, 0.5143422, 0.5134045, 0.5174985, 0.51767284, 0.5173156, 0.5165219, 0.5172724, 0.5143231, 0.5159661, 0.51546794]
[0.5040541, 0.50443596, 0.5029708, 0.5018406, 0.5041469, 0.50227344, 0.5043953, 0.50319594, 0.50327593, 0.5018484, 0.50562483, 0.50572854, 0.5054315, 0.5058828, 0.5056788, 0.50481385, 0.5047542, 0.5055662, 0.5056704, 0.5060267, 0.50644314, 0.5063907, 0.50531757, 0.5054045, 0.50537485, 0.50577193, 0.5050182, 0.5054423, 0.50591606, 0.50544286, 0.5051987, 0.5057347, 0.505998, 0.50626826, 0.5053293, 0.5048637, 0.50479007, 0.5053965, 0.50445235, 0.5049999, 0.5057621, 0.50630426, 0.5053015, 0.5056631, 0.50620896, 0.5063219, 0.5061751, 0.5056483, 0.5059178, 0.50575864, 0.5055936, 0.5048774, 0.50492114, 0.505963, 0.50605214, 0.5062071, 0.50636256, 0.50616956, 0.5059392, 0.50599176, 0.5050411, 0.50560534, 0.50519454, 0.50541157, 0.5059052, 0.50612265, 0.50617576, 0.5054833, 0.50553054, 0.50541455, 0.5054592, 0.5052653, 0.5061627, 0.5062553, 0.50615144, 0.5061526, 0.506201, 0.50545615, 0.5056636, 0.50588155]
[0.5086812, 0.5047207, 0.5046119, 0.50030017, 0.5092428, 0.50065553, 0.50891894, 0.50463337, 0.50533843, 0.5001883, 0.51455253, 0.51398855, 0.51357245, 0.51440966, 0.51477915, 0.5117053, 0.51158947, 0.51381695, 0.51413083, 0.51539254, 0.516858, 0.51679707, 0.512901, 0.5133855, 0.51314014, 0.5144716, 0.5113846, 0.5128468, 0.5138461, 0.51360697, 0.51218545, 0.51399595, 0.5151698, 0.51666003, 0.51211125, 0.5104594, 0.50986785, 0.51300687, 0.5090599, 0.51201886, 0.51485133, 0.51642156, 0.5126792, 0.5132845, 0.5167479, 0.51707065, 0.5165835, 0.5152424, 0.5158664, 0.51504254, 0.51353073, 0.51119757, 0.51094997, 0.5150033, 0.51547235, 0.516136, 0.5164844, 0.5149749, 0.5140902, 0.51409996, 0.51215637, 0.51316446, 0.51224333, 0.51413715, 0.5157911, 0.51668483, 0.51638484, 0.51272464, 0.5130176, 0.51306283, 0.5126971, 0.511516, 0.5152976, 0.515684, 0.5157038, 0.5153472, 0.51635575, 0.5123459, 0.514645, 0.51407266]
[0.5108988, 0.508825, 0.50780207, 0.5045019, 0.5119256, 0.5019273, 0.5101957, 0.5082056, 0.5098209, 0.504823, 0.51496786, 0.5146513, 0.5141622, 0.51579195, 0.5157443, 0.51258785, 0.51232165, 0.5141556, 0.5148857, 0.5157849, 0.5167624, 0.5168568, 0.5138215, 0.51409566, 0.5138096, 0.51517475, 0.51252997, 0.5147068, 0.5157971, 0.51340175, 0.5118823, 0.5155268, 0.51608187, 0.51676494, 0.5114998, 0.5105914, 0.5106913, 0.5134204, 0.510139, 0.51267004, 0.515431, 0.5166613, 0.513561, 0.51420856, 0.5164189, 0.5171404, 0.5169774, 0.51597047, 0.5163766, 0.5156806, 0.5145889, 0.5117411, 0.51133066, 0.51543885, 0.515544, 0.5161856, 0.5162678, 0.5153666, 0.5153736, 0.515392, 0.51264566, 0.5141232, 0.51318, 0.51464343, 0.5159863, 0.5165204, 0.5167411, 0.51371956, 0.51387626, 0.513741, 0.51329935, 0.51237243, 0.51564264, 0.5159593, 0.51599294, 0.5158976, 0.5165841, 0.51391435, 0.5148118, 0.51479024]
[0.5100351, 0.5096023, 0.5079239, 0.5057148, 0.51055706, 0.50449806, 0.5099541, 0.5077649, 0.5087298, 0.5052221, 0.5144118, 0.5151618, 0.5138471, 0.5149184, 0.5144582, 0.511655, 0.5113618, 0.5144383, 0.51440483, 0.5151457, 0.5162208, 0.5161236, 0.51293033, 0.513451, 0.5132369, 0.5144041, 0.5121296, 0.51368374, 0.51492107, 0.5133512, 0.5121322, 0.5142742, 0.5152991, 0.51654416, 0.512508, 0.5113096, 0.51070315, 0.51321614, 0.5100775, 0.51206094, 0.51515335, 0.51656795, 0.51265126, 0.51410025, 0.5163259, 0.5165142, 0.5163304, 0.514825, 0.5155705, 0.5157533, 0.51436675, 0.5111247, 0.5111241, 0.515084, 0.5157151, 0.51616454, 0.516265, 0.5151379, 0.5145986, 0.5148836, 0.5126609, 0.5137721, 0.5120875, 0.51401246, 0.5151858, 0.5160758, 0.51636, 0.51351696, 0.51334536, 0.5132292, 0.5130453, 0.51249754, 0.5161307, 0.5162093, 0.5158817, 0.51551133, 0.51610965, 0.5134879, 0.51471186, 0.514168]
[0.51164746, 0.5111543, 0.50812376, 0.50126034, 0.5129745, 0.5001311, 0.5128495, 0.5077597, 0.5078978, 0.5015033, 0.5193312, 0.51919883, 0.5172662, 0.5200749, 0.51889306, 0.5148945, 0.51466304, 0.5183867, 0.51890504, 0.52066207, 0.5219395, 0.5221376, 0.5160358, 0.5165966, 0.5171317, 0.51863205, 0.5153182, 0.51636195, 0.5196523, 0.51715434, 0.51489973, 0.51819724, 0.5200632, 0.52201384, 0.5165837, 0.5142909, 0.5131555, 0.51675206, 0.51148236, 0.51505, 0.51912725, 0.5224691, 0.5162767, 0.5184266, 0.52211684, 0.52269125, 0.52179635, 0.51962095, 0.5210434, 0.5194216, 0.5188152, 0.51319486, 0.5127454, 0.5193272, 0.52034724, 0.52127194, 0.5216589, 0.52001035, 0.519222, 0.5192972, 0.51562047, 0.5178237, 0.5158959, 0.5182298, 0.52061117, 0.52170205, 0.52169997, 0.5176873, 0.5169709, 0.5170434, 0.5166093, 0.51587284, 0.5208578, 0.52112186, 0.52101743, 0.52141315, 0.5218905, 0.5183344, 0.51932764, 0.5188138]
[0.50857186, 0.50723237, 0.5062397, 0.502173, 0.5092457, 0.50192726, 0.50836647, 0.5055321, 0.5074619, 0.503218, 0.5123323, 0.51267385, 0.5118247, 0.5128572, 0.5125235, 0.5101678, 0.5103762, 0.51234657, 0.5126315, 0.51359224, 0.5143058, 0.5144367, 0.5113832, 0.51171994, 0.511718, 0.5126332, 0.51065135, 0.5119823, 0.5129835, 0.5115029, 0.510542, 0.51240844, 0.51325005, 0.51411235, 0.5109178, 0.51005447, 0.509809, 0.51139396, 0.5087872, 0.5106506, 0.5130745, 0.5140339, 0.5111346, 0.51242065, 0.51448715, 0.5145003, 0.5138344, 0.5127882, 0.51348543, 0.51325345, 0.5121552, 0.5099453, 0.50979394, 0.5134794, 0.5137264, 0.5138985, 0.5141913, 0.5130798, 0.51264745, 0.51296777, 0.5111718, 0.51212883, 0.5108726, 0.51224726, 0.51338506, 0.5138009, 0.5140152, 0.51177233, 0.5115674, 0.51166224, 0.5112795, 0.51053345, 0.51350105, 0.5137192, 0.5134411, 0.51352566, 0.513822, 0.51180077, 0.5126521, 0.5127208]
[0.50872356, 0.5078358, 0.50634086, 0.5031106, 0.5104172, 0.50229883, 0.5083448, 0.5065929, 0.5072351, 0.50394446, 0.51273626, 0.5125441, 0.5117703, 0.5131331, 0.513147, 0.51033014, 0.5099144, 0.51208574, 0.51238513, 0.5134006, 0.5140707, 0.51435685, 0.51096416, 0.5113022, 0.5113312, 0.5123195, 0.51057976, 0.51236653, 0.5137303, 0.5115995, 0.5105722, 0.5127605, 0.51360863, 0.51421463, 0.5103161, 0.5095197, 0.5092887, 0.5114362, 0.5087554, 0.51075023, 0.5132628, 0.5139017, 0.5110351, 0.5119277, 0.5138302, 0.5142421, 0.51431364, 0.5131168, 0.51368463, 0.51309615, 0.51229405, 0.51042515, 0.5098565, 0.51366425, 0.51386523, 0.51420516, 0.514235, 0.51307786, 0.51298434, 0.5129308, 0.5107891, 0.51170576, 0.510748, 0.5124517, 0.51322615, 0.5140281, 0.51429415, 0.5118664, 0.5112287, 0.5111475, 0.5106779, 0.5099735, 0.5138896, 0.5139067, 0.51354545, 0.5132141, 0.5136641, 0.5115307, 0.5126608, 0.51228225]
[0.50754285, 0.50681806, 0.5048596, 0.5022697, 0.5075069, 0.50228083, 0.50740194, 0.5067398, 0.5057663, 0.5027439, 0.51107687, 0.5112378, 0.5109767, 0.5111583, 0.51158476, 0.5091661, 0.5089784, 0.51103675, 0.5112179, 0.5117525, 0.51246136, 0.51275045, 0.51048285, 0.510779, 0.51037186, 0.5113231, 0.50911814, 0.5106185, 0.5113255, 0.5109537, 0.51001877, 0.5110184, 0.51193124, 0.5123756, 0.509273, 0.5086522, 0.5084635, 0.51037306, 0.5078758, 0.5097443, 0.5113826, 0.5127188, 0.5099201, 0.5103232, 0.5121111, 0.5125715, 0.5126994, 0.51164, 0.5120911, 0.51186186, 0.51041144, 0.5093207, 0.50930446, 0.5119, 0.5120766, 0.5124127, 0.5126607, 0.51158804, 0.5111777, 0.5114249, 0.50950646, 0.5103222, 0.51022613, 0.51090217, 0.51188457, 0.5125446, 0.5127733, 0.5102674, 0.5105054, 0.5106106, 0.51005405, 0.5098142, 0.51230353, 0.5124874, 0.51219356, 0.51170343, 0.51239747, 0.5099812, 0.5111783, 0.5110603]
[0.5057392, 0.50468326, 0.5033261, 0.5014848, 0.50630844, 0.5011597, 0.50520325, 0.50424045, 0.50380343, 0.50156516, 0.50920373, 0.5092688, 0.50909007, 0.5092662, 0.50958973, 0.5076431, 0.5072349, 0.5087091, 0.5091367, 0.5097398, 0.5102415, 0.5104855, 0.5081317, 0.5083592, 0.50840867, 0.50898707, 0.507441, 0.5086405, 0.5095368, 0.50868917, 0.5076471, 0.5087987, 0.50980854, 0.5103343, 0.5072286, 0.50634295, 0.50598866, 0.5084399, 0.50582194, 0.5078454, 0.5095128, 0.51054496, 0.5079695, 0.50849956, 0.50978047, 0.5102122, 0.51063234, 0.50955343, 0.50984526, 0.5095325, 0.5085975, 0.50695795, 0.5068364, 0.50947464, 0.5098179, 0.50991386, 0.51044726, 0.50926644, 0.50916994, 0.5094857, 0.50782096, 0.50818247, 0.50769883, 0.5089725, 0.5098542, 0.5105499, 0.5106238, 0.50831133, 0.5082729, 0.50809884, 0.5080561, 0.50766754, 0.51002264, 0.5101469, 0.5098633, 0.5097009, 0.5103013, 0.5083637, 0.5092422, 0.50907105]
[0.5051714, 0.5051441, 0.5037679, 0.5010643, 0.5058982, 0.5005635, 0.50429785, 0.5032498, 0.5032115, 0.5009531, 0.50807464, 0.5081849, 0.50763524, 0.5076101, 0.5077716, 0.5066418, 0.50627816, 0.5077934, 0.5079713, 0.5087387, 0.50941104, 0.5095109, 0.50658244, 0.50691485, 0.50741625, 0.50799996, 0.50668186, 0.50746447, 0.50818676, 0.5073307, 0.50771844, 0.507599, 0.5082945, 0.509154, 0.50729704, 0.5065885, 0.5062898, 0.507801, 0.50566804, 0.5068981, 0.5084963, 0.50938594, 0.50699466, 0.50761706, 0.50900084, 0.5093114, 0.50921816, 0.50794107, 0.5085539, 0.5086394, 0.5080823, 0.5063118, 0.50614357, 0.5086658, 0.5088782, 0.5089517, 0.50910544, 0.5079961, 0.50824714, 0.50811124, 0.5072063, 0.5072859, 0.50666356, 0.5081035, 0.5090257, 0.5094479, 0.50961107, 0.50751, 0.5070134, 0.50686914, 0.5067859, 0.5063851, 0.5088127, 0.5089163, 0.50873494, 0.5084833, 0.50883025, 0.5074101, 0.5082264, 0.50802755]
[0.50725687, 0.5069602, 0.50538194, 0.5028176, 0.50821096, 0.5021198, 0.50677043, 0.5057128, 0.5054419, 0.50173765, 0.51097447, 0.5107372, 0.5102992, 0.51086307, 0.51059747, 0.50866485, 0.5082102, 0.51014566, 0.5106089, 0.5116919, 0.5120996, 0.5123493, 0.50944537, 0.50958997, 0.5094791, 0.510576, 0.5085931, 0.5099355, 0.5114827, 0.50995487, 0.5093148, 0.51056284, 0.5112665, 0.5119826, 0.5087543, 0.5082383, 0.5077971, 0.51011294, 0.5069764, 0.5091187, 0.51114905, 0.51201636, 0.5091151, 0.5101402, 0.5116769, 0.5118657, 0.51190245, 0.5110609, 0.511468, 0.5111544, 0.5103337, 0.50862736, 0.50847703, 0.51127905, 0.5115596, 0.51198965, 0.5120155, 0.5112857, 0.5109598, 0.5109927, 0.50899154, 0.509836, 0.5089292, 0.51044005, 0.51132065, 0.5120522, 0.5121551, 0.51037323, 0.5094573, 0.50950706, 0.5090383, 0.5085337, 0.5118545, 0.5119518, 0.5116604, 0.51123077, 0.5114798, 0.5096375, 0.5104661, 0.510422]
[0.5077062, 0.5073492, 0.5061034, 0.5040022, 0.508679, 0.50317705, 0.5072852, 0.5064961, 0.5063698, 0.5041608, 0.5108356, 0.51075417, 0.51010036, 0.51080275, 0.51111615, 0.5088712, 0.5085439, 0.51023465, 0.51037854, 0.5111113, 0.5118127, 0.511977, 0.5093314, 0.50950795, 0.5096317, 0.51030576, 0.50912064, 0.51019675, 0.5111147, 0.5098338, 0.5091307, 0.5102654, 0.5113135, 0.51178, 0.50870234, 0.5078091, 0.50768787, 0.5096894, 0.5074058, 0.5090655, 0.5112225, 0.51192415, 0.5094748, 0.50991666, 0.511433, 0.5117291, 0.5119766, 0.5110604, 0.51132154, 0.5109861, 0.5105136, 0.5085916, 0.50838315, 0.5108753, 0.5111027, 0.5112668, 0.5115067, 0.5109293, 0.51080805, 0.51075333, 0.50931567, 0.5097841, 0.50889814, 0.51034224, 0.51120424, 0.5119561, 0.51184756, 0.5097432, 0.5093964, 0.5095637, 0.5089896, 0.50863546, 0.5113282, 0.5115272, 0.5113023, 0.5110902, 0.5115214, 0.50973815, 0.5104922, 0.5103216]
[0.506968, 0.50647146, 0.5052369, 0.5023786, 0.5069568, 0.5030049, 0.50686336, 0.50609297, 0.506447, 0.5036954, 0.50927174, 0.50925887, 0.50922024, 0.5096568, 0.5097302, 0.5080172, 0.50791943, 0.50947356, 0.5095714, 0.50998753, 0.5106193, 0.5105764, 0.5089823, 0.5090914, 0.50899875, 0.5095292, 0.5082273, 0.50930816, 0.5096792, 0.50926244, 0.50828034, 0.50943047, 0.510177, 0.5102887, 0.50845474, 0.5075565, 0.5074565, 0.50871974, 0.5076413, 0.508385, 0.50975364, 0.5104799, 0.50883865, 0.5092208, 0.5102827, 0.51044637, 0.51034975, 0.50985116, 0.50988615, 0.5100303, 0.5090126, 0.50784224, 0.5080358, 0.5100692, 0.5102852, 0.51049334, 0.5107538, 0.5100235, 0.50958925, 0.5097616, 0.5083197, 0.509139, 0.5088349, 0.50897723, 0.5098761, 0.5103942, 0.51037806, 0.5088591, 0.5089613, 0.50895584, 0.50891024, 0.50849336, 0.51036525, 0.51050085, 0.5102014, 0.5099804, 0.510315, 0.50863254, 0.50957185, 0.5094841]
[0.5100385, 0.50909865, 0.50718474, 0.5030234, 0.5108606, 0.50035936, 0.5100876, 0.5077211, 0.50865257, 0.503327, 0.51437044, 0.51398754, 0.51406795, 0.51502204, 0.51555485, 0.5119113, 0.511912, 0.51414853, 0.5148783, 0.515892, 0.5163682, 0.5168531, 0.51334554, 0.5135932, 0.51348, 0.51440847, 0.5120298, 0.5139151, 0.5149175, 0.5138948, 0.512431, 0.5144949, 0.5157205, 0.5168021, 0.5128534, 0.5116027, 0.5110361, 0.5134914, 0.51033044, 0.51243865, 0.5146972, 0.51642627, 0.51318824, 0.51387376, 0.516166, 0.51666, 0.5165341, 0.5152319, 0.51559967, 0.5152314, 0.5138114, 0.5117974, 0.51174563, 0.5155621, 0.51609594, 0.51635677, 0.5167406, 0.5154431, 0.51445854, 0.5149997, 0.5125598, 0.5134464, 0.5131191, 0.5143855, 0.5156576, 0.5162439, 0.51637095, 0.513114, 0.513667, 0.5134941, 0.5134544, 0.5124924, 0.51600635, 0.51633424, 0.5159832, 0.51528674, 0.51624316, 0.51397926, 0.5150172, 0.51432574]
[0.510789, 0.5099071, 0.5066087, 0.5009054, 0.5118121, 0.50206983, 0.5099333, 0.5079333, 0.5071426, 0.503057, 0.51706344, 0.5168812, 0.5161032, 0.5172446, 0.5177392, 0.5135949, 0.5128974, 0.5162824, 0.51708674, 0.51805484, 0.5194823, 0.5196891, 0.51442605, 0.51493526, 0.51493806, 0.51649165, 0.51370716, 0.5158752, 0.51775664, 0.51634824, 0.51476496, 0.5164492, 0.5189244, 0.5195604, 0.51373667, 0.5118422, 0.5117333, 0.51575136, 0.5116504, 0.5139592, 0.5174861, 0.519608, 0.5146771, 0.5154602, 0.5185604, 0.5196895, 0.51996404, 0.51736903, 0.518341, 0.51776385, 0.5160579, 0.51305753, 0.51323444, 0.51839924, 0.5188233, 0.519185, 0.519816, 0.5174717, 0.5172482, 0.5172352, 0.51404023, 0.51493883, 0.5143611, 0.51636857, 0.5187494, 0.52031976, 0.52007604, 0.51540154, 0.51503205, 0.51457816, 0.5147584, 0.5134365, 0.51942116, 0.5193885, 0.5188921, 0.51795363, 0.5188602, 0.51481616, 0.5171058, 0.5170658]
[0.5095166, 0.5102178, 0.50712496, 0.5028093, 0.5089981, 0.5041256, 0.5092595, 0.508614, 0.5069029, 0.5032427, 0.5134449, 0.5135416, 0.5128834, 0.51304007, 0.512934, 0.5110906, 0.51084834, 0.5132368, 0.5132191, 0.51385677, 0.51464486, 0.5147343, 0.5122149, 0.51260066, 0.51225454, 0.51327235, 0.5114195, 0.5123764, 0.5134924, 0.51317793, 0.51248276, 0.51273096, 0.5137351, 0.5145784, 0.5122933, 0.5113191, 0.51106554, 0.5126239, 0.51021224, 0.5117873, 0.51342183, 0.5146101, 0.5120583, 0.51294404, 0.5142783, 0.5142139, 0.5146741, 0.5132331, 0.51373726, 0.513911, 0.5127926, 0.51141924, 0.5116839, 0.5139691, 0.5142246, 0.51458526, 0.5150245, 0.513755, 0.51316893, 0.51321244, 0.5116232, 0.512132, 0.51210195, 0.5129181, 0.5140762, 0.51486224, 0.51495206, 0.51288325, 0.5126016, 0.5126133, 0.5125016, 0.51210505, 0.51445967, 0.5145434, 0.51422, 0.5137166, 0.51398724, 0.51215917, 0.5134946, 0.5134675]
[0.510174, 0.51018476, 0.5060184, 0.5017881, 0.5108343, 0.5020659, 0.5098243, 0.50673574, 0.50756246, 0.50259936, 0.51594007, 0.5161129, 0.5156839, 0.51701885, 0.51663256, 0.5126426, 0.5124913, 0.51623476, 0.5164946, 0.5175381, 0.51878357, 0.5190761, 0.51488423, 0.51511854, 0.51441365, 0.5164215, 0.5128745, 0.5152175, 0.5169943, 0.5156487, 0.5143683, 0.51624286, 0.5172352, 0.5183803, 0.51437575, 0.5130135, 0.512607, 0.51485556, 0.5116772, 0.51405984, 0.51641655, 0.51840913, 0.5139178, 0.5155782, 0.51847804, 0.51887614, 0.51844585, 0.5165666, 0.51723456, 0.5168959, 0.515568, 0.51325846, 0.513309, 0.51755005, 0.51802766, 0.51879054, 0.5192927, 0.5177508, 0.5165605, 0.5170012, 0.513841, 0.515333, 0.5147232, 0.51544935, 0.5173994, 0.518101, 0.51835823, 0.514853, 0.5151355, 0.5155253, 0.51478255, 0.5141975, 0.5179366, 0.51826423, 0.5177365, 0.51730746, 0.51770693, 0.5146755, 0.51626444, 0.5165598]
[0.5073843, 0.50710374, 0.50241905, 0.50065726, 0.5075897, 0.50072795, 0.5068241, 0.5053871, 0.50322235, 0.5005894, 0.5115141, 0.5118815, 0.5110714, 0.5110664, 0.5114633, 0.5091697, 0.508424, 0.51065177, 0.51093304, 0.51181716, 0.5128763, 0.5127422, 0.50981617, 0.51031005, 0.5097315, 0.5108192, 0.50934035, 0.51019335, 0.5119157, 0.5109397, 0.51038766, 0.5108164, 0.5117693, 0.51264936, 0.50929594, 0.50840664, 0.5082993, 0.5101134, 0.50698453, 0.5090709, 0.51123923, 0.51268405, 0.50974315, 0.5097166, 0.5120278, 0.512432, 0.5130451, 0.51109767, 0.5118617, 0.51131225, 0.5108061, 0.5089894, 0.50852126, 0.5113071, 0.5115888, 0.51199484, 0.51260746, 0.5117351, 0.510774, 0.5114826, 0.5096806, 0.5097502, 0.5094413, 0.51098126, 0.5120417, 0.5131173, 0.5131944, 0.5103906, 0.5102324, 0.50992435, 0.50963974, 0.50929326, 0.51252896, 0.51249105, 0.5121399, 0.511538, 0.51234186, 0.5097067, 0.51101613, 0.5108088]
[0.50709593, 0.5056812, 0.5042193, 0.50220525, 0.507953, 0.5017414, 0.50678146, 0.5047825, 0.50534666, 0.5027502, 0.5106327, 0.5104643, 0.50962114, 0.5106876, 0.51040804, 0.5085226, 0.5081303, 0.5099598, 0.5104612, 0.51122206, 0.51189184, 0.5119399, 0.5088868, 0.5093067, 0.50938296, 0.510183, 0.5088471, 0.5097356, 0.51111066, 0.5093273, 0.50828695, 0.5103256, 0.51113635, 0.51199776, 0.5083097, 0.50707215, 0.5070934, 0.50937414, 0.5064141, 0.50827146, 0.5108331, 0.51229644, 0.50906587, 0.50979483, 0.5117976, 0.51203316, 0.5121135, 0.5109686, 0.51158476, 0.5110587, 0.5102613, 0.5078121, 0.5075695, 0.5109251, 0.51102126, 0.51148653, 0.5115723, 0.5105114, 0.51051974, 0.5108031, 0.50866324, 0.50953704, 0.5085687, 0.5104303, 0.5115152, 0.5121306, 0.5118667, 0.50971127, 0.5093165, 0.5092712, 0.50896966, 0.50855386, 0.5114736, 0.5115527, 0.51140565, 0.5112826, 0.5116772, 0.50940114, 0.51053, 0.5102426]
[0.5064565, 0.5059545, 0.50460494, 0.502743, 0.50696003, 0.50222135, 0.5063332, 0.5050575, 0.5057113, 0.50344193, 0.5091321, 0.50925034, 0.5087185, 0.5092639, 0.50947666, 0.507596, 0.50748396, 0.50884724, 0.50909853, 0.50991803, 0.5104824, 0.5106384, 0.50823545, 0.5083643, 0.5085102, 0.50897694, 0.5077027, 0.5087664, 0.5096539, 0.50842863, 0.50766003, 0.5088597, 0.5096607, 0.510186, 0.5075536, 0.5067763, 0.5066334, 0.5084958, 0.50641483, 0.5077278, 0.50974655, 0.51041645, 0.50828755, 0.5086583, 0.51007074, 0.5102509, 0.5103916, 0.50952286, 0.50993615, 0.5093519, 0.50893295, 0.5073238, 0.5070946, 0.50971067, 0.5097878, 0.50988024, 0.5102539, 0.5095116, 0.5091323, 0.5094661, 0.5079429, 0.508416, 0.50797945, 0.5090387, 0.5100194, 0.5103479, 0.5104364, 0.50866663, 0.5084188, 0.5082223, 0.50809544, 0.5076863, 0.50968707, 0.5098075, 0.5097389, 0.50963736, 0.5100474, 0.5085339, 0.50922936, 0.5092767]
[0.5075844, 0.50725955, 0.50609773, 0.50374585, 0.5083695, 0.50382346, 0.5075561, 0.50645024, 0.5068293, 0.5040789, 0.510306, 0.51008576, 0.51047206, 0.5103717, 0.51049626, 0.5089316, 0.50879896, 0.5100859, 0.5105879, 0.51120764, 0.5116141, 0.5117099, 0.50966555, 0.50974226, 0.5100214, 0.5106925, 0.50896084, 0.51031005, 0.5105771, 0.50991285, 0.50932235, 0.5102073, 0.5109146, 0.51136523, 0.50879955, 0.5083135, 0.50814384, 0.50964254, 0.5080992, 0.5088714, 0.51082635, 0.511703, 0.50940585, 0.51000047, 0.5111118, 0.51184726, 0.51159, 0.5108665, 0.5112226, 0.5108975, 0.5100989, 0.50855833, 0.50843954, 0.51109105, 0.51102924, 0.5112833, 0.5113408, 0.5106852, 0.51052403, 0.5108279, 0.5091635, 0.5098573, 0.50929785, 0.5102077, 0.5110951, 0.51145965, 0.51150656, 0.5096554, 0.50976586, 0.509662, 0.50964886, 0.50898546, 0.51136315, 0.5115012, 0.5112915, 0.51109844, 0.51146114, 0.5097166, 0.5106829, 0.51028067]
[0.50820893, 0.5083659, 0.50714606, 0.50300264, 0.508581, 0.5038634, 0.5093041, 0.5073889, 0.50726014, 0.50447685, 0.5122937, 0.5122792, 0.5118625, 0.5127546, 0.5126168, 0.51044494, 0.5106989, 0.5122959, 0.51287127, 0.5137511, 0.5140558, 0.5146174, 0.51159656, 0.5117269, 0.5120374, 0.5128144, 0.5105809, 0.5114392, 0.51259655, 0.5118986, 0.5110027, 0.51194745, 0.5129939, 0.5138274, 0.51131195, 0.5106528, 0.5101264, 0.5115312, 0.5093812, 0.5106961, 0.5127928, 0.51392376, 0.51082957, 0.5122969, 0.5138455, 0.513939, 0.51360416, 0.5124296, 0.5130777, 0.5127664, 0.5120087, 0.5102628, 0.5101111, 0.51350963, 0.5135115, 0.513795, 0.5141693, 0.5128809, 0.51257974, 0.51295924, 0.5107174, 0.51185554, 0.5109384, 0.51187015, 0.51295966, 0.5135342, 0.5137112, 0.512106, 0.5115931, 0.5119307, 0.511707, 0.5114752, 0.51349956, 0.51364744, 0.51345, 0.51337916, 0.5136981, 0.512101, 0.5126968, 0.5127994]
[0.508221, 0.50789964, 0.5056064, 0.50126785, 0.50914073, 0.5004572, 0.5083963, 0.5067819, 0.50692195, 0.5020517, 0.5141403, 0.5138103, 0.5134168, 0.514379, 0.51438993, 0.51109767, 0.5109133, 0.51388925, 0.51448566, 0.5151807, 0.5160522, 0.5165686, 0.5127397, 0.51300585, 0.5129201, 0.513957, 0.5110032, 0.5132304, 0.5144565, 0.5135587, 0.51179045, 0.5133922, 0.5151879, 0.51575214, 0.5118145, 0.51053524, 0.5104176, 0.5128465, 0.5097291, 0.5118651, 0.51479393, 0.51633286, 0.512431, 0.51340556, 0.51574546, 0.5165281, 0.5160975, 0.5148617, 0.5152766, 0.51485616, 0.51297885, 0.5110247, 0.51129246, 0.51555604, 0.51609963, 0.516312, 0.5167591, 0.5151431, 0.5141081, 0.51458323, 0.5115425, 0.51293415, 0.5125304, 0.51385313, 0.5154755, 0.5162279, 0.5165026, 0.5128609, 0.5131069, 0.5129629, 0.5126695, 0.5117779, 0.5161638, 0.51649433, 0.51603323, 0.5150198, 0.5158822, 0.5127891, 0.5140153, 0.51426077]
[0.50586176, 0.50556743, 0.5030588, 0.49955186, 0.50585127, 0.49963227, 0.5063295, 0.5035331, 0.50339115, 0.50012255, 0.5121553, 0.51243556, 0.51147604, 0.5125552, 0.51220495, 0.50911874, 0.50927544, 0.51222825, 0.51249313, 0.5133398, 0.5144483, 0.51446253, 0.5114484, 0.5118505, 0.5113581, 0.5127788, 0.50967586, 0.51139486, 0.51275086, 0.5119455, 0.51021993, 0.51230675, 0.5132115, 0.5141988, 0.5105118, 0.50884795, 0.5087667, 0.51105464, 0.50770473, 0.509911, 0.512234, 0.51407593, 0.5106912, 0.5117205, 0.5142853, 0.51437515, 0.51423275, 0.5125119, 0.5133698, 0.512982, 0.51163304, 0.5097924, 0.50968534, 0.5134095, 0.5135428, 0.5140612, 0.5145951, 0.5132906, 0.5126782, 0.5127711, 0.50943387, 0.5115713, 0.5108768, 0.51168257, 0.5132617, 0.5143728, 0.51415926, 0.51131684, 0.5113962, 0.5115588, 0.5115401, 0.510978, 0.51422817, 0.51442295, 0.5138226, 0.5134175, 0.51391023, 0.5110602, 0.5124864, 0.5123754]
[0.5079071, 0.5081439, 0.5071544, 0.5044689, 0.50809294, 0.5047551, 0.5083183, 0.50718665, 0.50745153, 0.5045741, 0.5113167, 0.511241, 0.51132435, 0.5118043, 0.5118659, 0.509698, 0.50966847, 0.51173717, 0.51176876, 0.51214325, 0.5127636, 0.5129043, 0.51094055, 0.5110325, 0.51078635, 0.51158524, 0.50959516, 0.5109653, 0.5116061, 0.51114345, 0.51065254, 0.51133406, 0.5121571, 0.5125527, 0.5103852, 0.50982994, 0.5093736, 0.51073956, 0.5091574, 0.51019233, 0.5116457, 0.5126377, 0.5102187, 0.51120955, 0.5126095, 0.5126711, 0.5125989, 0.5114053, 0.511917, 0.5121579, 0.51107067, 0.50962126, 0.50985307, 0.51227814, 0.5123562, 0.5126257, 0.51289326, 0.51210535, 0.5117308, 0.51172996, 0.5099925, 0.5110927, 0.5110097, 0.5108487, 0.5120081, 0.51258206, 0.51262397, 0.5108703, 0.5110541, 0.5111363, 0.51118386, 0.5108644, 0.5127531, 0.5129157, 0.51256585, 0.5122113, 0.51255155, 0.51106924, 0.51157475, 0.51162255]
[0.5089852, 0.5081311, 0.5066206, 0.50365883, 0.51025504, 0.50246906, 0.50848144, 0.50657034, 0.5070502, 0.503951, 0.51323307, 0.5136154, 0.5124592, 0.51342887, 0.5134303, 0.5105304, 0.51014364, 0.51254624, 0.5128468, 0.513841, 0.5147495, 0.51495683, 0.51143074, 0.5120215, 0.51192063, 0.51266664, 0.5110156, 0.5127186, 0.5141272, 0.5120454, 0.5112597, 0.5127343, 0.51399046, 0.5148821, 0.5109544, 0.5097336, 0.50927556, 0.5122104, 0.5089205, 0.5113954, 0.51392287, 0.51455647, 0.5117586, 0.5125726, 0.5143396, 0.5147263, 0.515042, 0.51353985, 0.513957, 0.5138364, 0.5128655, 0.51062036, 0.51022345, 0.51390815, 0.51428396, 0.51455474, 0.5148544, 0.51359713, 0.5135979, 0.5136933, 0.5114436, 0.5121417, 0.5107802, 0.5130206, 0.51413345, 0.5148012, 0.51532793, 0.512098, 0.5117409, 0.5116227, 0.5112762, 0.510712, 0.5141012, 0.51419175, 0.5137997, 0.51371247, 0.51425093, 0.5117821, 0.51296514, 0.51278913]
[0.5067341, 0.5042059, 0.5047365, 0.500587, 0.50806296, 0.49925658, 0.5053271, 0.50417346, 0.5060369, 0.4997654, 0.5125324, 0.51262164, 0.51214993, 0.5132032, 0.5133779, 0.509624, 0.5099554, 0.512495, 0.51293415, 0.51397574, 0.5152608, 0.5153425, 0.51144844, 0.5117979, 0.51155776, 0.5128739, 0.50934607, 0.5118546, 0.5126623, 0.5118165, 0.5106903, 0.51287943, 0.5141254, 0.5151869, 0.5095917, 0.50799656, 0.50750977, 0.5106077, 0.5073813, 0.5105579, 0.51336384, 0.5151071, 0.5106771, 0.51177573, 0.5149422, 0.5150282, 0.5149689, 0.5141807, 0.5147673, 0.51397985, 0.51208746, 0.5086604, 0.50897074, 0.513967, 0.51434517, 0.51492435, 0.5151853, 0.5131544, 0.5125521, 0.51361805, 0.5109728, 0.5118391, 0.51062036, 0.512285, 0.5137492, 0.5147259, 0.51501876, 0.51090485, 0.5116793, 0.5117087, 0.5110271, 0.5107284, 0.514038, 0.5145631, 0.5142082, 0.5135175, 0.51476824, 0.51102114, 0.51317316, 0.5126746]
[0.5091948, 0.5080932, 0.5074933, 0.5050131, 0.5097701, 0.50411886, 0.5093303, 0.5071542, 0.50854176, 0.50576794, 0.512666, 0.51260203, 0.51175916, 0.513263, 0.5126265, 0.51041037, 0.510427, 0.51245236, 0.5126911, 0.51322323, 0.51419604, 0.5139103, 0.5115871, 0.51185435, 0.5118338, 0.5126738, 0.5108117, 0.5121846, 0.5131738, 0.5116245, 0.5102382, 0.5129589, 0.5135701, 0.5140832, 0.510803, 0.5095738, 0.5093889, 0.5110752, 0.50904554, 0.5105861, 0.51289475, 0.5143435, 0.51168233, 0.5125427, 0.5139912, 0.51409215, 0.51419306, 0.51317275, 0.5137946, 0.5131362, 0.51261187, 0.5098762, 0.5099169, 0.51337844, 0.5134131, 0.51376295, 0.51395303, 0.513385, 0.51301396, 0.51321954, 0.5108178, 0.51221156, 0.5112109, 0.5120195, 0.512998, 0.51373667, 0.51352954, 0.51187265, 0.51167655, 0.511783, 0.5115242, 0.51104134, 0.5138631, 0.51407194, 0.51392895, 0.51364344, 0.51422745, 0.51216614, 0.51265335, 0.51243705]
[0.50865567, 0.50806165, 0.503722, 0.5013913, 0.50947464, 0.5002801, 0.5083475, 0.5047195, 0.50541025, 0.5019401, 0.51439625, 0.5145325, 0.5126915, 0.51458544, 0.5142127, 0.5111479, 0.50991374, 0.5134449, 0.5140915, 0.5150074, 0.51617396, 0.51605445, 0.51161975, 0.51197046, 0.5123154, 0.51324457, 0.5113802, 0.51292664, 0.5150236, 0.51280695, 0.5103296, 0.5136537, 0.5144384, 0.5153653, 0.51151806, 0.509332, 0.50930715, 0.51288587, 0.50772154, 0.511006, 0.5143807, 0.5159242, 0.5122212, 0.5133941, 0.5156086, 0.51623154, 0.5161691, 0.5145942, 0.51512367, 0.51463675, 0.51381403, 0.5100644, 0.5096979, 0.51441246, 0.5150571, 0.51567996, 0.5160476, 0.5148624, 0.51450044, 0.51459813, 0.5117182, 0.5131225, 0.5112752, 0.5134611, 0.51526487, 0.51629215, 0.5161716, 0.5130154, 0.5123762, 0.5123196, 0.5117987, 0.5107205, 0.5156106, 0.51563895, 0.5153284, 0.51532334, 0.5156798, 0.51220167, 0.51414114, 0.5135553]
[0.5082426, 0.5079968, 0.5068505, 0.5049704, 0.50888056, 0.5038203, 0.50817615, 0.50667286, 0.507181, 0.5047744, 0.51095974, 0.5108348, 0.5103517, 0.5108312, 0.51079047, 0.5093137, 0.50891984, 0.5106299, 0.5109724, 0.5113669, 0.5119104, 0.5119411, 0.5096476, 0.5099012, 0.50991225, 0.5107394, 0.5094513, 0.5102688, 0.51125973, 0.5105107, 0.51003975, 0.51065737, 0.5111707, 0.51164675, 0.50981134, 0.50914145, 0.50899774, 0.5105078, 0.5086849, 0.509524, 0.51093173, 0.5116045, 0.5098912, 0.5104305, 0.51174694, 0.5118212, 0.51200324, 0.5107843, 0.5110792, 0.51103085, 0.51055545, 0.50948334, 0.5091014, 0.51139355, 0.5116016, 0.5117912, 0.5119573, 0.5112572, 0.51084805, 0.5110734, 0.5096163, 0.51026016, 0.50981337, 0.5105671, 0.5115898, 0.5120782, 0.5118183, 0.5103895, 0.51010436, 0.51002324, 0.50985014, 0.50945747, 0.5115517, 0.511661, 0.511388, 0.5112949, 0.51155734, 0.5100535, 0.51093805, 0.5107616]
[0.51187223, 0.509524, 0.5076487, 0.504736, 0.5127955, 0.5041657, 0.51149464, 0.5085611, 0.5105697, 0.5061366, 0.51696575, 0.517064, 0.5161252, 0.5178136, 0.517934, 0.513728, 0.5132126, 0.51644725, 0.51670486, 0.5181908, 0.5194505, 0.5192573, 0.51515824, 0.5155657, 0.5154633, 0.5166021, 0.5143504, 0.51638186, 0.51787204, 0.51590556, 0.51365834, 0.51706815, 0.51850116, 0.51913863, 0.51360714, 0.51165843, 0.5115502, 0.51538473, 0.5110864, 0.5141477, 0.5175264, 0.51925874, 0.51551306, 0.51596034, 0.5186094, 0.5191251, 0.51965517, 0.51759624, 0.51806974, 0.51759726, 0.51678723, 0.51333165, 0.51271456, 0.51763076, 0.5180047, 0.5184914, 0.5191927, 0.5180938, 0.5174484, 0.5181522, 0.51411, 0.51568913, 0.515079, 0.5163957, 0.51797444, 0.51908666, 0.51893854, 0.51575917, 0.5160721, 0.5156907, 0.51541644, 0.51418465, 0.51863486, 0.518745, 0.51822346, 0.5181629, 0.5193579, 0.5155351, 0.51739347, 0.51653737]
[0.50990003, 0.50858325, 0.50761765, 0.50369364, 0.5107844, 0.50380176, 0.50935477, 0.508299, 0.5087209, 0.5056364, 0.513562, 0.5133874, 0.5134111, 0.51431024, 0.51442397, 0.51178604, 0.5114641, 0.51324403, 0.5139804, 0.51473284, 0.5156484, 0.51571745, 0.51280737, 0.51293606, 0.51282305, 0.5137195, 0.5118924, 0.5132, 0.51387614, 0.5136689, 0.51233685, 0.5139077, 0.5149381, 0.5153654, 0.5112586, 0.50997984, 0.50975776, 0.5126056, 0.5102813, 0.51205933, 0.514226, 0.5154285, 0.51262355, 0.51277906, 0.5151563, 0.5155395, 0.5156512, 0.51472944, 0.5149055, 0.5141908, 0.5131646, 0.5115236, 0.51156026, 0.51489055, 0.515101, 0.5152416, 0.51564986, 0.5144722, 0.5136298, 0.5143032, 0.51219547, 0.5128446, 0.5125062, 0.51349986, 0.51480925, 0.51567584, 0.5154825, 0.51271385, 0.5129515, 0.5127121, 0.5125355, 0.51167375, 0.51486075, 0.5150642, 0.5147282, 0.5145065, 0.5152251, 0.5124217, 0.5140965, 0.51367444]
[0.50874853, 0.5092256, 0.50716746, 0.5046457, 0.50930625, 0.5038369, 0.50884235, 0.5070769, 0.5065003, 0.5037422, 0.51279867, 0.51279205, 0.51193947, 0.51252544, 0.5119645, 0.5103302, 0.5101405, 0.51221836, 0.5124583, 0.51348066, 0.5141927, 0.51436085, 0.5112302, 0.51161665, 0.51159465, 0.5124848, 0.510733, 0.5113143, 0.51277006, 0.51192254, 0.5115801, 0.5120251, 0.51292324, 0.5140179, 0.5118022, 0.510839, 0.51049805, 0.51190007, 0.50965255, 0.5107142, 0.512774, 0.51389825, 0.511088, 0.51221615, 0.51400304, 0.51412314, 0.51371634, 0.5122157, 0.5129363, 0.5127779, 0.5121746, 0.5105321, 0.5101323, 0.5130777, 0.5133501, 0.5138685, 0.51405114, 0.51302886, 0.5124803, 0.5126574, 0.5106661, 0.5117458, 0.511062, 0.51213956, 0.5134378, 0.51396453, 0.514053, 0.51205754, 0.5117392, 0.51155704, 0.5116379, 0.51126564, 0.51373506, 0.51367223, 0.5134038, 0.51339924, 0.5134356, 0.51190746, 0.51298803, 0.5125581]
[0.5087456, 0.5079639, 0.5062121, 0.50334966, 0.50895053, 0.50283927, 0.50946283, 0.50741404, 0.5075684, 0.503972, 0.51312715, 0.5130783, 0.5125199, 0.5135435, 0.5133129, 0.51095426, 0.51096684, 0.51308876, 0.51333714, 0.5141112, 0.51528883, 0.5151529, 0.512239, 0.5125644, 0.5122941, 0.51319957, 0.51103735, 0.51218146, 0.5132851, 0.5130826, 0.5121318, 0.51331365, 0.51393247, 0.51488435, 0.51217884, 0.51115453, 0.51066476, 0.5125071, 0.51044583, 0.5113147, 0.51356506, 0.5148621, 0.5120568, 0.51270145, 0.5147495, 0.5149914, 0.5149602, 0.5135062, 0.5140539, 0.5136481, 0.5129259, 0.51096416, 0.5108541, 0.51420873, 0.5144676, 0.5148155, 0.5152355, 0.513851, 0.5131345, 0.5136243, 0.51129013, 0.51257324, 0.5118489, 0.51245177, 0.51397127, 0.5148471, 0.5146824, 0.51230514, 0.5128186, 0.5127826, 0.51260304, 0.5121824, 0.5146735, 0.5147871, 0.51446736, 0.51438564, 0.51467186, 0.51202434, 0.5136054, 0.5130997]
[0.51146436, 0.50845945, 0.5082141, 0.5009536, 0.5123806, 0.5031195, 0.5123669, 0.5101697, 0.51096475, 0.5044764, 0.51811916, 0.51781535, 0.5176498, 0.5190499, 0.51934344, 0.5151701, 0.51556754, 0.5180139, 0.51883405, 0.5200266, 0.52179205, 0.52186775, 0.5175261, 0.51776797, 0.5178571, 0.5186571, 0.5155026, 0.5174624, 0.5186711, 0.5181011, 0.51547104, 0.51811653, 0.5197327, 0.5206011, 0.51634884, 0.5138258, 0.5133648, 0.5163787, 0.51378036, 0.51572067, 0.519245, 0.5211379, 0.5168783, 0.5172785, 0.52117443, 0.52129525, 0.52089274, 0.51993716, 0.52053195, 0.51919496, 0.5171474, 0.51473945, 0.51500344, 0.5205131, 0.52060944, 0.52102494, 0.5218079, 0.51932865, 0.51853824, 0.51947296, 0.5152706, 0.5175449, 0.5167058, 0.5180591, 0.5199212, 0.52080536, 0.5209481, 0.5165832, 0.51750153, 0.51762027, 0.51739866, 0.51636547, 0.52010185, 0.5202659, 0.51985866, 0.51992106, 0.5210084, 0.51686925, 0.51897883, 0.51845044]
[0.5084341, 0.5082634, 0.5063474, 0.50350475, 0.508627, 0.5036714, 0.50833386, 0.5066649, 0.50642294, 0.5042277, 0.511778, 0.51209396, 0.5112439, 0.5118587, 0.51179785, 0.50983083, 0.50954354, 0.5114496, 0.51178217, 0.5124312, 0.5133143, 0.51343036, 0.510516, 0.5109583, 0.51057667, 0.5113328, 0.51013786, 0.5110043, 0.51218146, 0.51090425, 0.5104406, 0.5113852, 0.5123239, 0.51314896, 0.51025474, 0.5091601, 0.5089433, 0.51112485, 0.5083924, 0.5101319, 0.5119993, 0.5131109, 0.510425, 0.51113, 0.51282597, 0.51294726, 0.5133131, 0.5117044, 0.5122875, 0.51203084, 0.51115775, 0.50982666, 0.50954074, 0.5121744, 0.5123708, 0.51283234, 0.5131169, 0.5119994, 0.51191413, 0.51203173, 0.51027113, 0.5108996, 0.51019824, 0.5114955, 0.51265, 0.51324975, 0.5134068, 0.51109594, 0.51066256, 0.5107616, 0.51044524, 0.5103371, 0.51262933, 0.51262736, 0.51246303, 0.512154, 0.51262236, 0.5111592, 0.51159084, 0.5117492]
[0.5088854, 0.5071166, 0.504993, 0.5020003, 0.50975156, 0.5005549, 0.508073, 0.50601214, 0.50676745, 0.5025675, 0.5125722, 0.51270443, 0.5120445, 0.51298034, 0.512943, 0.50995606, 0.50947964, 0.511912, 0.51254463, 0.5136945, 0.51471066, 0.5148462, 0.5114134, 0.51155996, 0.5112605, 0.51236683, 0.5104076, 0.5122343, 0.51338446, 0.51105505, 0.5104388, 0.51269734, 0.51367456, 0.5142658, 0.5094848, 0.50822616, 0.508323, 0.511588, 0.50774187, 0.51046664, 0.5134938, 0.51449233, 0.5111653, 0.5116703, 0.51398295, 0.5145806, 0.5146723, 0.5133347, 0.513801, 0.51320136, 0.5121539, 0.5100616, 0.5094492, 0.51316756, 0.51341766, 0.51380366, 0.51409847, 0.51343304, 0.5129822, 0.5135272, 0.5109349, 0.5114444, 0.5102265, 0.5123208, 0.5135683, 0.5143732, 0.5144647, 0.5114954, 0.51108015, 0.5110786, 0.5105507, 0.5097868, 0.5134455, 0.51383626, 0.5136868, 0.51309204, 0.5143118, 0.5110849, 0.5123135, 0.5123321]
[0.5069846, 0.5064427, 0.5051217, 0.50367486, 0.50771654, 0.50298464, 0.5063039, 0.50535566, 0.50561225, 0.5035588, 0.509347, 0.50940675, 0.50876844, 0.5092707, 0.50933397, 0.50783503, 0.5071379, 0.5087455, 0.50882196, 0.50941217, 0.5099483, 0.5100108, 0.507859, 0.5081953, 0.5080857, 0.5087416, 0.50799143, 0.5089144, 0.50983506, 0.50847286, 0.5078888, 0.50911623, 0.5096729, 0.5101905, 0.5074966, 0.5066463, 0.5064902, 0.50843674, 0.506176, 0.5076706, 0.5094562, 0.5101306, 0.50821733, 0.50854665, 0.5097481, 0.5100447, 0.5104312, 0.50937647, 0.5097346, 0.5095717, 0.50904, 0.507528, 0.5071694, 0.5094565, 0.50951254, 0.50980055, 0.5100087, 0.5094973, 0.50949854, 0.509466, 0.5080277, 0.50856906, 0.50789523, 0.50906, 0.509749, 0.5103702, 0.5104911, 0.5085704, 0.5081231, 0.5082348, 0.50790286, 0.507605, 0.50980043, 0.50980365, 0.50957376, 0.50951475, 0.5098149, 0.508258, 0.50914186, 0.50892806]
[0.5114919, 0.5108424, 0.50573, 0.50109327, 0.5123768, 0.5003944, 0.5119431, 0.5080935, 0.50910836, 0.5026745, 0.5174841, 0.51728797, 0.5171182, 0.5187036, 0.5186955, 0.5138928, 0.5139573, 0.51691526, 0.51810914, 0.5193878, 0.52022916, 0.52077794, 0.516072, 0.5163209, 0.51590204, 0.5174527, 0.51421463, 0.5166311, 0.51836604, 0.5169147, 0.51469445, 0.5177665, 0.51898825, 0.52024543, 0.5149097, 0.5131757, 0.5127056, 0.51535815, 0.5120721, 0.51520944, 0.5177115, 0.51994526, 0.5158209, 0.51674557, 0.51948786, 0.52046245, 0.52025384, 0.51824695, 0.5186646, 0.5180994, 0.5168423, 0.5139187, 0.5138649, 0.51902664, 0.5191462, 0.5199031, 0.52051324, 0.5187173, 0.518043, 0.51842475, 0.51487654, 0.51636106, 0.51536787, 0.51679736, 0.5184446, 0.51995176, 0.51988375, 0.5163195, 0.5166868, 0.51680166, 0.5163752, 0.51556927, 0.51929796, 0.5195817, 0.5189858, 0.5191139, 0.51971847, 0.5164214, 0.51782244, 0.51814824]
[0.5082118, 0.50784993, 0.50414515, 0.5020532, 0.5094691, 0.50063545, 0.50714594, 0.5038921, 0.50635076, 0.5019249, 0.51159513, 0.51179695, 0.51034325, 0.5113589, 0.5110197, 0.509029, 0.5081531, 0.5106768, 0.5111141, 0.5119494, 0.51268756, 0.5126706, 0.50897884, 0.5093148, 0.5098446, 0.5106512, 0.50980747, 0.51097506, 0.5129894, 0.5099701, 0.50900614, 0.51115966, 0.512262, 0.5129313, 0.5093095, 0.5077845, 0.5077021, 0.5103976, 0.5065499, 0.5091634, 0.51244664, 0.5131015, 0.51014835, 0.5111724, 0.51221037, 0.5128896, 0.51288944, 0.5117374, 0.5121583, 0.5120051, 0.5117007, 0.5083502, 0.50792986, 0.51231664, 0.51246375, 0.51259613, 0.51254636, 0.5119851, 0.51207966, 0.51201075, 0.51008403, 0.510909, 0.50885993, 0.51111674, 0.51238775, 0.512912, 0.5130735, 0.51072514, 0.5096712, 0.5094437, 0.50910497, 0.50834537, 0.51265377, 0.5126003, 0.5124384, 0.5123346, 0.5125057, 0.5102799, 0.5110718, 0.5112613]
[0.5074241, 0.5076472, 0.5064657, 0.5031566, 0.50770855, 0.5036674, 0.50739497, 0.50605935, 0.5059316, 0.5034409, 0.51128083, 0.5114209, 0.51134294, 0.5113638, 0.5111537, 0.50935966, 0.5093627, 0.5110785, 0.5114623, 0.51231277, 0.5133456, 0.5132127, 0.5102766, 0.5105508, 0.5106702, 0.5114419, 0.5097, 0.5103426, 0.51117015, 0.51119083, 0.5104612, 0.5107524, 0.51167506, 0.51290363, 0.5106331, 0.5092947, 0.5090107, 0.51094747, 0.50886697, 0.5097257, 0.5116877, 0.51280135, 0.50986886, 0.5108522, 0.5130397, 0.5129794, 0.51284283, 0.51131076, 0.51190615, 0.5115648, 0.510553, 0.50930434, 0.5096412, 0.5120068, 0.5122944, 0.5126589, 0.51316655, 0.51165116, 0.5111449, 0.5113601, 0.50994426, 0.5105266, 0.5104573, 0.5110526, 0.512403, 0.51294136, 0.5131495, 0.51045066, 0.5107331, 0.51072663, 0.51044923, 0.51002836, 0.5124322, 0.51258737, 0.51227456, 0.5119088, 0.5124839, 0.5107943, 0.51180065, 0.5116999]
[0.5121955, 0.5108483, 0.50687355, 0.50133085, 0.51295596, 0.5015588, 0.5112821, 0.50918597, 0.5094903, 0.5010897, 0.5178843, 0.51835185, 0.51787096, 0.51888835, 0.51977295, 0.51447535, 0.51389736, 0.51758015, 0.5185135, 0.52009434, 0.5213077, 0.521837, 0.51663005, 0.51686305, 0.5161451, 0.51817685, 0.5145885, 0.51736057, 0.51873, 0.5169849, 0.5157239, 0.51813763, 0.51957375, 0.5211129, 0.5148642, 0.51314527, 0.5128089, 0.5172482, 0.51138175, 0.5152688, 0.5190985, 0.5207523, 0.5159739, 0.5170758, 0.52094376, 0.5215764, 0.5212462, 0.5192874, 0.51965904, 0.51954174, 0.51709133, 0.5145078, 0.5140576, 0.5197677, 0.5199279, 0.5205191, 0.52124035, 0.5194761, 0.5182643, 0.5194268, 0.51581323, 0.5166992, 0.51616585, 0.5177003, 0.52012694, 0.520709, 0.5211079, 0.51688725, 0.5165678, 0.5161315, 0.515921, 0.51463115, 0.51982033, 0.5202385, 0.51984924, 0.51917183, 0.5207887, 0.5169491, 0.51854026, 0.5184846]
[0.5077728, 0.5075582, 0.50554186, 0.5025929, 0.50825524, 0.5018822, 0.5083338, 0.5064631, 0.50643, 0.5027852, 0.5127997, 0.51264435, 0.5123754, 0.5127082, 0.51279795, 0.5101472, 0.510218, 0.5122871, 0.512937, 0.51368237, 0.5145586, 0.5146741, 0.51183456, 0.51201934, 0.5119262, 0.51301056, 0.51028824, 0.51170504, 0.5127041, 0.51253575, 0.51121956, 0.51254374, 0.51355886, 0.5144403, 0.511557, 0.51050013, 0.51014423, 0.51191515, 0.50979066, 0.510937, 0.51317817, 0.5141895, 0.5113189, 0.5123114, 0.5144755, 0.5146843, 0.5143575, 0.5128692, 0.5133033, 0.5136059, 0.5118745, 0.5102849, 0.51034325, 0.51388717, 0.51431173, 0.51455265, 0.5150225, 0.5134554, 0.5127854, 0.5131798, 0.51076424, 0.5120697, 0.51135933, 0.5120633, 0.51387644, 0.5143739, 0.5144812, 0.51177055, 0.5120472, 0.51175356, 0.5118642, 0.51104695, 0.51431626, 0.51446956, 0.51415217, 0.5139798, 0.5141221, 0.5115502, 0.5129508, 0.51301676]
[0.5083058, 0.5075268, 0.50606364, 0.503637, 0.5089923, 0.5026583, 0.50813836, 0.50647753, 0.5073388, 0.50429875, 0.5113875, 0.51154375, 0.5108805, 0.5118565, 0.5118191, 0.5095307, 0.5093513, 0.51119465, 0.51149786, 0.51219743, 0.5127866, 0.5130071, 0.5101517, 0.51036966, 0.5107395, 0.5112614, 0.5097974, 0.5108973, 0.51184607, 0.5102574, 0.5091571, 0.5113411, 0.5121794, 0.5129232, 0.50944084, 0.50846684, 0.5082599, 0.51024175, 0.5078365, 0.5095772, 0.51176524, 0.51305866, 0.51018614, 0.51089317, 0.51264584, 0.5128362, 0.5128434, 0.5118281, 0.5121564, 0.51172286, 0.5113103, 0.5088561, 0.508781, 0.5117617, 0.5120593, 0.5123265, 0.5125082, 0.5116772, 0.5114776, 0.51184916, 0.5102396, 0.5107805, 0.5098899, 0.5111262, 0.51206607, 0.5126406, 0.51272386, 0.5105329, 0.51035994, 0.5103538, 0.50999844, 0.509527, 0.51222074, 0.51240367, 0.5122699, 0.5122252, 0.51283306, 0.510985, 0.5114631, 0.5113961]
[0.50851417, 0.5077687, 0.5060097, 0.5025168, 0.50901604, 0.5005051, 0.5076104, 0.50628203, 0.50651455, 0.5020651, 0.5125223, 0.5124172, 0.5117673, 0.51247895, 0.51244944, 0.5101732, 0.51000315, 0.51183337, 0.5123096, 0.51327634, 0.51407343, 0.51433516, 0.5110434, 0.5113624, 0.5111811, 0.512305, 0.51009417, 0.51111984, 0.51252055, 0.51177096, 0.5111349, 0.51228696, 0.51296765, 0.51410484, 0.5106775, 0.509434, 0.5092723, 0.51173407, 0.50830114, 0.510814, 0.5125852, 0.5139577, 0.51093274, 0.51136947, 0.51376075, 0.51411915, 0.5140885, 0.51269484, 0.5130427, 0.51296455, 0.5118993, 0.5099841, 0.5097927, 0.5128603, 0.513306, 0.5137173, 0.51410913, 0.512688, 0.51240313, 0.51246625, 0.5107054, 0.51118606, 0.51059777, 0.51226044, 0.5133763, 0.5139829, 0.51421624, 0.5112497, 0.51139194, 0.51143, 0.51093733, 0.5105212, 0.51312417, 0.5132653, 0.5130111, 0.5129146, 0.51357716, 0.5111898, 0.51257455, 0.51231426]
[0.50853044, 0.5067815, 0.5050904, 0.501274, 0.5092873, 0.5021111, 0.5087246, 0.506211, 0.5073966, 0.50308335, 0.5123645, 0.51229286, 0.51206243, 0.51304907, 0.51348084, 0.51017874, 0.5104614, 0.5124929, 0.5125431, 0.51377404, 0.51457477, 0.51497585, 0.5119133, 0.51214534, 0.5119761, 0.5128385, 0.5105681, 0.51220083, 0.51290476, 0.5118154, 0.5107679, 0.51248854, 0.51366836, 0.5142006, 0.51071674, 0.50942844, 0.5090039, 0.5111023, 0.50918776, 0.5109511, 0.5133764, 0.5143965, 0.5116381, 0.51209795, 0.51415974, 0.5144947, 0.5144318, 0.51320773, 0.5138811, 0.5133162, 0.51223516, 0.51023227, 0.51023287, 0.5138182, 0.5136125, 0.5139929, 0.5143809, 0.5134687, 0.5129128, 0.5132759, 0.5109248, 0.5119378, 0.51107186, 0.51212436, 0.5133264, 0.5141769, 0.51417387, 0.5117003, 0.51172477, 0.5121051, 0.511323, 0.5109139, 0.5134283, 0.5137448, 0.5134193, 0.5134905, 0.5141726, 0.51164645, 0.51309526, 0.51277095]
[0.50655013, 0.5056513, 0.50410163, 0.5021413, 0.5068666, 0.50129986, 0.5062132, 0.5049486, 0.50519997, 0.50225425, 0.5092945, 0.5095488, 0.50902104, 0.5098426, 0.5098357, 0.50755495, 0.50731343, 0.509098, 0.50923705, 0.5099489, 0.5106199, 0.5105476, 0.50854325, 0.5088484, 0.5085989, 0.50918716, 0.50774825, 0.5090387, 0.5098434, 0.50881463, 0.5078916, 0.5093918, 0.5099826, 0.51035273, 0.50787437, 0.50666517, 0.506419, 0.5085983, 0.5061601, 0.50793785, 0.50971514, 0.510574, 0.5083089, 0.5090243, 0.51042604, 0.5104454, 0.5105335, 0.5096965, 0.50986284, 0.5099699, 0.50908023, 0.5076369, 0.50753665, 0.5100743, 0.5100808, 0.51032054, 0.51074606, 0.51000816, 0.50970614, 0.50988656, 0.5080288, 0.50873345, 0.508141, 0.5090661, 0.50982386, 0.51052046, 0.5105299, 0.50884044, 0.50864136, 0.50878984, 0.50829494, 0.5079836, 0.5103082, 0.51040596, 0.5101106, 0.5097724, 0.5102644, 0.50841945, 0.50945574, 0.5090539]
[0.50535876, 0.5051047, 0.5041218, 0.50220364, 0.505606, 0.5019728, 0.5054584, 0.50426435, 0.50421965, 0.5020336, 0.5085332, 0.5083131, 0.50804496, 0.5086543, 0.5086427, 0.50689924, 0.5067099, 0.5080417, 0.5086207, 0.50901735, 0.50958884, 0.50978535, 0.5075426, 0.5077497, 0.50753206, 0.5084051, 0.5066867, 0.5076224, 0.5084812, 0.5082793, 0.50749046, 0.5081789, 0.5089342, 0.5094947, 0.5074657, 0.50696075, 0.50673497, 0.50790817, 0.5058683, 0.5073551, 0.50835973, 0.50935376, 0.50734663, 0.5078937, 0.5094151, 0.5097447, 0.50966704, 0.5084418, 0.5088177, 0.5086004, 0.5076763, 0.50675285, 0.50676495, 0.508925, 0.509283, 0.5096545, 0.5100472, 0.5089439, 0.50836974, 0.5084808, 0.5069751, 0.50779045, 0.5075439, 0.5079944, 0.5089337, 0.5095555, 0.50959045, 0.5079534, 0.5080442, 0.50798005, 0.50785977, 0.50766927, 0.50934094, 0.5094693, 0.50925916, 0.5090498, 0.5093104, 0.50781, 0.5084484, 0.5086589]
[0.5094867, 0.50795656, 0.5067762, 0.50319934, 0.51091796, 0.5027276, 0.5086952, 0.5066216, 0.5087588, 0.5036411, 0.51333094, 0.5135059, 0.51242447, 0.5139107, 0.51378345, 0.510848, 0.51015383, 0.51314676, 0.51316744, 0.51411253, 0.515361, 0.5153636, 0.5115494, 0.5119741, 0.5119744, 0.5129844, 0.5115402, 0.51309913, 0.51418555, 0.51191354, 0.5110828, 0.5135028, 0.5144116, 0.5152153, 0.51085067, 0.50937176, 0.5091794, 0.5117593, 0.5088941, 0.5113054, 0.5138999, 0.5151564, 0.51201797, 0.51295274, 0.51496875, 0.51529056, 0.51530755, 0.51394224, 0.51465964, 0.5143144, 0.513346, 0.51015675, 0.51001394, 0.5140879, 0.5144594, 0.51467717, 0.5149145, 0.5137844, 0.51385653, 0.51396954, 0.51163256, 0.51284826, 0.5114137, 0.5131077, 0.5142448, 0.5151339, 0.51505077, 0.5120984, 0.5120598, 0.51201385, 0.511506, 0.51096857, 0.5144998, 0.5146846, 0.514306, 0.51414615, 0.51478153, 0.5123274, 0.5132001, 0.513106]
[0.5096672, 0.509001, 0.50633544, 0.5008892, 0.5104144, 0.50141436, 0.5104963, 0.50736266, 0.50679827, 0.5009569, 0.5151535, 0.5153801, 0.51508284, 0.51572436, 0.5156244, 0.51257, 0.51267016, 0.51505196, 0.515401, 0.5162449, 0.5173119, 0.51749617, 0.5138346, 0.51425505, 0.5141472, 0.51527274, 0.5126777, 0.51376796, 0.515296, 0.51469266, 0.5132407, 0.5147488, 0.51621896, 0.5173545, 0.5137047, 0.51189, 0.51122105, 0.5140493, 0.51083595, 0.5127854, 0.5155761, 0.51763624, 0.5132086, 0.5146473, 0.517065, 0.5173177, 0.51717585, 0.5155006, 0.5161142, 0.51585025, 0.5144034, 0.5118242, 0.5116275, 0.51606417, 0.5166508, 0.51700443, 0.5174467, 0.51571894, 0.515204, 0.5157592, 0.5130036, 0.5141279, 0.51355267, 0.51450104, 0.51648223, 0.51749945, 0.51734495, 0.5138862, 0.51434934, 0.51420057, 0.51414603, 0.51373327, 0.51689816, 0.51701283, 0.5166326, 0.5160696, 0.51682925, 0.5144536, 0.51562494, 0.51514673]
[0.5057659, 0.5055617, 0.50443447, 0.50312346, 0.50619423, 0.502575, 0.50576913, 0.50490004, 0.50501126, 0.5030361, 0.5078957, 0.5078367, 0.50757027, 0.5080647, 0.50807095, 0.5066517, 0.50651634, 0.5076856, 0.50798124, 0.50826, 0.508608, 0.5087335, 0.5072503, 0.50739586, 0.5072389, 0.5077854, 0.5066164, 0.5074348, 0.5080521, 0.50758266, 0.5071486, 0.5078425, 0.5081946, 0.50862694, 0.50692946, 0.5064263, 0.5063311, 0.50737697, 0.5060685, 0.5069987, 0.50799924, 0.5085146, 0.5070461, 0.507524, 0.5084916, 0.5085801, 0.5086589, 0.5079133, 0.50812787, 0.50811046, 0.5076294, 0.5066548, 0.50657713, 0.5082753, 0.5083622, 0.5085317, 0.5086764, 0.50812536, 0.50793076, 0.50796515, 0.50693953, 0.5073211, 0.50695896, 0.507566, 0.50820464, 0.5085392, 0.50862104, 0.5073168, 0.5072735, 0.50740963, 0.50713015, 0.5068784, 0.5084611, 0.5085558, 0.50833654, 0.50814706, 0.50839454, 0.5072029, 0.5078813, 0.50780153]
[0.50732476, 0.50713193, 0.50520104, 0.5017862, 0.5083073, 0.50033885, 0.5073324, 0.50510585, 0.5055217, 0.50149846, 0.5110194, 0.51113856, 0.5106027, 0.51129556, 0.51116365, 0.5090946, 0.50899655, 0.51066726, 0.51123965, 0.5121337, 0.51285815, 0.5130076, 0.5099924, 0.51016164, 0.51017416, 0.51108575, 0.50916976, 0.51031893, 0.51141536, 0.5106904, 0.5100514, 0.51090544, 0.51164263, 0.51283056, 0.5099023, 0.50884694, 0.50859004, 0.51079714, 0.5077823, 0.5096095, 0.51138467, 0.5124841, 0.5100706, 0.5105843, 0.5127448, 0.51291543, 0.51255715, 0.5114763, 0.5119094, 0.51135975, 0.510764, 0.50903636, 0.5088156, 0.5117284, 0.5121734, 0.5125091, 0.51274604, 0.51169395, 0.5111637, 0.5114027, 0.5099418, 0.5106304, 0.5098384, 0.5108122, 0.51198554, 0.5125248, 0.5126709, 0.5103508, 0.5104295, 0.5103196, 0.50996065, 0.50953686, 0.51189494, 0.5120719, 0.5119715, 0.5118921, 0.51212305, 0.5103711, 0.5113488, 0.5114745]
[0.5109374, 0.5091818, 0.5081773, 0.5023824, 0.5113835, 0.50276893, 0.51058507, 0.5098657, 0.5097093, 0.50488627, 0.51575476, 0.5154423, 0.51602966, 0.5162939, 0.51658773, 0.51405877, 0.5142269, 0.5155543, 0.516543, 0.5176907, 0.5186496, 0.5190531, 0.5154322, 0.5156772, 0.51580423, 0.51685154, 0.51340204, 0.5152581, 0.51627696, 0.5163092, 0.515077, 0.5157575, 0.517137, 0.51798546, 0.51383394, 0.51329595, 0.51289433, 0.51533324, 0.5127173, 0.5148338, 0.5167498, 0.5181467, 0.51498413, 0.5151462, 0.51807714, 0.5186287, 0.51831055, 0.51729316, 0.5179968, 0.517318, 0.5151216, 0.51361114, 0.51460063, 0.51784897, 0.517974, 0.5185666, 0.5192115, 0.5170251, 0.51602477, 0.5164896, 0.5146578, 0.51495963, 0.5149519, 0.51646996, 0.51805335, 0.5187429, 0.5187297, 0.514719, 0.5155254, 0.5154375, 0.5151242, 0.514295, 0.51750547, 0.51778656, 0.5173935, 0.51724905, 0.51810694, 0.5144296, 0.5166204, 0.5166472]
[0.5076261, 0.5071311, 0.50503075, 0.49998957, 0.5081659, 0.50158554, 0.5081455, 0.50629133, 0.504574, 0.5012214, 0.51298875, 0.51329017, 0.5130962, 0.5133768, 0.5135193, 0.5103342, 0.5105282, 0.5132916, 0.5133817, 0.5141394, 0.5153857, 0.51557595, 0.5120737, 0.51246583, 0.51226616, 0.5132662, 0.5105206, 0.5120748, 0.51319146, 0.5131705, 0.5117621, 0.51237637, 0.51366884, 0.5149506, 0.51144844, 0.51015264, 0.50969803, 0.51164186, 0.509487, 0.5111826, 0.5135196, 0.5152009, 0.5113696, 0.5124047, 0.51481044, 0.51497656, 0.5149442, 0.5135702, 0.5138061, 0.51382446, 0.51202387, 0.5104408, 0.5108684, 0.51437116, 0.5147627, 0.51500714, 0.5157901, 0.51397604, 0.5128125, 0.51320565, 0.51102656, 0.5118616, 0.5119587, 0.51268536, 0.5143277, 0.5152625, 0.5154172, 0.5119019, 0.5125691, 0.5125338, 0.51226497, 0.511727, 0.51461565, 0.5146934, 0.5141126, 0.5139765, 0.5145729, 0.5118381, 0.51364636, 0.5133962]
[0.51070863, 0.5091126, 0.50840443, 0.5041293, 0.5117839, 0.5045881, 0.5111246, 0.50951433, 0.5093001, 0.50480187, 0.51575184, 0.51595294, 0.51590365, 0.5166276, 0.5168956, 0.51311696, 0.51339245, 0.5159406, 0.51634306, 0.51714087, 0.51805353, 0.51834583, 0.5150715, 0.5154584, 0.5149941, 0.5161715, 0.51350033, 0.51527065, 0.5164144, 0.5155257, 0.5139834, 0.5159519, 0.51720667, 0.5180942, 0.5137584, 0.5125782, 0.5121672, 0.51449376, 0.51168996, 0.51398516, 0.5163165, 0.5176859, 0.5146703, 0.51518273, 0.5175043, 0.51789147, 0.517916, 0.5164796, 0.5171288, 0.51685095, 0.51516867, 0.51314014, 0.513089, 0.5171231, 0.51738364, 0.51775426, 0.51855296, 0.5167713, 0.5161156, 0.5167779, 0.5136056, 0.51497275, 0.51489943, 0.51545686, 0.5169206, 0.5179231, 0.5179154, 0.5149591, 0.5155144, 0.51544106, 0.51515114, 0.5148068, 0.5177826, 0.5178451, 0.5173366, 0.5172273, 0.5178421, 0.51495254, 0.515992, 0.5161974]
[0.50723654, 0.5068361, 0.5055417, 0.503364, 0.50770205, 0.5026955, 0.50767225, 0.50626934, 0.5067981, 0.5043433, 0.51014555, 0.5102879, 0.51002043, 0.51055133, 0.51071674, 0.5085029, 0.5084652, 0.5101708, 0.5105947, 0.5111647, 0.5116426, 0.511805, 0.50976527, 0.5100299, 0.5096852, 0.5103822, 0.50884885, 0.5100392, 0.51077, 0.50968325, 0.5083718, 0.5103149, 0.51109, 0.51138204, 0.50869715, 0.50775385, 0.5076424, 0.5092853, 0.5072891, 0.5086792, 0.51057225, 0.5115126, 0.5092511, 0.51006764, 0.51117617, 0.5115215, 0.5116783, 0.5105008, 0.5109931, 0.51095605, 0.5099035, 0.50842637, 0.508384, 0.5109507, 0.5109762, 0.5111663, 0.5116586, 0.51071715, 0.5105244, 0.5108072, 0.5085449, 0.50960034, 0.5094482, 0.5099047, 0.51090205, 0.5115129, 0.5115582, 0.5098248, 0.50972897, 0.50961846, 0.509488, 0.5091597, 0.5114179, 0.5115617, 0.5113698, 0.5109001, 0.51127243, 0.50983834, 0.510303, 0.5101256]
[0.5069445, 0.50556487, 0.50463927, 0.50114477, 0.50720716, 0.501267, 0.5074003, 0.5054304, 0.50636446, 0.50169593, 0.5110049, 0.51143277, 0.51082706, 0.512478, 0.5122032, 0.50877875, 0.5090947, 0.5117056, 0.5114321, 0.5126135, 0.51355016, 0.51367146, 0.5105665, 0.51087594, 0.51067877, 0.5115154, 0.5091609, 0.5108047, 0.5117161, 0.5105741, 0.5096084, 0.51145184, 0.51252866, 0.51325613, 0.50975215, 0.508491, 0.50793815, 0.51022136, 0.5075677, 0.5097657, 0.51194817, 0.51342034, 0.50995576, 0.5111015, 0.51316375, 0.5135014, 0.51337856, 0.5119463, 0.5125011, 0.51257044, 0.5111909, 0.5085067, 0.5085577, 0.5124703, 0.5127489, 0.5130901, 0.5133305, 0.51230085, 0.5118259, 0.51211286, 0.50973123, 0.5106568, 0.5097304, 0.510863, 0.51210403, 0.5129724, 0.51323533, 0.51053387, 0.5105671, 0.5107799, 0.51015836, 0.50991005, 0.51254153, 0.5127466, 0.51240915, 0.5124597, 0.5132258, 0.5109856, 0.5119363, 0.5114468]
[0.50789547, 0.50738996, 0.50525665, 0.50252914, 0.5083484, 0.5025842, 0.5073519, 0.5052434, 0.5061927, 0.50240797, 0.511065, 0.5111113, 0.5101579, 0.51131135, 0.5108989, 0.50909567, 0.5085793, 0.5105401, 0.51069003, 0.5115926, 0.5125027, 0.51242524, 0.50960106, 0.5098712, 0.5096649, 0.510763, 0.50937563, 0.5102832, 0.51152176, 0.51017296, 0.50951266, 0.5108757, 0.51166016, 0.5124881, 0.50958407, 0.50840276, 0.5083264, 0.51008064, 0.5077468, 0.50929326, 0.51159686, 0.5120773, 0.51004595, 0.5105186, 0.51220685, 0.51258314, 0.5124143, 0.51125824, 0.51178944, 0.51126695, 0.5108416, 0.50876826, 0.5085596, 0.5115265, 0.5118037, 0.5121411, 0.51230854, 0.51143897, 0.51135075, 0.51126575, 0.5098417, 0.51053, 0.50960255, 0.51069415, 0.51180214, 0.5125207, 0.5124624, 0.5102744, 0.5099532, 0.5098013, 0.509736, 0.50906944, 0.51213735, 0.51216394, 0.5119125, 0.5118988, 0.51198435, 0.5098368, 0.510951, 0.5109335]
[0.5078374, 0.5079, 0.50252837, 0.5007182, 0.50809205, 0.5005893, 0.5079838, 0.5051415, 0.50468934, 0.50043625, 0.5128621, 0.51289374, 0.5124004, 0.5127656, 0.51302934, 0.5101754, 0.5096478, 0.5126005, 0.5130968, 0.51370335, 0.5146615, 0.51485795, 0.5112394, 0.5115156, 0.5114978, 0.5127076, 0.51015675, 0.5117344, 0.51291406, 0.5119509, 0.5105123, 0.5122368, 0.5133242, 0.51424015, 0.5107867, 0.5099171, 0.50951743, 0.51149035, 0.50896454, 0.51046157, 0.51303834, 0.5145232, 0.51086396, 0.5121673, 0.5139909, 0.5145304, 0.5144698, 0.51289105, 0.51335955, 0.51338315, 0.51216716, 0.50960326, 0.5092454, 0.5129571, 0.51360923, 0.5141369, 0.5145774, 0.5131297, 0.5128145, 0.5133151, 0.51073474, 0.5119877, 0.51102674, 0.5120865, 0.5134494, 0.5143691, 0.514368, 0.51130265, 0.51186454, 0.511807, 0.51170355, 0.5108978, 0.5140888, 0.51418304, 0.5137683, 0.5139815, 0.5144208, 0.51126033, 0.5128606, 0.5130157]
[0.5064948, 0.5067281, 0.5047082, 0.50236565, 0.5065318, 0.50175667, 0.5070357, 0.5055412, 0.5051229, 0.50219744, 0.5100394, 0.5099077, 0.5092045, 0.50959426, 0.50953484, 0.5079602, 0.5076544, 0.5097819, 0.51016927, 0.5105046, 0.51111794, 0.5111894, 0.5088354, 0.509084, 0.5090843, 0.5099038, 0.5082062, 0.5089621, 0.5101384, 0.50958997, 0.5088049, 0.50929534, 0.5099883, 0.5108457, 0.50913745, 0.5083187, 0.50813377, 0.5095482, 0.5073382, 0.50838196, 0.509799, 0.51087105, 0.508981, 0.5096865, 0.5106653, 0.51090723, 0.5110721, 0.50961, 0.5100574, 0.5102691, 0.5092917, 0.5079066, 0.5079256, 0.5101761, 0.5105693, 0.51090837, 0.5111578, 0.5101682, 0.50963193, 0.5099998, 0.50862235, 0.50904655, 0.50900215, 0.5095095, 0.51071, 0.5110867, 0.5112285, 0.509536, 0.5092912, 0.5092546, 0.5090303, 0.50866055, 0.5105958, 0.5106545, 0.5104861, 0.5104456, 0.5107572, 0.50898874, 0.5100239, 0.5099439]
[0.5087206, 0.50682145, 0.5070109, 0.5026811, 0.5096155, 0.50160307, 0.5083907, 0.5064762, 0.5072271, 0.50413185, 0.51236254, 0.5123679, 0.51172924, 0.512556, 0.51271313, 0.5105675, 0.5105879, 0.5118214, 0.5121571, 0.51368546, 0.5145299, 0.51472574, 0.5114483, 0.51171076, 0.51179016, 0.5123286, 0.51075953, 0.51176196, 0.51258045, 0.5119229, 0.5113871, 0.5121777, 0.5132908, 0.5144146, 0.51087624, 0.5096763, 0.5091876, 0.51159114, 0.50924647, 0.5110838, 0.5133735, 0.5144313, 0.5114811, 0.5114346, 0.5139767, 0.5146387, 0.5143248, 0.51346415, 0.51415277, 0.51312256, 0.5123469, 0.510284, 0.5103019, 0.5135684, 0.5138307, 0.51398456, 0.5144152, 0.51299655, 0.51206136, 0.5127104, 0.51110554, 0.5115737, 0.5105082, 0.5127187, 0.51382583, 0.51447636, 0.5142721, 0.51144576, 0.5112301, 0.511403, 0.5107263, 0.5101232, 0.5132656, 0.51350766, 0.5134042, 0.5131824, 0.51402307, 0.5111462, 0.5132048, 0.5124488]
[0.5109206, 0.50836676, 0.5050999, 0.5012622, 0.51157254, 0.5009474, 0.50996095, 0.50856304, 0.50829226, 0.5027472, 0.5161115, 0.5157307, 0.51523143, 0.5167733, 0.51674914, 0.5130421, 0.5122884, 0.51524246, 0.51595664, 0.51713604, 0.51822394, 0.5184452, 0.5141761, 0.51438576, 0.5142255, 0.51565206, 0.5130703, 0.51508516, 0.5165521, 0.51527613, 0.5133692, 0.51610225, 0.5173613, 0.51768035, 0.5124021, 0.51090604, 0.5108198, 0.51433074, 0.51027125, 0.51325405, 0.5166098, 0.5180158, 0.5142493, 0.5147254, 0.5175445, 0.51811045, 0.5182073, 0.517013, 0.51745963, 0.5165218, 0.5153568, 0.51303756, 0.5123936, 0.5171769, 0.5173047, 0.51780653, 0.51832914, 0.5168384, 0.51624316, 0.516639, 0.5134246, 0.5146231, 0.5132743, 0.51562023, 0.5170484, 0.5183443, 0.5179951, 0.5148315, 0.5143081, 0.51447785, 0.5138753, 0.5128119, 0.5175585, 0.5178763, 0.51734203, 0.5171113, 0.51786673, 0.5140113, 0.516056, 0.5156485]
[0.50781107, 0.50776196, 0.5052889, 0.5024972, 0.5084438, 0.50200456, 0.50790656, 0.50605524, 0.50667673, 0.5029645, 0.5122577, 0.51215774, 0.51146233, 0.5121733, 0.51244247, 0.5097181, 0.50994587, 0.5119974, 0.51261, 0.5136603, 0.51433134, 0.51476693, 0.51118076, 0.51140183, 0.51147515, 0.5125245, 0.5104609, 0.5116834, 0.5127426, 0.51168656, 0.5106964, 0.51195985, 0.5130525, 0.5139613, 0.51110756, 0.51014185, 0.50975335, 0.51202494, 0.5091983, 0.51048493, 0.51302445, 0.51422644, 0.51094687, 0.5119318, 0.5137003, 0.51429605, 0.5141072, 0.5123932, 0.513204, 0.51296645, 0.5120302, 0.5097266, 0.509795, 0.51347363, 0.5136215, 0.51387525, 0.5144547, 0.5129544, 0.51259273, 0.5129723, 0.51066554, 0.51171005, 0.51058227, 0.51186687, 0.5133794, 0.5139503, 0.51405334, 0.51161987, 0.51125276, 0.51111746, 0.51117754, 0.51043475, 0.5136826, 0.51395565, 0.51357734, 0.51354367, 0.5138971, 0.51166505, 0.51240575, 0.5126729]
[0.5096378, 0.509855, 0.5084204, 0.5019975, 0.51063347, 0.5043795, 0.51078856, 0.5086277, 0.5082469, 0.5037585, 0.5148508, 0.51482487, 0.51428604, 0.51536804, 0.515498, 0.5127037, 0.51238555, 0.5151018, 0.5149652, 0.5156658, 0.51727414, 0.51704735, 0.51334566, 0.51366556, 0.5142645, 0.5145831, 0.5131215, 0.5138084, 0.51437896, 0.514303, 0.51348436, 0.51416457, 0.51571953, 0.5164894, 0.51368433, 0.5118778, 0.5114356, 0.5134292, 0.5110965, 0.51247364, 0.5151208, 0.5168168, 0.5132375, 0.51412594, 0.5165901, 0.5167245, 0.51606524, 0.51493204, 0.515803, 0.5150326, 0.5141931, 0.5118985, 0.51179147, 0.51551497, 0.515656, 0.51593083, 0.5163887, 0.51558244, 0.51457983, 0.5152895, 0.51307154, 0.51416075, 0.5139903, 0.51402503, 0.5154052, 0.5160359, 0.5162525, 0.513389, 0.51402926, 0.5139818, 0.5139238, 0.5135136, 0.5157745, 0.5159645, 0.5158581, 0.51583886, 0.51654875, 0.5142938, 0.5150492, 0.51509094]
[0.50661325, 0.50583214, 0.5046994, 0.50066286, 0.50707316, 0.5006952, 0.5074439, 0.5048138, 0.5057562, 0.5013908, 0.5103345, 0.5105628, 0.5099002, 0.5106224, 0.5108235, 0.50855476, 0.50863785, 0.5102607, 0.51079047, 0.51152575, 0.51228034, 0.5123912, 0.50974745, 0.5100229, 0.50985247, 0.5105237, 0.5088524, 0.50950646, 0.5105353, 0.50978535, 0.5088358, 0.50992167, 0.51105094, 0.51189834, 0.5096633, 0.508366, 0.5080299, 0.5096039, 0.5072351, 0.5085544, 0.5108408, 0.51213497, 0.5093036, 0.5104172, 0.512124, 0.51218027, 0.51207805, 0.5107458, 0.5112548, 0.5109357, 0.5098464, 0.50791925, 0.50784516, 0.511065, 0.5115477, 0.51167023, 0.5123776, 0.51096183, 0.5104273, 0.5110324, 0.50902253, 0.509816, 0.50919855, 0.510125, 0.51148665, 0.51194024, 0.51206654, 0.5095835, 0.5099766, 0.5097266, 0.5097991, 0.5092761, 0.5113116, 0.5113396, 0.5111751, 0.511573, 0.51188517, 0.5101428, 0.51095223, 0.5109504]
[0.5125447, 0.511624, 0.50815773, 0.5021397, 0.5136364, 0.50263596, 0.51274073, 0.5093971, 0.5088244, 0.5021296, 0.51808274, 0.51813966, 0.51802987, 0.5182896, 0.51879054, 0.5152144, 0.51508874, 0.5178158, 0.5185704, 0.51981044, 0.52072275, 0.5214639, 0.5166932, 0.5171748, 0.5166562, 0.51853496, 0.51530004, 0.51709586, 0.51851827, 0.5180269, 0.51726025, 0.517762, 0.5190815, 0.5205716, 0.5161411, 0.5154211, 0.51472044, 0.5174442, 0.5138769, 0.516228, 0.5185778, 0.52003795, 0.5164361, 0.5175298, 0.5201356, 0.5208056, 0.5201947, 0.51817614, 0.5187358, 0.51882935, 0.5168869, 0.51542854, 0.5150888, 0.5192111, 0.5199056, 0.5205027, 0.5208555, 0.5192894, 0.51844233, 0.5187351, 0.5160953, 0.51729274, 0.5164677, 0.5177931, 0.51954544, 0.5202017, 0.5205033, 0.51700205, 0.5173013, 0.51721954, 0.5168291, 0.51596105, 0.5195839, 0.519887, 0.5195478, 0.5190296, 0.52006847, 0.5170144, 0.5181391, 0.5184229]
[0.5081238, 0.5064444, 0.5046707, 0.5020096, 0.50900775, 0.5000594, 0.5077551, 0.50514615, 0.5063753, 0.50052047, 0.5128473, 0.51258403, 0.5126281, 0.5133838, 0.5134823, 0.510072, 0.51039004, 0.51236546, 0.51325405, 0.51494205, 0.515559, 0.5159825, 0.5119666, 0.5120968, 0.5121522, 0.5134269, 0.510572, 0.51246154, 0.51341635, 0.51193297, 0.5112425, 0.51302147, 0.51400685, 0.5152454, 0.51058334, 0.5097071, 0.5093864, 0.5122005, 0.508804, 0.5112556, 0.5136438, 0.5150146, 0.5112837, 0.51243263, 0.5149615, 0.5157348, 0.51511973, 0.5138581, 0.5143527, 0.5137812, 0.5127088, 0.51032406, 0.50997156, 0.51434326, 0.51474476, 0.5150829, 0.5155792, 0.5142225, 0.5132377, 0.51388496, 0.5114829, 0.5124887, 0.5108415, 0.51280296, 0.5143622, 0.51497257, 0.51524204, 0.51144254, 0.51187104, 0.511793, 0.51135176, 0.5101898, 0.5140856, 0.5144722, 0.5144142, 0.5140816, 0.51497227, 0.51193416, 0.5134728, 0.51299906]
[0.5111781, 0.5099793, 0.5085324, 0.5049431, 0.5116061, 0.505505, 0.5106018, 0.50864285, 0.5091777, 0.5055158, 0.51566917, 0.51581466, 0.5146333, 0.51593935, 0.5157596, 0.513141, 0.5126503, 0.51549464, 0.51534677, 0.51640457, 0.5176279, 0.5174944, 0.513748, 0.5142669, 0.5141454, 0.51519763, 0.51332265, 0.5146133, 0.5158983, 0.514185, 0.51312906, 0.51521623, 0.5162757, 0.51725805, 0.51319665, 0.5118966, 0.51145667, 0.5146978, 0.51139, 0.5135924, 0.516434, 0.51778257, 0.51402706, 0.5151645, 0.51727223, 0.51778364, 0.5177912, 0.515901, 0.5166238, 0.5165758, 0.5154176, 0.51243883, 0.5123169, 0.5160973, 0.5163868, 0.5168487, 0.517086, 0.5161853, 0.51615113, 0.5161111, 0.5137216, 0.514493, 0.51366913, 0.5150965, 0.5165429, 0.51745903, 0.51761734, 0.5148516, 0.5144042, 0.5143326, 0.51407665, 0.51351035, 0.51681983, 0.51702964, 0.5169774, 0.516536, 0.51718366, 0.5145362, 0.51538515, 0.51549363]
[0.5076519, 0.507526, 0.50569886, 0.5031772, 0.5080288, 0.5030284, 0.50715554, 0.50632226, 0.5059148, 0.50336766, 0.51065326, 0.51077366, 0.5105134, 0.5108866, 0.51084316, 0.5089572, 0.50861716, 0.51015127, 0.5106811, 0.51137096, 0.5122675, 0.5122364, 0.5094583, 0.50971395, 0.5095197, 0.5104595, 0.50910395, 0.50975364, 0.51113653, 0.5104907, 0.5097748, 0.51059186, 0.51116556, 0.5119666, 0.50915337, 0.5083433, 0.50817907, 0.51002175, 0.50783473, 0.50934047, 0.5107757, 0.5117621, 0.5093815, 0.5099867, 0.51185715, 0.5118344, 0.5118485, 0.51076764, 0.5109186, 0.5107381, 0.510142, 0.50896066, 0.5089178, 0.51127505, 0.5114332, 0.5117525, 0.51223344, 0.51099193, 0.5107013, 0.51110536, 0.509534, 0.50982124, 0.5095615, 0.51046693, 0.51151705, 0.5120322, 0.5120939, 0.50992775, 0.5098568, 0.50986934, 0.5095257, 0.50933653, 0.51182944, 0.51176924, 0.51147413, 0.5109504, 0.5113475, 0.50984645, 0.51051617, 0.5106187]
[0.50788736, 0.5069249, 0.50518095, 0.5014276, 0.5080484, 0.5012496, 0.5072517, 0.50595427, 0.5060799, 0.50200427, 0.51169896, 0.5119087, 0.5116254, 0.51243967, 0.512782, 0.5094608, 0.5093029, 0.5117257, 0.51207787, 0.5130059, 0.5140435, 0.5140608, 0.5110345, 0.5112914, 0.5109351, 0.5119197, 0.50968707, 0.51147085, 0.51225173, 0.5116291, 0.5109016, 0.5118082, 0.51294935, 0.51369584, 0.5097743, 0.50887835, 0.50873643, 0.51140124, 0.5085253, 0.51072574, 0.5124863, 0.5134408, 0.51058894, 0.5113873, 0.5135542, 0.51381934, 0.51395726, 0.512391, 0.51280814, 0.5127922, 0.5113673, 0.50964195, 0.5097675, 0.5129867, 0.5132495, 0.5136717, 0.5140315, 0.5129183, 0.51246417, 0.51263005, 0.51035595, 0.5110988, 0.5106806, 0.51150715, 0.51301503, 0.5135874, 0.5136806, 0.511048, 0.511302, 0.51106656, 0.51093, 0.51015633, 0.5128928, 0.5132393, 0.5129165, 0.51272804, 0.5134806, 0.5107715, 0.5120846, 0.5119037]
[0.5098192, 0.5088295, 0.5065111, 0.5016256, 0.51087433, 0.50120014, 0.5094223, 0.50706303, 0.50761616, 0.5029959, 0.51558864, 0.5155007, 0.5143349, 0.51549244, 0.5156691, 0.5121994, 0.51188594, 0.5151737, 0.51576674, 0.5166697, 0.517819, 0.5180461, 0.51345974, 0.5138363, 0.5139119, 0.515323, 0.5124323, 0.5141516, 0.5161533, 0.5144713, 0.5135373, 0.51498854, 0.5163862, 0.5173195, 0.5130917, 0.5114896, 0.51129186, 0.51386833, 0.51063, 0.51335657, 0.5159291, 0.51705563, 0.51376176, 0.51456565, 0.5173159, 0.5173858, 0.5176869, 0.5154038, 0.5159505, 0.51593184, 0.51505554, 0.51252794, 0.5119841, 0.51679915, 0.51676774, 0.51731, 0.517881, 0.51599854, 0.5154483, 0.5160552, 0.51298517, 0.51405144, 0.5137495, 0.51478326, 0.51677656, 0.5174179, 0.51755744, 0.51463276, 0.513952, 0.5140555, 0.51324594, 0.512808, 0.5169819, 0.51707786, 0.5167595, 0.51631606, 0.51693755, 0.51407206, 0.5156362, 0.5154016]
[0.50872487, 0.50747496, 0.5052035, 0.5010088, 0.50962204, 0.50111604, 0.50797945, 0.5068928, 0.50628453, 0.50113314, 0.51321137, 0.5132367, 0.51281875, 0.5133474, 0.5136379, 0.5110633, 0.5108991, 0.51267606, 0.5131696, 0.51427317, 0.51501614, 0.5154918, 0.5121786, 0.5124012, 0.5125301, 0.5134916, 0.510827, 0.51285905, 0.513799, 0.51281196, 0.51208115, 0.5131394, 0.5140835, 0.51471436, 0.5105471, 0.5099517, 0.50985867, 0.5123992, 0.5092333, 0.5118642, 0.5140397, 0.51494586, 0.51162803, 0.5122447, 0.5144578, 0.515082, 0.51497775, 0.5139644, 0.51456755, 0.5144236, 0.5128547, 0.5113087, 0.5109701, 0.5145935, 0.5146097, 0.5151863, 0.5152819, 0.51396596, 0.51357955, 0.51355946, 0.5118352, 0.51219314, 0.5113349, 0.51314783, 0.51446694, 0.5149967, 0.5153202, 0.512183, 0.5119331, 0.51216424, 0.5114484, 0.51087546, 0.51427716, 0.5144842, 0.5141045, 0.5138833, 0.5146126, 0.51162213, 0.51327807, 0.512856]
[0.50559884, 0.5061537, 0.50468045, 0.5012192, 0.50566, 0.50233406, 0.5066529, 0.50514454, 0.5037443, 0.5021772, 0.50879395, 0.50886536, 0.50889075, 0.5086385, 0.50876087, 0.5075865, 0.5075867, 0.50881606, 0.50888973, 0.5092322, 0.5099299, 0.50996727, 0.50825626, 0.50847495, 0.5085167, 0.5088229, 0.5074402, 0.50781107, 0.5081501, 0.50914323, 0.50844336, 0.5080852, 0.50883526, 0.5096135, 0.5086381, 0.507718, 0.50732076, 0.50822395, 0.50690943, 0.50758135, 0.50848913, 0.50970894, 0.50787354, 0.5082674, 0.50965333, 0.50978917, 0.5095675, 0.5085381, 0.5090616, 0.508594, 0.5080559, 0.50732726, 0.50753623, 0.5090551, 0.50940704, 0.50957423, 0.5101038, 0.5092195, 0.5082383, 0.5086001, 0.5074218, 0.5082235, 0.5083871, 0.50829315, 0.5092103, 0.5097257, 0.50981456, 0.5079813, 0.50865036, 0.50862193, 0.50867814, 0.5084886, 0.5094665, 0.50948876, 0.5092528, 0.5093403, 0.509639, 0.5081004, 0.508884, 0.50899374]
[0.5070492, 0.50547826, 0.506232, 0.5004654, 0.507773, 0.5026316, 0.5069977, 0.50580037, 0.5064819, 0.50300425, 0.5109279, 0.5107527, 0.5105025, 0.51145846, 0.5117665, 0.5094584, 0.50988317, 0.5110427, 0.5114251, 0.51218516, 0.513138, 0.51335824, 0.5106649, 0.5109717, 0.51078206, 0.51170015, 0.5095839, 0.5105512, 0.5109833, 0.5108255, 0.50994366, 0.5110134, 0.5122762, 0.5130555, 0.5093905, 0.50821394, 0.50780064, 0.50977963, 0.50818217, 0.50979567, 0.5117853, 0.51303554, 0.51035357, 0.5106477, 0.51276165, 0.5131089, 0.51270956, 0.5120047, 0.5126759, 0.51172924, 0.51051784, 0.5088762, 0.5095773, 0.5121445, 0.5122584, 0.5126218, 0.5129122, 0.5117979, 0.511057, 0.5114356, 0.5094056, 0.51057124, 0.5104649, 0.510896, 0.5122545, 0.512779, 0.5127233, 0.5103155, 0.51092976, 0.51073515, 0.51072466, 0.5103602, 0.5122762, 0.51253295, 0.51239955, 0.51234573, 0.512644, 0.5109094, 0.511353, 0.51157737]
[0.5078342, 0.50638217, 0.506307, 0.5036546, 0.5084405, 0.50191814, 0.50766957, 0.5061407, 0.5068446, 0.5036824, 0.51095337, 0.5105896, 0.5105546, 0.5110229, 0.51103604, 0.50931156, 0.50936884, 0.5105196, 0.511127, 0.5118034, 0.5123308, 0.51251405, 0.5100929, 0.51021296, 0.51035124, 0.51098514, 0.50937474, 0.51033604, 0.51104903, 0.5102925, 0.5095783, 0.5107479, 0.511519, 0.51254684, 0.50939703, 0.508626, 0.50819826, 0.5104143, 0.50788707, 0.5095001, 0.5113631, 0.51249206, 0.50977343, 0.51061636, 0.51222473, 0.5125748, 0.51235265, 0.5115298, 0.5118233, 0.51156294, 0.5104749, 0.5087343, 0.50867, 0.51149, 0.5118148, 0.5120182, 0.5121942, 0.51115716, 0.51084, 0.5111722, 0.5097287, 0.5104122, 0.5093243, 0.511031, 0.51190346, 0.5123742, 0.5121642, 0.510075, 0.50995326, 0.51017684, 0.5097816, 0.5093761, 0.5116113, 0.5117999, 0.511764, 0.5115137, 0.51219934, 0.5102191, 0.51138425, 0.5110004]
[0.5087792, 0.5083726, 0.50784266, 0.5051242, 0.5092652, 0.5026596, 0.5089581, 0.5075028, 0.5074436, 0.50535184, 0.51259923, 0.5125121, 0.5122965, 0.512664, 0.5127661, 0.51074743, 0.5105554, 0.51209724, 0.51272476, 0.5133132, 0.51397794, 0.51415855, 0.5111017, 0.51136553, 0.5118687, 0.5124421, 0.510684, 0.5115312, 0.5125754, 0.51210773, 0.51153487, 0.5122351, 0.5130246, 0.51385367, 0.51161206, 0.5109021, 0.51034397, 0.5120194, 0.50970536, 0.5110745, 0.51268315, 0.5137466, 0.5111631, 0.5118798, 0.513912, 0.51413244, 0.5137796, 0.51246613, 0.5128729, 0.51272523, 0.5119438, 0.5103434, 0.5102289, 0.51295847, 0.5135063, 0.51381254, 0.5140521, 0.51292795, 0.51219916, 0.5125972, 0.5110407, 0.511603, 0.511093, 0.5121101, 0.51330876, 0.51380545, 0.5138694, 0.5114376, 0.511649, 0.5117027, 0.5114713, 0.5110352, 0.5133511, 0.5135231, 0.5132777, 0.5132811, 0.5136896, 0.5118578, 0.51280993, 0.5125846]
[0.50831616, 0.5085413, 0.5056766, 0.5015031, 0.5092524, 0.5034984, 0.5092571, 0.50799876, 0.50663334, 0.50282973, 0.5133264, 0.51341593, 0.5132812, 0.51343507, 0.5137736, 0.5106211, 0.5105853, 0.51331043, 0.5132771, 0.5143053, 0.51501125, 0.5152349, 0.51203644, 0.5125306, 0.51219654, 0.5132386, 0.51102287, 0.5122195, 0.51376945, 0.51332563, 0.5116644, 0.5129767, 0.51421124, 0.51519865, 0.51156735, 0.5105347, 0.51010126, 0.5121607, 0.50974333, 0.5111737, 0.5135583, 0.5148175, 0.5116649, 0.5125744, 0.5144159, 0.5143629, 0.5152123, 0.5131894, 0.5138545, 0.51398927, 0.51261604, 0.5108973, 0.51057214, 0.5143072, 0.5143898, 0.5149602, 0.5153297, 0.5139731, 0.51309985, 0.5135661, 0.5109032, 0.5117682, 0.5118315, 0.5127201, 0.51419073, 0.51502097, 0.5150595, 0.51258874, 0.5127555, 0.51275533, 0.5121645, 0.5119379, 0.5150547, 0.5149751, 0.51435107, 0.5139955, 0.5143725, 0.5122204, 0.5133623, 0.51313984]
[0.5079977, 0.50720096, 0.5057072, 0.5043299, 0.50841445, 0.50287247, 0.5075613, 0.50618553, 0.5066236, 0.5035986, 0.51127255, 0.5112964, 0.5105908, 0.51147926, 0.5112081, 0.5090178, 0.5087986, 0.5108651, 0.5111915, 0.51189405, 0.5125745, 0.5124577, 0.50987136, 0.5101701, 0.5099627, 0.5109681, 0.50938576, 0.51064026, 0.51191163, 0.5105129, 0.509392, 0.5115225, 0.5118597, 0.5126568, 0.5096224, 0.50857764, 0.5084839, 0.51030254, 0.5075614, 0.5095198, 0.5112808, 0.51247615, 0.51006985, 0.51059157, 0.512282, 0.5127492, 0.5126606, 0.51194584, 0.5121209, 0.51186454, 0.51089317, 0.50893635, 0.5088546, 0.51164573, 0.5121494, 0.512531, 0.51257163, 0.5116026, 0.5113792, 0.5112699, 0.50969666, 0.51034534, 0.50965923, 0.51087886, 0.51191705, 0.5127085, 0.5126053, 0.5106021, 0.510267, 0.51000065, 0.5098135, 0.50937533, 0.5125608, 0.51261157, 0.5122832, 0.51176125, 0.512169, 0.51036656, 0.51129955, 0.51084965]
[0.50970626, 0.51001954, 0.5084396, 0.50346386, 0.50998074, 0.5043398, 0.51036036, 0.5081233, 0.5080479, 0.50540906, 0.51496446, 0.51505333, 0.5145269, 0.514881, 0.5147819, 0.5121465, 0.5123117, 0.5149848, 0.51530594, 0.5163202, 0.51737255, 0.5173643, 0.51346034, 0.513993, 0.5144708, 0.5150779, 0.5125442, 0.51408297, 0.51501197, 0.514252, 0.513494, 0.5141221, 0.51527363, 0.51674527, 0.5139086, 0.5127618, 0.5122399, 0.51384217, 0.5114305, 0.5130651, 0.5152408, 0.5170811, 0.513088, 0.51467645, 0.5167176, 0.5170597, 0.5163377, 0.51472795, 0.51584405, 0.5156936, 0.5143142, 0.51164675, 0.51224756, 0.5156775, 0.51619834, 0.5166311, 0.5173018, 0.5156501, 0.51472837, 0.51529175, 0.5130594, 0.51399815, 0.5137351, 0.514551, 0.5159343, 0.51671225, 0.51705855, 0.514059, 0.5143343, 0.51419693, 0.51398516, 0.513407, 0.5166435, 0.51678586, 0.51643854, 0.5162169, 0.5169376, 0.51423246, 0.5151516, 0.5150966]
[0.51110524, 0.5108597, 0.5076677, 0.5038346, 0.5125363, 0.5019371, 0.51171917, 0.50899684, 0.5089819, 0.50426126, 0.51683784, 0.51674443, 0.5157416, 0.51712537, 0.51726425, 0.51347345, 0.51320326, 0.51629007, 0.51678294, 0.5175661, 0.51842177, 0.5189455, 0.5149381, 0.51531136, 0.51509047, 0.5162251, 0.513771, 0.5156302, 0.5171617, 0.51561296, 0.5141665, 0.51633996, 0.5175796, 0.5184926, 0.51388603, 0.51269, 0.5122095, 0.51492244, 0.5120025, 0.5142737, 0.51706034, 0.5185602, 0.5147029, 0.5159509, 0.51803786, 0.518448, 0.51887125, 0.51691735, 0.51750225, 0.5173264, 0.5161938, 0.51339287, 0.513197, 0.5174364, 0.51781213, 0.51809525, 0.5186133, 0.5171786, 0.51703656, 0.51704204, 0.5145042, 0.5154025, 0.5146323, 0.51572406, 0.5173325, 0.5183332, 0.5185637, 0.515465, 0.5151929, 0.5152793, 0.5145405, 0.5138628, 0.51807606, 0.51832026, 0.51800394, 0.51718503, 0.51821584, 0.51549244, 0.5161856, 0.51626766]
[0.50608504, 0.5054506, 0.5030468, 0.5006343, 0.5052595, 0.5017195, 0.50581723, 0.50541455, 0.5034374, 0.5013872, 0.5100301, 0.5100992, 0.5104002, 0.51046157, 0.51079375, 0.5082158, 0.50835675, 0.5104762, 0.5105998, 0.51122326, 0.51207197, 0.5122916, 0.50969887, 0.51004976, 0.5095078, 0.51042616, 0.50798243, 0.5096129, 0.51035446, 0.51041293, 0.5096393, 0.5095765, 0.510952, 0.51151603, 0.5090143, 0.5084844, 0.50811434, 0.50952035, 0.50766647, 0.50913286, 0.5101949, 0.5114569, 0.50923854, 0.50960773, 0.5113288, 0.511528, 0.51214665, 0.51049125, 0.51116425, 0.51107043, 0.50945514, 0.5087813, 0.50933003, 0.51128316, 0.5114971, 0.51187736, 0.5127594, 0.51140785, 0.5103901, 0.5104682, 0.50862664, 0.5093222, 0.5099146, 0.5100679, 0.5113033, 0.51218563, 0.5123247, 0.50985825, 0.51025015, 0.51022846, 0.51014745, 0.5099244, 0.51191753, 0.5120417, 0.51143986, 0.5112089, 0.5115757, 0.5089448, 0.5102252, 0.51072806]
[0.5080413, 0.5080817, 0.5072606, 0.5053524, 0.5085804, 0.5048665, 0.5077314, 0.50687164, 0.50688064, 0.5050317, 0.51099116, 0.5112122, 0.510721, 0.51091766, 0.5107897, 0.50936896, 0.5092504, 0.5104926, 0.5107076, 0.51159275, 0.51229507, 0.51241034, 0.50972855, 0.5099458, 0.5103968, 0.5110216, 0.50952923, 0.5100921, 0.51097095, 0.51064223, 0.5102802, 0.5104865, 0.51153, 0.51254845, 0.5101139, 0.50929785, 0.50890565, 0.51060104, 0.5084701, 0.5097347, 0.5112088, 0.51241976, 0.5097467, 0.5103046, 0.512128, 0.51235825, 0.5121875, 0.5110144, 0.5117772, 0.5113106, 0.51086503, 0.50899863, 0.5088895, 0.5112318, 0.5116564, 0.51193273, 0.51221335, 0.5113141, 0.51072437, 0.51093525, 0.50977325, 0.5101136, 0.50985, 0.5109352, 0.5116055, 0.5123372, 0.5123447, 0.51034456, 0.51021487, 0.5099452, 0.5098525, 0.5097055, 0.5118918, 0.5119729, 0.5117398, 0.5115095, 0.511949, 0.5105129, 0.5112282, 0.511024]
[0.50887257, 0.50770694, 0.5065567, 0.5034402, 0.50979555, 0.502629, 0.50903666, 0.5064302, 0.507343, 0.503698, 0.5133658, 0.51350087, 0.51312196, 0.5139381, 0.51386595, 0.51109403, 0.51097697, 0.51301134, 0.5132191, 0.5142461, 0.51536953, 0.5154665, 0.5124673, 0.512696, 0.5122632, 0.5131861, 0.51102096, 0.51237917, 0.5133842, 0.5129542, 0.5113912, 0.5135428, 0.51440847, 0.51545453, 0.5115117, 0.50963193, 0.50923, 0.51211447, 0.50892246, 0.5112697, 0.51370716, 0.51482755, 0.5121516, 0.5126888, 0.51514745, 0.51538056, 0.5152746, 0.5139139, 0.5144262, 0.5141699, 0.5127086, 0.5103701, 0.51043725, 0.5140794, 0.51451474, 0.5148463, 0.51529974, 0.5143144, 0.513346, 0.5137891, 0.5114382, 0.51249015, 0.5117647, 0.5129357, 0.5144525, 0.51494634, 0.5150449, 0.511903, 0.5128477, 0.51238644, 0.5123234, 0.5115188, 0.5145732, 0.51471424, 0.5145258, 0.5139172, 0.51467466, 0.51229095, 0.51389116, 0.51273054]
[0.5075939, 0.50731945, 0.50585634, 0.5020784, 0.5078345, 0.50300455, 0.5080404, 0.5067801, 0.50597894, 0.50309277, 0.5123273, 0.51239824, 0.51203364, 0.5120775, 0.51223993, 0.51007086, 0.5100108, 0.5122456, 0.51257324, 0.5132526, 0.51397634, 0.5142251, 0.5110452, 0.51144886, 0.5115572, 0.5126234, 0.51009864, 0.51115423, 0.5121499, 0.5124773, 0.51112735, 0.51158553, 0.51293033, 0.5140162, 0.51137954, 0.5104822, 0.5099782, 0.5115342, 0.5089605, 0.5105054, 0.5125539, 0.51399416, 0.5108331, 0.5117794, 0.5136496, 0.5140411, 0.5140669, 0.51218456, 0.51288074, 0.5129108, 0.51140803, 0.5098372, 0.5099134, 0.51311827, 0.51338893, 0.51365596, 0.51414114, 0.512578, 0.5120808, 0.51241446, 0.51037526, 0.51118726, 0.51108986, 0.51202154, 0.5134595, 0.51427263, 0.51410633, 0.5120257, 0.51156205, 0.5117014, 0.51159483, 0.5113752, 0.5137645, 0.5138464, 0.51336306, 0.5133312, 0.5134999, 0.5112207, 0.51269656, 0.5125696]
[0.5112852, 0.5105125, 0.5099674, 0.50685865, 0.5116014, 0.5071033, 0.5111837, 0.5104603, 0.5104236, 0.5077292, 0.5154137, 0.5151859, 0.51562, 0.5158831, 0.516276, 0.51348835, 0.5134206, 0.5154171, 0.5160755, 0.5165937, 0.51773745, 0.51774776, 0.5146919, 0.5150065, 0.514738, 0.5158679, 0.5134918, 0.51489, 0.51549304, 0.51557094, 0.51435554, 0.5156208, 0.5166377, 0.5172615, 0.51341677, 0.51287085, 0.51252306, 0.51497763, 0.5126468, 0.5137754, 0.51575273, 0.51709926, 0.5140161, 0.51488376, 0.51724756, 0.5177106, 0.51753724, 0.5161994, 0.5165219, 0.5163921, 0.5144265, 0.5133609, 0.51355624, 0.5166986, 0.5167648, 0.5172291, 0.5178991, 0.516246, 0.51539135, 0.5161064, 0.51379925, 0.5146392, 0.5148375, 0.51489717, 0.5164415, 0.51734704, 0.5172869, 0.5143529, 0.51520914, 0.5150253, 0.5149241, 0.5143485, 0.5172958, 0.5175314, 0.5170555, 0.5161458, 0.5172095, 0.514352, 0.51586235, 0.5156436]
[0.50883144, 0.5093247, 0.50574505, 0.5038474, 0.50865173, 0.50420296, 0.5086867, 0.50726694, 0.5061173, 0.5038384, 0.5127342, 0.51317096, 0.5123743, 0.51267284, 0.51264, 0.5104965, 0.5098877, 0.51262045, 0.5123778, 0.51308227, 0.5138988, 0.51408595, 0.5115496, 0.5119578, 0.511626, 0.5124646, 0.5107088, 0.511816, 0.5128633, 0.5123857, 0.51125914, 0.51198626, 0.51320726, 0.51378995, 0.51113516, 0.510204, 0.50981003, 0.51195127, 0.50920945, 0.5110738, 0.51299894, 0.51412076, 0.5112823, 0.51216066, 0.5134848, 0.513838, 0.5142481, 0.51278454, 0.5132361, 0.5132698, 0.5122381, 0.5104883, 0.51036686, 0.5130832, 0.51339823, 0.5136152, 0.51407903, 0.51326907, 0.5129892, 0.51271003, 0.51107585, 0.5116452, 0.51098615, 0.5123457, 0.51333505, 0.51428896, 0.5142661, 0.5120994, 0.5118156, 0.5118608, 0.511606, 0.51132953, 0.5137285, 0.5139136, 0.5134769, 0.5131938, 0.5136746, 0.51135355, 0.5128174, 0.5124835]
[0.50608855, 0.5048207, 0.5033524, 0.50151515, 0.50653625, 0.5003976, 0.5053554, 0.50416696, 0.50425327, 0.5011182, 0.50880235, 0.5086651, 0.50836307, 0.50914854, 0.5091063, 0.5070751, 0.50660354, 0.508395, 0.50871015, 0.5094064, 0.5099754, 0.50997, 0.5076691, 0.5079304, 0.50784695, 0.5085813, 0.5073494, 0.508453, 0.50947124, 0.50828475, 0.5073927, 0.50889057, 0.50946516, 0.5098959, 0.5071043, 0.5063286, 0.5062071, 0.50812757, 0.5060291, 0.507459, 0.50908273, 0.50964075, 0.5075959, 0.5081906, 0.5097857, 0.5099984, 0.5100621, 0.50917363, 0.5094348, 0.50912964, 0.5083645, 0.50713354, 0.50667864, 0.50940436, 0.50967443, 0.5099915, 0.51010925, 0.50917506, 0.5089593, 0.509277, 0.50740004, 0.5080812, 0.50747466, 0.5086805, 0.50956833, 0.51011276, 0.5100716, 0.5080882, 0.50780964, 0.5078461, 0.5076663, 0.5069921, 0.50964475, 0.50957364, 0.50934404, 0.50935024, 0.5097965, 0.5077143, 0.50890726, 0.50868547]
[0.50726134, 0.5061206, 0.50391823, 0.5014399, 0.50844455, 0.50058854, 0.50674677, 0.5046049, 0.5055677, 0.50166714, 0.5108273, 0.51078475, 0.510008, 0.5110461, 0.5109117, 0.5082692, 0.5078338, 0.509946, 0.5104987, 0.51138973, 0.5120193, 0.51210964, 0.5091874, 0.50939965, 0.5092962, 0.51016015, 0.50886774, 0.5098329, 0.5114299, 0.50967604, 0.50864565, 0.51059496, 0.5114266, 0.51216155, 0.5082969, 0.50693905, 0.507013, 0.5096051, 0.5065618, 0.5088813, 0.51112294, 0.51179886, 0.5093712, 0.5098195, 0.51172066, 0.5120861, 0.5121138, 0.51106536, 0.51115257, 0.5110261, 0.51048654, 0.5083141, 0.50761807, 0.5110513, 0.5113444, 0.51178133, 0.5118621, 0.5111374, 0.5109472, 0.51102275, 0.5089468, 0.50963974, 0.5087911, 0.5103412, 0.51135427, 0.51186234, 0.51196605, 0.50922966, 0.5094259, 0.50936586, 0.50872225, 0.5080804, 0.5114524, 0.51152146, 0.5113662, 0.51130223, 0.51162994, 0.5093674, 0.5105362, 0.5101895]
[0.5053793, 0.5050721, 0.5041538, 0.50191116, 0.505218, 0.50303763, 0.5053972, 0.50527585, 0.504956, 0.5027921, 0.50808734, 0.5082393, 0.50845426, 0.5085873, 0.50877374, 0.50684136, 0.50710493, 0.5083695, 0.5086794, 0.5089801, 0.5095595, 0.5095952, 0.5082917, 0.50835645, 0.5078642, 0.5086998, 0.5067475, 0.5080539, 0.5083444, 0.5085878, 0.5077489, 0.50798357, 0.50883967, 0.50918585, 0.5074507, 0.50705594, 0.50682175, 0.5078059, 0.5067266, 0.50770503, 0.5084622, 0.50912505, 0.5076115, 0.5080038, 0.50907195, 0.5092553, 0.5092823, 0.5086519, 0.50889206, 0.50875735, 0.50770205, 0.50720936, 0.50763965, 0.509113, 0.5092539, 0.5095615, 0.51003706, 0.50912994, 0.50829905, 0.50865406, 0.50726473, 0.5079237, 0.50801915, 0.50808126, 0.50884634, 0.50946134, 0.50942963, 0.50812936, 0.5085068, 0.50824714, 0.50840056, 0.50812066, 0.509557, 0.5096013, 0.509277, 0.509034, 0.50937414, 0.5076532, 0.5084289, 0.508663]
[0.508807, 0.5095261, 0.50327605, 0.50015324, 0.51025665, 0.4997749, 0.5089828, 0.50477797, 0.5034349, 0.49992466, 0.51581985, 0.51596975, 0.51471376, 0.51583505, 0.515832, 0.51210696, 0.5109242, 0.51528406, 0.5156732, 0.51666427, 0.51795083, 0.518261, 0.51335543, 0.51405483, 0.51378536, 0.5153111, 0.51203495, 0.5144797, 0.51631296, 0.5148404, 0.513319, 0.5153074, 0.5164844, 0.5174954, 0.51314634, 0.5119563, 0.5112587, 0.5143451, 0.51010245, 0.5127774, 0.5157332, 0.5180452, 0.5132056, 0.514723, 0.51727647, 0.51800853, 0.51798975, 0.5155958, 0.5163882, 0.5163682, 0.5149473, 0.5118665, 0.51186323, 0.5165648, 0.5170471, 0.5178817, 0.51824313, 0.5162793, 0.5160005, 0.51601225, 0.51292557, 0.514638, 0.51312447, 0.5149449, 0.516594, 0.51798165, 0.5181379, 0.51437265, 0.5139287, 0.5140963, 0.51352555, 0.5127499, 0.5176303, 0.51787364, 0.5171749, 0.51667947, 0.5175815, 0.5134857, 0.5154703, 0.51564217]
[0.50927395, 0.5085084, 0.50767344, 0.5016066, 0.5096464, 0.5007749, 0.50968045, 0.50678205, 0.5080977, 0.501366, 0.5142781, 0.51432675, 0.5134858, 0.51502585, 0.5147458, 0.51110965, 0.5115316, 0.514093, 0.5147298, 0.5156123, 0.5166927, 0.5168562, 0.5133063, 0.51354575, 0.51359916, 0.5147443, 0.51167685, 0.51362866, 0.51460177, 0.5136112, 0.51266354, 0.51446426, 0.51536185, 0.51678526, 0.5128986, 0.5118781, 0.5111998, 0.5135228, 0.5104549, 0.51240176, 0.5149083, 0.51659507, 0.51241326, 0.51387465, 0.516408, 0.5169247, 0.51616186, 0.5148848, 0.5155955, 0.51517856, 0.5141, 0.51144344, 0.51135224, 0.5154425, 0.5163102, 0.51661783, 0.5167422, 0.5152998, 0.51446575, 0.5149245, 0.51271605, 0.51430666, 0.51262647, 0.5139012, 0.5151493, 0.5161226, 0.5164512, 0.5133119, 0.5135387, 0.5134222, 0.5132743, 0.5125867, 0.51608014, 0.5163445, 0.5161253, 0.5157972, 0.5161722, 0.5132687, 0.5148602, 0.51441973]
[0.50693893, 0.50595206, 0.505653, 0.5029516, 0.5076266, 0.5035108, 0.50701386, 0.5054787, 0.5062044, 0.5037256, 0.50970083, 0.5099405, 0.5094875, 0.5102353, 0.51003623, 0.50838, 0.50830716, 0.509368, 0.50969005, 0.5104934, 0.51098907, 0.5111032, 0.50894094, 0.5091844, 0.50926083, 0.50968033, 0.5082927, 0.50908166, 0.50970167, 0.5091386, 0.50856525, 0.5098307, 0.5103208, 0.51104087, 0.50863826, 0.5079054, 0.5074414, 0.5088102, 0.50711966, 0.50851256, 0.5101059, 0.5109074, 0.50871724, 0.50930613, 0.51097906, 0.51112574, 0.5106981, 0.51018065, 0.51061743, 0.5103096, 0.5095643, 0.5077407, 0.507754, 0.5104295, 0.5106872, 0.5107792, 0.51103276, 0.5100978, 0.50969446, 0.51011187, 0.50890046, 0.5093862, 0.5085109, 0.50958365, 0.51035416, 0.5107205, 0.5108439, 0.50886583, 0.5091597, 0.508989, 0.50889015, 0.5085766, 0.5104696, 0.5104383, 0.5103367, 0.510371, 0.51073164, 0.5092631, 0.5101371, 0.5095804]
[0.51131743, 0.5098252, 0.5075576, 0.5037838, 0.5123003, 0.5031888, 0.5117895, 0.507246, 0.5087979, 0.50326705, 0.51765287, 0.516969, 0.51570064, 0.5177467, 0.51719606, 0.51378417, 0.51369107, 0.51640254, 0.5173684, 0.51859903, 0.519283, 0.5197249, 0.5149716, 0.5154831, 0.5156947, 0.5170842, 0.51402557, 0.5158978, 0.51775765, 0.5154841, 0.5131101, 0.51698864, 0.5182587, 0.5192875, 0.5145507, 0.5132453, 0.512561, 0.514895, 0.51137054, 0.51380885, 0.51765656, 0.5194315, 0.51524407, 0.51665574, 0.5189568, 0.5195749, 0.51928484, 0.5173408, 0.5180686, 0.5176463, 0.5165351, 0.51251644, 0.5119552, 0.51808125, 0.5185302, 0.519002, 0.51924175, 0.5179209, 0.5176065, 0.51786155, 0.51409155, 0.5161562, 0.5144473, 0.51615053, 0.5179626, 0.5191055, 0.5190254, 0.5159767, 0.51563126, 0.51566577, 0.51585317, 0.5146721, 0.5190808, 0.51913834, 0.5188214, 0.51912636, 0.5197847, 0.51628727, 0.517316, 0.5171663]
[0.51107544, 0.510564, 0.50579995, 0.5031261, 0.5119155, 0.5034645, 0.51115507, 0.5080907, 0.5078297, 0.5025459, 0.516959, 0.51691216, 0.51682276, 0.5170286, 0.5171638, 0.51366335, 0.5133413, 0.5166008, 0.5174646, 0.5188591, 0.51974916, 0.5199456, 0.5153301, 0.51550674, 0.5155436, 0.5171563, 0.514138, 0.51591665, 0.51801133, 0.5167681, 0.515287, 0.5167932, 0.5179736, 0.5190072, 0.5146824, 0.514065, 0.513683, 0.5159145, 0.5125326, 0.5143547, 0.5171752, 0.5189757, 0.5150431, 0.51572347, 0.51857555, 0.51950157, 0.5189998, 0.51748097, 0.5182012, 0.5169451, 0.515939, 0.51386, 0.51353693, 0.5181755, 0.51857233, 0.5191609, 0.5194535, 0.51816773, 0.5171857, 0.5178545, 0.51457196, 0.5160279, 0.51552516, 0.51678693, 0.5184834, 0.5192997, 0.51902086, 0.51581794, 0.5156392, 0.51530993, 0.51545876, 0.51432514, 0.5185396, 0.5186909, 0.5182285, 0.51845336, 0.5190692, 0.51553774, 0.51685596, 0.5178685]
[0.5074201, 0.5073548, 0.5050601, 0.5036377, 0.50811785, 0.5010392, 0.50753665, 0.50598824, 0.5053553, 0.50308186, 0.510579, 0.510674, 0.5099568, 0.51083064, 0.5106539, 0.5088734, 0.5083202, 0.51015776, 0.51043063, 0.5109407, 0.5118109, 0.51165956, 0.509121, 0.50952107, 0.5092316, 0.5100011, 0.5090886, 0.50986034, 0.5110822, 0.5101415, 0.5093026, 0.51014644, 0.51083875, 0.5117546, 0.50910336, 0.50832456, 0.5082487, 0.50986856, 0.50739396, 0.5088116, 0.51066315, 0.51154894, 0.5093554, 0.51000947, 0.5114183, 0.5116404, 0.5118388, 0.51054734, 0.5109053, 0.51068836, 0.51017284, 0.5087958, 0.5083938, 0.51062727, 0.51105744, 0.51152074, 0.5116571, 0.5106858, 0.51071936, 0.51078475, 0.50917023, 0.5098539, 0.5089907, 0.51026934, 0.5110836, 0.51160896, 0.5118761, 0.5098025, 0.50955564, 0.5098938, 0.5093299, 0.5091773, 0.5115209, 0.5114627, 0.5112306, 0.5110028, 0.51126665, 0.50923675, 0.5102299, 0.5103405]
[0.51004165, 0.5104808, 0.50887036, 0.5036733, 0.5107333, 0.5055231, 0.5105647, 0.50908375, 0.5090315, 0.5056153, 0.51493895, 0.5147724, 0.5150211, 0.51507634, 0.5155676, 0.5131368, 0.5131785, 0.5149725, 0.5157304, 0.516749, 0.5177057, 0.5179763, 0.51380813, 0.51401544, 0.5146355, 0.5155991, 0.51324224, 0.51458937, 0.51503915, 0.5152753, 0.51469094, 0.5146453, 0.5161668, 0.51700944, 0.51416844, 0.51339936, 0.5130418, 0.5147163, 0.51271677, 0.5136201, 0.51581424, 0.51710176, 0.51381755, 0.5145041, 0.51673996, 0.51720566, 0.5167204, 0.5153285, 0.51608646, 0.51590955, 0.51439095, 0.5129174, 0.5133299, 0.51631916, 0.5167504, 0.5171416, 0.5178619, 0.51579046, 0.51523596, 0.51554674, 0.5134729, 0.51451695, 0.5142749, 0.5147684, 0.51640576, 0.51723105, 0.5170471, 0.51405877, 0.51438403, 0.5140048, 0.5145411, 0.51386553, 0.51678735, 0.5171036, 0.5166809, 0.51646143, 0.5170926, 0.5144678, 0.51532865, 0.5159454]
[0.5107967, 0.51044667, 0.50790894, 0.5031496, 0.5113721, 0.50222015, 0.51178104, 0.509162, 0.5085191, 0.50407964, 0.5163149, 0.5162948, 0.5155604, 0.516432, 0.51684326, 0.5132095, 0.51321524, 0.5163582, 0.5165347, 0.5170161, 0.5179873, 0.51849836, 0.5147283, 0.5152496, 0.51532507, 0.5163237, 0.51361734, 0.51538205, 0.5163761, 0.5154926, 0.5134771, 0.5158986, 0.51711833, 0.5182551, 0.513839, 0.51278746, 0.5119921, 0.5144799, 0.5118036, 0.5138105, 0.5161294, 0.518426, 0.51428854, 0.5153908, 0.51776093, 0.5183644, 0.5180573, 0.5162914, 0.5169369, 0.5168402, 0.5153097, 0.51273376, 0.5128399, 0.51638746, 0.5172122, 0.51764584, 0.5179631, 0.5165869, 0.5161335, 0.5167253, 0.5138585, 0.51492995, 0.51461685, 0.5153843, 0.5167805, 0.5180916, 0.51809376, 0.51441896, 0.51516443, 0.51537716, 0.515013, 0.51449835, 0.51773185, 0.51812375, 0.51759815, 0.517117, 0.5185184, 0.5150009, 0.51603866, 0.51641333]
[0.5066834, 0.50628614, 0.50191945, 0.5018007, 0.5070558, 0.50068927, 0.5063236, 0.50528073, 0.50427693, 0.5012435, 0.51065385, 0.5106335, 0.5099782, 0.51052487, 0.5105341, 0.50814694, 0.5074724, 0.51020104, 0.5103546, 0.51066864, 0.5113828, 0.5114388, 0.50909984, 0.50942004, 0.5091471, 0.5101874, 0.5083336, 0.5097331, 0.5110148, 0.5099678, 0.5090058, 0.5103447, 0.51110506, 0.51136917, 0.50849676, 0.5079351, 0.5078093, 0.5095585, 0.507044, 0.5085326, 0.5103252, 0.5115433, 0.5088696, 0.509791, 0.5112513, 0.511315, 0.51186484, 0.5104777, 0.5108432, 0.51106185, 0.51004714, 0.5081592, 0.5078138, 0.510665, 0.5112443, 0.5115141, 0.5119542, 0.51060724, 0.5105155, 0.5106633, 0.5088715, 0.5094806, 0.50893474, 0.50992674, 0.5111301, 0.51194936, 0.51174563, 0.5095498, 0.5095881, 0.5095371, 0.5091767, 0.50885177, 0.5116286, 0.51163536, 0.5111576, 0.51105094, 0.5113984, 0.5089292, 0.51017183, 0.51014686]
[0.50909656, 0.5086767, 0.50794005, 0.5054251, 0.50982577, 0.5041411, 0.50913846, 0.50772566, 0.50790715, 0.5056544, 0.51299304, 0.51264054, 0.5125224, 0.5131113, 0.5134645, 0.5109665, 0.5104641, 0.5125886, 0.5128818, 0.5134781, 0.51438177, 0.51439047, 0.5116632, 0.5119877, 0.5118888, 0.5127946, 0.5111793, 0.5120216, 0.5131542, 0.5129637, 0.51193005, 0.51261395, 0.51380646, 0.5142975, 0.51127595, 0.5101193, 0.51008004, 0.5124788, 0.51001364, 0.51115113, 0.51309663, 0.5142666, 0.51156193, 0.5121978, 0.51419413, 0.5143244, 0.51441926, 0.51315176, 0.5134708, 0.51368594, 0.5126178, 0.5106146, 0.51079047, 0.5136494, 0.51402605, 0.51424557, 0.514516, 0.5135517, 0.51281136, 0.5130933, 0.5112897, 0.5118966, 0.51182353, 0.5124425, 0.51361245, 0.5143823, 0.51432097, 0.5119317, 0.51202595, 0.5117069, 0.5117592, 0.5112234, 0.5140169, 0.5141926, 0.5139408, 0.5132408, 0.51404154, 0.5117611, 0.5133481, 0.5128377]
[0.50802094, 0.50722784, 0.50552285, 0.5018796, 0.5087733, 0.5008246, 0.5074536, 0.5062929, 0.5063269, 0.50263274, 0.51186395, 0.51206255, 0.51174563, 0.5122228, 0.51252687, 0.50981325, 0.50937504, 0.5117643, 0.5119287, 0.5129736, 0.5138427, 0.51395535, 0.51074326, 0.51103455, 0.5109558, 0.51198906, 0.5098031, 0.51146716, 0.5126035, 0.5117563, 0.51093334, 0.51186216, 0.5129041, 0.5138616, 0.5097305, 0.5085514, 0.50852346, 0.5115896, 0.5080109, 0.5101675, 0.51245534, 0.5136607, 0.51060295, 0.51109475, 0.513514, 0.51346177, 0.51381874, 0.512216, 0.51271397, 0.512728, 0.51155657, 0.5097314, 0.5095313, 0.5129537, 0.5131035, 0.5135623, 0.5137222, 0.51263785, 0.51219743, 0.5124683, 0.5101936, 0.51072854, 0.51030946, 0.5117677, 0.51286227, 0.51378477, 0.5138598, 0.5111915, 0.5110729, 0.51084095, 0.51050717, 0.51004064, 0.5133684, 0.5135276, 0.5131771, 0.5124414, 0.5131683, 0.5106257, 0.5121047, 0.5117691]
[0.5105923, 0.5091594, 0.50632787, 0.50126356, 0.5114072, 0.49984878, 0.510047, 0.5068445, 0.50721484, 0.5013066, 0.51581484, 0.5154576, 0.5146388, 0.51592684, 0.51559657, 0.5129009, 0.51251704, 0.51449656, 0.5154213, 0.51687217, 0.51812816, 0.5183093, 0.5135589, 0.5139158, 0.5141172, 0.5151722, 0.51293474, 0.514605, 0.51622355, 0.5144402, 0.5135086, 0.5152763, 0.5161412, 0.51786023, 0.51235116, 0.51124984, 0.5109586, 0.51436776, 0.50974286, 0.5129087, 0.5161411, 0.51785326, 0.5134741, 0.5147818, 0.5174558, 0.5180315, 0.517646, 0.516014, 0.5168684, 0.51570475, 0.5152737, 0.5122362, 0.5118108, 0.5162695, 0.5165697, 0.5171268, 0.51753867, 0.516067, 0.51557726, 0.51615757, 0.5136044, 0.5144698, 0.5133654, 0.51529807, 0.516753, 0.5177895, 0.51801556, 0.5141369, 0.51388985, 0.5140942, 0.51348937, 0.5128753, 0.51618063, 0.5164714, 0.516349, 0.5166967, 0.517423, 0.5139419, 0.51523846, 0.51557755]
[0.5091763, 0.50829595, 0.5067887, 0.5054192, 0.5102824, 0.5050077, 0.5090945, 0.5075327, 0.50826174, 0.5047452, 0.5128287, 0.51315373, 0.51216346, 0.513254, 0.5129395, 0.5106483, 0.51048964, 0.5126196, 0.51264274, 0.5135789, 0.5141497, 0.51434946, 0.5117984, 0.51207197, 0.5120336, 0.51296324, 0.5109958, 0.5124841, 0.5135289, 0.5112824, 0.51004297, 0.51285815, 0.51364857, 0.51451075, 0.51030725, 0.50919175, 0.50915235, 0.51109105, 0.5088216, 0.510657, 0.51373714, 0.5146701, 0.51155645, 0.5126407, 0.5142027, 0.51452833, 0.51426244, 0.513371, 0.513997, 0.51362306, 0.5127988, 0.5099248, 0.5094536, 0.51341146, 0.5134556, 0.51384133, 0.513831, 0.513117, 0.51311487, 0.5135222, 0.5112582, 0.5122732, 0.51080304, 0.5126024, 0.51357764, 0.5138432, 0.514345, 0.51183075, 0.5118594, 0.51173764, 0.51155484, 0.5110663, 0.51337934, 0.5135081, 0.51354885, 0.51389176, 0.5142196, 0.51216584, 0.51279104, 0.5129196]
[0.50861216, 0.5073555, 0.50716496, 0.5021657, 0.50850683, 0.50414205, 0.5085106, 0.5075925, 0.507747, 0.5047433, 0.51161593, 0.51168007, 0.5121599, 0.5121552, 0.5124857, 0.5103691, 0.510706, 0.51191974, 0.5123812, 0.5130151, 0.5138732, 0.51399654, 0.511767, 0.51184666, 0.51134217, 0.51228213, 0.51039934, 0.51147175, 0.5117378, 0.51237786, 0.5116069, 0.51174504, 0.51283085, 0.5135048, 0.51085633, 0.5103947, 0.5099471, 0.5112426, 0.509852, 0.51112205, 0.51229155, 0.51310694, 0.51124406, 0.5113399, 0.5132521, 0.51350605, 0.51362216, 0.5125099, 0.5128454, 0.5125637, 0.51101035, 0.51069796, 0.51127476, 0.51320326, 0.51325375, 0.51354563, 0.5143362, 0.51286197, 0.51180005, 0.5122506, 0.5106945, 0.5113204, 0.51179993, 0.51183224, 0.5130506, 0.5137014, 0.5134544, 0.5110884, 0.5118871, 0.5117879, 0.51182395, 0.5114787, 0.51306826, 0.51326954, 0.51301104, 0.5128236, 0.51318824, 0.5113593, 0.51230913, 0.51252013]
[0.50460327, 0.5039922, 0.503863, 0.5015902, 0.50506175, 0.50156474, 0.5045619, 0.5040927, 0.5042448, 0.5023694, 0.50669235, 0.5065462, 0.5065224, 0.5072065, 0.50716513, 0.5056049, 0.5057487, 0.5066393, 0.5069198, 0.507266, 0.5075492, 0.5077208, 0.5064021, 0.5063892, 0.506531, 0.50698763, 0.5056879, 0.5065661, 0.50694627, 0.50666475, 0.5059407, 0.5068366, 0.50749433, 0.5076433, 0.5058146, 0.50539875, 0.5052508, 0.50624144, 0.5050946, 0.5061716, 0.5071524, 0.5074952, 0.5060562, 0.50649184, 0.5077097, 0.50768334, 0.50772405, 0.5074352, 0.5075138, 0.50749934, 0.5065093, 0.5056374, 0.50555223, 0.50744784, 0.5076299, 0.50768375, 0.50791633, 0.50715876, 0.5068563, 0.50677824, 0.50603426, 0.5062682, 0.5060934, 0.5066104, 0.5072862, 0.5075014, 0.5076011, 0.5063613, 0.5064505, 0.50640386, 0.5062934, 0.5057826, 0.50752944, 0.50766724, 0.5074827, 0.5072087, 0.50738275, 0.50648254, 0.5068838, 0.5066778]
[0.51060754, 0.5086157, 0.5078458, 0.5023004, 0.5117324, 0.50233895, 0.51064664, 0.5077741, 0.5094276, 0.50434583, 0.51454526, 0.514445, 0.51377386, 0.51513445, 0.5150457, 0.5124827, 0.512782, 0.5137168, 0.514565, 0.5158625, 0.5167232, 0.5168697, 0.5137683, 0.513829, 0.5139317, 0.5148639, 0.51263, 0.51422405, 0.515012, 0.5137275, 0.5124787, 0.51484615, 0.51587456, 0.51680976, 0.51235026, 0.51078695, 0.51070017, 0.51324326, 0.51037544, 0.51266396, 0.5154736, 0.5166527, 0.5137788, 0.5140848, 0.51663285, 0.51699513, 0.51636565, 0.5161021, 0.5168447, 0.5155481, 0.5143753, 0.5117887, 0.5116136, 0.5157512, 0.51605695, 0.5162426, 0.51643765, 0.51530737, 0.51496434, 0.5151963, 0.5132304, 0.51425654, 0.5128257, 0.5147032, 0.51582193, 0.5162895, 0.5162973, 0.513468, 0.51377124, 0.5136835, 0.5131832, 0.512541, 0.51508975, 0.51550263, 0.51550364, 0.51582247, 0.5163407, 0.5139454, 0.5152071, 0.51492196]
[0.5091322, 0.5059868, 0.5044064, 0.49997807, 0.5100655, 0.5001971, 0.5097936, 0.5064773, 0.5074795, 0.4999807, 0.5145061, 0.514256, 0.51423806, 0.5152952, 0.5155221, 0.5119903, 0.512439, 0.5144501, 0.5153432, 0.5159291, 0.5169805, 0.51729685, 0.51354474, 0.51400477, 0.5136818, 0.51510864, 0.51188177, 0.5133908, 0.5143527, 0.5147012, 0.5123376, 0.51490533, 0.51607746, 0.5173391, 0.51254, 0.5113563, 0.5105675, 0.513187, 0.50997406, 0.5123227, 0.5148272, 0.51685274, 0.5130168, 0.51377666, 0.51690245, 0.5173373, 0.51714766, 0.5159446, 0.51606363, 0.5155733, 0.513713, 0.5115746, 0.51149213, 0.5158258, 0.516475, 0.51693285, 0.51737326, 0.51547086, 0.51425713, 0.51519394, 0.5119932, 0.5133363, 0.5133646, 0.5141766, 0.5156541, 0.516654, 0.5166871, 0.5135347, 0.514497, 0.5142867, 0.5139064, 0.51342833, 0.5164777, 0.5167419, 0.5164304, 0.51583046, 0.5168311, 0.51365805, 0.51521015, 0.51455307]
[0.5095696, 0.50750035, 0.50646234, 0.50243247, 0.5101029, 0.50121254, 0.5094119, 0.50690687, 0.5074301, 0.5030042, 0.5142266, 0.5144914, 0.5139114, 0.51471996, 0.5149581, 0.51174927, 0.5118667, 0.514284, 0.51452047, 0.515847, 0.5167252, 0.51698685, 0.5139229, 0.51415235, 0.5139151, 0.514991, 0.51171327, 0.5139498, 0.51461774, 0.51384705, 0.5126739, 0.5143123, 0.5154296, 0.5163527, 0.512151, 0.5109762, 0.5107751, 0.51363736, 0.51005614, 0.5126696, 0.5154078, 0.5165017, 0.5130429, 0.5139112, 0.51656586, 0.5167618, 0.51631474, 0.515217, 0.5158726, 0.51537174, 0.5136761, 0.5122316, 0.51203686, 0.51590145, 0.5159727, 0.516368, 0.51673895, 0.5153769, 0.5146608, 0.5153231, 0.5125184, 0.51364106, 0.51273274, 0.51422536, 0.5156364, 0.5162082, 0.51651865, 0.513393, 0.51342654, 0.5134584, 0.51295996, 0.5122762, 0.515673, 0.51604027, 0.51599, 0.51522315, 0.5161541, 0.513115, 0.51449347, 0.5143705]
[0.5089083, 0.50717765, 0.50518924, 0.5003733, 0.50953466, 0.50103426, 0.5088679, 0.50640666, 0.5072952, 0.50137484, 0.5134984, 0.51350665, 0.51312256, 0.51378363, 0.5138755, 0.51104546, 0.5111112, 0.51322585, 0.51367474, 0.51422626, 0.5150347, 0.51519626, 0.5122691, 0.5126116, 0.5124834, 0.51325035, 0.51115793, 0.5127217, 0.5140024, 0.51275027, 0.5110314, 0.5131152, 0.51401573, 0.514912, 0.51121396, 0.5098232, 0.50931907, 0.5116273, 0.50870484, 0.51133364, 0.51397973, 0.5150793, 0.51182294, 0.5127957, 0.514619, 0.514848, 0.51525205, 0.51421285, 0.51461893, 0.51403934, 0.51281464, 0.5107309, 0.51053554, 0.51422745, 0.51460755, 0.5149483, 0.51533484, 0.5138748, 0.51336807, 0.5138985, 0.51142454, 0.51251996, 0.5118565, 0.51315004, 0.51421434, 0.5151715, 0.5151924, 0.51230407, 0.5126491, 0.5127536, 0.51246244, 0.5118518, 0.51512486, 0.5150593, 0.51477414, 0.51451564, 0.5148425, 0.51195747, 0.51363677, 0.5129964]
[0.5084945, 0.50664896, 0.50750166, 0.5018532, 0.5092794, 0.5027205, 0.50850034, 0.50621164, 0.50752765, 0.5035753, 0.511975, 0.5120088, 0.5119089, 0.5125214, 0.5125444, 0.51098216, 0.51131046, 0.51179177, 0.51213783, 0.5135621, 0.5143081, 0.5145634, 0.51147443, 0.5115535, 0.51205266, 0.5127687, 0.51076514, 0.51156116, 0.51224744, 0.5119583, 0.51141864, 0.5119058, 0.5128389, 0.5138112, 0.5110674, 0.50973654, 0.50944656, 0.51154834, 0.50958127, 0.51113105, 0.5132789, 0.51402664, 0.51121205, 0.511727, 0.51373786, 0.51395303, 0.5136038, 0.5132651, 0.5137027, 0.5129064, 0.5121499, 0.5102989, 0.5104311, 0.51373154, 0.51377225, 0.51409143, 0.514265, 0.51290864, 0.51221263, 0.5125607, 0.5113177, 0.5118031, 0.5109271, 0.5126663, 0.51359075, 0.5140337, 0.51399034, 0.5112354, 0.51160526, 0.5114884, 0.51146394, 0.5109849, 0.5129711, 0.51305366, 0.51300156, 0.5134741, 0.5135604, 0.51118535, 0.5132491, 0.51254916]
[0.50819176, 0.5065903, 0.50567436, 0.5019731, 0.50924516, 0.50114334, 0.50764984, 0.5063092, 0.50690097, 0.5020737, 0.512298, 0.5120777, 0.5117823, 0.5130973, 0.5134111, 0.50998795, 0.5098593, 0.5117816, 0.51241463, 0.513521, 0.5140868, 0.5144014, 0.5108444, 0.51115435, 0.511162, 0.51245505, 0.5102308, 0.5121235, 0.51338303, 0.5119902, 0.5108634, 0.5123896, 0.5135656, 0.5140495, 0.50985456, 0.50924087, 0.5090938, 0.51178026, 0.5085485, 0.51078904, 0.5130951, 0.51347935, 0.51102173, 0.51146835, 0.5137962, 0.51409924, 0.51452714, 0.5130139, 0.51339096, 0.5129084, 0.5120654, 0.5098909, 0.50969666, 0.51355183, 0.5138849, 0.514123, 0.5145933, 0.5133255, 0.5128755, 0.5127383, 0.5106306, 0.5111545, 0.5106195, 0.51212037, 0.51347804, 0.5139857, 0.51422054, 0.5116174, 0.5113928, 0.51094973, 0.5107111, 0.50998896, 0.5136798, 0.51386553, 0.5135092, 0.51334363, 0.5137031, 0.51112765, 0.5125918, 0.51231164]
[0.5122141, 0.5123179, 0.50829476, 0.50224257, 0.51317036, 0.50087684, 0.51270986, 0.5107561, 0.51033854, 0.50336474, 0.5186866, 0.517981, 0.51781327, 0.51887035, 0.51918054, 0.5151099, 0.51497215, 0.5179908, 0.51929647, 0.5195049, 0.52072257, 0.5210522, 0.51668626, 0.5169644, 0.51694536, 0.51853526, 0.51547027, 0.5173167, 0.51879245, 0.5185595, 0.5169232, 0.51838434, 0.5198945, 0.5205705, 0.51649815, 0.5153751, 0.5150448, 0.5173955, 0.51422524, 0.51635194, 0.5182347, 0.5207276, 0.516368, 0.5178131, 0.5202538, 0.5209433, 0.52095306, 0.51892346, 0.5195301, 0.51922035, 0.517549, 0.5151107, 0.51511216, 0.5199641, 0.5205314, 0.5210799, 0.52178496, 0.5190111, 0.518297, 0.51892793, 0.5161024, 0.51725453, 0.51689327, 0.51759577, 0.5195973, 0.52091986, 0.52094036, 0.5168557, 0.5177627, 0.51752776, 0.51742923, 0.5165149, 0.52106494, 0.52127624, 0.5206535, 0.5196074, 0.5203948, 0.51688, 0.51818734, 0.5187414]
[0.51032966, 0.5103477, 0.5067195, 0.50570315, 0.51083934, 0.5052384, 0.51142704, 0.5095282, 0.50865114, 0.50472796, 0.5160218, 0.5165639, 0.51549023, 0.516393, 0.51646537, 0.51300263, 0.5123614, 0.5158109, 0.5161729, 0.51685387, 0.51790106, 0.5180915, 0.51469034, 0.5150999, 0.51461434, 0.5159147, 0.5129904, 0.5145629, 0.51657313, 0.5154998, 0.51356983, 0.5153145, 0.51654786, 0.5176941, 0.51404965, 0.5130915, 0.5125924, 0.51483226, 0.5115015, 0.51327103, 0.51580304, 0.5176842, 0.51415867, 0.5151359, 0.51721567, 0.5177193, 0.5177073, 0.5157118, 0.51632017, 0.5158929, 0.51507604, 0.5129323, 0.512605, 0.51628745, 0.5167707, 0.517197, 0.5178971, 0.5168049, 0.51611066, 0.516657, 0.51344806, 0.5147808, 0.51450884, 0.5152637, 0.5167521, 0.517687, 0.5179225, 0.5150015, 0.5154054, 0.5152628, 0.5149219, 0.5147406, 0.51726043, 0.5173479, 0.51676726, 0.5169764, 0.5178907, 0.51494056, 0.5156957, 0.51621115]
[0.50812984, 0.50624216, 0.5061171, 0.50160843, 0.5090237, 0.5011672, 0.50688845, 0.5058121, 0.5067508, 0.5030579, 0.5110851, 0.5107829, 0.51074445, 0.511513, 0.5116172, 0.5095237, 0.5094469, 0.5105597, 0.51114064, 0.5119977, 0.5126253, 0.51287276, 0.51018226, 0.51029366, 0.5103328, 0.5111133, 0.5095559, 0.5109527, 0.5114635, 0.51058996, 0.5100055, 0.5112994, 0.51197296, 0.51258355, 0.50908667, 0.5083313, 0.5081389, 0.51021385, 0.5080606, 0.5100763, 0.5116118, 0.51234436, 0.50995415, 0.51029253, 0.51217246, 0.5124431, 0.51270604, 0.5119667, 0.51216865, 0.51169753, 0.5108028, 0.5092033, 0.5090898, 0.5119386, 0.51224834, 0.51246995, 0.51276785, 0.5117316, 0.5109746, 0.51131964, 0.51013035, 0.5102831, 0.5097994, 0.5110517, 0.51193446, 0.51251197, 0.5124512, 0.5100199, 0.5101434, 0.5101487, 0.50981617, 0.50915164, 0.51186895, 0.512131, 0.5119085, 0.51141673, 0.5121524, 0.5101511, 0.51129377, 0.51083094]
[0.5077951, 0.50675374, 0.506236, 0.5044013, 0.50860566, 0.503727, 0.5073352, 0.50616634, 0.5066424, 0.5050879, 0.51058507, 0.51072854, 0.5101299, 0.5108331, 0.51080936, 0.5087569, 0.50827634, 0.5099419, 0.5099004, 0.5105798, 0.5113627, 0.51124805, 0.5093354, 0.50962603, 0.5092843, 0.50985694, 0.50893104, 0.509895, 0.51089233, 0.5093947, 0.5086401, 0.5106422, 0.51116127, 0.5116843, 0.50859535, 0.50733334, 0.5071458, 0.50934726, 0.50693965, 0.50853276, 0.5106372, 0.5115542, 0.5093854, 0.50972795, 0.5112191, 0.51131827, 0.5117466, 0.510711, 0.51093364, 0.5109921, 0.5102955, 0.5081755, 0.50784075, 0.51062304, 0.51075965, 0.51099825, 0.5112361, 0.5107402, 0.51062346, 0.51073813, 0.508864, 0.50976104, 0.50894725, 0.50999546, 0.5108151, 0.5115946, 0.5115109, 0.50929505, 0.5094459, 0.50929505, 0.50918734, 0.5087698, 0.51135594, 0.5113328, 0.51117367, 0.5105451, 0.5110563, 0.5096543, 0.510337, 0.50954163]
[0.51123714, 0.5099758, 0.5085967, 0.50688726, 0.5123364, 0.5038363, 0.5109226, 0.5090657, 0.5091943, 0.5065068, 0.51547307, 0.5154255, 0.51427037, 0.51571316, 0.51546174, 0.51279426, 0.51230615, 0.5146662, 0.5152797, 0.51619035, 0.51687366, 0.51704973, 0.5133919, 0.5137189, 0.51385295, 0.514895, 0.5130536, 0.5144092, 0.51642466, 0.5143883, 0.5128149, 0.5152308, 0.51613027, 0.5170508, 0.51222414, 0.51151466, 0.51107526, 0.51375836, 0.5104467, 0.5129651, 0.5152273, 0.51681733, 0.51357806, 0.51441497, 0.51633304, 0.51686656, 0.5173267, 0.5159203, 0.5161862, 0.5156182, 0.5148748, 0.51210177, 0.51193494, 0.51562554, 0.51615554, 0.5165407, 0.51678747, 0.5157827, 0.51547456, 0.51561564, 0.51310176, 0.51389945, 0.5130569, 0.5151625, 0.5161319, 0.5171397, 0.5172458, 0.5144311, 0.51389354, 0.5138897, 0.51326036, 0.512879, 0.51636153, 0.51650083, 0.5160628, 0.51597863, 0.51647776, 0.51399463, 0.51516604, 0.5152182]
[0.5096325, 0.5077431, 0.507673, 0.50251603, 0.51034886, 0.50442725, 0.5098255, 0.50771904, 0.50841796, 0.5036689, 0.5132392, 0.51367426, 0.51309055, 0.5141057, 0.5139, 0.51156634, 0.5115287, 0.5133425, 0.51371956, 0.5146937, 0.515619, 0.5157574, 0.5126826, 0.5129157, 0.5128096, 0.51370853, 0.5116775, 0.51262075, 0.51358956, 0.5125557, 0.5117342, 0.51314586, 0.514207, 0.5151034, 0.51187766, 0.5105714, 0.5104093, 0.5118459, 0.5097974, 0.5117627, 0.51398957, 0.5152555, 0.5121903, 0.5131254, 0.5152278, 0.51531607, 0.51515806, 0.5139507, 0.5144922, 0.5138482, 0.5131176, 0.5108053, 0.51070046, 0.5141074, 0.5142923, 0.5146179, 0.5150464, 0.51431346, 0.51355416, 0.51389104, 0.51184756, 0.5125684, 0.5120404, 0.5130491, 0.51445055, 0.514846, 0.5148367, 0.51273096, 0.5127411, 0.5129005, 0.5122248, 0.5119092, 0.5139884, 0.5141408, 0.5139772, 0.5145049, 0.5150517, 0.5131103, 0.513901, 0.51389277]
[0.5087959, 0.5084081, 0.5074223, 0.50336736, 0.5089503, 0.5036532, 0.5093699, 0.5081331, 0.50827557, 0.5052799, 0.5129014, 0.51269513, 0.51225454, 0.5130489, 0.5130842, 0.51084274, 0.5110397, 0.5128708, 0.5133174, 0.51373756, 0.5144381, 0.5145233, 0.5122438, 0.51241994, 0.5123221, 0.5131461, 0.5110451, 0.5121501, 0.5128752, 0.51265866, 0.5117417, 0.5126947, 0.5136115, 0.5144919, 0.5118749, 0.5109378, 0.5104845, 0.5120778, 0.5099222, 0.51161313, 0.51316136, 0.5144478, 0.5117873, 0.5127114, 0.5145136, 0.5144417, 0.5144046, 0.5132708, 0.51384205, 0.51375556, 0.5126258, 0.51078075, 0.5109399, 0.5136744, 0.51404, 0.51447815, 0.51469535, 0.51355207, 0.51296157, 0.5130753, 0.511307, 0.51245064, 0.5119396, 0.51253974, 0.51365983, 0.51445055, 0.51442736, 0.51251733, 0.5125136, 0.5123972, 0.5122254, 0.5117436, 0.51443714, 0.51463246, 0.5143467, 0.5138845, 0.5141399, 0.51244134, 0.51309377, 0.5130943]
[0.51060283, 0.51046777, 0.50878483, 0.5053902, 0.51117903, 0.5055372, 0.5111288, 0.50807434, 0.5093028, 0.50513107, 0.5147231, 0.5150792, 0.5145212, 0.51536566, 0.51491404, 0.51204884, 0.51236796, 0.5149106, 0.5152541, 0.51614165, 0.516926, 0.5170588, 0.5141451, 0.5143192, 0.5140568, 0.5150582, 0.51277214, 0.51413864, 0.51524466, 0.5139556, 0.5129375, 0.5146951, 0.51556534, 0.5170631, 0.513841, 0.5127407, 0.5118134, 0.513593, 0.51140165, 0.51302356, 0.5154028, 0.51685464, 0.513096, 0.51457375, 0.51650643, 0.5170546, 0.51643413, 0.5151552, 0.5158756, 0.5155433, 0.51443785, 0.51210994, 0.511827, 0.51589876, 0.51645577, 0.51669484, 0.5169111, 0.5156778, 0.5148549, 0.5154427, 0.513068, 0.5144856, 0.51322126, 0.51445216, 0.51566577, 0.5163734, 0.5165414, 0.5140668, 0.5140935, 0.5140579, 0.5141056, 0.5135752, 0.5162804, 0.5164181, 0.5159637, 0.51654834, 0.5166407, 0.51446116, 0.51538706, 0.5152239]
[0.50843656, 0.50831604, 0.50582176, 0.5036948, 0.50882006, 0.5016589, 0.5086472, 0.507083, 0.5068227, 0.50430995, 0.5130407, 0.5130531, 0.5123128, 0.5134688, 0.5137486, 0.51038486, 0.5100819, 0.5129795, 0.51335895, 0.5134092, 0.514589, 0.5145727, 0.51177156, 0.51209563, 0.5118214, 0.5128703, 0.5105564, 0.5122893, 0.5134391, 0.5121691, 0.5108117, 0.51297146, 0.51391214, 0.5145524, 0.5106076, 0.5095244, 0.50928646, 0.5115222, 0.5084702, 0.5109399, 0.5129058, 0.514705, 0.5111612, 0.51216, 0.51430166, 0.514549, 0.5147841, 0.5132647, 0.5135768, 0.5135618, 0.5123984, 0.5101728, 0.51009846, 0.5132878, 0.51401734, 0.51430607, 0.51481235, 0.51366585, 0.5131077, 0.51344067, 0.51080227, 0.5119214, 0.5114199, 0.51218075, 0.51339465, 0.51466113, 0.51458514, 0.5117428, 0.5120321, 0.51198536, 0.5116791, 0.5112322, 0.51456577, 0.5147724, 0.5143479, 0.5137245, 0.51443636, 0.5115034, 0.5128024, 0.51271534]
[0.50642073, 0.50581026, 0.5046937, 0.50344235, 0.50682074, 0.5031932, 0.5060965, 0.5051777, 0.50559455, 0.5038617, 0.5084033, 0.50823975, 0.50811076, 0.50853616, 0.5085861, 0.50709736, 0.5068164, 0.5080353, 0.50839454, 0.50893766, 0.5091969, 0.5092787, 0.50748473, 0.50762033, 0.50762016, 0.50811964, 0.50728834, 0.5080864, 0.50863785, 0.50764805, 0.50718665, 0.5082511, 0.5087101, 0.5091465, 0.50685984, 0.50646347, 0.5063563, 0.50779366, 0.5060397, 0.50717664, 0.50875014, 0.50924, 0.5074839, 0.5081817, 0.5091485, 0.5093872, 0.5093385, 0.508649, 0.5089151, 0.5087262, 0.50806725, 0.50690395, 0.50656116, 0.5086927, 0.50870067, 0.5088184, 0.5089785, 0.5085981, 0.5083278, 0.50864506, 0.5076053, 0.5077887, 0.50722235, 0.5081421, 0.50882685, 0.5090553, 0.5092333, 0.5079254, 0.5076903, 0.50754154, 0.507409, 0.50693965, 0.50882936, 0.50893414, 0.5088361, 0.50875586, 0.50908583, 0.50767493, 0.50837207, 0.50827336]
[0.5115781, 0.50887954, 0.5079775, 0.5046202, 0.51284856, 0.5030738, 0.5111823, 0.5087114, 0.51007503, 0.50580096, 0.51660466, 0.51701546, 0.5156973, 0.5169786, 0.51692075, 0.51329255, 0.5127835, 0.51592815, 0.51596826, 0.51699483, 0.5183273, 0.51819414, 0.5146895, 0.5152401, 0.5149826, 0.51602024, 0.51409096, 0.515692, 0.51752293, 0.51460177, 0.5121202, 0.51667404, 0.51790816, 0.51891947, 0.51260257, 0.5103513, 0.5102812, 0.5135585, 0.5100745, 0.5131847, 0.51692754, 0.51898015, 0.5149685, 0.5153001, 0.51787055, 0.5184984, 0.5189111, 0.517291, 0.5182801, 0.5169173, 0.51615566, 0.51195145, 0.51152736, 0.5164861, 0.51664627, 0.516868, 0.51747227, 0.51694804, 0.51685727, 0.51737934, 0.5136234, 0.5149673, 0.51424813, 0.5158188, 0.5172165, 0.51845783, 0.5181242, 0.5144736, 0.515305, 0.51492083, 0.5145378, 0.5139977, 0.51761025, 0.51762587, 0.5175835, 0.5172482, 0.51827127, 0.5157978, 0.51621795, 0.51554006]
[0.5079073, 0.50728625, 0.5051065, 0.5020892, 0.5086895, 0.50206494, 0.5070447, 0.5052264, 0.5062663, 0.5020765, 0.5105816, 0.5108119, 0.5100913, 0.51108474, 0.5111439, 0.5089607, 0.5083706, 0.5103856, 0.51085424, 0.5114524, 0.51221615, 0.5123805, 0.50972515, 0.5099361, 0.50964284, 0.51070595, 0.5092383, 0.51051843, 0.51138705, 0.5101045, 0.5096249, 0.5107877, 0.5116386, 0.5121366, 0.5086625, 0.50785863, 0.50797963, 0.509708, 0.50773233, 0.509312, 0.5110744, 0.5118078, 0.50958914, 0.5098984, 0.5118365, 0.5121779, 0.5121826, 0.5111822, 0.51165235, 0.5111584, 0.51043093, 0.5091361, 0.5088823, 0.5113941, 0.5116096, 0.51193964, 0.5122108, 0.511235, 0.51086843, 0.5111572, 0.5096017, 0.5101151, 0.5094779, 0.5106722, 0.5116095, 0.5121009, 0.5122395, 0.5098319, 0.50970554, 0.5096823, 0.50913405, 0.508732, 0.51170343, 0.5118331, 0.5117597, 0.51111984, 0.5117407, 0.5095085, 0.51062256, 0.51069736]
[0.5091496, 0.5067345, 0.50624293, 0.50100756, 0.50994945, 0.5002995, 0.508698, 0.50569016, 0.5071616, 0.501349, 0.513365, 0.51390845, 0.5137407, 0.5145141, 0.5145155, 0.51117176, 0.5111051, 0.51360625, 0.51385546, 0.51510066, 0.51616955, 0.51645005, 0.51261425, 0.5132665, 0.5126277, 0.5137627, 0.5111179, 0.51289153, 0.5138904, 0.5126718, 0.51155406, 0.51374, 0.5146862, 0.51610035, 0.5113376, 0.5094734, 0.5092144, 0.5122653, 0.50863534, 0.51140416, 0.5143823, 0.5156198, 0.51211995, 0.5129976, 0.51598334, 0.5161343, 0.51582795, 0.51457816, 0.5150743, 0.5149634, 0.5129749, 0.51078886, 0.5105253, 0.5145879, 0.5148304, 0.5154174, 0.51576316, 0.5143048, 0.5136675, 0.51443595, 0.5115199, 0.5126483, 0.5116851, 0.51328385, 0.5149351, 0.5155385, 0.5156789, 0.512397, 0.51257473, 0.5127575, 0.51199067, 0.5115156, 0.5147116, 0.5149209, 0.51485944, 0.5143064, 0.5151314, 0.5127853, 0.5142775, 0.5135273]
[0.5095023, 0.50801295, 0.5055525, 0.5018802, 0.5107029, 0.50161666, 0.50869787, 0.50635594, 0.50741124, 0.5030744, 0.51376164, 0.5136193, 0.5133728, 0.5143247, 0.5143024, 0.51120245, 0.5107214, 0.5130081, 0.5137612, 0.5148627, 0.51566875, 0.5158635, 0.5119105, 0.51224166, 0.5121821, 0.513491, 0.511315, 0.51301014, 0.5146942, 0.51245433, 0.51123023, 0.51360106, 0.5147206, 0.5156203, 0.5110661, 0.50964105, 0.5093435, 0.51257926, 0.50825495, 0.5112877, 0.51432776, 0.5155583, 0.5117557, 0.5130556, 0.515152, 0.5155993, 0.51579416, 0.5141778, 0.51493704, 0.5142401, 0.5133729, 0.5108333, 0.5102851, 0.51459587, 0.5146538, 0.51516795, 0.5153103, 0.5143484, 0.5139925, 0.51425064, 0.51161873, 0.5125845, 0.5113384, 0.51352847, 0.51497537, 0.5158078, 0.5156274, 0.51268244, 0.5123088, 0.5122489, 0.5116044, 0.51092774, 0.51552296, 0.51538855, 0.5149854, 0.51453286, 0.5150241, 0.5127157, 0.51374096, 0.51359373]
[0.5103921, 0.5094447, 0.5081661, 0.50345, 0.5107194, 0.503585, 0.51061934, 0.50896275, 0.5087361, 0.503811, 0.51551396, 0.51608145, 0.51595515, 0.5162047, 0.5166684, 0.51356125, 0.5137274, 0.5159171, 0.5164681, 0.5170692, 0.51817167, 0.5184623, 0.514872, 0.5155303, 0.5152758, 0.51639855, 0.513356, 0.5146562, 0.5160968, 0.51608443, 0.5147139, 0.51587814, 0.51714975, 0.51814985, 0.51418996, 0.5133614, 0.51265216, 0.5150193, 0.511975, 0.51399326, 0.51626277, 0.5179374, 0.51407456, 0.5152301, 0.51766455, 0.518095, 0.5181657, 0.51637, 0.51718813, 0.51687014, 0.5151974, 0.51326627, 0.5135031, 0.5168506, 0.5173445, 0.5180129, 0.51859486, 0.5163034, 0.51579845, 0.5163705, 0.5138979, 0.51469946, 0.5147567, 0.5154981, 0.51700413, 0.5181335, 0.51836056, 0.5148031, 0.5152827, 0.5154438, 0.5152082, 0.51490736, 0.51808906, 0.5182066, 0.5176543, 0.5171089, 0.51744777, 0.51474786, 0.51627034, 0.51624364]
[0.5079718, 0.5073358, 0.506507, 0.5017003, 0.5088047, 0.5021499, 0.50926185, 0.5067588, 0.50754976, 0.5037203, 0.512392, 0.51211643, 0.51224107, 0.5129061, 0.5130664, 0.5105903, 0.5109468, 0.5123591, 0.51315653, 0.513784, 0.5142637, 0.51468396, 0.5117969, 0.51187855, 0.5122777, 0.513103, 0.5105138, 0.51201695, 0.51284224, 0.5124372, 0.51075864, 0.5124102, 0.51354975, 0.5142949, 0.5118374, 0.5106445, 0.5098772, 0.5115871, 0.50946987, 0.510849, 0.5129815, 0.51451975, 0.51146436, 0.5123629, 0.5143148, 0.5145588, 0.514216, 0.5130723, 0.51376474, 0.5132223, 0.51217073, 0.5100514, 0.5099447, 0.5137226, 0.5139804, 0.5141801, 0.51466876, 0.5134479, 0.5125956, 0.5132535, 0.51080376, 0.51224226, 0.5116619, 0.5122714, 0.51364857, 0.51442975, 0.5142386, 0.51192254, 0.5121256, 0.5122708, 0.5120619, 0.51167184, 0.51413774, 0.5142168, 0.5139359, 0.51401395, 0.51430106, 0.5120962, 0.51323396, 0.5129575]
[0.50925475, 0.50911653, 0.5086356, 0.50452507, 0.50938493, 0.50618017, 0.50914115, 0.50820965, 0.50831825, 0.50562733, 0.51318246, 0.5135405, 0.5131924, 0.5134988, 0.51367074, 0.5114132, 0.51157343, 0.5135828, 0.5134147, 0.51440233, 0.51569235, 0.51562285, 0.51259315, 0.5129009, 0.51292145, 0.5135507, 0.51169974, 0.51277, 0.5131556, 0.5132276, 0.5128408, 0.5131515, 0.5145442, 0.5155854, 0.51227117, 0.5109876, 0.51053214, 0.51255584, 0.5105717, 0.51212996, 0.5139837, 0.51549196, 0.5120996, 0.5125404, 0.51519245, 0.51540786, 0.51511025, 0.51386, 0.5148574, 0.5142026, 0.51288426, 0.51128477, 0.5118479, 0.51439095, 0.5150269, 0.5151961, 0.51555973, 0.51418823, 0.5131334, 0.5135109, 0.512138, 0.5125654, 0.51254815, 0.5135442, 0.5146598, 0.51536894, 0.51574254, 0.51253176, 0.5130087, 0.5126728, 0.5126196, 0.5122419, 0.5144571, 0.5147718, 0.51461935, 0.51434994, 0.51505846, 0.51258576, 0.5137255, 0.5134865]
[0.51176053, 0.51077455, 0.50705117, 0.5047905, 0.5124343, 0.5017203, 0.5116449, 0.5087103, 0.50867516, 0.5038526, 0.5191439, 0.5191986, 0.51744056, 0.51895, 0.5187423, 0.51479614, 0.51398605, 0.51797205, 0.51877683, 0.51936287, 0.5211893, 0.5209813, 0.5165949, 0.5172002, 0.51661956, 0.5185708, 0.5148575, 0.51705366, 0.51966923, 0.51734066, 0.5153461, 0.51886326, 0.5199767, 0.52114516, 0.5152543, 0.51346636, 0.5126613, 0.51684135, 0.5115881, 0.51523066, 0.51851726, 0.52129567, 0.51604414, 0.5175988, 0.52088654, 0.5210368, 0.5214467, 0.51935565, 0.52007675, 0.51966983, 0.51816106, 0.51452214, 0.51422614, 0.51908994, 0.51966196, 0.5205584, 0.52090985, 0.5193418, 0.5188824, 0.5191404, 0.51545197, 0.51675177, 0.51577246, 0.51822364, 0.51985115, 0.52144015, 0.5215981, 0.5170379, 0.5168533, 0.5170227, 0.51619136, 0.51598114, 0.5206923, 0.52081305, 0.5204311, 0.51933616, 0.52067286, 0.51686245, 0.51875985, 0.5177412]
[0.50809026, 0.50689083, 0.50377285, 0.5024271, 0.50864893, 0.5015168, 0.5074546, 0.50570333, 0.50580025, 0.5020746, 0.5110703, 0.51115716, 0.5109349, 0.51149493, 0.511409, 0.50917184, 0.5087221, 0.5107482, 0.51113456, 0.51197374, 0.5126509, 0.51261157, 0.51016665, 0.510424, 0.5101788, 0.5111002, 0.50927037, 0.51073563, 0.5119778, 0.5107948, 0.5100225, 0.5116304, 0.51182675, 0.5124627, 0.50929755, 0.5087131, 0.50881606, 0.5103683, 0.5080195, 0.5097263, 0.511434, 0.512157, 0.50987804, 0.51064324, 0.51235396, 0.51273036, 0.51262105, 0.5116583, 0.51195663, 0.5118386, 0.5108094, 0.50951993, 0.5089804, 0.5119792, 0.5121784, 0.5126745, 0.51268905, 0.51167905, 0.5110697, 0.51181185, 0.5097939, 0.5103827, 0.5097385, 0.5110046, 0.512055, 0.51248246, 0.5125494, 0.51040965, 0.5103448, 0.510272, 0.50978506, 0.50894135, 0.5122562, 0.5123374, 0.51196015, 0.51167434, 0.51220715, 0.5097135, 0.5112509, 0.51104736]
[0.51023215, 0.50923777, 0.5081216, 0.5057545, 0.5112212, 0.50430566, 0.5095545, 0.5083246, 0.50937545, 0.5063304, 0.51356465, 0.513837, 0.51329976, 0.5144178, 0.5144041, 0.5116582, 0.5111299, 0.5134538, 0.5137839, 0.5143057, 0.5151677, 0.51516736, 0.5124624, 0.5128265, 0.51260006, 0.5133317, 0.5119176, 0.5134237, 0.51449645, 0.5127137, 0.5110613, 0.51381826, 0.5151673, 0.51528305, 0.5112907, 0.50918776, 0.50923884, 0.512475, 0.5094756, 0.5115881, 0.5141986, 0.5154396, 0.51238036, 0.5131055, 0.5147632, 0.5153873, 0.51568913, 0.51439685, 0.51461595, 0.514423, 0.5136446, 0.51089424, 0.5106948, 0.5141589, 0.51433575, 0.5147288, 0.51490283, 0.5139318, 0.51416045, 0.5142655, 0.512107, 0.51277226, 0.5121691, 0.51337177, 0.5144314, 0.51537246, 0.5155487, 0.51259416, 0.51272255, 0.5124488, 0.51222664, 0.5116495, 0.514931, 0.5149806, 0.51468986, 0.5141628, 0.51494914, 0.5129435, 0.5139653, 0.5132257]
[0.51045597, 0.50948834, 0.50846326, 0.50424767, 0.5112149, 0.5036553, 0.5102695, 0.5087944, 0.5095666, 0.50616133, 0.5149919, 0.51514965, 0.5141362, 0.5153566, 0.5154401, 0.5125641, 0.5122783, 0.51456803, 0.515056, 0.51580244, 0.51675016, 0.5170747, 0.51357704, 0.513906, 0.51378125, 0.5149441, 0.51276135, 0.51426804, 0.51561534, 0.51394534, 0.5125979, 0.5147275, 0.5159975, 0.51646507, 0.5125909, 0.51092356, 0.5108258, 0.5135176, 0.5102986, 0.51280284, 0.5155426, 0.5169315, 0.51379955, 0.5141478, 0.5167152, 0.51684433, 0.51701313, 0.5156559, 0.516118, 0.51573735, 0.5144399, 0.51203406, 0.51191205, 0.5159082, 0.5160771, 0.5162227, 0.5168714, 0.515711, 0.515035, 0.515409, 0.51318944, 0.5140154, 0.51339626, 0.5146049, 0.5160522, 0.51687634, 0.51706994, 0.5136951, 0.5137974, 0.51348984, 0.51326865, 0.5127595, 0.51613057, 0.51636744, 0.5161546, 0.51570964, 0.5164396, 0.5137784, 0.5150159, 0.5149201]
[0.5093983, 0.50813144, 0.5071982, 0.5009825, 0.509288, 0.50224376, 0.5085883, 0.5071636, 0.5075467, 0.5014199, 0.5129109, 0.5129583, 0.5132341, 0.51345265, 0.5135105, 0.51118904, 0.51109093, 0.51280993, 0.51343954, 0.51429945, 0.5151842, 0.5151677, 0.5121997, 0.5124364, 0.5124517, 0.5134046, 0.5110013, 0.5125351, 0.51350135, 0.5128164, 0.51199704, 0.51282454, 0.5136647, 0.5145765, 0.5116039, 0.5105992, 0.5102464, 0.51236826, 0.5100042, 0.5116774, 0.5134489, 0.51484674, 0.511834, 0.51249087, 0.5145457, 0.51490957, 0.5147425, 0.513691, 0.51431006, 0.5135308, 0.51253134, 0.51090014, 0.5113578, 0.51417595, 0.51425517, 0.5148164, 0.5152524, 0.513918, 0.51305497, 0.5138356, 0.5115734, 0.512545, 0.5122553, 0.5130553, 0.5142705, 0.5150855, 0.5150168, 0.5121987, 0.51241696, 0.5125613, 0.51243067, 0.51189435, 0.5147209, 0.5147686, 0.5144697, 0.51414776, 0.5147989, 0.51243854, 0.5135077, 0.513512]
[0.5108581, 0.50921273, 0.5078568, 0.50326467, 0.5122613, 0.50160694, 0.5102846, 0.5083069, 0.5093407, 0.50359964, 0.51513517, 0.51514393, 0.5144219, 0.51600885, 0.5159617, 0.51250464, 0.5122911, 0.5146801, 0.51492876, 0.51617193, 0.516581, 0.5172096, 0.5136417, 0.51393175, 0.51371723, 0.514918, 0.5125949, 0.5141772, 0.51575816, 0.5135634, 0.51255274, 0.5151508, 0.5160668, 0.5170622, 0.5120283, 0.5111208, 0.51089764, 0.51356936, 0.50997245, 0.51286155, 0.5156434, 0.51690876, 0.51325834, 0.51443964, 0.51666594, 0.51700044, 0.5167936, 0.5157683, 0.5161838, 0.516001, 0.51482356, 0.512077, 0.5117389, 0.5160688, 0.5160947, 0.5165468, 0.51658356, 0.5157822, 0.5153875, 0.51559716, 0.51309156, 0.5140291, 0.5127229, 0.514562, 0.51571715, 0.51651686, 0.51670265, 0.5140514, 0.5138642, 0.5139192, 0.51342356, 0.51289177, 0.51615244, 0.5163147, 0.5162448, 0.51578045, 0.51643336, 0.51438814, 0.5153776, 0.51495737]
[0.5112977, 0.5104965, 0.50888443, 0.5039695, 0.5125988, 0.50320333, 0.51075953, 0.50812966, 0.5088845, 0.5043676, 0.5166416, 0.516551, 0.51583856, 0.5165385, 0.5167756, 0.51392, 0.51309514, 0.51556015, 0.5167341, 0.5177615, 0.5188998, 0.51920974, 0.514664, 0.5150276, 0.5149499, 0.51636845, 0.5137213, 0.5154369, 0.5171484, 0.5153147, 0.5146928, 0.51594085, 0.51719314, 0.51841897, 0.51415944, 0.5128571, 0.51248085, 0.5156763, 0.511471, 0.5141607, 0.51732785, 0.51897347, 0.51464283, 0.5156084, 0.5183973, 0.518931, 0.5187403, 0.51683784, 0.5176911, 0.5171307, 0.5159016, 0.513153, 0.51279587, 0.5176327, 0.5178457, 0.51828605, 0.5189879, 0.51710904, 0.5167026, 0.5169478, 0.51448894, 0.51550466, 0.51444364, 0.516294, 0.51815856, 0.5189147, 0.5190832, 0.51516354, 0.51466256, 0.5148252, 0.5142979, 0.51378196, 0.51767015, 0.5178298, 0.51759845, 0.51751643, 0.51798785, 0.51542944, 0.5168264, 0.51647365]
[0.5073733, 0.507626, 0.50585973, 0.5011602, 0.50818634, 0.5012296, 0.508166, 0.504914, 0.505976, 0.5020682, 0.51180965, 0.5120161, 0.5118324, 0.51259434, 0.5122918, 0.5093987, 0.5096646, 0.5121837, 0.5123242, 0.5132728, 0.51412344, 0.5142087, 0.5112171, 0.51163054, 0.5114501, 0.5122929, 0.51001996, 0.5114245, 0.51203114, 0.51193357, 0.51120764, 0.51190895, 0.5130822, 0.51410586, 0.5114552, 0.5098848, 0.5092642, 0.5115537, 0.5087684, 0.5100987, 0.5124151, 0.51386315, 0.51056445, 0.51166433, 0.51397926, 0.5141257, 0.51383364, 0.51230127, 0.5130499, 0.5130026, 0.5116145, 0.50955564, 0.50958353, 0.5133633, 0.51377267, 0.5141282, 0.5145116, 0.5128709, 0.5120247, 0.5123847, 0.510207, 0.5115003, 0.51087546, 0.5114716, 0.5132856, 0.5141573, 0.51397496, 0.5110745, 0.51183194, 0.5113318, 0.51152956, 0.51084256, 0.51405126, 0.51412576, 0.5137545, 0.5130504, 0.5134538, 0.511242, 0.5130089, 0.5119785]
[0.5091192, 0.50948584, 0.5069884, 0.50173736, 0.5094954, 0.5027109, 0.5102152, 0.50835085, 0.5062828, 0.50159216, 0.5146414, 0.51500046, 0.5146735, 0.51510334, 0.515071, 0.5121855, 0.51233613, 0.51495636, 0.5153257, 0.5159581, 0.5169275, 0.5170913, 0.5141979, 0.514501, 0.51423985, 0.51514834, 0.51202977, 0.51360595, 0.5146861, 0.51502806, 0.5134615, 0.5143855, 0.5151938, 0.5163818, 0.51378787, 0.512892, 0.51230013, 0.51389927, 0.51146936, 0.51278025, 0.5146612, 0.51633817, 0.51303947, 0.5144131, 0.5161613, 0.51643246, 0.51639426, 0.5144058, 0.5151738, 0.51502043, 0.5139847, 0.5124762, 0.5126913, 0.51580834, 0.5157644, 0.51619536, 0.51700866, 0.51553875, 0.5148299, 0.515199, 0.5121915, 0.51378417, 0.51388866, 0.5139339, 0.5154793, 0.5164056, 0.5163661, 0.5140876, 0.5144042, 0.51477367, 0.5146883, 0.5145473, 0.51649714, 0.5165497, 0.51607996, 0.5157827, 0.5163086, 0.51380837, 0.51477545, 0.5151319]
[0.5085983, 0.5049336, 0.50517666, 0.4998028, 0.50986797, 0.49980566, 0.50856197, 0.50493383, 0.5071525, 0.5009284, 0.5130986, 0.51319546, 0.5127867, 0.51422685, 0.51405436, 0.5110805, 0.51143163, 0.5127777, 0.5133376, 0.51480377, 0.5155166, 0.51597273, 0.5122446, 0.51254886, 0.5126684, 0.51343036, 0.5114001, 0.5124977, 0.51347345, 0.5122331, 0.51098543, 0.51352674, 0.5143287, 0.51560825, 0.5110082, 0.50946003, 0.50884926, 0.5116377, 0.50932527, 0.51114863, 0.51408917, 0.5156847, 0.5115836, 0.5128028, 0.5153013, 0.5159761, 0.51508707, 0.51418036, 0.51489997, 0.5143136, 0.51305246, 0.5100526, 0.50999343, 0.5147829, 0.5147749, 0.5152373, 0.51561165, 0.5139809, 0.5131339, 0.5143104, 0.51153344, 0.51270115, 0.51153266, 0.5130595, 0.5142544, 0.5148054, 0.51520556, 0.51197463, 0.51259357, 0.5123178, 0.51238304, 0.5116582, 0.5142089, 0.5143316, 0.5142927, 0.5148715, 0.51526934, 0.5126825, 0.5138331, 0.5135939]
[0.51109284, 0.5096098, 0.5072703, 0.5047878, 0.5118172, 0.5046144, 0.51036716, 0.5085643, 0.5087206, 0.50481856, 0.51503944, 0.51500267, 0.51427287, 0.51522845, 0.51525426, 0.51244783, 0.51178074, 0.5139492, 0.51475906, 0.51574236, 0.5165804, 0.5167713, 0.5134569, 0.51366, 0.5135732, 0.5145746, 0.5127174, 0.5141886, 0.51547384, 0.51385343, 0.5124614, 0.51462024, 0.5155769, 0.51641905, 0.5118325, 0.5109233, 0.510738, 0.5138545, 0.5102562, 0.51248205, 0.51539284, 0.5164333, 0.5134585, 0.51396155, 0.51607436, 0.51684326, 0.5166937, 0.51535296, 0.5157276, 0.5150499, 0.5143455, 0.5120161, 0.5111424, 0.5152181, 0.5154903, 0.51579535, 0.5162354, 0.5155935, 0.51501733, 0.51556, 0.5129993, 0.5139134, 0.5129379, 0.51458234, 0.5159267, 0.5165055, 0.5164944, 0.51387495, 0.5135953, 0.5135799, 0.5132556, 0.5124303, 0.5153783, 0.5155402, 0.5153296, 0.5157138, 0.5163613, 0.51366574, 0.51458883, 0.51482683]
[0.5108281, 0.5098595, 0.5083871, 0.50327605, 0.51126105, 0.50358474, 0.51026547, 0.50819284, 0.5084015, 0.50495195, 0.51483643, 0.5145632, 0.514404, 0.51452225, 0.51475555, 0.5127, 0.5124931, 0.51422954, 0.51494616, 0.51593256, 0.51675004, 0.5170725, 0.5131527, 0.51371706, 0.5134912, 0.5147188, 0.51258755, 0.5137133, 0.51460296, 0.5141406, 0.51375103, 0.51401556, 0.5151681, 0.51637524, 0.5130521, 0.5120085, 0.5115753, 0.514225, 0.5112114, 0.51300627, 0.5148892, 0.51627785, 0.5132715, 0.51362795, 0.5160328, 0.5165162, 0.5165748, 0.5152026, 0.515657, 0.51525706, 0.5138393, 0.51225, 0.51233155, 0.5157086, 0.5160336, 0.51624644, 0.51667583, 0.51504105, 0.5143584, 0.51505524, 0.5132068, 0.51353973, 0.51310354, 0.5145575, 0.5159926, 0.5169967, 0.5167351, 0.51364857, 0.5137311, 0.51369864, 0.51347494, 0.51300424, 0.51573855, 0.5158641, 0.51578295, 0.5155433, 0.5160871, 0.5135178, 0.51494545, 0.51474833]
