[0.5020948, 0.5025186, 0.50125027, 0.5005904, 0.5123407, 0.51501733, 0.50004333, 0.501801, 0.50016147, 0.4998451, 0.5024434, 0.500994, 0.5062339, 0.51432294, 0.5016285, 0.50181264, 0.5105353, 0.5102111, 0.50114805, 0.50202245, 0.5011823, 0.49967584, 0.50590086, 0.5004097, 0.5019863, 0.501165, 0.4999547, 0.50117904, 0.5020226, 0.5019583, 0.5016892, 0.50485843, 0.5051074, 0.50574064, 0.5013371, 0.49953687, 0.50187016, 0.5041854, 0.4998649, 0.5013798, 0.5003379, 0.5011849, 0.5028963, 0.51136357, 0.5003123, 0.501371, 0.49952206, 0.5010516, 0.50106066, 0.5019625, 0.5004395, 0.51201165, 0.5024095, 0.5044517, 0.5033542, 0.5015389, 0.5008263, 0.5010809, 0.4999265, 0.50201285, 0.5033637, 0.499886, 0.5006325, 0.50348115, 0.5014332, 0.49977812, 0.5033202, 0.5026216, 0.50100875, 0.50182384, 0.50281304, 0.50070006, 0.5157359, 0.514284, 0.51441973, 0.51495755, 0.51856226, 0.5161133, 0.516163, 0.5162397, 0.51680267, 0.51713663, 0.51768166, 0.5177682, 0.5170038, 0.5181317, 0.5168697, 0.5204122, 0.5206929, 0.5174709, 0.51687026, 0.516778, 0.51650816, 0.52058876, 0.5178127, 0.5172183, 0.5200387, 0.51869464, 0.5191562, 0.5184442, 0.5189378, 0.5169341, 0.51876485, 0.5179058, 0.51842874, 0.5155373, 0.51459247, 0.5189547, 0.5177911, 0.5179693, 0.5175175, 0.51642734, 0.5166244, 0.51974726, 0.5172438, 0.51966965, 0.51528573, 0.5160996, 0.51649135, 0.51872814, 0.51603377, 0.5191656, 0.51963824, 0.520732, 0.51925236, 0.5172232, 0.517723, 0.5180716, 0.5177275, 0.5168305, 0.5179674, 0.51996803, 0.5151216, 0.5194898, 0.51912874, 0.5191223, 0.52001315, 0.52014047, 0.51659787, 0.5173304, 0.51762336, 0.51648706, 0.5172516, 0.518136, 0.5187685, 0.51895267, 0.5182447, 0.51959974, 0.5170295, 0.5191463, 0.5159698, 0.5169425, 0.5155935, 0.5162781, 0.5174, 0.517305, 0.5197503, 0.51848835, 0.51646554, 0.51614606, 0.5178654, 0.5187051, 0.5183578, 0.5203286, 0.51826316, 0.5188875, 0.51762694, 0.5185856, 0.5161777, 0.5170293, 0.5149806, 0.5166877, 0.5148727, 0.5150633, 0.51763046, 0.51564324, 0.5193238, 0.5166406, 0.5151231, 0.5170251, 0.51754975, 0.51599526, 0.51496047, 0.5191465, 0.5188593, 0.5168892, 0.51843965, 0.5174225, 0.51628184, 0.5193884, 0.5194968, 0.5184033, 0.5187703, 0.5183956, 0.5199661, 0.51833314, 0.5199092, 0.5187277, 0.51885784, 0.5211683, 0.5168482, 0.5181903, 0.518279, 0.5217212, 0.51807046, 0.51866865, 0.51789004, 0.5199469, 0.5153036, 0.5189785]
[0.50117356, 0.5012307, 0.5001257, 0.5013203, 0.51268065, 0.5151351, 0.5007885, 0.50085366, 0.5021518, 0.5005865, 0.5009441, 0.50062543, 0.5076333, 0.51493025, 0.50322914, 0.50103503, 0.5103078, 0.5105036, 0.5007148, 0.50144905, 0.5008693, 0.50241756, 0.5067877, 0.5024885, 0.50382537, 0.50302315, 0.5023342, 0.5010845, 0.5009992, 0.50104904, 0.50340396, 0.5068414, 0.50499266, 0.50512415, 0.50229126, 0.5003472, 0.5012912, 0.50290215, 0.500426, 0.503003, 0.5007395, 0.5008432, 0.50511575, 0.5111673, 0.5016813, 0.5010093, 0.50333875, 0.50006616, 0.50013274, 0.5007165, 0.5000337, 0.5125912, 0.5028129, 0.50639176, 0.5069348, 0.5008432, 0.5002558, 0.50023973, 0.49977186, 0.50122535, 0.50236195, 0.5010829, 0.503317, 0.5042624, 0.49980482, 0.5013112, 0.5028496, 0.5030979, 0.50204265, 0.5009083, 0.50177056, 0.5004306, 0.5165412, 0.5146997, 0.5153363, 0.5156764, 0.51875937, 0.5158061, 0.51645565, 0.5161967, 0.5162344, 0.5169479, 0.5180489, 0.5183421, 0.516732, 0.5183544, 0.5156527, 0.52004004, 0.5196822, 0.5173218, 0.51711804, 0.51668286, 0.516174, 0.5202247, 0.518872, 0.51680744, 0.5195742, 0.5187277, 0.51846844, 0.51826197, 0.51834154, 0.51726365, 0.5179058, 0.518189, 0.5182453, 0.51528674, 0.5136015, 0.51884955, 0.5173159, 0.51694536, 0.5176904, 0.5164997, 0.5174733, 0.51887393, 0.51731443, 0.5189491, 0.5157352, 0.5165218, 0.5158674, 0.51868176, 0.5161629, 0.5191146, 0.5192259, 0.51993877, 0.5189238, 0.51768726, 0.51782876, 0.5177612, 0.5182471, 0.5165087, 0.5172434, 0.519593, 0.51378715, 0.51934797, 0.5193975, 0.5177937, 0.51936996, 0.5197344, 0.51569337, 0.516982, 0.51741236, 0.51606834, 0.51755935, 0.5182896, 0.5190712, 0.5180786, 0.51770836, 0.51953167, 0.51609546, 0.5190427, 0.5159657, 0.5162521, 0.5157844, 0.5167273, 0.517812, 0.5174444, 0.5197852, 0.5181679, 0.5161084, 0.51585436, 0.51775146, 0.5183004, 0.5182989, 0.51992595, 0.5179992, 0.51884514, 0.5179631, 0.51796716, 0.51516294, 0.51827234, 0.5151693, 0.5160841, 0.5151137, 0.5152748, 0.51756036, 0.515914, 0.51866996, 0.5175597, 0.5151349, 0.5171236, 0.51694965, 0.5153818, 0.514551, 0.5187526, 0.5189661, 0.51651734, 0.51894516, 0.51838195, 0.51745516, 0.5183056, 0.5184771, 0.5185244, 0.5183069, 0.5180894, 0.52058077, 0.5191023, 0.51966316, 0.5192631, 0.51884377, 0.52066946, 0.51648295, 0.51810944, 0.5185571, 0.5213333, 0.517674, 0.5179747, 0.51779044, 0.51970464, 0.5155913, 0.51827246]
[0.5009743, 0.50108904, 0.49976915, 0.5034651, 0.51276827, 0.51532656, 0.5029285, 0.4997512, 0.5034611, 0.5024607, 0.5001264, 0.50109625, 0.5089719, 0.5154531, 0.50489384, 0.49973318, 0.5098243, 0.5103699, 0.49999487, 0.50039524, 0.50005764, 0.50334567, 0.5088755, 0.50364447, 0.50512224, 0.5025542, 0.50311923, 0.50219834, 0.50006133, 0.50023854, 0.5040231, 0.50792646, 0.50727814, 0.5073657, 0.50532377, 0.5026507, 0.50013465, 0.50258946, 0.5028408, 0.50455624, 0.5016516, 0.49976134, 0.50647324, 0.5107088, 0.50196105, 0.4996011, 0.50588685, 0.5025279, 0.5007961, 0.500304, 0.5020727, 0.5127346, 0.50451, 0.5055711, 0.50804234, 0.50121164, 0.50110185, 0.5014003, 0.5007097, 0.5002706, 0.5016717, 0.502435, 0.5056614, 0.50461173, 0.5010039, 0.5045743, 0.5046681, 0.50329983, 0.50421333, 0.50046694, 0.5009263, 0.5010244, 0.5161407, 0.5155103, 0.5160222, 0.5154083, 0.51836777, 0.5167726, 0.5174234, 0.51607317, 0.5170083, 0.5169915, 0.51796675, 0.51827806, 0.5168008, 0.518195, 0.51599026, 0.51930004, 0.5186814, 0.5167339, 0.5172415, 0.51667136, 0.51573604, 0.5196748, 0.5189922, 0.516687, 0.51949954, 0.51900744, 0.5183373, 0.51818305, 0.5181226, 0.5169945, 0.51817393, 0.51838386, 0.5173196, 0.5153809, 0.51407856, 0.5188387, 0.5168277, 0.5174884, 0.51753896, 0.5155101, 0.5176813, 0.5179676, 0.51689285, 0.5188981, 0.516213, 0.51704764, 0.51642823, 0.5181716, 0.51670945, 0.5191068, 0.5191332, 0.51956034, 0.51822925, 0.51721925, 0.5171589, 0.516916, 0.51804996, 0.51734895, 0.51827127, 0.5191893, 0.5136435, 0.518813, 0.51897794, 0.5186022, 0.51932204, 0.519663, 0.5160678, 0.5172564, 0.5169871, 0.5158476, 0.5175309, 0.51795435, 0.5187171, 0.5188281, 0.5178104, 0.5188131, 0.5163376, 0.51843566, 0.51594216, 0.5165175, 0.51571673, 0.51633894, 0.5175415, 0.5180074, 0.51900554, 0.5182899, 0.5161378, 0.5157944, 0.51842135, 0.5183976, 0.5184907, 0.51947784, 0.51855147, 0.5187977, 0.51809007, 0.51770025, 0.51535857, 0.518785, 0.5157584, 0.5165161, 0.51465154, 0.5151715, 0.517334, 0.5154873, 0.5182206, 0.5171335, 0.51472443, 0.5176478, 0.51689553, 0.5159024, 0.5153011, 0.51912117, 0.5183826, 0.5167771, 0.5187978, 0.51868886, 0.5180016, 0.51834196, 0.5182848, 0.5184524, 0.5184894, 0.51769483, 0.5199987, 0.51877755, 0.5190917, 0.5193236, 0.5183548, 0.52040714, 0.5167186, 0.51767606, 0.5182915, 0.5211635, 0.51728445, 0.51886135, 0.5176799, 0.5196714, 0.51600814, 0.51827776]
[0.5027059, 0.50314385, 0.50105923, 0.50210583, 0.5083568, 0.5095363, 0.5034573, 0.5019393, 0.5030513, 0.5023447, 0.5020267, 0.501581, 0.50515527, 0.5093375, 0.5039658, 0.50147694, 0.5066584, 0.5069684, 0.501102, 0.50170684, 0.50126624, 0.50283736, 0.50539684, 0.5028957, 0.50347686, 0.50326383, 0.5031824, 0.5029616, 0.5015846, 0.5016206, 0.5040654, 0.5050274, 0.50473183, 0.50513285, 0.50351, 0.5026264, 0.50164574, 0.5059037, 0.5027118, 0.5038272, 0.50240403, 0.5010318, 0.5050098, 0.5075561, 0.5034367, 0.50129616, 0.5044939, 0.50251913, 0.5014494, 0.50171113, 0.50208336, 0.5082648, 0.5034785, 0.5049588, 0.5043611, 0.5010529, 0.5014792, 0.5014185, 0.502059, 0.50277203, 0.50486, 0.5023834, 0.5036486, 0.504253, 0.5012915, 0.5027902, 0.5038791, 0.5033984, 0.5039377, 0.501974, 0.5031577, 0.50154287, 0.5100884, 0.5094595, 0.5096831, 0.50963557, 0.5111693, 0.51039845, 0.5101422, 0.5098872, 0.51026404, 0.5105342, 0.51053935, 0.51082194, 0.51010287, 0.5111039, 0.50989205, 0.51168853, 0.5115994, 0.51086074, 0.5102132, 0.5102858, 0.5098643, 0.5117916, 0.51086694, 0.5102692, 0.5113401, 0.5112709, 0.5111601, 0.51102024, 0.51105034, 0.5100269, 0.5108728, 0.5110569, 0.5107264, 0.509837, 0.50909865, 0.5113704, 0.5105647, 0.51070946, 0.5104106, 0.509962, 0.5104566, 0.5111103, 0.51000476, 0.51146436, 0.50981534, 0.51004523, 0.5100681, 0.5109321, 0.5098664, 0.51133054, 0.5115449, 0.51178455, 0.5110269, 0.51028705, 0.510692, 0.51066905, 0.51073515, 0.5103802, 0.51099247, 0.511411, 0.5091807, 0.51131403, 0.5112705, 0.5109155, 0.51160294, 0.5118049, 0.51037383, 0.5102453, 0.51028186, 0.51030695, 0.51046056, 0.51075757, 0.5113395, 0.5111248, 0.51064485, 0.5112951, 0.5104072, 0.5112107, 0.50955176, 0.51012784, 0.50958425, 0.51025873, 0.5106002, 0.5103698, 0.51145065, 0.5110023, 0.51009166, 0.5100073, 0.51097876, 0.5112887, 0.5110635, 0.51179546, 0.5107396, 0.5111355, 0.5106175, 0.51085883, 0.509962, 0.5107683, 0.50979996, 0.5101505, 0.50932515, 0.5094134, 0.51064163, 0.5097939, 0.5110757, 0.51023257, 0.5093223, 0.51042366, 0.51055294, 0.5095842, 0.5094989, 0.5113133, 0.5108191, 0.5102846, 0.5111123, 0.51082206, 0.51046056, 0.5111071, 0.51129323, 0.51126456, 0.5111192, 0.51086736, 0.51177096, 0.5113527, 0.5116599, 0.5114005, 0.51133144, 0.5119977, 0.51040584, 0.5108022, 0.5109569, 0.5123471, 0.5109476, 0.51101, 0.5105607, 0.51180047, 0.50976485, 0.51094466]
[0.501721, 0.50209194, 0.50065833, 0.5006768, 0.50582254, 0.5068381, 0.50198513, 0.50188357, 0.5021003, 0.5014791, 0.5013942, 0.50078833, 0.5039638, 0.50631386, 0.50288415, 0.5014208, 0.50516224, 0.5048538, 0.5013058, 0.50297505, 0.50177616, 0.5019008, 0.5037604, 0.50267464, 0.5023436, 0.5018763, 0.501353, 0.50238985, 0.501353, 0.50041944, 0.5034012, 0.5031679, 0.50326705, 0.5034633, 0.5023661, 0.50111073, 0.5023525, 0.50497913, 0.50106514, 0.50240743, 0.5011497, 0.50064963, 0.50293267, 0.5053902, 0.50176054, 0.50176346, 0.5023868, 0.50066036, 0.50068563, 0.50241834, 0.50071484, 0.5056143, 0.50232947, 0.50376886, 0.5036692, 0.5006296, 0.5008715, 0.5005544, 0.5016126, 0.5016308, 0.5035449, 0.5012789, 0.501928, 0.503091, 0.5011869, 0.5027136, 0.50268763, 0.5024505, 0.50148535, 0.5018355, 0.5029621, 0.50051874, 0.50693345, 0.50660264, 0.5066467, 0.5067252, 0.5080476, 0.50736046, 0.5072449, 0.50712293, 0.5074549, 0.50744474, 0.507693, 0.5076229, 0.5072663, 0.50778157, 0.50702596, 0.5083044, 0.5084193, 0.5077901, 0.5074042, 0.5072441, 0.5071844, 0.50852215, 0.50765306, 0.5074517, 0.5083584, 0.5079818, 0.5081805, 0.5077659, 0.5080955, 0.50750375, 0.5078382, 0.508097, 0.50781184, 0.50706995, 0.5063147, 0.5081208, 0.5077154, 0.5078019, 0.50774616, 0.50728446, 0.50740665, 0.50824386, 0.50724244, 0.50831664, 0.5067645, 0.50730425, 0.5071914, 0.50787586, 0.5072144, 0.5082025, 0.50830334, 0.5087443, 0.50807583, 0.5073934, 0.50776225, 0.5076678, 0.5077482, 0.5074321, 0.5077012, 0.50837034, 0.5064595, 0.5085249, 0.508154, 0.5080218, 0.5084377, 0.50851846, 0.5071269, 0.50779915, 0.50737673, 0.50722677, 0.50731957, 0.5077925, 0.50807095, 0.50797856, 0.50769955, 0.5082061, 0.5074657, 0.5079489, 0.50703734, 0.5072527, 0.5068217, 0.5071139, 0.5074901, 0.50774604, 0.50837415, 0.5080429, 0.50695646, 0.50709695, 0.50778925, 0.5082085, 0.508096, 0.50831664, 0.5079544, 0.5083477, 0.5076155, 0.5078267, 0.5068643, 0.5075004, 0.5067887, 0.5071329, 0.5067752, 0.5068292, 0.5077139, 0.5070169, 0.50817466, 0.5073924, 0.5068874, 0.50752836, 0.50774014, 0.5069223, 0.50665385, 0.5082797, 0.50795215, 0.5073452, 0.50789505, 0.50731444, 0.5069648, 0.5081247, 0.50816405, 0.5080192, 0.50803703, 0.5081036, 0.50805193, 0.50812197, 0.5086411, 0.50797504, 0.50810045, 0.508867, 0.5072101, 0.50772387, 0.5077429, 0.50917435, 0.5078556, 0.508241, 0.50788474, 0.5084727, 0.50698173, 0.50802326]
[0.5008083, 0.50103515, 0.5012252, 0.5036514, 0.5137812, 0.5162808, 0.5037753, 0.5008142, 0.50488293, 0.5031123, 0.5004814, 0.50287396, 0.5101681, 0.5154426, 0.50684065, 0.5006045, 0.51263654, 0.5122767, 0.5007627, 0.5013136, 0.50085026, 0.5047054, 0.5093763, 0.507048, 0.5056861, 0.50423944, 0.50455683, 0.50492996, 0.5009568, 0.5004849, 0.5075784, 0.5075959, 0.50784284, 0.5074189, 0.50624955, 0.5036572, 0.5014891, 0.5038699, 0.5033573, 0.5061599, 0.50244284, 0.5006157, 0.50717676, 0.5125559, 0.5036946, 0.50067365, 0.5058124, 0.50245315, 0.5018978, 0.5003838, 0.5020478, 0.5135867, 0.50615495, 0.50885755, 0.5092625, 0.50051177, 0.5023364, 0.5014708, 0.5034408, 0.50062877, 0.5026409, 0.5028024, 0.5049602, 0.5071653, 0.5024108, 0.5054956, 0.50604534, 0.5057115, 0.50472355, 0.50038475, 0.50193375, 0.5010832, 0.5170604, 0.5160059, 0.51667905, 0.5163721, 0.5194134, 0.51712996, 0.5172765, 0.51763177, 0.51795256, 0.51776356, 0.51864034, 0.51894355, 0.5176107, 0.5189597, 0.5167298, 0.5203415, 0.5200686, 0.51803505, 0.5179544, 0.5175596, 0.51740503, 0.5208915, 0.5191023, 0.5182429, 0.52033126, 0.51951927, 0.5192914, 0.5192131, 0.51900387, 0.5185134, 0.5186669, 0.5190554, 0.51893616, 0.51692444, 0.51505154, 0.51943797, 0.5185608, 0.5180967, 0.5190416, 0.51789933, 0.5183143, 0.5200864, 0.51771355, 0.51979, 0.51671994, 0.51774454, 0.5170175, 0.5192082, 0.5176571, 0.52017313, 0.5199836, 0.52074265, 0.5197359, 0.5181199, 0.5186894, 0.5183466, 0.51819533, 0.51782215, 0.5186032, 0.520374, 0.51563436, 0.5199879, 0.5202985, 0.518975, 0.520181, 0.5207334, 0.51693106, 0.518805, 0.51817125, 0.5175762, 0.51799786, 0.51903445, 0.5195679, 0.5194381, 0.51883334, 0.5196998, 0.51721954, 0.5194135, 0.51681626, 0.5173206, 0.51650256, 0.5174127, 0.51862544, 0.51856273, 0.5200115, 0.5192674, 0.51727617, 0.5163827, 0.5188862, 0.5192376, 0.51926535, 0.5200835, 0.51910466, 0.5196108, 0.5188239, 0.5188525, 0.51649946, 0.51889026, 0.51620215, 0.5172232, 0.51573527, 0.5157979, 0.5180381, 0.51695603, 0.5190722, 0.5180329, 0.5167424, 0.5184172, 0.5179138, 0.5163303, 0.51618224, 0.51993364, 0.5196419, 0.5180214, 0.51940566, 0.51861167, 0.517889, 0.51945335, 0.51987344, 0.51911455, 0.5191809, 0.5186888, 0.5205822, 0.519592, 0.52031076, 0.5197407, 0.51952964, 0.5210926, 0.5170549, 0.51892537, 0.5189304, 0.5215604, 0.51847714, 0.51922935, 0.5187298, 0.52098906, 0.51681066, 0.5193136]
[0.50267726, 0.5031898, 0.50172454, 0.4998147, 0.51109093, 0.5131346, 0.5014071, 0.5017827, 0.5015008, 0.5002907, 0.5021401, 0.50085294, 0.506748, 0.5127531, 0.5049403, 0.50145733, 0.50899065, 0.5088463, 0.5019299, 0.50267947, 0.502052, 0.50178987, 0.5078193, 0.50240636, 0.5029949, 0.5015474, 0.50190425, 0.50184554, 0.50217366, 0.50225145, 0.50208974, 0.5065879, 0.50507694, 0.50613177, 0.50226104, 0.50046057, 0.5023919, 0.50513667, 0.5001167, 0.5034776, 0.5004559, 0.501559, 0.50482357, 0.51010275, 0.5016604, 0.5013247, 0.504046, 0.500017, 0.5010195, 0.50213176, 0.5001107, 0.5107577, 0.50398064, 0.50576967, 0.50668716, 0.50137883, 0.5003598, 0.5006092, 0.5003906, 0.5023048, 0.5040846, 0.50036246, 0.5027893, 0.505031, 0.50119376, 0.5001179, 0.5043329, 0.50300163, 0.5020597, 0.5022333, 0.50329685, 0.50123245, 0.5141321, 0.51296103, 0.5131199, 0.51335293, 0.5157742, 0.5141935, 0.5148657, 0.51382995, 0.51424557, 0.5145493, 0.51553726, 0.5150548, 0.51427996, 0.5153977, 0.5138322, 0.5169037, 0.5166599, 0.5152637, 0.51483846, 0.5142933, 0.5137798, 0.51677924, 0.515585, 0.5144922, 0.5166275, 0.5162806, 0.5161553, 0.5160252, 0.5159282, 0.5146125, 0.5155225, 0.5154549, 0.51530206, 0.5131944, 0.51259655, 0.516122, 0.5146864, 0.51526856, 0.5149575, 0.5140622, 0.5145322, 0.51581424, 0.5145124, 0.5165298, 0.5134196, 0.5142918, 0.51379174, 0.5158962, 0.51426035, 0.5164451, 0.5163525, 0.51710415, 0.5159586, 0.51463586, 0.514964, 0.51470745, 0.5150942, 0.5139773, 0.51509255, 0.5167977, 0.5123557, 0.5166596, 0.51622564, 0.5157984, 0.51673603, 0.5167281, 0.51422435, 0.51499987, 0.5149144, 0.513947, 0.5147735, 0.51529557, 0.5161671, 0.5161168, 0.51549834, 0.51646745, 0.5144523, 0.5157819, 0.51388514, 0.51431245, 0.5135176, 0.5142323, 0.5150674, 0.5151948, 0.516656, 0.5156563, 0.51372814, 0.5140778, 0.5153352, 0.51627934, 0.5163224, 0.51698923, 0.51563925, 0.5161513, 0.5152399, 0.5153887, 0.51387584, 0.51520777, 0.5137011, 0.5141804, 0.5129446, 0.5130508, 0.5149076, 0.51379955, 0.5161711, 0.5143547, 0.51298535, 0.51492167, 0.51536024, 0.5136011, 0.5129253, 0.516169, 0.5161272, 0.5145903, 0.516154, 0.5156344, 0.51486325, 0.5158663, 0.5159039, 0.51609033, 0.51604825, 0.5158377, 0.51673186, 0.5162524, 0.5167821, 0.51657856, 0.51625425, 0.517621, 0.51467586, 0.5152904, 0.5155928, 0.5181478, 0.5147535, 0.51595014, 0.5153786, 0.51724076, 0.5131879, 0.51600593]
[0.50347304, 0.5041237, 0.50287646, 0.5019978, 0.50943744, 0.51126635, 0.5014509, 0.50283825, 0.50076985, 0.50107807, 0.50353855, 0.50224686, 0.5046193, 0.5111659, 0.50281674, 0.5026893, 0.5075916, 0.5074742, 0.5020011, 0.5035239, 0.5023206, 0.50090384, 0.50510174, 0.50183946, 0.501793, 0.5010907, 0.5010506, 0.5012419, 0.50286335, 0.50276726, 0.5033318, 0.50441176, 0.5030216, 0.5038012, 0.50186664, 0.50066197, 0.5033741, 0.5061229, 0.50094914, 0.5019993, 0.50080264, 0.5027628, 0.50328636, 0.5085802, 0.501261, 0.5021134, 0.5023709, 0.5018745, 0.5020044, 0.503254, 0.5012938, 0.5095306, 0.50215465, 0.50350267, 0.50406986, 0.5025679, 0.5012162, 0.5019439, 0.5006676, 0.503186, 0.5049925, 0.50099224, 0.50130546, 0.50357705, 0.501995, 0.5007242, 0.5026803, 0.502088, 0.5018319, 0.502672, 0.5042313, 0.502394, 0.512081, 0.5111053, 0.51129997, 0.51137394, 0.5139305, 0.5123305, 0.5124903, 0.51212096, 0.5127258, 0.5127996, 0.513349, 0.512952, 0.51280594, 0.5136298, 0.5120729, 0.51498777, 0.5148035, 0.5132364, 0.5129478, 0.512747, 0.5122678, 0.5149662, 0.5135566, 0.5123752, 0.5144268, 0.51426905, 0.5141728, 0.5139741, 0.5141274, 0.51266986, 0.5136249, 0.5137507, 0.51352316, 0.5118124, 0.5110941, 0.5142645, 0.51301944, 0.51354647, 0.5132325, 0.51210546, 0.5126609, 0.5142668, 0.5123302, 0.51448363, 0.5117432, 0.5124259, 0.5123206, 0.51363635, 0.51246667, 0.5141953, 0.51425767, 0.51517314, 0.51404303, 0.5129222, 0.5133463, 0.5131683, 0.5132901, 0.512869, 0.5133798, 0.5147648, 0.5108241, 0.51450354, 0.5143469, 0.5137161, 0.51479024, 0.51507777, 0.51241666, 0.51311845, 0.51311517, 0.512474, 0.5125247, 0.51332265, 0.5140933, 0.51409733, 0.5135219, 0.51412326, 0.5127409, 0.5139277, 0.51174265, 0.5126317, 0.511803, 0.51251775, 0.5133583, 0.51340795, 0.51447237, 0.5137869, 0.5119389, 0.51223207, 0.51352245, 0.5142934, 0.51461464, 0.51466215, 0.5134811, 0.5142793, 0.5133714, 0.5137969, 0.5120678, 0.51341987, 0.5120318, 0.5126567, 0.5115027, 0.5117042, 0.51312053, 0.511901, 0.5141536, 0.51254344, 0.5116141, 0.5131031, 0.5131221, 0.51187074, 0.51158184, 0.51435584, 0.5139803, 0.5130879, 0.5142231, 0.51362395, 0.5129304, 0.5140615, 0.51413625, 0.5138985, 0.51403165, 0.5137889, 0.51460093, 0.51414764, 0.5149145, 0.5145723, 0.51424354, 0.51559734, 0.5128246, 0.5133461, 0.5136524, 0.5159284, 0.51327735, 0.5143292, 0.51335526, 0.51501465, 0.51187235, 0.514078]
[0.5006393, 0.50094634, 0.49916688, 0.5005939, 0.50976086, 0.512384, 0.5003503, 0.5000605, 0.50136095, 0.50076646, 0.50030595, 0.4992267, 0.5059707, 0.51151156, 0.5021123, 0.5004219, 0.50869876, 0.5089121, 0.49961954, 0.5013985, 0.5002095, 0.5011075, 0.5054728, 0.5017304, 0.5032129, 0.50256777, 0.5020994, 0.50132203, 0.5010231, 0.50101537, 0.5013964, 0.5051855, 0.5038863, 0.5035712, 0.5023933, 0.5005309, 0.50075626, 0.50388163, 0.5006314, 0.50219476, 0.5002954, 0.49946937, 0.5045236, 0.50918525, 0.5009247, 0.5000025, 0.5006905, 0.49929303, 0.49960595, 0.49956906, 0.49971336, 0.50977165, 0.5020407, 0.50334954, 0.5047754, 0.50001013, 0.49913543, 0.49911666, 0.50017244, 0.50081706, 0.5026851, 0.4999298, 0.5022518, 0.50406337, 0.49932855, 0.50155014, 0.50275594, 0.5035047, 0.5025629, 0.5005392, 0.50153404, 0.49915326, 0.51304567, 0.51186347, 0.51224655, 0.51231855, 0.5152546, 0.51264364, 0.51366943, 0.5130215, 0.5137127, 0.51375973, 0.51417375, 0.514609, 0.5141287, 0.5145287, 0.5130467, 0.5165546, 0.51643664, 0.5134942, 0.5136719, 0.5135292, 0.51319903, 0.5161441, 0.51532906, 0.5139578, 0.5159995, 0.5152112, 0.51527584, 0.51499516, 0.5146247, 0.5134981, 0.51473945, 0.5147127, 0.5147722, 0.5124927, 0.5117416, 0.51508784, 0.5143646, 0.51418555, 0.51478, 0.5135415, 0.51389766, 0.5152275, 0.51344436, 0.51546025, 0.51269734, 0.51329273, 0.51324254, 0.5147937, 0.5132895, 0.5153603, 0.5158274, 0.5166266, 0.51518846, 0.514247, 0.5139146, 0.5145127, 0.5143521, 0.51411676, 0.5146206, 0.5157707, 0.51201963, 0.5153962, 0.51599514, 0.51519316, 0.5154564, 0.5159018, 0.51322716, 0.5141374, 0.5141771, 0.5126789, 0.51431847, 0.514571, 0.5154396, 0.51483303, 0.5146109, 0.51529884, 0.5133111, 0.51536596, 0.5132271, 0.51374096, 0.51286495, 0.5134132, 0.51398474, 0.51418304, 0.5155064, 0.5148636, 0.5124864, 0.51275426, 0.51483077, 0.51532555, 0.51520735, 0.51652426, 0.514749, 0.5151945, 0.5141037, 0.5147007, 0.51273847, 0.5143287, 0.5124064, 0.51369655, 0.51198804, 0.51206285, 0.5141613, 0.512411, 0.51496595, 0.51366377, 0.5124705, 0.51398236, 0.5139003, 0.51287085, 0.5120667, 0.51550394, 0.51506376, 0.5138254, 0.51517975, 0.5145774, 0.5138449, 0.515134, 0.5156392, 0.51489025, 0.51499844, 0.5148619, 0.51574355, 0.51492894, 0.51582116, 0.5154543, 0.5158667, 0.5170219, 0.5133223, 0.5144601, 0.515219, 0.5175567, 0.51396847, 0.51466423, 0.5146391, 0.5162455, 0.51251197, 0.5155108]
[0.50045866, 0.5009096, 0.49934444, 0.50097775, 0.512178, 0.5147334, 0.5011534, 0.5004636, 0.5027373, 0.5018147, 0.5008103, 0.49989113, 0.5069451, 0.5143065, 0.5040365, 0.5002457, 0.5100901, 0.510213, 0.49994814, 0.5006807, 0.49933332, 0.50118124, 0.50747126, 0.50258297, 0.50299734, 0.5023017, 0.5015306, 0.5022356, 0.5010902, 0.50040877, 0.50551283, 0.5055952, 0.5046581, 0.50555766, 0.5041753, 0.50064415, 0.50016797, 0.5034548, 0.4997508, 0.50233454, 0.50112677, 0.4997018, 0.5048943, 0.5105705, 0.50257176, 0.49988523, 0.50349915, 0.4999011, 0.4991776, 0.499766, 0.4994282, 0.5118349, 0.50327593, 0.50569266, 0.5053629, 0.50022703, 0.49912423, 0.49931785, 0.49960247, 0.50054944, 0.5022457, 0.5005868, 0.5025895, 0.5036669, 0.4994529, 0.50125355, 0.50453264, 0.5037413, 0.5018331, 0.50053424, 0.502064, 0.5000849, 0.5154356, 0.5137524, 0.5141704, 0.5145887, 0.51794076, 0.5155015, 0.5154924, 0.5155189, 0.51624995, 0.51689786, 0.5173878, 0.51741064, 0.51591915, 0.5179987, 0.51607704, 0.5193868, 0.5195154, 0.51712626, 0.51720023, 0.5162384, 0.5157041, 0.51943016, 0.51771134, 0.5165393, 0.5190677, 0.51859194, 0.5183128, 0.5186115, 0.51866674, 0.51636, 0.5177487, 0.51767135, 0.51763964, 0.51486623, 0.51403034, 0.5187415, 0.5171828, 0.51790076, 0.5170284, 0.51565456, 0.5165324, 0.51868635, 0.51685184, 0.5193365, 0.5153357, 0.51568866, 0.51617837, 0.51839215, 0.5164704, 0.51845896, 0.51881576, 0.5201061, 0.5183522, 0.5175343, 0.51759475, 0.51744854, 0.51819783, 0.5162475, 0.5170295, 0.51944834, 0.51434433, 0.5187616, 0.5188994, 0.5180707, 0.5193799, 0.5195683, 0.5160753, 0.5171582, 0.5174383, 0.5167224, 0.5168094, 0.51793784, 0.5187451, 0.51827836, 0.51749307, 0.5192879, 0.51684076, 0.51854587, 0.5159384, 0.51668286, 0.5161972, 0.5159953, 0.51727015, 0.5172836, 0.51920986, 0.51782113, 0.51561606, 0.5161151, 0.51740116, 0.51845944, 0.51874876, 0.5191871, 0.5182173, 0.518622, 0.5171864, 0.5179823, 0.51554334, 0.5171646, 0.51515025, 0.5163925, 0.5149664, 0.5152703, 0.51674414, 0.51614577, 0.5191945, 0.5168049, 0.5148552, 0.5167596, 0.5169745, 0.5149235, 0.5148874, 0.51884335, 0.5180068, 0.5169921, 0.51854557, 0.5175886, 0.51674086, 0.5186756, 0.51858157, 0.5185457, 0.51821536, 0.5183468, 0.5189098, 0.5186366, 0.51922584, 0.51914144, 0.5184462, 0.5201635, 0.5169449, 0.5182139, 0.51803243, 0.52089953, 0.5180476, 0.5185357, 0.51761633, 0.5195029, 0.51508075, 0.5184695]
[0.50448275, 0.5051123, 0.50399536, 0.5021798, 0.50844, 0.5109242, 0.5000626, 0.5044188, 0.5003146, 0.50110674, 0.50398934, 0.5018583, 0.5038507, 0.5103373, 0.5009625, 0.5032465, 0.506378, 0.50670546, 0.5036824, 0.50386006, 0.5026019, 0.5005616, 0.5042149, 0.50068253, 0.50123084, 0.500437, 0.5006433, 0.5003594, 0.50333357, 0.5026861, 0.50216645, 0.5031226, 0.50229335, 0.5026731, 0.5009434, 0.5015635, 0.50433755, 0.5076269, 0.50206405, 0.50049895, 0.50156635, 0.5039221, 0.5015323, 0.5072256, 0.50013477, 0.50326896, 0.5010032, 0.5025314, 0.5028643, 0.50417936, 0.5021892, 0.5085183, 0.5003327, 0.5026146, 0.50333214, 0.503732, 0.50296897, 0.5028691, 0.5004, 0.50439364, 0.5066093, 0.5016239, 0.50025487, 0.5011667, 0.5020717, 0.50038046, 0.5014312, 0.5005361, 0.50096405, 0.5039251, 0.50560206, 0.50318, 0.5110921, 0.5102349, 0.51060027, 0.5106594, 0.51330197, 0.5112288, 0.5120807, 0.5110672, 0.5114538, 0.51227057, 0.51263565, 0.51247007, 0.5120724, 0.5129689, 0.51108724, 0.5142022, 0.5136669, 0.51209927, 0.51222664, 0.51191324, 0.5114636, 0.51407284, 0.51274055, 0.51175535, 0.5138874, 0.5134533, 0.51311487, 0.5130722, 0.51330775, 0.5119946, 0.51277786, 0.51320934, 0.5125042, 0.51104975, 0.5100845, 0.5132849, 0.512124, 0.51247203, 0.5123818, 0.5114408, 0.5121691, 0.5131443, 0.5117729, 0.5134486, 0.51099986, 0.5112951, 0.5116798, 0.51310456, 0.51143676, 0.51344854, 0.51364994, 0.5145037, 0.5133162, 0.5122499, 0.5125791, 0.51237595, 0.5126859, 0.51209974, 0.51262134, 0.51412034, 0.5101609, 0.51400626, 0.513738, 0.51310694, 0.5137801, 0.51420337, 0.5112269, 0.5125469, 0.5121868, 0.5116974, 0.5124639, 0.51274794, 0.513317, 0.51312476, 0.51292497, 0.5138663, 0.51195496, 0.51342493, 0.5114403, 0.5117305, 0.5111456, 0.5116026, 0.51243216, 0.5124301, 0.5139727, 0.51304543, 0.5113108, 0.5115863, 0.5128242, 0.5134221, 0.5133205, 0.51381737, 0.51299334, 0.5137457, 0.5127607, 0.5132768, 0.5110365, 0.5124764, 0.51086575, 0.5118015, 0.5106433, 0.51089096, 0.51224923, 0.51131177, 0.5134202, 0.51216996, 0.51071, 0.5126114, 0.51227355, 0.5110246, 0.5106184, 0.51362675, 0.51317173, 0.51172584, 0.51302433, 0.5126787, 0.5119776, 0.5132417, 0.51323944, 0.51332486, 0.51296675, 0.5133219, 0.5138245, 0.5134554, 0.51401764, 0.5135963, 0.5136037, 0.51483196, 0.5118951, 0.51279795, 0.5126632, 0.5152133, 0.51253486, 0.513537, 0.5127679, 0.51433194, 0.51101404, 0.51343614]
[0.5013114, 0.50207734, 0.50078225, 0.4999202, 0.5096303, 0.51202106, 0.5018983, 0.5009102, 0.5015933, 0.50059634, 0.5018356, 0.50046086, 0.50520605, 0.51167953, 0.5038033, 0.50072044, 0.5081718, 0.5085319, 0.5003921, 0.5013617, 0.4998259, 0.50130135, 0.50563985, 0.5033165, 0.5034098, 0.50179535, 0.5018383, 0.5019777, 0.50109416, 0.5005008, 0.5056275, 0.5057331, 0.5036855, 0.50506616, 0.50308037, 0.5018255, 0.5008545, 0.50371635, 0.5003057, 0.50189066, 0.5012972, 0.50044566, 0.5031105, 0.50872064, 0.5027451, 0.5000068, 0.5022176, 0.5005195, 0.50041634, 0.50114864, 0.50040483, 0.5096943, 0.5036162, 0.5048736, 0.50549805, 0.50053215, 0.50020635, 0.50007296, 0.5017813, 0.50139064, 0.50277686, 0.50145, 0.50236905, 0.503976, 0.50094676, 0.5017643, 0.5036435, 0.50281346, 0.50198257, 0.5009895, 0.5023571, 0.5000698, 0.5126407, 0.5116015, 0.51192933, 0.51248986, 0.51432496, 0.5132909, 0.51319695, 0.5127626, 0.5132864, 0.51315755, 0.51386106, 0.5139646, 0.51300645, 0.51431507, 0.5131581, 0.51566285, 0.5156299, 0.5140654, 0.51410836, 0.51338875, 0.5127042, 0.5157939, 0.5144419, 0.5128652, 0.5153342, 0.51526886, 0.5145298, 0.51486623, 0.5153967, 0.5133908, 0.5145257, 0.514454, 0.5142435, 0.5125579, 0.51193166, 0.5152469, 0.5139809, 0.51476824, 0.51389295, 0.51253575, 0.5132826, 0.51512116, 0.5134334, 0.5152993, 0.5126233, 0.51300406, 0.51314855, 0.5146547, 0.5132458, 0.5147931, 0.51489383, 0.5159543, 0.5147891, 0.51431715, 0.51432776, 0.5142578, 0.5144033, 0.5133785, 0.51391447, 0.5156692, 0.51185477, 0.5150683, 0.5152613, 0.5147981, 0.51576596, 0.5158284, 0.51313025, 0.5142567, 0.5139027, 0.51338756, 0.5134224, 0.5142144, 0.5144164, 0.51529133, 0.51432085, 0.5153377, 0.51353735, 0.5145471, 0.51270324, 0.51341915, 0.5125873, 0.51322573, 0.5140718, 0.5139496, 0.51560897, 0.51445097, 0.51283, 0.5130014, 0.51407003, 0.5148215, 0.5150606, 0.51548773, 0.51445353, 0.51497185, 0.5144137, 0.51468194, 0.51277125, 0.5136546, 0.5124825, 0.51319885, 0.51240987, 0.51262134, 0.51389337, 0.51273507, 0.51531976, 0.51324695, 0.512517, 0.513757, 0.51395464, 0.5128533, 0.5124802, 0.51518613, 0.5146246, 0.5135532, 0.5145255, 0.51400787, 0.5133269, 0.51509595, 0.5146305, 0.5145906, 0.5151218, 0.5147716, 0.51520914, 0.5148139, 0.51556426, 0.51514214, 0.51502645, 0.5163191, 0.5134933, 0.5140957, 0.5143996, 0.5167909, 0.51463956, 0.515481, 0.5145153, 0.51605374, 0.5126875, 0.51507914]
[0.50229394, 0.5026486, 0.5021746, 0.50344217, 0.51054907, 0.5124718, 0.503698, 0.501568, 0.5044214, 0.503489, 0.50192744, 0.50319344, 0.5071177, 0.511918, 0.5053902, 0.5017611, 0.50888073, 0.50922406, 0.5018255, 0.50219566, 0.502536, 0.5038865, 0.5070906, 0.5058394, 0.50515056, 0.503958, 0.5041073, 0.50450844, 0.50166434, 0.5027849, 0.50705564, 0.5066146, 0.5066947, 0.5066315, 0.505131, 0.5043255, 0.50238323, 0.5052758, 0.5038359, 0.5052274, 0.50321335, 0.50226337, 0.5058562, 0.5092075, 0.5040397, 0.50206995, 0.50554955, 0.50330985, 0.5025057, 0.50178593, 0.5029951, 0.51042366, 0.50507164, 0.50623935, 0.5067564, 0.5023082, 0.50314313, 0.50248724, 0.50369084, 0.50202966, 0.50372314, 0.5035948, 0.504922, 0.50564975, 0.50309145, 0.505689, 0.50588316, 0.5048962, 0.5037704, 0.50183403, 0.50260526, 0.50238776, 0.5123999, 0.51194483, 0.51242554, 0.51234543, 0.5147095, 0.5132897, 0.513109, 0.5130659, 0.5135509, 0.513705, 0.51427764, 0.5142429, 0.51318026, 0.5142933, 0.51274437, 0.5149364, 0.5150409, 0.5139191, 0.51351625, 0.5135646, 0.51307625, 0.5156366, 0.5147591, 0.5132432, 0.51528054, 0.51474774, 0.5143387, 0.51467127, 0.5141068, 0.5136381, 0.5141872, 0.5147434, 0.51421, 0.51274186, 0.51102686, 0.51502603, 0.514096, 0.51395017, 0.513845, 0.5131535, 0.5138775, 0.5149775, 0.51350707, 0.51511633, 0.5124966, 0.5133523, 0.5130438, 0.5141992, 0.5132881, 0.5148313, 0.51516104, 0.5157672, 0.51460606, 0.5138619, 0.51422054, 0.51366466, 0.514457, 0.51364136, 0.5140805, 0.515526, 0.511497, 0.51524335, 0.51542974, 0.5138668, 0.5150684, 0.51552075, 0.5126731, 0.51411676, 0.5140487, 0.51395565, 0.5134267, 0.5142141, 0.51500076, 0.51474774, 0.514129, 0.5149153, 0.51317054, 0.514963, 0.5124273, 0.51300746, 0.51255465, 0.51296437, 0.5137921, 0.51432824, 0.51504236, 0.51465094, 0.51301044, 0.5125025, 0.51423895, 0.5144667, 0.5147273, 0.51524216, 0.5142685, 0.5149516, 0.5143798, 0.5142679, 0.51223505, 0.5137318, 0.5126326, 0.51307744, 0.5122011, 0.5122058, 0.5133956, 0.5124734, 0.5148167, 0.5137682, 0.5124538, 0.51398796, 0.5137215, 0.51245934, 0.5122728, 0.51554304, 0.51435727, 0.5135294, 0.5143815, 0.5138386, 0.5131214, 0.51500356, 0.5149906, 0.5146801, 0.5145028, 0.5142261, 0.5156595, 0.51492536, 0.51543605, 0.5148929, 0.514871, 0.51608354, 0.51341367, 0.5142242, 0.51399976, 0.51660025, 0.51458365, 0.5153962, 0.5141318, 0.5159374, 0.51289, 0.51459664]
[0.49997163, 0.4999994, 0.500894, 0.5020554, 0.5094595, 0.51196855, 0.50392574, 0.5002476, 0.5036862, 0.5025735, 0.49977016, 0.5012116, 0.5061619, 0.5110434, 0.5049646, 0.5005116, 0.50788224, 0.5080547, 0.50111824, 0.49973097, 0.5012946, 0.50288707, 0.5065019, 0.50476843, 0.5043779, 0.5036373, 0.50365716, 0.503408, 0.5003285, 0.501204, 0.50615305, 0.50589305, 0.5052274, 0.5054887, 0.5046252, 0.503456, 0.5001565, 0.5012348, 0.5033286, 0.5048211, 0.5022621, 0.5014679, 0.50511795, 0.5090257, 0.5040837, 0.50107044, 0.5050427, 0.5022477, 0.50077224, 0.49998677, 0.50203454, 0.50939465, 0.50449145, 0.50629896, 0.50644016, 0.5011185, 0.50169444, 0.5015272, 0.50397664, 0.50003463, 0.5005432, 0.5034083, 0.5040885, 0.5055707, 0.5015603, 0.5038282, 0.5046583, 0.5046595, 0.5033601, 0.5002292, 0.49966988, 0.50141275, 0.51170033, 0.51095843, 0.5111672, 0.51151115, 0.5135483, 0.51220626, 0.5123423, 0.5118194, 0.5125036, 0.51262724, 0.5132181, 0.51321614, 0.5120697, 0.5132012, 0.5122208, 0.5143549, 0.5145035, 0.51350105, 0.51275855, 0.5125681, 0.51199114, 0.51460797, 0.51335204, 0.51217717, 0.5143323, 0.5138619, 0.5135629, 0.5136818, 0.51394916, 0.5124047, 0.5135143, 0.5137706, 0.5131394, 0.5118926, 0.51099426, 0.51421213, 0.5131056, 0.51343226, 0.5129061, 0.5119105, 0.51254255, 0.51391995, 0.51252496, 0.5140845, 0.51183933, 0.51228905, 0.51224875, 0.5136135, 0.5121703, 0.51357853, 0.5141999, 0.5148163, 0.51372904, 0.5128871, 0.5132292, 0.51318383, 0.5134593, 0.5125722, 0.5131426, 0.51438737, 0.51107395, 0.5141665, 0.5142301, 0.51360184, 0.5146399, 0.5146414, 0.51211786, 0.5129969, 0.51282215, 0.5125225, 0.5126206, 0.5132836, 0.5138889, 0.5140633, 0.51317805, 0.5141326, 0.51266545, 0.51373196, 0.5116848, 0.5124587, 0.5116575, 0.5121961, 0.5127782, 0.5129654, 0.5141878, 0.51364046, 0.5121007, 0.51202875, 0.51371914, 0.51406825, 0.5140125, 0.5143679, 0.51348853, 0.51404333, 0.5133435, 0.5135739, 0.51205736, 0.51261616, 0.51198864, 0.5123952, 0.5116978, 0.511696, 0.5131157, 0.51185244, 0.5141217, 0.51248693, 0.5116418, 0.5128787, 0.5128791, 0.5118086, 0.51185244, 0.514202, 0.51325727, 0.5125512, 0.5132355, 0.5128266, 0.51236695, 0.5138177, 0.5139246, 0.5139898, 0.51344657, 0.51344836, 0.5141853, 0.51396656, 0.5145409, 0.5136447, 0.51367897, 0.51529515, 0.51285046, 0.5133574, 0.51311, 0.5156102, 0.51375014, 0.51427454, 0.5132963, 0.5147226, 0.51175344, 0.5140025]
[0.5016089, 0.50148135, 0.5001256, 0.5014675, 0.5139569, 0.51683706, 0.50189406, 0.50140864, 0.5019406, 0.50087494, 0.50066936, 0.500589, 0.507893, 0.51644295, 0.5050201, 0.50083584, 0.5104501, 0.5110273, 0.5004245, 0.50139606, 0.5006268, 0.50478905, 0.5073803, 0.5024449, 0.50470585, 0.5028489, 0.5032342, 0.5024434, 0.50124365, 0.5010516, 0.505346, 0.5085707, 0.507673, 0.5075441, 0.5037813, 0.50182354, 0.50153774, 0.5034639, 0.500738, 0.5036793, 0.50141263, 0.5012591, 0.5056839, 0.51171374, 0.5029844, 0.5010774, 0.5078142, 0.5024568, 0.49997282, 0.5007876, 0.5010178, 0.5144058, 0.5041773, 0.5076835, 0.5076226, 0.501086, 0.49972776, 0.499956, 0.5004139, 0.50130445, 0.50303674, 0.5027403, 0.50563556, 0.50584054, 0.50000846, 0.50392294, 0.50389534, 0.50298136, 0.50323033, 0.500993, 0.50247777, 0.50111395, 0.51913315, 0.51754284, 0.5180919, 0.5178312, 0.52134305, 0.5194593, 0.51844937, 0.51935095, 0.5186292, 0.51926416, 0.52018297, 0.51989245, 0.51872426, 0.5205104, 0.517364, 0.52252233, 0.5212229, 0.51957965, 0.5189297, 0.518911, 0.51846695, 0.52224314, 0.521061, 0.5198879, 0.521433, 0.5215803, 0.52053034, 0.5206292, 0.5205327, 0.519375, 0.519894, 0.520944, 0.52035725, 0.5175314, 0.5151316, 0.52170056, 0.5194626, 0.51879, 0.5203501, 0.51951885, 0.51976913, 0.5206468, 0.518024, 0.52097815, 0.5175566, 0.5185429, 0.5180879, 0.5207324, 0.51724917, 0.5218263, 0.5219756, 0.5225722, 0.5204414, 0.5189071, 0.5192372, 0.5190961, 0.52013963, 0.5193392, 0.5205673, 0.521777, 0.5151371, 0.52140284, 0.5212818, 0.52004683, 0.5218986, 0.5219657, 0.518813, 0.5192076, 0.51850885, 0.51869375, 0.5192214, 0.519938, 0.5212541, 0.52008224, 0.51929295, 0.52097267, 0.5180468, 0.5213447, 0.5173595, 0.51753694, 0.51711756, 0.51826674, 0.51975983, 0.5195907, 0.52190787, 0.52029425, 0.5179929, 0.51721454, 0.52038085, 0.5200169, 0.52091044, 0.52176, 0.5195577, 0.52074367, 0.52038604, 0.51927614, 0.5169334, 0.5205821, 0.5173703, 0.5182483, 0.5153755, 0.5160177, 0.51956767, 0.5187941, 0.5200994, 0.5193877, 0.5163004, 0.5196353, 0.5185609, 0.5167405, 0.51681024, 0.52133435, 0.5214734, 0.51805836, 0.52063507, 0.5209181, 0.52008104, 0.52012575, 0.52052474, 0.5214981, 0.5209133, 0.51897454, 0.522693, 0.5216675, 0.52133155, 0.5211014, 0.5211592, 0.5230155, 0.51851076, 0.51989394, 0.52069855, 0.52369493, 0.51925206, 0.51982313, 0.51876277, 0.52267164, 0.5180997, 0.51989764]
[0.50203705, 0.50268036, 0.5011842, 0.4998173, 0.5127097, 0.51552325, 0.502541, 0.5012784, 0.5021449, 0.50042695, 0.5022791, 0.49999708, 0.5083282, 0.514839, 0.50545645, 0.50115895, 0.510481, 0.5106443, 0.5013182, 0.5023551, 0.50066465, 0.5029157, 0.5081366, 0.5026175, 0.50456524, 0.50341946, 0.5039299, 0.50300765, 0.5016616, 0.50211406, 0.50293124, 0.507407, 0.50638807, 0.5062289, 0.50360405, 0.502358, 0.5021016, 0.50475305, 0.5007081, 0.50439614, 0.50101906, 0.5007144, 0.50557524, 0.51163274, 0.50227284, 0.50113964, 0.50272906, 0.5010908, 0.49987665, 0.5015555, 0.49970204, 0.5124621, 0.50578594, 0.5070367, 0.50706536, 0.5013829, 0.50000066, 0.5005801, 0.50031114, 0.5018581, 0.5038037, 0.5014895, 0.5035493, 0.5067828, 0.5002058, 0.50132406, 0.50443405, 0.5058389, 0.5032361, 0.5015169, 0.5029322, 0.50081545, 0.5159942, 0.5146697, 0.51503927, 0.5157506, 0.5187622, 0.5161442, 0.51697135, 0.5163971, 0.51698864, 0.5171374, 0.51826006, 0.51771724, 0.517045, 0.5183917, 0.51649857, 0.52028835, 0.5201375, 0.5179378, 0.51780313, 0.5170206, 0.5164999, 0.52027506, 0.5182307, 0.5169385, 0.520209, 0.5194555, 0.5193477, 0.5190331, 0.5193332, 0.5177696, 0.51876175, 0.518434, 0.51839566, 0.5156804, 0.5145839, 0.5193109, 0.5175187, 0.5181033, 0.5181238, 0.51710975, 0.5174568, 0.51954466, 0.5173687, 0.5196163, 0.51573247, 0.51643467, 0.516345, 0.5186276, 0.5166259, 0.51923484, 0.51954114, 0.52067256, 0.5195026, 0.5176002, 0.5178945, 0.51811373, 0.51828235, 0.5169399, 0.5177129, 0.52029324, 0.51447064, 0.5199921, 0.51999485, 0.5188001, 0.51984704, 0.5203999, 0.5160162, 0.5177605, 0.51749086, 0.5165782, 0.51725405, 0.5185451, 0.5191348, 0.5189046, 0.51811576, 0.51962864, 0.5170594, 0.5190577, 0.5160936, 0.5165396, 0.5158377, 0.5168774, 0.5179304, 0.51810884, 0.51977015, 0.51831573, 0.51633126, 0.51614195, 0.5182355, 0.5192853, 0.5191796, 0.52017266, 0.5189056, 0.5193662, 0.51823366, 0.51840085, 0.51580673, 0.5175558, 0.5155428, 0.5165083, 0.5152089, 0.5154047, 0.5181138, 0.5163235, 0.51979405, 0.51734215, 0.51548314, 0.51752824, 0.5179251, 0.5159072, 0.5150148, 0.5190528, 0.51933354, 0.5170582, 0.51871383, 0.5182156, 0.5169846, 0.51907235, 0.5194136, 0.51897794, 0.5188766, 0.51904815, 0.5200123, 0.5191098, 0.5203775, 0.51946837, 0.51969874, 0.5212291, 0.51719105, 0.5177887, 0.5185484, 0.52198654, 0.51775175, 0.51935565, 0.51852065, 0.52049387, 0.51570576, 0.5191727]
[0.5026113, 0.5031445, 0.50149906, 0.5009863, 0.50928056, 0.5111296, 0.5035382, 0.50217324, 0.5028032, 0.50239974, 0.50315934, 0.5015802, 0.5051319, 0.5108347, 0.50421154, 0.5020136, 0.5080778, 0.5081366, 0.50098056, 0.5032991, 0.5015831, 0.50191975, 0.5059166, 0.5038389, 0.5034303, 0.503614, 0.50304735, 0.5033875, 0.50143516, 0.5012974, 0.50452566, 0.5054704, 0.50434065, 0.5052118, 0.5032581, 0.50216556, 0.5023757, 0.50532126, 0.50232303, 0.50370836, 0.5018766, 0.5014211, 0.5051501, 0.5087206, 0.50353885, 0.50131094, 0.5024042, 0.50097084, 0.5011483, 0.5021911, 0.5011372, 0.50917023, 0.50379705, 0.5057042, 0.5057567, 0.5017807, 0.5011784, 0.50109833, 0.5032541, 0.5028902, 0.50474364, 0.502316, 0.5032839, 0.50484663, 0.5012413, 0.50298643, 0.5041988, 0.50398684, 0.5037522, 0.502158, 0.503148, 0.50131375, 0.5112342, 0.51036435, 0.5105107, 0.5109665, 0.5130332, 0.51182693, 0.5120377, 0.51146585, 0.51187444, 0.512084, 0.5123245, 0.5127366, 0.51155615, 0.51259637, 0.5118508, 0.5136193, 0.5136965, 0.5125034, 0.5119381, 0.51209694, 0.5117852, 0.51375926, 0.5125945, 0.51187, 0.5136119, 0.5130367, 0.51306534, 0.5126546, 0.51279855, 0.51169324, 0.5130682, 0.5130875, 0.51243174, 0.51144034, 0.5110814, 0.51312816, 0.51226026, 0.51257926, 0.51232976, 0.5116143, 0.51174796, 0.5130723, 0.51166016, 0.513509, 0.51113635, 0.5116868, 0.5117297, 0.51265424, 0.5115516, 0.5131229, 0.5131559, 0.5138881, 0.51328397, 0.5122154, 0.5123007, 0.51265454, 0.5123627, 0.5120662, 0.5125883, 0.51365095, 0.5106888, 0.51370734, 0.513259, 0.5134057, 0.5139368, 0.51400405, 0.5116437, 0.5121361, 0.5119829, 0.51164407, 0.5122024, 0.5126318, 0.5131456, 0.5134152, 0.51258224, 0.5131468, 0.5119558, 0.5129191, 0.5111886, 0.51212186, 0.51126, 0.5115656, 0.5121504, 0.5121053, 0.5134222, 0.5130575, 0.5114333, 0.51202255, 0.5125926, 0.5136077, 0.513065, 0.51362056, 0.5129189, 0.5132269, 0.51252943, 0.5128665, 0.51203567, 0.51203805, 0.51153547, 0.51232886, 0.5110739, 0.51112294, 0.5125905, 0.51139265, 0.51345587, 0.5113237, 0.5109643, 0.5126204, 0.5127394, 0.5115976, 0.51086956, 0.5131016, 0.51270574, 0.51179945, 0.51263326, 0.5121231, 0.5117086, 0.51303977, 0.5134173, 0.51306087, 0.5131283, 0.513076, 0.5133075, 0.51277095, 0.5137379, 0.51277107, 0.5132367, 0.5142977, 0.51209635, 0.51262397, 0.51280266, 0.51472074, 0.5130614, 0.51339895, 0.51265925, 0.51379, 0.5112991, 0.51334864]
[0.4999957, 0.49954492, 0.5005912, 0.50141, 0.5086101, 0.5105761, 0.503602, 0.50022656, 0.50322896, 0.50292665, 0.5003232, 0.5019472, 0.5057874, 0.51001996, 0.50450987, 0.5011356, 0.508001, 0.5080745, 0.50088215, 0.5000933, 0.5017539, 0.5029211, 0.50617164, 0.5048956, 0.5042547, 0.50396967, 0.5042727, 0.5034073, 0.5009826, 0.5010709, 0.5050995, 0.50528115, 0.50427884, 0.5054067, 0.5038909, 0.5025539, 0.49992096, 0.501126, 0.5014706, 0.50373703, 0.5029585, 0.5007823, 0.5052259, 0.5082864, 0.5043959, 0.50156564, 0.5019721, 0.50060743, 0.5014937, 0.5005713, 0.50227886, 0.50862086, 0.50482744, 0.5056646, 0.50564104, 0.50009686, 0.5012765, 0.5010718, 0.5039741, 0.5000203, 0.50050896, 0.50225717, 0.5033766, 0.5049207, 0.50184387, 0.50390583, 0.50486565, 0.5051392, 0.5031694, 0.50045276, 0.4999528, 0.50117373, 0.5105565, 0.51012146, 0.51006067, 0.51058775, 0.51231116, 0.51103103, 0.5112787, 0.5109663, 0.5113275, 0.5112396, 0.51160777, 0.5117075, 0.51126283, 0.51191765, 0.51106536, 0.5130467, 0.51285666, 0.5117866, 0.5115474, 0.51135767, 0.5109186, 0.512877, 0.5118179, 0.51109093, 0.5127455, 0.51257765, 0.5123124, 0.5123169, 0.51251674, 0.51151574, 0.5122626, 0.51204294, 0.5118955, 0.51102304, 0.5101352, 0.5124338, 0.51172125, 0.5118248, 0.51209897, 0.51132834, 0.51126254, 0.512509, 0.51095134, 0.5127619, 0.5104243, 0.51076835, 0.51102203, 0.51202214, 0.5111447, 0.51245713, 0.51275104, 0.5132669, 0.51245874, 0.51166594, 0.51176566, 0.5120844, 0.51149905, 0.5112791, 0.5117868, 0.51299906, 0.51055133, 0.5127668, 0.5128698, 0.51228666, 0.5127917, 0.5129914, 0.51112664, 0.51188403, 0.5112703, 0.5112909, 0.51146346, 0.5121529, 0.51230705, 0.51216465, 0.5121391, 0.5125406, 0.5112776, 0.51249325, 0.5109174, 0.5113102, 0.5105176, 0.5110234, 0.511762, 0.5115648, 0.51266783, 0.51202613, 0.51076937, 0.51108336, 0.5119681, 0.51258826, 0.51225656, 0.5127515, 0.5120212, 0.5126491, 0.51191205, 0.5122863, 0.51105946, 0.5111136, 0.51037496, 0.51102054, 0.5102484, 0.5102142, 0.5117775, 0.5110627, 0.51271015, 0.5112147, 0.51074225, 0.51162386, 0.5117999, 0.5108976, 0.5103088, 0.51235896, 0.5122258, 0.51088786, 0.5114873, 0.5109518, 0.51051337, 0.51242256, 0.51241547, 0.5122965, 0.5123725, 0.51268387, 0.51206607, 0.5122036, 0.51297235, 0.5120966, 0.51292646, 0.5135394, 0.511129, 0.5118896, 0.51203823, 0.51384443, 0.5123652, 0.51263094, 0.5119918, 0.5133256, 0.5105867, 0.51274526]
[0.50052035, 0.50074106, 0.4995498, 0.5001627, 0.51322484, 0.51615953, 0.50117725, 0.500238, 0.5013147, 0.5006097, 0.5004167, 0.49928078, 0.50666934, 0.51476866, 0.5026607, 0.500397, 0.5103778, 0.51018786, 0.4998919, 0.5010193, 0.5005217, 0.49969667, 0.50601596, 0.5012354, 0.5023943, 0.5021797, 0.5014706, 0.50090384, 0.50031394, 0.50061715, 0.50202006, 0.5045163, 0.5034311, 0.5037271, 0.501706, 0.49979827, 0.5008711, 0.5023295, 0.49985304, 0.5020273, 0.49919555, 0.5002146, 0.5050549, 0.510932, 0.49998152, 0.50007004, 0.50317746, 0.49937415, 0.49984854, 0.50016564, 0.4992867, 0.5121157, 0.50207597, 0.5041349, 0.50500715, 0.49997878, 0.49946943, 0.4996555, 0.49935484, 0.5006351, 0.50165004, 0.49960408, 0.5020275, 0.50385535, 0.49973133, 0.5018275, 0.50253737, 0.50208414, 0.5027303, 0.5005035, 0.5009545, 0.49947566, 0.51733965, 0.5158834, 0.51633453, 0.51631767, 0.51991737, 0.51712996, 0.51745474, 0.5168931, 0.51773024, 0.5183775, 0.5187299, 0.5190816, 0.51791424, 0.5186745, 0.51633215, 0.52131903, 0.520658, 0.51751506, 0.51766855, 0.51753235, 0.5168719, 0.5211898, 0.5197067, 0.5182371, 0.5208127, 0.51973236, 0.5195016, 0.5192618, 0.51912576, 0.5180737, 0.51911503, 0.5195091, 0.51888186, 0.51580113, 0.51439404, 0.5195724, 0.5184335, 0.5179665, 0.5189094, 0.51730454, 0.5184595, 0.51990193, 0.5171813, 0.52029854, 0.5164322, 0.51739365, 0.5170875, 0.5189611, 0.51707923, 0.5207828, 0.5204574, 0.52145433, 0.5196033, 0.51857173, 0.51809186, 0.518114, 0.5191085, 0.5175614, 0.5188846, 0.52084035, 0.5148397, 0.5205612, 0.520381, 0.51942635, 0.520892, 0.52118576, 0.5168206, 0.5183127, 0.51801187, 0.51639426, 0.5181424, 0.5193592, 0.5198624, 0.5193246, 0.51861596, 0.51954156, 0.51650953, 0.52002895, 0.51667625, 0.5180699, 0.5169882, 0.5176558, 0.5183335, 0.5187794, 0.5207009, 0.51955694, 0.5162409, 0.5162244, 0.51917696, 0.51944536, 0.51982874, 0.52105844, 0.51935637, 0.5193486, 0.5185744, 0.51845753, 0.515979, 0.5195258, 0.5157206, 0.51716393, 0.5153022, 0.5156091, 0.51835054, 0.516782, 0.519561, 0.51761067, 0.515609, 0.5186141, 0.5177522, 0.5158623, 0.5156871, 0.5204619, 0.5200921, 0.5182796, 0.52035284, 0.51917154, 0.5182943, 0.51975954, 0.5200303, 0.5199554, 0.5196339, 0.518645, 0.5213352, 0.51951575, 0.520465, 0.5205235, 0.5202034, 0.5216408, 0.5164812, 0.5189782, 0.5193463, 0.5227764, 0.5183192, 0.5187635, 0.5183875, 0.5210843, 0.51640654, 0.5197871]
[0.503707, 0.5040964, 0.5022787, 0.5006571, 0.51181114, 0.5140731, 0.50217915, 0.5026393, 0.5016703, 0.5005322, 0.50350446, 0.50094104, 0.50724703, 0.5132545, 0.5035313, 0.50309724, 0.50949913, 0.5092141, 0.502395, 0.5040316, 0.5024088, 0.50201833, 0.5069773, 0.5019769, 0.50298905, 0.5020362, 0.5023599, 0.50106466, 0.50305897, 0.50317246, 0.5030198, 0.5064502, 0.5059313, 0.50619763, 0.50252223, 0.5014855, 0.5036782, 0.5066617, 0.5003751, 0.5029448, 0.5005336, 0.5031689, 0.5055039, 0.51036906, 0.5025009, 0.5028057, 0.5033213, 0.5012199, 0.5016986, 0.5029971, 0.5007731, 0.5110784, 0.5036461, 0.5058175, 0.5066378, 0.5030331, 0.5015812, 0.50215167, 0.50074625, 0.503561, 0.5057641, 0.50072974, 0.5028211, 0.50568, 0.5019668, 0.50095636, 0.504138, 0.5043999, 0.50422573, 0.502839, 0.5046457, 0.50224906, 0.51508194, 0.51385605, 0.51395637, 0.5141526, 0.5174099, 0.51522243, 0.5151127, 0.51492846, 0.5155555, 0.5159547, 0.5163836, 0.5162914, 0.51575917, 0.51682913, 0.51496255, 0.51848173, 0.51839703, 0.5163521, 0.5155982, 0.51511264, 0.51481616, 0.5185426, 0.5166552, 0.51577705, 0.5180686, 0.51746947, 0.51768804, 0.5173873, 0.51720154, 0.5158818, 0.51687795, 0.51696754, 0.516849, 0.51449174, 0.5130792, 0.51734924, 0.5163184, 0.5162035, 0.516571, 0.5156015, 0.51586586, 0.51735497, 0.51520777, 0.51791364, 0.5146671, 0.51525396, 0.51503104, 0.5171649, 0.5149657, 0.517635, 0.51802003, 0.518731, 0.5176294, 0.5158699, 0.5163288, 0.51638925, 0.51631707, 0.51572263, 0.5164482, 0.5181472, 0.5135093, 0.5177131, 0.51794195, 0.516914, 0.5179484, 0.51847243, 0.5153957, 0.5163262, 0.51583916, 0.5149918, 0.5155676, 0.51686215, 0.5173031, 0.51734763, 0.51646346, 0.5175886, 0.5152779, 0.5172919, 0.5146762, 0.5155096, 0.51463866, 0.515452, 0.5163478, 0.5163002, 0.5179731, 0.51705605, 0.5144836, 0.5148717, 0.51675564, 0.5174115, 0.51751745, 0.5184529, 0.51655483, 0.5170595, 0.51642454, 0.5168775, 0.51476896, 0.5166029, 0.51408744, 0.5151115, 0.51395726, 0.51420134, 0.5161562, 0.5147444, 0.5175183, 0.5159035, 0.51423883, 0.51595193, 0.5161703, 0.51440275, 0.5138335, 0.5175194, 0.5175133, 0.5157353, 0.5171948, 0.5168411, 0.5158403, 0.5175136, 0.5174566, 0.517448, 0.51736754, 0.51711994, 0.5181308, 0.51747316, 0.51820534, 0.5179727, 0.5178369, 0.51917636, 0.5152201, 0.5164607, 0.5168726, 0.52003443, 0.51655185, 0.5173171, 0.5167784, 0.51862824, 0.5147456, 0.51751536]
[0.5024238, 0.5033806, 0.5018789, 0.5009362, 0.5136088, 0.5164557, 0.5018153, 0.50228655, 0.501847, 0.5006985, 0.5013591, 0.5002121, 0.5079312, 0.5154808, 0.50484896, 0.5023128, 0.51154125, 0.5117, 0.5018433, 0.50268674, 0.5008875, 0.5015022, 0.5085073, 0.5050018, 0.5027667, 0.5015401, 0.50199294, 0.5010782, 0.5022899, 0.5007581, 0.50835687, 0.50664866, 0.50580037, 0.5061289, 0.50457925, 0.5021231, 0.5028021, 0.50644547, 0.50047964, 0.50286937, 0.5003601, 0.5015514, 0.5070325, 0.5120856, 0.5021098, 0.5012139, 0.50514394, 0.5006095, 0.5009006, 0.502126, 0.5004509, 0.5135619, 0.50462437, 0.50722134, 0.5072114, 0.5015754, 0.50025934, 0.50123733, 0.5015593, 0.50234115, 0.50440127, 0.5007925, 0.50319517, 0.50419694, 0.50004786, 0.50562364, 0.50529015, 0.5032395, 0.5026558, 0.5027447, 0.5037193, 0.50146055, 0.5167453, 0.5160348, 0.516018, 0.516078, 0.5196152, 0.517588, 0.51788944, 0.5171063, 0.51803005, 0.5181947, 0.51832324, 0.51849663, 0.5175157, 0.51911664, 0.5164999, 0.5201934, 0.5199258, 0.51819927, 0.51773524, 0.5173138, 0.51707745, 0.5207804, 0.5193804, 0.51728797, 0.5195571, 0.5197924, 0.5190356, 0.5193437, 0.5191048, 0.5177142, 0.5187869, 0.5192386, 0.5189446, 0.51698625, 0.51481247, 0.51997274, 0.51835465, 0.5187578, 0.51878256, 0.51757425, 0.5184614, 0.5194557, 0.5170906, 0.5201468, 0.51662725, 0.5172446, 0.5174955, 0.5187843, 0.51748854, 0.520211, 0.5200762, 0.52102387, 0.51917017, 0.5183576, 0.5187808, 0.51835024, 0.5187921, 0.51803815, 0.5187281, 0.5202666, 0.5157592, 0.51975924, 0.52037823, 0.5186735, 0.5196806, 0.5205606, 0.51743096, 0.5187529, 0.5184969, 0.518439, 0.5174505, 0.51834625, 0.5195288, 0.51930267, 0.518886, 0.51972044, 0.518044, 0.51951444, 0.5166682, 0.5178345, 0.5167359, 0.5177421, 0.5184945, 0.5189291, 0.51977295, 0.51946497, 0.5172089, 0.51650524, 0.51914793, 0.51950055, 0.5196766, 0.5203319, 0.51875365, 0.5194269, 0.5183947, 0.51887876, 0.51674277, 0.5188448, 0.51618063, 0.51685184, 0.51599723, 0.51586884, 0.5183153, 0.5169389, 0.5191344, 0.51798373, 0.5165842, 0.5184796, 0.5181152, 0.5162028, 0.51617944, 0.52052015, 0.51883096, 0.5175698, 0.5187176, 0.51816005, 0.51735115, 0.5195557, 0.51969254, 0.5194574, 0.51952946, 0.5190572, 0.5198461, 0.5195835, 0.52021086, 0.51941115, 0.5197428, 0.52142686, 0.5172611, 0.5187519, 0.5194239, 0.52188545, 0.5196891, 0.52075195, 0.5185608, 0.52134085, 0.51684207, 0.5196785]
[0.504372, 0.5045384, 0.5030789, 0.5019232, 0.5082632, 0.51034224, 0.5008762, 0.50436467, 0.5011012, 0.5014714, 0.50343126, 0.5017314, 0.50480765, 0.509774, 0.5015388, 0.5037, 0.50664324, 0.50693667, 0.5038666, 0.5052531, 0.5042404, 0.5013656, 0.50463367, 0.50134945, 0.50131726, 0.50061506, 0.50079405, 0.5008649, 0.50412244, 0.50370425, 0.5032553, 0.50363886, 0.50306064, 0.5037619, 0.50088644, 0.50124955, 0.5050046, 0.5077709, 0.50228244, 0.5011924, 0.50058097, 0.50385714, 0.5027902, 0.50715566, 0.5008219, 0.5039229, 0.5021483, 0.50271386, 0.50256205, 0.5037191, 0.5024097, 0.50819564, 0.5016855, 0.50381464, 0.50355667, 0.50363094, 0.5026194, 0.503138, 0.50209564, 0.50413024, 0.5065851, 0.501287, 0.5009859, 0.501576, 0.5014439, 0.50072163, 0.50088567, 0.5011906, 0.5011426, 0.5045766, 0.5059516, 0.5037324, 0.51112866, 0.50993687, 0.51045394, 0.5104493, 0.51263064, 0.5109654, 0.51125956, 0.5108077, 0.5111106, 0.5115823, 0.5121454, 0.51211935, 0.5110624, 0.51235807, 0.51083416, 0.51277894, 0.5128192, 0.5121511, 0.51153755, 0.51133275, 0.5108169, 0.5133814, 0.5120223, 0.5113168, 0.5130464, 0.5128777, 0.51231146, 0.51238793, 0.5128578, 0.5113005, 0.5121197, 0.51256037, 0.5119913, 0.5105964, 0.50932825, 0.5128009, 0.51156694, 0.511931, 0.5119096, 0.5111726, 0.5114977, 0.51279885, 0.5111624, 0.5129145, 0.5106215, 0.5108826, 0.51085055, 0.5121454, 0.5112846, 0.51276493, 0.5128332, 0.5132909, 0.51284456, 0.5116968, 0.5119087, 0.51177925, 0.5123769, 0.5112469, 0.51173055, 0.51328135, 0.5093304, 0.51313955, 0.51281077, 0.5120575, 0.51324296, 0.51351917, 0.5106164, 0.5117384, 0.51158565, 0.51161283, 0.5113054, 0.5123447, 0.5129504, 0.51222384, 0.5120529, 0.5130735, 0.5111456, 0.5127959, 0.51086485, 0.5108789, 0.51073825, 0.5110906, 0.51173216, 0.51184493, 0.5130021, 0.51247245, 0.5110113, 0.51078445, 0.5120621, 0.5128132, 0.51282096, 0.513058, 0.5123752, 0.5131851, 0.5120592, 0.5121989, 0.51059306, 0.5117465, 0.51041394, 0.51117, 0.5103699, 0.5101456, 0.5117711, 0.5110438, 0.5129737, 0.5116153, 0.5105416, 0.51174194, 0.5115977, 0.5103473, 0.51001304, 0.51256925, 0.51236206, 0.51125085, 0.5123689, 0.51207805, 0.51127785, 0.5124338, 0.5127332, 0.5127512, 0.512279, 0.5127002, 0.5131573, 0.51283705, 0.5133645, 0.51307464, 0.51283437, 0.5138519, 0.5114443, 0.51218903, 0.5124663, 0.5140252, 0.5124202, 0.51277876, 0.51191, 0.513582, 0.5106963, 0.5122744]
[0.5015465, 0.50189525, 0.5007579, 0.500326, 0.50902104, 0.5108205, 0.50086266, 0.5014975, 0.5011756, 0.5005488, 0.50143504, 0.5002961, 0.50509995, 0.5105057, 0.50227135, 0.5014995, 0.50737035, 0.5075232, 0.5010435, 0.50261134, 0.50168115, 0.50133586, 0.5047436, 0.50232947, 0.5026047, 0.50188863, 0.5009044, 0.50171006, 0.5018706, 0.50170743, 0.5020413, 0.5040455, 0.50300795, 0.5032745, 0.5024518, 0.5006082, 0.5016937, 0.5038509, 0.5003484, 0.5020225, 0.50081784, 0.50094366, 0.5037648, 0.50818455, 0.50149554, 0.5014683, 0.50107384, 0.50100213, 0.50056005, 0.5012592, 0.5003747, 0.5090552, 0.5024106, 0.5039528, 0.5045104, 0.501445, 0.50047827, 0.5005107, 0.50100595, 0.5017594, 0.50311804, 0.50032383, 0.50184923, 0.50312084, 0.50017333, 0.50149786, 0.50214934, 0.50244087, 0.5012427, 0.50157917, 0.5027642, 0.50088453, 0.5113178, 0.5101484, 0.5107087, 0.5109443, 0.5131022, 0.51136, 0.51157165, 0.5112356, 0.5116757, 0.5120785, 0.51218784, 0.5124765, 0.5118539, 0.51288193, 0.5113411, 0.51370734, 0.51370037, 0.5122953, 0.51194507, 0.5117135, 0.5115049, 0.51389676, 0.51292294, 0.51182437, 0.51333505, 0.51300156, 0.513119, 0.5129499, 0.5130687, 0.5119215, 0.5125045, 0.5127996, 0.51263297, 0.51107574, 0.5101444, 0.51313734, 0.5121018, 0.51240885, 0.5125414, 0.51164424, 0.51212597, 0.5131841, 0.5115708, 0.5132352, 0.51113814, 0.5116839, 0.5115513, 0.5130981, 0.51143414, 0.5130986, 0.51351035, 0.51413035, 0.51296514, 0.5122287, 0.5127049, 0.51256615, 0.5128296, 0.51194364, 0.5126126, 0.51340514, 0.51009977, 0.5134044, 0.5134381, 0.51280767, 0.5135403, 0.51396483, 0.5115475, 0.51207465, 0.51203465, 0.51132506, 0.5117493, 0.512612, 0.51314473, 0.51287323, 0.5123546, 0.5134151, 0.5117639, 0.5132121, 0.5108956, 0.5119172, 0.51110584, 0.5116312, 0.5121108, 0.5120948, 0.5136691, 0.5127577, 0.5114117, 0.5113581, 0.5126566, 0.51281464, 0.51319116, 0.513535, 0.51255333, 0.5133064, 0.51230145, 0.5126433, 0.5109116, 0.512191, 0.51075166, 0.51144767, 0.5106193, 0.51076704, 0.51224774, 0.5114101, 0.51330924, 0.5118652, 0.51080054, 0.5119743, 0.51205313, 0.5110107, 0.5107829, 0.51322746, 0.51273566, 0.5116686, 0.512585, 0.5123176, 0.51157796, 0.5128639, 0.5130844, 0.5129025, 0.5127685, 0.5126827, 0.5133621, 0.51315284, 0.5138602, 0.51345235, 0.51334244, 0.51422745, 0.511848, 0.51256555, 0.512738, 0.5147305, 0.51260805, 0.5130104, 0.5125268, 0.51384264, 0.51130646, 0.51295537]
[0.50162446, 0.5021845, 0.50050616, 0.49989513, 0.50840646, 0.5108957, 0.50010896, 0.50174457, 0.5008695, 0.5000516, 0.50139207, 0.5003074, 0.50466126, 0.5102787, 0.5015838, 0.5013745, 0.50742656, 0.5077184, 0.5012591, 0.5024572, 0.5011964, 0.5012962, 0.5047938, 0.50219935, 0.50196874, 0.5014598, 0.5008877, 0.5010335, 0.5018959, 0.50187504, 0.50233704, 0.50403506, 0.5027895, 0.50303817, 0.50219584, 0.5000052, 0.50189036, 0.504746, 0.5003931, 0.5008972, 0.50005996, 0.50094455, 0.5012835, 0.50791585, 0.5007004, 0.50090164, 0.50103235, 0.50159156, 0.50000954, 0.50144494, 0.4998946, 0.5086552, 0.5022368, 0.5036817, 0.504673, 0.50141686, 0.5002437, 0.50048584, 0.50077814, 0.50169075, 0.50374687, 0.49967846, 0.5011121, 0.5029749, 0.5000349, 0.50079274, 0.50148946, 0.5023136, 0.4997596, 0.5014004, 0.50342447, 0.5013327, 0.5108432, 0.5098963, 0.5102544, 0.5107345, 0.51283324, 0.5107194, 0.51143944, 0.51123285, 0.511578, 0.5117214, 0.51263994, 0.5125287, 0.51166964, 0.5127147, 0.5113198, 0.5138095, 0.5139723, 0.512142, 0.5125248, 0.51161873, 0.5113924, 0.5141314, 0.51277, 0.51199657, 0.5140114, 0.5130698, 0.5129943, 0.5131032, 0.51346904, 0.5120259, 0.51277065, 0.51273227, 0.5125054, 0.5108733, 0.50999254, 0.5131798, 0.51225376, 0.5127671, 0.5124624, 0.51164097, 0.5120016, 0.51325506, 0.51209843, 0.5134034, 0.5108313, 0.51107204, 0.51116484, 0.51288074, 0.5117322, 0.51325774, 0.51362336, 0.5145318, 0.513679, 0.5122489, 0.5127281, 0.51257795, 0.5128131, 0.51169884, 0.5121351, 0.51403284, 0.5102866, 0.51375157, 0.5138461, 0.5128755, 0.51353145, 0.5139167, 0.51107097, 0.51258355, 0.512139, 0.5116032, 0.5119265, 0.5127437, 0.51311976, 0.512895, 0.5128203, 0.51378, 0.5120869, 0.5131921, 0.5118425, 0.51164436, 0.51107377, 0.5113998, 0.5122657, 0.5125045, 0.5137861, 0.512645, 0.51140666, 0.51127154, 0.5126291, 0.51332265, 0.5130499, 0.5138994, 0.5131361, 0.51363784, 0.512636, 0.5130747, 0.51099104, 0.5119239, 0.5103568, 0.51144975, 0.510891, 0.5108471, 0.51231354, 0.5110705, 0.5137342, 0.51212746, 0.51086503, 0.5121958, 0.5121316, 0.5110832, 0.51037997, 0.5131416, 0.51307076, 0.5115795, 0.51259696, 0.5118429, 0.51128376, 0.5131279, 0.5132312, 0.5127065, 0.51269376, 0.5133634, 0.51342505, 0.5128783, 0.51425195, 0.513538, 0.5135426, 0.5145659, 0.5118548, 0.5126233, 0.5126771, 0.5149885, 0.51248974, 0.513327, 0.512921, 0.5138978, 0.51079816, 0.51328486]
[0.50411177, 0.5043484, 0.5022176, 0.50102365, 0.50782824, 0.5089876, 0.5005292, 0.5031194, 0.50049126, 0.5014978, 0.5036278, 0.5017863, 0.50459135, 0.5089898, 0.5015079, 0.50309485, 0.5066222, 0.5067605, 0.503189, 0.5038191, 0.5031302, 0.5008937, 0.5048351, 0.50026655, 0.50138074, 0.5007808, 0.50072354, 0.5002204, 0.5038685, 0.5037179, 0.5009443, 0.50323665, 0.50245625, 0.50307554, 0.5011767, 0.50101614, 0.50419325, 0.5068222, 0.5015662, 0.5009842, 0.5007715, 0.50349736, 0.502227, 0.5071218, 0.5003697, 0.5032771, 0.5017602, 0.50172424, 0.50273913, 0.5033782, 0.50150406, 0.5078459, 0.50195926, 0.50455624, 0.50387406, 0.5037007, 0.5025912, 0.5026936, 0.50111264, 0.5041382, 0.5060946, 0.5010705, 0.5011587, 0.5024248, 0.502102, 0.50029194, 0.5007836, 0.50145024, 0.500837, 0.5039626, 0.50493, 0.50293684, 0.5096161, 0.50890297, 0.5090897, 0.5090897, 0.5107045, 0.5094237, 0.5097625, 0.50970346, 0.50975734, 0.5097594, 0.51040155, 0.51048505, 0.50989574, 0.51069236, 0.50943005, 0.51138085, 0.5112917, 0.51028347, 0.51015204, 0.5098019, 0.5094576, 0.51141465, 0.51084, 0.51004165, 0.5111203, 0.51083124, 0.5108526, 0.5107487, 0.51057184, 0.5100476, 0.51064986, 0.51038766, 0.5105866, 0.50892645, 0.50844324, 0.51088727, 0.51014155, 0.51018304, 0.5101542, 0.5096224, 0.5102618, 0.5110174, 0.50986165, 0.5111163, 0.5090772, 0.5094025, 0.5095804, 0.5108287, 0.5097224, 0.51107717, 0.5111547, 0.5116042, 0.51102614, 0.5102489, 0.51040125, 0.51018137, 0.5106097, 0.50977635, 0.510282, 0.51130855, 0.5085389, 0.5111334, 0.51122105, 0.51063484, 0.5112495, 0.511391, 0.50958496, 0.510144, 0.5100689, 0.50970376, 0.5100567, 0.5107452, 0.51103354, 0.51071894, 0.5102882, 0.5111807, 0.50965774, 0.5108253, 0.50959796, 0.5095943, 0.5092402, 0.50976956, 0.51038176, 0.5101794, 0.5112039, 0.5106629, 0.50969964, 0.5092896, 0.51025087, 0.5106002, 0.5105996, 0.5113047, 0.51071316, 0.5106891, 0.5103521, 0.510444, 0.50939536, 0.51033235, 0.5091225, 0.5096233, 0.50891376, 0.50905424, 0.51010954, 0.5094888, 0.5110398, 0.51031315, 0.50884765, 0.5100607, 0.5099782, 0.5091585, 0.50878733, 0.5110142, 0.5108356, 0.5099225, 0.51093554, 0.51050895, 0.5100844, 0.51083916, 0.5108305, 0.5107749, 0.5106243, 0.5106082, 0.51142204, 0.5109971, 0.5111875, 0.5111344, 0.51074964, 0.5115957, 0.50987023, 0.51056135, 0.51073974, 0.5121513, 0.51025623, 0.5105084, 0.51022005, 0.51145446, 0.5091953, 0.51066315]
[0.5013589, 0.50196105, 0.5009634, 0.49993992, 0.5104725, 0.5119863, 0.5021531, 0.5009635, 0.50143427, 0.5002881, 0.50123525, 0.5000788, 0.50625294, 0.51181835, 0.50336355, 0.50108755, 0.5083627, 0.508848, 0.5008898, 0.5010982, 0.50023943, 0.5008963, 0.5059447, 0.5022754, 0.50386435, 0.5012482, 0.50100243, 0.5012121, 0.5008954, 0.5003365, 0.5046039, 0.50489366, 0.5044492, 0.50479585, 0.5028157, 0.5008364, 0.5012846, 0.5036939, 0.50117356, 0.50253147, 0.50054485, 0.50087416, 0.5042283, 0.50909716, 0.5019814, 0.5006465, 0.5034481, 0.50087386, 0.50048065, 0.5010776, 0.50048816, 0.509949, 0.5030727, 0.5046939, 0.50506264, 0.5005758, 0.49994707, 0.5000229, 0.50017107, 0.50135595, 0.5025386, 0.5005833, 0.5025931, 0.50358504, 0.5002239, 0.5020393, 0.50445694, 0.50254405, 0.50280213, 0.50103825, 0.50180763, 0.50032336, 0.5128088, 0.51235574, 0.5125664, 0.51242673, 0.51438797, 0.5136611, 0.51315343, 0.51294166, 0.5134004, 0.5134468, 0.5131936, 0.51364636, 0.51322585, 0.5138435, 0.5123226, 0.5150317, 0.5147736, 0.513654, 0.51332325, 0.5131166, 0.5125622, 0.51526093, 0.51402384, 0.5127634, 0.5146619, 0.51474017, 0.51437354, 0.5141476, 0.5143214, 0.5133224, 0.51398116, 0.5144138, 0.5139464, 0.5126462, 0.5111201, 0.5147944, 0.51379687, 0.51383895, 0.51410866, 0.51316875, 0.5135019, 0.51454514, 0.512711, 0.5148724, 0.51239204, 0.51310396, 0.51312363, 0.51399493, 0.5127069, 0.51474065, 0.51497376, 0.5153927, 0.5138836, 0.5136362, 0.5136858, 0.51374954, 0.51379097, 0.5133602, 0.51405203, 0.51493394, 0.51184213, 0.51449865, 0.51458013, 0.51408285, 0.5148285, 0.5151183, 0.5134071, 0.5136207, 0.51319396, 0.5130787, 0.51333594, 0.5137913, 0.5143877, 0.51450783, 0.51360786, 0.51428795, 0.5129909, 0.51443243, 0.5119162, 0.51306385, 0.51199055, 0.51314884, 0.5134428, 0.51375216, 0.51469964, 0.5143104, 0.5124333, 0.5126219, 0.51409495, 0.51436526, 0.51462835, 0.51519275, 0.5136541, 0.5141183, 0.5136055, 0.51377666, 0.5123017, 0.5143046, 0.5120074, 0.51267767, 0.51173484, 0.5117061, 0.51344216, 0.51268524, 0.5140431, 0.5131393, 0.51243144, 0.5134734, 0.5135346, 0.51239514, 0.51239115, 0.5149409, 0.5143232, 0.51311123, 0.51408947, 0.5136737, 0.5131745, 0.5144696, 0.5142189, 0.5147497, 0.51488596, 0.51395357, 0.51501876, 0.51468354, 0.5150004, 0.51464224, 0.5145006, 0.51562846, 0.51264364, 0.5135566, 0.51376253, 0.5162872, 0.5141141, 0.5149603, 0.5135569, 0.5154998, 0.512567, 0.51429784]
[0.5015068, 0.5017341, 0.50087976, 0.500073, 0.50932914, 0.5110254, 0.5001546, 0.5012479, 0.5008439, 0.4997521, 0.50134355, 0.49982136, 0.50560164, 0.51106685, 0.50333244, 0.50089467, 0.5072896, 0.5074344, 0.5012688, 0.50130033, 0.50064886, 0.5009261, 0.5056881, 0.5011628, 0.5022166, 0.5009717, 0.5006877, 0.5010251, 0.5013145, 0.501523, 0.50234425, 0.5051673, 0.5051617, 0.50494415, 0.5031224, 0.5005235, 0.5015855, 0.50409675, 0.50004435, 0.50204384, 0.50027806, 0.501135, 0.5034349, 0.50820607, 0.50078136, 0.5010969, 0.5025646, 0.49968156, 0.50008875, 0.5012365, 0.49971846, 0.5096877, 0.50204647, 0.50481236, 0.50375855, 0.50121814, 0.4999067, 0.5005257, 0.49982685, 0.50137275, 0.50313807, 0.49990466, 0.50147974, 0.50331664, 0.5010074, 0.50048345, 0.50311565, 0.50206906, 0.5013219, 0.5013, 0.50235856, 0.5009791, 0.51211, 0.51123476, 0.5115656, 0.5113853, 0.5138989, 0.5120107, 0.5123117, 0.5120061, 0.5125199, 0.5126309, 0.51306194, 0.5131902, 0.51242644, 0.51384073, 0.51185477, 0.51447606, 0.5145638, 0.5129378, 0.5128113, 0.51246476, 0.5120676, 0.51470554, 0.5136458, 0.5126408, 0.5144279, 0.51385367, 0.5139759, 0.51384366, 0.5136219, 0.5125629, 0.51341283, 0.51338476, 0.513406, 0.51109725, 0.51063985, 0.514048, 0.5129548, 0.51305443, 0.5126727, 0.5122816, 0.5126375, 0.51423997, 0.512501, 0.5143785, 0.51150155, 0.51207316, 0.5117383, 0.5137091, 0.51212716, 0.5141285, 0.5143081, 0.51485956, 0.5139432, 0.5123493, 0.51303345, 0.51287407, 0.5131668, 0.5124838, 0.5131119, 0.5143456, 0.5102403, 0.5142238, 0.51412684, 0.5134231, 0.5144826, 0.51474637, 0.5117892, 0.5127668, 0.51311713, 0.51270175, 0.5127224, 0.513409, 0.51408, 0.51350236, 0.5132454, 0.51445735, 0.51255566, 0.51385677, 0.5118246, 0.51221627, 0.51145995, 0.5122689, 0.51286304, 0.51316595, 0.51430184, 0.5137821, 0.5120524, 0.5117697, 0.5131824, 0.5138435, 0.513832, 0.5147686, 0.5137056, 0.51406753, 0.513266, 0.51329875, 0.51163715, 0.5129655, 0.51160026, 0.5122535, 0.5112857, 0.5112068, 0.5126126, 0.5116047, 0.51397747, 0.5125446, 0.51081985, 0.5126765, 0.51273835, 0.5114006, 0.5113312, 0.5141076, 0.5139418, 0.5125923, 0.51387584, 0.5134337, 0.5126536, 0.5136858, 0.5141672, 0.51369333, 0.51365083, 0.51337326, 0.5148062, 0.5141264, 0.51453686, 0.51398903, 0.51395893, 0.5152427, 0.51256055, 0.51314014, 0.5135716, 0.515675, 0.51305145, 0.51392365, 0.5132165, 0.51484585, 0.5114735, 0.5134842]
[0.50258374, 0.5030656, 0.50184995, 0.4996624, 0.5096847, 0.5119013, 0.50041187, 0.5018192, 0.5000002, 0.5004256, 0.5025434, 0.5003441, 0.50534934, 0.51116186, 0.502147, 0.5020576, 0.50780284, 0.5077278, 0.5016749, 0.5023604, 0.50107807, 0.49978074, 0.5041584, 0.50028497, 0.5023252, 0.5006876, 0.50092024, 0.50001186, 0.50180095, 0.50216043, 0.5008568, 0.50356674, 0.5030714, 0.5033642, 0.5013441, 0.4998717, 0.5026179, 0.5045598, 0.49978694, 0.50151265, 0.5001277, 0.5016538, 0.5031747, 0.50855476, 0.5001039, 0.5017883, 0.5009347, 0.50042516, 0.5011676, 0.50212437, 0.5003058, 0.50949264, 0.5016903, 0.5042741, 0.505108, 0.50196147, 0.5013423, 0.5013692, 0.49982733, 0.5026929, 0.5042071, 0.5001605, 0.5011029, 0.50285697, 0.501464, 0.50027627, 0.501495, 0.50193495, 0.50065035, 0.50222987, 0.50297034, 0.5010639, 0.51290846, 0.5119127, 0.5120567, 0.5122046, 0.5150573, 0.5126191, 0.51315254, 0.5129916, 0.51328486, 0.51320827, 0.51398057, 0.51422846, 0.5134518, 0.5147403, 0.5125923, 0.51639307, 0.51610875, 0.5140549, 0.51342237, 0.51304454, 0.5125506, 0.51620793, 0.5149188, 0.5135601, 0.5158988, 0.51491773, 0.5151143, 0.5146472, 0.5146826, 0.5140313, 0.51494473, 0.51453847, 0.51429415, 0.5120231, 0.5110097, 0.51507646, 0.5138577, 0.51350117, 0.5144804, 0.51337737, 0.51350486, 0.5153596, 0.5135435, 0.5151992, 0.5120087, 0.5128501, 0.5128969, 0.51489675, 0.5124841, 0.5151559, 0.51580566, 0.51621836, 0.5150307, 0.5136656, 0.51383585, 0.51443404, 0.51392233, 0.51335436, 0.514311, 0.5155836, 0.5113557, 0.515705, 0.51559323, 0.5148298, 0.51571244, 0.51579547, 0.5130438, 0.5134191, 0.51355755, 0.51241356, 0.513705, 0.51458484, 0.5148139, 0.514846, 0.5137215, 0.5150327, 0.5129065, 0.5150299, 0.51232445, 0.513, 0.5117255, 0.5130993, 0.51383966, 0.5137559, 0.5153646, 0.5145644, 0.51262, 0.512238, 0.51441056, 0.5146516, 0.5143324, 0.51606834, 0.5144782, 0.514807, 0.5139732, 0.51427823, 0.5125218, 0.51353824, 0.5114571, 0.51242524, 0.5112183, 0.51139027, 0.5138005, 0.512419, 0.5149455, 0.5138303, 0.51166564, 0.5135146, 0.5138878, 0.5125964, 0.5117586, 0.51512825, 0.51472384, 0.51249945, 0.51442677, 0.5138021, 0.513138, 0.5149022, 0.51521164, 0.51486874, 0.5147599, 0.51401246, 0.5153695, 0.51471496, 0.5157128, 0.51488537, 0.5150976, 0.51673937, 0.5127219, 0.5143515, 0.51493627, 0.5173599, 0.51416165, 0.5143498, 0.5141119, 0.5159978, 0.5122517, 0.514948]
[0.50215816, 0.50277716, 0.50057226, 0.5020939, 0.50981355, 0.5115726, 0.5017072, 0.5018135, 0.50314814, 0.5018912, 0.5022938, 0.5010717, 0.50654835, 0.511556, 0.50316703, 0.50205445, 0.50863093, 0.50878775, 0.5011505, 0.50278527, 0.5013772, 0.50193876, 0.5071068, 0.5026865, 0.5037084, 0.50337785, 0.5035762, 0.5027627, 0.5028095, 0.50263774, 0.5017687, 0.50584346, 0.50477403, 0.50458485, 0.504076, 0.5021529, 0.5022963, 0.5062989, 0.5015919, 0.503928, 0.5017593, 0.5009213, 0.50566137, 0.5088309, 0.5024881, 0.50131977, 0.5017721, 0.50137234, 0.5010571, 0.5011887, 0.5016861, 0.5099832, 0.5037114, 0.5051625, 0.50548255, 0.50218064, 0.5007417, 0.50057936, 0.5011457, 0.502716, 0.50485724, 0.5013183, 0.50324744, 0.5046921, 0.50065535, 0.5015865, 0.5036027, 0.5044175, 0.5026924, 0.5014669, 0.5036115, 0.50061715, 0.51181144, 0.51100796, 0.5113287, 0.511481, 0.51361537, 0.51166433, 0.51262796, 0.51178646, 0.5124443, 0.51266783, 0.51317996, 0.5133356, 0.5127599, 0.51343346, 0.5122811, 0.5146964, 0.5146571, 0.51254797, 0.5129711, 0.5126298, 0.5121093, 0.51454204, 0.51359737, 0.51267415, 0.51452875, 0.5140914, 0.5138133, 0.5137364, 0.51369286, 0.5124732, 0.5135791, 0.51316947, 0.5132959, 0.5114338, 0.5111048, 0.5136754, 0.5126916, 0.51331097, 0.5130035, 0.51216906, 0.5126625, 0.5138125, 0.5129343, 0.5141044, 0.5117459, 0.51201963, 0.51189166, 0.5136439, 0.5125304, 0.5139862, 0.51404655, 0.5145677, 0.51411563, 0.51301074, 0.51328003, 0.51326895, 0.5132889, 0.5124712, 0.5131989, 0.51437694, 0.51126975, 0.5140503, 0.5143837, 0.5137525, 0.5143874, 0.51456356, 0.511878, 0.5129331, 0.5131491, 0.5121379, 0.5129399, 0.5133333, 0.51379573, 0.51366574, 0.5133797, 0.514157, 0.51252884, 0.5139068, 0.5124244, 0.51259947, 0.5120168, 0.51228935, 0.5130377, 0.51279604, 0.51406777, 0.5134877, 0.5122614, 0.5119877, 0.5132352, 0.51400924, 0.51370984, 0.51462924, 0.5136851, 0.5138764, 0.51327795, 0.5137017, 0.51234126, 0.5130059, 0.511773, 0.5125047, 0.5114802, 0.51160675, 0.51291066, 0.5119547, 0.51412094, 0.5126859, 0.5112661, 0.5129308, 0.5128157, 0.5120227, 0.5113044, 0.5137248, 0.513852, 0.51281476, 0.5138854, 0.5134274, 0.51284516, 0.51364785, 0.5140828, 0.51346666, 0.51336265, 0.51383775, 0.51430213, 0.51355875, 0.51442176, 0.5141439, 0.5141369, 0.5150085, 0.5128999, 0.5133358, 0.51380944, 0.51545674, 0.51290965, 0.51354957, 0.51326436, 0.51461184, 0.5115897, 0.5139408]
[0.5024515, 0.5027576, 0.5019443, 0.5040866, 0.5104633, 0.5119175, 0.5043728, 0.5017264, 0.503226, 0.50265294, 0.5016204, 0.5027002, 0.5075626, 0.51192814, 0.50606114, 0.50158817, 0.50924224, 0.5091622, 0.5022363, 0.5020802, 0.50198776, 0.5034032, 0.5078595, 0.5038046, 0.50483716, 0.5041364, 0.50446683, 0.5045522, 0.5015705, 0.5017608, 0.50531197, 0.50723773, 0.5063387, 0.5068284, 0.50598073, 0.50385106, 0.5018333, 0.5056664, 0.5037748, 0.50519, 0.503244, 0.5016154, 0.5061422, 0.5095922, 0.50364304, 0.50160646, 0.5054465, 0.5031406, 0.50240624, 0.5018778, 0.5028167, 0.510811, 0.50529075, 0.5073717, 0.5074914, 0.5016253, 0.5026555, 0.5023381, 0.5032258, 0.5024669, 0.50541645, 0.5039025, 0.5050596, 0.505765, 0.5025218, 0.5047034, 0.5046147, 0.50503165, 0.50443876, 0.50161016, 0.50299233, 0.5026147, 0.5124757, 0.51202536, 0.5121071, 0.5125586, 0.5143332, 0.51257086, 0.51286304, 0.5130227, 0.5129328, 0.512751, 0.51386386, 0.513939, 0.513039, 0.5139935, 0.5125277, 0.51502466, 0.5146242, 0.51324004, 0.51320773, 0.5129518, 0.512927, 0.5151541, 0.5140841, 0.5133289, 0.5145732, 0.51403, 0.5139777, 0.51398236, 0.5140479, 0.51330596, 0.5141688, 0.5137399, 0.514084, 0.511599, 0.5110747, 0.5141538, 0.5133124, 0.5132355, 0.5136578, 0.51281095, 0.5130631, 0.51439637, 0.5132324, 0.51457685, 0.5123697, 0.51272804, 0.51253307, 0.51396155, 0.5128601, 0.5145365, 0.5145249, 0.5149802, 0.5142786, 0.51341367, 0.5136497, 0.5132058, 0.51399785, 0.51322734, 0.5136259, 0.51487315, 0.5110583, 0.5146509, 0.51468956, 0.5140069, 0.51492214, 0.51496416, 0.512475, 0.5133059, 0.51365256, 0.5125607, 0.5128611, 0.5139866, 0.5144481, 0.5140779, 0.513543, 0.5143758, 0.5127391, 0.51394963, 0.51245755, 0.5128858, 0.51232594, 0.5128597, 0.51342684, 0.5136012, 0.5148194, 0.5141283, 0.51262134, 0.5119906, 0.5139939, 0.513836, 0.5139487, 0.5147702, 0.51396304, 0.51401293, 0.5137766, 0.51347935, 0.5121733, 0.5138088, 0.5122889, 0.512484, 0.5117907, 0.5118678, 0.5131537, 0.5124913, 0.5144529, 0.51328385, 0.51176643, 0.513306, 0.51307756, 0.51252276, 0.5120506, 0.513957, 0.5143885, 0.5131265, 0.5142614, 0.5141999, 0.5136906, 0.5139227, 0.514075, 0.5140976, 0.51366174, 0.5135889, 0.514833, 0.51425725, 0.51474243, 0.51456094, 0.51380557, 0.5152555, 0.51278454, 0.5136981, 0.5138997, 0.5159945, 0.513691, 0.513804, 0.5137547, 0.5150925, 0.5122361, 0.51374066]
[0.5025283, 0.502581, 0.50108004, 0.5031858, 0.5120288, 0.5137446, 0.50183886, 0.5019712, 0.50329953, 0.50217545, 0.5020567, 0.50223213, 0.50851303, 0.5137478, 0.50543076, 0.5021832, 0.5101745, 0.51035017, 0.5020635, 0.5024447, 0.5015839, 0.5033377, 0.50854695, 0.50247025, 0.5046561, 0.50328225, 0.503478, 0.5027908, 0.5019522, 0.50233984, 0.503875, 0.5083385, 0.50778234, 0.5079091, 0.504739, 0.50319797, 0.502317, 0.50499046, 0.5020676, 0.5048914, 0.5022655, 0.50212634, 0.5060287, 0.51059365, 0.50228274, 0.502494, 0.5052896, 0.5014532, 0.5008821, 0.5017696, 0.5009848, 0.5122315, 0.50445944, 0.5083428, 0.5079189, 0.5016671, 0.5007865, 0.5010202, 0.5009353, 0.5020905, 0.5037254, 0.502277, 0.50559556, 0.50543296, 0.50124097, 0.50268316, 0.5035299, 0.50371534, 0.5036579, 0.5021629, 0.5032512, 0.501058, 0.5141524, 0.51348937, 0.5137148, 0.5141966, 0.5165373, 0.51435167, 0.5148254, 0.5147784, 0.51511234, 0.51561034, 0.5163207, 0.5164753, 0.5150973, 0.516531, 0.51429224, 0.5175577, 0.51746804, 0.51511484, 0.5154736, 0.5149098, 0.5148228, 0.5178685, 0.51671207, 0.51537764, 0.517558, 0.5166081, 0.51663214, 0.51613563, 0.51643443, 0.5154885, 0.5161505, 0.5157613, 0.51606405, 0.513628, 0.51251096, 0.5167254, 0.5156292, 0.5155228, 0.5156407, 0.5148791, 0.5153335, 0.51667386, 0.51555216, 0.516844, 0.513763, 0.51443607, 0.5142854, 0.51657426, 0.5146132, 0.5172119, 0.5169219, 0.5175721, 0.5168312, 0.515742, 0.5157912, 0.51556796, 0.51622254, 0.51471084, 0.51539236, 0.51758665, 0.512778, 0.51697123, 0.5172552, 0.51611197, 0.51709193, 0.517265, 0.5142924, 0.51565564, 0.5161168, 0.51489705, 0.51573145, 0.51657474, 0.5171713, 0.51628065, 0.5161947, 0.51742524, 0.51480424, 0.5166948, 0.5145241, 0.51491046, 0.51434016, 0.51493675, 0.5157514, 0.515675, 0.5170506, 0.5162751, 0.5148322, 0.5142546, 0.51575816, 0.5161111, 0.51599437, 0.5177399, 0.51653963, 0.5164801, 0.5161578, 0.5158272, 0.5140301, 0.5156861, 0.5138587, 0.5146133, 0.5136193, 0.51362365, 0.5152589, 0.51435363, 0.5170762, 0.51575255, 0.5134733, 0.5151537, 0.51502895, 0.514105, 0.51348877, 0.5167674, 0.51694864, 0.5152798, 0.5167045, 0.51632446, 0.51550424, 0.5165062, 0.51665205, 0.5163238, 0.5160642, 0.51589644, 0.5181252, 0.5169365, 0.5170037, 0.51671684, 0.51628417, 0.51811475, 0.5151806, 0.5163888, 0.5166553, 0.5185883, 0.515607, 0.5162283, 0.51559335, 0.5175771, 0.51406777, 0.516284]
[0.50098515, 0.5014056, 0.50043124, 0.49980697, 0.5132089, 0.5162618, 0.50186145, 0.5008116, 0.50171304, 0.50022054, 0.5012549, 0.49962607, 0.5072972, 0.51535517, 0.5046406, 0.5006303, 0.5110498, 0.5110215, 0.50073725, 0.5016089, 0.5010128, 0.5019764, 0.50879604, 0.5030982, 0.5034776, 0.5021672, 0.5020943, 0.5029564, 0.5014437, 0.5012077, 0.50362116, 0.506342, 0.50575656, 0.50620806, 0.5040626, 0.5022357, 0.50115865, 0.5035467, 0.50096726, 0.50396055, 0.4999869, 0.50046736, 0.5068905, 0.5126362, 0.5022532, 0.5006393, 0.50298, 0.5001076, 0.4998191, 0.50042707, 0.49957508, 0.5132379, 0.5038678, 0.5069846, 0.5064329, 0.500757, 0.49959013, 0.4999969, 0.49964654, 0.5010033, 0.50247693, 0.5000057, 0.5027198, 0.50615674, 0.49974197, 0.5011916, 0.50434464, 0.5045293, 0.50327796, 0.50078166, 0.5015011, 0.49992967, 0.517548, 0.5155279, 0.51620525, 0.51629263, 0.5199597, 0.5170951, 0.5177429, 0.5170799, 0.5177659, 0.518457, 0.5186557, 0.5188566, 0.5177576, 0.5192211, 0.51734924, 0.5211463, 0.5211446, 0.5187943, 0.518342, 0.5177211, 0.51724946, 0.5209182, 0.5191782, 0.51812905, 0.5210663, 0.51987815, 0.5200382, 0.5198447, 0.5198388, 0.5176942, 0.5192496, 0.51975906, 0.51944125, 0.5165768, 0.51553595, 0.5201416, 0.51870036, 0.518839, 0.518652, 0.5175544, 0.5183535, 0.5203898, 0.5175678, 0.5203915, 0.51683074, 0.51779604, 0.51726186, 0.5197249, 0.5175527, 0.5198482, 0.5205622, 0.5213765, 0.5199603, 0.5182233, 0.5186474, 0.51866645, 0.51919013, 0.5180562, 0.51910186, 0.52057916, 0.5154146, 0.52058256, 0.52027404, 0.5196625, 0.52082646, 0.5214702, 0.5174678, 0.518287, 0.5182353, 0.51763, 0.5179922, 0.51914984, 0.5203147, 0.519945, 0.5191712, 0.5203924, 0.51763946, 0.5201397, 0.5168815, 0.51772475, 0.5167556, 0.5173517, 0.5183472, 0.51868224, 0.5202231, 0.51992667, 0.5172621, 0.5175486, 0.5189105, 0.52027327, 0.5202558, 0.52079964, 0.51943535, 0.5203061, 0.5186717, 0.51926696, 0.51665586, 0.51816005, 0.5170844, 0.5177714, 0.51636297, 0.5164252, 0.5185894, 0.51722646, 0.520411, 0.5178281, 0.51616275, 0.5185313, 0.5186873, 0.5163838, 0.5160761, 0.52015495, 0.5196284, 0.51828665, 0.5201661, 0.51900697, 0.5179779, 0.5200198, 0.5205628, 0.5198739, 0.5196738, 0.51975197, 0.5207358, 0.51996803, 0.5212143, 0.5203281, 0.5200859, 0.52166146, 0.51796407, 0.5192316, 0.5192086, 0.5230352, 0.5190064, 0.5200766, 0.5192119, 0.52119935, 0.51678836, 0.51963454]
[0.50471187, 0.5049976, 0.5030068, 0.50090355, 0.5082505, 0.5103832, 0.50174755, 0.50432295, 0.5005935, 0.5012778, 0.5042671, 0.5025774, 0.5052634, 0.5103932, 0.50195724, 0.5047625, 0.5066914, 0.5067623, 0.5044596, 0.504579, 0.5038843, 0.5010731, 0.50489026, 0.50070393, 0.50151736, 0.50045574, 0.500921, 0.50166243, 0.5049002, 0.50508094, 0.50044256, 0.50454885, 0.50362456, 0.50342995, 0.5015817, 0.50161743, 0.5044187, 0.50817376, 0.50105673, 0.5011914, 0.50188637, 0.5044623, 0.50146323, 0.50703645, 0.5015472, 0.5036269, 0.5018837, 0.50248337, 0.502929, 0.5042141, 0.50241774, 0.50846636, 0.5009668, 0.50370574, 0.5039574, 0.50423557, 0.50291896, 0.5033917, 0.5017566, 0.5049021, 0.50703096, 0.50145173, 0.5012818, 0.50183797, 0.503136, 0.5011546, 0.5009178, 0.50091743, 0.5007354, 0.5046561, 0.50595945, 0.5036501, 0.51081395, 0.5099994, 0.51039207, 0.5104968, 0.51280475, 0.5107989, 0.5116623, 0.5111066, 0.51163596, 0.51152015, 0.5126315, 0.512619, 0.5117706, 0.51253676, 0.5112992, 0.5137149, 0.5137559, 0.51179636, 0.51237786, 0.5115867, 0.5112005, 0.5142464, 0.5133674, 0.51169956, 0.5140582, 0.51332116, 0.51298785, 0.51302713, 0.51313055, 0.5118662, 0.5129227, 0.512116, 0.51227915, 0.51000965, 0.5094633, 0.5130412, 0.5120693, 0.51254314, 0.5120968, 0.51128954, 0.5118211, 0.5131551, 0.51208645, 0.51329416, 0.5107645, 0.5110043, 0.51083225, 0.5130069, 0.5115059, 0.5133554, 0.51337725, 0.5140798, 0.51343673, 0.51195014, 0.51229775, 0.51212007, 0.51260805, 0.5114624, 0.51203823, 0.51401013, 0.5096318, 0.5135657, 0.51352155, 0.51316243, 0.5136847, 0.51379424, 0.51120454, 0.5121272, 0.5125461, 0.5112878, 0.5121993, 0.51271856, 0.51285875, 0.51296455, 0.51272726, 0.5136876, 0.5116154, 0.51294965, 0.5114027, 0.51156366, 0.51108927, 0.5115789, 0.5123691, 0.51243937, 0.51363724, 0.512507, 0.51112574, 0.51079446, 0.5127115, 0.5129059, 0.51284707, 0.5138586, 0.5131733, 0.5132593, 0.5124557, 0.51257473, 0.5108689, 0.5123967, 0.51069516, 0.5117455, 0.5102101, 0.5102956, 0.511924, 0.5107219, 0.5135993, 0.5117022, 0.5099249, 0.51207006, 0.51171124, 0.510899, 0.5101907, 0.51325476, 0.5133273, 0.51179117, 0.51344943, 0.51281977, 0.51199335, 0.5130045, 0.51317555, 0.5127032, 0.5127908, 0.51284117, 0.5140463, 0.51296544, 0.51367134, 0.51354563, 0.5129184, 0.5145217, 0.51188403, 0.5125247, 0.5129228, 0.5148484, 0.51171386, 0.51290905, 0.5124138, 0.5139167, 0.51037776, 0.5129613]
[0.49917585, 0.49946436, 0.4999012, 0.50317115, 0.5133322, 0.5165412, 0.50393564, 0.4993452, 0.5048447, 0.5037756, 0.49895078, 0.5008254, 0.5086934, 0.5155441, 0.5064575, 0.49936774, 0.511528, 0.51209456, 0.50001353, 0.4993389, 0.49997145, 0.50495684, 0.50941646, 0.50579584, 0.50691277, 0.50603807, 0.50552654, 0.5053729, 0.49914187, 0.49904504, 0.5060104, 0.5081495, 0.5074628, 0.5079503, 0.50620323, 0.5029137, 0.49904114, 0.50105464, 0.50284284, 0.50626683, 0.5039742, 0.5009839, 0.5078328, 0.51256996, 0.5060084, 0.5010916, 0.5034147, 0.50024545, 0.50136137, 0.4999829, 0.5020422, 0.5129157, 0.5058346, 0.50697464, 0.50849396, 0.4993264, 0.5012687, 0.5011061, 0.5027491, 0.4990574, 0.5000588, 0.50297743, 0.50567245, 0.50725365, 0.5016593, 0.504159, 0.507377, 0.5073858, 0.505225, 0.4994683, 0.4997762, 0.5013244, 0.5176626, 0.5160065, 0.5160311, 0.51623905, 0.5196947, 0.51712084, 0.5178345, 0.51694775, 0.5179685, 0.51825565, 0.51835877, 0.51899457, 0.51830846, 0.51910484, 0.5172544, 0.5212546, 0.52113247, 0.5185647, 0.5182526, 0.518089, 0.51757705, 0.5209155, 0.5192146, 0.5182005, 0.5208455, 0.5200703, 0.519974, 0.5198613, 0.5196577, 0.51793814, 0.51966834, 0.5196957, 0.5189149, 0.5168873, 0.51572835, 0.519624, 0.5184151, 0.51877, 0.5189438, 0.5181316, 0.5181142, 0.5201182, 0.5177162, 0.51989233, 0.5168047, 0.5174135, 0.517677, 0.5191825, 0.5177655, 0.52018315, 0.520693, 0.5214373, 0.51980877, 0.5184126, 0.5184624, 0.5187872, 0.51895785, 0.5185857, 0.51946634, 0.5207013, 0.516394, 0.5205416, 0.52046824, 0.51975614, 0.52043617, 0.5208041, 0.5173581, 0.5185319, 0.5185337, 0.5176448, 0.5185753, 0.5191698, 0.51994556, 0.5196822, 0.5198044, 0.5201796, 0.5177163, 0.51986706, 0.51744074, 0.5178657, 0.5165055, 0.5175111, 0.5188196, 0.5185901, 0.52048063, 0.5196445, 0.517069, 0.5175434, 0.5191126, 0.52004266, 0.51987505, 0.521142, 0.5193299, 0.5197997, 0.5188982, 0.51940656, 0.5169788, 0.5185828, 0.51659036, 0.5179913, 0.51604414, 0.5162036, 0.5185996, 0.5168573, 0.5199772, 0.51783836, 0.5166531, 0.5187094, 0.5182948, 0.5171265, 0.516039, 0.5203526, 0.51971877, 0.5181658, 0.52003306, 0.51898634, 0.5184434, 0.5201812, 0.52047575, 0.5200677, 0.51968396, 0.5196742, 0.5202123, 0.51977557, 0.5207703, 0.520467, 0.52052885, 0.5219638, 0.5182264, 0.5192962, 0.5195781, 0.52263385, 0.5187215, 0.5195468, 0.51910913, 0.5210431, 0.51652604, 0.5201893]
[0.501112, 0.5012239, 0.50069624, 0.50249046, 0.50941706, 0.51158327, 0.5015293, 0.50138944, 0.5024898, 0.50108016, 0.5007864, 0.5010935, 0.50624394, 0.51108354, 0.5033095, 0.50144696, 0.5083857, 0.50845224, 0.50117296, 0.5015829, 0.50118744, 0.5010682, 0.50526977, 0.50140166, 0.50356007, 0.5017884, 0.5015497, 0.5016761, 0.5017324, 0.50147516, 0.50209033, 0.50436616, 0.5033442, 0.5036118, 0.50216717, 0.5006777, 0.5013774, 0.50342935, 0.5010823, 0.50271636, 0.50135946, 0.50138795, 0.5033092, 0.50848883, 0.5009244, 0.50130004, 0.5028483, 0.50069374, 0.5003636, 0.5008169, 0.50035316, 0.5096439, 0.50256777, 0.5044905, 0.5036741, 0.5012797, 0.50063145, 0.5006973, 0.50067043, 0.5012765, 0.5025604, 0.5005391, 0.5022971, 0.5026718, 0.50056154, 0.5016433, 0.5025877, 0.5023999, 0.50233465, 0.50134474, 0.5024707, 0.5009318, 0.5116963, 0.5110578, 0.51162636, 0.51164865, 0.51378745, 0.51153743, 0.51245075, 0.5120392, 0.512526, 0.5127133, 0.5135425, 0.5132736, 0.5127519, 0.51373065, 0.51177716, 0.51462716, 0.5148425, 0.51251197, 0.51300085, 0.5122824, 0.51203924, 0.514849, 0.5139671, 0.5127971, 0.5149256, 0.51366764, 0.5137888, 0.51335907, 0.5133014, 0.5128371, 0.51344496, 0.5130236, 0.51322323, 0.51106244, 0.51017725, 0.5137726, 0.5129368, 0.5128314, 0.51320255, 0.51249486, 0.51259434, 0.5140347, 0.51333547, 0.5142435, 0.51150745, 0.5120792, 0.51200306, 0.5138759, 0.5123572, 0.5143322, 0.5144128, 0.5148656, 0.514078, 0.51281303, 0.5130794, 0.5131067, 0.513479, 0.5123605, 0.51282537, 0.5144928, 0.51084095, 0.5142979, 0.51431125, 0.51367724, 0.5142505, 0.5143905, 0.5117999, 0.5127879, 0.51343507, 0.5118665, 0.51301146, 0.5136274, 0.5139562, 0.513337, 0.51318914, 0.51435363, 0.51236045, 0.51388544, 0.51239806, 0.51236796, 0.5118483, 0.51258624, 0.5130269, 0.5131485, 0.51452094, 0.5134792, 0.5121951, 0.5114085, 0.51338404, 0.51361394, 0.5134022, 0.51493466, 0.5138869, 0.5139468, 0.51298976, 0.5132877, 0.5115015, 0.51345146, 0.5115937, 0.5124102, 0.5113624, 0.5115395, 0.51277554, 0.5116874, 0.51434, 0.5131111, 0.51079684, 0.5127953, 0.51282793, 0.5117164, 0.51092035, 0.51413596, 0.5138477, 0.5128937, 0.51419777, 0.51348794, 0.51286924, 0.5137692, 0.5143341, 0.51358056, 0.5133846, 0.51329714, 0.5150338, 0.513928, 0.5145229, 0.51405483, 0.51390225, 0.51523477, 0.51236475, 0.5134325, 0.5137206, 0.51567304, 0.5127046, 0.5134663, 0.51336414, 0.5145057, 0.5114998, 0.5137385]
[0.50214607, 0.5022754, 0.50024647, 0.5014579, 0.51131743, 0.51364577, 0.502047, 0.5021272, 0.5012161, 0.50084525, 0.5012679, 0.5003193, 0.50792396, 0.51309794, 0.50374156, 0.5020816, 0.5101031, 0.5101137, 0.5018273, 0.50218135, 0.5013436, 0.502195, 0.50725466, 0.5019653, 0.50459605, 0.5023819, 0.502537, 0.502142, 0.50202054, 0.5019513, 0.5042362, 0.5061041, 0.5066438, 0.5066565, 0.50368977, 0.50121003, 0.50221944, 0.50482917, 0.50129557, 0.5036358, 0.5005226, 0.5017244, 0.50647354, 0.51034105, 0.5017991, 0.5023937, 0.5053091, 0.50058585, 0.5005379, 0.5015293, 0.5002923, 0.5114931, 0.5053996, 0.50810677, 0.50746614, 0.5020924, 0.50114846, 0.5011277, 0.5003059, 0.5024168, 0.5039168, 0.501521, 0.50455844, 0.5044301, 0.50062484, 0.5028528, 0.503066, 0.5041774, 0.5037412, 0.5021782, 0.50329494, 0.50077045, 0.51427317, 0.51313174, 0.513639, 0.5136355, 0.5163074, 0.51433873, 0.514128, 0.514537, 0.5147913, 0.51471376, 0.51554525, 0.51550376, 0.51475114, 0.51589143, 0.5140975, 0.5172175, 0.51698023, 0.51508474, 0.51492274, 0.51455003, 0.51455367, 0.51752746, 0.51583576, 0.51492226, 0.51676583, 0.51605654, 0.51598936, 0.51581925, 0.5161442, 0.51509833, 0.5159913, 0.5156654, 0.51571894, 0.513612, 0.51223403, 0.5164089, 0.5150287, 0.5151474, 0.5157082, 0.5149434, 0.5151602, 0.5164486, 0.5146036, 0.5167901, 0.51382995, 0.51434827, 0.5143354, 0.51595956, 0.51426697, 0.5167152, 0.51678294, 0.5172163, 0.5164549, 0.51492554, 0.5153936, 0.51535237, 0.51585585, 0.51487744, 0.5156567, 0.51703733, 0.5125887, 0.51678157, 0.5167228, 0.5160122, 0.5168564, 0.5171679, 0.5141516, 0.515155, 0.5151942, 0.5144155, 0.5146912, 0.5157842, 0.51661813, 0.5159099, 0.515418, 0.51660246, 0.5141305, 0.51610994, 0.51391506, 0.51437, 0.5135694, 0.5143417, 0.5151487, 0.5153601, 0.5166926, 0.5160549, 0.514724, 0.51318836, 0.515787, 0.51581645, 0.5159484, 0.5169898, 0.51566696, 0.516177, 0.51531845, 0.51551586, 0.51387703, 0.51543534, 0.5132691, 0.51406366, 0.513139, 0.5132462, 0.515221, 0.5145278, 0.5164174, 0.51490945, 0.51328075, 0.5151379, 0.514959, 0.5136208, 0.51332766, 0.5162406, 0.51619285, 0.5144362, 0.51562697, 0.5156509, 0.514975, 0.51608664, 0.51631695, 0.516014, 0.5158274, 0.5154512, 0.5172766, 0.5161265, 0.51698864, 0.51639843, 0.5160744, 0.51795506, 0.51446366, 0.5155676, 0.5163117, 0.5182269, 0.51544684, 0.5157629, 0.5151626, 0.5172018, 0.51365167, 0.51601213]
[0.5019283, 0.5023735, 0.5012079, 0.4996968, 0.51240927, 0.51467824, 0.50092787, 0.5016751, 0.5016094, 0.49985483, 0.5018032, 0.50035566, 0.5070346, 0.5145885, 0.5021561, 0.5009539, 0.5092424, 0.51005703, 0.5006708, 0.5018476, 0.5008448, 0.4999901, 0.5072179, 0.5009941, 0.50352377, 0.501765, 0.50180566, 0.500134, 0.501881, 0.5018063, 0.5020474, 0.50618005, 0.5044052, 0.5051935, 0.5026759, 0.49999356, 0.5012707, 0.50373507, 0.49988738, 0.50269485, 0.5003989, 0.5011447, 0.50515383, 0.5109033, 0.5019217, 0.50095785, 0.50241846, 0.5004826, 0.5003851, 0.501383, 0.500085, 0.51215345, 0.5019301, 0.5032433, 0.5055079, 0.5013972, 0.5005395, 0.5003665, 0.5001446, 0.5020041, 0.50325835, 0.50017077, 0.50291634, 0.50403744, 0.500761, 0.49991393, 0.503149, 0.5028528, 0.50224584, 0.5015222, 0.5024567, 0.50096613, 0.51591074, 0.51425123, 0.51483816, 0.5150458, 0.5179189, 0.5158882, 0.5162533, 0.51542133, 0.5160835, 0.5170941, 0.5168853, 0.51727897, 0.51666886, 0.5178888, 0.5161988, 0.51959646, 0.5191674, 0.5170385, 0.5173749, 0.5164101, 0.5157985, 0.5191845, 0.5179032, 0.516194, 0.51886225, 0.5186587, 0.5181749, 0.5184415, 0.5184393, 0.5160462, 0.5176185, 0.5178926, 0.51744795, 0.515686, 0.5142386, 0.51876825, 0.5166855, 0.5175901, 0.5171336, 0.5156497, 0.5166766, 0.51847696, 0.5165225, 0.5185145, 0.5156968, 0.5159751, 0.5158679, 0.51815945, 0.51615036, 0.5181406, 0.518848, 0.5194574, 0.51772934, 0.51732457, 0.5169758, 0.51731807, 0.5176347, 0.5168013, 0.5174936, 0.5188362, 0.51425916, 0.5180774, 0.51870936, 0.5179448, 0.5191017, 0.5192345, 0.5162109, 0.5166598, 0.5171674, 0.5163189, 0.5170641, 0.5175056, 0.51855946, 0.5183871, 0.51732206, 0.518781, 0.5163764, 0.518437, 0.51524353, 0.51635593, 0.515647, 0.5165406, 0.5171213, 0.5168148, 0.5189294, 0.5176607, 0.5157444, 0.51627547, 0.5176718, 0.51850975, 0.5185023, 0.5195339, 0.5176706, 0.5182215, 0.5173414, 0.51783943, 0.5154391, 0.5175684, 0.5156909, 0.51653177, 0.51497173, 0.51518786, 0.51676434, 0.5156073, 0.51839715, 0.51700115, 0.51478034, 0.51674026, 0.51667565, 0.51562697, 0.51512235, 0.518375, 0.51795745, 0.51684844, 0.5185216, 0.51795757, 0.51733404, 0.5181784, 0.51805246, 0.51834226, 0.5183104, 0.51777554, 0.51967305, 0.518671, 0.5191844, 0.5193114, 0.5188399, 0.52006495, 0.51670754, 0.5175102, 0.5179827, 0.5204377, 0.5175393, 0.51833975, 0.5172429, 0.5192133, 0.51566446, 0.5184771]
[0.5009922, 0.5009662, 0.5006551, 0.50222737, 0.51013917, 0.51211053, 0.5022834, 0.50090355, 0.5025631, 0.50162435, 0.4998671, 0.50103956, 0.5069674, 0.5114853, 0.5035664, 0.5006826, 0.50874007, 0.50885725, 0.5005301, 0.5015145, 0.50034785, 0.50242716, 0.506395, 0.502538, 0.5035483, 0.5031336, 0.5029926, 0.50269085, 0.5011402, 0.50052583, 0.5034477, 0.505925, 0.5042536, 0.5050596, 0.5034358, 0.5011266, 0.5007651, 0.50285274, 0.501513, 0.50337476, 0.50154364, 0.50055027, 0.50586843, 0.5093117, 0.50266397, 0.50105554, 0.50424707, 0.50108653, 0.5004227, 0.500055, 0.5011429, 0.5100096, 0.5034185, 0.5057934, 0.50581974, 0.5005743, 0.50011694, 0.5003518, 0.50097954, 0.5010015, 0.50226533, 0.50157285, 0.5035028, 0.5047758, 0.5007281, 0.50313264, 0.50258934, 0.5033795, 0.5031499, 0.50089735, 0.50182635, 0.50017595, 0.5122225, 0.511541, 0.5117326, 0.51199055, 0.5136815, 0.5123009, 0.5124792, 0.51237255, 0.51270115, 0.51292753, 0.51358575, 0.51379424, 0.5125064, 0.5138299, 0.5122365, 0.51461774, 0.51462203, 0.5132273, 0.51276153, 0.5125915, 0.51232207, 0.51460546, 0.5136408, 0.5131192, 0.51421106, 0.5136717, 0.513788, 0.5137812, 0.5138179, 0.51294905, 0.5134875, 0.5137782, 0.51357347, 0.511624, 0.51070046, 0.5139555, 0.5131929, 0.51291955, 0.51324266, 0.5126467, 0.5130461, 0.5138311, 0.5127337, 0.51423913, 0.5120262, 0.5125037, 0.5122935, 0.5139375, 0.5124003, 0.5140923, 0.51439416, 0.5148245, 0.5139517, 0.5132291, 0.51335585, 0.5132783, 0.51375407, 0.5127414, 0.5132162, 0.51434606, 0.5111122, 0.5141824, 0.5143432, 0.51352775, 0.514302, 0.5145147, 0.512049, 0.5129335, 0.5127933, 0.5123347, 0.51301533, 0.51375073, 0.5140953, 0.5137236, 0.5129609, 0.5139377, 0.51255816, 0.51393723, 0.51201284, 0.51248163, 0.512056, 0.51254314, 0.5132132, 0.5130665, 0.51441675, 0.51371396, 0.51241606, 0.5121395, 0.51346517, 0.51383334, 0.51368403, 0.51464343, 0.5137357, 0.51405, 0.51332057, 0.51328605, 0.51187783, 0.51325834, 0.51164675, 0.5122734, 0.5114466, 0.51150256, 0.5132001, 0.51250124, 0.5139521, 0.5130103, 0.5117206, 0.512811, 0.512864, 0.5120499, 0.5114366, 0.51360613, 0.5137046, 0.5123097, 0.51359826, 0.5131508, 0.5127681, 0.51358145, 0.5138323, 0.5138913, 0.5136692, 0.51340455, 0.51422936, 0.51396036, 0.5145136, 0.514096, 0.51395017, 0.51502115, 0.5125535, 0.51367027, 0.5136273, 0.5157418, 0.5135644, 0.5134076, 0.51346743, 0.5145356, 0.5120038, 0.5137937]
[0.50048566, 0.50063616, 0.49988797, 0.5003066, 0.51308453, 0.5159325, 0.50098026, 0.50026983, 0.502181, 0.50130254, 0.50032973, 0.50019485, 0.50770205, 0.51519614, 0.50566906, 0.50022465, 0.5106772, 0.51103383, 0.50011295, 0.50025535, 0.5002937, 0.50068307, 0.50907815, 0.5039213, 0.50240624, 0.50211835, 0.50339866, 0.5007413, 0.50021076, 0.50015837, 0.50577265, 0.5071635, 0.5047635, 0.5068206, 0.5032014, 0.50213486, 0.50022966, 0.501635, 0.50132185, 0.50440025, 0.50144184, 0.50008416, 0.50707895, 0.5117752, 0.5020379, 0.49989495, 0.5028627, 0.50094324, 0.499737, 0.50001866, 0.5005931, 0.5128553, 0.503871, 0.5067625, 0.5060835, 0.5001784, 0.49956954, 0.4996324, 0.5006329, 0.5003386, 0.50126815, 0.5010999, 0.5026333, 0.5046909, 0.49993074, 0.5026497, 0.5033498, 0.5040555, 0.5022563, 0.5001486, 0.5007716, 0.49988422, 0.5161926, 0.51514107, 0.5150933, 0.5158058, 0.5189967, 0.517037, 0.51756597, 0.5157795, 0.5173131, 0.51748854, 0.5179969, 0.51826215, 0.5162945, 0.5185381, 0.51633626, 0.520189, 0.5198999, 0.51823694, 0.5176867, 0.5169164, 0.51615393, 0.52014345, 0.5187525, 0.51652104, 0.5194268, 0.5196295, 0.5188533, 0.51905143, 0.51943564, 0.51703894, 0.5184193, 0.5185988, 0.5183399, 0.51614124, 0.514641, 0.519618, 0.5179444, 0.5184957, 0.5177545, 0.5162423, 0.51715225, 0.5190464, 0.5166304, 0.5199857, 0.51611304, 0.5164826, 0.5166987, 0.5187073, 0.51710355, 0.51960814, 0.51967794, 0.5204733, 0.5190979, 0.5178459, 0.51811826, 0.51791924, 0.51818407, 0.51698565, 0.51786375, 0.52017486, 0.51504815, 0.5193661, 0.51983625, 0.51861364, 0.51991916, 0.5205891, 0.5166651, 0.5180384, 0.51772016, 0.5174658, 0.5167651, 0.51843494, 0.5192926, 0.5194584, 0.51836586, 0.51928097, 0.51721436, 0.5190456, 0.5158914, 0.5171635, 0.51592934, 0.51705694, 0.517725, 0.5178942, 0.5194863, 0.5188389, 0.5164304, 0.51635283, 0.51869965, 0.5196833, 0.5195128, 0.5202977, 0.5185207, 0.5193633, 0.51808685, 0.5186761, 0.5162942, 0.5178537, 0.51592886, 0.51667887, 0.51533127, 0.5155529, 0.51803005, 0.5160909, 0.5196218, 0.5168598, 0.51590896, 0.5176289, 0.51794326, 0.51612085, 0.51551014, 0.5191125, 0.5185553, 0.51698375, 0.51880664, 0.5178685, 0.51707584, 0.5191552, 0.5191794, 0.51942784, 0.51903903, 0.51930726, 0.519835, 0.51929194, 0.52008957, 0.5191201, 0.51960504, 0.5212278, 0.5171775, 0.51827586, 0.51859236, 0.52176434, 0.5190319, 0.5197707, 0.5180692, 0.5210457, 0.5159314, 0.51956964]
[0.5027709, 0.5030228, 0.5013765, 0.5003938, 0.5080512, 0.51001364, 0.5001461, 0.5023343, 0.5000665, 0.50086313, 0.50260615, 0.5011641, 0.50390315, 0.5094884, 0.50050855, 0.5031927, 0.5062179, 0.5062972, 0.50193024, 0.50334007, 0.5022915, 0.500344, 0.50356054, 0.5001566, 0.5007925, 0.5008607, 0.500502, 0.5000987, 0.5023941, 0.50201875, 0.5009484, 0.5022965, 0.5026208, 0.50339234, 0.50038433, 0.50053734, 0.50318754, 0.50539047, 0.5001723, 0.5011135, 0.5006878, 0.50243187, 0.50359344, 0.50635546, 0.5005281, 0.5025362, 0.50142777, 0.5001814, 0.5018793, 0.50217015, 0.5007226, 0.5080848, 0.50098616, 0.5035509, 0.50367594, 0.5027024, 0.50181854, 0.50189775, 0.50142556, 0.50339586, 0.50477916, 0.5004327, 0.50148386, 0.5015622, 0.50149953, 0.5004886, 0.50047475, 0.50063396, 0.5015141, 0.5027766, 0.5035592, 0.50133085, 0.5109949, 0.5104429, 0.51079446, 0.5104956, 0.5130494, 0.511032, 0.5102858, 0.51107734, 0.5113774, 0.51105535, 0.5114866, 0.5119982, 0.511242, 0.5118085, 0.5100575, 0.5134383, 0.5132649, 0.51156884, 0.51033103, 0.510881, 0.5107686, 0.5141282, 0.51279485, 0.51132023, 0.5128161, 0.5130668, 0.51243263, 0.5116949, 0.51196367, 0.5113577, 0.512335, 0.51211804, 0.51236176, 0.50972396, 0.5082584, 0.51236767, 0.51148295, 0.51093227, 0.5122267, 0.5114134, 0.5113372, 0.5129889, 0.51071185, 0.5127622, 0.51008517, 0.51102966, 0.51085055, 0.51204014, 0.5104773, 0.51340836, 0.5132338, 0.5136702, 0.5124983, 0.5114025, 0.51149845, 0.5116526, 0.5116837, 0.51144195, 0.5122841, 0.5132001, 0.50907284, 0.51282334, 0.51258373, 0.51201737, 0.51339954, 0.51333404, 0.5109111, 0.51128685, 0.51135427, 0.5105376, 0.51088446, 0.5124601, 0.51292783, 0.5121049, 0.51165575, 0.5122789, 0.50971574, 0.5127139, 0.5100956, 0.5109369, 0.51012695, 0.5108246, 0.51140136, 0.5112198, 0.5132127, 0.5124469, 0.5105292, 0.5095828, 0.5121623, 0.51178664, 0.51162106, 0.5134038, 0.51188546, 0.51202714, 0.51146835, 0.511373, 0.5100769, 0.51217055, 0.50978345, 0.51035273, 0.508697, 0.50890243, 0.511358, 0.51074755, 0.51206154, 0.5107904, 0.50954574, 0.5115483, 0.51087075, 0.50996256, 0.5098768, 0.51280123, 0.51246864, 0.51074195, 0.512342, 0.5123494, 0.51178795, 0.5122083, 0.5126033, 0.5127293, 0.51229453, 0.5110411, 0.5134491, 0.512924, 0.51277006, 0.51271415, 0.51212984, 0.51380885, 0.5103599, 0.51209223, 0.5126011, 0.51441693, 0.5118496, 0.5115528, 0.5110693, 0.5135647, 0.5103206, 0.51204574]
[0.5025756, 0.5028143, 0.50114447, 0.50138366, 0.5082401, 0.50986415, 0.5028556, 0.5013982, 0.5022708, 0.50175923, 0.50234497, 0.50110066, 0.50516593, 0.50918907, 0.50285554, 0.5016289, 0.5069574, 0.5070765, 0.501528, 0.50267375, 0.50121427, 0.5019718, 0.5051726, 0.50262713, 0.50263494, 0.50246733, 0.50267476, 0.50200015, 0.50144666, 0.50154394, 0.50340486, 0.50378335, 0.5039619, 0.50428826, 0.5029787, 0.50163275, 0.5022617, 0.50510013, 0.5019843, 0.50300837, 0.5011418, 0.5013736, 0.5050753, 0.5071679, 0.5020999, 0.5010779, 0.5031549, 0.50161666, 0.5013865, 0.50217843, 0.5014087, 0.5080173, 0.5026876, 0.5041614, 0.5052888, 0.5012197, 0.50100434, 0.50111634, 0.5013198, 0.50204986, 0.5039868, 0.5015768, 0.5025836, 0.5038568, 0.50109977, 0.50333655, 0.5033511, 0.5032449, 0.50309426, 0.5021659, 0.50272965, 0.50105697, 0.51034653, 0.5099129, 0.5097683, 0.5098497, 0.5117325, 0.5104404, 0.5103933, 0.5102194, 0.51069915, 0.51076794, 0.5107908, 0.5111784, 0.51040745, 0.5112747, 0.50992286, 0.5122978, 0.5119467, 0.5108519, 0.51033914, 0.5102099, 0.51011026, 0.5122939, 0.5112265, 0.51078564, 0.5119282, 0.51182383, 0.5116467, 0.5114055, 0.5114814, 0.51073724, 0.5113486, 0.5117835, 0.51142573, 0.5099506, 0.5088367, 0.5115746, 0.51087064, 0.51075745, 0.51134896, 0.51070106, 0.5106925, 0.5114941, 0.5100898, 0.5117436, 0.50975966, 0.5105076, 0.51028425, 0.5113462, 0.51024634, 0.51201683, 0.51196766, 0.51246226, 0.5116264, 0.5108711, 0.51090604, 0.51097846, 0.5109562, 0.5106177, 0.51124185, 0.51206064, 0.50956494, 0.51173913, 0.51192355, 0.51137227, 0.511856, 0.51230145, 0.5104432, 0.5110802, 0.51075196, 0.51023674, 0.51065713, 0.5114304, 0.5117453, 0.51154566, 0.5109621, 0.51138693, 0.5102176, 0.5114941, 0.51003873, 0.51048374, 0.5098357, 0.5104516, 0.5107311, 0.5110417, 0.51180184, 0.51148564, 0.50991535, 0.5099723, 0.51123106, 0.51164836, 0.5115481, 0.5122649, 0.5112323, 0.51129526, 0.510873, 0.51107156, 0.5099115, 0.5113509, 0.50964767, 0.51021487, 0.5091013, 0.5092693, 0.51087046, 0.5102296, 0.51142305, 0.5105777, 0.50994956, 0.510784, 0.5107845, 0.5098623, 0.5096731, 0.5117384, 0.51147, 0.5104021, 0.51145405, 0.5110117, 0.51058763, 0.5115194, 0.51156694, 0.51169324, 0.51164407, 0.5113764, 0.51188403, 0.51163965, 0.5118372, 0.511847, 0.5119317, 0.5124938, 0.5101373, 0.51121897, 0.51142323, 0.51305985, 0.5112545, 0.5115073, 0.511173, 0.51250875, 0.5100545, 0.5117033]
[0.502475, 0.5027199, 0.50202984, 0.5011882, 0.51168233, 0.5146344, 0.50362295, 0.5017717, 0.50012386, 0.5007675, 0.5021641, 0.5009997, 0.5063397, 0.51376766, 0.5033159, 0.50201225, 0.509443, 0.5095562, 0.5013856, 0.5023153, 0.501514, 0.5000024, 0.50622493, 0.50185657, 0.50258076, 0.50028753, 0.49986938, 0.49991134, 0.5018165, 0.5017761, 0.5046334, 0.50539, 0.5045489, 0.5052287, 0.50146157, 0.5000264, 0.50254136, 0.504836, 0.500269, 0.50208735, 0.50052303, 0.50197965, 0.5053473, 0.5107204, 0.50112194, 0.5016724, 0.50217175, 0.5009615, 0.50144637, 0.50212526, 0.5005429, 0.5115693, 0.5035048, 0.50695825, 0.50576735, 0.50183797, 0.50064284, 0.501431, 0.5002288, 0.50212824, 0.50362206, 0.50016284, 0.5008108, 0.5057443, 0.50121313, 0.50085527, 0.50396055, 0.50299525, 0.5015787, 0.5019827, 0.5029807, 0.50118536, 0.515698, 0.51446253, 0.51466805, 0.51480776, 0.51837456, 0.5166661, 0.51554644, 0.51577574, 0.51676077, 0.5164694, 0.5163346, 0.51679826, 0.5164881, 0.5174605, 0.51550984, 0.51938254, 0.5190039, 0.517239, 0.51639104, 0.5161277, 0.5159499, 0.51973504, 0.5169373, 0.5160139, 0.5183931, 0.5182481, 0.5181044, 0.5174072, 0.51815695, 0.5166713, 0.5176617, 0.5181157, 0.517403, 0.51588285, 0.5139895, 0.5183721, 0.51715976, 0.51725423, 0.517873, 0.5163585, 0.5161302, 0.5188958, 0.5150862, 0.51873577, 0.51473004, 0.5157496, 0.515878, 0.5173808, 0.5154855, 0.5188487, 0.5188685, 0.5195611, 0.51840794, 0.5162342, 0.5170124, 0.5173548, 0.5168185, 0.5165848, 0.51778215, 0.5193683, 0.5142217, 0.51869094, 0.518775, 0.5177251, 0.5192924, 0.51982075, 0.51628757, 0.5171073, 0.51637554, 0.5160299, 0.5157904, 0.51738185, 0.5180264, 0.5181788, 0.51738304, 0.5182345, 0.5159665, 0.5179973, 0.51490414, 0.51609075, 0.51442856, 0.51611185, 0.5168227, 0.51715577, 0.5187266, 0.5179758, 0.5151266, 0.5153425, 0.51757425, 0.5182362, 0.5185296, 0.5193317, 0.5169578, 0.5180826, 0.5169765, 0.51756287, 0.5153456, 0.51674604, 0.5146162, 0.5158064, 0.51457447, 0.51473284, 0.5171342, 0.51593304, 0.51831096, 0.5157527, 0.51518255, 0.51702845, 0.5170571, 0.51508343, 0.51497954, 0.51872087, 0.518009, 0.51649725, 0.5175835, 0.51650673, 0.51559985, 0.51827043, 0.5185746, 0.518264, 0.518238, 0.5176436, 0.51847464, 0.5179986, 0.5191216, 0.5177017, 0.5189338, 0.5204712, 0.51578754, 0.5170625, 0.51747763, 0.52085376, 0.51736, 0.51843923, 0.5172592, 0.5199748, 0.5154664, 0.51821446]
[0.5016599, 0.5018284, 0.50060576, 0.50010127, 0.50858927, 0.5104985, 0.50184476, 0.50098205, 0.5011892, 0.5009131, 0.50089043, 0.5004042, 0.50368464, 0.51006395, 0.50284916, 0.50035995, 0.5070168, 0.5072675, 0.50003815, 0.5011847, 0.5002769, 0.5017808, 0.50503975, 0.5024003, 0.50188416, 0.50190353, 0.5024917, 0.5015128, 0.50051457, 0.50031155, 0.50400645, 0.50462836, 0.5034356, 0.50472283, 0.50218254, 0.50146097, 0.5012497, 0.50321305, 0.5005904, 0.5022597, 0.501175, 0.50072485, 0.50424314, 0.5079688, 0.50249803, 0.50010264, 0.5033663, 0.5010312, 0.5002324, 0.5008878, 0.50094116, 0.50871086, 0.50312865, 0.50406116, 0.50378525, 0.5008053, 0.50001186, 0.4999953, 0.5009451, 0.50108737, 0.5026822, 0.50155294, 0.50228286, 0.50330925, 0.5003855, 0.5021483, 0.50291103, 0.5026855, 0.50180197, 0.50086224, 0.5019388, 0.49998426, 0.5113549, 0.5105854, 0.5105819, 0.5106989, 0.51274127, 0.5118997, 0.51112425, 0.5113267, 0.5114528, 0.5117004, 0.51180834, 0.5120997, 0.51112324, 0.5120575, 0.51083267, 0.5132737, 0.5128858, 0.51202255, 0.5115693, 0.5115138, 0.51113355, 0.5131935, 0.5121613, 0.5115938, 0.5128779, 0.5130084, 0.51236486, 0.51263005, 0.51265603, 0.51137453, 0.51246274, 0.51258653, 0.5120328, 0.51116365, 0.50971925, 0.51282716, 0.5119537, 0.51190615, 0.5121525, 0.51148874, 0.51162136, 0.5126597, 0.5107798, 0.5132362, 0.5107958, 0.51118255, 0.51115024, 0.51226884, 0.5108158, 0.51303184, 0.51303965, 0.51357013, 0.512565, 0.51163673, 0.51170254, 0.51199204, 0.5120728, 0.5115019, 0.5124671, 0.5134686, 0.510407, 0.51280195, 0.5127671, 0.51232064, 0.5132429, 0.51336896, 0.511635, 0.51158154, 0.51132816, 0.5113728, 0.51136273, 0.5120275, 0.51284575, 0.5125775, 0.51206994, 0.51240265, 0.5114973, 0.5127362, 0.51066643, 0.51101214, 0.510347, 0.5111469, 0.51180893, 0.5118177, 0.5130576, 0.5123113, 0.51108533, 0.511056, 0.5122256, 0.512762, 0.51273274, 0.513247, 0.51191497, 0.51241064, 0.511967, 0.51223916, 0.51104635, 0.5119556, 0.51074743, 0.51134247, 0.5100246, 0.5100786, 0.5121248, 0.5112552, 0.5125417, 0.5113823, 0.5105752, 0.51196235, 0.5117481, 0.5108161, 0.5104525, 0.51273704, 0.51254225, 0.51114833, 0.51226836, 0.51190454, 0.51147723, 0.512488, 0.51257324, 0.51282203, 0.51281846, 0.51231116, 0.5132605, 0.5126703, 0.5131674, 0.51289845, 0.51317376, 0.51383233, 0.5114677, 0.51203156, 0.5124463, 0.5140864, 0.5123932, 0.5125978, 0.5116566, 0.5137108, 0.5107948, 0.512812]
[0.5002728, 0.500349, 0.49960354, 0.5021226, 0.51461643, 0.5173059, 0.5029196, 0.49938297, 0.50312895, 0.5016328, 0.49928138, 0.50163317, 0.50999385, 0.51662946, 0.50443935, 0.4999031, 0.5117146, 0.5117851, 0.50016993, 0.5004534, 0.49976158, 0.5038707, 0.50911707, 0.50360626, 0.50459, 0.50363934, 0.5030489, 0.50238836, 0.5000197, 0.49972275, 0.50528646, 0.50733036, 0.50631416, 0.50737435, 0.50360143, 0.5015553, 0.50038546, 0.5025159, 0.5020239, 0.5044192, 0.5010109, 0.4994583, 0.50757813, 0.5125642, 0.5028342, 0.49977592, 0.50659204, 0.5022694, 0.49957347, 0.49976695, 0.50119317, 0.5141657, 0.50525254, 0.5081154, 0.5087115, 0.49946162, 0.49970633, 0.49931803, 0.49995565, 0.4999572, 0.50126755, 0.50132203, 0.5052608, 0.5063954, 0.5010486, 0.50588727, 0.503373, 0.50384593, 0.5043351, 0.50033647, 0.5008378, 0.49929598, 0.5184878, 0.51726705, 0.5179061, 0.5174626, 0.5206929, 0.5188343, 0.5183835, 0.5181199, 0.51850104, 0.5189704, 0.5198213, 0.5200099, 0.5184837, 0.52015924, 0.51743144, 0.5216134, 0.5211424, 0.5200084, 0.5191156, 0.5183508, 0.5177348, 0.52186686, 0.52041584, 0.51910114, 0.52108896, 0.5209522, 0.5203898, 0.5206872, 0.52100575, 0.51895034, 0.5195721, 0.5206621, 0.5202678, 0.5168745, 0.51517975, 0.52115065, 0.51930153, 0.5193995, 0.5199684, 0.5189266, 0.5195289, 0.52051544, 0.518382, 0.5209881, 0.51782095, 0.5186007, 0.5183577, 0.52067363, 0.51870173, 0.52138144, 0.52125144, 0.52199626, 0.52037513, 0.5194566, 0.5196718, 0.51927304, 0.5203951, 0.518528, 0.5196458, 0.5215593, 0.5157173, 0.52104735, 0.52122784, 0.51987433, 0.5211675, 0.5218271, 0.51840734, 0.51950645, 0.5193544, 0.51832515, 0.51887184, 0.5201936, 0.5213074, 0.5206166, 0.51968324, 0.52074325, 0.51834244, 0.52062094, 0.51738435, 0.5185497, 0.51782215, 0.51844037, 0.5194994, 0.5195391, 0.52136785, 0.52029115, 0.5180007, 0.5173534, 0.51980376, 0.52064186, 0.52065223, 0.52170104, 0.52018434, 0.52059567, 0.5195031, 0.5195145, 0.51709116, 0.5203728, 0.5168568, 0.51805216, 0.51693004, 0.51709765, 0.51948494, 0.518284, 0.520714, 0.5192238, 0.51727223, 0.51918006, 0.5188121, 0.51683277, 0.51693356, 0.52088755, 0.52053934, 0.51865315, 0.5206545, 0.5203437, 0.51978976, 0.52008426, 0.520099, 0.5208278, 0.5206962, 0.51987016, 0.52195317, 0.5210308, 0.52173126, 0.5215156, 0.5206081, 0.5224847, 0.5187412, 0.5196996, 0.5200745, 0.52348787, 0.52005374, 0.5207389, 0.51970893, 0.5222192, 0.51809984, 0.5199245]
[0.50142515, 0.5018974, 0.5014802, 0.5023854, 0.50655335, 0.5077691, 0.5033199, 0.50148284, 0.5029702, 0.50281024, 0.50180626, 0.50225013, 0.5045196, 0.50763434, 0.50438434, 0.50181633, 0.5058979, 0.5059668, 0.501546, 0.50200397, 0.5017141, 0.5032569, 0.50499696, 0.5039261, 0.503474, 0.5029677, 0.5031361, 0.50334466, 0.50147575, 0.5017545, 0.50428575, 0.5047449, 0.5043288, 0.50459445, 0.5038801, 0.5029085, 0.5016866, 0.5050335, 0.50214386, 0.50329983, 0.5025394, 0.50149906, 0.50371057, 0.50617504, 0.5033106, 0.50185394, 0.5040399, 0.5021183, 0.502258, 0.501589, 0.50218004, 0.5066511, 0.50404584, 0.5045942, 0.50450903, 0.5015309, 0.50226617, 0.5020958, 0.50282776, 0.50149405, 0.50384116, 0.5027866, 0.5034645, 0.5038331, 0.50228775, 0.5034103, 0.50382215, 0.50370264, 0.50275975, 0.50172055, 0.503452, 0.50165534, 0.50821817, 0.5076977, 0.5078502, 0.50794786, 0.5090631, 0.50833267, 0.5084508, 0.50820017, 0.5084121, 0.50853574, 0.508828, 0.5088576, 0.5082547, 0.50897974, 0.5082976, 0.50955105, 0.5093254, 0.5089627, 0.50883883, 0.5085152, 0.50819534, 0.50962853, 0.5089407, 0.5083908, 0.509485, 0.50936973, 0.50907546, 0.509183, 0.50950354, 0.50859857, 0.50900966, 0.50919634, 0.50879437, 0.5080916, 0.5075582, 0.5093628, 0.50879925, 0.50906396, 0.5086465, 0.5083084, 0.50844973, 0.5093764, 0.5084688, 0.5096322, 0.5080491, 0.508133, 0.5083027, 0.5089686, 0.5084389, 0.5092035, 0.50942624, 0.5097569, 0.5091658, 0.5085466, 0.5088996, 0.5087931, 0.50895673, 0.50857186, 0.5088209, 0.50970614, 0.50742763, 0.5095407, 0.50955516, 0.5091216, 0.5096255, 0.5096956, 0.50820047, 0.5086684, 0.50871986, 0.50854397, 0.5083509, 0.50893766, 0.5092609, 0.5091647, 0.5090051, 0.5096674, 0.50882703, 0.5090669, 0.508151, 0.5084064, 0.50797564, 0.5081753, 0.5087873, 0.5087659, 0.509518, 0.50916547, 0.50819725, 0.508216, 0.5090173, 0.50937265, 0.5094065, 0.50950265, 0.5091426, 0.5095174, 0.5090028, 0.50919205, 0.5081684, 0.5086337, 0.50793564, 0.50832295, 0.50800437, 0.5079433, 0.5087803, 0.50814724, 0.5094651, 0.5084806, 0.5078843, 0.50872755, 0.5088167, 0.508294, 0.5078083, 0.5092506, 0.50899726, 0.5085299, 0.5091602, 0.50868773, 0.5083898, 0.50918996, 0.5092691, 0.50922626, 0.5091995, 0.5094585, 0.50928026, 0.5093052, 0.5098647, 0.5093616, 0.50924444, 0.51005936, 0.50850844, 0.50897485, 0.5088113, 0.51034313, 0.50899905, 0.5095355, 0.5090521, 0.5099174, 0.5080262, 0.5091609]
[0.50068367, 0.5009962, 0.49980137, 0.5004842, 0.51138306, 0.51425755, 0.50100654, 0.50031614, 0.5026798, 0.5009821, 0.5007074, 0.49962026, 0.5076421, 0.51366067, 0.503854, 0.50018394, 0.5097393, 0.5103932, 0.5005812, 0.5007361, 0.5003744, 0.5003952, 0.50761294, 0.5024104, 0.5035503, 0.5020916, 0.5025055, 0.502053, 0.5006627, 0.500658, 0.50319296, 0.50576603, 0.50541615, 0.504712, 0.5042241, 0.5013393, 0.50055784, 0.50232273, 0.5010907, 0.5038111, 0.50020015, 0.50005263, 0.5047675, 0.5107629, 0.50086045, 0.50017995, 0.50090325, 0.4995555, 0.49984193, 0.50044006, 0.49951828, 0.5114756, 0.5031888, 0.5060896, 0.5065616, 0.5002346, 0.49953017, 0.5000247, 0.5019372, 0.500623, 0.5015751, 0.5000754, 0.5022825, 0.5050426, 0.50008297, 0.5016301, 0.5034928, 0.50405085, 0.5027022, 0.50063396, 0.50079274, 0.4996659, 0.51429164, 0.51328766, 0.5141018, 0.51374197, 0.51696557, 0.5145294, 0.5159982, 0.51474786, 0.5156848, 0.51555926, 0.5163963, 0.51633155, 0.51549333, 0.51676166, 0.51527196, 0.518091, 0.5183154, 0.5158527, 0.51628095, 0.5154773, 0.5149943, 0.51806533, 0.5166678, 0.515321, 0.5183413, 0.51722336, 0.5172332, 0.51670194, 0.5166492, 0.5153144, 0.5169783, 0.51663715, 0.51658046, 0.514181, 0.5137627, 0.51707065, 0.515908, 0.51648843, 0.5160456, 0.51473093, 0.515589, 0.5173453, 0.51537883, 0.5171235, 0.5138519, 0.5148425, 0.5147049, 0.51635456, 0.5154122, 0.517154, 0.5174399, 0.5183937, 0.5174143, 0.5158911, 0.51621455, 0.516529, 0.5155968, 0.5156592, 0.51646644, 0.51793915, 0.51365626, 0.51800394, 0.51755106, 0.5172178, 0.5180829, 0.51798254, 0.5145767, 0.51635987, 0.51582396, 0.51534534, 0.51618505, 0.5166298, 0.517185, 0.51726526, 0.5166213, 0.517825, 0.5155749, 0.5170964, 0.51512223, 0.515692, 0.5146424, 0.51527596, 0.51570016, 0.51590645, 0.5173213, 0.51689285, 0.5149535, 0.5148018, 0.5164599, 0.5171662, 0.51659405, 0.51838213, 0.5173908, 0.5174018, 0.5162132, 0.51705927, 0.515279, 0.51555824, 0.51435196, 0.5156208, 0.51420236, 0.5142151, 0.51589817, 0.51418793, 0.5177859, 0.51518893, 0.51390076, 0.51612425, 0.51609975, 0.51453626, 0.5137638, 0.517488, 0.5171046, 0.51529676, 0.5166603, 0.51571256, 0.51486975, 0.51717466, 0.5176579, 0.51705843, 0.5168035, 0.51711607, 0.5178939, 0.51668096, 0.51794857, 0.51687354, 0.5175895, 0.5188708, 0.5156241, 0.51637137, 0.51705605, 0.51912403, 0.51642907, 0.5175046, 0.5168342, 0.51850474, 0.5141398, 0.5176672]
[0.50152755, 0.50151324, 0.5002673, 0.5017015, 0.5139711, 0.5170278, 0.5034832, 0.5013946, 0.5036771, 0.50306624, 0.500371, 0.50091803, 0.5078569, 0.5165931, 0.5050205, 0.5004239, 0.511408, 0.51205134, 0.5005968, 0.5007668, 0.50053096, 0.505286, 0.50901264, 0.5052471, 0.50440025, 0.5055962, 0.5047587, 0.50352234, 0.5009841, 0.50026864, 0.50794816, 0.5086085, 0.50700146, 0.5078001, 0.50508094, 0.5034074, 0.5005738, 0.50353926, 0.50273705, 0.50511855, 0.50271356, 0.5004658, 0.50699127, 0.512468, 0.50436896, 0.5003939, 0.5068731, 0.50281185, 0.50041497, 0.5008369, 0.501294, 0.5143672, 0.5058391, 0.50810874, 0.50785357, 0.5003393, 0.500425, 0.5006194, 0.5030966, 0.5007607, 0.5026806, 0.50399256, 0.5063434, 0.5065143, 0.5006805, 0.50450575, 0.5054399, 0.50510746, 0.5036526, 0.500776, 0.5024052, 0.5003617, 0.5175972, 0.5163078, 0.51669216, 0.51711524, 0.520452, 0.5182521, 0.5175962, 0.5180588, 0.5182791, 0.5188615, 0.5197475, 0.5192875, 0.51797146, 0.5198056, 0.5175965, 0.5209741, 0.52099705, 0.51947737, 0.5184793, 0.51868755, 0.5181172, 0.52166605, 0.520109, 0.51862705, 0.5210146, 0.5206437, 0.5196902, 0.52053845, 0.52016324, 0.5183865, 0.51978695, 0.52009374, 0.51975554, 0.5172429, 0.5158784, 0.52065873, 0.5192241, 0.51935416, 0.5188874, 0.5180867, 0.5186985, 0.5202879, 0.51840895, 0.5209747, 0.5175729, 0.5178403, 0.5181128, 0.5198527, 0.51794386, 0.520488, 0.52092266, 0.52206427, 0.520399, 0.519239, 0.51923656, 0.5190426, 0.5197604, 0.518974, 0.51955736, 0.5216217, 0.5158021, 0.52055377, 0.52076435, 0.519787, 0.52111685, 0.52120286, 0.5179334, 0.5191813, 0.51890105, 0.5189401, 0.5186734, 0.5195776, 0.5205826, 0.52058893, 0.519552, 0.52046597, 0.5184519, 0.52054244, 0.51751775, 0.51799244, 0.5172438, 0.51798654, 0.5193183, 0.5190731, 0.5211677, 0.51970065, 0.5181349, 0.5174381, 0.51986474, 0.5199359, 0.52050793, 0.52106345, 0.5196523, 0.52040696, 0.51979816, 0.5194976, 0.5175542, 0.5191914, 0.517546, 0.5185081, 0.5163366, 0.51649433, 0.5189717, 0.5181166, 0.52028435, 0.5187584, 0.51705813, 0.51887506, 0.518461, 0.5173227, 0.51684314, 0.52068406, 0.51990867, 0.5185038, 0.51989377, 0.5195743, 0.5187542, 0.52024364, 0.5202451, 0.52057016, 0.52034724, 0.5195959, 0.5214075, 0.5209993, 0.52101874, 0.5204713, 0.52036, 0.52232426, 0.51909846, 0.52010375, 0.5199879, 0.5225275, 0.5197929, 0.5203825, 0.51903176, 0.5213372, 0.517644, 0.5200948]
[0.5024893, 0.50298446, 0.50095296, 0.50226897, 0.5116355, 0.5138602, 0.50407207, 0.50216883, 0.5037045, 0.5018204, 0.5021481, 0.50074095, 0.50816435, 0.5133697, 0.50502276, 0.502199, 0.50946456, 0.50958765, 0.502408, 0.50293624, 0.5021513, 0.50351036, 0.5081549, 0.50351703, 0.50558627, 0.50336975, 0.5027482, 0.50284225, 0.5023968, 0.502208, 0.50437164, 0.5073926, 0.50660866, 0.5066384, 0.5046516, 0.5014115, 0.5027473, 0.50560886, 0.50183743, 0.5049646, 0.5016169, 0.501421, 0.5064296, 0.51040524, 0.50297666, 0.5022661, 0.5071313, 0.5018884, 0.5008122, 0.5018715, 0.5008314, 0.51141995, 0.5044965, 0.50702834, 0.50716954, 0.50117624, 0.50064296, 0.5006157, 0.500134, 0.5025038, 0.5044549, 0.5015772, 0.5043791, 0.5062764, 0.50057304, 0.50304693, 0.50496924, 0.50422126, 0.503583, 0.502595, 0.50348717, 0.5011667, 0.51449764, 0.51350933, 0.51391363, 0.51390874, 0.5162313, 0.5143182, 0.515097, 0.5141602, 0.5144449, 0.5150472, 0.5158687, 0.5157896, 0.5148992, 0.51614535, 0.51397574, 0.5173363, 0.5170377, 0.515429, 0.5152634, 0.5146921, 0.5139631, 0.51746005, 0.51637286, 0.5149227, 0.5170007, 0.516655, 0.5165279, 0.51616496, 0.51639843, 0.51518065, 0.5157607, 0.51637197, 0.51572543, 0.51355946, 0.51246583, 0.5166323, 0.5152872, 0.5156024, 0.51545274, 0.51463234, 0.5153582, 0.5161223, 0.514839, 0.51660293, 0.5142459, 0.5148745, 0.5143729, 0.51625526, 0.5142453, 0.5166388, 0.51699585, 0.5174225, 0.5162537, 0.51521796, 0.5154688, 0.5154975, 0.51592356, 0.5147334, 0.51543874, 0.51699305, 0.51260614, 0.51679957, 0.51673615, 0.51619154, 0.5170616, 0.5173168, 0.514362, 0.5151868, 0.51493543, 0.5140128, 0.5156571, 0.515856, 0.51650393, 0.51626176, 0.5154014, 0.51672006, 0.51444614, 0.5162318, 0.51425385, 0.51461345, 0.51405334, 0.51463443, 0.51539063, 0.51560605, 0.51725614, 0.51601994, 0.5142931, 0.5141512, 0.5159589, 0.51633936, 0.5163133, 0.51739883, 0.5159008, 0.516512, 0.51570964, 0.5156903, 0.51389694, 0.5162276, 0.5137624, 0.5146668, 0.5133031, 0.5137176, 0.5153917, 0.514194, 0.51615196, 0.51505744, 0.51349247, 0.51525307, 0.5150743, 0.51375186, 0.5134366, 0.51652366, 0.5163505, 0.5149552, 0.51663595, 0.5163499, 0.51564336, 0.5161184, 0.5159746, 0.5163333, 0.5159672, 0.51580423, 0.5176159, 0.5167055, 0.5172122, 0.5168446, 0.51652265, 0.5178892, 0.51461524, 0.5158281, 0.5159956, 0.5187572, 0.5151869, 0.5159693, 0.51588494, 0.5171899, 0.5138459, 0.51603514]
[0.5018779, 0.50263196, 0.50185513, 0.5018958, 0.50336814, 0.5037249, 0.5022815, 0.5018733, 0.50228715, 0.502183, 0.50176996, 0.5020625, 0.5027032, 0.50344265, 0.5023402, 0.50174576, 0.5030378, 0.50301605, 0.50197303, 0.502238, 0.5019458, 0.50220335, 0.5025929, 0.50238323, 0.5024202, 0.50227696, 0.5021535, 0.502272, 0.50189817, 0.5020057, 0.5026716, 0.5024679, 0.50239915, 0.5023993, 0.50237983, 0.50213104, 0.5017622, 0.5063215, 0.5021023, 0.50233155, 0.5020163, 0.501871, 0.5024852, 0.5031141, 0.50227994, 0.50195044, 0.5023138, 0.5019501, 0.50194913, 0.5017659, 0.5020364, 0.5032928, 0.5023473, 0.5024954, 0.50255954, 0.5018609, 0.5020113, 0.50189, 0.50213915, 0.501765, 0.5049382, 0.50200033, 0.50213313, 0.5025953, 0.5020249, 0.50228465, 0.50246304, 0.50235766, 0.5022393, 0.5018956, 0.5034523, 0.50197107, 0.50370425, 0.5036245, 0.5036487, 0.5036393, 0.504166, 0.5038523, 0.5036813, 0.5038464, 0.5040315, 0.5039342, 0.5039967, 0.50390446, 0.50387233, 0.5040454, 0.50368816, 0.5042297, 0.50425637, 0.5039838, 0.5037219, 0.5037587, 0.5037584, 0.5043091, 0.5039081, 0.5038249, 0.50417453, 0.5041272, 0.5041525, 0.5041232, 0.50406903, 0.5039478, 0.5039849, 0.5041965, 0.50413626, 0.50380355, 0.5035602, 0.5040907, 0.50405324, 0.5039074, 0.5040531, 0.5038556, 0.5038859, 0.50420856, 0.5037106, 0.5041873, 0.5037035, 0.5038709, 0.5038133, 0.5039998, 0.5038345, 0.50414497, 0.5041925, 0.5044081, 0.5041118, 0.5038987, 0.50395244, 0.504036, 0.50379735, 0.5039191, 0.5039824, 0.504263, 0.5036874, 0.50414544, 0.5042346, 0.5039901, 0.5041555, 0.5042623, 0.50390553, 0.504114, 0.5039036, 0.50396323, 0.5037347, 0.50392514, 0.5040281, 0.5041276, 0.503921, 0.50398666, 0.50385547, 0.5040717, 0.5036203, 0.50383896, 0.5036922, 0.5037474, 0.50381714, 0.50393, 0.5040913, 0.50403035, 0.50363195, 0.5036805, 0.5040638, 0.50411785, 0.50420755, 0.5042559, 0.5039611, 0.5041141, 0.5039227, 0.503997, 0.5037086, 0.50395054, 0.503582, 0.5037169, 0.5035726, 0.50355893, 0.5039657, 0.503799, 0.5040482, 0.5038579, 0.50381136, 0.5039077, 0.5039529, 0.5036388, 0.50369906, 0.5041986, 0.504046, 0.50389546, 0.5039951, 0.5037997, 0.50366896, 0.50415576, 0.50412536, 0.50408924, 0.5042147, 0.50411433, 0.5039971, 0.5041203, 0.5042712, 0.5040723, 0.5042255, 0.50434214, 0.50369215, 0.50398844, 0.5039928, 0.50443476, 0.5040586, 0.50419414, 0.50402904, 0.5043602, 0.5038167, 0.50417197]
[0.5003012, 0.50050014, 0.49951065, 0.50082165, 0.5111896, 0.51375043, 0.499613, 0.50021875, 0.50183606, 0.5009961, 0.5000569, 0.50007665, 0.5071113, 0.51326734, 0.5013973, 0.5004368, 0.5095084, 0.5097311, 0.500042, 0.50053495, 0.49985805, 0.5016506, 0.5062841, 0.5023859, 0.5039245, 0.5023659, 0.5021609, 0.5009173, 0.50076246, 0.5006434, 0.5014044, 0.5046946, 0.50492656, 0.5041049, 0.50267327, 0.5002405, 0.50030655, 0.50196505, 0.4998364, 0.5018145, 0.500247, 0.49984324, 0.50331837, 0.509739, 0.5004676, 0.49992156, 0.5019522, 0.4997823, 0.4994563, 0.49996352, 0.49947116, 0.5113658, 0.5025074, 0.50345933, 0.50481516, 0.5002665, 0.49977294, 0.49977502, 0.4996288, 0.5004487, 0.50141, 0.49980596, 0.5026441, 0.50334203, 0.49953416, 0.50042593, 0.503496, 0.50361407, 0.50081843, 0.50030535, 0.5012038, 0.50012225, 0.514146, 0.51322776, 0.51347864, 0.5137872, 0.51665455, 0.5141986, 0.5148151, 0.514614, 0.5150944, 0.51563066, 0.5159951, 0.5162221, 0.5154139, 0.5166228, 0.51448536, 0.5180952, 0.51814157, 0.51489264, 0.51561433, 0.515007, 0.51480454, 0.518407, 0.5169334, 0.51558506, 0.51839733, 0.5173359, 0.5169413, 0.5171549, 0.51680136, 0.51544994, 0.516393, 0.5162725, 0.5163511, 0.51357734, 0.5125182, 0.5170701, 0.5159143, 0.51583785, 0.5163221, 0.51515776, 0.51572907, 0.51687473, 0.51609874, 0.5173426, 0.51414835, 0.514755, 0.51472753, 0.516904, 0.515329, 0.5175108, 0.5178175, 0.5188551, 0.5174256, 0.5158158, 0.5157327, 0.516104, 0.516498, 0.51523036, 0.51606345, 0.5180142, 0.51343393, 0.51711124, 0.518088, 0.51647973, 0.5173834, 0.5177133, 0.51428926, 0.5160207, 0.5162123, 0.5148055, 0.5158898, 0.5164632, 0.5170248, 0.51670086, 0.516441, 0.51770097, 0.51508844, 0.51737475, 0.5151149, 0.5152197, 0.51451784, 0.5149994, 0.51572686, 0.5160471, 0.51751834, 0.5163371, 0.5145602, 0.5141429, 0.51609415, 0.5167975, 0.51693344, 0.5181042, 0.5165112, 0.517004, 0.51615435, 0.51639897, 0.5138194, 0.5165665, 0.51364374, 0.51518315, 0.51299554, 0.5133336, 0.515742, 0.51445514, 0.5171031, 0.5159078, 0.5134956, 0.5155437, 0.5153554, 0.51416, 0.5132753, 0.51754135, 0.51732934, 0.5158689, 0.5171389, 0.51662093, 0.51578283, 0.5172142, 0.5174462, 0.51657945, 0.51686686, 0.5166515, 0.5188825, 0.5171481, 0.51767707, 0.51780045, 0.51751995, 0.5188895, 0.51509356, 0.5161294, 0.51671696, 0.5190514, 0.5153884, 0.5168616, 0.5157823, 0.5178216, 0.5140461, 0.5169818]
[0.5002085, 0.5004489, 0.5000269, 0.501735, 0.5129718, 0.51534754, 0.5031232, 0.49948853, 0.5031228, 0.5022398, 0.49999845, 0.50220555, 0.5088685, 0.51473373, 0.5052659, 0.499703, 0.51034486, 0.510714, 0.4997317, 0.5011347, 0.4997614, 0.504116, 0.5079934, 0.5045505, 0.50581104, 0.5033615, 0.5041716, 0.50324297, 0.49989507, 0.49955657, 0.5063605, 0.5079976, 0.5071128, 0.5072892, 0.50487715, 0.50285, 0.5005111, 0.50340766, 0.5022357, 0.505124, 0.5015874, 0.49963054, 0.5067684, 0.511327, 0.50303155, 0.4996371, 0.50637233, 0.5017515, 0.5004742, 0.4999609, 0.50178677, 0.5128744, 0.5046563, 0.5072502, 0.50788707, 0.49972376, 0.5010678, 0.5001688, 0.5018029, 0.5002496, 0.5022945, 0.50198966, 0.5043173, 0.50640506, 0.5004827, 0.50377643, 0.50446427, 0.50479865, 0.5042264, 0.49999273, 0.50110185, 0.4997056, 0.5163503, 0.51551485, 0.51574093, 0.5157576, 0.51893777, 0.5164559, 0.5168788, 0.5166534, 0.51694363, 0.5169994, 0.5175732, 0.5178066, 0.51708204, 0.5181665, 0.5157389, 0.5195059, 0.5192852, 0.5175324, 0.5166581, 0.51700443, 0.51643485, 0.52006626, 0.5183478, 0.51695794, 0.519306, 0.51876336, 0.51839626, 0.51846665, 0.5185627, 0.51737344, 0.5181512, 0.51858205, 0.5182711, 0.51584446, 0.51396954, 0.5185866, 0.5175566, 0.5176608, 0.51777124, 0.5167048, 0.51721036, 0.5192412, 0.51656103, 0.518932, 0.5155778, 0.5165865, 0.51637465, 0.5184074, 0.51635873, 0.51911426, 0.5192944, 0.5201737, 0.51881456, 0.5173406, 0.51766187, 0.51766837, 0.5175759, 0.51715326, 0.51768625, 0.5194316, 0.51443267, 0.51926905, 0.5190834, 0.5177518, 0.51899457, 0.51954466, 0.51637083, 0.51791006, 0.51715726, 0.5168343, 0.5168459, 0.5181581, 0.5188487, 0.5183817, 0.517814, 0.51901615, 0.51678866, 0.5186544, 0.51564896, 0.5165452, 0.515849, 0.5169615, 0.51752406, 0.517894, 0.51929665, 0.51843566, 0.5160548, 0.515958, 0.5177505, 0.51842403, 0.51846045, 0.519517, 0.51816565, 0.51905984, 0.518027, 0.5178508, 0.5159043, 0.5176671, 0.5153032, 0.51623183, 0.51501036, 0.5151694, 0.51747406, 0.5162698, 0.51849586, 0.51726216, 0.5158666, 0.5172295, 0.5171381, 0.5155595, 0.51505834, 0.5190503, 0.518561, 0.5169217, 0.51831603, 0.518061, 0.5169426, 0.5183573, 0.5185998, 0.5186306, 0.51816344, 0.5181569, 0.51949066, 0.5189053, 0.51915526, 0.5189719, 0.51884526, 0.52047217, 0.5167161, 0.51800895, 0.5182491, 0.5209273, 0.5179836, 0.5188043, 0.51791376, 0.51996267, 0.5159623, 0.5182043]
[0.5019254, 0.5020765, 0.50055176, 0.5029661, 0.5111074, 0.51236266, 0.50159776, 0.5015137, 0.50236076, 0.5010738, 0.5006162, 0.50209975, 0.50769776, 0.5127418, 0.5045708, 0.5014294, 0.5092014, 0.50904953, 0.5009454, 0.50239676, 0.50156623, 0.5031864, 0.5073186, 0.5024914, 0.50524724, 0.50296646, 0.5034991, 0.5020981, 0.5022192, 0.5013165, 0.5038012, 0.5075644, 0.5071953, 0.50707686, 0.5038984, 0.50198185, 0.50212914, 0.50498927, 0.50176436, 0.50393534, 0.5011819, 0.50129175, 0.5059384, 0.5094737, 0.50219333, 0.5013904, 0.50541615, 0.5014099, 0.5010363, 0.5007259, 0.5015595, 0.51126444, 0.50334644, 0.5069042, 0.50711143, 0.50072205, 0.50107867, 0.50067115, 0.50048274, 0.501269, 0.5033714, 0.5017815, 0.5047384, 0.5051013, 0.5008765, 0.5034839, 0.50399977, 0.50319654, 0.5024987, 0.5010184, 0.50257033, 0.50028616, 0.5132503, 0.5125119, 0.5132196, 0.5132249, 0.515296, 0.51353675, 0.51357746, 0.5136278, 0.5137, 0.51402915, 0.51444685, 0.5147574, 0.51391566, 0.515108, 0.5130705, 0.51582146, 0.5155788, 0.5139778, 0.51383084, 0.51370406, 0.51353484, 0.51624906, 0.5152025, 0.5139075, 0.51582366, 0.5151129, 0.5151242, 0.51460105, 0.5147972, 0.5142964, 0.5143077, 0.51483107, 0.5147461, 0.51250577, 0.5114368, 0.51538444, 0.5143495, 0.5138336, 0.51452893, 0.5138647, 0.51417464, 0.5152595, 0.514042, 0.51549804, 0.5131858, 0.513504, 0.51318556, 0.5151759, 0.5133304, 0.5155726, 0.51550436, 0.5159754, 0.5152654, 0.51430064, 0.51428366, 0.5140075, 0.5150955, 0.51402855, 0.51462144, 0.5159212, 0.51153207, 0.5155127, 0.5157628, 0.51476985, 0.51556045, 0.51607907, 0.5131763, 0.51399237, 0.51428354, 0.5135216, 0.51404226, 0.5149872, 0.51540774, 0.5149579, 0.5145777, 0.51566184, 0.5130297, 0.51521146, 0.51312554, 0.5133394, 0.51293933, 0.5137201, 0.51441246, 0.51467717, 0.5156511, 0.5152396, 0.5132747, 0.51298237, 0.51453733, 0.5148046, 0.51505846, 0.5159409, 0.5148244, 0.51502514, 0.51476747, 0.5143957, 0.51231897, 0.5149176, 0.5126969, 0.5131991, 0.51248765, 0.5128634, 0.51399076, 0.5131367, 0.51512307, 0.5140385, 0.5122295, 0.5141749, 0.5136435, 0.5128644, 0.5122094, 0.5153973, 0.51528794, 0.51412094, 0.51560366, 0.51512533, 0.5146014, 0.51504207, 0.51524204, 0.5149521, 0.51490855, 0.51449406, 0.51650804, 0.5155276, 0.5156068, 0.5155328, 0.51498204, 0.5164922, 0.5132694, 0.5149381, 0.51495516, 0.5172524, 0.51416403, 0.514923, 0.5143279, 0.5163141, 0.51353383, 0.51464015]
[0.5013093, 0.5018478, 0.50036776, 0.5003638, 0.51113534, 0.513946, 0.5019094, 0.5014426, 0.50202507, 0.5019402, 0.50117093, 0.5001906, 0.5049946, 0.5130673, 0.5031485, 0.5010797, 0.5084275, 0.5089558, 0.50066805, 0.50201195, 0.5008532, 0.501894, 0.5058101, 0.5036777, 0.5023289, 0.5025398, 0.502423, 0.5019908, 0.50138384, 0.50052524, 0.5046786, 0.50494057, 0.50443494, 0.50476056, 0.5033349, 0.50166637, 0.5014626, 0.5047682, 0.50076306, 0.502708, 0.50100523, 0.50046635, 0.5041216, 0.5100064, 0.50274026, 0.50046235, 0.50328094, 0.50022566, 0.50011617, 0.5007681, 0.5004384, 0.510954, 0.5029744, 0.50469404, 0.5050688, 0.50075614, 0.5001694, 0.499908, 0.5018916, 0.50134194, 0.5033966, 0.50132483, 0.5025209, 0.50359505, 0.5003894, 0.5026781, 0.50312144, 0.50267816, 0.5021383, 0.5014995, 0.5030714, 0.5005432, 0.51462126, 0.51304287, 0.51328194, 0.5137943, 0.51666176, 0.51479167, 0.5149286, 0.5143488, 0.51529163, 0.51525885, 0.51583093, 0.5160816, 0.5148105, 0.5161779, 0.51471376, 0.51770484, 0.51774156, 0.51610976, 0.51512444, 0.51512897, 0.5143942, 0.5176274, 0.5161601, 0.51511425, 0.51753175, 0.5171382, 0.5164686, 0.5168335, 0.51661897, 0.5147267, 0.5162832, 0.51679146, 0.5163181, 0.51406956, 0.5129161, 0.51694125, 0.51586056, 0.5160877, 0.5157428, 0.51489365, 0.51548654, 0.5168575, 0.51490676, 0.51737624, 0.514113, 0.51458865, 0.5147957, 0.5164348, 0.5148821, 0.5171344, 0.517433, 0.51831967, 0.51699615, 0.51575977, 0.515925, 0.5156897, 0.51621675, 0.5150952, 0.5158944, 0.5177406, 0.5133493, 0.5175068, 0.5170155, 0.5166181, 0.51753014, 0.5180528, 0.5144908, 0.51561064, 0.51558745, 0.51535124, 0.5151165, 0.5164408, 0.5172409, 0.51669085, 0.51617694, 0.5172054, 0.51491606, 0.5171335, 0.5144403, 0.5151387, 0.51421046, 0.51454103, 0.5157665, 0.51579505, 0.51741076, 0.5165413, 0.51446766, 0.51467717, 0.516326, 0.5170962, 0.5170288, 0.51745254, 0.51625675, 0.5171019, 0.51594955, 0.5164683, 0.5142399, 0.5154397, 0.5138125, 0.5148727, 0.5135627, 0.5136804, 0.515865, 0.5144493, 0.5169981, 0.51525384, 0.51385957, 0.51595265, 0.515739, 0.5140331, 0.51351357, 0.5172441, 0.5163653, 0.5149611, 0.5163627, 0.5155235, 0.5147688, 0.51688695, 0.51694363, 0.51700336, 0.51658034, 0.5168127, 0.5172214, 0.5172206, 0.5178464, 0.5167628, 0.51731, 0.5186347, 0.51517, 0.5160986, 0.51647216, 0.519225, 0.5165231, 0.5170685, 0.5158487, 0.51786757, 0.51418537, 0.5168653]
[0.5005838, 0.5009236, 0.49974936, 0.50087136, 0.5105271, 0.5134363, 0.50154424, 0.50156903, 0.50346303, 0.5020104, 0.50054157, 0.5001452, 0.50679857, 0.51267517, 0.50399804, 0.50081736, 0.5098269, 0.5100254, 0.50129044, 0.50164825, 0.5011171, 0.5021583, 0.5075182, 0.50291485, 0.50421834, 0.5026194, 0.50126404, 0.503064, 0.501482, 0.5013106, 0.50337565, 0.5065198, 0.5046371, 0.5047833, 0.5032676, 0.50020206, 0.5015812, 0.5035352, 0.4999256, 0.5026444, 0.50136405, 0.50079185, 0.50409514, 0.51020396, 0.50133646, 0.5012657, 0.5012135, 0.5009161, 0.49981898, 0.5005835, 0.50028175, 0.5107459, 0.50360745, 0.50667405, 0.5058638, 0.50126755, 0.5000863, 0.50064945, 0.50146276, 0.5009128, 0.50236166, 0.50096005, 0.50213546, 0.5039027, 0.50021803, 0.50209373, 0.50379264, 0.5043779, 0.50114226, 0.5010072, 0.502363, 0.50078285, 0.51382077, 0.5126374, 0.51329076, 0.5136399, 0.51642424, 0.51353616, 0.5142249, 0.5140102, 0.51431525, 0.5146769, 0.5152695, 0.5155955, 0.51438206, 0.51552093, 0.5144098, 0.5169241, 0.51686245, 0.5149096, 0.5147156, 0.51472104, 0.5144974, 0.5170178, 0.5154034, 0.51463044, 0.51702076, 0.5161722, 0.5162576, 0.5154946, 0.51603585, 0.5148739, 0.51596063, 0.51586235, 0.5152428, 0.51376516, 0.51255935, 0.5159915, 0.5149528, 0.5151719, 0.51546526, 0.51474464, 0.5146532, 0.5164269, 0.5147025, 0.51649725, 0.5133352, 0.51392365, 0.51413965, 0.5156863, 0.51414126, 0.5166372, 0.5167021, 0.5175043, 0.51655644, 0.5148224, 0.51527065, 0.51543254, 0.5151041, 0.5148581, 0.5155362, 0.5170103, 0.51296186, 0.5170032, 0.51663786, 0.5160006, 0.5169737, 0.5173462, 0.5138791, 0.5152513, 0.5146958, 0.5142124, 0.5148297, 0.5159253, 0.5160514, 0.51573104, 0.5156074, 0.516596, 0.51444113, 0.5162622, 0.5142754, 0.5142261, 0.51360536, 0.5141778, 0.5148608, 0.5148231, 0.5167897, 0.5156436, 0.5139392, 0.51394045, 0.5157483, 0.5163428, 0.51599556, 0.5169271, 0.5156036, 0.51649106, 0.5152131, 0.5159509, 0.5136325, 0.51462704, 0.51318973, 0.5144336, 0.51336336, 0.5134092, 0.5155935, 0.51423305, 0.51642424, 0.5143431, 0.5133303, 0.51521736, 0.51493067, 0.51378596, 0.51310956, 0.5160219, 0.51586634, 0.5144605, 0.51543087, 0.5149699, 0.5141843, 0.51615465, 0.5169072, 0.5160603, 0.5155586, 0.5164213, 0.5164143, 0.5158243, 0.51717603, 0.5159276, 0.51664895, 0.51778585, 0.51432085, 0.5155706, 0.51579505, 0.51835805, 0.51518255, 0.5158266, 0.51562554, 0.5170814, 0.51352185, 0.51623815]
[0.50292677, 0.50342155, 0.5020377, 0.50121385, 0.5122016, 0.5144687, 0.50462914, 0.5021765, 0.50212026, 0.50121343, 0.5025434, 0.5011846, 0.50698996, 0.5141135, 0.50598806, 0.5016652, 0.50936395, 0.50971067, 0.50199443, 0.50301546, 0.5022517, 0.5020225, 0.50834346, 0.50287735, 0.5052489, 0.5030728, 0.5022703, 0.5032495, 0.5017368, 0.5019555, 0.5058817, 0.50706136, 0.50685143, 0.50735706, 0.5026478, 0.5016856, 0.5026069, 0.50580066, 0.5020547, 0.5047931, 0.50115585, 0.5019193, 0.5078364, 0.5107259, 0.50366724, 0.50204057, 0.5069075, 0.50304425, 0.50118, 0.5019844, 0.50098985, 0.51184595, 0.50453156, 0.50787115, 0.50642735, 0.5010088, 0.50056213, 0.5006609, 0.50056505, 0.5023615, 0.5044942, 0.5024261, 0.5043312, 0.5065792, 0.50054485, 0.50265765, 0.5041176, 0.503778, 0.5050454, 0.50246114, 0.50308084, 0.50091404, 0.5160623, 0.5144009, 0.5151039, 0.5150889, 0.51755923, 0.51625097, 0.515477, 0.51535124, 0.51565486, 0.5164399, 0.51595724, 0.516618, 0.5152226, 0.5171017, 0.5146707, 0.51855624, 0.5177389, 0.5167301, 0.5156406, 0.51583517, 0.5151274, 0.5185081, 0.5168442, 0.5158546, 0.51758903, 0.5177616, 0.51705617, 0.51667786, 0.5173555, 0.5158212, 0.5167781, 0.5175079, 0.5164063, 0.5151019, 0.5131613, 0.5179068, 0.51620215, 0.5163236, 0.51659787, 0.5154469, 0.51607126, 0.51777905, 0.5149188, 0.51789516, 0.51498413, 0.51588607, 0.51563704, 0.51703054, 0.5143971, 0.51807076, 0.5179231, 0.5183714, 0.5169714, 0.51559585, 0.51644367, 0.51616585, 0.5170254, 0.5154746, 0.5169274, 0.5179967, 0.5131206, 0.51742905, 0.5172459, 0.5171968, 0.5187053, 0.5187851, 0.5161185, 0.51572454, 0.5156138, 0.5153723, 0.51563984, 0.51645386, 0.5176401, 0.51735395, 0.5161996, 0.5171352, 0.51576555, 0.5173759, 0.51442516, 0.5152077, 0.51399505, 0.51549256, 0.5160495, 0.51608944, 0.5180159, 0.51733166, 0.5153863, 0.51523215, 0.5169136, 0.51733917, 0.51749283, 0.5182483, 0.516181, 0.51731, 0.5164146, 0.51649106, 0.51480633, 0.5168907, 0.51479197, 0.51535165, 0.51423293, 0.51434773, 0.5165647, 0.5154234, 0.51710206, 0.5150538, 0.51401705, 0.516309, 0.516159, 0.51444995, 0.5146243, 0.5176742, 0.51724833, 0.5156239, 0.51724577, 0.51688904, 0.5161203, 0.51730764, 0.5176143, 0.5177476, 0.5176104, 0.51653105, 0.5184485, 0.51757514, 0.51820546, 0.5176308, 0.5173375, 0.5190812, 0.51525456, 0.51643425, 0.5168775, 0.51983273, 0.516483, 0.5168262, 0.5163038, 0.51849324, 0.5149352, 0.51691115]
[0.50368935, 0.50423354, 0.50263536, 0.5012375, 0.5086443, 0.51050454, 0.50132024, 0.5033134, 0.5019703, 0.50149727, 0.5036982, 0.5009802, 0.5051825, 0.5101259, 0.50294024, 0.5031747, 0.5073305, 0.50724244, 0.5025725, 0.5039515, 0.5026655, 0.5013505, 0.5053208, 0.50248826, 0.5029417, 0.5022874, 0.5025002, 0.5019701, 0.50307137, 0.5031551, 0.5035219, 0.50375813, 0.50365037, 0.50405306, 0.5032031, 0.5009303, 0.50394857, 0.506966, 0.5012733, 0.50282204, 0.50106597, 0.50280356, 0.5042116, 0.50766915, 0.50179327, 0.50272435, 0.50140375, 0.50188184, 0.5020929, 0.5031546, 0.50151783, 0.50854874, 0.5027975, 0.504612, 0.5047819, 0.50363714, 0.5022239, 0.502624, 0.50153023, 0.5040062, 0.50584996, 0.5010781, 0.5024321, 0.5035883, 0.5017586, 0.50257343, 0.50321597, 0.50276643, 0.5016939, 0.5037281, 0.50470465, 0.5022717, 0.51044744, 0.5095775, 0.5099684, 0.5102064, 0.5127504, 0.5108975, 0.5113318, 0.5108039, 0.51137316, 0.51147026, 0.5119039, 0.5123182, 0.5112233, 0.51246506, 0.51096034, 0.51320904, 0.5133443, 0.51178026, 0.51157373, 0.51123357, 0.51096094, 0.51343614, 0.51238376, 0.5115486, 0.513209, 0.5125764, 0.5124589, 0.51254606, 0.5125519, 0.5116174, 0.5122241, 0.51232827, 0.51224244, 0.5103987, 0.50963277, 0.5125808, 0.51178217, 0.5119274, 0.512056, 0.51126844, 0.5115381, 0.5128654, 0.51153225, 0.51311034, 0.5104237, 0.51098615, 0.5110739, 0.51234424, 0.5112548, 0.51305497, 0.5129718, 0.5136075, 0.512778, 0.51179296, 0.51199305, 0.51188564, 0.51218855, 0.5113221, 0.51205564, 0.5133008, 0.5097551, 0.5133564, 0.5129761, 0.5124924, 0.5132814, 0.51363486, 0.51050293, 0.51181436, 0.51175153, 0.51112515, 0.5117241, 0.5125374, 0.5126683, 0.5125256, 0.5122622, 0.5129159, 0.5109504, 0.5128801, 0.51100194, 0.5113879, 0.51061505, 0.5112693, 0.5118409, 0.511922, 0.5131345, 0.5124264, 0.5108722, 0.5107697, 0.51200306, 0.5128144, 0.51250154, 0.51324755, 0.51266384, 0.51290596, 0.5120279, 0.51233566, 0.5107144, 0.51154953, 0.51062334, 0.5112226, 0.51019615, 0.5104742, 0.5116532, 0.5108279, 0.5129159, 0.51154196, 0.51050943, 0.5117881, 0.51173115, 0.5108163, 0.5099937, 0.512715, 0.5124336, 0.5112918, 0.5124867, 0.51175094, 0.51126885, 0.5128118, 0.5131179, 0.5125595, 0.5121162, 0.5125152, 0.5133507, 0.512369, 0.5134837, 0.51285094, 0.51273775, 0.5138807, 0.5111627, 0.5122, 0.5124665, 0.51444334, 0.5122492, 0.5126806, 0.51203823, 0.51369005, 0.51067483, 0.5125091]
[0.50309044, 0.50317323, 0.5025261, 0.5020787, 0.5114971, 0.51400095, 0.50010234, 0.50281227, 0.50138044, 0.5017007, 0.50269604, 0.50215095, 0.50144523, 0.5129439, 0.5001971, 0.5026921, 0.5091012, 0.5092118, 0.5025618, 0.50318843, 0.5022288, 0.50101, 0.5008302, 0.5012109, 0.50044304, 0.5004213, 0.500942, 0.50111127, 0.50259197, 0.5022525, 0.49997675, 0.5000592, 0.49987617, 0.5012018, 0.5008729, 0.5017474, 0.5030753, 0.504875, 0.5015596, 0.5005844, 0.5016948, 0.5026373, 0.50238764, 0.5095914, 0.50073236, 0.5026286, 0.49998534, 0.50151217, 0.50230634, 0.5027041, 0.5016397, 0.51106393, 0.50033236, 0.5016221, 0.50175804, 0.5029528, 0.5020211, 0.5023004, 0.5020169, 0.5029519, 0.5041764, 0.50141823, 0.5007776, 0.50057274, 0.5019041, 0.4998608, 0.5003324, 0.500182, 0.5003134, 0.5027342, 0.5035299, 0.5022161, 0.51564777, 0.51414067, 0.5144736, 0.5144556, 0.51766187, 0.5165494, 0.5148101, 0.51548964, 0.5153976, 0.51612115, 0.51552474, 0.51602834, 0.51529413, 0.516824, 0.51427555, 0.5187399, 0.51826334, 0.516388, 0.5153475, 0.5151299, 0.51517475, 0.51861745, 0.5159168, 0.51594126, 0.51736194, 0.517635, 0.5176361, 0.5168883, 0.51763254, 0.51580876, 0.51665384, 0.5179373, 0.5170962, 0.51526344, 0.5127667, 0.51759887, 0.51637316, 0.5158903, 0.5173802, 0.5164636, 0.51564085, 0.51758057, 0.5139945, 0.5181495, 0.51440233, 0.51528096, 0.51573396, 0.51678395, 0.51406574, 0.51788265, 0.518008, 0.51930827, 0.5172046, 0.5159508, 0.5161158, 0.5165013, 0.516396, 0.5159218, 0.51713437, 0.51858735, 0.5138516, 0.5176287, 0.517843, 0.51683366, 0.51785344, 0.5188042, 0.5160262, 0.51589346, 0.51525515, 0.515122, 0.51540005, 0.5166273, 0.5176061, 0.5172085, 0.5157723, 0.51699185, 0.51479024, 0.5175246, 0.51360595, 0.51507705, 0.5137825, 0.5152021, 0.51562625, 0.51599705, 0.51811475, 0.5169666, 0.51467454, 0.5146266, 0.516448, 0.5175837, 0.517835, 0.51849186, 0.5157247, 0.5171203, 0.51576734, 0.51666176, 0.5141941, 0.5166468, 0.514128, 0.5148813, 0.51315355, 0.5136072, 0.5166565, 0.51563346, 0.51729155, 0.5152019, 0.51437867, 0.51586604, 0.51604354, 0.5138179, 0.5142135, 0.51767546, 0.51747584, 0.5153778, 0.5170244, 0.5163531, 0.5153607, 0.5171253, 0.5172644, 0.5180348, 0.5180681, 0.5169169, 0.51828456, 0.51768845, 0.5182691, 0.51764786, 0.51819867, 0.51919407, 0.5146212, 0.5164088, 0.5167462, 0.5203691, 0.5170619, 0.51725024, 0.51603884, 0.5189838, 0.5150738, 0.51708966]
[0.50218236, 0.50264037, 0.50175303, 0.50105965, 0.51232654, 0.5154655, 0.5003726, 0.50227743, 0.5013481, 0.50012124, 0.50255895, 0.5010636, 0.50466746, 0.5149797, 0.5021731, 0.5022745, 0.50933415, 0.50998044, 0.50185865, 0.5027229, 0.501743, 0.5006229, 0.50564516, 0.50172436, 0.5021625, 0.5007443, 0.5005996, 0.50085783, 0.50231683, 0.5021553, 0.50348514, 0.50396883, 0.50263655, 0.50403035, 0.5016432, 0.5002783, 0.5020371, 0.50453776, 0.5009058, 0.501502, 0.50048715, 0.5016321, 0.5032728, 0.51121294, 0.50126916, 0.50146013, 0.500409, 0.5014418, 0.50159264, 0.5021532, 0.5009286, 0.5121688, 0.50199825, 0.50441617, 0.50453717, 0.50196445, 0.501359, 0.50151426, 0.5000905, 0.5023244, 0.5035101, 0.50096655, 0.5011508, 0.50272584, 0.50122404, 0.5003807, 0.5011756, 0.50174516, 0.500487, 0.5021638, 0.5031844, 0.50139683, 0.51604486, 0.51478595, 0.5150279, 0.51538, 0.51892227, 0.5163598, 0.5172352, 0.51627326, 0.5170724, 0.5172566, 0.51763475, 0.5181306, 0.5167425, 0.51870054, 0.51633984, 0.52042615, 0.5203426, 0.51820964, 0.517793, 0.51696867, 0.51600933, 0.5203829, 0.5187959, 0.51690567, 0.5197994, 0.51925486, 0.5188794, 0.51873654, 0.5193571, 0.51700354, 0.518607, 0.5186112, 0.5180374, 0.5158181, 0.51465446, 0.519177, 0.51794195, 0.5185693, 0.51761764, 0.5161442, 0.5168424, 0.51972973, 0.5172721, 0.51978445, 0.51562786, 0.51621187, 0.51684004, 0.51855975, 0.51638126, 0.5192548, 0.5196017, 0.5205669, 0.5191415, 0.51790863, 0.51843077, 0.5184137, 0.51828, 0.51697, 0.51788867, 0.5200036, 0.51473594, 0.51979053, 0.5196974, 0.5188037, 0.52038, 0.52026486, 0.51656675, 0.5174597, 0.5174871, 0.5171249, 0.5171617, 0.51822656, 0.5188097, 0.5192467, 0.5185184, 0.5198841, 0.51746464, 0.5190449, 0.5161503, 0.51702434, 0.5157961, 0.51681113, 0.5178239, 0.51763463, 0.5199299, 0.51882166, 0.5163615, 0.5165478, 0.51782626, 0.519391, 0.51878333, 0.52015823, 0.5186689, 0.5194564, 0.51806337, 0.5186765, 0.516482, 0.5170906, 0.51546496, 0.516799, 0.5155765, 0.5157043, 0.517868, 0.51609945, 0.5197878, 0.51680845, 0.51557463, 0.5174052, 0.51799047, 0.516243, 0.5153834, 0.5193283, 0.51852214, 0.51707184, 0.518448, 0.5172952, 0.5164208, 0.51918924, 0.51912117, 0.51897746, 0.5187293, 0.51904994, 0.5194925, 0.51903266, 0.5203423, 0.51897335, 0.5188398, 0.5211123, 0.5173845, 0.5184482, 0.51874536, 0.5218179, 0.518702, 0.5194827, 0.518458, 0.52062047, 0.51558846, 0.5190849]
[0.50069326, 0.50157547, 0.49978748, 0.50169444, 0.51097435, 0.51369387, 0.50210965, 0.5001063, 0.5035039, 0.5021623, 0.5009653, 0.5006378, 0.50610566, 0.5132016, 0.50404125, 0.50031906, 0.5090139, 0.50953305, 0.5004391, 0.5008198, 0.5000565, 0.50186217, 0.5075038, 0.50350326, 0.50426817, 0.5031668, 0.5038101, 0.502413, 0.50027996, 0.50078887, 0.5037027, 0.50588757, 0.50489587, 0.50549847, 0.50408834, 0.50230217, 0.5006141, 0.5032011, 0.50168395, 0.50395155, 0.5019156, 0.4998788, 0.5057754, 0.5102205, 0.5030363, 0.49972275, 0.5025964, 0.5001835, 0.50020146, 0.50034124, 0.5007671, 0.51085836, 0.5039145, 0.5053645, 0.5056599, 0.50012624, 0.50002974, 0.49984926, 0.5011415, 0.50094974, 0.50249124, 0.50108576, 0.5029589, 0.5048803, 0.49992442, 0.5021475, 0.50452363, 0.5045578, 0.5036705, 0.5007804, 0.5014893, 0.4997002, 0.51438206, 0.51288384, 0.5129408, 0.51351815, 0.5164547, 0.51390976, 0.5155531, 0.5140405, 0.51496047, 0.5152674, 0.5158906, 0.51593786, 0.5150751, 0.51618654, 0.514593, 0.5180508, 0.5181728, 0.51562595, 0.51561916, 0.5150183, 0.51392937, 0.51743853, 0.5166105, 0.51488626, 0.5177982, 0.516881, 0.5169551, 0.51692116, 0.5165299, 0.5148972, 0.51628906, 0.5162317, 0.5160931, 0.51339906, 0.51271576, 0.5169076, 0.5154837, 0.5161423, 0.5154508, 0.5145233, 0.5155283, 0.5165559, 0.515401, 0.51728773, 0.5138807, 0.5143272, 0.51471233, 0.5166209, 0.51478654, 0.5170811, 0.51751196, 0.518468, 0.51697654, 0.515794, 0.51579964, 0.51586586, 0.5161932, 0.5150238, 0.5156665, 0.51741153, 0.5134075, 0.51731855, 0.5172824, 0.51681566, 0.51730883, 0.5177542, 0.5142744, 0.5158473, 0.51572055, 0.51495314, 0.51556176, 0.51636577, 0.51700675, 0.51668113, 0.5163501, 0.5175764, 0.51520747, 0.516976, 0.5144734, 0.51510245, 0.51399326, 0.5145254, 0.51543486, 0.51564455, 0.5172081, 0.5164211, 0.51435167, 0.51438946, 0.5161788, 0.5171437, 0.51666164, 0.51802385, 0.5166313, 0.51695806, 0.51564646, 0.51648027, 0.5144828, 0.5154973, 0.5138109, 0.51521134, 0.5134656, 0.5134497, 0.5157255, 0.5140952, 0.5174338, 0.51520187, 0.51350635, 0.5154585, 0.5157305, 0.5138993, 0.5130597, 0.51694155, 0.5165093, 0.51521194, 0.516724, 0.515867, 0.5150407, 0.5167609, 0.5170626, 0.51673347, 0.516717, 0.51702094, 0.5174166, 0.5167961, 0.5180766, 0.51729524, 0.51721334, 0.51865166, 0.51559913, 0.5160988, 0.51659167, 0.5194951, 0.5159776, 0.5169238, 0.5160265, 0.5180446, 0.5131871, 0.51710856]
[0.500251, 0.50044143, 0.50147927, 0.50334924, 0.51020473, 0.51185906, 0.5033249, 0.50019807, 0.50389385, 0.5028555, 0.5004498, 0.50210047, 0.50633883, 0.51179034, 0.50512177, 0.5004888, 0.50871557, 0.5089762, 0.50072455, 0.500425, 0.50107783, 0.50347, 0.50671166, 0.5036042, 0.5053454, 0.50428367, 0.5041784, 0.50386214, 0.5002383, 0.5003868, 0.50408864, 0.50641555, 0.5060482, 0.50616264, 0.5046523, 0.50288093, 0.50066215, 0.5021679, 0.5035047, 0.50482446, 0.50329053, 0.5005389, 0.5057431, 0.5093436, 0.50318897, 0.50032794, 0.5038305, 0.502046, 0.5017125, 0.50102776, 0.5022159, 0.5103942, 0.5044265, 0.50675786, 0.50636715, 0.5004565, 0.5020107, 0.50135577, 0.5032837, 0.5003011, 0.50155705, 0.5032225, 0.5046879, 0.5053891, 0.5012906, 0.5039454, 0.50495833, 0.5046338, 0.50443953, 0.5008653, 0.50063574, 0.50180227, 0.51259637, 0.5117069, 0.51220405, 0.5123151, 0.5147881, 0.512702, 0.51320237, 0.512915, 0.5131639, 0.51341504, 0.5137595, 0.51434535, 0.51367384, 0.51454294, 0.5124733, 0.5158367, 0.5155821, 0.51327926, 0.51357883, 0.5133254, 0.5132804, 0.51575315, 0.5146265, 0.5135807, 0.5154479, 0.5144991, 0.51480466, 0.51401514, 0.51412326, 0.5136171, 0.5145123, 0.51397634, 0.5143888, 0.51211447, 0.5111165, 0.5144179, 0.51370853, 0.5133761, 0.5139775, 0.5130985, 0.51326984, 0.5150536, 0.51347667, 0.5148425, 0.5119052, 0.5127217, 0.51295656, 0.51443523, 0.5123495, 0.51499873, 0.5149813, 0.5156536, 0.5146887, 0.5133409, 0.51383966, 0.5139412, 0.5138713, 0.5135211, 0.5142458, 0.5154777, 0.5115302, 0.5152921, 0.5151158, 0.5143321, 0.5155746, 0.5154836, 0.5127515, 0.51333517, 0.513592, 0.5128265, 0.51345754, 0.5143671, 0.51493216, 0.5145478, 0.5140794, 0.5152094, 0.51286304, 0.5149065, 0.51258475, 0.5129503, 0.51208407, 0.513046, 0.51352936, 0.51359904, 0.51518565, 0.5144328, 0.5127882, 0.5126743, 0.51399904, 0.51426184, 0.51388615, 0.51586324, 0.5143213, 0.5145074, 0.5140879, 0.5141799, 0.5124133, 0.513671, 0.5121294, 0.51288235, 0.51163614, 0.51207846, 0.51352483, 0.51234174, 0.5146326, 0.5133574, 0.5118352, 0.51342404, 0.51352453, 0.5126424, 0.5117236, 0.51493317, 0.51461005, 0.513057, 0.51475674, 0.51417243, 0.5134587, 0.5145389, 0.51501036, 0.51443297, 0.51425093, 0.513872, 0.5155605, 0.5148092, 0.5152606, 0.5145296, 0.51449656, 0.5163193, 0.5131264, 0.5143565, 0.5146064, 0.51669085, 0.5135863, 0.51396155, 0.5140226, 0.51557344, 0.5121149, 0.51454955]
[0.50358087, 0.50433964, 0.50248337, 0.50059193, 0.5077744, 0.5096325, 0.50177675, 0.5027062, 0.501685, 0.50085115, 0.5036608, 0.5013017, 0.5045369, 0.50915855, 0.502722, 0.50246, 0.50654453, 0.50686044, 0.50264156, 0.5031241, 0.50179213, 0.5010737, 0.50457144, 0.502977, 0.50238305, 0.5016397, 0.50166965, 0.50069785, 0.50319064, 0.5032509, 0.5032001, 0.5034664, 0.5027453, 0.50362974, 0.5023865, 0.50068784, 0.50339013, 0.5071457, 0.5009963, 0.5021428, 0.5005868, 0.50247276, 0.50320184, 0.5071026, 0.5016309, 0.50193584, 0.5014199, 0.50083923, 0.5021994, 0.5034336, 0.50122315, 0.50774056, 0.50204116, 0.503283, 0.5044241, 0.5029221, 0.50175494, 0.50256014, 0.50162274, 0.5036052, 0.50554216, 0.50085145, 0.50152284, 0.50263834, 0.5022309, 0.5019159, 0.50304115, 0.50213367, 0.50211215, 0.5034328, 0.5044963, 0.5021493, 0.50997734, 0.5093948, 0.5094398, 0.5095205, 0.51136774, 0.51035357, 0.51049197, 0.50993514, 0.5104322, 0.51036763, 0.5107761, 0.51093733, 0.5102297, 0.5108969, 0.5099281, 0.5117171, 0.51144505, 0.5110518, 0.51049846, 0.5104661, 0.51006323, 0.5119256, 0.51077724, 0.5100484, 0.5118806, 0.51158684, 0.5113162, 0.5113943, 0.51138186, 0.51017946, 0.51122737, 0.5115701, 0.5108848, 0.50990427, 0.50920594, 0.51148516, 0.5107153, 0.51098406, 0.5107475, 0.51033294, 0.51051, 0.51163375, 0.5100846, 0.51166415, 0.5095976, 0.5100777, 0.5100231, 0.51089793, 0.5103459, 0.5114055, 0.51157165, 0.51218873, 0.51146895, 0.51057863, 0.5105946, 0.510771, 0.5106151, 0.51058066, 0.51096934, 0.512065, 0.5091745, 0.51183313, 0.511685, 0.511341, 0.5116747, 0.51195747, 0.5102213, 0.5108515, 0.5108562, 0.5105563, 0.51051265, 0.5109242, 0.5115976, 0.51145506, 0.5111498, 0.5118583, 0.5104285, 0.5112497, 0.5099773, 0.5101271, 0.50951546, 0.5100695, 0.510654, 0.5108397, 0.5114857, 0.5112468, 0.5099258, 0.5101498, 0.51085883, 0.5116257, 0.5115563, 0.51177216, 0.5113348, 0.51146436, 0.51082426, 0.5112565, 0.51009595, 0.5104228, 0.50971025, 0.51029897, 0.5092032, 0.5092567, 0.51080394, 0.5098059, 0.5114406, 0.51002777, 0.509624, 0.51093554, 0.5108627, 0.5098622, 0.50933814, 0.5115773, 0.5111184, 0.51029986, 0.5109607, 0.5104494, 0.50993407, 0.5114389, 0.511505, 0.5114342, 0.51130724, 0.51161784, 0.5117847, 0.5111487, 0.511905, 0.5111911, 0.5116478, 0.51234025, 0.51029664, 0.51091665, 0.51106066, 0.5125419, 0.5112113, 0.51194966, 0.51099724, 0.51232827, 0.5098458, 0.511456]
[0.49971738, 0.49998355, 0.49927673, 0.50033987, 0.5119707, 0.5142776, 0.50039095, 0.49969167, 0.5013988, 0.5000395, 0.4995165, 0.5001949, 0.50708264, 0.51423794, 0.5025387, 0.49973336, 0.50900865, 0.50918305, 0.4992721, 0.500101, 0.49957502, 0.5016154, 0.5066284, 0.50116545, 0.50279856, 0.5013425, 0.50098366, 0.5010495, 0.49970686, 0.49969053, 0.5018381, 0.5061216, 0.50476354, 0.5044431, 0.50329787, 0.49986318, 0.4998209, 0.50140965, 0.50023574, 0.5030727, 0.49966654, 0.49940276, 0.5041889, 0.5096946, 0.50061476, 0.4994293, 0.5017742, 0.49921018, 0.49879056, 0.49938083, 0.49890876, 0.5120069, 0.50167084, 0.50456524, 0.50503325, 0.49962834, 0.49914187, 0.49917603, 0.49899566, 0.49955168, 0.5006603, 0.49966893, 0.501601, 0.50338423, 0.4988442, 0.5006332, 0.5032594, 0.50205207, 0.5006026, 0.49961013, 0.5001703, 0.49922752, 0.5153338, 0.51371944, 0.5143824, 0.51470584, 0.518261, 0.5152287, 0.51581174, 0.51531184, 0.51570517, 0.51639336, 0.5167191, 0.51743245, 0.5162141, 0.51782143, 0.5155462, 0.5185786, 0.51865405, 0.5169767, 0.5160889, 0.5160863, 0.51540494, 0.51894367, 0.517495, 0.5163835, 0.5189163, 0.5177477, 0.51758623, 0.5181693, 0.517635, 0.51628447, 0.5169074, 0.51745766, 0.5171064, 0.5144076, 0.5133956, 0.5178965, 0.51674503, 0.5166319, 0.5165272, 0.5157704, 0.51623124, 0.5179977, 0.5161017, 0.5183232, 0.5149273, 0.5154143, 0.5151381, 0.51758444, 0.5158778, 0.5180065, 0.5183769, 0.51925385, 0.5181866, 0.5161352, 0.5164498, 0.5161231, 0.5173194, 0.51615703, 0.51673007, 0.5187822, 0.5131157, 0.5189481, 0.5184588, 0.5174599, 0.5187028, 0.5190922, 0.51490366, 0.51644975, 0.51700956, 0.5161615, 0.5167388, 0.5175444, 0.51830506, 0.5173131, 0.51739275, 0.51882374, 0.51572645, 0.518139, 0.5153124, 0.51593125, 0.51529944, 0.51620096, 0.51696, 0.51678425, 0.51843077, 0.51760864, 0.5152507, 0.5158155, 0.5171471, 0.51824623, 0.518312, 0.518732, 0.5178486, 0.51859957, 0.5169099, 0.51720977, 0.5147089, 0.51679385, 0.5152214, 0.51605976, 0.51460063, 0.5148187, 0.51621884, 0.5150923, 0.51818204, 0.5163488, 0.5141233, 0.51692355, 0.51624495, 0.5149947, 0.513606, 0.51829237, 0.517754, 0.5166155, 0.5184211, 0.5176678, 0.51674175, 0.5177496, 0.5186181, 0.5179174, 0.51732475, 0.5175935, 0.519215, 0.5181703, 0.51909006, 0.5186111, 0.5180734, 0.5198483, 0.5161537, 0.5173285, 0.51749605, 0.5205545, 0.5168639, 0.51784563, 0.5169724, 0.51922435, 0.51514846, 0.51706976]
[0.50173527, 0.50224036, 0.50061995, 0.5009326, 0.5087248, 0.5105588, 0.50280446, 0.50137734, 0.50269604, 0.5016308, 0.50125986, 0.50087285, 0.5054961, 0.50950533, 0.5032372, 0.50120085, 0.507315, 0.5073983, 0.5008567, 0.5024035, 0.5007907, 0.5018103, 0.5053595, 0.50390416, 0.5029851, 0.50209844, 0.5017424, 0.50274056, 0.50104004, 0.50197136, 0.5064907, 0.50398445, 0.5041736, 0.5045684, 0.50355715, 0.5019025, 0.50195354, 0.50522846, 0.50165665, 0.50292885, 0.5010406, 0.50067896, 0.5041962, 0.5077018, 0.5023268, 0.50081944, 0.5035409, 0.50146407, 0.50072706, 0.5016062, 0.50122714, 0.50837123, 0.50292313, 0.50503844, 0.50501007, 0.50088555, 0.5011908, 0.5007623, 0.5025165, 0.50180864, 0.5035144, 0.50163656, 0.502261, 0.50360423, 0.50204104, 0.5047886, 0.5042959, 0.5026284, 0.5021871, 0.5015171, 0.50231206, 0.50106186, 0.5104017, 0.50970244, 0.5102514, 0.5100916, 0.5120066, 0.51121473, 0.5105451, 0.5105275, 0.51111174, 0.51123095, 0.5113225, 0.51152986, 0.5106275, 0.51170444, 0.5106147, 0.5121604, 0.5121331, 0.51161885, 0.5106393, 0.5110254, 0.51074094, 0.51254684, 0.511323, 0.5106408, 0.51210594, 0.51200604, 0.5118598, 0.5118874, 0.5120069, 0.51090854, 0.5115804, 0.5123335, 0.5115708, 0.51083165, 0.5094764, 0.51225007, 0.51150715, 0.51169515, 0.5114721, 0.5107797, 0.5111584, 0.51230323, 0.51070815, 0.5122898, 0.51043713, 0.5108501, 0.51078415, 0.5114102, 0.51078093, 0.5119691, 0.5123166, 0.51282597, 0.5116751, 0.5112035, 0.5115001, 0.5114897, 0.51169384, 0.5111103, 0.5116791, 0.51240444, 0.5097062, 0.5123009, 0.51219136, 0.51153934, 0.51236457, 0.5128196, 0.5108517, 0.5115653, 0.5110575, 0.51140326, 0.51076573, 0.5115445, 0.51208425, 0.51213115, 0.51120275, 0.51193416, 0.51080084, 0.5120612, 0.5101717, 0.51086736, 0.5102838, 0.5105178, 0.51106745, 0.5115013, 0.51219326, 0.5120236, 0.5105729, 0.51056135, 0.5117567, 0.5119222, 0.51211244, 0.51204115, 0.5116311, 0.51227576, 0.5114961, 0.5117608, 0.5103079, 0.5109499, 0.510195, 0.51059425, 0.50998527, 0.51002336, 0.5113198, 0.51062244, 0.51200056, 0.51104707, 0.51062286, 0.5114089, 0.5112214, 0.509946, 0.5103766, 0.5124701, 0.51134616, 0.5108707, 0.5113484, 0.5106893, 0.51033986, 0.51199734, 0.51215744, 0.51221496, 0.5118828, 0.5118121, 0.5118335, 0.5122137, 0.5127202, 0.51213276, 0.51209795, 0.5127729, 0.51069754, 0.511626, 0.5113148, 0.5133389, 0.5122926, 0.5126378, 0.51160604, 0.51290303, 0.5106413, 0.5118016]
[0.5010238, 0.50143313, 0.5006856, 0.49990532, 0.5090762, 0.51115865, 0.49962494, 0.5013297, 0.5001232, 0.4995134, 0.5011948, 0.5000474, 0.50520813, 0.51085025, 0.5010879, 0.5011023, 0.5073846, 0.5078396, 0.5012067, 0.5016415, 0.5007213, 0.49994338, 0.5045608, 0.50028133, 0.501993, 0.50081295, 0.49976903, 0.50029033, 0.50113577, 0.5011213, 0.50073314, 0.5034989, 0.5013808, 0.502094, 0.5009295, 0.49949571, 0.50118595, 0.5032982, 0.4996744, 0.5005951, 0.49942708, 0.50089186, 0.5022688, 0.5080258, 0.50045407, 0.50107443, 0.4998361, 0.5005424, 0.49999148, 0.50091964, 0.50009364, 0.50916624, 0.5013039, 0.5030185, 0.50296533, 0.5010328, 0.50045633, 0.50064266, 0.49968454, 0.50143594, 0.5026731, 0.49995637, 0.500569, 0.502038, 0.5002531, 0.49960798, 0.50113016, 0.5016514, 0.49955955, 0.5010144, 0.5020828, 0.50060844, 0.51171035, 0.5106773, 0.5110663, 0.5112739, 0.5135706, 0.5115541, 0.5124699, 0.511622, 0.5121633, 0.5124888, 0.5130523, 0.512737, 0.51250297, 0.513299, 0.5116347, 0.5145437, 0.5145456, 0.512814, 0.5127504, 0.51202554, 0.51147276, 0.51479703, 0.51310056, 0.5123977, 0.5143477, 0.5138953, 0.51362205, 0.5135755, 0.5137338, 0.51257944, 0.513188, 0.5134767, 0.5131375, 0.5111254, 0.5101836, 0.5137447, 0.5127504, 0.5128789, 0.51315325, 0.5123831, 0.5125902, 0.5136829, 0.5120866, 0.5139099, 0.5112785, 0.51168704, 0.5119245, 0.51351357, 0.5120125, 0.5137356, 0.5141007, 0.51483613, 0.5137611, 0.5127838, 0.513126, 0.5129877, 0.51328313, 0.51235527, 0.512855, 0.5142446, 0.51071095, 0.51407975, 0.5142999, 0.5133431, 0.51405007, 0.514616, 0.51194465, 0.51285034, 0.5125305, 0.51170784, 0.5125104, 0.51337844, 0.51371384, 0.51348037, 0.51298857, 0.5140887, 0.51217455, 0.5138163, 0.51136327, 0.5120297, 0.5112266, 0.51190305, 0.5128655, 0.51263446, 0.5142417, 0.51308686, 0.5117182, 0.5112459, 0.5130931, 0.5135997, 0.5135715, 0.5145262, 0.5130087, 0.5136728, 0.5128041, 0.51322615, 0.5112411, 0.51294917, 0.5107305, 0.5118746, 0.5111075, 0.51109016, 0.5127727, 0.5117503, 0.5140883, 0.51259863, 0.51089823, 0.51250464, 0.512619, 0.51128745, 0.51085985, 0.5138288, 0.5135872, 0.5124624, 0.5134547, 0.513052, 0.51221687, 0.5135778, 0.5136536, 0.51360446, 0.5134636, 0.5135922, 0.5141993, 0.51371866, 0.51473725, 0.5138817, 0.5141234, 0.5151959, 0.5121844, 0.5131275, 0.5132932, 0.5156764, 0.51269794, 0.5134984, 0.51322055, 0.5145748, 0.51123667, 0.51381165]
[0.5002962, 0.50036067, 0.5005967, 0.5015533, 0.508866, 0.5111564, 0.50306416, 0.5004963, 0.5028581, 0.5021686, 0.5002483, 0.5010388, 0.5051162, 0.5107165, 0.50467765, 0.50055856, 0.50743806, 0.50783205, 0.5003163, 0.50094163, 0.500485, 0.5025806, 0.50619984, 0.5044215, 0.5036573, 0.5035966, 0.503319, 0.5033593, 0.5005332, 0.50006276, 0.5036964, 0.50520575, 0.504344, 0.5047697, 0.5034278, 0.50236636, 0.49997652, 0.50280607, 0.50136644, 0.5030343, 0.50233513, 0.5005074, 0.5040687, 0.50847167, 0.5034177, 0.5007231, 0.5028996, 0.50120664, 0.5013675, 0.50021046, 0.50138927, 0.5089722, 0.5042155, 0.50567037, 0.5051067, 0.50044763, 0.50118876, 0.50103736, 0.5029866, 0.5000176, 0.5017765, 0.5019321, 0.50303286, 0.5046199, 0.50145817, 0.5034053, 0.5042116, 0.50426257, 0.5032239, 0.50016105, 0.5012014, 0.5005644, 0.51180947, 0.5105167, 0.51061934, 0.51109487, 0.51354516, 0.5113247, 0.5123389, 0.5113719, 0.5120441, 0.5119205, 0.51289856, 0.512619, 0.5120604, 0.51276606, 0.51203555, 0.5140501, 0.5141675, 0.5130302, 0.5126898, 0.51211125, 0.5116255, 0.51401854, 0.5129137, 0.5121263, 0.5140613, 0.51355815, 0.51341975, 0.51342267, 0.5137123, 0.51217926, 0.5132603, 0.5129112, 0.51279676, 0.5111427, 0.5105597, 0.51348203, 0.51236266, 0.5129882, 0.5125069, 0.51165915, 0.5121595, 0.5132623, 0.5122011, 0.51388353, 0.5112584, 0.51175725, 0.5120858, 0.51317567, 0.5121444, 0.5135396, 0.5139089, 0.51468116, 0.5136563, 0.5124447, 0.5128867, 0.5127558, 0.5130203, 0.5122504, 0.5127683, 0.5138507, 0.5105249, 0.5141208, 0.51382643, 0.513387, 0.514105, 0.5142312, 0.51174706, 0.51294696, 0.51247394, 0.5119954, 0.51238555, 0.51316166, 0.5135436, 0.5134165, 0.51308125, 0.5141208, 0.5123793, 0.5132617, 0.5121059, 0.5120027, 0.51135, 0.51193255, 0.51267713, 0.5125054, 0.5138824, 0.51329356, 0.5117179, 0.5117358, 0.5131178, 0.5136975, 0.5135957, 0.51381826, 0.51324284, 0.5140897, 0.5126034, 0.5134524, 0.5117853, 0.5122506, 0.51135457, 0.5121316, 0.5112529, 0.51137507, 0.51260954, 0.51158386, 0.5141119, 0.5121009, 0.51113856, 0.51255256, 0.51271695, 0.5114605, 0.51075673, 0.5133151, 0.51315945, 0.512152, 0.51306224, 0.51266694, 0.5120441, 0.5134048, 0.5134535, 0.5133889, 0.51334125, 0.5137886, 0.51308274, 0.51331365, 0.5145705, 0.5137907, 0.51382494, 0.5148687, 0.51248807, 0.5130907, 0.51312226, 0.51527756, 0.5128982, 0.5137858, 0.51311344, 0.5143243, 0.5111414, 0.51376516]
[0.50213593, 0.5019247, 0.5025994, 0.5034863, 0.50689924, 0.5076848, 0.5038924, 0.50201887, 0.5039941, 0.5036257, 0.50202024, 0.50329757, 0.50560063, 0.5074746, 0.5043342, 0.5021311, 0.50629914, 0.5062931, 0.5024177, 0.50217557, 0.50235456, 0.5041533, 0.5053069, 0.5041217, 0.50457877, 0.5041465, 0.504027, 0.5040097, 0.5019689, 0.50188553, 0.50393474, 0.50514716, 0.50486743, 0.504863, 0.50391686, 0.5037018, 0.5018398, 0.504406, 0.50336957, 0.5044667, 0.5033765, 0.5023685, 0.50487584, 0.50645036, 0.5037298, 0.5021345, 0.5040589, 0.5024147, 0.5028902, 0.5022187, 0.50290054, 0.5067691, 0.5043268, 0.5050288, 0.5052283, 0.50224435, 0.5027881, 0.50251967, 0.5028915, 0.5018446, 0.503219, 0.50314254, 0.5042935, 0.5048204, 0.5025955, 0.50325394, 0.50470716, 0.50443816, 0.50436383, 0.502118, 0.5023812, 0.5023207, 0.50825983, 0.5077926, 0.5079827, 0.50782466, 0.5091078, 0.50807154, 0.50840145, 0.50812656, 0.50833076, 0.50870013, 0.5087653, 0.5085977, 0.5086284, 0.5090038, 0.50815314, 0.50969875, 0.5096644, 0.50854313, 0.508599, 0.50835395, 0.50830454, 0.5097038, 0.50888175, 0.50848216, 0.5096068, 0.50918823, 0.50928473, 0.50909084, 0.5090184, 0.5085331, 0.50879717, 0.50896204, 0.50886834, 0.5079538, 0.50758773, 0.5092252, 0.5087012, 0.5087071, 0.5089479, 0.5084159, 0.50859946, 0.5091659, 0.50836104, 0.5092039, 0.50793695, 0.50819296, 0.5081884, 0.50905067, 0.5082659, 0.5092103, 0.5093816, 0.5096336, 0.50921696, 0.508498, 0.50855005, 0.5088771, 0.5086626, 0.50842476, 0.5087593, 0.50943017, 0.50776637, 0.5092591, 0.5094449, 0.5089153, 0.50921637, 0.50940746, 0.50827426, 0.5086423, 0.5085082, 0.50810593, 0.5086673, 0.5088613, 0.5092131, 0.50901854, 0.50880736, 0.5092191, 0.50831825, 0.50919247, 0.50809455, 0.50845456, 0.5081059, 0.50836354, 0.5086286, 0.5087072, 0.5092322, 0.5089063, 0.5080913, 0.5082084, 0.5088273, 0.50918907, 0.509142, 0.50967586, 0.5088763, 0.5091891, 0.50866765, 0.5088819, 0.5079725, 0.50888884, 0.5079486, 0.50838166, 0.50774115, 0.507856, 0.5086708, 0.5081264, 0.50907886, 0.5086443, 0.50783926, 0.50855595, 0.50865734, 0.5078666, 0.5078146, 0.5091966, 0.50923043, 0.5085359, 0.5090092, 0.50906503, 0.50869936, 0.50914043, 0.50928676, 0.5090108, 0.50912577, 0.50901675, 0.5095171, 0.509125, 0.50940675, 0.50926477, 0.5094032, 0.5099636, 0.5083931, 0.5088818, 0.50907594, 0.5100513, 0.5085184, 0.50889397, 0.5087915, 0.50947595, 0.5080011, 0.5092048]
[0.5013066, 0.5012084, 0.5019398, 0.50299776, 0.5062205, 0.5071916, 0.5023998, 0.50103474, 0.5032463, 0.50270796, 0.50136554, 0.5025313, 0.50466645, 0.5069589, 0.50385183, 0.5013013, 0.5056282, 0.5057038, 0.50112414, 0.5018912, 0.5013793, 0.5028106, 0.50477517, 0.50340545, 0.5038563, 0.5034911, 0.5030347, 0.5024887, 0.5011016, 0.50116915, 0.5030872, 0.5044029, 0.5039537, 0.5040553, 0.503238, 0.5024398, 0.5014171, 0.504872, 0.5025057, 0.5035736, 0.50258744, 0.50133365, 0.50345606, 0.5057306, 0.5024003, 0.50121564, 0.50290203, 0.5018793, 0.50203717, 0.501579, 0.50201076, 0.50617236, 0.50308174, 0.50411254, 0.5044132, 0.50120926, 0.5018933, 0.50163305, 0.50229084, 0.50130635, 0.5028309, 0.50245404, 0.5033888, 0.50375295, 0.50225073, 0.5027471, 0.5034548, 0.5034053, 0.5025221, 0.50121534, 0.50263184, 0.5015588, 0.5071693, 0.5066791, 0.50682384, 0.507108, 0.50816685, 0.50715643, 0.50758654, 0.5074486, 0.50749767, 0.50754994, 0.5081403, 0.5082362, 0.5077504, 0.5082234, 0.5074099, 0.50863993, 0.50882787, 0.5078, 0.5079765, 0.50764817, 0.50743484, 0.5088582, 0.5083052, 0.5076131, 0.508774, 0.5081327, 0.5082759, 0.50822616, 0.5082174, 0.50793254, 0.508018, 0.5080303, 0.5079297, 0.5071259, 0.50657994, 0.50830936, 0.5077213, 0.5078619, 0.50789106, 0.5075188, 0.5077059, 0.50839937, 0.5082063, 0.50850695, 0.507133, 0.50743586, 0.5073721, 0.50816286, 0.5076409, 0.5084779, 0.5086356, 0.50885105, 0.50850135, 0.5079536, 0.50800693, 0.50792485, 0.5082182, 0.50757086, 0.50769943, 0.50887674, 0.50667304, 0.50881934, 0.50858754, 0.5081501, 0.5086728, 0.50872886, 0.5069139, 0.5078668, 0.5081005, 0.5075446, 0.50790185, 0.5081719, 0.50828075, 0.50813484, 0.5081263, 0.5086672, 0.5075166, 0.5083835, 0.50747067, 0.50748825, 0.50723517, 0.5075653, 0.50791067, 0.5078599, 0.5086171, 0.5080534, 0.50752664, 0.5072132, 0.5079553, 0.5084514, 0.50825584, 0.5087321, 0.5083799, 0.50861645, 0.5081158, 0.5081693, 0.5072641, 0.5078161, 0.5070369, 0.5075269, 0.5071647, 0.50731546, 0.50781506, 0.5070972, 0.5084972, 0.50787646, 0.50707823, 0.5078151, 0.50789523, 0.507461, 0.50682133, 0.5083428, 0.5083323, 0.50760823, 0.50840193, 0.50802106, 0.50765777, 0.50835633, 0.5085466, 0.50812477, 0.50797457, 0.5083849, 0.5087657, 0.50818044, 0.50887716, 0.5085181, 0.50843245, 0.5092056, 0.5075361, 0.5082523, 0.5082792, 0.5092108, 0.5078663, 0.5081231, 0.5080864, 0.5086219, 0.5071744, 0.50825924]
[0.50353605, 0.50407606, 0.5028535, 0.50207585, 0.51013297, 0.511761, 0.5055822, 0.50237703, 0.5033184, 0.50297016, 0.50261635, 0.50205934, 0.5064418, 0.5109959, 0.50502986, 0.50254124, 0.5087147, 0.50862944, 0.5020976, 0.50261724, 0.5018125, 0.50271, 0.5063678, 0.5041904, 0.5047125, 0.50355554, 0.5031161, 0.50346017, 0.5017163, 0.50240946, 0.5064666, 0.50462323, 0.50452113, 0.5056182, 0.50374526, 0.50271976, 0.5032391, 0.5063482, 0.50252503, 0.50420964, 0.502845, 0.50243336, 0.5055683, 0.50909656, 0.50437486, 0.5016595, 0.5048316, 0.50292426, 0.5019448, 0.5027516, 0.5020048, 0.5095789, 0.50459975, 0.5062668, 0.5059948, 0.5025075, 0.5016484, 0.5018099, 0.50351185, 0.50294966, 0.50513875, 0.50274825, 0.50370574, 0.5053406, 0.50255185, 0.5055022, 0.50489944, 0.50455654, 0.50437546, 0.50262874, 0.5042921, 0.50151753, 0.5120422, 0.51174796, 0.5117889, 0.51216584, 0.5135936, 0.5130438, 0.5124722, 0.5124634, 0.5126245, 0.5126993, 0.51282793, 0.5132521, 0.51221794, 0.51335937, 0.5118018, 0.5142571, 0.5142302, 0.51327, 0.5124468, 0.51226074, 0.512084, 0.5144164, 0.513165, 0.5125653, 0.5137092, 0.51385564, 0.5137844, 0.5132355, 0.5135888, 0.5127304, 0.51348567, 0.5139222, 0.5131258, 0.5124695, 0.51101106, 0.51406324, 0.51327175, 0.51307994, 0.5134125, 0.5127582, 0.51256347, 0.51410335, 0.511939, 0.51415277, 0.51182383, 0.51227975, 0.5126307, 0.51322573, 0.5121089, 0.5140576, 0.5141639, 0.5145988, 0.5134923, 0.51304173, 0.5130166, 0.51337117, 0.51294076, 0.51264423, 0.5133652, 0.51438075, 0.5116208, 0.5140183, 0.5140028, 0.51350737, 0.5142587, 0.5144141, 0.51256573, 0.51275265, 0.5125324, 0.5124782, 0.5126146, 0.51351166, 0.5137059, 0.51362485, 0.5129838, 0.5135485, 0.5122852, 0.51370686, 0.51173013, 0.51225555, 0.5115372, 0.5126358, 0.513036, 0.5130213, 0.5143262, 0.51359195, 0.5121383, 0.5120726, 0.51323855, 0.5138871, 0.51362693, 0.5143752, 0.5130099, 0.5136628, 0.5129174, 0.5132311, 0.51188976, 0.5131338, 0.51154685, 0.51224923, 0.511273, 0.51131225, 0.51303345, 0.5124762, 0.51367927, 0.5125113, 0.5120119, 0.5129516, 0.51305896, 0.5120068, 0.51166755, 0.5139335, 0.51353467, 0.51243126, 0.5134895, 0.5126693, 0.51221013, 0.5137389, 0.5136866, 0.5139233, 0.5139739, 0.51346785, 0.51387066, 0.5138005, 0.514252, 0.5135641, 0.5138979, 0.5146613, 0.5119857, 0.51325226, 0.5131865, 0.51538515, 0.51382226, 0.51386195, 0.5131835, 0.51470786, 0.5119263, 0.51370585]
[0.5022102, 0.50285226, 0.50129616, 0.5014045, 0.50890523, 0.51105016, 0.5006753, 0.5025802, 0.50255764, 0.5015988, 0.5022694, 0.5013059, 0.50534344, 0.5105547, 0.5022208, 0.5020149, 0.50766295, 0.50803876, 0.50199556, 0.5029348, 0.5014052, 0.50143045, 0.50491863, 0.5025853, 0.503247, 0.50208336, 0.5020103, 0.5017711, 0.5025019, 0.5020452, 0.5029933, 0.50425494, 0.50329113, 0.5031747, 0.5031853, 0.5012326, 0.5025277, 0.50576806, 0.5010252, 0.5027254, 0.50138074, 0.5013842, 0.5036957, 0.50789464, 0.5011254, 0.5018253, 0.50106394, 0.50146693, 0.5008773, 0.50158507, 0.50072634, 0.50906205, 0.5025262, 0.50429255, 0.5044365, 0.5022636, 0.5005463, 0.5016881, 0.5012746, 0.50267917, 0.5044295, 0.5006023, 0.5022994, 0.50303763, 0.5007252, 0.501889, 0.50270903, 0.50316983, 0.501157, 0.5024336, 0.503396, 0.50122476, 0.5108853, 0.50985956, 0.5104979, 0.5106767, 0.51327276, 0.5106691, 0.511828, 0.51168793, 0.51162326, 0.51201534, 0.51273733, 0.5129629, 0.51195824, 0.5133187, 0.51123244, 0.5141876, 0.5144104, 0.51196223, 0.51223487, 0.5116899, 0.51138854, 0.51429325, 0.5133134, 0.5122811, 0.51423335, 0.51318574, 0.5133364, 0.5133491, 0.51290107, 0.5126112, 0.51263475, 0.5129726, 0.51295066, 0.5108463, 0.50964457, 0.51343566, 0.5123945, 0.5121149, 0.5128866, 0.5121242, 0.51233596, 0.51336735, 0.5124871, 0.51344174, 0.5105238, 0.5111358, 0.5114628, 0.5132264, 0.51180285, 0.5134167, 0.51371044, 0.51450616, 0.5138258, 0.51248807, 0.5127722, 0.51270545, 0.5127828, 0.51165557, 0.5123979, 0.51408446, 0.5105835, 0.5139506, 0.5141566, 0.51279736, 0.513602, 0.5140284, 0.5108664, 0.5126256, 0.5124163, 0.51186556, 0.5125675, 0.5132728, 0.513495, 0.51277864, 0.5127518, 0.5138985, 0.5113899, 0.5136955, 0.51166445, 0.511616, 0.5109947, 0.51172554, 0.5124025, 0.51226765, 0.5136998, 0.5127251, 0.5116282, 0.51098233, 0.51250565, 0.513107, 0.5130112, 0.51421565, 0.5131081, 0.51350075, 0.5125636, 0.5130033, 0.51096445, 0.51225144, 0.51089776, 0.5116811, 0.5106358, 0.51067424, 0.51211745, 0.51143724, 0.51367, 0.512444, 0.5108701, 0.5122831, 0.5120939, 0.5108193, 0.5102901, 0.51366496, 0.5133384, 0.51199263, 0.5129106, 0.51247984, 0.51169956, 0.51306754, 0.51365346, 0.5129151, 0.5125819, 0.5128829, 0.5142039, 0.51344615, 0.51409906, 0.5133804, 0.5135044, 0.5148456, 0.5116102, 0.5128644, 0.51329654, 0.5150431, 0.5124506, 0.5129888, 0.5127222, 0.5139854, 0.5110683, 0.5131855]
[0.501895, 0.5024183, 0.5010244, 0.50139666, 0.5096664, 0.5116186, 0.50278276, 0.50146425, 0.5022035, 0.5010253, 0.50180197, 0.50034946, 0.50597644, 0.511473, 0.5049667, 0.50173193, 0.50801986, 0.50813925, 0.50144744, 0.50215614, 0.5010395, 0.50085926, 0.50716484, 0.5036814, 0.5026665, 0.5020094, 0.50256854, 0.5020432, 0.5016886, 0.50153774, 0.504108, 0.50590134, 0.50449777, 0.505792, 0.5035356, 0.50218457, 0.5017399, 0.5043939, 0.5013695, 0.5040675, 0.5008114, 0.50106204, 0.5061207, 0.5091158, 0.5023454, 0.5008621, 0.5047208, 0.50113666, 0.50068605, 0.50176626, 0.5011589, 0.509699, 0.5040784, 0.5062012, 0.50583595, 0.50080216, 0.50009465, 0.50046545, 0.5006671, 0.5019021, 0.50348794, 0.50035185, 0.50279486, 0.50513166, 0.50105643, 0.5020263, 0.5031434, 0.50324565, 0.50371593, 0.50182366, 0.5024445, 0.5006607, 0.512425, 0.5115888, 0.5117027, 0.51182735, 0.51387566, 0.5120412, 0.5132674, 0.5120816, 0.5128959, 0.5126881, 0.51320374, 0.5134644, 0.5124783, 0.5139636, 0.51226306, 0.51498294, 0.51472646, 0.5135333, 0.5131975, 0.5126858, 0.511972, 0.51493967, 0.514063, 0.5127229, 0.51433194, 0.514224, 0.5140642, 0.513856, 0.5140984, 0.51264834, 0.5137426, 0.51366156, 0.5133229, 0.51167846, 0.5108335, 0.5142419, 0.5129873, 0.5137029, 0.5131602, 0.51199925, 0.51279765, 0.51431996, 0.51263374, 0.5146558, 0.51188433, 0.5125182, 0.5122497, 0.5139966, 0.5124741, 0.5143466, 0.51448673, 0.5148016, 0.5140886, 0.5128832, 0.5134412, 0.5131903, 0.51329523, 0.5126604, 0.51333106, 0.5143445, 0.51103646, 0.5143017, 0.51438564, 0.5138058, 0.5148523, 0.5148117, 0.5125153, 0.5130385, 0.5129519, 0.5126466, 0.5126156, 0.5134117, 0.5144837, 0.5140869, 0.5134957, 0.5142408, 0.51349056, 0.5137611, 0.5122475, 0.5126438, 0.5117542, 0.5127526, 0.51322025, 0.5133088, 0.5143137, 0.5141995, 0.51243955, 0.5121579, 0.51379085, 0.5144293, 0.51408195, 0.51505864, 0.5141978, 0.5143905, 0.5135262, 0.51365685, 0.51278573, 0.51347244, 0.5119227, 0.5124967, 0.5116922, 0.5116934, 0.51324785, 0.5120575, 0.51436, 0.5125401, 0.5114911, 0.51287305, 0.5132682, 0.5122538, 0.5116562, 0.5142, 0.5134064, 0.5128981, 0.51414937, 0.51350176, 0.5129912, 0.51380825, 0.5141837, 0.51401925, 0.5138846, 0.51393354, 0.5141519, 0.51407367, 0.51482713, 0.5142746, 0.51407033, 0.51539034, 0.5131017, 0.5138307, 0.5139409, 0.515774, 0.5135519, 0.51435107, 0.5137214, 0.51516277, 0.51149285, 0.5143268]
[0.50026643, 0.5005911, 0.49996567, 0.5014045, 0.5099548, 0.5123944, 0.50335306, 0.50001866, 0.5028465, 0.50193703, 0.5000851, 0.50137764, 0.50589645, 0.5112864, 0.5045234, 0.5004832, 0.5084899, 0.5083923, 0.49972168, 0.4998445, 0.5016394, 0.5023034, 0.50595134, 0.5041912, 0.5033042, 0.5029858, 0.5029288, 0.5030199, 0.49980113, 0.50018317, 0.5057221, 0.50488394, 0.505003, 0.5056618, 0.50411415, 0.50237733, 0.4999513, 0.5027265, 0.50169116, 0.50345176, 0.5020813, 0.50059867, 0.50467837, 0.5093722, 0.50366265, 0.50039786, 0.50304747, 0.5011191, 0.500864, 0.49977455, 0.5014725, 0.5098017, 0.50374454, 0.5052903, 0.5055514, 0.49985388, 0.5013715, 0.50022495, 0.50330704, 0.50019145, 0.5018642, 0.5010746, 0.5028079, 0.5048585, 0.5007304, 0.5031468, 0.50416166, 0.50432676, 0.50245106, 0.49981815, 0.50089794, 0.50010026, 0.512883, 0.5117478, 0.51205605, 0.5121451, 0.5153083, 0.5129706, 0.51388997, 0.5128432, 0.5134676, 0.5138616, 0.51399446, 0.51439905, 0.51326996, 0.51484734, 0.51298606, 0.5159387, 0.5161616, 0.51485026, 0.5140069, 0.5132183, 0.51278996, 0.5159905, 0.51456195, 0.5135335, 0.5156738, 0.515134, 0.5152876, 0.51530266, 0.51551694, 0.5134187, 0.51460475, 0.51502985, 0.51461774, 0.5129044, 0.512017, 0.51500994, 0.5141475, 0.51439273, 0.51433295, 0.5132895, 0.51339686, 0.51586175, 0.5132825, 0.5157197, 0.51243824, 0.5128623, 0.5133025, 0.5148863, 0.5132478, 0.5148342, 0.51569825, 0.5165079, 0.5153028, 0.5137735, 0.5145532, 0.51454264, 0.5143961, 0.513895, 0.5146163, 0.51575774, 0.51202035, 0.5159217, 0.5158416, 0.5148587, 0.5156878, 0.5164101, 0.51332927, 0.5143891, 0.51397496, 0.5139643, 0.5135247, 0.514479, 0.51512545, 0.51505774, 0.51467884, 0.5158803, 0.51408195, 0.5154679, 0.5127996, 0.5136647, 0.5123732, 0.5133566, 0.51424754, 0.51401246, 0.515521, 0.5150896, 0.51304775, 0.5133526, 0.5144508, 0.51550114, 0.51526135, 0.515815, 0.5148969, 0.51575005, 0.51440865, 0.51515, 0.5131654, 0.5134074, 0.5124112, 0.5129667, 0.512392, 0.51247627, 0.51396054, 0.5127895, 0.5155993, 0.5136947, 0.51265275, 0.51383275, 0.51418763, 0.5126757, 0.51201713, 0.5153173, 0.5144837, 0.5137731, 0.51480585, 0.5138749, 0.5129581, 0.5151013, 0.5155675, 0.5150496, 0.515029, 0.51546943, 0.5151117, 0.515246, 0.51644266, 0.5153919, 0.5154546, 0.5167363, 0.5132489, 0.51469374, 0.5148826, 0.51745045, 0.51517713, 0.5158392, 0.5149237, 0.5167508, 0.51255214, 0.515186]
[0.5023644, 0.5028727, 0.50188965, 0.500732, 0.50844675, 0.5111161, 0.4999727, 0.50255567, 0.499992, 0.4995574, 0.50201035, 0.5002813, 0.5028748, 0.5103417, 0.5015462, 0.5012971, 0.50680864, 0.50707674, 0.5014976, 0.5024897, 0.50091034, 0.49941275, 0.5036963, 0.5015734, 0.50098175, 0.4999827, 0.4998427, 0.5001802, 0.50162953, 0.5004678, 0.50497925, 0.50262064, 0.501666, 0.5031119, 0.50141037, 0.4994997, 0.5024287, 0.505176, 0.5008925, 0.5001792, 0.49945235, 0.5008632, 0.5018525, 0.508052, 0.50099057, 0.50089926, 0.5003123, 0.50109965, 0.5009872, 0.502079, 0.50051194, 0.50868946, 0.50097644, 0.5026548, 0.5024508, 0.5021151, 0.50087726, 0.5013848, 0.5004248, 0.5021649, 0.5040781, 0.5000152, 0.50005656, 0.50106853, 0.50054985, 0.50113577, 0.50139165, 0.501294, 0.49948663, 0.5022034, 0.5037425, 0.5015421, 0.5115111, 0.51045495, 0.5104422, 0.5110698, 0.513776, 0.51243067, 0.5120187, 0.5118626, 0.5125073, 0.51279235, 0.51282626, 0.5129316, 0.51192254, 0.51350904, 0.51163065, 0.51435345, 0.5141332, 0.5133296, 0.5126747, 0.5124369, 0.5120157, 0.5143216, 0.51315725, 0.5119433, 0.51401615, 0.51421845, 0.51354957, 0.5139225, 0.5141001, 0.51211894, 0.51358104, 0.5139923, 0.51345515, 0.51209086, 0.51071507, 0.51404345, 0.5130597, 0.51347566, 0.51307434, 0.5121013, 0.5123436, 0.5141904, 0.51163214, 0.51449865, 0.5113599, 0.5116475, 0.5121669, 0.5132418, 0.5122972, 0.51362026, 0.5141261, 0.5151417, 0.5135853, 0.51303625, 0.51311934, 0.5131677, 0.5130233, 0.51256746, 0.5130051, 0.5146914, 0.5108694, 0.5145247, 0.5144035, 0.5134007, 0.51429325, 0.5148279, 0.5122663, 0.5130475, 0.51273817, 0.51326555, 0.512256, 0.5133259, 0.5140329, 0.51376957, 0.5132047, 0.5140142, 0.51279455, 0.51414335, 0.5116934, 0.51225805, 0.5114776, 0.5118099, 0.5128482, 0.5127825, 0.5143113, 0.51359904, 0.5118015, 0.51209825, 0.5131124, 0.51401746, 0.51411146, 0.51433235, 0.51313716, 0.5141924, 0.5132867, 0.5135938, 0.511797, 0.51203066, 0.51134753, 0.51192605, 0.51084745, 0.5107566, 0.5130324, 0.51170504, 0.5143588, 0.51262647, 0.5116007, 0.5128808, 0.5130286, 0.5115351, 0.5111306, 0.51425594, 0.5130795, 0.5121438, 0.5127813, 0.51174784, 0.5112235, 0.51401716, 0.513685, 0.5138922, 0.51413953, 0.5141035, 0.5138321, 0.5142242, 0.5148082, 0.5136427, 0.5143266, 0.51535606, 0.512478, 0.51320136, 0.5133581, 0.51571727, 0.51429397, 0.51481134, 0.5130912, 0.51515007, 0.5116129, 0.5139986]
[0.5021613, 0.50264436, 0.50120693, 0.5015983, 0.5126548, 0.5154816, 0.5035295, 0.5013348, 0.50365055, 0.5017007, 0.50199103, 0.5004326, 0.50815725, 0.5150878, 0.50623816, 0.5010173, 0.51096624, 0.51123077, 0.50122505, 0.50176215, 0.50074035, 0.5019792, 0.50941014, 0.5051653, 0.5051727, 0.5034451, 0.5041283, 0.5033027, 0.50141853, 0.5013406, 0.5061432, 0.507794, 0.5074882, 0.5082645, 0.5048398, 0.5028087, 0.5019093, 0.50413054, 0.50220734, 0.50512844, 0.5023383, 0.5007337, 0.5072159, 0.5118528, 0.5039445, 0.500593, 0.5031381, 0.500598, 0.50099176, 0.5015858, 0.50117666, 0.51278156, 0.5052467, 0.50887537, 0.5083621, 0.50112605, 0.5005025, 0.50065696, 0.50369674, 0.5018905, 0.5033659, 0.5022714, 0.5052016, 0.5061812, 0.50046414, 0.50303906, 0.50658935, 0.505282, 0.50456965, 0.5017829, 0.5023865, 0.5005497, 0.5163487, 0.5150229, 0.51515424, 0.5156317, 0.5187318, 0.5169305, 0.51682657, 0.5164507, 0.5168659, 0.5169766, 0.51752627, 0.5181781, 0.5163191, 0.5183097, 0.5166959, 0.5195731, 0.5194469, 0.51816356, 0.5174711, 0.51728725, 0.5164826, 0.51986563, 0.51834697, 0.5167949, 0.5195726, 0.5190585, 0.5184104, 0.51825476, 0.5188579, 0.5166799, 0.518733, 0.51855147, 0.51780397, 0.5162919, 0.51497656, 0.51908994, 0.51755226, 0.5182449, 0.51778984, 0.51645917, 0.51686835, 0.5190001, 0.5168222, 0.51945555, 0.5160723, 0.51650995, 0.5165918, 0.5182259, 0.5166593, 0.5191536, 0.5190125, 0.51955956, 0.51876163, 0.5172224, 0.5174593, 0.517815, 0.51779747, 0.5172333, 0.518038, 0.51949173, 0.5150766, 0.5193077, 0.5188748, 0.5186778, 0.520004, 0.5197436, 0.5168034, 0.5173192, 0.5174017, 0.51716435, 0.517028, 0.5181431, 0.51889336, 0.5191449, 0.5182465, 0.519255, 0.5172151, 0.5184751, 0.5160337, 0.5170512, 0.5157136, 0.5164913, 0.51741546, 0.5173366, 0.51923937, 0.5186876, 0.5166659, 0.5167137, 0.5180496, 0.51905406, 0.51848465, 0.5196426, 0.5186352, 0.51886976, 0.51808304, 0.5183603, 0.51669097, 0.51702654, 0.5163895, 0.5169876, 0.5155679, 0.51553196, 0.51777023, 0.5162673, 0.5189967, 0.51668835, 0.5156246, 0.51781154, 0.517723, 0.5163319, 0.5157787, 0.51889765, 0.51792085, 0.51682395, 0.51822263, 0.51749665, 0.51685566, 0.5187061, 0.5190325, 0.5189039, 0.5188106, 0.51849294, 0.5192287, 0.5185711, 0.51977664, 0.5186478, 0.5189301, 0.52045953, 0.5171492, 0.5181118, 0.5182869, 0.5210655, 0.5183867, 0.5192501, 0.51766485, 0.5203389, 0.51605344, 0.51884747]
[0.5016754, 0.50207496, 0.50132364, 0.50253344, 0.5072999, 0.5086205, 0.50283766, 0.50116956, 0.50305736, 0.50231117, 0.5010213, 0.50163287, 0.50535303, 0.50836325, 0.5035748, 0.5014288, 0.5064202, 0.5065008, 0.50094503, 0.50304353, 0.5009832, 0.5026272, 0.5052284, 0.502828, 0.50400513, 0.5034498, 0.50332135, 0.5028827, 0.5019265, 0.50183046, 0.50302577, 0.5044613, 0.50373274, 0.5039514, 0.5031206, 0.5023377, 0.5019473, 0.50575227, 0.5016256, 0.5031355, 0.5024341, 0.501003, 0.50447035, 0.50660527, 0.5028463, 0.5011823, 0.5031267, 0.50129694, 0.5012555, 0.50088376, 0.5016604, 0.5072325, 0.50380605, 0.5044328, 0.504701, 0.50103116, 0.50105375, 0.50139576, 0.5015367, 0.50240743, 0.5047491, 0.5019786, 0.5030632, 0.5041514, 0.5018719, 0.50285995, 0.5028903, 0.50372916, 0.5030748, 0.5019349, 0.50339746, 0.50102097, 0.5091783, 0.5084217, 0.50872546, 0.5088591, 0.5102175, 0.5089537, 0.5093515, 0.508999, 0.50920063, 0.50953937, 0.50990856, 0.5101161, 0.5093562, 0.51015294, 0.5090428, 0.51105255, 0.5108939, 0.5095376, 0.5097585, 0.5093434, 0.50896895, 0.5109015, 0.5101852, 0.50970274, 0.5106909, 0.51051, 0.5102436, 0.510306, 0.5102105, 0.5096365, 0.5100249, 0.5100926, 0.5099065, 0.5087181, 0.507974, 0.51038784, 0.50960124, 0.50970477, 0.50986695, 0.5093736, 0.5095635, 0.5102292, 0.5094262, 0.51041526, 0.5090131, 0.5091347, 0.5093034, 0.51027274, 0.50923675, 0.5106282, 0.5107797, 0.5110301, 0.510395, 0.5098169, 0.50980985, 0.5099225, 0.5100252, 0.5092568, 0.50972176, 0.5106541, 0.5082636, 0.51055163, 0.5105942, 0.5101949, 0.5106316, 0.5108074, 0.5089145, 0.509534, 0.50945544, 0.5088051, 0.50977445, 0.51022464, 0.5104, 0.5100942, 0.5097949, 0.51045513, 0.5093751, 0.51044464, 0.50887907, 0.50933415, 0.5089115, 0.5093633, 0.5097281, 0.50964206, 0.5108628, 0.5100629, 0.5091197, 0.50893664, 0.5100421, 0.5103301, 0.51011485, 0.51088184, 0.51010424, 0.51033634, 0.5097649, 0.51000655, 0.50882405, 0.5100075, 0.50855905, 0.5092015, 0.5085807, 0.50866044, 0.5097046, 0.50926244, 0.51037383, 0.50957114, 0.50855535, 0.5095773, 0.50937057, 0.50887245, 0.50850964, 0.5102288, 0.5103426, 0.5092911, 0.5103545, 0.51010793, 0.5097392, 0.51016873, 0.51029193, 0.51043296, 0.51008517, 0.5101488, 0.51081884, 0.51041466, 0.5106838, 0.5106607, 0.51053596, 0.51114196, 0.5092892, 0.5099613, 0.5102134, 0.51163685, 0.5097831, 0.50994575, 0.509967, 0.51068723, 0.508794, 0.51041025]
[0.5011257, 0.5018494, 0.5008543, 0.5006071, 0.51131916, 0.51380926, 0.50276613, 0.5008958, 0.5030544, 0.5018276, 0.5016592, 0.5001434, 0.5063065, 0.51319283, 0.5046694, 0.5010072, 0.50931895, 0.50965166, 0.5003997, 0.5015051, 0.500256, 0.5023184, 0.50728166, 0.5043363, 0.5046546, 0.5042072, 0.50300336, 0.50339234, 0.50109833, 0.5009292, 0.5053999, 0.50609297, 0.5045788, 0.5059094, 0.50326496, 0.5020815, 0.50114614, 0.503713, 0.50097704, 0.5036728, 0.5024232, 0.5005922, 0.50533336, 0.5107106, 0.5044246, 0.50009376, 0.50137514, 0.5004092, 0.50038445, 0.5005103, 0.50097233, 0.51125926, 0.5045734, 0.50622743, 0.50656945, 0.5009717, 0.5003211, 0.50027865, 0.50213385, 0.5010311, 0.50286955, 0.501718, 0.5036254, 0.50553966, 0.5006301, 0.5020217, 0.5050825, 0.5045904, 0.50286037, 0.50080645, 0.502147, 0.50017273, 0.51453847, 0.5126495, 0.5133269, 0.5139213, 0.5169906, 0.5144939, 0.51532006, 0.51414967, 0.5154911, 0.5159932, 0.5157755, 0.5158099, 0.5151393, 0.51649594, 0.51524216, 0.51858723, 0.51866794, 0.5165766, 0.5160084, 0.5153894, 0.5147103, 0.5182449, 0.51632005, 0.5150221, 0.51799417, 0.51780283, 0.5173642, 0.51714367, 0.5175915, 0.5154822, 0.5165639, 0.51676184, 0.5163896, 0.51422566, 0.51361495, 0.51750743, 0.5158195, 0.51662195, 0.51657474, 0.5150549, 0.515305, 0.51769805, 0.5152144, 0.5179682, 0.5141173, 0.51475996, 0.51517034, 0.5170903, 0.5153948, 0.51747286, 0.5177647, 0.51874447, 0.51740724, 0.5162667, 0.5166788, 0.5166761, 0.516607, 0.51527476, 0.5161436, 0.5181926, 0.51331484, 0.51788133, 0.5179375, 0.5169943, 0.5179062, 0.5186727, 0.5150034, 0.5160742, 0.5159996, 0.5152072, 0.5150045, 0.51645863, 0.51714754, 0.51737857, 0.51654166, 0.5179872, 0.5154264, 0.51731855, 0.51449525, 0.5155287, 0.5142561, 0.51493424, 0.5162684, 0.51583314, 0.51787794, 0.5166886, 0.5144993, 0.5149815, 0.5164225, 0.51780385, 0.5177208, 0.5180492, 0.5165388, 0.51780224, 0.5162595, 0.51710117, 0.5148896, 0.51578707, 0.51413447, 0.51520604, 0.51396275, 0.51405764, 0.5162881, 0.5148618, 0.5181153, 0.51498455, 0.5142861, 0.51590186, 0.5163946, 0.5143869, 0.5138229, 0.51750696, 0.51701176, 0.5156772, 0.51688474, 0.51584846, 0.5149344, 0.51725036, 0.51758605, 0.5170409, 0.5174003, 0.5173504, 0.51705295, 0.5173839, 0.5186126, 0.5173028, 0.5178, 0.51943415, 0.51547307, 0.5165908, 0.5169356, 0.51967865, 0.5169539, 0.51780945, 0.5166829, 0.51856685, 0.5142505, 0.51774895]
[0.5029416, 0.5033776, 0.50190926, 0.5007289, 0.50934196, 0.51123464, 0.5025166, 0.50255716, 0.50155103, 0.50060344, 0.5029087, 0.50080323, 0.5051373, 0.5106671, 0.50350213, 0.501758, 0.5079083, 0.5075223, 0.50213397, 0.5034565, 0.50244623, 0.5019258, 0.50520813, 0.50189924, 0.50324106, 0.5030344, 0.50191844, 0.50287336, 0.50218916, 0.5023533, 0.50285876, 0.50510806, 0.50485194, 0.50519526, 0.50230646, 0.50146115, 0.5031931, 0.50598466, 0.50074935, 0.50278336, 0.5013915, 0.50258833, 0.50411385, 0.50828373, 0.5019375, 0.5023831, 0.50296766, 0.501106, 0.50130624, 0.50233287, 0.50091964, 0.5090272, 0.5034067, 0.5052775, 0.50511676, 0.5024683, 0.50117457, 0.50132006, 0.5009434, 0.5027586, 0.50502646, 0.5015167, 0.50248754, 0.50463057, 0.5010696, 0.5019187, 0.50323385, 0.5035244, 0.50278944, 0.5017377, 0.50406903, 0.5014068, 0.5124757, 0.5111958, 0.5115953, 0.51185906, 0.5140295, 0.5120601, 0.5121486, 0.51226705, 0.5122629, 0.5122612, 0.5129044, 0.5131093, 0.51265454, 0.5133817, 0.51194584, 0.5150996, 0.5145205, 0.51285845, 0.5123084, 0.51232314, 0.51208466, 0.51500887, 0.5132405, 0.51271975, 0.5144562, 0.51398754, 0.5142995, 0.5133287, 0.51381886, 0.5129215, 0.5136194, 0.5133149, 0.5133999, 0.5117014, 0.5106015, 0.51401687, 0.512798, 0.5126256, 0.5136785, 0.5124177, 0.51261204, 0.51439345, 0.5121883, 0.5141665, 0.51125944, 0.5122289, 0.51203954, 0.5134645, 0.51163393, 0.51426035, 0.51448274, 0.51510006, 0.5142569, 0.51262903, 0.513027, 0.5133698, 0.5129351, 0.5127054, 0.5135799, 0.51467746, 0.51061743, 0.5144108, 0.5142404, 0.51384354, 0.5147454, 0.5151009, 0.5123467, 0.5127512, 0.5124182, 0.51165247, 0.51241165, 0.5134195, 0.51395434, 0.51378715, 0.5131231, 0.51408833, 0.5121364, 0.51386, 0.51177746, 0.5118251, 0.5112786, 0.5121986, 0.51288396, 0.51275325, 0.5145522, 0.51360893, 0.5116155, 0.51171476, 0.5133422, 0.51352507, 0.5136597, 0.5147694, 0.51320755, 0.51351506, 0.51309574, 0.5133177, 0.511449, 0.5131974, 0.51117396, 0.51195747, 0.5108642, 0.5110707, 0.5129937, 0.5117003, 0.51388127, 0.5125662, 0.5112668, 0.5127657, 0.51285034, 0.51163894, 0.5111383, 0.5138882, 0.5141387, 0.51213515, 0.5138263, 0.5134626, 0.5127035, 0.51384985, 0.51401097, 0.51362354, 0.51366407, 0.5134025, 0.51478344, 0.514038, 0.5144487, 0.5142963, 0.51427954, 0.5154009, 0.5120036, 0.5132778, 0.51346606, 0.51605684, 0.51325774, 0.513144, 0.5132249, 0.5150389, 0.5116852, 0.5137644]
[0.5007144, 0.5009875, 0.5009096, 0.50186986, 0.50737333, 0.50852406, 0.50175464, 0.5007891, 0.5022781, 0.5019515, 0.5004697, 0.5013514, 0.50461006, 0.5086901, 0.5032474, 0.50025344, 0.50612724, 0.50617576, 0.50036144, 0.5009055, 0.5004185, 0.502251, 0.5051158, 0.5029508, 0.5027928, 0.5028517, 0.5030643, 0.50218123, 0.5009746, 0.5008554, 0.50253326, 0.5051141, 0.50404954, 0.50448674, 0.50319713, 0.50216514, 0.50063777, 0.5029151, 0.5012024, 0.5027077, 0.5017261, 0.50044185, 0.5042064, 0.5067135, 0.5024834, 0.5004849, 0.5030245, 0.5010586, 0.5011638, 0.50042886, 0.50140095, 0.5073588, 0.50294644, 0.5043238, 0.5042732, 0.5005282, 0.5007698, 0.5008715, 0.50118214, 0.5008116, 0.5020983, 0.5018531, 0.50304496, 0.50342166, 0.5008283, 0.50224894, 0.50310963, 0.50306946, 0.5024746, 0.5006946, 0.5019255, 0.5005442, 0.5093466, 0.50856096, 0.5088152, 0.5087629, 0.5104869, 0.5090151, 0.5094974, 0.5089647, 0.5093346, 0.50949144, 0.51003027, 0.51024926, 0.5093419, 0.5101107, 0.50915504, 0.5109672, 0.51083565, 0.509776, 0.50970405, 0.50944155, 0.5090199, 0.51104504, 0.5104612, 0.50960433, 0.51086116, 0.5106045, 0.51039207, 0.5103221, 0.510462, 0.50940627, 0.5101075, 0.50996125, 0.50991666, 0.5086667, 0.50816894, 0.510469, 0.50974244, 0.50984627, 0.50956327, 0.50923854, 0.5096077, 0.51022434, 0.50951517, 0.51083803, 0.5090093, 0.5091342, 0.509192, 0.5104076, 0.5092646, 0.5106393, 0.5108072, 0.5111209, 0.5105471, 0.5096305, 0.50988704, 0.50968343, 0.51027346, 0.5094511, 0.5099688, 0.51077586, 0.5080617, 0.51064104, 0.51081437, 0.510361, 0.51083064, 0.51106024, 0.50925905, 0.509509, 0.50997627, 0.50934935, 0.5098693, 0.51025563, 0.51060146, 0.51036566, 0.51025623, 0.5108004, 0.5096073, 0.5104881, 0.50926936, 0.5094698, 0.50901675, 0.5094207, 0.5099329, 0.50979185, 0.51086074, 0.51033384, 0.5091452, 0.50909567, 0.5101738, 0.5104914, 0.5105938, 0.5110335, 0.5102605, 0.5104878, 0.5099639, 0.510234, 0.50895286, 0.51007104, 0.50875336, 0.5093411, 0.50863796, 0.5088169, 0.50981295, 0.50906813, 0.5105417, 0.50963855, 0.5084225, 0.50969815, 0.5096349, 0.508925, 0.508377, 0.51048476, 0.5103278, 0.5095628, 0.5105651, 0.51026815, 0.50989205, 0.5103179, 0.5104831, 0.5103426, 0.5101879, 0.5103359, 0.51104176, 0.51061594, 0.5109046, 0.51073945, 0.51051944, 0.51144826, 0.5096994, 0.51015544, 0.5103009, 0.511815, 0.50987583, 0.51024824, 0.50987566, 0.51110154, 0.5086969, 0.5103039]
[0.50039995, 0.5008715, 0.50019073, 0.50172436, 0.50814533, 0.5104073, 0.5009106, 0.49949804, 0.50139415, 0.50053656, 0.49940157, 0.50033355, 0.5052696, 0.50970155, 0.5021048, 0.49991015, 0.5065598, 0.5069184, 0.5001126, 0.5010759, 0.4994611, 0.5010711, 0.50430363, 0.50194466, 0.5018395, 0.50079644, 0.5005586, 0.500643, 0.5014261, 0.50047874, 0.5045795, 0.5033218, 0.5030135, 0.50333345, 0.50334835, 0.50042033, 0.50048935, 0.5040937, 0.50083476, 0.502141, 0.4999928, 0.49939027, 0.5041909, 0.50738746, 0.50069577, 0.49994886, 0.5029414, 0.5009858, 0.49948138, 0.50023043, 0.50043887, 0.5083305, 0.5013715, 0.5026519, 0.50387084, 0.4995875, 0.49997783, 0.49962384, 0.49981624, 0.5006021, 0.5025099, 0.49972394, 0.5013847, 0.50206983, 0.4995627, 0.5027024, 0.5012455, 0.5016008, 0.50128645, 0.5007491, 0.50152856, 0.4995974, 0.510779, 0.50974876, 0.51013696, 0.51022863, 0.5129256, 0.510662, 0.5111318, 0.51060224, 0.5111894, 0.5113537, 0.5116229, 0.512425, 0.51122063, 0.51273346, 0.5108536, 0.51297283, 0.5129198, 0.51194155, 0.5115087, 0.5112769, 0.5108639, 0.51341987, 0.5126091, 0.51118827, 0.5130475, 0.5127045, 0.5121819, 0.51307935, 0.5127985, 0.5111254, 0.5119935, 0.512703, 0.51240826, 0.51029855, 0.50923055, 0.5127815, 0.5118662, 0.5120352, 0.5116968, 0.5110443, 0.5115428, 0.513049, 0.51142955, 0.5131345, 0.51096666, 0.51114196, 0.5107663, 0.5124044, 0.5116773, 0.512534, 0.5130206, 0.5137871, 0.51269966, 0.51207066, 0.5122709, 0.51182616, 0.5126771, 0.511888, 0.5118699, 0.5131543, 0.5092014, 0.5130733, 0.5132458, 0.51210195, 0.5130954, 0.51364243, 0.51068574, 0.51193887, 0.5121596, 0.51177645, 0.51130587, 0.5122431, 0.513046, 0.5123372, 0.5120251, 0.51332515, 0.5114743, 0.5127288, 0.51041985, 0.5113823, 0.51062006, 0.5111918, 0.5117723, 0.5119966, 0.5129778, 0.51279074, 0.51108485, 0.51074415, 0.5120163, 0.5128028, 0.5129994, 0.51285267, 0.51289576, 0.5130403, 0.5119743, 0.5122361, 0.51039183, 0.5119119, 0.5107361, 0.5109999, 0.51005983, 0.5102908, 0.5116303, 0.51050025, 0.5128726, 0.51173824, 0.51046014, 0.511797, 0.5112037, 0.51049435, 0.51035637, 0.5131548, 0.5119143, 0.51170146, 0.51290107, 0.5123563, 0.5117601, 0.51268005, 0.5131934, 0.512526, 0.51199913, 0.512876, 0.5137427, 0.5130056, 0.5130883, 0.51341087, 0.5129579, 0.5140326, 0.5114462, 0.51229167, 0.51270264, 0.514208, 0.5128193, 0.51324385, 0.512036, 0.51366854, 0.51074266, 0.5122195]
[0.5023597, 0.50205797, 0.50409526, 0.5063599, 0.51486015, 0.5164333, 0.5074789, 0.50266194, 0.50738937, 0.5063819, 0.50350225, 0.5057869, 0.51096535, 0.5165368, 0.50839365, 0.50266284, 0.5126497, 0.5128636, 0.50408685, 0.5019508, 0.50327945, 0.50743145, 0.5105702, 0.5064592, 0.5093701, 0.50818586, 0.50743514, 0.50732183, 0.5032182, 0.50364095, 0.5083321, 0.51067615, 0.50938797, 0.50935686, 0.50777346, 0.5065824, 0.50260943, 0.50117135, 0.5060756, 0.508227, 0.5065275, 0.5031352, 0.5098683, 0.5132101, 0.50766534, 0.5027072, 0.50955933, 0.50581706, 0.50549924, 0.5037934, 0.50581384, 0.5146316, 0.50849676, 0.51031923, 0.51036423, 0.5038393, 0.504601, 0.505283, 0.5052703, 0.50242, 0.5002575, 0.50616294, 0.5086832, 0.50969976, 0.5054032, 0.5073104, 0.50784093, 0.5081619, 0.5080463, 0.5035091, 0.50101346, 0.5043949, 0.5175402, 0.51652086, 0.5170761, 0.5169355, 0.5195082, 0.51731366, 0.5177499, 0.5174158, 0.51775336, 0.51838773, 0.51866984, 0.51895255, 0.51793754, 0.5191737, 0.517114, 0.5204474, 0.52004874, 0.5179302, 0.51812816, 0.517681, 0.5173729, 0.52062726, 0.51946235, 0.51807815, 0.51997274, 0.51943517, 0.5190751, 0.51871103, 0.5191468, 0.51828104, 0.5188783, 0.5190507, 0.5186777, 0.5168112, 0.5153972, 0.5195722, 0.51823235, 0.517997, 0.51884615, 0.51792705, 0.5183468, 0.51926106, 0.51787114, 0.51951593, 0.51702905, 0.5175274, 0.51749516, 0.5193067, 0.5169211, 0.5197071, 0.5200976, 0.52052665, 0.5193222, 0.5184284, 0.51863533, 0.5189075, 0.5190754, 0.51791465, 0.51884335, 0.52008194, 0.5158401, 0.5197281, 0.5197681, 0.51892364, 0.5199661, 0.5202592, 0.51757133, 0.51820654, 0.51778966, 0.51701933, 0.51836896, 0.5188379, 0.51957625, 0.51924175, 0.51821464, 0.51944876, 0.5175301, 0.5196544, 0.5170216, 0.51749146, 0.5170624, 0.51789033, 0.51836675, 0.5183935, 0.520149, 0.5190562, 0.5174933, 0.51704925, 0.5189928, 0.5189172, 0.5189711, 0.52042264, 0.51872265, 0.51931435, 0.518513, 0.518902, 0.5166591, 0.51933855, 0.51640016, 0.51745206, 0.5162017, 0.5166523, 0.5182247, 0.51734495, 0.51919264, 0.51826376, 0.51645535, 0.5182238, 0.5179503, 0.5164644, 0.51636285, 0.5196756, 0.51927376, 0.51784647, 0.5194454, 0.51925224, 0.5185741, 0.519306, 0.519298, 0.5192109, 0.5194644, 0.5184641, 0.5206434, 0.51959836, 0.52010506, 0.5198423, 0.5197183, 0.521167, 0.51768047, 0.51867616, 0.51941687, 0.521565, 0.51850694, 0.51872367, 0.5184223, 0.52010876, 0.5171289, 0.51900536]
[0.5003158, 0.50123966, 0.50066864, 0.5020805, 0.510453, 0.5125379, 0.5035744, 0.50047046, 0.5035814, 0.50280875, 0.5008944, 0.50119936, 0.5064153, 0.5117646, 0.50536096, 0.49993742, 0.508639, 0.5084885, 0.50034946, 0.50196356, 0.5005226, 0.5025107, 0.5070426, 0.50407195, 0.50400525, 0.50395834, 0.5036417, 0.5036139, 0.500251, 0.5004627, 0.5047274, 0.5057383, 0.5053515, 0.5056101, 0.5044435, 0.50297904, 0.5006101, 0.50408244, 0.50299346, 0.5046805, 0.50179553, 0.50066894, 0.5059133, 0.50948346, 0.5029926, 0.5002679, 0.5041553, 0.50129807, 0.5005782, 0.5000238, 0.5013744, 0.5100294, 0.5047859, 0.5060868, 0.5060307, 0.5003688, 0.5014823, 0.5006557, 0.50199914, 0.5003843, 0.5029108, 0.50231355, 0.5035319, 0.50567675, 0.5011949, 0.5035577, 0.5048404, 0.5043947, 0.50415236, 0.50071394, 0.5018674, 0.50090396, 0.5130356, 0.5120638, 0.51208305, 0.5123434, 0.5151033, 0.5133107, 0.5134414, 0.5129936, 0.51375246, 0.51354975, 0.5146309, 0.514325, 0.5134716, 0.5144204, 0.51300573, 0.51578784, 0.5160266, 0.51469123, 0.5133385, 0.51333207, 0.51268524, 0.51576203, 0.51441807, 0.5135514, 0.51574624, 0.5149507, 0.5152163, 0.5149109, 0.51492614, 0.5135085, 0.514718, 0.5147175, 0.5146122, 0.51232564, 0.51157796, 0.5150226, 0.513966, 0.51441795, 0.5140198, 0.51292646, 0.5136342, 0.5153449, 0.5131762, 0.5155558, 0.51253843, 0.5134169, 0.51308054, 0.5144574, 0.51331884, 0.5153387, 0.5155017, 0.5163632, 0.51507914, 0.5136311, 0.5139615, 0.51376814, 0.5142135, 0.5133645, 0.5140219, 0.5155789, 0.5114082, 0.5157425, 0.51517063, 0.5150005, 0.5158029, 0.51592726, 0.5134379, 0.51407194, 0.5139236, 0.5134127, 0.5138099, 0.51450926, 0.51515305, 0.51508176, 0.514134, 0.51515025, 0.5133065, 0.51478547, 0.51282626, 0.51358736, 0.5125763, 0.51305556, 0.51389265, 0.51414496, 0.5154728, 0.51500463, 0.5127423, 0.5130598, 0.51448834, 0.51525825, 0.51506466, 0.51589644, 0.5147644, 0.51535404, 0.5139613, 0.5144582, 0.51316535, 0.51387894, 0.51260793, 0.5132266, 0.5121155, 0.5121383, 0.5143445, 0.5127374, 0.51511157, 0.5132127, 0.5124051, 0.51380855, 0.51416785, 0.51254034, 0.5121834, 0.51515967, 0.5147126, 0.5135795, 0.51482147, 0.51417553, 0.5134231, 0.51502365, 0.51513773, 0.5151246, 0.5150087, 0.5149698, 0.51501286, 0.5148359, 0.51584643, 0.5148806, 0.5148605, 0.5165905, 0.51344454, 0.514067, 0.51463085, 0.5172803, 0.51415104, 0.51509345, 0.5143988, 0.51606905, 0.51231223, 0.5147834]
[0.4995479, 0.49968442, 0.49911678, 0.50108606, 0.5148893, 0.51717466, 0.5074523, 0.49941626, 0.50354415, 0.5020472, 0.4995974, 0.4994825, 0.50917596, 0.51630485, 0.50660324, 0.49910212, 0.5124637, 0.5128158, 0.49989864, 0.49957216, 0.49987987, 0.50392944, 0.51033914, 0.50587577, 0.50588346, 0.50566155, 0.5054182, 0.50375473, 0.49942905, 0.4992485, 0.5098933, 0.5092909, 0.5082708, 0.50985515, 0.5063275, 0.5036286, 0.4992961, 0.500639, 0.5031185, 0.50622404, 0.50249517, 0.49998724, 0.5096552, 0.51353717, 0.50698644, 0.5001377, 0.5074403, 0.50183785, 0.49985597, 0.49929962, 0.5017802, 0.5143248, 0.50673497, 0.508992, 0.5097581, 0.4992198, 0.50025773, 0.4994909, 0.5022131, 0.49924085, 0.5002125, 0.50414693, 0.506154, 0.50868475, 0.49989507, 0.50443333, 0.5076563, 0.5079427, 0.50622183, 0.49907446, 0.4996168, 0.5008968, 0.51831967, 0.51685727, 0.51667506, 0.5172756, 0.52005154, 0.5187088, 0.5184095, 0.51771593, 0.5181361, 0.5187626, 0.51869553, 0.5189652, 0.51794016, 0.5192971, 0.517617, 0.5207497, 0.5203893, 0.51934475, 0.51815253, 0.5183064, 0.51778996, 0.5206141, 0.51886195, 0.51786, 0.5202314, 0.5200249, 0.5199056, 0.51971835, 0.52026415, 0.51816773, 0.5196777, 0.5202858, 0.5193492, 0.51806206, 0.51675695, 0.52042717, 0.5189754, 0.5194827, 0.51937073, 0.5183444, 0.51846856, 0.5202579, 0.5175764, 0.520369, 0.5176106, 0.51805186, 0.51812273, 0.5191379, 0.51786214, 0.52005017, 0.520407, 0.521206, 0.5201782, 0.5189962, 0.5188247, 0.51918644, 0.51895225, 0.5185723, 0.519534, 0.52066034, 0.5167232, 0.5201949, 0.5198714, 0.519717, 0.52074736, 0.5211559, 0.51840323, 0.51870525, 0.518551, 0.5184096, 0.5182019, 0.51924884, 0.52017134, 0.52010447, 0.5192783, 0.5201009, 0.51805174, 0.51995546, 0.5169099, 0.5181292, 0.5169679, 0.51800084, 0.5188753, 0.5187849, 0.52049917, 0.5196327, 0.51776755, 0.51824516, 0.51925045, 0.52042973, 0.5203851, 0.5207312, 0.5193839, 0.51984954, 0.5191344, 0.5192048, 0.51769054, 0.51905996, 0.51748574, 0.5179441, 0.51664704, 0.5166822, 0.519071, 0.5178311, 0.5200283, 0.51824343, 0.51741993, 0.5189333, 0.51898086, 0.5174084, 0.5170433, 0.51996917, 0.5197731, 0.51826084, 0.5199277, 0.5192328, 0.51858723, 0.5200076, 0.52020365, 0.52026993, 0.52052796, 0.51999134, 0.5203338, 0.52012163, 0.5207015, 0.5199123, 0.52038914, 0.52137023, 0.5181132, 0.51933813, 0.5196093, 0.5221706, 0.5200241, 0.52043504, 0.5190794, 0.52147895, 0.5177145, 0.5198142]
[0.50321746, 0.5036286, 0.50239825, 0.5009205, 0.51038367, 0.51268625, 0.49996257, 0.502754, 0.50038564, 0.5003919, 0.50267035, 0.5011272, 0.5040761, 0.5125677, 0.50103617, 0.5029211, 0.50830466, 0.50834316, 0.5021998, 0.503026, 0.5018182, 0.5002889, 0.5057902, 0.500695, 0.5013691, 0.50056195, 0.5006709, 0.50026894, 0.50248873, 0.5023632, 0.5028698, 0.50381917, 0.50286305, 0.5041188, 0.5015689, 0.50026286, 0.5026939, 0.50556153, 0.50074065, 0.50131214, 0.5003332, 0.5022191, 0.5037181, 0.50943494, 0.50092345, 0.5019867, 0.50106704, 0.5014831, 0.5017183, 0.5023536, 0.501076, 0.510527, 0.5014551, 0.5034145, 0.5029102, 0.5026158, 0.5015881, 0.50189656, 0.50086254, 0.5030642, 0.5048806, 0.5008523, 0.5009693, 0.5019504, 0.50181836, 0.50002587, 0.50147533, 0.50219196, 0.5001463, 0.5026925, 0.5038856, 0.5019514, 0.51308817, 0.5120987, 0.5122857, 0.5128888, 0.5162181, 0.51384115, 0.5141847, 0.5134826, 0.51403713, 0.51473254, 0.515059, 0.5154535, 0.5138311, 0.516009, 0.5135387, 0.51693666, 0.51705116, 0.5152146, 0.51485854, 0.5141162, 0.5134581, 0.5171602, 0.51563036, 0.5138586, 0.51684755, 0.51599795, 0.5159848, 0.51609105, 0.5162677, 0.5143273, 0.5154272, 0.5157129, 0.5153873, 0.5131294, 0.5120055, 0.5161713, 0.51497126, 0.5153515, 0.51456803, 0.513839, 0.5144781, 0.51650524, 0.5143841, 0.5168826, 0.5130341, 0.5134425, 0.513993, 0.5158561, 0.51394546, 0.51625556, 0.5166883, 0.5175258, 0.51634884, 0.5150203, 0.5151919, 0.5149531, 0.5156758, 0.5139805, 0.5148348, 0.5171212, 0.51201385, 0.51683843, 0.5166636, 0.5156074, 0.51688546, 0.51717925, 0.513633, 0.51468754, 0.515101, 0.5143509, 0.5146082, 0.5158197, 0.51657575, 0.51606065, 0.51562566, 0.516897, 0.51431245, 0.51645267, 0.51369137, 0.5144527, 0.5133763, 0.5139124, 0.51499796, 0.5150287, 0.51695555, 0.51575786, 0.5138982, 0.51372105, 0.5152496, 0.5165743, 0.5160651, 0.5171601, 0.5157324, 0.5166189, 0.5153729, 0.5158421, 0.5136431, 0.5148003, 0.51316506, 0.5140515, 0.51264167, 0.5129424, 0.51497406, 0.51352257, 0.5169222, 0.5146644, 0.5126062, 0.51487887, 0.5150935, 0.51334536, 0.5122191, 0.5162447, 0.5157393, 0.5146246, 0.51622665, 0.5152954, 0.51433605, 0.5161191, 0.5163899, 0.5160358, 0.5158985, 0.516453, 0.51729876, 0.5163693, 0.51737815, 0.5166797, 0.5161829, 0.5179991, 0.5143294, 0.51548237, 0.515814, 0.5185818, 0.5157754, 0.5164407, 0.5151661, 0.5173274, 0.51291984, 0.515885]
[0.5027747, 0.5031066, 0.50183094, 0.5006649, 0.50983125, 0.5123169, 0.50036514, 0.502352, 0.50129205, 0.5006929, 0.50216764, 0.5008231, 0.50476885, 0.511681, 0.502156, 0.5022729, 0.5082494, 0.50882417, 0.5024999, 0.5029397, 0.50176805, 0.50060755, 0.505186, 0.50250566, 0.5022683, 0.5010986, 0.50111926, 0.5010033, 0.5028618, 0.5023815, 0.5028366, 0.5034234, 0.5029354, 0.5035127, 0.5020641, 0.5005036, 0.5028248, 0.5053494, 0.50083894, 0.501601, 0.50034106, 0.5017001, 0.5030824, 0.50897825, 0.500793, 0.50229824, 0.50027996, 0.5015185, 0.50137424, 0.5022766, 0.500969, 0.5100037, 0.50196606, 0.5032684, 0.50378543, 0.50252223, 0.50160575, 0.50186056, 0.50037366, 0.5028242, 0.50452906, 0.501053, 0.5012225, 0.50231314, 0.50156796, 0.5009207, 0.5025009, 0.50260574, 0.5002669, 0.5026418, 0.50347173, 0.5021187, 0.5128397, 0.5114663, 0.51189536, 0.51181155, 0.51480204, 0.5125005, 0.51383173, 0.51249725, 0.5130983, 0.5134243, 0.5140313, 0.51411515, 0.5132878, 0.51458645, 0.51299804, 0.5156521, 0.515706, 0.51417214, 0.5142384, 0.51320976, 0.5127767, 0.51573193, 0.51459235, 0.5132571, 0.51572824, 0.51492685, 0.51483357, 0.5151604, 0.5149391, 0.51344305, 0.5144589, 0.51447, 0.5143159, 0.5126199, 0.51155686, 0.51505923, 0.513815, 0.5142553, 0.5142227, 0.51338375, 0.5137425, 0.51510847, 0.5137299, 0.51511955, 0.5122273, 0.51282936, 0.51290476, 0.5146793, 0.51339096, 0.51494694, 0.51545364, 0.5160932, 0.51517016, 0.5139638, 0.51415616, 0.5141442, 0.5143503, 0.5134397, 0.5140942, 0.51539814, 0.5119779, 0.51570094, 0.5155141, 0.51457876, 0.5150829, 0.5157142, 0.5126619, 0.51418704, 0.51413494, 0.5136766, 0.51393956, 0.5146068, 0.515044, 0.5145545, 0.51466066, 0.5159575, 0.513529, 0.51528424, 0.5132111, 0.5132885, 0.5123822, 0.5130986, 0.51422894, 0.51397073, 0.5151115, 0.5144151, 0.5131668, 0.51298106, 0.51408815, 0.51510864, 0.5147973, 0.515542, 0.5148769, 0.51545644, 0.51417553, 0.5148378, 0.51277006, 0.51350665, 0.51219296, 0.51308703, 0.5122287, 0.51210815, 0.51388824, 0.5128676, 0.5154005, 0.51392204, 0.51263875, 0.51390123, 0.5139877, 0.51234025, 0.5116867, 0.51515853, 0.51445943, 0.51345485, 0.514613, 0.51388896, 0.51308787, 0.51499164, 0.51554877, 0.514787, 0.51469105, 0.5151867, 0.51515645, 0.5149666, 0.5160524, 0.51520693, 0.5154952, 0.5165262, 0.5135095, 0.51460034, 0.5147113, 0.5168431, 0.51431644, 0.5153148, 0.5144887, 0.51617527, 0.5123435, 0.5151084]
[0.5014066, 0.5018382, 0.5008025, 0.5004757, 0.5088558, 0.51055795, 0.5010348, 0.50087315, 0.50140184, 0.5006897, 0.5011731, 0.49996853, 0.5047431, 0.5102558, 0.5027246, 0.5012123, 0.5070766, 0.5072899, 0.5005213, 0.50151694, 0.5005412, 0.5006124, 0.5060397, 0.50162154, 0.501689, 0.5014733, 0.50159585, 0.5008294, 0.500787, 0.50115216, 0.502614, 0.50404, 0.5027034, 0.50321186, 0.5023826, 0.50095934, 0.5007686, 0.50314724, 0.5010292, 0.50237775, 0.5002103, 0.50050646, 0.505377, 0.5080099, 0.5013337, 0.5005531, 0.5017588, 0.50006306, 0.500229, 0.5007761, 0.5001552, 0.5088227, 0.5022758, 0.5048309, 0.5043562, 0.5007256, 0.500105, 0.50030476, 0.5002379, 0.50121075, 0.5023999, 0.5001296, 0.50140154, 0.5034067, 0.50050265, 0.5013703, 0.50270814, 0.502362, 0.5019701, 0.5008797, 0.5016322, 0.50009793, 0.5110161, 0.51033014, 0.51034707, 0.5103658, 0.51274073, 0.5111104, 0.5119648, 0.51090366, 0.5117602, 0.5118329, 0.5120391, 0.5122523, 0.5112973, 0.5125334, 0.5109827, 0.5136549, 0.5134884, 0.51215065, 0.511881, 0.51133066, 0.51062065, 0.5134458, 0.5124322, 0.5114316, 0.51305276, 0.51273996, 0.5125447, 0.5128422, 0.5127681, 0.5114193, 0.51215094, 0.512727, 0.5123007, 0.5105682, 0.50957066, 0.5129846, 0.512026, 0.51237476, 0.51196754, 0.5110068, 0.5115393, 0.5128062, 0.5111294, 0.5131885, 0.5106781, 0.5110377, 0.5111556, 0.5124416, 0.51146877, 0.5132821, 0.5131496, 0.51377517, 0.51286596, 0.51201415, 0.51210475, 0.5115012, 0.51222354, 0.51129544, 0.5120228, 0.51329195, 0.5100185, 0.51321715, 0.513067, 0.5123815, 0.5130309, 0.5134451, 0.5113285, 0.5119568, 0.51198745, 0.5117615, 0.5116737, 0.5124985, 0.51310366, 0.51273644, 0.51242965, 0.5129413, 0.51158655, 0.5126583, 0.51083624, 0.51154697, 0.51067066, 0.5113365, 0.5119398, 0.5121594, 0.51316035, 0.51284564, 0.5109023, 0.5108781, 0.51225734, 0.51306266, 0.512975, 0.513704, 0.51253325, 0.5129674, 0.5120192, 0.5123361, 0.5110954, 0.51231736, 0.5107583, 0.5114137, 0.51036716, 0.51034516, 0.5119243, 0.5111016, 0.5130766, 0.511454, 0.510514, 0.51185805, 0.51193565, 0.5107227, 0.51027554, 0.51308376, 0.51253444, 0.5117009, 0.5129032, 0.51205355, 0.5113464, 0.5127311, 0.512787, 0.5128349, 0.5127725, 0.5128521, 0.51312774, 0.5130039, 0.5134554, 0.5130868, 0.5128817, 0.5141463, 0.5114854, 0.51233333, 0.5124667, 0.5145928, 0.5123282, 0.51304054, 0.51220614, 0.51403296, 0.51048696, 0.51271707]
[0.50245374, 0.5027956, 0.50123966, 0.500063, 0.50843894, 0.51069486, 0.5020219, 0.5021772, 0.50089556, 0.5001874, 0.50196445, 0.5009345, 0.5040085, 0.5107555, 0.50278133, 0.5011677, 0.5067031, 0.50690335, 0.5023323, 0.5024667, 0.5019896, 0.50016654, 0.50533605, 0.5009118, 0.5019787, 0.5015807, 0.5014061, 0.50129855, 0.5019117, 0.50196815, 0.50151104, 0.5042178, 0.50265414, 0.5035467, 0.50219834, 0.50007766, 0.50236344, 0.5047468, 0.49997574, 0.501552, 0.5002088, 0.5019264, 0.5038545, 0.507845, 0.50087386, 0.5021897, 0.5025405, 0.4999436, 0.5007851, 0.50158334, 0.50006795, 0.50868225, 0.50243473, 0.50530005, 0.5037751, 0.5017625, 0.5011437, 0.500883, 0.49998248, 0.5026876, 0.5044379, 0.50024843, 0.5018628, 0.5033862, 0.5008167, 0.50169706, 0.50212884, 0.5017896, 0.5014898, 0.5021919, 0.5034708, 0.5011086, 0.51149964, 0.510739, 0.5109612, 0.5109874, 0.5132223, 0.51145005, 0.51159495, 0.511703, 0.51171714, 0.5116847, 0.51278156, 0.51255375, 0.51164925, 0.5127095, 0.51164955, 0.5140439, 0.51366335, 0.51255625, 0.5122485, 0.5119514, 0.51139265, 0.51387835, 0.5126066, 0.5120891, 0.51360196, 0.5133992, 0.51299566, 0.5128057, 0.51315314, 0.5120927, 0.5130637, 0.5130198, 0.5124728, 0.51090384, 0.5099949, 0.51313347, 0.51199555, 0.51231223, 0.51227266, 0.51154894, 0.5118924, 0.5133163, 0.5115507, 0.5137616, 0.511012, 0.51143813, 0.51161516, 0.5128134, 0.51122546, 0.51353395, 0.5134952, 0.51413935, 0.5132361, 0.5118697, 0.5123042, 0.5122543, 0.5124816, 0.5119442, 0.5126593, 0.5138162, 0.5099326, 0.5139376, 0.5133652, 0.5133186, 0.5139173, 0.5141369, 0.51134604, 0.5118476, 0.5115547, 0.511602, 0.5120518, 0.51282746, 0.5133022, 0.5129957, 0.5122758, 0.513368, 0.511579, 0.5130617, 0.51125926, 0.51140004, 0.5104442, 0.511583, 0.51239043, 0.5120903, 0.5139381, 0.5131476, 0.5114077, 0.51123714, 0.5126864, 0.5134644, 0.5128711, 0.5138196, 0.51284266, 0.51342493, 0.5125506, 0.51283485, 0.51145, 0.51215917, 0.5107529, 0.5118339, 0.510424, 0.5107606, 0.5125424, 0.51143396, 0.5133325, 0.5115014, 0.51050884, 0.5123737, 0.51242507, 0.51125485, 0.5104928, 0.5129502, 0.5128371, 0.51143163, 0.5128525, 0.51243174, 0.51186156, 0.5129912, 0.513135, 0.51325965, 0.5129324, 0.512916, 0.5134643, 0.51312375, 0.5139771, 0.5130343, 0.5132729, 0.5145012, 0.5117931, 0.51271385, 0.51283735, 0.5152375, 0.51256406, 0.5127872, 0.51262224, 0.51425666, 0.5109909, 0.513212]
[0.49959198, 0.50028276, 0.49945045, 0.501444, 0.5102641, 0.5124248, 0.5014846, 0.499663, 0.5030276, 0.5021692, 0.499488, 0.5013844, 0.5060756, 0.5124416, 0.5039028, 0.4993816, 0.50779986, 0.508622, 0.49971387, 0.50059325, 0.4996537, 0.50211704, 0.50636226, 0.5031908, 0.50346047, 0.50232536, 0.5028851, 0.50198084, 0.5000605, 0.4998788, 0.5030788, 0.5053038, 0.5038508, 0.5044236, 0.50343555, 0.50135076, 0.49973252, 0.50209594, 0.5013069, 0.50325966, 0.50164884, 0.49924815, 0.5042464, 0.5087035, 0.5024579, 0.499408, 0.50285757, 0.49991482, 0.50026834, 0.49941167, 0.4999357, 0.51030767, 0.5030125, 0.5048958, 0.50486743, 0.49962068, 0.5003064, 0.49965405, 0.50115556, 0.5000293, 0.5015588, 0.5005669, 0.5020109, 0.5039804, 0.5004355, 0.50170135, 0.5032635, 0.5030443, 0.5016743, 0.49995625, 0.5010374, 0.49970758, 0.5133453, 0.5120894, 0.5124192, 0.51270866, 0.515724, 0.51284295, 0.5140803, 0.5130372, 0.5136647, 0.51414025, 0.5151439, 0.51499075, 0.513627, 0.5153267, 0.5135196, 0.5161406, 0.51651174, 0.5150543, 0.51448107, 0.51400775, 0.51298106, 0.51627004, 0.5151647, 0.51381385, 0.5165446, 0.51595455, 0.5153085, 0.51589006, 0.5155626, 0.5140622, 0.51470226, 0.51508313, 0.51472384, 0.5120362, 0.51170415, 0.5159064, 0.5142959, 0.51480854, 0.51380974, 0.5132151, 0.5142754, 0.5154988, 0.5142633, 0.51592726, 0.51281184, 0.5130598, 0.51309174, 0.51542705, 0.51395786, 0.51581895, 0.5162824, 0.5167702, 0.5159472, 0.5143127, 0.514849, 0.5143575, 0.514942, 0.5138123, 0.5142782, 0.51613486, 0.51152366, 0.51664627, 0.51620233, 0.5148793, 0.5161719, 0.5164551, 0.51277816, 0.51446396, 0.5145587, 0.51417494, 0.51460755, 0.5154545, 0.51583755, 0.5151051, 0.5147337, 0.5164009, 0.51399237, 0.5157991, 0.51364267, 0.51385117, 0.51368004, 0.51408744, 0.5146388, 0.51461303, 0.51609606, 0.51514214, 0.51328117, 0.5133282, 0.5148396, 0.5158495, 0.515605, 0.5162368, 0.5158869, 0.5165856, 0.5147733, 0.5153818, 0.5130209, 0.51420367, 0.512992, 0.5139343, 0.51290643, 0.51287305, 0.5144138, 0.51306826, 0.51643914, 0.51437914, 0.5124157, 0.5143974, 0.51443917, 0.5127619, 0.511818, 0.51535195, 0.51523733, 0.5139023, 0.5153689, 0.5146577, 0.5138621, 0.5153634, 0.51580083, 0.51583004, 0.51505774, 0.5158053, 0.51586, 0.5159714, 0.5167835, 0.51630527, 0.5159108, 0.5170726, 0.51424396, 0.51539135, 0.5151246, 0.51778805, 0.5150559, 0.51564056, 0.5151421, 0.5166532, 0.5128395, 0.51522017]
[0.50318646, 0.5033647, 0.5025246, 0.50145215, 0.51004237, 0.51377916, 0.4992326, 0.5027099, 0.5003704, 0.50079197, 0.5024681, 0.50154036, 0.5019014, 0.5126713, 0.50041044, 0.50305164, 0.5069448, 0.5075705, 0.50264704, 0.50336224, 0.5025322, 0.5004877, 0.50226605, 0.5004756, 0.49920127, 0.49944362, 0.49989548, 0.50025445, 0.50230336, 0.5015314, 0.5018539, 0.5007936, 0.5000934, 0.5009125, 0.49994522, 0.50105536, 0.50348693, 0.5059055, 0.50126696, 0.49989644, 0.501364, 0.50299203, 0.5009779, 0.50841415, 0.50001717, 0.5026138, 0.5018505, 0.50050086, 0.5022156, 0.50291103, 0.5014996, 0.50985765, 0.49994045, 0.5041464, 0.501418, 0.50287086, 0.5022422, 0.5022035, 0.50077677, 0.50352776, 0.5050366, 0.5002405, 0.4994052, 0.5001576, 0.5010398, 0.49965715, 0.4997543, 0.49971098, 0.49919158, 0.50308037, 0.50427264, 0.5020542, 0.51430005, 0.5132646, 0.51392895, 0.51410776, 0.5170312, 0.51544386, 0.5143411, 0.51484066, 0.5155818, 0.51568276, 0.5164716, 0.51635975, 0.514759, 0.5164206, 0.5138685, 0.51798344, 0.5177782, 0.51628894, 0.5154671, 0.51519984, 0.51454264, 0.5190549, 0.51677, 0.5150277, 0.51731575, 0.5175262, 0.51651853, 0.5166133, 0.51717293, 0.5153135, 0.51691335, 0.51682633, 0.51635003, 0.51455855, 0.51203024, 0.51749915, 0.5160994, 0.5164806, 0.5162522, 0.5150924, 0.5155855, 0.5175178, 0.51417506, 0.51824, 0.51404303, 0.51458704, 0.5151681, 0.5166243, 0.5141441, 0.5181417, 0.51757675, 0.5187417, 0.51712865, 0.5158412, 0.5165609, 0.5161436, 0.5166374, 0.51485896, 0.5161633, 0.51882386, 0.5126327, 0.51759726, 0.5175674, 0.5164799, 0.51866657, 0.5187635, 0.51456165, 0.5154965, 0.51523995, 0.5153479, 0.51471573, 0.5163278, 0.5173787, 0.517069, 0.5160354, 0.5172805, 0.51469874, 0.51725745, 0.5135584, 0.5151579, 0.5139434, 0.51479757, 0.51586634, 0.51616144, 0.51817036, 0.51666945, 0.51460254, 0.51389456, 0.51683974, 0.5173511, 0.51720697, 0.5179491, 0.51593506, 0.51727515, 0.5162996, 0.5161269, 0.51418424, 0.5164068, 0.5133761, 0.5146496, 0.5135518, 0.513388, 0.5164028, 0.514986, 0.51748013, 0.51499623, 0.5135464, 0.5162421, 0.51624787, 0.513768, 0.51356536, 0.5176143, 0.5169379, 0.51512074, 0.51658267, 0.51580244, 0.514815, 0.5171798, 0.5169407, 0.5173479, 0.51732874, 0.5168496, 0.5183132, 0.51741064, 0.51801217, 0.5172568, 0.5172747, 0.5190846, 0.5147347, 0.5160472, 0.516533, 0.5196374, 0.517143, 0.51732904, 0.51580584, 0.5190628, 0.51374316, 0.51707965]
[0.50219494, 0.502549, 0.5011368, 0.50036377, 0.5100184, 0.5122951, 0.50210994, 0.50199544, 0.5015568, 0.50089467, 0.50226414, 0.50067097, 0.50547373, 0.51134735, 0.50277406, 0.50194675, 0.50861657, 0.5087819, 0.5017156, 0.5034854, 0.5022381, 0.5014858, 0.5057327, 0.5031639, 0.50262845, 0.50185215, 0.5015015, 0.50141853, 0.50232047, 0.5026856, 0.5029951, 0.5041454, 0.50339836, 0.5042119, 0.50251067, 0.50089204, 0.5026907, 0.5057633, 0.5009257, 0.50276715, 0.50065273, 0.50138354, 0.5041958, 0.50954574, 0.5014112, 0.50172484, 0.5009144, 0.5008817, 0.501339, 0.5015864, 0.5007126, 0.5099496, 0.5024424, 0.5049202, 0.50563014, 0.5022289, 0.5007201, 0.5016511, 0.5009297, 0.5024434, 0.5041422, 0.50036114, 0.5011199, 0.5040942, 0.5008651, 0.5020754, 0.5026556, 0.5028536, 0.5016524, 0.5024663, 0.5033087, 0.5014035, 0.5129048, 0.5117112, 0.5120426, 0.5122432, 0.51478964, 0.51263344, 0.5135694, 0.5126079, 0.5134308, 0.51327986, 0.51363075, 0.513838, 0.513077, 0.5142052, 0.51291925, 0.51530945, 0.51525867, 0.5145735, 0.5134984, 0.5131737, 0.5127578, 0.51545036, 0.51365274, 0.5133081, 0.5151765, 0.5148503, 0.51479733, 0.51449573, 0.5146408, 0.513264, 0.51393574, 0.51448405, 0.51411617, 0.5124126, 0.5116002, 0.51475215, 0.5136772, 0.5140242, 0.51402014, 0.5131807, 0.5131952, 0.5148471, 0.5127361, 0.5147705, 0.51213396, 0.5130928, 0.5127279, 0.5140812, 0.51321507, 0.5148575, 0.51500636, 0.5156503, 0.51491547, 0.5133049, 0.51398844, 0.5137068, 0.5136737, 0.5132292, 0.51378614, 0.51523, 0.51163876, 0.5153174, 0.51478046, 0.5142994, 0.5152689, 0.5157385, 0.51288503, 0.5138393, 0.51378715, 0.51336503, 0.5131649, 0.5142703, 0.5149267, 0.51427, 0.5144122, 0.5149842, 0.5130291, 0.5145093, 0.51269835, 0.51327574, 0.5125645, 0.512995, 0.5136598, 0.51368433, 0.5149789, 0.5146316, 0.5127138, 0.51284075, 0.5139184, 0.5150637, 0.5148039, 0.51517785, 0.5144405, 0.51514906, 0.51359856, 0.5143925, 0.5128645, 0.51335275, 0.5123317, 0.51291734, 0.5120978, 0.51218814, 0.5137604, 0.5127034, 0.51495045, 0.5132558, 0.51247627, 0.51356715, 0.51379013, 0.51226145, 0.51179826, 0.51472133, 0.51419514, 0.5135097, 0.5145694, 0.51369613, 0.5129728, 0.5145937, 0.5152192, 0.51470697, 0.5141097, 0.5148806, 0.51458234, 0.5145865, 0.51544726, 0.5145412, 0.5150808, 0.51598865, 0.5130096, 0.51416993, 0.51437986, 0.5163767, 0.5140458, 0.51464057, 0.51425105, 0.5158536, 0.51269495, 0.51452184]
[0.50201035, 0.5024633, 0.50100034, 0.49974436, 0.51290524, 0.51649565, 0.50067085, 0.501826, 0.50130296, 0.500459, 0.501772, 0.5003202, 0.50643986, 0.51530313, 0.5026433, 0.50234765, 0.5104775, 0.51047367, 0.50192034, 0.50278765, 0.5014897, 0.5006741, 0.5074074, 0.5023807, 0.50172275, 0.50101316, 0.50193745, 0.5017228, 0.50216216, 0.5016599, 0.50409, 0.5049749, 0.5047076, 0.5047303, 0.5025747, 0.50148976, 0.502294, 0.50497407, 0.49999696, 0.50161856, 0.5001861, 0.50146836, 0.5038528, 0.5115866, 0.501104, 0.5015911, 0.5028715, 0.50083154, 0.5009669, 0.5017192, 0.5007031, 0.51278, 0.5028948, 0.505511, 0.5050888, 0.5017572, 0.50062066, 0.501112, 0.50086176, 0.502315, 0.50387275, 0.500345, 0.5021414, 0.5039173, 0.50014544, 0.5015368, 0.5025843, 0.5029157, 0.5008521, 0.50205106, 0.5033787, 0.50157255, 0.5163406, 0.51516044, 0.51548696, 0.5157243, 0.5196769, 0.5170112, 0.5175558, 0.5169993, 0.51809126, 0.5182799, 0.51952976, 0.5189324, 0.5177136, 0.5193202, 0.5171079, 0.52120066, 0.5210231, 0.5181337, 0.5179958, 0.51765877, 0.51705253, 0.521624, 0.5194802, 0.5176634, 0.52088374, 0.5198116, 0.51975894, 0.5196383, 0.5199548, 0.5178868, 0.51965976, 0.5190714, 0.51932806, 0.5164693, 0.5148554, 0.51995355, 0.5187181, 0.51913327, 0.51863897, 0.51684415, 0.5182155, 0.51992273, 0.5179505, 0.52070355, 0.5161919, 0.517079, 0.5173425, 0.5192266, 0.51739967, 0.52034545, 0.5207446, 0.52184516, 0.52015656, 0.5183181, 0.51887953, 0.5187504, 0.5188631, 0.5178255, 0.51888156, 0.5209696, 0.5156923, 0.52029973, 0.52093834, 0.5195471, 0.5208983, 0.5213128, 0.51697356, 0.5188363, 0.51853174, 0.5175339, 0.51807666, 0.51946175, 0.52037823, 0.51986134, 0.5192997, 0.52004117, 0.51817733, 0.520255, 0.5171814, 0.51807016, 0.5170942, 0.51723564, 0.5183027, 0.5190405, 0.5203069, 0.51957154, 0.516909, 0.51639515, 0.51945865, 0.52031815, 0.519871, 0.5212081, 0.51968014, 0.5201555, 0.5188119, 0.5195574, 0.51700366, 0.51883066, 0.5159832, 0.5174544, 0.51592845, 0.51611847, 0.5185818, 0.5171016, 0.520378, 0.5182072, 0.5162269, 0.5180504, 0.518455, 0.5161862, 0.51617175, 0.5204173, 0.5196947, 0.5180121, 0.51934004, 0.51874316, 0.517845, 0.52011156, 0.5204535, 0.51981246, 0.51955795, 0.519869, 0.5207228, 0.519852, 0.52101666, 0.5200404, 0.5202236, 0.52202964, 0.51804596, 0.51915854, 0.5194799, 0.5229253, 0.5192254, 0.5203586, 0.51889545, 0.5216186, 0.51590943, 0.5201232]
[0.5028032, 0.50334144, 0.5014198, 0.5017488, 0.50959986, 0.51220644, 0.50269926, 0.5022886, 0.5028754, 0.5023341, 0.50297177, 0.50093305, 0.50569427, 0.51116383, 0.5037474, 0.5028561, 0.50755095, 0.5075999, 0.5016123, 0.50336635, 0.50201863, 0.50154305, 0.5059236, 0.50326914, 0.502871, 0.5026086, 0.5026308, 0.502014, 0.5023437, 0.5025273, 0.503849, 0.5049244, 0.5038409, 0.50437826, 0.5029996, 0.5017416, 0.503195, 0.50690114, 0.5014218, 0.50301564, 0.5008475, 0.5015214, 0.50499463, 0.5088341, 0.50230104, 0.5013915, 0.50403917, 0.5008385, 0.5013381, 0.5025259, 0.5006676, 0.509693, 0.5028884, 0.50452864, 0.5048353, 0.5017903, 0.50118756, 0.50163543, 0.5007652, 0.5029001, 0.5052364, 0.5011082, 0.50310385, 0.50386, 0.50118494, 0.5020983, 0.5033455, 0.50288963, 0.5028581, 0.50292313, 0.50402284, 0.5006463, 0.5122471, 0.51162183, 0.5120398, 0.5118462, 0.51456493, 0.5125404, 0.5130394, 0.5124499, 0.513363, 0.5135429, 0.51394904, 0.51394016, 0.5130886, 0.5142192, 0.51256293, 0.5154069, 0.51542616, 0.51352334, 0.5131589, 0.51281244, 0.5122698, 0.5154756, 0.5145017, 0.5129231, 0.51505005, 0.5144471, 0.5144862, 0.5145567, 0.5141985, 0.5129963, 0.51397574, 0.51418227, 0.51378125, 0.51203936, 0.51076967, 0.5147485, 0.51372737, 0.5137961, 0.51363933, 0.51270956, 0.513584, 0.5146854, 0.5130416, 0.5149883, 0.512428, 0.5129365, 0.512798, 0.5142394, 0.51283896, 0.5147584, 0.5150995, 0.51553464, 0.5144227, 0.5137039, 0.51367307, 0.51380926, 0.51425296, 0.51312226, 0.5137332, 0.51502895, 0.51119846, 0.51483464, 0.5149572, 0.51427674, 0.5152748, 0.5154143, 0.51277196, 0.5134332, 0.51340365, 0.51312023, 0.5131911, 0.51416767, 0.5148422, 0.51435465, 0.51373166, 0.5147145, 0.5127722, 0.5147578, 0.51248944, 0.5128604, 0.5122131, 0.5128606, 0.5137769, 0.5138308, 0.51502925, 0.5144726, 0.51265365, 0.5121781, 0.51418746, 0.5148289, 0.5148487, 0.51547843, 0.5143474, 0.514608, 0.5136487, 0.5138928, 0.5124069, 0.5142319, 0.5121964, 0.51289004, 0.5115945, 0.51170087, 0.5137735, 0.5123233, 0.514548, 0.5133315, 0.5119295, 0.5135003, 0.51354, 0.51177055, 0.51195276, 0.5150459, 0.5141948, 0.51331, 0.5145453, 0.51416117, 0.51351047, 0.51441103, 0.5147727, 0.51457363, 0.5143796, 0.5141344, 0.5152424, 0.51467526, 0.51553315, 0.51487625, 0.51481014, 0.51626754, 0.5128908, 0.51384366, 0.51435417, 0.5167195, 0.51404387, 0.5146609, 0.5138739, 0.5156331, 0.51216227, 0.5146194]
[0.5005407, 0.5012293, 0.5004157, 0.502999, 0.5120863, 0.5139927, 0.5042765, 0.500557, 0.5038961, 0.502977, 0.5004454, 0.50147355, 0.50803804, 0.51375973, 0.505627, 0.500321, 0.5099824, 0.510347, 0.5009048, 0.5001619, 0.5008809, 0.5043033, 0.50832915, 0.5042261, 0.5058126, 0.5049318, 0.5046193, 0.5036743, 0.5002825, 0.50021803, 0.50571597, 0.50830626, 0.50690395, 0.5071114, 0.5052432, 0.5035361, 0.5008566, 0.50371933, 0.50291497, 0.50520563, 0.5027523, 0.5001698, 0.5077257, 0.5108491, 0.504593, 0.50022376, 0.50666356, 0.5025354, 0.501674, 0.5002579, 0.5025475, 0.51187986, 0.5055988, 0.5074449, 0.5071905, 0.50007355, 0.5008495, 0.5007752, 0.5019593, 0.5006983, 0.5026856, 0.5031765, 0.5054407, 0.50639474, 0.5006967, 0.5033718, 0.50645506, 0.5061635, 0.50568694, 0.50043595, 0.501949, 0.5010643, 0.51529056, 0.514087, 0.51441604, 0.51422876, 0.51673096, 0.5151187, 0.5151653, 0.51466125, 0.5154518, 0.5155985, 0.51567775, 0.51586163, 0.51539147, 0.51617616, 0.5147104, 0.5176906, 0.51725584, 0.51558447, 0.51547843, 0.51527464, 0.5146983, 0.51767576, 0.51652753, 0.5153119, 0.51717365, 0.51691175, 0.5164409, 0.51660043, 0.5165922, 0.51526093, 0.5161294, 0.5165149, 0.51609504, 0.51435363, 0.5129471, 0.51675016, 0.51597327, 0.5157166, 0.5162357, 0.5154598, 0.5155822, 0.51656026, 0.51478094, 0.51712453, 0.5147048, 0.5150854, 0.5149816, 0.5165071, 0.5147438, 0.51712006, 0.5173164, 0.51775634, 0.5164784, 0.5155114, 0.5156783, 0.5157188, 0.51616126, 0.5155797, 0.5163347, 0.51717067, 0.513693, 0.5168058, 0.5171915, 0.51662743, 0.51715636, 0.517519, 0.515348, 0.51554304, 0.5153921, 0.51491785, 0.51543164, 0.51614535, 0.5168862, 0.5165719, 0.51618254, 0.5167301, 0.5149233, 0.5167598, 0.51432866, 0.515077, 0.5142085, 0.51497513, 0.5158569, 0.5158754, 0.517057, 0.5165248, 0.5148009, 0.5144101, 0.5166335, 0.51670486, 0.5170222, 0.517769, 0.51555544, 0.51635903, 0.5156486, 0.5163256, 0.5144268, 0.5164171, 0.514173, 0.51506966, 0.5136621, 0.51372963, 0.5156686, 0.5146897, 0.51627815, 0.51527506, 0.5140222, 0.51590884, 0.5153911, 0.51425755, 0.51400274, 0.5171457, 0.51647246, 0.515385, 0.51657146, 0.5164654, 0.5158027, 0.5165384, 0.5166377, 0.516804, 0.51679575, 0.5161025, 0.51762015, 0.51701784, 0.51746607, 0.51695895, 0.5169588, 0.5185748, 0.51505625, 0.51614165, 0.5163295, 0.5188396, 0.5158404, 0.5162591, 0.51564056, 0.51771736, 0.51430243, 0.5166617]
[0.50337756, 0.5037636, 0.5024657, 0.50057834, 0.5109586, 0.5137602, 0.5005685, 0.5027152, 0.4999683, 0.50087917, 0.503376, 0.5015995, 0.5050325, 0.5132775, 0.5029056, 0.5025411, 0.50877637, 0.508852, 0.5020835, 0.50335747, 0.5022297, 0.5003648, 0.5062459, 0.5010215, 0.5017247, 0.50039357, 0.5005386, 0.50062096, 0.5025722, 0.5022648, 0.50370765, 0.5048808, 0.5034411, 0.5043544, 0.5024055, 0.5004072, 0.50313365, 0.5056578, 0.50062484, 0.5012726, 0.50105166, 0.50243175, 0.50524265, 0.50936246, 0.5005395, 0.50260425, 0.50196815, 0.50132084, 0.5019491, 0.5028186, 0.5011886, 0.51105726, 0.50145084, 0.50445974, 0.50539124, 0.50234246, 0.50134367, 0.50206417, 0.50071174, 0.50320864, 0.5049191, 0.5005376, 0.50095063, 0.50289065, 0.50129247, 0.5008587, 0.50158846, 0.5013681, 0.50084853, 0.502955, 0.5037145, 0.5020401, 0.5146371, 0.5131118, 0.5135324, 0.5136552, 0.51752895, 0.51514, 0.5148891, 0.5148152, 0.515254, 0.51556623, 0.51582146, 0.51675415, 0.51486856, 0.51680094, 0.514679, 0.5180434, 0.5178703, 0.5163007, 0.515167, 0.51541984, 0.5148574, 0.51815015, 0.51685095, 0.5151837, 0.51776546, 0.5173815, 0.5171281, 0.51706004, 0.51723325, 0.5154975, 0.51647955, 0.5169935, 0.51666695, 0.51455563, 0.5127546, 0.5172222, 0.5158468, 0.51601046, 0.5161715, 0.5146548, 0.5153898, 0.5176457, 0.51479715, 0.5177329, 0.51412666, 0.51495165, 0.51496583, 0.5164074, 0.51492035, 0.5173684, 0.517882, 0.5188634, 0.51716715, 0.5157484, 0.51601106, 0.51621497, 0.5166936, 0.51601917, 0.5166991, 0.51793796, 0.5126433, 0.51786244, 0.5177082, 0.516907, 0.51824087, 0.51863736, 0.5148698, 0.5156994, 0.51560843, 0.5155953, 0.51546794, 0.5165957, 0.5172594, 0.51706105, 0.5161423, 0.51743126, 0.5152472, 0.5174062, 0.51417375, 0.51513636, 0.51411706, 0.51490027, 0.51591104, 0.51599354, 0.5175953, 0.51696104, 0.51444757, 0.51510024, 0.5167222, 0.51755774, 0.5175519, 0.51778126, 0.5165675, 0.51766646, 0.5164661, 0.51675886, 0.51445067, 0.5160522, 0.5141503, 0.51500887, 0.51329064, 0.5133951, 0.51572996, 0.5142564, 0.51737285, 0.51536393, 0.5139228, 0.5160065, 0.5157136, 0.51438296, 0.5134126, 0.51770014, 0.5165544, 0.515421, 0.51702905, 0.51648813, 0.51567155, 0.5170645, 0.51759106, 0.5172243, 0.5168629, 0.5169168, 0.5178113, 0.5173431, 0.51851493, 0.5176309, 0.5177311, 0.5191114, 0.51543754, 0.51653874, 0.5167754, 0.5198795, 0.51704746, 0.5174752, 0.51638347, 0.5186626, 0.5146193, 0.5169856]
[0.50181866, 0.5022362, 0.5001322, 0.50154376, 0.50811607, 0.5095491, 0.502057, 0.50104076, 0.50240254, 0.5013481, 0.5016187, 0.5006499, 0.5047567, 0.509155, 0.50374717, 0.50124604, 0.5067497, 0.5065059, 0.50071585, 0.50176084, 0.5005992, 0.5014141, 0.5051888, 0.50261277, 0.5029555, 0.5023472, 0.5026405, 0.5017509, 0.501352, 0.5011321, 0.5028414, 0.5044957, 0.503802, 0.5045682, 0.50302947, 0.5008859, 0.5016553, 0.5047625, 0.5018967, 0.50308526, 0.5011592, 0.5003145, 0.50519943, 0.5070335, 0.5015915, 0.5003273, 0.50270766, 0.50088435, 0.50026655, 0.501145, 0.5007751, 0.50803596, 0.5030318, 0.50444186, 0.5046981, 0.5001469, 0.5003794, 0.50002795, 0.50066125, 0.5018845, 0.5038399, 0.50117046, 0.50325036, 0.503886, 0.50030226, 0.5027012, 0.5031233, 0.50323635, 0.50278205, 0.50168234, 0.5022099, 0.5002779, 0.5097902, 0.50925136, 0.50974077, 0.5094714, 0.5116379, 0.50998616, 0.510527, 0.5099832, 0.5104493, 0.5105144, 0.5109977, 0.5111381, 0.51031446, 0.5113296, 0.5100374, 0.5123446, 0.5120819, 0.51087743, 0.5103075, 0.5101813, 0.5098924, 0.5121601, 0.5112141, 0.5101969, 0.51194865, 0.5113907, 0.51153123, 0.51151854, 0.5113763, 0.51044875, 0.5109241, 0.5112377, 0.51121694, 0.50942606, 0.5086678, 0.511553, 0.51046383, 0.51054597, 0.5110641, 0.51012886, 0.51052916, 0.5114477, 0.51031697, 0.511996, 0.50977385, 0.5100704, 0.51010585, 0.5113259, 0.51028275, 0.51178, 0.51192546, 0.5121788, 0.51153916, 0.5109192, 0.5109496, 0.5108454, 0.51120526, 0.510526, 0.5109747, 0.512012, 0.5088237, 0.5119403, 0.5118047, 0.51104295, 0.5118924, 0.5122608, 0.5098972, 0.5107229, 0.51072145, 0.5101346, 0.5103996, 0.5111985, 0.51171654, 0.51134366, 0.5108162, 0.5118083, 0.5100814, 0.5115298, 0.5095584, 0.51020914, 0.5096732, 0.5102367, 0.5108266, 0.510835, 0.51171935, 0.51147383, 0.50985515, 0.5095187, 0.5111403, 0.51156604, 0.5114347, 0.5120631, 0.5111114, 0.51162076, 0.510771, 0.5111178, 0.50954175, 0.51116455, 0.5097337, 0.51010406, 0.5092362, 0.5093276, 0.51064277, 0.50971484, 0.51169026, 0.5105348, 0.5093592, 0.5107372, 0.5107789, 0.5095412, 0.50925857, 0.51141, 0.5113546, 0.5102236, 0.51133674, 0.51121306, 0.5106724, 0.51121926, 0.5116323, 0.5115308, 0.5110946, 0.51124996, 0.51210946, 0.51173407, 0.5121811, 0.5119831, 0.51167214, 0.5127301, 0.510154, 0.51094544, 0.51133835, 0.5132407, 0.5111567, 0.51126623, 0.51098186, 0.5124011, 0.50972444, 0.5114413]
[0.5044037, 0.50505227, 0.5021231, 0.5025787, 0.50561273, 0.5060258, 0.50255865, 0.50475705, 0.5030745, 0.50268465, 0.5034131, 0.50220174, 0.5046438, 0.5057804, 0.5035126, 0.5040837, 0.5050026, 0.5051177, 0.5037313, 0.5049337, 0.50355476, 0.50310194, 0.5043129, 0.5030255, 0.5037348, 0.5030258, 0.5032299, 0.5031314, 0.5048408, 0.5043182, 0.50346804, 0.50444126, 0.50428414, 0.5040726, 0.5034705, 0.5023484, 0.50457215, 0.50984627, 0.5023518, 0.5034393, 0.50220364, 0.50320387, 0.50415, 0.50511026, 0.5024886, 0.5041197, 0.5039103, 0.5019039, 0.50184995, 0.5031732, 0.50192624, 0.5055196, 0.5033391, 0.5042659, 0.50430435, 0.50358385, 0.5018293, 0.5016827, 0.5020425, 0.5041481, 0.5074875, 0.5021927, 0.50347596, 0.50387645, 0.5018386, 0.5031286, 0.50357354, 0.5034684, 0.50305796, 0.50457686, 0.5067418, 0.50319415, 0.5061138, 0.5060164, 0.50614387, 0.5060919, 0.50675845, 0.5061797, 0.50611246, 0.5063712, 0.5064169, 0.5064088, 0.50657195, 0.50645024, 0.50648934, 0.5066041, 0.50605494, 0.5069321, 0.5069577, 0.50628954, 0.5060805, 0.5062566, 0.50621516, 0.5070812, 0.50662684, 0.5064046, 0.5068354, 0.5066726, 0.5067927, 0.50668305, 0.5064953, 0.5064664, 0.5066158, 0.50662297, 0.50670815, 0.50606304, 0.5056404, 0.506688, 0.50657856, 0.5062835, 0.5066176, 0.5062923, 0.5064188, 0.506845, 0.506272, 0.50676197, 0.5059996, 0.5062344, 0.5062894, 0.5065694, 0.506204, 0.506882, 0.50691766, 0.5071897, 0.5067168, 0.50638354, 0.5065014, 0.5064235, 0.5064467, 0.50647473, 0.5066167, 0.50697714, 0.50585306, 0.5067736, 0.506925, 0.50641286, 0.50677794, 0.5068523, 0.5062747, 0.5065673, 0.50646037, 0.5062858, 0.5062913, 0.50658715, 0.50670505, 0.5066663, 0.5064744, 0.5066781, 0.5061632, 0.50669, 0.50606525, 0.50625575, 0.5060549, 0.5062803, 0.50641364, 0.50645477, 0.50680155, 0.506651, 0.50604707, 0.5059527, 0.5066527, 0.50652486, 0.50669783, 0.50703424, 0.50643605, 0.5066019, 0.50653774, 0.50643003, 0.5059589, 0.50666416, 0.50595015, 0.50622547, 0.50578, 0.5058074, 0.50635856, 0.50613445, 0.5065699, 0.50644416, 0.50603074, 0.50630903, 0.5062908, 0.50601244, 0.50598747, 0.5068809, 0.5067307, 0.50640434, 0.50667936, 0.5065371, 0.50627565, 0.5067392, 0.50679535, 0.5067092, 0.5067125, 0.5064016, 0.5069779, 0.50685966, 0.50677806, 0.5067364, 0.50674087, 0.50706315, 0.5061625, 0.5066189, 0.50662106, 0.5072573, 0.5064031, 0.5065604, 0.50654435, 0.507021, 0.5060747, 0.506684]
[0.5006953, 0.5008665, 0.50156397, 0.50358164, 0.5099317, 0.51121265, 0.5032641, 0.50099796, 0.50346714, 0.5027272, 0.5015594, 0.50303847, 0.50735253, 0.5109491, 0.50468147, 0.5008862, 0.5080135, 0.50818384, 0.5005507, 0.500534, 0.5013716, 0.50415367, 0.5063818, 0.50382024, 0.5051088, 0.50337446, 0.50358087, 0.50319713, 0.50045973, 0.500874, 0.50497305, 0.5061318, 0.50620145, 0.50625414, 0.504435, 0.50289094, 0.50037456, 0.5028254, 0.5030014, 0.504523, 0.5029001, 0.5008874, 0.5057846, 0.5085314, 0.50361, 0.5005604, 0.5052846, 0.5028141, 0.5016628, 0.5009873, 0.5028716, 0.50962436, 0.5045519, 0.5059801, 0.50626075, 0.500895, 0.5020128, 0.5016869, 0.50231814, 0.5009236, 0.5017221, 0.50284004, 0.5046369, 0.5049032, 0.5021912, 0.5047131, 0.5047074, 0.50463754, 0.5040386, 0.5006525, 0.5010213, 0.5015063, 0.51201725, 0.5113433, 0.51183546, 0.51157606, 0.51357484, 0.51204884, 0.51207125, 0.51204526, 0.5119866, 0.51241493, 0.5127301, 0.5130637, 0.51212406, 0.5133105, 0.5114261, 0.51392794, 0.51383626, 0.5126222, 0.51230204, 0.5121461, 0.5117425, 0.5141254, 0.51358, 0.51269275, 0.5136553, 0.5135826, 0.513379, 0.51325333, 0.5132226, 0.51258504, 0.5127663, 0.513183, 0.51313514, 0.5110362, 0.5100819, 0.5135197, 0.5125205, 0.51251763, 0.5129199, 0.51248544, 0.5127113, 0.51324695, 0.5122534, 0.5134749, 0.51143855, 0.5121531, 0.5119342, 0.5133389, 0.51173383, 0.5138131, 0.51389855, 0.51440346, 0.51315886, 0.5124373, 0.51295877, 0.51257014, 0.5131072, 0.5122491, 0.5126876, 0.51385576, 0.5102878, 0.5137223, 0.5137889, 0.51288915, 0.51356816, 0.5140376, 0.511782, 0.5125394, 0.51253533, 0.5118591, 0.51236427, 0.51311874, 0.5133786, 0.5130026, 0.5127577, 0.51363885, 0.5118357, 0.5134902, 0.511457, 0.51187503, 0.51141894, 0.51223814, 0.5126288, 0.5128434, 0.51400185, 0.5131718, 0.51167023, 0.51143545, 0.5129817, 0.5131177, 0.51326615, 0.514055, 0.5126778, 0.51345205, 0.5127968, 0.5126788, 0.51087797, 0.51311105, 0.51111454, 0.511857, 0.5107898, 0.5107849, 0.5123992, 0.51185554, 0.51314336, 0.5126094, 0.5110899, 0.51246935, 0.5120588, 0.5112204, 0.5110194, 0.51356596, 0.51346153, 0.5119521, 0.51338357, 0.51310587, 0.512617, 0.5131174, 0.51327235, 0.5133833, 0.5130015, 0.51247674, 0.5142083, 0.5138896, 0.51380575, 0.5137979, 0.51341885, 0.5144988, 0.51201755, 0.5130317, 0.5130818, 0.514995, 0.512434, 0.51295555, 0.5126959, 0.5141959, 0.511576, 0.5128636]
[0.50109196, 0.5013727, 0.5015785, 0.5027373, 0.5077492, 0.5091994, 0.5019561, 0.5016785, 0.5034553, 0.5027518, 0.5007443, 0.5025442, 0.50551546, 0.5090179, 0.5033075, 0.50118536, 0.5072391, 0.50707173, 0.50092447, 0.501608, 0.5010199, 0.502667, 0.5057935, 0.50315535, 0.50361824, 0.50328416, 0.5033138, 0.502793, 0.5013652, 0.5021788, 0.5031923, 0.5047381, 0.50446415, 0.5050081, 0.5041298, 0.50214946, 0.50165987, 0.5048065, 0.50197166, 0.503566, 0.5027529, 0.5007944, 0.5047656, 0.5071537, 0.50259805, 0.50116426, 0.50255275, 0.5012772, 0.5015004, 0.5008105, 0.5015347, 0.50796723, 0.50342095, 0.50449884, 0.50479674, 0.501513, 0.50124013, 0.5008491, 0.5016459, 0.5015653, 0.5036854, 0.5019187, 0.50303966, 0.50371265, 0.50118345, 0.502493, 0.50348246, 0.5038571, 0.50243044, 0.50152606, 0.5031938, 0.5007654, 0.5095834, 0.5087097, 0.5089113, 0.50905603, 0.5111307, 0.5091897, 0.50979316, 0.5097116, 0.50986916, 0.5100661, 0.51041526, 0.5107449, 0.51010174, 0.5109742, 0.5097387, 0.5116889, 0.51163954, 0.51007175, 0.5102156, 0.51007396, 0.5096909, 0.51157755, 0.5110332, 0.5103661, 0.5116479, 0.5109251, 0.5111101, 0.5111996, 0.5107647, 0.51028186, 0.5108194, 0.5105782, 0.51074773, 0.5092351, 0.5086719, 0.5109968, 0.5102026, 0.5102953, 0.5102324, 0.50978184, 0.51027805, 0.5110711, 0.5104356, 0.51128864, 0.5092922, 0.50970834, 0.5096741, 0.51093507, 0.5100093, 0.51102495, 0.51133156, 0.5117573, 0.5112836, 0.5104257, 0.5104784, 0.51049465, 0.5104908, 0.510032, 0.5104213, 0.5114345, 0.5089616, 0.5113983, 0.5114717, 0.51083785, 0.5114179, 0.51161486, 0.5093445, 0.5102533, 0.5104654, 0.50990033, 0.51049745, 0.5109432, 0.51128316, 0.51079965, 0.510632, 0.5114973, 0.50995857, 0.51119995, 0.51002383, 0.51008195, 0.5098127, 0.5098804, 0.5104102, 0.5103528, 0.51126707, 0.5106443, 0.5097924, 0.50959146, 0.51036805, 0.51105815, 0.5108774, 0.51158196, 0.51114565, 0.51122254, 0.51054364, 0.5109681, 0.5097372, 0.5100889, 0.50941557, 0.50996494, 0.50898933, 0.5091134, 0.51026, 0.5095236, 0.5110626, 0.5104215, 0.50907487, 0.51024836, 0.5100998, 0.5096027, 0.50906664, 0.5110622, 0.51101947, 0.51017666, 0.5111246, 0.5106615, 0.5102552, 0.51107085, 0.5113635, 0.5108729, 0.5106263, 0.51088417, 0.5118154, 0.5110112, 0.5115282, 0.5112901, 0.5112622, 0.5119575, 0.5101682, 0.5109158, 0.5111383, 0.512228, 0.5105214, 0.51074433, 0.51059276, 0.5114726, 0.5092645, 0.5108762]
[0.50061476, 0.49999845, 0.5018107, 0.50286907, 0.51077044, 0.5128045, 0.50430095, 0.50093335, 0.5042014, 0.5032017, 0.5006221, 0.50212866, 0.5079898, 0.5126059, 0.5063175, 0.50039077, 0.50979346, 0.5099262, 0.50009614, 0.50112396, 0.5002821, 0.50387496, 0.5078238, 0.5056782, 0.5051279, 0.5040263, 0.50424916, 0.5040793, 0.5001997, 0.5005257, 0.5059091, 0.5065311, 0.50556153, 0.50617105, 0.5052671, 0.50294524, 0.5000404, 0.50298536, 0.50265414, 0.5047987, 0.5029227, 0.5003203, 0.50567204, 0.50963974, 0.5035302, 0.5002846, 0.5049842, 0.5015779, 0.50161976, 0.5005044, 0.5014866, 0.51090896, 0.5057911, 0.5071005, 0.50779706, 0.5011176, 0.5023366, 0.5017224, 0.503289, 0.5000265, 0.501884, 0.5024591, 0.5041, 0.5058534, 0.50396323, 0.5050983, 0.50454336, 0.5043421, 0.5035874, 0.49994874, 0.5010196, 0.50068146, 0.5132917, 0.51242596, 0.51285833, 0.5130411, 0.51527023, 0.5133573, 0.5141041, 0.5136187, 0.5138655, 0.51385236, 0.51495534, 0.5151169, 0.51368296, 0.5150002, 0.5137375, 0.51548886, 0.5156951, 0.51472497, 0.51441306, 0.5138608, 0.5136442, 0.51639277, 0.5149439, 0.5141538, 0.51587814, 0.51525545, 0.5150028, 0.51533955, 0.5155469, 0.51412964, 0.51473624, 0.5150494, 0.5146802, 0.51304626, 0.5121458, 0.51545125, 0.5142051, 0.5145552, 0.5146069, 0.51350003, 0.5142978, 0.51566374, 0.5142946, 0.51572204, 0.513311, 0.51365703, 0.5135338, 0.514713, 0.5143692, 0.5153896, 0.5156055, 0.5163087, 0.5155562, 0.51455164, 0.514645, 0.5143768, 0.51510364, 0.5140551, 0.514447, 0.51603216, 0.51180923, 0.5161485, 0.51570684, 0.5152291, 0.51596355, 0.5161853, 0.51302767, 0.5148035, 0.5146441, 0.51398623, 0.51411545, 0.51505846, 0.5154008, 0.5152202, 0.51475084, 0.51564586, 0.5137234, 0.5150041, 0.5136667, 0.51430047, 0.5136917, 0.51361626, 0.5144479, 0.5146447, 0.51590204, 0.51529545, 0.5136922, 0.5134139, 0.5149942, 0.5154554, 0.515491, 0.5155153, 0.5154279, 0.516082, 0.5149458, 0.5149585, 0.5133147, 0.5143119, 0.51322156, 0.51377666, 0.5131737, 0.51336455, 0.51441336, 0.5134351, 0.5157762, 0.51427734, 0.51314133, 0.5145058, 0.51430625, 0.51323533, 0.51270986, 0.51520455, 0.5149696, 0.51382685, 0.5150572, 0.51473355, 0.51433957, 0.5152353, 0.5154811, 0.5150345, 0.5148265, 0.5154914, 0.51553786, 0.51503885, 0.5163013, 0.51570064, 0.515618, 0.5165489, 0.5140564, 0.51500726, 0.51491725, 0.5171955, 0.5149233, 0.5155774, 0.5149936, 0.51618266, 0.5133049, 0.51509774]
[0.50046825, 0.50104046, 0.5003308, 0.50211334, 0.5112978, 0.51380056, 0.50480086, 0.5005499, 0.5038822, 0.503239, 0.4998235, 0.5016076, 0.50775224, 0.51261735, 0.5060455, 0.50010824, 0.5100951, 0.5101855, 0.50097907, 0.5006455, 0.501013, 0.50330687, 0.50804335, 0.505906, 0.50515616, 0.5037105, 0.5041119, 0.5046926, 0.49989673, 0.50097317, 0.50728756, 0.50686234, 0.5052621, 0.5062564, 0.5058062, 0.50437504, 0.5000427, 0.50315315, 0.50304425, 0.50531155, 0.50288624, 0.5011453, 0.50670505, 0.5108966, 0.5044227, 0.50066936, 0.50371003, 0.50165284, 0.5010115, 0.5002555, 0.50248003, 0.5111432, 0.5057914, 0.5071498, 0.50757265, 0.5007497, 0.5021959, 0.5013104, 0.50376827, 0.5000559, 0.5016746, 0.50253206, 0.504455, 0.506558, 0.50226265, 0.50602424, 0.5062839, 0.5059652, 0.50471437, 0.49996817, 0.50093144, 0.5014248, 0.5137241, 0.51307964, 0.5129991, 0.51342183, 0.51573163, 0.5140869, 0.5146207, 0.5138026, 0.5145399, 0.51456547, 0.5146157, 0.515071, 0.5139964, 0.5152854, 0.514083, 0.5164682, 0.5163606, 0.5150851, 0.5144955, 0.5140875, 0.5140612, 0.5164873, 0.51544946, 0.51437443, 0.51630497, 0.5158954, 0.5156239, 0.5156086, 0.51565796, 0.51452565, 0.51540494, 0.51586086, 0.5152073, 0.51387745, 0.5128179, 0.5157225, 0.5150214, 0.5152948, 0.5152245, 0.5142577, 0.51440996, 0.5157796, 0.514151, 0.51610965, 0.51360404, 0.5141833, 0.5141817, 0.5155565, 0.514147, 0.5157976, 0.51635677, 0.51695746, 0.51578134, 0.5147944, 0.51496655, 0.5150634, 0.5152958, 0.51468813, 0.51520455, 0.5162091, 0.5132722, 0.51623946, 0.51628184, 0.5157328, 0.51617646, 0.51662, 0.5143848, 0.5151849, 0.51455146, 0.51427394, 0.51455647, 0.51522225, 0.51581025, 0.5157384, 0.5152172, 0.51590157, 0.5147137, 0.51566494, 0.51392466, 0.514572, 0.5135049, 0.51396704, 0.5147275, 0.51513356, 0.5161057, 0.515601, 0.5138394, 0.5139769, 0.51552624, 0.51604664, 0.5159308, 0.51624835, 0.5154495, 0.5159892, 0.5149489, 0.51550573, 0.51393485, 0.5145687, 0.51377803, 0.5143036, 0.5132335, 0.51332325, 0.515144, 0.5138167, 0.5158898, 0.51435584, 0.51373947, 0.51485556, 0.515112, 0.51375604, 0.5135158, 0.51620734, 0.5150615, 0.5146022, 0.5152881, 0.5144963, 0.51405567, 0.5157608, 0.51610106, 0.5159264, 0.5158037, 0.5156941, 0.51557934, 0.51576895, 0.51665854, 0.51589936, 0.5161449, 0.5171313, 0.5142959, 0.5151319, 0.5153327, 0.5178025, 0.51542866, 0.51630545, 0.51547295, 0.516599, 0.5136849, 0.51600766]
[0.50039226, 0.5006676, 0.49958456, 0.5004684, 0.51141024, 0.5141163, 0.50440717, 0.50003874, 0.5023923, 0.50148666, 0.5000705, 0.5013894, 0.5074162, 0.51277167, 0.5055989, 0.49949762, 0.5092604, 0.50929505, 0.50014246, 0.4998819, 0.50063384, 0.5028564, 0.507148, 0.5042363, 0.50413364, 0.50238466, 0.50326335, 0.5033739, 0.5009334, 0.50193846, 0.5064864, 0.50608814, 0.5056256, 0.5061345, 0.5040581, 0.5025464, 0.50021654, 0.5023584, 0.5027041, 0.5043445, 0.5009546, 0.4995934, 0.5052692, 0.5099756, 0.50318223, 0.5005437, 0.5054954, 0.5022597, 0.4999441, 0.50003606, 0.5014254, 0.5110863, 0.5041225, 0.5062711, 0.50689095, 0.5003929, 0.5015123, 0.50066924, 0.5028811, 0.49975097, 0.5015309, 0.50223756, 0.5034799, 0.50592643, 0.5012846, 0.5053499, 0.5043749, 0.5036865, 0.50405556, 0.4996393, 0.4999049, 0.50097686, 0.5144052, 0.5139627, 0.51399136, 0.5141091, 0.5168452, 0.51529104, 0.5151514, 0.5146506, 0.5152734, 0.51510906, 0.5159007, 0.51584893, 0.5147237, 0.5157697, 0.5141112, 0.5171308, 0.516922, 0.5158513, 0.51472557, 0.5149906, 0.5147321, 0.5176045, 0.51608765, 0.51510966, 0.5169359, 0.5168229, 0.5164818, 0.51599216, 0.5163537, 0.5152423, 0.51636106, 0.516541, 0.5160526, 0.5142934, 0.51303965, 0.5165035, 0.51562285, 0.5156094, 0.51586264, 0.5146557, 0.5149681, 0.51672333, 0.51458806, 0.5169494, 0.51381695, 0.51496434, 0.5145216, 0.5158275, 0.5145919, 0.5168984, 0.51724297, 0.5179981, 0.5165343, 0.51536196, 0.5158551, 0.5155031, 0.5155109, 0.5156084, 0.51619714, 0.5174695, 0.5129003, 0.5174687, 0.5170775, 0.5161666, 0.5173496, 0.51788455, 0.51461065, 0.5159316, 0.5150225, 0.51487124, 0.51470125, 0.51619166, 0.5167036, 0.5167523, 0.5157772, 0.5165557, 0.5148905, 0.51671034, 0.5139518, 0.51477605, 0.51385945, 0.51489395, 0.5155454, 0.5159274, 0.51702964, 0.51639587, 0.5138405, 0.5145164, 0.5164557, 0.51671386, 0.51679194, 0.51709795, 0.5161357, 0.5168364, 0.5161284, 0.51607394, 0.51428366, 0.51591104, 0.51405126, 0.5145832, 0.51335037, 0.5133313, 0.5156979, 0.51405364, 0.5168443, 0.5150811, 0.51381797, 0.51581854, 0.5157068, 0.5143036, 0.513876, 0.5169765, 0.5163895, 0.5147911, 0.5160538, 0.5155051, 0.51478523, 0.5165914, 0.51674926, 0.51680285, 0.51650894, 0.5164173, 0.51683384, 0.51680815, 0.5173513, 0.51653135, 0.51706654, 0.518162, 0.5147659, 0.5157228, 0.5158584, 0.5186748, 0.5162403, 0.5169959, 0.51612043, 0.51811695, 0.5141962, 0.5167347]
[0.50230986, 0.502856, 0.50191337, 0.5009192, 0.50998104, 0.51347005, 0.50106156, 0.5016329, 0.5013266, 0.50022423, 0.5025273, 0.50133044, 0.5038293, 0.5114992, 0.5035452, 0.50191915, 0.50831234, 0.5083629, 0.50118136, 0.5023436, 0.5005069, 0.5002356, 0.50502, 0.5022017, 0.50108993, 0.5005234, 0.50109595, 0.50069326, 0.5013103, 0.50037014, 0.5066919, 0.5033264, 0.50254905, 0.5037762, 0.50174993, 0.5005742, 0.5022271, 0.50453186, 0.5000603, 0.5015782, 0.5001583, 0.5011156, 0.50404614, 0.5098977, 0.5013716, 0.5008629, 0.5007965, 0.50067425, 0.5015832, 0.501881, 0.50059813, 0.509811, 0.501835, 0.5048998, 0.50409687, 0.50128484, 0.50114703, 0.5013869, 0.5015028, 0.5018619, 0.50334436, 0.5000426, 0.5005499, 0.5028868, 0.5005521, 0.5031949, 0.5024904, 0.50236523, 0.50154334, 0.50217944, 0.50253725, 0.50101143, 0.51334614, 0.51220185, 0.512074, 0.51253676, 0.51578385, 0.5144831, 0.5142403, 0.51340145, 0.5146573, 0.5142919, 0.514443, 0.5149871, 0.5132727, 0.5148082, 0.51369333, 0.5163342, 0.516633, 0.515132, 0.5136721, 0.51410216, 0.513585, 0.5163748, 0.5151236, 0.51398426, 0.5160929, 0.5156177, 0.5156559, 0.51523423, 0.5156094, 0.513548, 0.5154964, 0.5160466, 0.5150559, 0.51396, 0.51237077, 0.5159697, 0.515031, 0.5152471, 0.5150925, 0.5137846, 0.5138606, 0.51611793, 0.51340985, 0.51621795, 0.5129243, 0.5136406, 0.51406604, 0.5150358, 0.5136264, 0.5157221, 0.5163127, 0.517021, 0.515701, 0.51444936, 0.5148096, 0.5151321, 0.51488143, 0.5142953, 0.5150752, 0.51608866, 0.5129677, 0.51624334, 0.5160003, 0.51551926, 0.5166891, 0.5170809, 0.51422167, 0.515135, 0.5142195, 0.51482165, 0.51350534, 0.514803, 0.51582605, 0.5160084, 0.51486796, 0.5155749, 0.51447624, 0.51568884, 0.5132056, 0.51432043, 0.5130457, 0.5136611, 0.5144092, 0.51455176, 0.5158018, 0.5158834, 0.51355636, 0.51398414, 0.5154742, 0.5162354, 0.51614887, 0.5165931, 0.51530457, 0.5160295, 0.51452875, 0.51532394, 0.5138854, 0.51375866, 0.5133247, 0.51393867, 0.5126703, 0.51266193, 0.5152146, 0.51335734, 0.5159576, 0.5137157, 0.5132205, 0.514679, 0.51490843, 0.51283705, 0.5131788, 0.5164822, 0.5145028, 0.5139665, 0.514428, 0.51340365, 0.51281387, 0.51589996, 0.5163413, 0.5159689, 0.5159406, 0.5155723, 0.51555175, 0.5155479, 0.5165656, 0.51476985, 0.51598686, 0.51728034, 0.5141529, 0.5151002, 0.5153717, 0.51793975, 0.5163946, 0.5168445, 0.5151949, 0.5171037, 0.5132133, 0.5161793]
[0.49985364, 0.50044787, 0.49936002, 0.500561, 0.51244146, 0.5150158, 0.5023581, 0.50024414, 0.50204074, 0.50147694, 0.50038815, 0.49986503, 0.50586885, 0.5143004, 0.5038908, 0.50021714, 0.51031214, 0.5099344, 0.49981016, 0.5008513, 0.49993122, 0.5023846, 0.5067389, 0.50245506, 0.5030665, 0.5033454, 0.5018066, 0.50314677, 0.50033706, 0.4998141, 0.5044465, 0.5051104, 0.50427425, 0.50532335, 0.5031869, 0.5017378, 0.50030005, 0.5026079, 0.5008914, 0.5035942, 0.5017968, 0.49969894, 0.50513333, 0.5108175, 0.50351596, 0.50010765, 0.5036408, 0.49937168, 0.49965262, 0.4999169, 0.4999265, 0.51239884, 0.504078, 0.5071147, 0.5058297, 0.4993017, 0.5000315, 0.49979165, 0.5005093, 0.50037795, 0.50181735, 0.50096154, 0.50259143, 0.50510997, 0.50031424, 0.5020818, 0.5033282, 0.5031708, 0.50210124, 0.5003968, 0.50119877, 0.49934557, 0.5158327, 0.5142042, 0.5144703, 0.51508015, 0.51862705, 0.51595896, 0.5155613, 0.51595545, 0.5159526, 0.51676583, 0.51765656, 0.517454, 0.5159781, 0.5178838, 0.5163614, 0.5197163, 0.51982695, 0.51797754, 0.5166665, 0.51655024, 0.51593053, 0.51961076, 0.51726836, 0.51690835, 0.5192692, 0.51844466, 0.51832145, 0.518656, 0.5188725, 0.51664317, 0.5178312, 0.5180271, 0.5177212, 0.5150057, 0.5142863, 0.5187349, 0.5172401, 0.51726127, 0.51702666, 0.5159489, 0.5166862, 0.51860505, 0.5165832, 0.51928455, 0.5153156, 0.51612055, 0.51628983, 0.51782984, 0.5159588, 0.518334, 0.51918006, 0.51976347, 0.5187193, 0.51698905, 0.51778376, 0.5171451, 0.51810384, 0.51620495, 0.51724285, 0.5193488, 0.51371986, 0.5195538, 0.518697, 0.51838094, 0.51964706, 0.51981014, 0.51571363, 0.51679647, 0.5168197, 0.5164539, 0.51683754, 0.51804996, 0.518892, 0.5180348, 0.5169333, 0.5185126, 0.51607484, 0.518803, 0.5153036, 0.5166242, 0.5157688, 0.5158641, 0.51715416, 0.5169984, 0.51921165, 0.5178042, 0.5159758, 0.51606154, 0.51788145, 0.51832443, 0.51868016, 0.5192203, 0.5179413, 0.5192885, 0.5175305, 0.51783466, 0.5157361, 0.5165482, 0.51528215, 0.516347, 0.5150419, 0.51534086, 0.5171236, 0.5160762, 0.51911515, 0.51651484, 0.51478124, 0.51682466, 0.5171997, 0.51511806, 0.51474637, 0.5185629, 0.5180114, 0.5165072, 0.5181113, 0.5173309, 0.51658547, 0.5187, 0.51889896, 0.51848894, 0.51799434, 0.5179366, 0.51890534, 0.51852137, 0.5196998, 0.51878744, 0.5186987, 0.5202404, 0.51692146, 0.51770335, 0.51786155, 0.5212489, 0.5179184, 0.5178798, 0.51767886, 0.51903564, 0.51524013, 0.51796645]
[0.49914068, 0.49930733, 0.49988404, 0.5009803, 0.5105363, 0.5130719, 0.50230587, 0.4992512, 0.50244045, 0.5012137, 0.4991554, 0.5009874, 0.50701773, 0.5125945, 0.50400656, 0.49929363, 0.5091025, 0.50908023, 0.4993181, 0.49936458, 0.49996352, 0.5022221, 0.5071456, 0.50276095, 0.503886, 0.5023545, 0.50312847, 0.50304455, 0.49933463, 0.4993157, 0.5027295, 0.50596064, 0.50584763, 0.50587785, 0.5034308, 0.50202096, 0.49940538, 0.5006167, 0.5009529, 0.50351393, 0.5012275, 0.4994175, 0.5048823, 0.5100298, 0.5022658, 0.4994125, 0.50377655, 0.5002763, 0.5007338, 0.49959585, 0.5007624, 0.51075405, 0.50457877, 0.5063944, 0.50592554, 0.49909374, 0.5004004, 0.49998295, 0.5012757, 0.49930573, 0.50032663, 0.5016036, 0.50306475, 0.50511014, 0.4999491, 0.5015409, 0.5038796, 0.504177, 0.50276417, 0.49913728, 0.49983585, 0.4994074, 0.5139352, 0.51241124, 0.5129414, 0.5131622, 0.51587945, 0.5135416, 0.51420957, 0.51378137, 0.5143696, 0.51409763, 0.5151533, 0.514839, 0.5146566, 0.515417, 0.51387286, 0.5170335, 0.51690847, 0.5147651, 0.5149657, 0.5142441, 0.513764, 0.5170798, 0.5154667, 0.5143005, 0.51679957, 0.5160785, 0.5159568, 0.5157294, 0.51602453, 0.51461816, 0.515654, 0.51486903, 0.5151905, 0.51300323, 0.5121483, 0.5159552, 0.5146076, 0.5149323, 0.5150912, 0.51382726, 0.5144992, 0.5162463, 0.51440495, 0.5163017, 0.5129683, 0.51377296, 0.5137025, 0.5155344, 0.5139082, 0.51622117, 0.5164772, 0.5170422, 0.5162457, 0.51462424, 0.51498216, 0.51494044, 0.5149687, 0.5141286, 0.5148761, 0.5166442, 0.51223904, 0.51637995, 0.5163779, 0.51551366, 0.51666313, 0.5168548, 0.5135584, 0.5149716, 0.51471585, 0.5140328, 0.5142666, 0.5153915, 0.51609623, 0.51565856, 0.5152328, 0.51657796, 0.51414907, 0.51593256, 0.51380366, 0.5139558, 0.51326996, 0.51385415, 0.51477855, 0.51505595, 0.5160981, 0.5154321, 0.5140366, 0.51307756, 0.5149936, 0.5157519, 0.51575, 0.51697296, 0.5154828, 0.51601416, 0.51493007, 0.51565754, 0.51347107, 0.5146697, 0.5129404, 0.5138033, 0.5129191, 0.5129929, 0.51488024, 0.51359, 0.5163104, 0.5146997, 0.51282716, 0.5144611, 0.5147836, 0.5131732, 0.5128913, 0.5158956, 0.5161872, 0.5143503, 0.5156667, 0.51505494, 0.5140539, 0.51584864, 0.51608217, 0.5155882, 0.5155495, 0.51563716, 0.51693547, 0.5157483, 0.5169613, 0.51621604, 0.51611465, 0.5175399, 0.5142274, 0.5151074, 0.51554155, 0.5179784, 0.51458865, 0.5157874, 0.5150987, 0.5170009, 0.5129536, 0.5157045]
[0.5030813, 0.5035881, 0.5020464, 0.50087523, 0.51430196, 0.5174205, 0.50175977, 0.503289, 0.502489, 0.5015502, 0.5024902, 0.50128883, 0.50849855, 0.51629615, 0.5045241, 0.5030008, 0.5120177, 0.51223046, 0.5028938, 0.50423396, 0.50324225, 0.502332, 0.5090846, 0.50460523, 0.5040344, 0.5033407, 0.5023235, 0.5029364, 0.5033025, 0.50199306, 0.50564873, 0.50733846, 0.5054695, 0.5061815, 0.50403965, 0.5012741, 0.5035973, 0.50677836, 0.5015845, 0.505223, 0.50130033, 0.5020905, 0.506182, 0.51273584, 0.5022169, 0.5026791, 0.5019515, 0.50128, 0.50177133, 0.5028579, 0.5012041, 0.51395667, 0.5041101, 0.50775075, 0.5084074, 0.5021545, 0.50115776, 0.5014587, 0.501664, 0.50299245, 0.5052285, 0.5009608, 0.5029932, 0.50634706, 0.50099134, 0.5038606, 0.5045856, 0.5040869, 0.5018546, 0.5029358, 0.5039966, 0.50178766, 0.51755095, 0.51598144, 0.5167156, 0.51691943, 0.5201511, 0.5179253, 0.5178046, 0.5178437, 0.5181087, 0.51865035, 0.51902443, 0.5192405, 0.5177705, 0.5193563, 0.5176054, 0.5206993, 0.52069634, 0.5193395, 0.5180664, 0.5181299, 0.5178116, 0.5211091, 0.51945215, 0.51828957, 0.5206012, 0.5204025, 0.51980686, 0.5195212, 0.52012426, 0.5185886, 0.5193317, 0.52002454, 0.51943046, 0.517335, 0.51605284, 0.5203849, 0.5188481, 0.5188641, 0.5193079, 0.5180747, 0.5186731, 0.51994795, 0.517946, 0.5203601, 0.51706743, 0.5181153, 0.5178749, 0.51935476, 0.5181484, 0.5199964, 0.5203668, 0.52144605, 0.5200896, 0.51875603, 0.51911706, 0.5187858, 0.51910335, 0.51846373, 0.5191229, 0.52100354, 0.51619273, 0.5210312, 0.5204842, 0.5197642, 0.52078795, 0.52149534, 0.5175391, 0.51934236, 0.5184933, 0.51786673, 0.5183558, 0.51942074, 0.520082, 0.52016085, 0.5195935, 0.5201162, 0.5179412, 0.5200384, 0.5172565, 0.5181377, 0.51728773, 0.5179081, 0.5188576, 0.5188059, 0.52067894, 0.5197799, 0.5176533, 0.5176893, 0.51962245, 0.5198722, 0.5203285, 0.52048236, 0.51942915, 0.52061695, 0.51912105, 0.51954, 0.5171276, 0.51841533, 0.5169867, 0.5181561, 0.5167932, 0.51679194, 0.5188801, 0.5177561, 0.52011675, 0.5180974, 0.51711655, 0.51924336, 0.5186845, 0.5170804, 0.51648396, 0.5204888, 0.5196417, 0.5179498, 0.51933336, 0.5187015, 0.5179774, 0.52021706, 0.5202809, 0.5198657, 0.5197728, 0.51969033, 0.52022606, 0.5201503, 0.5210906, 0.52025026, 0.5201538, 0.52177256, 0.51833457, 0.5196456, 0.5194666, 0.5224345, 0.5192466, 0.52000225, 0.5193377, 0.5212483, 0.51750195, 0.5199311]
[0.5024006, 0.5027363, 0.5014977, 0.5006196, 0.5102553, 0.51297116, 0.49959895, 0.50227374, 0.49989668, 0.49991003, 0.5012658, 0.50074977, 0.5049846, 0.5124014, 0.5016485, 0.50150746, 0.50852716, 0.50881803, 0.50222033, 0.5031297, 0.5021333, 0.50058013, 0.50650334, 0.5027585, 0.50049704, 0.50086457, 0.5014469, 0.5002422, 0.50230664, 0.50211215, 0.50236356, 0.5049844, 0.5030909, 0.504267, 0.5019884, 0.50005436, 0.5025486, 0.505093, 0.50114286, 0.50068873, 0.49977455, 0.50184554, 0.50324386, 0.5092665, 0.50077814, 0.50158775, 0.5003387, 0.50146717, 0.50059915, 0.50165147, 0.5006897, 0.51030326, 0.5025736, 0.50431144, 0.5044037, 0.50243926, 0.50088286, 0.50117296, 0.4996168, 0.5021793, 0.5042722, 0.5001613, 0.50062484, 0.5026473, 0.5003928, 0.500417, 0.5015473, 0.5027394, 0.50035137, 0.50202954, 0.50373197, 0.50176, 0.5141919, 0.51280737, 0.51258206, 0.51325125, 0.5164326, 0.51382333, 0.51418746, 0.51363677, 0.51433873, 0.51412815, 0.51539886, 0.5155079, 0.5143522, 0.51581013, 0.5139266, 0.51712275, 0.5170736, 0.5154223, 0.51509935, 0.5145623, 0.51373374, 0.5173437, 0.5157533, 0.5145445, 0.51689404, 0.51632416, 0.51620626, 0.51647156, 0.516349, 0.5147467, 0.5156939, 0.5158434, 0.51570565, 0.513355, 0.51204056, 0.5162071, 0.5152801, 0.5154383, 0.51541597, 0.51442873, 0.5147282, 0.51647043, 0.5143015, 0.5168387, 0.5134207, 0.5136245, 0.51380163, 0.51588106, 0.5144711, 0.516582, 0.51682675, 0.5179129, 0.5167328, 0.5148852, 0.51516306, 0.5151562, 0.5156089, 0.5145071, 0.51524156, 0.517291, 0.5124593, 0.517074, 0.51721954, 0.5162274, 0.51693434, 0.51742435, 0.51387936, 0.51514363, 0.5149827, 0.51449597, 0.5145811, 0.51591, 0.51635474, 0.5160046, 0.5158631, 0.5168712, 0.51460797, 0.5161876, 0.51401925, 0.51450026, 0.51344067, 0.5137304, 0.51513356, 0.51512843, 0.51699895, 0.5158502, 0.51410735, 0.5134543, 0.51562953, 0.51675105, 0.5162667, 0.5168971, 0.5158894, 0.51673496, 0.5155358, 0.5160541, 0.5137624, 0.5147543, 0.5129146, 0.51393723, 0.51280075, 0.51282126, 0.5151609, 0.5137759, 0.5168457, 0.5149237, 0.5130888, 0.5151936, 0.5151722, 0.5134667, 0.512467, 0.516334, 0.51623476, 0.51441026, 0.51584363, 0.51505846, 0.51434827, 0.51620865, 0.5164734, 0.5163025, 0.5162425, 0.5168865, 0.5161346, 0.5161962, 0.51747537, 0.5170874, 0.51692784, 0.51823187, 0.51428473, 0.51556045, 0.5158218, 0.51900804, 0.5156172, 0.5164244, 0.51557857, 0.5179124, 0.5129799, 0.5163238]
[0.503023, 0.50316185, 0.5009801, 0.49944702, 0.5085321, 0.51060295, 0.49972925, 0.5021271, 0.4995786, 0.500429, 0.50249076, 0.5006395, 0.5031509, 0.5104145, 0.50109655, 0.5022072, 0.50602436, 0.5064157, 0.501926, 0.50279427, 0.5017774, 0.49950463, 0.504051, 0.49980932, 0.5000834, 0.49987373, 0.5002436, 0.49992144, 0.5022217, 0.5024657, 0.500611, 0.5033897, 0.50288504, 0.5035663, 0.50069255, 0.49979618, 0.5021718, 0.50503844, 0.4997312, 0.5013167, 0.5004475, 0.50188684, 0.50314766, 0.5073487, 0.4996331, 0.5023717, 0.5004387, 0.4999596, 0.5013738, 0.50201994, 0.5003289, 0.5085065, 0.50063574, 0.503378, 0.50348747, 0.5019339, 0.5010811, 0.50123364, 0.50036097, 0.50288457, 0.50457656, 0.49959907, 0.5011474, 0.50147265, 0.5014802, 0.49967661, 0.50044626, 0.5004233, 0.50061506, 0.50218284, 0.5028522, 0.5004173, 0.5115293, 0.51043975, 0.51071507, 0.51105374, 0.513837, 0.51188207, 0.51207244, 0.5116215, 0.5121716, 0.5125177, 0.51255214, 0.5133536, 0.5116811, 0.5134495, 0.51176363, 0.5146087, 0.51442355, 0.5129294, 0.5120242, 0.5120732, 0.5117448, 0.514871, 0.513589, 0.5118623, 0.5143807, 0.51386476, 0.5139472, 0.51335466, 0.5135479, 0.5120435, 0.51332897, 0.51320803, 0.5130066, 0.51086575, 0.5102287, 0.513878, 0.51241726, 0.51260114, 0.5128072, 0.51142347, 0.5120591, 0.51388896, 0.5119242, 0.5141485, 0.5111647, 0.5119337, 0.5114311, 0.513518, 0.5113982, 0.5139913, 0.5142395, 0.5146336, 0.513566, 0.5123398, 0.51261526, 0.51276636, 0.5133732, 0.5124682, 0.51331824, 0.51427424, 0.5093871, 0.5139938, 0.5141135, 0.51364464, 0.5149168, 0.5149427, 0.51186466, 0.51202697, 0.5124974, 0.51203424, 0.51211625, 0.51303804, 0.514121, 0.5139412, 0.51311487, 0.51405835, 0.511984, 0.51369214, 0.5109944, 0.5119757, 0.5108827, 0.5117781, 0.51264215, 0.5124764, 0.514147, 0.5137424, 0.5116643, 0.511524, 0.5133211, 0.51351076, 0.5136196, 0.5144057, 0.5134012, 0.5136787, 0.51299655, 0.51312894, 0.5114424, 0.5125594, 0.51119757, 0.51176655, 0.5104009, 0.5106639, 0.5125739, 0.51117647, 0.513818, 0.51196015, 0.51018703, 0.51261395, 0.5124688, 0.511147, 0.51076984, 0.51376355, 0.51342714, 0.51215535, 0.5135733, 0.5132292, 0.5125009, 0.5135175, 0.5142341, 0.51370126, 0.5133085, 0.5131828, 0.51463246, 0.5138313, 0.51462156, 0.5138746, 0.5134234, 0.5154434, 0.51245433, 0.51319635, 0.51357573, 0.5162475, 0.5133353, 0.5139217, 0.5126727, 0.5149521, 0.5112919, 0.5133445]
[0.50203794, 0.50226474, 0.50064015, 0.50201195, 0.5113416, 0.5134514, 0.50316787, 0.5007304, 0.5033551, 0.5019522, 0.50142866, 0.50119597, 0.5075542, 0.51260763, 0.50471, 0.50179905, 0.5090311, 0.5092492, 0.50109285, 0.50253505, 0.50159484, 0.50212103, 0.507413, 0.50350714, 0.50449467, 0.50275034, 0.5030545, 0.50273955, 0.50203997, 0.5020566, 0.50444716, 0.50620246, 0.50553405, 0.5056832, 0.50342214, 0.50234693, 0.5020233, 0.50512195, 0.5017398, 0.5037679, 0.50112116, 0.50088954, 0.50658727, 0.51024497, 0.50290865, 0.5013911, 0.50553733, 0.5020453, 0.50040925, 0.50138754, 0.501224, 0.5106372, 0.5039356, 0.5064776, 0.50639755, 0.50083864, 0.500636, 0.5005413, 0.5006943, 0.50157726, 0.5034055, 0.50175864, 0.5045329, 0.5050865, 0.50113755, 0.503329, 0.50381374, 0.5039225, 0.5032979, 0.50191736, 0.5028941, 0.50056213, 0.5143842, 0.51304185, 0.51321137, 0.51331604, 0.5157765, 0.5143443, 0.51452917, 0.5139647, 0.5141236, 0.5146758, 0.51475406, 0.5153907, 0.5142106, 0.51553684, 0.51370937, 0.51669025, 0.51642966, 0.515154, 0.5147008, 0.5143074, 0.51358044, 0.516584, 0.5156215, 0.5148052, 0.5161057, 0.51572746, 0.5156622, 0.5156186, 0.51615226, 0.51448643, 0.5152106, 0.5156682, 0.5150376, 0.5134364, 0.51168287, 0.5159758, 0.51483256, 0.51510483, 0.51511633, 0.514171, 0.5145671, 0.51578104, 0.5140959, 0.5160208, 0.5136849, 0.5140396, 0.51413894, 0.5156358, 0.5139441, 0.5162893, 0.5162502, 0.5167038, 0.5156649, 0.51488817, 0.5149644, 0.5147905, 0.51553845, 0.5139383, 0.5149112, 0.51621675, 0.5124003, 0.5159812, 0.5160296, 0.51549405, 0.5162832, 0.5165494, 0.514266, 0.5149547, 0.5147407, 0.51414543, 0.5146667, 0.5153443, 0.5158905, 0.51583356, 0.51532423, 0.51598203, 0.51456946, 0.5154271, 0.5135106, 0.5143502, 0.51360476, 0.51425326, 0.5148325, 0.5149174, 0.51630366, 0.5157817, 0.5137151, 0.51360816, 0.51517236, 0.51586384, 0.5160304, 0.51678836, 0.51547503, 0.51572955, 0.51481545, 0.5150694, 0.51328105, 0.5154809, 0.51308113, 0.5140399, 0.5131264, 0.51323926, 0.51478535, 0.51378256, 0.5160276, 0.51460814, 0.5132183, 0.5145169, 0.51444227, 0.5131943, 0.51301336, 0.5162658, 0.51566654, 0.51459086, 0.5157736, 0.5151671, 0.5144939, 0.51570094, 0.515811, 0.5159206, 0.51569796, 0.51520264, 0.5166879, 0.51608676, 0.516421, 0.5164358, 0.5157394, 0.51716304, 0.5143579, 0.5153782, 0.51542324, 0.51788646, 0.5149404, 0.5157801, 0.51495993, 0.5166451, 0.51362, 0.51553434]
[0.5008817, 0.5014346, 0.50115013, 0.50364494, 0.512536, 0.5147846, 0.50311005, 0.50060976, 0.50406575, 0.50305754, 0.5011149, 0.50274074, 0.5086027, 0.5140125, 0.5054183, 0.50044614, 0.510207, 0.5101672, 0.50060266, 0.5010456, 0.5009846, 0.5037068, 0.50832367, 0.5044256, 0.5061573, 0.5034521, 0.5045256, 0.5040295, 0.5009331, 0.5010942, 0.5057497, 0.50754327, 0.50781196, 0.5078574, 0.5058542, 0.50367314, 0.5007447, 0.5041055, 0.5033764, 0.50581306, 0.50364524, 0.5006025, 0.50732774, 0.511266, 0.5039841, 0.5004034, 0.5054372, 0.5014585, 0.5016305, 0.5004701, 0.5024234, 0.51227546, 0.5048657, 0.507132, 0.5067883, 0.50049037, 0.5016006, 0.5009218, 0.5017846, 0.5007691, 0.50297666, 0.5030858, 0.50544935, 0.50605863, 0.50081456, 0.5032874, 0.50591815, 0.5056522, 0.5044723, 0.50114065, 0.502163, 0.50047404, 0.51515687, 0.51420873, 0.5144153, 0.5146217, 0.517624, 0.5152803, 0.5156492, 0.51509863, 0.5158052, 0.516599, 0.51661247, 0.51680005, 0.5159643, 0.5175765, 0.51557475, 0.5186125, 0.5188522, 0.5165231, 0.51651883, 0.5157755, 0.5155251, 0.5185722, 0.51727825, 0.5161894, 0.51848584, 0.5176772, 0.5179335, 0.5177682, 0.51767385, 0.51581085, 0.51729065, 0.5169753, 0.5172734, 0.514778, 0.51371694, 0.5179689, 0.5166841, 0.51677924, 0.51649994, 0.51562047, 0.51617265, 0.5179683, 0.51632017, 0.518096, 0.5149019, 0.51556605, 0.51543945, 0.5178362, 0.5157811, 0.5177186, 0.51830554, 0.5190416, 0.5177053, 0.51624566, 0.51669484, 0.51659966, 0.5170078, 0.51587963, 0.5165398, 0.51826066, 0.51416296, 0.5178348, 0.518087, 0.5171128, 0.5183223, 0.5186219, 0.5157376, 0.51658, 0.517103, 0.51634437, 0.51631707, 0.517174, 0.51804954, 0.5174462, 0.51690656, 0.51842105, 0.516307, 0.5178874, 0.5153615, 0.51606953, 0.51537305, 0.5156403, 0.5164313, 0.51664925, 0.5179652, 0.5173243, 0.51547515, 0.51524657, 0.5170516, 0.5178557, 0.51781774, 0.5188663, 0.5172412, 0.5176684, 0.51650065, 0.5171231, 0.51496273, 0.5166433, 0.51503676, 0.51595414, 0.51454395, 0.5146237, 0.51639634, 0.5150117, 0.5181255, 0.51614285, 0.5144523, 0.5162647, 0.51644063, 0.5146631, 0.5143341, 0.51810575, 0.51755095, 0.5166434, 0.5180947, 0.51706165, 0.51617783, 0.51775837, 0.5181808, 0.51753956, 0.51738524, 0.5172525, 0.5191237, 0.517987, 0.5184735, 0.5181128, 0.5179543, 0.5192697, 0.51629245, 0.5169899, 0.5173247, 0.5197542, 0.51695156, 0.5178012, 0.5168167, 0.5186705, 0.5148874, 0.51747364]
[0.50059646, 0.4999208, 0.5015215, 0.50360286, 0.510184, 0.5125997, 0.5030053, 0.5003891, 0.50421864, 0.50309384, 0.5002149, 0.50232476, 0.50669485, 0.51251185, 0.5055069, 0.5004394, 0.50908935, 0.5088785, 0.49955407, 0.49941, 0.5002714, 0.5021583, 0.50778455, 0.5057433, 0.5047725, 0.50396556, 0.50401527, 0.5035515, 0.4998615, 0.4999392, 0.5041431, 0.50628924, 0.50571775, 0.50597006, 0.5049013, 0.50258964, 0.4999596, 0.5018331, 0.5024219, 0.5045792, 0.5032298, 0.50024146, 0.5047579, 0.5089067, 0.50308824, 0.5010301, 0.5032082, 0.50080454, 0.50230414, 0.5006898, 0.501103, 0.5103403, 0.5042293, 0.50589454, 0.5062923, 0.5009878, 0.502213, 0.5017177, 0.5036991, 0.50014955, 0.5005159, 0.5025047, 0.50375867, 0.50513256, 0.50211686, 0.5032193, 0.5055312, 0.5045595, 0.50340337, 0.5002511, 0.50023824, 0.50081766, 0.51235956, 0.5114104, 0.5118027, 0.51228, 0.5146078, 0.5127504, 0.5141159, 0.5128637, 0.513422, 0.5133327, 0.5146654, 0.5147982, 0.51384974, 0.5148954, 0.51321995, 0.5156048, 0.51597667, 0.51385474, 0.51448005, 0.513607, 0.51307005, 0.51614106, 0.5147957, 0.513085, 0.5161493, 0.5146293, 0.5148685, 0.51472205, 0.51543623, 0.5138592, 0.5147476, 0.5144721, 0.51416266, 0.5124178, 0.5118688, 0.5152018, 0.5138137, 0.51483506, 0.513657, 0.51289374, 0.51368684, 0.515418, 0.5145192, 0.5155224, 0.5124898, 0.5130958, 0.5132099, 0.5143648, 0.51423097, 0.5154355, 0.5153328, 0.5159863, 0.5156749, 0.5141674, 0.51427436, 0.5142231, 0.5146678, 0.5136162, 0.51381314, 0.5159822, 0.5113478, 0.5161953, 0.51573855, 0.51518613, 0.51582533, 0.51611793, 0.5122427, 0.5141649, 0.5146973, 0.513344, 0.5141966, 0.514919, 0.5149193, 0.5150715, 0.51483417, 0.5159772, 0.5135979, 0.514894, 0.5134951, 0.5135185, 0.51304907, 0.5134484, 0.514397, 0.5145152, 0.51541305, 0.51484305, 0.51312906, 0.5129332, 0.5145193, 0.5152432, 0.5151364, 0.51568717, 0.5156449, 0.51606625, 0.51463944, 0.5150894, 0.5131789, 0.5139707, 0.51262444, 0.5136808, 0.5129403, 0.51304543, 0.5136273, 0.512173, 0.51565164, 0.5138648, 0.5122482, 0.5142208, 0.5144109, 0.5134857, 0.51188856, 0.5152584, 0.51482606, 0.5140914, 0.5152451, 0.5144605, 0.5138623, 0.5152672, 0.5154542, 0.5144189, 0.5143798, 0.51560163, 0.51546025, 0.5144057, 0.51667017, 0.51555496, 0.51530033, 0.51683193, 0.5138138, 0.5148193, 0.51434296, 0.51707184, 0.51447535, 0.5154374, 0.5148645, 0.51605284, 0.51267624, 0.51522464]
[0.50383633, 0.50432545, 0.5033508, 0.50246185, 0.5098196, 0.51210594, 0.5009129, 0.5033686, 0.5011305, 0.5018827, 0.5038948, 0.5027554, 0.5063712, 0.5112152, 0.5026531, 0.50335693, 0.50805575, 0.5082585, 0.5036784, 0.50404876, 0.5033613, 0.5011761, 0.5064541, 0.50178206, 0.5007514, 0.50078017, 0.50094277, 0.5009202, 0.5036683, 0.5038691, 0.5020004, 0.50555664, 0.5036575, 0.5050103, 0.5010549, 0.5018508, 0.504008, 0.5065109, 0.5018438, 0.5006051, 0.5021862, 0.5032357, 0.50379044, 0.50918925, 0.5010523, 0.5032331, 0.50064534, 0.50273955, 0.5029844, 0.503667, 0.50255054, 0.5097745, 0.5010827, 0.50582176, 0.5056122, 0.5032645, 0.5025348, 0.5032928, 0.5017732, 0.5040097, 0.5054885, 0.5023377, 0.5008802, 0.5031263, 0.5027018, 0.5009347, 0.50121385, 0.5008832, 0.50060135, 0.5038886, 0.50458205, 0.50317734, 0.51270634, 0.51170623, 0.51195997, 0.51180506, 0.514488, 0.51259166, 0.51349074, 0.51242715, 0.5127705, 0.5132242, 0.51373327, 0.51363117, 0.51294744, 0.51371515, 0.51283133, 0.51500714, 0.51499957, 0.5141151, 0.5131875, 0.51296866, 0.51247287, 0.51495683, 0.5137909, 0.5131234, 0.5149135, 0.5142337, 0.5145737, 0.51439106, 0.51442486, 0.51294094, 0.5137529, 0.5142407, 0.5137601, 0.51199865, 0.51128, 0.5144731, 0.51335436, 0.5137875, 0.5133807, 0.5126345, 0.51307434, 0.51443076, 0.51277095, 0.5146569, 0.51200587, 0.5123967, 0.5127612, 0.5139793, 0.5128297, 0.51433504, 0.51460034, 0.5154054, 0.5145832, 0.5132774, 0.51351714, 0.5134456, 0.51378435, 0.5129377, 0.51370275, 0.51486915, 0.5111559, 0.5152072, 0.5146073, 0.51407427, 0.51485044, 0.51536787, 0.51281875, 0.51357996, 0.51335067, 0.5131329, 0.5131287, 0.51402694, 0.5145449, 0.5140832, 0.51398516, 0.5148665, 0.51285994, 0.5143482, 0.51267207, 0.51297355, 0.5120213, 0.51277167, 0.5134572, 0.51336455, 0.51474875, 0.5142302, 0.5122864, 0.51272887, 0.5137773, 0.5148695, 0.51462215, 0.5149764, 0.51422536, 0.51484495, 0.5136035, 0.5141589, 0.5126716, 0.51319003, 0.51222676, 0.5127634, 0.5117809, 0.51198643, 0.5135541, 0.5123221, 0.51483834, 0.5130051, 0.51192397, 0.5134229, 0.5135006, 0.51191044, 0.51176435, 0.5144354, 0.5139543, 0.5128464, 0.51398623, 0.5134088, 0.5126917, 0.51412565, 0.51464474, 0.514641, 0.514097, 0.5145243, 0.5144954, 0.51448524, 0.5152273, 0.5146278, 0.5146439, 0.515769, 0.5131209, 0.513846, 0.5142113, 0.5162635, 0.51379794, 0.5146663, 0.5139405, 0.5155722, 0.5118687, 0.5142285]
[0.50001, 0.50029254, 0.50037915, 0.5017194, 0.51239735, 0.51511705, 0.50177896, 0.49997914, 0.5025901, 0.5017013, 0.500056, 0.5017125, 0.50794333, 0.51423883, 0.50409627, 0.5006022, 0.5101224, 0.50990385, 0.49960002, 0.50101775, 0.50027984, 0.50282747, 0.507916, 0.5034051, 0.50418067, 0.5044693, 0.5030844, 0.50279415, 0.5003217, 0.50031626, 0.50353605, 0.5070931, 0.5064919, 0.50666827, 0.5028902, 0.5029502, 0.50054306, 0.5025751, 0.5019158, 0.50443214, 0.50114244, 0.499586, 0.50587857, 0.5108107, 0.5018422, 0.4999, 0.50331056, 0.50083834, 0.50005203, 0.49961776, 0.5007557, 0.512453, 0.50427806, 0.5067586, 0.5074325, 0.49991703, 0.5000908, 0.49995542, 0.5014265, 0.50023067, 0.5016075, 0.5017159, 0.504222, 0.50582296, 0.5012828, 0.5034005, 0.50439274, 0.50431323, 0.50289696, 0.49983305, 0.5007418, 0.4997922, 0.51546454, 0.5141762, 0.5142855, 0.51494944, 0.5180422, 0.51518893, 0.5154798, 0.5158801, 0.516207, 0.51640356, 0.51730585, 0.51723576, 0.51582414, 0.5174669, 0.51581925, 0.5188186, 0.5190522, 0.51685774, 0.51590425, 0.51576954, 0.51547986, 0.51942945, 0.5173994, 0.51678234, 0.5190354, 0.5176879, 0.518041, 0.5172542, 0.5179269, 0.51675576, 0.517286, 0.51763004, 0.5175103, 0.51422596, 0.51322013, 0.51811427, 0.5169219, 0.5161618, 0.51735884, 0.51637137, 0.5165316, 0.51794744, 0.5165733, 0.51814, 0.51481307, 0.51564324, 0.5156687, 0.5178867, 0.5158449, 0.5183749, 0.5186652, 0.5192621, 0.51829064, 0.51666665, 0.51687753, 0.51645297, 0.51770216, 0.516001, 0.5168528, 0.51904184, 0.5134286, 0.5185661, 0.518599, 0.5173983, 0.5185799, 0.51917946, 0.5154983, 0.51677, 0.5168466, 0.51541656, 0.5161101, 0.51772743, 0.51841176, 0.51783216, 0.5172653, 0.51827747, 0.51542944, 0.5178396, 0.51532334, 0.51573473, 0.51492375, 0.5158427, 0.5167624, 0.51697826, 0.51863843, 0.5176947, 0.51558506, 0.51500136, 0.517214, 0.5175333, 0.5177581, 0.51897275, 0.5174672, 0.51794004, 0.5171153, 0.51713073, 0.51425195, 0.51710373, 0.5144786, 0.5154368, 0.5147376, 0.5149686, 0.5167201, 0.5154898, 0.5184194, 0.51690316, 0.5143523, 0.51655716, 0.5160258, 0.5148245, 0.51420474, 0.5181764, 0.5180304, 0.51631933, 0.5181383, 0.51713616, 0.5163177, 0.51810116, 0.51827466, 0.51759094, 0.51735896, 0.5169616, 0.5191238, 0.51820004, 0.5188451, 0.5184324, 0.5178962, 0.51967436, 0.51567733, 0.51761717, 0.5174351, 0.52044153, 0.51676005, 0.51728415, 0.5168891, 0.5192318, 0.5154428, 0.5176132]
[0.49929515, 0.49960786, 0.50048316, 0.50328, 0.5126908, 0.5156957, 0.5041384, 0.500114, 0.5045397, 0.5037917, 0.49911335, 0.5014554, 0.5077097, 0.51478946, 0.5066464, 0.5007665, 0.51076317, 0.51091427, 0.50110966, 0.4999572, 0.5020975, 0.5036649, 0.5088603, 0.5063363, 0.5052551, 0.5037336, 0.5048843, 0.504602, 0.5006878, 0.5007723, 0.5087239, 0.50821394, 0.50774056, 0.50840765, 0.50603354, 0.5048647, 0.4997648, 0.5009986, 0.50334394, 0.50618696, 0.50280714, 0.5008021, 0.5063281, 0.5119338, 0.50507885, 0.50241995, 0.5067223, 0.5033814, 0.50077724, 0.49991074, 0.50262135, 0.51285905, 0.50633955, 0.50849277, 0.50818884, 0.50112844, 0.50172865, 0.5017213, 0.5041558, 0.49976122, 0.5002946, 0.50456923, 0.5062902, 0.5069802, 0.50184405, 0.50390625, 0.5068698, 0.5059436, 0.50419384, 0.500156, 0.4996862, 0.5014072, 0.51560956, 0.51449925, 0.5149237, 0.51515853, 0.5180779, 0.5167755, 0.51607794, 0.5161785, 0.5165232, 0.5170071, 0.5174457, 0.5177338, 0.51594514, 0.51801926, 0.5168002, 0.519194, 0.5192705, 0.51752245, 0.5173193, 0.5168759, 0.5163175, 0.51941425, 0.5179425, 0.5162698, 0.51944417, 0.51875067, 0.5181999, 0.51853937, 0.5184416, 0.516708, 0.5183886, 0.51815635, 0.51743716, 0.5158776, 0.51509, 0.5191853, 0.5174214, 0.51792836, 0.5171454, 0.5158718, 0.5167141, 0.51870507, 0.5168986, 0.5189826, 0.5157581, 0.5162639, 0.5161481, 0.5181606, 0.516271, 0.5183653, 0.5188325, 0.5195121, 0.51838434, 0.5174114, 0.5176129, 0.5177221, 0.5178332, 0.51673365, 0.51764625, 0.5189516, 0.5149512, 0.51874405, 0.5189451, 0.518302, 0.5195874, 0.51953876, 0.516428, 0.5171679, 0.51722234, 0.51749855, 0.51667666, 0.5176436, 0.51848024, 0.5189814, 0.5174705, 0.51902694, 0.51724374, 0.518341, 0.5159276, 0.51660526, 0.51571006, 0.51624817, 0.5173033, 0.5174961, 0.5187714, 0.5184121, 0.51638466, 0.51644284, 0.5178489, 0.51846516, 0.5185644, 0.51907015, 0.5181453, 0.51859426, 0.5180386, 0.5180488, 0.51634026, 0.51689297, 0.51606554, 0.5167685, 0.51550424, 0.51541907, 0.51747346, 0.5158358, 0.5188202, 0.51680565, 0.51559883, 0.517154, 0.5173992, 0.5156339, 0.51565045, 0.51896256, 0.51793754, 0.5168756, 0.51779497, 0.51713246, 0.5166456, 0.5183914, 0.5187353, 0.51834744, 0.51837313, 0.51786053, 0.51918846, 0.5186702, 0.5193112, 0.5184702, 0.5180495, 0.5199997, 0.5170784, 0.5180195, 0.5179387, 0.52049196, 0.51851004, 0.51909655, 0.5175998, 0.51975054, 0.515821, 0.5184998]
[0.5000194, 0.4999807, 0.5019733, 0.50469244, 0.5128426, 0.51512766, 0.5048125, 0.50069374, 0.5043687, 0.5037296, 0.5015182, 0.5041194, 0.50921273, 0.5148403, 0.50702536, 0.499974, 0.51075447, 0.5109092, 0.4997954, 0.50012606, 0.50198513, 0.50568664, 0.50885326, 0.5056227, 0.50669146, 0.50533575, 0.5053033, 0.50491756, 0.5001508, 0.5012763, 0.50788903, 0.50858563, 0.5083363, 0.5091012, 0.50663877, 0.5041872, 0.49990413, 0.503067, 0.50342524, 0.50653815, 0.5036377, 0.50100744, 0.50773734, 0.51170117, 0.50575536, 0.50026196, 0.50891834, 0.5044435, 0.5020724, 0.50055426, 0.5037507, 0.5130622, 0.5072297, 0.50877, 0.50794566, 0.5000269, 0.50181067, 0.50203204, 0.50257224, 0.50040746, 0.5019785, 0.5043424, 0.50708586, 0.50750285, 0.5030029, 0.5059291, 0.5059351, 0.50641596, 0.5055094, 0.500232, 0.50230396, 0.50045335, 0.5163841, 0.5153255, 0.51565045, 0.5156091, 0.5182021, 0.51653063, 0.51613075, 0.51622367, 0.51656365, 0.5165934, 0.51739365, 0.5173169, 0.51651865, 0.5180888, 0.51567405, 0.5190792, 0.51892936, 0.5174882, 0.5178398, 0.51640165, 0.5159114, 0.5196435, 0.5181441, 0.51674056, 0.5185426, 0.5186752, 0.5177184, 0.51823366, 0.51875424, 0.5166591, 0.5178435, 0.51773775, 0.5175127, 0.51556313, 0.5138183, 0.5187546, 0.5171914, 0.51760167, 0.5172991, 0.51633286, 0.516946, 0.518696, 0.51660603, 0.5189201, 0.5155831, 0.51608956, 0.51592994, 0.5183049, 0.51599324, 0.518738, 0.51892376, 0.5193675, 0.51818854, 0.5169511, 0.51745206, 0.5173128, 0.5179051, 0.51670516, 0.51729554, 0.5191774, 0.514168, 0.51856923, 0.518576, 0.51745254, 0.5188595, 0.51935047, 0.51613134, 0.5168763, 0.51738, 0.5169066, 0.51643115, 0.5174486, 0.5186156, 0.5179937, 0.5175717, 0.5190225, 0.5167461, 0.5183629, 0.51600474, 0.5163875, 0.5155102, 0.5162732, 0.51733166, 0.51734805, 0.51901394, 0.51809686, 0.51653636, 0.51532805, 0.517862, 0.5182263, 0.51846105, 0.51910555, 0.5175559, 0.51837105, 0.5174401, 0.5174085, 0.5154625, 0.51783925, 0.51552206, 0.515944, 0.5150032, 0.51517075, 0.5172509, 0.51603836, 0.5184377, 0.51709104, 0.51554835, 0.51679444, 0.5168363, 0.51539046, 0.51517296, 0.518598, 0.5181626, 0.51665425, 0.5184961, 0.5177742, 0.5169876, 0.518007, 0.517849, 0.5181122, 0.5179608, 0.517754, 0.5197668, 0.51880777, 0.5192979, 0.51906735, 0.51797336, 0.51996946, 0.51672184, 0.51767004, 0.5176844, 0.52000535, 0.51766306, 0.51862884, 0.5168907, 0.5193871, 0.51539737, 0.51765156]
[0.5009874, 0.5007451, 0.50223726, 0.50337446, 0.5138106, 0.51673305, 0.50733066, 0.5022252, 0.50584203, 0.5057748, 0.5006526, 0.50229764, 0.5091246, 0.51624614, 0.5087557, 0.5019191, 0.5124955, 0.5126314, 0.50278723, 0.5013042, 0.5029621, 0.5061444, 0.51010054, 0.5082823, 0.5068722, 0.50683016, 0.5070846, 0.5061335, 0.5020389, 0.5023918, 0.5092102, 0.5095584, 0.50830585, 0.50941193, 0.50826246, 0.50532204, 0.5016181, 0.50174403, 0.50445545, 0.50699365, 0.50494426, 0.5021005, 0.5083866, 0.5132841, 0.50780976, 0.5038505, 0.50690657, 0.5030153, 0.50349545, 0.50217444, 0.5037688, 0.5139599, 0.50815296, 0.50960904, 0.5095362, 0.50136495, 0.5034641, 0.5025718, 0.5066734, 0.5011678, 0.50138897, 0.5053699, 0.50686073, 0.5089974, 0.5033599, 0.50641805, 0.5079213, 0.5085435, 0.5072854, 0.5020746, 0.50072247, 0.50292236, 0.51717895, 0.51587456, 0.5161764, 0.51648164, 0.5196757, 0.517403, 0.5179089, 0.51733834, 0.5183149, 0.51829654, 0.51911247, 0.51864815, 0.51785403, 0.5189517, 0.51810384, 0.5208654, 0.52062935, 0.5185713, 0.51867235, 0.518031, 0.51764226, 0.520757, 0.5188331, 0.5179827, 0.5203133, 0.5195621, 0.519589, 0.51957387, 0.52019066, 0.51804376, 0.5193159, 0.5191771, 0.51916015, 0.51716506, 0.516838, 0.51971173, 0.5188235, 0.5190661, 0.518906, 0.5175262, 0.517643, 0.52002305, 0.5177723, 0.5205284, 0.51694155, 0.51743567, 0.5175214, 0.51921564, 0.5181819, 0.5198039, 0.5198002, 0.521328, 0.5203367, 0.5187057, 0.51887536, 0.5189287, 0.51857466, 0.51839036, 0.5189968, 0.5209329, 0.5160983, 0.52027184, 0.52029836, 0.5200233, 0.5207717, 0.5210254, 0.5176724, 0.51870435, 0.51881504, 0.51831764, 0.51817447, 0.5194724, 0.5200163, 0.51964444, 0.5195655, 0.52011955, 0.51850283, 0.51979506, 0.51736444, 0.51810074, 0.5173164, 0.51770383, 0.5187434, 0.5185414, 0.5202089, 0.5194381, 0.5174752, 0.51766986, 0.519203, 0.5203162, 0.5202627, 0.52052, 0.51980114, 0.52017593, 0.5190153, 0.5196721, 0.5177154, 0.51833516, 0.51704603, 0.51797974, 0.51661927, 0.5168769, 0.5184811, 0.5174684, 0.5203947, 0.5176681, 0.51701176, 0.51857984, 0.51890177, 0.51757735, 0.51656026, 0.5195082, 0.5197429, 0.5184731, 0.51972544, 0.5189239, 0.5181202, 0.519774, 0.5200648, 0.5193654, 0.51951915, 0.52016014, 0.52025187, 0.51943797, 0.52067536, 0.5196419, 0.5205326, 0.52176124, 0.5183322, 0.5191733, 0.5191963, 0.5218695, 0.51928943, 0.5199846, 0.5193606, 0.5213112, 0.5170211, 0.5204126]
[0.50199014, 0.50265443, 0.5013631, 0.5000856, 0.51046586, 0.51253355, 0.5013721, 0.50184286, 0.50178933, 0.5011501, 0.5019596, 0.5002772, 0.5053845, 0.512132, 0.50360173, 0.50150925, 0.5084437, 0.50833005, 0.5012802, 0.5023527, 0.50105107, 0.5009737, 0.5055897, 0.50208104, 0.5016016, 0.50216305, 0.5019637, 0.5016099, 0.5018657, 0.5010146, 0.50505674, 0.50514585, 0.50410897, 0.5049532, 0.5026733, 0.5013617, 0.502119, 0.5049151, 0.5003996, 0.5022772, 0.501456, 0.5011899, 0.5043852, 0.5093538, 0.5020361, 0.50136226, 0.50257015, 0.5003654, 0.50075436, 0.5016577, 0.5003962, 0.51045346, 0.50257784, 0.5048752, 0.5039999, 0.50204676, 0.50045604, 0.5010154, 0.50103736, 0.5021556, 0.50428504, 0.50070226, 0.50189495, 0.50309, 0.50085616, 0.50160503, 0.5029179, 0.50232977, 0.5012477, 0.50171745, 0.50353634, 0.5012514, 0.5132445, 0.5118591, 0.51205397, 0.51260096, 0.51546323, 0.5135425, 0.5136608, 0.5133873, 0.51379174, 0.5144732, 0.51456296, 0.51472044, 0.5137818, 0.51522654, 0.51357937, 0.5164102, 0.51639193, 0.51488894, 0.51427406, 0.51388216, 0.5134945, 0.5165973, 0.5151554, 0.5141091, 0.5159988, 0.51555014, 0.5154776, 0.51558304, 0.51557904, 0.5139897, 0.515112, 0.5151807, 0.5150984, 0.51290435, 0.5121846, 0.51559216, 0.5147206, 0.5148272, 0.51427543, 0.51355577, 0.5138479, 0.5159035, 0.5139766, 0.5163891, 0.512874, 0.51317877, 0.513469, 0.5151634, 0.5135728, 0.5157409, 0.5158148, 0.5165953, 0.5157313, 0.51443154, 0.5149343, 0.51456404, 0.51492774, 0.5140103, 0.51459616, 0.51645017, 0.5118714, 0.5162215, 0.515927, 0.5151847, 0.51644707, 0.51658744, 0.51324636, 0.51418096, 0.5144622, 0.5143087, 0.5140438, 0.514924, 0.5156448, 0.5152666, 0.51484877, 0.5161405, 0.5142011, 0.51571494, 0.51303315, 0.5140522, 0.51328295, 0.51370376, 0.5144603, 0.5144642, 0.5161936, 0.5154416, 0.5136593, 0.51349676, 0.5149238, 0.51562846, 0.5156083, 0.5161712, 0.5151074, 0.5161185, 0.5147573, 0.51513493, 0.51348335, 0.5139606, 0.51293063, 0.51369804, 0.51286554, 0.5130375, 0.51442707, 0.51337177, 0.51602405, 0.5141069, 0.5125071, 0.51424384, 0.51453614, 0.5130965, 0.5125366, 0.51556295, 0.5152347, 0.513775, 0.5152687, 0.5146329, 0.51372117, 0.5154674, 0.51566136, 0.5155497, 0.51520526, 0.5156571, 0.5159741, 0.51568145, 0.51667625, 0.5157541, 0.51568896, 0.51705986, 0.5142216, 0.51501065, 0.51511616, 0.51762944, 0.5155582, 0.51558214, 0.51481503, 0.5165452, 0.51300544, 0.5151563]
[0.5035225, 0.50377214, 0.5024298, 0.5014279, 0.50798666, 0.50972515, 0.5024851, 0.5030462, 0.50124484, 0.5008396, 0.5031451, 0.5015391, 0.50305897, 0.50939333, 0.50305015, 0.50170124, 0.50629693, 0.5061539, 0.5022378, 0.5027612, 0.5019823, 0.5012696, 0.50419647, 0.50175375, 0.5019823, 0.5014505, 0.50136834, 0.5021557, 0.5024569, 0.5018921, 0.50389904, 0.5037968, 0.50327426, 0.5039693, 0.50183403, 0.5011415, 0.50287974, 0.50563395, 0.5007986, 0.50186837, 0.50070393, 0.5020626, 0.50291014, 0.5071548, 0.50248814, 0.5018538, 0.504368, 0.5013783, 0.5018436, 0.5026809, 0.5008201, 0.50760794, 0.5022622, 0.5037774, 0.5027626, 0.5016464, 0.50154316, 0.50118285, 0.5009783, 0.50286907, 0.5049, 0.5014608, 0.5020741, 0.5032996, 0.50167453, 0.5012666, 0.50220835, 0.5016252, 0.50171036, 0.502942, 0.50469065, 0.5021834, 0.5104994, 0.5097249, 0.5097314, 0.51004606, 0.511718, 0.5110694, 0.5103546, 0.5107215, 0.51037675, 0.51091254, 0.51119864, 0.51119417, 0.5102394, 0.51142323, 0.51044446, 0.5122987, 0.51212263, 0.51175106, 0.5108032, 0.5109901, 0.51019686, 0.51247007, 0.51133907, 0.51041645, 0.5120878, 0.51210207, 0.5117872, 0.51179516, 0.51165783, 0.5105815, 0.5117152, 0.5119659, 0.51116943, 0.51019925, 0.5094131, 0.5122622, 0.511083, 0.51129043, 0.5104651, 0.5101629, 0.51093197, 0.5120279, 0.51055336, 0.51228184, 0.51017493, 0.51078165, 0.51052415, 0.51169765, 0.51007736, 0.5118975, 0.5119777, 0.51251733, 0.5116235, 0.5107618, 0.5111714, 0.5112293, 0.51151055, 0.51068205, 0.5113182, 0.5122176, 0.5087523, 0.51212656, 0.51166856, 0.5116598, 0.5128455, 0.512587, 0.5104796, 0.51047254, 0.5105407, 0.5107874, 0.5105498, 0.5112131, 0.51203173, 0.5122393, 0.51099026, 0.51189655, 0.5109994, 0.5117267, 0.5097924, 0.51022047, 0.50962126, 0.5105662, 0.51114714, 0.51093876, 0.5122909, 0.5119237, 0.5105808, 0.51063764, 0.5113056, 0.51205564, 0.51167274, 0.5119146, 0.5112957, 0.5119243, 0.51150256, 0.5113561, 0.51031625, 0.51120067, 0.5102354, 0.5108087, 0.50992215, 0.509973, 0.51120585, 0.5102552, 0.51178133, 0.5102783, 0.50964105, 0.51105917, 0.5114083, 0.5100104, 0.5100053, 0.5119171, 0.5115044, 0.51058686, 0.5117151, 0.5112134, 0.5107231, 0.5118806, 0.51178247, 0.5120133, 0.5120331, 0.5115775, 0.5124293, 0.51192665, 0.5125699, 0.5120968, 0.5117057, 0.51272005, 0.51083416, 0.51134247, 0.511078, 0.51357853, 0.5119496, 0.511983, 0.5109222, 0.51226, 0.5100855, 0.5115389]
[0.50243944, 0.50283676, 0.5014828, 0.50021404, 0.51579785, 0.5185442, 0.49948835, 0.50182503, 0.49990383, 0.5004588, 0.50188863, 0.50007415, 0.5092912, 0.51860774, 0.50341475, 0.5013771, 0.5120203, 0.5118737, 0.501881, 0.5024851, 0.5018144, 0.50060576, 0.5088875, 0.5011071, 0.5019003, 0.50050277, 0.5010877, 0.49951547, 0.5023431, 0.5017778, 0.50272584, 0.5075268, 0.5080159, 0.50840306, 0.5025533, 0.49958763, 0.50255626, 0.5050259, 0.4996156, 0.5027191, 0.5001642, 0.5019405, 0.5048576, 0.51222587, 0.49951267, 0.5012312, 0.50364786, 0.4997228, 0.5006814, 0.5016201, 0.49980184, 0.51510245, 0.5020629, 0.5047881, 0.50718194, 0.50167084, 0.50018746, 0.50107384, 0.50064033, 0.50215596, 0.5042645, 0.4994379, 0.50217503, 0.50357723, 0.5009424, 0.5000867, 0.5027074, 0.50206155, 0.50017357, 0.50186384, 0.5030705, 0.50134915, 0.5201029, 0.518268, 0.51845616, 0.5192197, 0.5234147, 0.5205713, 0.52057874, 0.5202733, 0.52053356, 0.5210917, 0.522448, 0.5225878, 0.52105236, 0.5231406, 0.5198662, 0.52472407, 0.5240955, 0.52199155, 0.5214027, 0.52122766, 0.52029175, 0.5254566, 0.523154, 0.52089185, 0.5249197, 0.5235036, 0.5235365, 0.5237846, 0.5237369, 0.5213622, 0.5226601, 0.52300376, 0.5228389, 0.5188629, 0.5172642, 0.5240237, 0.52193904, 0.522066, 0.5216168, 0.5201013, 0.52135473, 0.52385145, 0.52137834, 0.52419555, 0.519388, 0.52040184, 0.5196484, 0.52319545, 0.5210756, 0.524472, 0.52435267, 0.5251744, 0.5236893, 0.52165633, 0.5218365, 0.52124906, 0.52277535, 0.5214837, 0.52222306, 0.52522373, 0.51639056, 0.52489984, 0.5243553, 0.5229127, 0.52482295, 0.52537525, 0.5198792, 0.5219248, 0.5224402, 0.5205967, 0.52130085, 0.5227423, 0.52392733, 0.5239146, 0.5232113, 0.5243014, 0.52069664, 0.5233624, 0.51960963, 0.52061886, 0.5196137, 0.5208339, 0.522452, 0.5225863, 0.5246687, 0.52336204, 0.52022046, 0.520143, 0.5220894, 0.5234862, 0.5236618, 0.52443296, 0.52352047, 0.523913, 0.52291757, 0.5224249, 0.5189603, 0.52242243, 0.519473, 0.5202385, 0.5187019, 0.51881164, 0.52130365, 0.51953125, 0.52390474, 0.5217403, 0.51791877, 0.5220393, 0.5212834, 0.51970184, 0.51839894, 0.52360624, 0.5240665, 0.52152336, 0.5243628, 0.52326643, 0.5219299, 0.5235963, 0.52364117, 0.5234814, 0.5229589, 0.52352005, 0.52571136, 0.5238606, 0.52474624, 0.5251943, 0.5232841, 0.5263918, 0.521021, 0.5227181, 0.5229125, 0.5277164, 0.5221576, 0.5236406, 0.5220676, 0.5257554, 0.5199429, 0.5225935]
[0.49952886, 0.49982864, 0.49961013, 0.50094926, 0.5153825, 0.5190322, 0.50666106, 0.49976224, 0.50531137, 0.50465024, 0.49997628, 0.50158405, 0.5093754, 0.5178895, 0.5080958, 0.5003267, 0.51325476, 0.51415217, 0.5006418, 0.49965775, 0.5019158, 0.50398624, 0.50980407, 0.5077615, 0.505832, 0.5052094, 0.5032683, 0.5052524, 0.5016916, 0.5040444, 0.511826, 0.50911933, 0.507441, 0.50877357, 0.5056041, 0.5041502, 0.499801, 0.5020448, 0.5022117, 0.50530285, 0.5030024, 0.50087124, 0.50799674, 0.5149754, 0.5063211, 0.50134873, 0.50621694, 0.50125974, 0.50152904, 0.49951667, 0.50222987, 0.515877, 0.5075185, 0.51015, 0.5093443, 0.49983615, 0.5016074, 0.5001951, 0.5074484, 0.49955258, 0.50088173, 0.5034844, 0.5046344, 0.5071786, 0.5036892, 0.50791323, 0.507696, 0.5066099, 0.50428325, 0.5006278, 0.5006114, 0.5014172, 0.5189862, 0.518238, 0.51871544, 0.51916313, 0.5225512, 0.5209273, 0.52000684, 0.520471, 0.5210473, 0.5208848, 0.52118623, 0.52125597, 0.5199486, 0.5216486, 0.52000237, 0.5230023, 0.5229427, 0.5220946, 0.5204954, 0.5208249, 0.52043855, 0.5237427, 0.5212769, 0.52020496, 0.522923, 0.52257216, 0.522202, 0.52162194, 0.5228259, 0.5206425, 0.52233523, 0.52258146, 0.5216992, 0.52056056, 0.51875514, 0.5228717, 0.521838, 0.5220539, 0.521777, 0.52043647, 0.52041924, 0.5235151, 0.5195029, 0.5235682, 0.51899016, 0.5195451, 0.52044284, 0.52107555, 0.5199548, 0.52222353, 0.5226405, 0.52439195, 0.52252877, 0.5210135, 0.5218783, 0.5221163, 0.5212622, 0.521044, 0.52175903, 0.52405393, 0.5186598, 0.523497, 0.52301216, 0.52224857, 0.5234569, 0.52423465, 0.5205663, 0.521428, 0.5204059, 0.5214363, 0.5200424, 0.52154225, 0.5222869, 0.52250636, 0.5216327, 0.52279335, 0.52079546, 0.5226561, 0.5192879, 0.52076375, 0.51875013, 0.5200009, 0.52102405, 0.5213208, 0.52317953, 0.5222877, 0.519756, 0.5202622, 0.5220895, 0.5229223, 0.52264035, 0.52324796, 0.52186126, 0.5230148, 0.52160215, 0.5223908, 0.51998687, 0.5197031, 0.51865476, 0.51995075, 0.5188406, 0.51898104, 0.52165663, 0.51986605, 0.5229966, 0.52015513, 0.51946616, 0.5215998, 0.5218579, 0.5193999, 0.5192889, 0.5230415, 0.521403, 0.5199775, 0.52066183, 0.5192461, 0.51818526, 0.5229668, 0.5229774, 0.52225125, 0.52275085, 0.5228648, 0.52253526, 0.5219308, 0.5236991, 0.5215632, 0.5232757, 0.5247158, 0.52037996, 0.52153134, 0.5221895, 0.5250829, 0.52311456, 0.5238412, 0.52204883, 0.5244534, 0.519493, 0.5226681]
[0.50165784, 0.5024504, 0.5012393, 0.5006361, 0.5084431, 0.5106434, 0.5016189, 0.50185883, 0.50130975, 0.50065345, 0.5023359, 0.5010543, 0.5038489, 0.51025176, 0.5029487, 0.50105757, 0.50703555, 0.50708306, 0.50142556, 0.50204754, 0.5010035, 0.5008521, 0.50421137, 0.502001, 0.5021762, 0.5015455, 0.5009669, 0.5022519, 0.5020752, 0.5015446, 0.5030384, 0.5036647, 0.50265145, 0.50318056, 0.50255406, 0.5007634, 0.50154185, 0.50402814, 0.50052613, 0.50153846, 0.50051945, 0.5010637, 0.50214756, 0.50806904, 0.502146, 0.50137514, 0.5014376, 0.5012306, 0.5006091, 0.50166506, 0.5006043, 0.508467, 0.5025616, 0.5040235, 0.5034238, 0.5016359, 0.50051945, 0.50116247, 0.50115097, 0.5018106, 0.5033073, 0.5004898, 0.501619, 0.50357085, 0.50073963, 0.5002603, 0.5022753, 0.5024404, 0.50104105, 0.5016657, 0.5035563, 0.50150216, 0.5111171, 0.50981003, 0.51024145, 0.5105251, 0.51272607, 0.5113366, 0.5115749, 0.51103455, 0.51160973, 0.5117622, 0.51231885, 0.5122134, 0.51164824, 0.5125563, 0.5115928, 0.5138528, 0.51389575, 0.5127859, 0.51236665, 0.51170856, 0.51108944, 0.51363343, 0.51243186, 0.5116328, 0.5138515, 0.51334816, 0.5131866, 0.5130528, 0.5133623, 0.5114837, 0.5129776, 0.51266575, 0.5123933, 0.5108241, 0.51062274, 0.51333964, 0.5123172, 0.5128459, 0.5119378, 0.51103544, 0.5115935, 0.5134428, 0.51148695, 0.5133838, 0.510639, 0.51124406, 0.51132625, 0.5127573, 0.51133233, 0.5128643, 0.51345706, 0.514252, 0.5130464, 0.5119721, 0.5126666, 0.51268715, 0.51227146, 0.5117591, 0.51242787, 0.513637, 0.5104929, 0.5135211, 0.5133482, 0.5131929, 0.5138616, 0.51373094, 0.5115801, 0.5121451, 0.51195717, 0.5115977, 0.5115888, 0.5125239, 0.51301265, 0.5132318, 0.5124636, 0.513503, 0.5122387, 0.5130881, 0.51116383, 0.5117433, 0.51088345, 0.511356, 0.5122193, 0.5118754, 0.51339245, 0.5128568, 0.5112853, 0.5117086, 0.51236683, 0.51318, 0.5129828, 0.51384145, 0.51281065, 0.5136164, 0.51241624, 0.5129575, 0.5115503, 0.5115511, 0.5108906, 0.5116982, 0.51083106, 0.5108958, 0.51222914, 0.5111681, 0.5135053, 0.5116717, 0.51063514, 0.51177716, 0.51229185, 0.5109765, 0.51076955, 0.5129889, 0.512744, 0.5118076, 0.51265514, 0.5119374, 0.51123667, 0.51306194, 0.5131804, 0.51287794, 0.51299417, 0.5129761, 0.51335126, 0.51287425, 0.5139988, 0.51277435, 0.51320875, 0.5143907, 0.51228535, 0.51245296, 0.51250136, 0.5148316, 0.51268107, 0.5133155, 0.512593, 0.513785, 0.51084715, 0.51324236]
[0.5025742, 0.5029652, 0.501435, 0.49987766, 0.5101929, 0.5123827, 0.5009033, 0.50171703, 0.50063634, 0.5002529, 0.5016433, 0.4998921, 0.50541985, 0.51227355, 0.5028523, 0.50220174, 0.50759596, 0.5079453, 0.5018475, 0.5023846, 0.50143874, 0.5011242, 0.50649625, 0.50140345, 0.5017199, 0.5014611, 0.5013352, 0.50025415, 0.50198334, 0.50165963, 0.502652, 0.50504816, 0.5039496, 0.50465584, 0.5021546, 0.500414, 0.5021339, 0.504759, 0.50046444, 0.50263333, 0.50011253, 0.50193685, 0.50500464, 0.5086083, 0.501387, 0.5018673, 0.50262445, 0.50021404, 0.5005484, 0.5014842, 0.5000603, 0.51015043, 0.5026125, 0.50451905, 0.5052166, 0.50150585, 0.5006097, 0.50084144, 0.50020707, 0.50217974, 0.5038595, 0.5001006, 0.502134, 0.5031168, 0.50108474, 0.50124776, 0.502303, 0.50230056, 0.501709, 0.50177, 0.50277525, 0.500921, 0.5133763, 0.5123411, 0.51259583, 0.51266545, 0.5157486, 0.5135881, 0.514161, 0.5133982, 0.51389766, 0.5141065, 0.5146048, 0.5147471, 0.51350766, 0.51511157, 0.5131291, 0.5164578, 0.5161403, 0.5148572, 0.5138567, 0.5135898, 0.5128694, 0.51648253, 0.51513106, 0.5136002, 0.515834, 0.51592135, 0.5153408, 0.51537526, 0.5157411, 0.514001, 0.51465523, 0.5155703, 0.51504874, 0.51207894, 0.5111133, 0.5158011, 0.5146183, 0.51453626, 0.514646, 0.5135056, 0.51407, 0.51555705, 0.51338094, 0.5162648, 0.51280266, 0.5134753, 0.51320857, 0.51547855, 0.51385933, 0.5160693, 0.5159983, 0.51681006, 0.51555204, 0.5141832, 0.51458675, 0.5139895, 0.5147804, 0.51376593, 0.5146326, 0.51623636, 0.5112849, 0.5160879, 0.51607233, 0.515098, 0.51587445, 0.5168824, 0.51350826, 0.51433843, 0.51418924, 0.51375526, 0.51363236, 0.5149856, 0.5159568, 0.5154849, 0.5150057, 0.51595426, 0.5136368, 0.51543444, 0.512853, 0.51371086, 0.5125443, 0.51352614, 0.5145906, 0.51471937, 0.5161102, 0.5156663, 0.5131642, 0.51283514, 0.5150722, 0.5156436, 0.5158295, 0.5163871, 0.51491505, 0.5160362, 0.51464623, 0.5148713, 0.5128621, 0.5148117, 0.512566, 0.51343656, 0.5122562, 0.5124143, 0.5143439, 0.51327246, 0.5156536, 0.51390505, 0.51243633, 0.5144871, 0.51423687, 0.51272875, 0.512023, 0.51571125, 0.51518726, 0.51398015, 0.51555955, 0.51477534, 0.5140803, 0.51552147, 0.51552224, 0.5155313, 0.5155108, 0.5153362, 0.51603496, 0.5158395, 0.5165594, 0.51596874, 0.51552266, 0.5173205, 0.5140308, 0.51505584, 0.51485944, 0.5182366, 0.5149271, 0.5157254, 0.51472145, 0.5171572, 0.5129377, 0.51520646]
[0.50130785, 0.5015052, 0.50064826, 0.50208646, 0.5084457, 0.5096761, 0.50299597, 0.5006675, 0.50258636, 0.5021555, 0.5005045, 0.5014532, 0.50504494, 0.50989634, 0.5040222, 0.5005173, 0.506814, 0.50688523, 0.5007635, 0.50062656, 0.5007907, 0.50285435, 0.5057442, 0.50287735, 0.5033637, 0.5031854, 0.5030545, 0.5027397, 0.50041634, 0.50038475, 0.50387895, 0.5051253, 0.50498545, 0.50556964, 0.50354177, 0.5024894, 0.50107574, 0.50445145, 0.5014706, 0.5033942, 0.502054, 0.5005993, 0.5047923, 0.50749534, 0.5033181, 0.50047547, 0.5037658, 0.50176483, 0.50092053, 0.50048584, 0.5014712, 0.5085507, 0.5039414, 0.5050859, 0.50478077, 0.5007514, 0.50115556, 0.5010409, 0.5014699, 0.50143707, 0.50385076, 0.5023469, 0.5035435, 0.5044658, 0.5009217, 0.5028312, 0.50298077, 0.5036695, 0.50316995, 0.5006827, 0.5031796, 0.5007514, 0.51066923, 0.50970674, 0.50996697, 0.510383, 0.51191974, 0.51097697, 0.510565, 0.5107974, 0.5108194, 0.5109865, 0.5110529, 0.5114991, 0.51075065, 0.5118976, 0.51014966, 0.51260746, 0.51210797, 0.511511, 0.5112173, 0.5109348, 0.5104882, 0.51266146, 0.5117226, 0.51119334, 0.51224035, 0.5120962, 0.5118249, 0.51178545, 0.51203865, 0.5107917, 0.51163816, 0.51158327, 0.5114584, 0.510161, 0.50913656, 0.51216877, 0.51109284, 0.5115118, 0.5112734, 0.51073545, 0.51092494, 0.5120104, 0.51061237, 0.51225114, 0.5103851, 0.5107158, 0.51067644, 0.5118216, 0.5102401, 0.51216537, 0.51221335, 0.5125325, 0.51181954, 0.51094973, 0.5114704, 0.5111394, 0.51174843, 0.51086223, 0.5114168, 0.5123859, 0.50925773, 0.51205176, 0.5119884, 0.511664, 0.5125227, 0.51252025, 0.51082605, 0.5106531, 0.5108655, 0.51094526, 0.5109302, 0.51161146, 0.51223034, 0.5118071, 0.5113189, 0.51201534, 0.5110134, 0.51187736, 0.50998145, 0.5107956, 0.5099918, 0.5108914, 0.51146835, 0.51119924, 0.51240194, 0.511912, 0.51073176, 0.510467, 0.51143104, 0.5119507, 0.5118338, 0.51233923, 0.51152927, 0.51184165, 0.51134884, 0.5114891, 0.5103022, 0.5113516, 0.5099503, 0.5104566, 0.50972736, 0.50975835, 0.5112243, 0.510576, 0.5118104, 0.5108924, 0.5096862, 0.51097316, 0.51090336, 0.51022285, 0.509882, 0.5120213, 0.51181996, 0.5108424, 0.51192224, 0.5114831, 0.511013, 0.511774, 0.51173383, 0.5118705, 0.511774, 0.5114133, 0.5128603, 0.51211894, 0.51240283, 0.51214045, 0.511735, 0.5127695, 0.5109293, 0.51135635, 0.5117471, 0.5133223, 0.5114487, 0.51177555, 0.5110947, 0.5126086, 0.5103277, 0.51140916]
[0.50212526, 0.502762, 0.50174147, 0.5009193, 0.50967604, 0.5125333, 0.5031981, 0.5022001, 0.50238734, 0.501673, 0.50264233, 0.501623, 0.5049394, 0.5112823, 0.5043327, 0.5019846, 0.5082761, 0.50846714, 0.50143987, 0.502928, 0.5020999, 0.50150824, 0.5060184, 0.5028327, 0.5040349, 0.50238633, 0.50180036, 0.50437534, 0.5017711, 0.5014819, 0.50440407, 0.5051012, 0.50440204, 0.50469714, 0.50122535, 0.5008903, 0.5027916, 0.5051657, 0.50095934, 0.5020427, 0.501126, 0.50124174, 0.5040067, 0.50969297, 0.5025834, 0.5016059, 0.503444, 0.5004924, 0.50172585, 0.502655, 0.50107557, 0.50946033, 0.5037137, 0.50589263, 0.50475425, 0.50139856, 0.5010514, 0.50120604, 0.5019706, 0.5027244, 0.5043269, 0.501276, 0.502568, 0.50496316, 0.5008593, 0.5037252, 0.5033528, 0.50345266, 0.5028508, 0.50225157, 0.50322706, 0.5012997, 0.51267576, 0.51176596, 0.5118488, 0.5123169, 0.5148683, 0.51336586, 0.51342815, 0.5130507, 0.5133325, 0.5136756, 0.5135423, 0.51387274, 0.51346886, 0.5140683, 0.5134121, 0.5157298, 0.51587325, 0.5138931, 0.5135924, 0.5137347, 0.5134097, 0.5158176, 0.5141469, 0.513719, 0.5156915, 0.51509327, 0.5153378, 0.51420856, 0.51496047, 0.51340914, 0.5149368, 0.51478463, 0.51418835, 0.5129654, 0.51166606, 0.51477414, 0.5142317, 0.514247, 0.514391, 0.513337, 0.5132831, 0.5151095, 0.5131428, 0.5154393, 0.51198006, 0.5129499, 0.5131892, 0.5143807, 0.512522, 0.5151984, 0.51562256, 0.5163386, 0.51481795, 0.51364195, 0.5140624, 0.51441306, 0.5140269, 0.51391006, 0.5146272, 0.51546395, 0.5122404, 0.5156232, 0.51513, 0.51488286, 0.51596546, 0.51590574, 0.5132634, 0.51409674, 0.5129932, 0.5131292, 0.51359814, 0.5142468, 0.5146508, 0.5149922, 0.5139396, 0.51495767, 0.5135368, 0.5150046, 0.51303345, 0.51338094, 0.51219183, 0.51332116, 0.51354975, 0.51376015, 0.51564646, 0.5148956, 0.5125572, 0.51349247, 0.51437443, 0.51538163, 0.5147958, 0.5160118, 0.51444906, 0.51533014, 0.5138281, 0.51481336, 0.51315564, 0.51336825, 0.51236933, 0.5134717, 0.51194566, 0.5122047, 0.5144008, 0.51297295, 0.51500493, 0.51273924, 0.5122807, 0.51387453, 0.51424223, 0.51271, 0.5122064, 0.5150272, 0.51443386, 0.51281804, 0.51380223, 0.5131888, 0.5125487, 0.5149712, 0.5152988, 0.5153326, 0.5150374, 0.5147509, 0.5148801, 0.51456195, 0.5157427, 0.5144215, 0.51566285, 0.5166226, 0.5134048, 0.5143487, 0.5147502, 0.51698345, 0.5142946, 0.5150376, 0.51436245, 0.5157246, 0.51228476, 0.51558137]
[0.50100845, 0.50137365, 0.4998086, 0.50026953, 0.5113428, 0.51409703, 0.5020251, 0.50103825, 0.5014739, 0.50060415, 0.50026435, 0.49981374, 0.50629026, 0.5134634, 0.5038042, 0.5001647, 0.50904405, 0.5095743, 0.50056475, 0.5013394, 0.4994809, 0.5024507, 0.506086, 0.5025953, 0.5028994, 0.50237924, 0.5023598, 0.5012122, 0.50044036, 0.49960378, 0.5049174, 0.50525546, 0.5045423, 0.5059675, 0.50320303, 0.5006955, 0.5008615, 0.50331825, 0.5004212, 0.5028829, 0.50103194, 0.50000536, 0.50522435, 0.5098761, 0.50281703, 0.50035805, 0.503414, 0.4997916, 0.49962097, 0.5003152, 0.50009906, 0.5111953, 0.5039117, 0.50529087, 0.50602424, 0.5006638, 0.499578, 0.4995568, 0.5006422, 0.50108916, 0.50265545, 0.5008174, 0.50272554, 0.5038754, 0.49978957, 0.503404, 0.50304675, 0.5033716, 0.50123423, 0.5009669, 0.50226647, 0.5000307, 0.51476836, 0.5135233, 0.51399714, 0.51433456, 0.5171105, 0.5152265, 0.5150709, 0.51487565, 0.5151479, 0.51558053, 0.51634353, 0.51638633, 0.5148442, 0.51670396, 0.5146207, 0.5180517, 0.5178, 0.5166621, 0.515546, 0.5150278, 0.514528, 0.5182303, 0.51642615, 0.51524705, 0.51757604, 0.5175177, 0.5168341, 0.5170262, 0.5174242, 0.51555985, 0.5166246, 0.5170372, 0.51665205, 0.5142354, 0.51270396, 0.51755667, 0.5160566, 0.516322, 0.516188, 0.5152823, 0.51582146, 0.517405, 0.5148893, 0.51757294, 0.5142292, 0.5147948, 0.5150925, 0.51684016, 0.51503414, 0.51742214, 0.51778495, 0.518568, 0.5172015, 0.5158614, 0.5164101, 0.51629424, 0.51668113, 0.5155734, 0.5163512, 0.5181551, 0.5132569, 0.51767296, 0.5176355, 0.51676244, 0.51772726, 0.51831245, 0.51518506, 0.5159084, 0.5155883, 0.51543486, 0.51532614, 0.5166148, 0.51735395, 0.5168578, 0.5162464, 0.51743525, 0.5155026, 0.5174603, 0.5141763, 0.5153032, 0.5142527, 0.51495963, 0.51609224, 0.5162296, 0.51800066, 0.516582, 0.51481944, 0.51453006, 0.5166268, 0.5171621, 0.5170527, 0.51784647, 0.5165052, 0.5172834, 0.5161541, 0.5165006, 0.5142658, 0.51621014, 0.51398075, 0.5150092, 0.5134218, 0.5135631, 0.515911, 0.51517403, 0.5174212, 0.51592445, 0.51418936, 0.51578283, 0.5158572, 0.5143385, 0.51369077, 0.51731235, 0.5167737, 0.51510406, 0.51678747, 0.51612407, 0.5153983, 0.5169605, 0.5170098, 0.517107, 0.5170758, 0.51683617, 0.517836, 0.51753795, 0.5182589, 0.5176181, 0.51768625, 0.5188836, 0.51538545, 0.5167085, 0.51625776, 0.5197451, 0.51703966, 0.5174402, 0.5164381, 0.5186178, 0.5145512, 0.51713085]
[0.5014351, 0.502011, 0.50036573, 0.5004514, 0.51054895, 0.5128828, 0.50302446, 0.50093675, 0.5023426, 0.5016587, 0.5012512, 0.5004847, 0.504952, 0.51223993, 0.5038171, 0.5007256, 0.50831944, 0.50876147, 0.50063545, 0.5014655, 0.5001169, 0.5028795, 0.50614977, 0.50300133, 0.5030644, 0.50313264, 0.5027522, 0.5021492, 0.5004035, 0.5001901, 0.50432634, 0.5052755, 0.50462705, 0.50608814, 0.5028024, 0.5016414, 0.50129384, 0.5041367, 0.5008756, 0.50321305, 0.5024914, 0.5001156, 0.50446117, 0.5093514, 0.50336874, 0.50020117, 0.50397086, 0.50079536, 0.5002289, 0.5009117, 0.50078034, 0.5102701, 0.5036724, 0.50529253, 0.5044253, 0.5002565, 0.50032645, 0.50009894, 0.50109494, 0.5007151, 0.5029053, 0.502271, 0.5032573, 0.50441515, 0.50103325, 0.50209343, 0.5031064, 0.5033199, 0.50201786, 0.5011861, 0.50286436, 0.50016606, 0.51347995, 0.51224357, 0.51241326, 0.5131863, 0.51526195, 0.5137715, 0.5133344, 0.5131985, 0.5135892, 0.51414996, 0.51447254, 0.51480186, 0.5133786, 0.5148579, 0.51349086, 0.51592094, 0.51614857, 0.5148397, 0.51412743, 0.5138512, 0.5132667, 0.51621354, 0.5149671, 0.5138881, 0.5157104, 0.515672, 0.51520395, 0.515117, 0.5155362, 0.5140625, 0.5149776, 0.51525444, 0.5148259, 0.51302266, 0.5121377, 0.5156127, 0.51429725, 0.51464397, 0.514143, 0.5139529, 0.51406825, 0.5155228, 0.5139323, 0.5159698, 0.5130231, 0.5133968, 0.51364034, 0.5154867, 0.5132921, 0.51574355, 0.5156677, 0.5163421, 0.5155468, 0.5144836, 0.51487464, 0.51471907, 0.51508266, 0.5135928, 0.5143634, 0.51638216, 0.5119791, 0.51589876, 0.5154509, 0.5150988, 0.5162135, 0.5163324, 0.5132343, 0.5143265, 0.51439196, 0.513696, 0.5140511, 0.51505, 0.51541847, 0.5151707, 0.51476985, 0.5160518, 0.5138565, 0.5154732, 0.5132725, 0.5137628, 0.5129918, 0.5137954, 0.51467973, 0.5142578, 0.516271, 0.5149893, 0.51367396, 0.51372576, 0.51473033, 0.51569974, 0.5152008, 0.51612586, 0.5151182, 0.51570565, 0.51466626, 0.5148066, 0.5130939, 0.5142377, 0.5131165, 0.5137869, 0.5128365, 0.51295996, 0.5146943, 0.51357794, 0.5157457, 0.5139388, 0.51276886, 0.5143025, 0.51443464, 0.51327854, 0.5123466, 0.51521707, 0.5152326, 0.51378554, 0.5155367, 0.5145347, 0.51392615, 0.5153932, 0.5152782, 0.5154073, 0.51523906, 0.5155765, 0.51620376, 0.51582164, 0.51616746, 0.51563436, 0.5156954, 0.51660687, 0.51405287, 0.5151017, 0.51501435, 0.51741546, 0.5149686, 0.51524764, 0.5145787, 0.5161101, 0.51283795, 0.51540875]
[0.502725, 0.5034379, 0.50212824, 0.50050366, 0.5087771, 0.51058227, 0.50207496, 0.50189835, 0.50080657, 0.50009775, 0.50291073, 0.50099707, 0.5044497, 0.50999796, 0.50259316, 0.50173855, 0.50729245, 0.5073161, 0.50169206, 0.5033118, 0.5011135, 0.5000289, 0.50477636, 0.50247765, 0.50201005, 0.50063205, 0.5010743, 0.5013207, 0.5020813, 0.50131965, 0.5045039, 0.5033095, 0.50242126, 0.5036696, 0.5025463, 0.50069547, 0.5027317, 0.50562745, 0.50051934, 0.50218534, 0.50009894, 0.5013032, 0.5042257, 0.50803614, 0.5012199, 0.5016266, 0.50067115, 0.5010388, 0.50117856, 0.50235707, 0.50036603, 0.5085646, 0.50205207, 0.5048035, 0.50457966, 0.5018782, 0.5009501, 0.501945, 0.5008374, 0.5026078, 0.5040188, 0.50009185, 0.5010141, 0.5028268, 0.5000871, 0.50266147, 0.50265616, 0.50215036, 0.5014651, 0.5022269, 0.50310296, 0.50111127, 0.5114017, 0.51048076, 0.5104802, 0.5107391, 0.51320857, 0.51172125, 0.51143867, 0.5114979, 0.5118994, 0.5117051, 0.51183933, 0.51233697, 0.51124144, 0.512565, 0.51121616, 0.5137179, 0.5136851, 0.5126939, 0.5115438, 0.5116389, 0.51115096, 0.5137615, 0.5124182, 0.5115338, 0.5133474, 0.51316845, 0.513014, 0.5127624, 0.51292247, 0.51180613, 0.5127279, 0.51298875, 0.5126793, 0.51146305, 0.5099692, 0.5130955, 0.5121815, 0.51227796, 0.5124987, 0.5115253, 0.5116679, 0.51371855, 0.5111404, 0.5136257, 0.51074797, 0.51155686, 0.51155293, 0.5124934, 0.5113239, 0.51301616, 0.51345664, 0.51404035, 0.51302373, 0.51201326, 0.51250243, 0.51240575, 0.5125419, 0.5120669, 0.51276076, 0.5134917, 0.5102886, 0.51357085, 0.51339304, 0.512807, 0.5137982, 0.51413494, 0.5116551, 0.5123284, 0.5117309, 0.51190114, 0.51135206, 0.51250935, 0.51324445, 0.5130346, 0.51219034, 0.5131597, 0.511605, 0.51295453, 0.5107332, 0.51147777, 0.510595, 0.51124096, 0.51183826, 0.5121502, 0.513157, 0.51302695, 0.5113644, 0.5110596, 0.5125545, 0.5129574, 0.5130219, 0.51342535, 0.51258975, 0.51296765, 0.51218516, 0.5126362, 0.51134896, 0.5116915, 0.5109002, 0.51140183, 0.5105054, 0.51054394, 0.5121633, 0.51128036, 0.51318663, 0.5114005, 0.5109485, 0.5120168, 0.51221263, 0.51073796, 0.5107986, 0.51356816, 0.51234674, 0.5116181, 0.5123858, 0.511979, 0.51130724, 0.513154, 0.5136177, 0.513206, 0.5129712, 0.5128451, 0.5130258, 0.5129841, 0.5137373, 0.51272094, 0.5130426, 0.5141681, 0.51140594, 0.51276666, 0.51271284, 0.5150097, 0.513328, 0.5133539, 0.5125026, 0.51434594, 0.5109699, 0.51311415]
[0.50181425, 0.50134844, 0.5025798, 0.50341, 0.51172054, 0.51430506, 0.50512886, 0.5025025, 0.5051018, 0.50437635, 0.5015131, 0.5033635, 0.5070285, 0.5134635, 0.5056733, 0.50239986, 0.5092685, 0.509408, 0.5027376, 0.5015863, 0.5027669, 0.5042659, 0.5072442, 0.5050993, 0.5053277, 0.50518245, 0.50508505, 0.50490135, 0.5027224, 0.5025307, 0.5055637, 0.5067273, 0.50603926, 0.5061693, 0.50524896, 0.50461787, 0.5016882, 0.5006312, 0.5045821, 0.5055992, 0.5035419, 0.50309354, 0.50652015, 0.51048696, 0.5050005, 0.5029092, 0.5047205, 0.5032973, 0.5031105, 0.50230956, 0.50406826, 0.5113427, 0.50566685, 0.5069106, 0.50673395, 0.50288135, 0.50354636, 0.5027927, 0.5048272, 0.50220215, 0.5004496, 0.5041863, 0.504794, 0.5066923, 0.50323194, 0.5049505, 0.50582063, 0.5057923, 0.5054756, 0.502262, 0.5016056, 0.5033227, 0.5148544, 0.51395434, 0.51392, 0.51422554, 0.51720965, 0.5153084, 0.5154989, 0.51519746, 0.51570266, 0.5156608, 0.516153, 0.51617616, 0.51547116, 0.5165941, 0.5149202, 0.5181787, 0.5181447, 0.5166615, 0.5156172, 0.51523286, 0.51471996, 0.5181906, 0.51663995, 0.51546425, 0.51762664, 0.51743245, 0.51734734, 0.5166969, 0.5171644, 0.5157977, 0.5167286, 0.51698387, 0.5164744, 0.51446503, 0.51330376, 0.5173165, 0.5161129, 0.51638913, 0.5164023, 0.51519144, 0.5155729, 0.51759773, 0.51483065, 0.5175327, 0.51419103, 0.51507556, 0.51488674, 0.5167091, 0.51474994, 0.5174541, 0.51754606, 0.51850975, 0.51732147, 0.51574796, 0.51613295, 0.516058, 0.51592386, 0.5154324, 0.5163677, 0.5177854, 0.51321363, 0.51776314, 0.5175524, 0.5169673, 0.5179003, 0.51824397, 0.5154748, 0.5160182, 0.51570076, 0.51522404, 0.5156045, 0.51654243, 0.5171978, 0.5172076, 0.5165448, 0.5169099, 0.5154393, 0.517151, 0.514648, 0.5153611, 0.51428485, 0.51517963, 0.5160319, 0.51625335, 0.5174651, 0.5169677, 0.5146477, 0.5144688, 0.5166607, 0.517215, 0.51699233, 0.5181757, 0.5164871, 0.5172444, 0.51616544, 0.5165374, 0.5148484, 0.5161078, 0.5140695, 0.515196, 0.5135999, 0.51383847, 0.5163543, 0.5145519, 0.517046, 0.5153149, 0.514252, 0.5158812, 0.51619226, 0.5146094, 0.51401746, 0.5174759, 0.51701707, 0.51527214, 0.5166084, 0.5158439, 0.51490587, 0.5172264, 0.5174552, 0.51706934, 0.51723164, 0.51654565, 0.5175254, 0.51705587, 0.5181369, 0.5168933, 0.51740706, 0.5186882, 0.51532906, 0.5162918, 0.5167284, 0.5193808, 0.5162148, 0.5171857, 0.51627994, 0.51832247, 0.5144674, 0.5171476]
[0.50195885, 0.5011911, 0.5034534, 0.5054328, 0.51116765, 0.5134672, 0.50612646, 0.5029893, 0.5065454, 0.5058129, 0.5017933, 0.5043284, 0.50846964, 0.5129121, 0.5073697, 0.5024408, 0.5102402, 0.51021284, 0.5023946, 0.5013336, 0.50241727, 0.5054193, 0.50861156, 0.5065011, 0.506589, 0.50669736, 0.50612944, 0.50644284, 0.5015294, 0.50178504, 0.5065395, 0.5078969, 0.5073916, 0.50740546, 0.5073797, 0.50576174, 0.5022485, 0.5047342, 0.50569093, 0.50713027, 0.50504816, 0.5031829, 0.50801075, 0.5105606, 0.5060689, 0.5030489, 0.5069045, 0.50373864, 0.5040121, 0.5028827, 0.50396353, 0.51125056, 0.5068435, 0.50788075, 0.5079889, 0.502455, 0.50394905, 0.50343436, 0.5049069, 0.5015576, 0.5029785, 0.5052761, 0.5064272, 0.507592, 0.50381184, 0.50588787, 0.50713205, 0.5076422, 0.50653213, 0.5018593, 0.50143087, 0.5032926, 0.5139919, 0.5126051, 0.5129555, 0.513086, 0.5155305, 0.51386017, 0.51463103, 0.51364595, 0.51434296, 0.51451576, 0.51522136, 0.51525277, 0.5144515, 0.51530063, 0.51434815, 0.51667637, 0.5165001, 0.5150338, 0.5148142, 0.514411, 0.5137498, 0.5165056, 0.51521903, 0.51443636, 0.51635987, 0.5153683, 0.51569295, 0.51606494, 0.5155756, 0.51435405, 0.51513547, 0.51536214, 0.51537037, 0.5134949, 0.5128317, 0.515713, 0.51462746, 0.5151496, 0.51468176, 0.51390225, 0.5145911, 0.51573974, 0.514262, 0.5161396, 0.5138116, 0.5140059, 0.51391023, 0.51527977, 0.5144865, 0.51560116, 0.51612324, 0.51653355, 0.5160676, 0.51476675, 0.51492214, 0.5148687, 0.5151727, 0.5144912, 0.5148969, 0.5163601, 0.5127495, 0.51625335, 0.5160956, 0.5157953, 0.5163216, 0.51653373, 0.51378053, 0.5148245, 0.5147905, 0.51427966, 0.514665, 0.51529825, 0.51603866, 0.51556337, 0.51523745, 0.5158229, 0.5145442, 0.515797, 0.51387525, 0.5145561, 0.51396966, 0.5142418, 0.5148367, 0.5149064, 0.5158385, 0.5154942, 0.5139547, 0.5138271, 0.5151527, 0.5160994, 0.51594037, 0.5163907, 0.51545554, 0.5158609, 0.5149815, 0.51551765, 0.514051, 0.51486546, 0.5137659, 0.514409, 0.5135127, 0.51348865, 0.5147453, 0.51384705, 0.51629055, 0.51464874, 0.51314896, 0.5146766, 0.51468235, 0.5136182, 0.51330066, 0.51573193, 0.51555943, 0.514738, 0.51564264, 0.5151687, 0.51453185, 0.5155441, 0.51596665, 0.5156364, 0.51530784, 0.51568073, 0.516226, 0.5154413, 0.51654506, 0.51606876, 0.51608896, 0.5171358, 0.51445884, 0.51523936, 0.51525295, 0.5175852, 0.5152547, 0.5156291, 0.51522565, 0.5165487, 0.51359105, 0.5158355]
[0.50144815, 0.50153315, 0.50044566, 0.5002926, 0.51284075, 0.5147784, 0.50356406, 0.50033265, 0.5015967, 0.5008382, 0.501026, 0.5001691, 0.50749123, 0.51442415, 0.50395274, 0.5009521, 0.5099337, 0.51005036, 0.49993098, 0.50080043, 0.49951792, 0.5017033, 0.50749964, 0.50240946, 0.5041212, 0.50197667, 0.5029117, 0.5023435, 0.49979314, 0.50048745, 0.5063454, 0.5065101, 0.5067402, 0.5069134, 0.5022216, 0.501945, 0.5012833, 0.50315154, 0.50205594, 0.5039276, 0.50044507, 0.5000037, 0.5072016, 0.5104535, 0.5026046, 0.5005307, 0.5058903, 0.50156367, 0.50023705, 0.5009588, 0.5009745, 0.5126919, 0.5046472, 0.5078169, 0.5070861, 0.49977717, 0.5000923, 0.5001774, 0.5005563, 0.5009031, 0.5023922, 0.50278455, 0.50432575, 0.50595903, 0.4995469, 0.50312847, 0.50387925, 0.50263107, 0.50374204, 0.5008681, 0.50126207, 0.49984652, 0.5156102, 0.5148451, 0.51487136, 0.51494634, 0.5177595, 0.5161562, 0.5153126, 0.51609087, 0.51585555, 0.51620924, 0.5164245, 0.51681566, 0.5153312, 0.5173147, 0.5144931, 0.5181764, 0.5174275, 0.51639485, 0.51544183, 0.5158242, 0.5154951, 0.5188204, 0.5172224, 0.51596797, 0.51743025, 0.5173927, 0.51700735, 0.51690423, 0.51742005, 0.5162297, 0.51691294, 0.51736635, 0.51682854, 0.51516414, 0.51318264, 0.5178592, 0.51632637, 0.51621544, 0.5165355, 0.51573724, 0.5162016, 0.51759934, 0.5154819, 0.5181096, 0.5150005, 0.5158437, 0.5156885, 0.5172343, 0.51475567, 0.5181056, 0.5179992, 0.51828235, 0.5171418, 0.5160407, 0.51669145, 0.5164733, 0.5171256, 0.5159598, 0.516976, 0.5178608, 0.5132737, 0.51761514, 0.5175162, 0.5166763, 0.51847875, 0.5184251, 0.5156449, 0.5159268, 0.5156922, 0.5156658, 0.51578194, 0.51677245, 0.5179103, 0.5176148, 0.5164176, 0.5170193, 0.51546824, 0.51722914, 0.5144021, 0.5154843, 0.51466525, 0.5155436, 0.51626337, 0.5168371, 0.518017, 0.51752007, 0.5154673, 0.5147904, 0.51706755, 0.5168301, 0.517486, 0.5179467, 0.5167484, 0.5174057, 0.51684564, 0.51652926, 0.51476145, 0.51722366, 0.5144633, 0.5153114, 0.51375765, 0.5139535, 0.51639116, 0.5155416, 0.51720506, 0.5157294, 0.5142353, 0.51615274, 0.5162239, 0.5147668, 0.5148741, 0.51775, 0.5174848, 0.51584315, 0.517218, 0.51714855, 0.51653576, 0.5170819, 0.5170013, 0.517752, 0.51730627, 0.51642454, 0.5186474, 0.5177906, 0.5181613, 0.5177482, 0.517014, 0.5187573, 0.5156333, 0.5165552, 0.51678765, 0.5197199, 0.51698667, 0.51749885, 0.516125, 0.51874375, 0.51490474, 0.5165554]
[0.5020129, 0.5024952, 0.50071424, 0.5012463, 0.51089907, 0.5137069, 0.5009327, 0.5015631, 0.5021023, 0.50084233, 0.5018324, 0.50009036, 0.50607944, 0.51274973, 0.5035449, 0.50133526, 0.5093757, 0.5096251, 0.5022852, 0.50227326, 0.5015375, 0.5000781, 0.5071631, 0.50345063, 0.5016843, 0.5007308, 0.5014597, 0.50131655, 0.5019992, 0.5022509, 0.50453097, 0.50487447, 0.5060785, 0.5063979, 0.5040244, 0.5004248, 0.5021517, 0.5047061, 0.50035924, 0.5027878, 0.50012964, 0.50136805, 0.5046775, 0.5103296, 0.50100297, 0.5017103, 0.5026755, 0.50047565, 0.5011742, 0.50187624, 0.5004964, 0.51124907, 0.5017101, 0.5064498, 0.50503784, 0.5015192, 0.50022876, 0.50112855, 0.5010915, 0.50213206, 0.5034926, 0.5001203, 0.50238407, 0.5032116, 0.5007356, 0.50226647, 0.503186, 0.5022245, 0.50105494, 0.5024868, 0.5030006, 0.5012681, 0.51352686, 0.51261985, 0.51333886, 0.51326144, 0.51644313, 0.5139007, 0.51461875, 0.51418704, 0.51503694, 0.5149408, 0.51537806, 0.5160235, 0.51479155, 0.5160958, 0.514562, 0.51692367, 0.5171327, 0.51545393, 0.51519513, 0.51478666, 0.5142248, 0.5174321, 0.5161812, 0.51456136, 0.5169756, 0.5163004, 0.5161575, 0.5159443, 0.5161095, 0.51474327, 0.515956, 0.5156129, 0.5156111, 0.51347214, 0.5128267, 0.5162574, 0.5151864, 0.51578885, 0.51502305, 0.5138604, 0.5149186, 0.51698244, 0.5152313, 0.51682013, 0.51337975, 0.5141097, 0.5141754, 0.515671, 0.5146653, 0.5164875, 0.51687795, 0.5173291, 0.5163905, 0.5150623, 0.515765, 0.5155201, 0.51563436, 0.51493496, 0.5154802, 0.51694596, 0.5126703, 0.51702124, 0.51678526, 0.5159746, 0.51724803, 0.51747835, 0.51371574, 0.5152439, 0.51573926, 0.51529986, 0.5147377, 0.51598686, 0.5166321, 0.5158947, 0.5157071, 0.5172949, 0.5148441, 0.5165353, 0.514508, 0.5149738, 0.5140103, 0.5146603, 0.5153995, 0.51557815, 0.51648676, 0.5162633, 0.51421905, 0.51394504, 0.5158623, 0.51656973, 0.51610416, 0.5170179, 0.51646197, 0.51682544, 0.5155204, 0.5159435, 0.5139991, 0.5148928, 0.51389766, 0.51427996, 0.51376474, 0.51379734, 0.5149234, 0.51373374, 0.51685524, 0.51518404, 0.51352316, 0.51523435, 0.5151239, 0.51379645, 0.5135517, 0.51670796, 0.51570874, 0.5149626, 0.51616395, 0.51526946, 0.51450366, 0.51664656, 0.5170981, 0.51591253, 0.51563597, 0.5162838, 0.51701075, 0.5164115, 0.51733047, 0.5164253, 0.51658285, 0.51787955, 0.5149569, 0.51598436, 0.5161878, 0.5180727, 0.51588494, 0.51666003, 0.51575166, 0.51762533, 0.51379585, 0.5161166]
[0.50113827, 0.5018148, 0.50044703, 0.5019753, 0.50844616, 0.5106238, 0.50229305, 0.5010118, 0.50338644, 0.5021225, 0.5008225, 0.50077605, 0.5056427, 0.5101895, 0.50441295, 0.5003536, 0.50734234, 0.5076273, 0.500328, 0.5012336, 0.50026816, 0.5026317, 0.5063505, 0.5038161, 0.50417465, 0.5027988, 0.5032416, 0.5027677, 0.5008744, 0.50053966, 0.5051686, 0.5054605, 0.50431365, 0.5047973, 0.50353545, 0.5021552, 0.50078744, 0.50351614, 0.5023418, 0.50428784, 0.50230366, 0.500478, 0.5048693, 0.50816417, 0.5033704, 0.5007305, 0.50416976, 0.50172013, 0.50075996, 0.5007608, 0.50141364, 0.5086244, 0.50360745, 0.50491476, 0.5051967, 0.50046915, 0.501106, 0.50078034, 0.50172246, 0.5005721, 0.50256443, 0.5021277, 0.50377154, 0.50454134, 0.50064, 0.5027156, 0.50434846, 0.5037541, 0.5026926, 0.5007643, 0.50142324, 0.5006403, 0.51080304, 0.5101273, 0.5102127, 0.51037693, 0.51237226, 0.5108688, 0.5116616, 0.51082474, 0.51119995, 0.5114603, 0.51175123, 0.51202834, 0.510943, 0.51222354, 0.51095843, 0.51291466, 0.5129041, 0.5117588, 0.51166064, 0.5113966, 0.5107513, 0.5128342, 0.51219416, 0.5110241, 0.5128816, 0.51268953, 0.5122219, 0.5126179, 0.5122642, 0.5111668, 0.51187557, 0.5124153, 0.51171255, 0.51047564, 0.509729, 0.5125379, 0.5117289, 0.51173055, 0.51149094, 0.51084304, 0.51140386, 0.5123381, 0.51139253, 0.51279145, 0.5106977, 0.51089334, 0.5108174, 0.51217437, 0.51112425, 0.5124997, 0.51283014, 0.5132068, 0.5123882, 0.5115826, 0.51173294, 0.5116122, 0.5119851, 0.5112341, 0.51175547, 0.51302445, 0.5098399, 0.51290315, 0.51287675, 0.5119948, 0.51275826, 0.5128455, 0.5108778, 0.5117351, 0.51165295, 0.51156175, 0.51144946, 0.5118799, 0.512556, 0.51225793, 0.51190346, 0.51284504, 0.51145613, 0.5124646, 0.5109186, 0.5110789, 0.51066285, 0.51108986, 0.5116899, 0.5117727, 0.5127077, 0.51214576, 0.51109815, 0.5108929, 0.51193655, 0.51276743, 0.5124708, 0.5130694, 0.5122888, 0.5127582, 0.5118422, 0.5121197, 0.51076984, 0.5115418, 0.5108575, 0.5113488, 0.510248, 0.5102801, 0.5116792, 0.5107464, 0.5126283, 0.51137173, 0.5102174, 0.5118228, 0.51170546, 0.5107982, 0.5100153, 0.5124122, 0.5122289, 0.511484, 0.51229745, 0.51184636, 0.5113737, 0.5123057, 0.5125508, 0.512481, 0.51228946, 0.512522, 0.5129075, 0.51257646, 0.5131205, 0.5127029, 0.51274514, 0.5136923, 0.5113238, 0.5120557, 0.5121056, 0.51388407, 0.5120396, 0.5125302, 0.5119041, 0.51317626, 0.510445, 0.51249796]
[0.50178933, 0.50201654, 0.5019062, 0.5040093, 0.5113645, 0.5126623, 0.50410086, 0.50245243, 0.50571924, 0.50497395, 0.5016713, 0.50345355, 0.5085312, 0.5126209, 0.50669175, 0.5010383, 0.5103678, 0.5104685, 0.5020364, 0.50193, 0.5021144, 0.505852, 0.5086136, 0.50568604, 0.5070207, 0.5069698, 0.5067337, 0.50604683, 0.50185424, 0.5010111, 0.50690967, 0.50863105, 0.5077764, 0.50821453, 0.50678545, 0.5037858, 0.502114, 0.5050484, 0.5034536, 0.5064034, 0.5041825, 0.50147563, 0.50851303, 0.5106205, 0.50670403, 0.50112927, 0.5072187, 0.50298417, 0.5029783, 0.50165004, 0.503419, 0.5113765, 0.50741696, 0.50847775, 0.50824785, 0.5020033, 0.5018617, 0.50217015, 0.50290936, 0.50209314, 0.5044337, 0.5037533, 0.5070772, 0.5077394, 0.5019652, 0.5062859, 0.50707066, 0.5074598, 0.5059824, 0.501041, 0.50352913, 0.5017779, 0.51342887, 0.5124646, 0.5130334, 0.5128124, 0.51497924, 0.5135265, 0.51325786, 0.51368237, 0.5135999, 0.51401025, 0.5143918, 0.5144457, 0.5138212, 0.51479024, 0.51307446, 0.51584166, 0.51550096, 0.5137463, 0.5137752, 0.5138514, 0.51348466, 0.51558626, 0.51461345, 0.5141975, 0.5151048, 0.5149455, 0.5146825, 0.5149259, 0.51462185, 0.51417416, 0.51435685, 0.51461446, 0.5147108, 0.51324594, 0.5118771, 0.5149847, 0.5144375, 0.5134883, 0.5145267, 0.5140202, 0.5140426, 0.51499355, 0.51353765, 0.5150691, 0.512983, 0.5132382, 0.51354176, 0.5147357, 0.51330954, 0.5150996, 0.5154205, 0.5159618, 0.5150681, 0.51397395, 0.514176, 0.5142146, 0.5140097, 0.51386255, 0.5144404, 0.515487, 0.512835, 0.5152235, 0.51545244, 0.5144281, 0.5150235, 0.5154015, 0.5134146, 0.51406366, 0.5137855, 0.5137151, 0.514053, 0.5147184, 0.5151061, 0.51435024, 0.51426184, 0.5147534, 0.5132258, 0.51521, 0.51312613, 0.5134116, 0.5128971, 0.5135323, 0.51415426, 0.5138686, 0.5152002, 0.5144665, 0.5134022, 0.51302695, 0.5144167, 0.514551, 0.5145671, 0.5155761, 0.5140933, 0.51476693, 0.5143331, 0.5145866, 0.5131193, 0.51423854, 0.51261175, 0.51338303, 0.51221824, 0.5123378, 0.5141257, 0.5135591, 0.5146506, 0.5140246, 0.51293427, 0.5140222, 0.5138515, 0.5131283, 0.5125579, 0.51502305, 0.5149583, 0.51337105, 0.514527, 0.5143109, 0.5136489, 0.5147032, 0.5149306, 0.5147074, 0.5148506, 0.5142675, 0.5153158, 0.51485276, 0.51530266, 0.5148746, 0.5154493, 0.516174, 0.51333576, 0.5145972, 0.5148622, 0.51639485, 0.5142888, 0.5140434, 0.5141746, 0.5156012, 0.5131729, 0.51484203]
[0.49950725, 0.5000367, 0.49924773, 0.49999046, 0.50912756, 0.51205987, 0.5019252, 0.49917772, 0.5019747, 0.502043, 0.49915338, 0.5000276, 0.5049923, 0.5113149, 0.50204533, 0.4990922, 0.5081309, 0.5086274, 0.49906203, 0.50008464, 0.49892667, 0.5014926, 0.50509894, 0.5036045, 0.5027409, 0.5026, 0.5017089, 0.5013082, 0.49912837, 0.4995398, 0.50291485, 0.5037801, 0.5026594, 0.5032754, 0.5026987, 0.5010692, 0.49959913, 0.5021404, 0.4998944, 0.5019288, 0.5010661, 0.49914578, 0.50372887, 0.5084171, 0.5021763, 0.49960372, 0.50058633, 0.49896467, 0.49975538, 0.4991813, 0.49989626, 0.50880176, 0.50334924, 0.5036898, 0.5049732, 0.49909738, 0.4999318, 0.4993273, 0.5018857, 0.49922645, 0.5009342, 0.5003654, 0.5011577, 0.5032257, 0.5004416, 0.5020341, 0.5028223, 0.5035157, 0.50222594, 0.49942476, 0.5004943, 0.4994244, 0.5128073, 0.5111864, 0.51128757, 0.51190394, 0.5147951, 0.5127842, 0.51325774, 0.5125645, 0.5132731, 0.5135218, 0.5138057, 0.51422155, 0.5130134, 0.514328, 0.5129656, 0.51591766, 0.51591533, 0.5137567, 0.51373476, 0.51315737, 0.51273376, 0.5159154, 0.5143366, 0.51348925, 0.5156815, 0.5151026, 0.51479816, 0.5149981, 0.5149505, 0.513318, 0.5145294, 0.51471597, 0.51418966, 0.51267195, 0.51146895, 0.5153646, 0.51395655, 0.51451296, 0.5145199, 0.5132649, 0.51365334, 0.514968, 0.5127584, 0.5154528, 0.512158, 0.512701, 0.512883, 0.5144765, 0.5129029, 0.51554525, 0.51566833, 0.51655877, 0.5156012, 0.5138922, 0.5141519, 0.51442015, 0.51417655, 0.51329273, 0.5142005, 0.5160247, 0.5122593, 0.5154291, 0.5157736, 0.5151254, 0.5157396, 0.5160763, 0.513206, 0.5144971, 0.5139081, 0.51325494, 0.51329404, 0.51454633, 0.5149137, 0.5146429, 0.514594, 0.5150809, 0.51338273, 0.5150357, 0.5131384, 0.51369655, 0.512645, 0.51322937, 0.51373994, 0.5138142, 0.51544696, 0.51456594, 0.51251465, 0.51281196, 0.51435035, 0.5153147, 0.514974, 0.5159965, 0.51483977, 0.5149952, 0.513943, 0.5148591, 0.5128043, 0.5135861, 0.51192546, 0.5133247, 0.51151764, 0.51155025, 0.51418704, 0.5130694, 0.5152967, 0.51313084, 0.5124627, 0.51398796, 0.51371366, 0.5123574, 0.51160336, 0.5150195, 0.51477003, 0.51288015, 0.5140721, 0.51339024, 0.5125792, 0.5151479, 0.51549035, 0.5149935, 0.5150207, 0.51549715, 0.51514816, 0.51427156, 0.5156345, 0.51479244, 0.5158918, 0.51669705, 0.5128601, 0.5141184, 0.51495594, 0.51698124, 0.5143395, 0.5152443, 0.5143284, 0.5163883, 0.512335, 0.51567876]
[0.50074744, 0.50110924, 0.5002723, 0.50161344, 0.5088988, 0.5105267, 0.50263315, 0.5001129, 0.5023679, 0.50138474, 0.50077873, 0.5005425, 0.50529444, 0.5100559, 0.50391793, 0.49994898, 0.5075921, 0.50776625, 0.50025034, 0.5004018, 0.50046414, 0.50197864, 0.5061075, 0.50339705, 0.5033007, 0.50287116, 0.50264966, 0.5029572, 0.50018436, 0.5005809, 0.50371605, 0.5057062, 0.50490355, 0.5050887, 0.5038207, 0.5016916, 0.5005525, 0.50289786, 0.50194603, 0.5034886, 0.50148433, 0.5001877, 0.5053891, 0.50832844, 0.50259954, 0.50010836, 0.5030939, 0.50049764, 0.50056857, 0.5002737, 0.5011006, 0.50893396, 0.503427, 0.50488204, 0.5050472, 0.50008863, 0.500964, 0.5001774, 0.50132936, 0.50060165, 0.50212395, 0.50156415, 0.50292426, 0.5045305, 0.50013345, 0.502247, 0.5042158, 0.5040636, 0.503423, 0.5004045, 0.5012732, 0.5004404, 0.5112109, 0.5101705, 0.51054114, 0.51050425, 0.5126085, 0.51112247, 0.5116198, 0.5110058, 0.5115593, 0.51167125, 0.51176655, 0.5121124, 0.5115057, 0.5124393, 0.51117104, 0.5133774, 0.5132417, 0.5119438, 0.5116677, 0.5115402, 0.51120037, 0.51312375, 0.51217246, 0.5115534, 0.51294756, 0.51248056, 0.51270056, 0.51255435, 0.5125559, 0.5113848, 0.5123018, 0.5122383, 0.51227194, 0.51085997, 0.5102238, 0.5125486, 0.51173586, 0.5120227, 0.5120232, 0.51120985, 0.51149166, 0.512848, 0.5112436, 0.5128753, 0.5107045, 0.5112963, 0.511106, 0.5122361, 0.511469, 0.5126435, 0.51293945, 0.51341504, 0.51264155, 0.5116978, 0.5120317, 0.5117125, 0.51206386, 0.5116757, 0.51203924, 0.5129224, 0.5100932, 0.5128686, 0.5127415, 0.5125055, 0.5130798, 0.51326793, 0.5113062, 0.51192045, 0.51185507, 0.5115729, 0.51148564, 0.5121834, 0.5128534, 0.51249707, 0.5122511, 0.51307964, 0.5116688, 0.5124093, 0.5109392, 0.511274, 0.5106127, 0.5112189, 0.51173544, 0.51184225, 0.51274484, 0.5124368, 0.5111, 0.5112138, 0.5121871, 0.51270837, 0.51291436, 0.51316386, 0.5123206, 0.5126932, 0.5119686, 0.51228374, 0.5110895, 0.5118509, 0.51097465, 0.51138, 0.5104198, 0.51042104, 0.511712, 0.51082414, 0.5128242, 0.5115758, 0.51057696, 0.5116966, 0.5118012, 0.5107751, 0.51052195, 0.5128746, 0.512422, 0.5118037, 0.5127279, 0.51228625, 0.5116539, 0.51245373, 0.51275533, 0.512563, 0.5124656, 0.5124699, 0.51311207, 0.51279193, 0.5133585, 0.512832, 0.51286983, 0.513866, 0.51154935, 0.5121852, 0.5122051, 0.5141604, 0.5119533, 0.5126969, 0.51216763, 0.51341337, 0.51077026, 0.51258594]
[0.50185454, 0.5023555, 0.5012712, 0.5009002, 0.5143823, 0.5196595, 0.5013049, 0.5016545, 0.500102, 0.5003373, 0.5015091, 0.5007664, 0.5042844, 0.51721495, 0.5005562, 0.50127715, 0.5121254, 0.51114833, 0.5014996, 0.50251764, 0.50147057, 0.4992292, 0.5041436, 0.50024647, 0.49889803, 0.49915922, 0.4989485, 0.4991502, 0.5014681, 0.50056523, 0.50362885, 0.5022202, 0.5020598, 0.50268316, 0.499057, 0.50003856, 0.5023765, 0.5042438, 0.5003942, 0.4988953, 0.5001018, 0.50104046, 0.50231946, 0.5129354, 0.49927542, 0.50142515, 0.5016575, 0.5005126, 0.50106865, 0.50156736, 0.50049865, 0.5138553, 0.501523, 0.5053819, 0.50531024, 0.5015646, 0.50051564, 0.50094074, 0.49946818, 0.5019248, 0.50352615, 0.4997398, 0.49901098, 0.5022139, 0.49970543, 0.5026314, 0.5004151, 0.4996941, 0.49913937, 0.50187707, 0.5026949, 0.5012183, 0.5205029, 0.5190166, 0.5193213, 0.5195184, 0.52459526, 0.52171457, 0.52102613, 0.52076006, 0.5215244, 0.52112603, 0.52238756, 0.52225184, 0.52062035, 0.522622, 0.5206005, 0.52535594, 0.52480334, 0.52328336, 0.52065426, 0.5211571, 0.5209238, 0.5251976, 0.52240163, 0.52144796, 0.5244628, 0.52414346, 0.5241039, 0.5239292, 0.5238615, 0.52194357, 0.5232658, 0.5244737, 0.5232569, 0.52025586, 0.5178255, 0.52460307, 0.52275586, 0.522119, 0.52332175, 0.521601, 0.5217574, 0.52470267, 0.5202579, 0.52517927, 0.5193008, 0.5210247, 0.52097553, 0.52323633, 0.52099675, 0.5246027, 0.5249795, 0.5263738, 0.5239828, 0.52158993, 0.5220693, 0.52246016, 0.52220345, 0.5214834, 0.5230442, 0.5254172, 0.5182861, 0.5253867, 0.5246541, 0.5238461, 0.52511775, 0.5259965, 0.520723, 0.52252364, 0.5209889, 0.5209764, 0.5210109, 0.52314484, 0.5236733, 0.52385527, 0.52230746, 0.52401257, 0.5202841, 0.52368504, 0.5199583, 0.5205439, 0.51880914, 0.52075875, 0.52218705, 0.52255183, 0.5251991, 0.52399606, 0.51957566, 0.5200247, 0.5235287, 0.524618, 0.52435756, 0.5247191, 0.5227667, 0.5251243, 0.522521, 0.5230464, 0.51961195, 0.5212997, 0.51974976, 0.52036226, 0.5185865, 0.51888895, 0.52274525, 0.5207888, 0.5249108, 0.52129686, 0.5196365, 0.5225324, 0.52282447, 0.51959795, 0.5187769, 0.5241096, 0.523373, 0.52004427, 0.5225218, 0.52147853, 0.52059865, 0.52386725, 0.5239433, 0.524494, 0.5241659, 0.52392316, 0.5232237, 0.5242734, 0.5261191, 0.5236089, 0.5251617, 0.5267362, 0.51984495, 0.5226682, 0.5225492, 0.5285185, 0.52423114, 0.5248505, 0.5229766, 0.52639425, 0.51986754, 0.52357197]
[0.50260633, 0.5029816, 0.501313, 0.5007324, 0.5086814, 0.5107246, 0.50033, 0.5027924, 0.5012286, 0.5005691, 0.502089, 0.5004362, 0.5057226, 0.51057756, 0.502701, 0.5027721, 0.5076471, 0.5080135, 0.50277174, 0.5034725, 0.50261414, 0.50144345, 0.5060316, 0.50247604, 0.50252426, 0.50176334, 0.50163716, 0.50113237, 0.5030954, 0.5030171, 0.50151056, 0.50488883, 0.50361085, 0.50401205, 0.5027856, 0.50041705, 0.50289154, 0.50571084, 0.50104916, 0.50183636, 0.5008457, 0.5023197, 0.50327367, 0.507978, 0.50079453, 0.5027547, 0.5015143, 0.50208414, 0.5012535, 0.5022003, 0.5013298, 0.5089453, 0.50229174, 0.50465655, 0.50475913, 0.5028963, 0.5016593, 0.50177467, 0.50040007, 0.50315034, 0.504747, 0.50075483, 0.50215375, 0.50316375, 0.5008007, 0.50116205, 0.50201094, 0.5025478, 0.50045806, 0.5024724, 0.50436854, 0.502494, 0.5110215, 0.5100204, 0.5105495, 0.51086885, 0.51305044, 0.5108817, 0.51166576, 0.51122266, 0.5116514, 0.51187056, 0.5125756, 0.5125822, 0.5118204, 0.51279855, 0.511384, 0.51375747, 0.5137517, 0.512198, 0.5124342, 0.5117387, 0.5112658, 0.5140278, 0.51283276, 0.5118313, 0.5137588, 0.51306224, 0.51286477, 0.5130357, 0.5132194, 0.51206386, 0.5126987, 0.5125597, 0.5125555, 0.5104617, 0.50991607, 0.5130337, 0.5122084, 0.5123144, 0.51209396, 0.51151896, 0.51193106, 0.5131853, 0.51227343, 0.5134474, 0.510843, 0.51110375, 0.5114668, 0.51285547, 0.51166046, 0.5132674, 0.5135137, 0.5140419, 0.51352006, 0.51218724, 0.512465, 0.51240087, 0.5129758, 0.51184523, 0.512214, 0.51380914, 0.51010555, 0.5137489, 0.51372933, 0.5129398, 0.51357543, 0.5139177, 0.5108951, 0.5120471, 0.5122704, 0.5116681, 0.5121598, 0.5129767, 0.5133009, 0.51288414, 0.5129284, 0.51379126, 0.5116231, 0.51326776, 0.5116369, 0.51177704, 0.51122844, 0.5115252, 0.51249415, 0.5122746, 0.5135885, 0.5126664, 0.5114411, 0.511046, 0.5126022, 0.51311666, 0.5130459, 0.5136079, 0.51301634, 0.51363456, 0.5124784, 0.51284045, 0.5111998, 0.51230174, 0.51064, 0.5116039, 0.5108236, 0.5107991, 0.51214594, 0.51128256, 0.5135695, 0.512134, 0.5105789, 0.51215315, 0.5122558, 0.51113695, 0.5101345, 0.5131079, 0.5130135, 0.51203185, 0.51326877, 0.5126373, 0.5119597, 0.51308686, 0.5133787, 0.51286227, 0.5125933, 0.51322544, 0.5137, 0.513163, 0.5141279, 0.5135399, 0.51334274, 0.51450986, 0.51200306, 0.5128864, 0.5129234, 0.514826, 0.51218915, 0.51307005, 0.51270133, 0.5139108, 0.510859, 0.5129749]
[0.5025174, 0.5026917, 0.50166464, 0.5026363, 0.509787, 0.5113253, 0.50301754, 0.5019546, 0.5036498, 0.50276494, 0.50204414, 0.5014668, 0.50708055, 0.5110167, 0.5043007, 0.5017354, 0.50903785, 0.50922406, 0.5015503, 0.5027926, 0.50158226, 0.50376165, 0.50719494, 0.5029336, 0.50500363, 0.5044985, 0.503994, 0.5043218, 0.5027156, 0.5029427, 0.5028405, 0.5068272, 0.50565, 0.50618666, 0.5044222, 0.5032932, 0.5024246, 0.5051174, 0.50264436, 0.5045825, 0.50281054, 0.50135577, 0.5067711, 0.5093958, 0.5036973, 0.50232327, 0.5038487, 0.50113016, 0.50183314, 0.5014945, 0.5020669, 0.50970525, 0.50557905, 0.5065781, 0.50643474, 0.5019517, 0.5012709, 0.50129676, 0.5019785, 0.5026789, 0.5044866, 0.5023712, 0.50472105, 0.50561583, 0.50127447, 0.5033845, 0.503914, 0.5060147, 0.50510085, 0.50219154, 0.5037136, 0.5011906, 0.5122821, 0.51128113, 0.51151884, 0.5116304, 0.51332676, 0.51166445, 0.5119017, 0.5122027, 0.5122634, 0.51234275, 0.51265895, 0.51287526, 0.5126144, 0.5130791, 0.51180243, 0.51460004, 0.5144197, 0.51220167, 0.5125775, 0.5122437, 0.5121106, 0.51429725, 0.5132484, 0.5129615, 0.51400894, 0.51352656, 0.51360023, 0.5131947, 0.51325315, 0.5126223, 0.5134421, 0.5128916, 0.5131503, 0.5115137, 0.51060975, 0.51336586, 0.5126012, 0.51259196, 0.5130108, 0.5123587, 0.51247066, 0.5133462, 0.51207227, 0.5135658, 0.51159877, 0.5120148, 0.5119609, 0.5132944, 0.51178694, 0.5137377, 0.51397365, 0.514538, 0.5136958, 0.51250464, 0.5126272, 0.51287955, 0.5127501, 0.51252365, 0.5130691, 0.5138973, 0.51152647, 0.5134444, 0.5137911, 0.51344824, 0.51373094, 0.51389486, 0.5122314, 0.5128066, 0.51230526, 0.51169914, 0.5125318, 0.51308, 0.5134936, 0.5133564, 0.5129262, 0.51333433, 0.5122383, 0.51332986, 0.5118929, 0.5123042, 0.51154333, 0.51208013, 0.5125102, 0.51252335, 0.51387876, 0.5130364, 0.5119409, 0.51171607, 0.51305616, 0.5130098, 0.5130161, 0.51453424, 0.51283777, 0.51318216, 0.5125372, 0.5130436, 0.51187134, 0.5129847, 0.51117814, 0.5121391, 0.51102394, 0.5110908, 0.5128315, 0.51190317, 0.5133574, 0.5124234, 0.51112694, 0.5124229, 0.51246816, 0.51184195, 0.51134133, 0.5135163, 0.5135384, 0.5121947, 0.5132044, 0.513143, 0.5126356, 0.5132947, 0.51355815, 0.51318485, 0.51331824, 0.5128353, 0.51409763, 0.5131644, 0.51381516, 0.51355195, 0.51365286, 0.5146608, 0.5124025, 0.51288724, 0.5135224, 0.51504266, 0.5123711, 0.51280785, 0.5127924, 0.51379204, 0.5115877, 0.5137113]
[0.5035842, 0.50396025, 0.50231105, 0.50191605, 0.5105347, 0.5129501, 0.5016199, 0.5030916, 0.5015436, 0.50123817, 0.503946, 0.5018044, 0.5048068, 0.5121833, 0.5027129, 0.5030011, 0.508433, 0.5086861, 0.50145787, 0.50374997, 0.502783, 0.5020605, 0.50646836, 0.503493, 0.50212955, 0.5031958, 0.502991, 0.50154394, 0.5028717, 0.5031037, 0.50413686, 0.5055162, 0.50536597, 0.50627923, 0.50296587, 0.50098723, 0.50332934, 0.50625485, 0.5007347, 0.50334233, 0.5006809, 0.50217414, 0.50470024, 0.5092864, 0.5028255, 0.50187516, 0.50228906, 0.50181943, 0.50183564, 0.5028314, 0.5008366, 0.5102506, 0.5027185, 0.50432646, 0.5055659, 0.50268185, 0.501574, 0.50181794, 0.5008538, 0.5030326, 0.5054956, 0.501109, 0.5021532, 0.50490427, 0.5022727, 0.50057834, 0.50377166, 0.50393564, 0.50109667, 0.5030523, 0.50436544, 0.50244236, 0.5135062, 0.51194715, 0.5121059, 0.51253426, 0.51578623, 0.5134762, 0.5133199, 0.5134098, 0.5139533, 0.5141834, 0.5145066, 0.51470834, 0.5136162, 0.51476115, 0.5139249, 0.5163459, 0.51653785, 0.5148188, 0.5136966, 0.5140361, 0.5134868, 0.51645595, 0.51468974, 0.51401216, 0.516142, 0.51579493, 0.51539993, 0.5156532, 0.515662, 0.51368856, 0.5151001, 0.5151972, 0.5150416, 0.51333755, 0.512749, 0.5155819, 0.51480925, 0.5146211, 0.51430386, 0.51323915, 0.5138665, 0.5157867, 0.5137305, 0.5159575, 0.5131335, 0.51364505, 0.51344776, 0.5150593, 0.51387507, 0.5154086, 0.51620793, 0.51679474, 0.5160232, 0.51441824, 0.51456004, 0.51468694, 0.51464945, 0.51405346, 0.51475644, 0.516234, 0.51208943, 0.51598185, 0.515854, 0.51550585, 0.5162303, 0.51654476, 0.51364106, 0.5144862, 0.5146176, 0.51425904, 0.5141207, 0.5149202, 0.515692, 0.51561904, 0.5153015, 0.51568943, 0.5139725, 0.5159013, 0.5132468, 0.51390356, 0.5133936, 0.5134337, 0.51472735, 0.5144974, 0.5157514, 0.51514524, 0.513511, 0.51404554, 0.5149925, 0.5158383, 0.51609063, 0.51606536, 0.51508236, 0.51606905, 0.51506096, 0.515481, 0.51364595, 0.5138433, 0.5132157, 0.5141566, 0.51253676, 0.5127006, 0.51459426, 0.51330787, 0.51558006, 0.5139287, 0.51312417, 0.5146901, 0.5145924, 0.5130583, 0.51239985, 0.515764, 0.51531637, 0.5143707, 0.51569855, 0.5148033, 0.51397127, 0.5158063, 0.51597947, 0.5154942, 0.5154701, 0.5156144, 0.51599944, 0.5156467, 0.51657397, 0.51584214, 0.51616806, 0.5173022, 0.5143968, 0.51507384, 0.51518, 0.51735896, 0.51513535, 0.51550835, 0.5146809, 0.51634693, 0.5133026, 0.51544416]
[0.50340396, 0.5037885, 0.5021309, 0.5004431, 0.50744545, 0.5090809, 0.50146174, 0.5024669, 0.50107074, 0.5003602, 0.5028778, 0.50040615, 0.50453764, 0.5087358, 0.5022158, 0.50185746, 0.5061258, 0.50650907, 0.50265306, 0.502714, 0.50104964, 0.50065774, 0.50442976, 0.50121754, 0.50273776, 0.5011649, 0.5012899, 0.50037885, 0.5028389, 0.50293916, 0.5020968, 0.5031458, 0.50251323, 0.50373536, 0.5016944, 0.5007694, 0.5026813, 0.5058874, 0.5006176, 0.5017545, 0.50082046, 0.50231403, 0.5038875, 0.50695676, 0.5015258, 0.5021575, 0.5008573, 0.5013366, 0.501418, 0.50224686, 0.5003592, 0.50731087, 0.502003, 0.503197, 0.50406075, 0.50243485, 0.5014336, 0.50168765, 0.5003072, 0.50303316, 0.5048132, 0.5005371, 0.5011901, 0.50290465, 0.5015958, 0.501258, 0.5020551, 0.50263864, 0.50142854, 0.5030002, 0.5037713, 0.5017221, 0.50955194, 0.50893855, 0.5090661, 0.5092123, 0.5108546, 0.5098842, 0.50991786, 0.50953156, 0.5098526, 0.50994456, 0.51012766, 0.51043874, 0.5099045, 0.51070726, 0.50939655, 0.51179177, 0.5114469, 0.51053935, 0.5101696, 0.5099023, 0.50935394, 0.51139724, 0.5106537, 0.50994515, 0.51139027, 0.5113181, 0.5110161, 0.5111759, 0.5109207, 0.5099833, 0.51059383, 0.5109788, 0.51060164, 0.50935286, 0.5083802, 0.51099926, 0.5102936, 0.51039344, 0.5105484, 0.50997955, 0.5100535, 0.51102483, 0.50949365, 0.51115274, 0.5092022, 0.5094656, 0.50974005, 0.51090884, 0.5095452, 0.5112879, 0.5113661, 0.5119595, 0.5109944, 0.5102132, 0.51033896, 0.5104095, 0.5103873, 0.5099102, 0.5103876, 0.5114316, 0.50903654, 0.511293, 0.51136726, 0.5106, 0.5111961, 0.51152146, 0.50985074, 0.5101528, 0.5099932, 0.50983155, 0.5101593, 0.51071405, 0.5110316, 0.51083046, 0.510516, 0.51126623, 0.5098962, 0.5111011, 0.509321, 0.50967115, 0.508838, 0.50981456, 0.510438, 0.51029277, 0.51127625, 0.5106583, 0.50938255, 0.5096253, 0.51027113, 0.51122624, 0.51081604, 0.51162, 0.5106721, 0.51086766, 0.5103097, 0.5105826, 0.50916904, 0.5103355, 0.50919557, 0.50981635, 0.50863177, 0.50875205, 0.510331, 0.50969374, 0.51111215, 0.5099976, 0.50917095, 0.51015073, 0.51024264, 0.50932795, 0.50883126, 0.51114887, 0.51099426, 0.5099013, 0.51089627, 0.5103497, 0.50987554, 0.5108927, 0.5109074, 0.5110487, 0.511107, 0.5109065, 0.5115252, 0.5111409, 0.51145697, 0.5111652, 0.5113175, 0.51197016, 0.509671, 0.51054126, 0.510819, 0.5124096, 0.51060843, 0.5109195, 0.5104326, 0.5120057, 0.5094233, 0.5111245]
[0.5001724, 0.5003868, 0.5014971, 0.50391346, 0.5110908, 0.5125348, 0.5036734, 0.50036645, 0.50442564, 0.5035888, 0.5008694, 0.50275475, 0.50757885, 0.51278603, 0.5056438, 0.50098956, 0.50958514, 0.5096262, 0.50078785, 0.500382, 0.5006504, 0.5038867, 0.5077391, 0.5040103, 0.50563943, 0.5052832, 0.50457114, 0.5045678, 0.50014937, 0.50011647, 0.50430065, 0.5072676, 0.5061402, 0.50681555, 0.5054545, 0.503372, 0.50023913, 0.5028129, 0.5019942, 0.50439984, 0.5040285, 0.5006696, 0.5071082, 0.5100258, 0.5048315, 0.5012278, 0.50545883, 0.5022086, 0.50220287, 0.5013939, 0.5026595, 0.5109212, 0.5053743, 0.50701106, 0.5065227, 0.5003979, 0.50156635, 0.50160307, 0.50214046, 0.50019157, 0.50227445, 0.5028091, 0.50497854, 0.5061774, 0.5017076, 0.5038375, 0.50503016, 0.5060462, 0.5048117, 0.5005011, 0.5019682, 0.5010979, 0.5138718, 0.5128463, 0.5132868, 0.51360583, 0.51557976, 0.5137159, 0.51403606, 0.51385295, 0.51387393, 0.5142927, 0.5147887, 0.5153637, 0.5142877, 0.5157542, 0.51338077, 0.5169504, 0.51651657, 0.5148959, 0.5148862, 0.51416665, 0.51358074, 0.51670915, 0.51545376, 0.51476014, 0.5162761, 0.51569194, 0.51546705, 0.51556, 0.5156021, 0.5144376, 0.5152123, 0.5151169, 0.5148723, 0.5133681, 0.5118236, 0.51583016, 0.51462376, 0.5148039, 0.5148657, 0.5140375, 0.5143606, 0.5160739, 0.5139593, 0.51603955, 0.513531, 0.51360065, 0.5135893, 0.5155482, 0.5136787, 0.51602304, 0.51611257, 0.5166865, 0.5159867, 0.51460266, 0.51506275, 0.51487505, 0.51499003, 0.5140837, 0.51483375, 0.51647097, 0.5124631, 0.5158953, 0.5162552, 0.5153799, 0.5162661, 0.5165242, 0.5139126, 0.51432717, 0.5146721, 0.5140504, 0.51456493, 0.51563734, 0.51612806, 0.51526743, 0.5150079, 0.516239, 0.51419467, 0.5157943, 0.5134109, 0.5142571, 0.5133484, 0.51425064, 0.5148045, 0.51439875, 0.5164034, 0.51535773, 0.5137761, 0.5135878, 0.51485825, 0.51591974, 0.5153871, 0.51683503, 0.51519203, 0.515575, 0.5150014, 0.51506793, 0.5135228, 0.5152064, 0.51295865, 0.5139303, 0.5125864, 0.51270604, 0.51455325, 0.5137158, 0.51591855, 0.51455545, 0.5126653, 0.51434934, 0.5143139, 0.5135625, 0.51253176, 0.51570606, 0.51571906, 0.51411, 0.51582295, 0.5149276, 0.5142527, 0.5153869, 0.51579314, 0.5155408, 0.5156225, 0.5153195, 0.5170848, 0.515785, 0.5163097, 0.51618, 0.515964, 0.5170867, 0.5141398, 0.5152462, 0.5157822, 0.5176975, 0.5147921, 0.51514465, 0.51479703, 0.5166715, 0.5133746, 0.5155608]
[0.5024065, 0.50328493, 0.5014872, 0.50001353, 0.5130399, 0.51647675, 0.5009986, 0.5017267, 0.5003599, 0.49959335, 0.50207883, 0.5004729, 0.5061394, 0.5150314, 0.502022, 0.50231034, 0.51079714, 0.5108332, 0.5014338, 0.5026447, 0.5007558, 0.499655, 0.5064372, 0.5025184, 0.5008797, 0.50071174, 0.50148207, 0.4993929, 0.50185347, 0.50187373, 0.5033329, 0.5036804, 0.5009192, 0.50254154, 0.5014174, 0.49964678, 0.50261074, 0.50558746, 0.49987236, 0.5010056, 0.499655, 0.5017209, 0.50524807, 0.51175904, 0.5008104, 0.50161284, 0.49948508, 0.5006292, 0.5005539, 0.5017564, 0.49997282, 0.5125182, 0.50277317, 0.5055341, 0.50570977, 0.5018026, 0.5009356, 0.5010789, 0.50053805, 0.50256735, 0.5042104, 0.49972782, 0.50085044, 0.5034925, 0.5004376, 0.5021236, 0.5026884, 0.50306123, 0.50091463, 0.502443, 0.50355214, 0.5010103, 0.5167017, 0.51574093, 0.5156752, 0.5160823, 0.51978064, 0.5172041, 0.517669, 0.51672673, 0.51785535, 0.51741964, 0.51846844, 0.5185515, 0.5174329, 0.5187717, 0.51714504, 0.52107984, 0.52094495, 0.5186488, 0.51745623, 0.51710016, 0.51650554, 0.5209713, 0.5193189, 0.51751745, 0.52039725, 0.5198948, 0.51937664, 0.5195844, 0.51953787, 0.5182644, 0.519235, 0.5191051, 0.51875263, 0.51637655, 0.51490206, 0.51977724, 0.5186002, 0.51841915, 0.5189072, 0.5178467, 0.51841486, 0.5197746, 0.5172894, 0.5206112, 0.51635796, 0.51705766, 0.51734704, 0.5191419, 0.5169892, 0.5199796, 0.5205774, 0.5214048, 0.51969284, 0.51838386, 0.5186166, 0.5192533, 0.518244, 0.5176238, 0.51885736, 0.5204285, 0.51583326, 0.5204933, 0.52067226, 0.5195352, 0.52045137, 0.52116036, 0.51758075, 0.51882, 0.5175042, 0.51715076, 0.5174358, 0.51914805, 0.5193786, 0.519392, 0.51857805, 0.51949805, 0.51742053, 0.51984, 0.51704437, 0.51774657, 0.51609516, 0.5171721, 0.5183427, 0.5183549, 0.52002823, 0.51925313, 0.51682264, 0.51620555, 0.5194898, 0.519788, 0.5196457, 0.5206017, 0.5189363, 0.5199946, 0.51838446, 0.51945275, 0.51719236, 0.5182194, 0.5157135, 0.51707304, 0.5155512, 0.51552474, 0.51854485, 0.51713395, 0.51961195, 0.51770604, 0.51668924, 0.51843995, 0.5185775, 0.5161234, 0.5156169, 0.5200906, 0.51875645, 0.5169823, 0.51830214, 0.51763344, 0.5168595, 0.51955205, 0.51988995, 0.51952, 0.5196771, 0.5194657, 0.5191931, 0.51947445, 0.5209276, 0.51958984, 0.5204506, 0.52206916, 0.5170577, 0.5190399, 0.5193996, 0.5228442, 0.5193495, 0.5196097, 0.51883954, 0.5214861, 0.51610106, 0.5202136]
[0.5006622, 0.5010638, 0.49965668, 0.49963692, 0.51075584, 0.5140749, 0.50212795, 0.49997866, 0.5010392, 0.49965203, 0.5001471, 0.49923882, 0.5041741, 0.5126435, 0.50304365, 0.50025916, 0.50776243, 0.50778526, 0.5001701, 0.5009894, 0.49962792, 0.49933106, 0.5056023, 0.5015207, 0.5020768, 0.5009501, 0.50081074, 0.49981397, 0.5001728, 0.49955016, 0.5035005, 0.5040734, 0.502563, 0.50331026, 0.5016463, 0.49942037, 0.50037986, 0.5029026, 0.50039834, 0.5017309, 0.49957734, 0.49994832, 0.50427055, 0.5092361, 0.5009599, 0.49970907, 0.5032978, 0.500514, 0.49935913, 0.4999534, 0.49924245, 0.51028544, 0.50182855, 0.50443405, 0.5045013, 0.49937373, 0.49921635, 0.4991541, 0.499415, 0.50058776, 0.50188965, 0.50003767, 0.5018658, 0.50310934, 0.4995066, 0.5014746, 0.50212353, 0.50143903, 0.5020035, 0.50041807, 0.5008199, 0.49892646, 0.5146756, 0.51368517, 0.51438576, 0.51389897, 0.5172237, 0.5152707, 0.51526517, 0.5145736, 0.51523596, 0.5153802, 0.5157738, 0.5161986, 0.5145806, 0.5164503, 0.51401013, 0.5179839, 0.5175164, 0.5161901, 0.5147892, 0.51513463, 0.514227, 0.5182959, 0.5165015, 0.5147883, 0.5173092, 0.51731, 0.5167537, 0.5163227, 0.5169079, 0.5151205, 0.51621825, 0.51713556, 0.51598555, 0.51411724, 0.5122026, 0.51721495, 0.5156164, 0.5159115, 0.51621634, 0.51495, 0.5152181, 0.51717883, 0.51436687, 0.5175036, 0.5139704, 0.5147159, 0.5149858, 0.51629764, 0.51426363, 0.5176902, 0.5178497, 0.51826423, 0.51667666, 0.51528275, 0.515704, 0.5158283, 0.5159878, 0.51523, 0.51636237, 0.51739424, 0.5124999, 0.51734686, 0.5169102, 0.5161973, 0.5178233, 0.5180721, 0.51482654, 0.515522, 0.51508266, 0.51479024, 0.5149329, 0.5161109, 0.5172936, 0.5171947, 0.51561314, 0.5168527, 0.51516956, 0.5166891, 0.51367307, 0.5144417, 0.51308227, 0.51479256, 0.515494, 0.5160212, 0.5176426, 0.5169656, 0.5141953, 0.5142897, 0.51661366, 0.5170951, 0.51702523, 0.5181442, 0.5160604, 0.51701784, 0.5158594, 0.51608163, 0.5141728, 0.5163686, 0.51372206, 0.5145714, 0.51318014, 0.51329774, 0.5159715, 0.5145609, 0.5168561, 0.51469404, 0.5136065, 0.51578987, 0.5157557, 0.5139949, 0.5135345, 0.5172855, 0.5162866, 0.51458347, 0.51643825, 0.5158615, 0.51517785, 0.5162868, 0.51662314, 0.5171593, 0.5171555, 0.5163655, 0.51752514, 0.5172229, 0.5178579, 0.51714325, 0.5171572, 0.5189451, 0.5147766, 0.51621306, 0.5165141, 0.5196384, 0.51661366, 0.5170571, 0.51598155, 0.5185194, 0.51403815, 0.51683754]
[0.50013703, 0.49961185, 0.50159115, 0.5039671, 0.5114801, 0.5135013, 0.5047718, 0.500181, 0.5046517, 0.5033371, 0.5001233, 0.5031462, 0.5079022, 0.5131308, 0.50594276, 0.50103354, 0.51008886, 0.5102563, 0.50204456, 0.5007448, 0.5022201, 0.503733, 0.50762326, 0.50562125, 0.5060414, 0.5053756, 0.50464827, 0.5048047, 0.5003236, 0.50115013, 0.50668854, 0.50717044, 0.5070784, 0.5073399, 0.5060096, 0.5038101, 0.500719, 0.50159824, 0.5026946, 0.50528735, 0.50417304, 0.5012164, 0.50664604, 0.51085234, 0.50509703, 0.50198907, 0.5046849, 0.5018233, 0.50210166, 0.50088453, 0.5026617, 0.51153845, 0.50555325, 0.5077075, 0.5076115, 0.5004053, 0.5019985, 0.50129646, 0.50428396, 0.5000914, 0.5007679, 0.5031642, 0.5050319, 0.5064246, 0.50166726, 0.5040655, 0.5062683, 0.50608164, 0.5051679, 0.5011635, 0.5001804, 0.5015528, 0.51429075, 0.5129787, 0.5135157, 0.5136271, 0.5163675, 0.5144707, 0.5141879, 0.5142221, 0.51491416, 0.51526165, 0.5151693, 0.51565945, 0.5150678, 0.51602066, 0.51432544, 0.51748484, 0.5172664, 0.5152148, 0.51550746, 0.5149593, 0.5147074, 0.5175148, 0.51581806, 0.5148217, 0.51728964, 0.5163118, 0.516526, 0.51593155, 0.51637447, 0.5149755, 0.51601213, 0.5159769, 0.5159974, 0.5144735, 0.5135249, 0.51644087, 0.51574683, 0.5154696, 0.5159637, 0.5151163, 0.51472807, 0.51704764, 0.51493055, 0.51678884, 0.5135375, 0.51392025, 0.514644, 0.5160345, 0.5145693, 0.5165169, 0.5168453, 0.5177676, 0.5167406, 0.5152735, 0.5157044, 0.51615065, 0.5155314, 0.5151775, 0.51589745, 0.5173339, 0.5136464, 0.516682, 0.5170358, 0.5162883, 0.51718354, 0.5171733, 0.5150317, 0.5152881, 0.515516, 0.5149877, 0.51485926, 0.51609254, 0.5166846, 0.51620644, 0.5160594, 0.5171612, 0.5148615, 0.51663446, 0.51409435, 0.51464695, 0.5139283, 0.51474065, 0.51527184, 0.5153571, 0.5166955, 0.51596683, 0.5144398, 0.51472086, 0.5154611, 0.5164083, 0.5162186, 0.5174454, 0.5158013, 0.51631504, 0.51548135, 0.5160881, 0.5141592, 0.51521444, 0.5138338, 0.5147556, 0.5136342, 0.5136623, 0.51528025, 0.51442283, 0.51703215, 0.51494706, 0.5137498, 0.5154141, 0.5153667, 0.51407707, 0.51351166, 0.5168061, 0.51620364, 0.5152247, 0.5163342, 0.5154254, 0.5145534, 0.51672286, 0.516986, 0.5161316, 0.51641035, 0.5163447, 0.5173662, 0.51651204, 0.5170008, 0.5165571, 0.5166908, 0.5181313, 0.515085, 0.5157459, 0.5162412, 0.5182009, 0.51582754, 0.5165584, 0.5156778, 0.5177959, 0.5144016, 0.5166337]
[0.50255746, 0.5029176, 0.5018134, 0.5006901, 0.50657123, 0.50768274, 0.50183946, 0.50120026, 0.5011856, 0.50098497, 0.50208557, 0.50058085, 0.5038582, 0.5074625, 0.50271094, 0.50079787, 0.50541997, 0.5055448, 0.5006006, 0.5016314, 0.5003358, 0.5015175, 0.50396025, 0.5018753, 0.5022111, 0.5016557, 0.50213087, 0.5015476, 0.5010102, 0.50136936, 0.5033528, 0.5036522, 0.5033103, 0.5037047, 0.5023363, 0.5019192, 0.50225353, 0.50517553, 0.50112724, 0.50219595, 0.5007107, 0.50060505, 0.50349224, 0.5060183, 0.5019476, 0.5009074, 0.5030513, 0.5008463, 0.5004243, 0.5013614, 0.50086725, 0.5066883, 0.5026948, 0.5038353, 0.5035529, 0.50112873, 0.50045896, 0.50061905, 0.50101286, 0.50175995, 0.5041309, 0.50119764, 0.5022029, 0.50313646, 0.5008687, 0.5018927, 0.5024538, 0.5024374, 0.502251, 0.5016092, 0.5029325, 0.5004503, 0.5083957, 0.507978, 0.5079099, 0.507835, 0.5093732, 0.508464, 0.50853074, 0.5083884, 0.508543, 0.50858504, 0.5088128, 0.5088681, 0.5084655, 0.50922865, 0.5079781, 0.50994027, 0.5096625, 0.5089147, 0.50874704, 0.50833595, 0.5081914, 0.50986, 0.5090584, 0.50861466, 0.509385, 0.50936913, 0.5093253, 0.50937635, 0.50922465, 0.50861067, 0.5090312, 0.5092458, 0.50894904, 0.50808257, 0.5071891, 0.5094543, 0.50869125, 0.5086761, 0.5090823, 0.508411, 0.5086571, 0.5095357, 0.508194, 0.5096621, 0.50792235, 0.50820565, 0.5083493, 0.5090102, 0.5081513, 0.5094135, 0.5096978, 0.50987685, 0.5092568, 0.50862855, 0.5088103, 0.5088367, 0.5088778, 0.50853115, 0.5089159, 0.50970036, 0.5074394, 0.50948995, 0.5095004, 0.5088901, 0.509551, 0.5098016, 0.50836354, 0.5085428, 0.5085505, 0.5086891, 0.50830895, 0.50907445, 0.5095386, 0.5091308, 0.5088617, 0.5094224, 0.50834215, 0.5093693, 0.50788784, 0.50827384, 0.5077375, 0.508181, 0.508718, 0.508847, 0.50944585, 0.5093051, 0.5082705, 0.5078208, 0.50897706, 0.5093445, 0.5092915, 0.5098299, 0.5088767, 0.5092832, 0.50891197, 0.50888497, 0.5079846, 0.5089408, 0.50789624, 0.5081525, 0.5074688, 0.5075166, 0.508689, 0.50823975, 0.5093041, 0.50860846, 0.507872, 0.50862104, 0.5088271, 0.5078879, 0.50781924, 0.5095346, 0.50920767, 0.5083141, 0.5090417, 0.50888807, 0.50846267, 0.50918335, 0.50935215, 0.50939244, 0.50928116, 0.5089916, 0.50975627, 0.50946033, 0.50979227, 0.50930434, 0.5094039, 0.5101633, 0.50826937, 0.50885135, 0.5091658, 0.51042527, 0.5090388, 0.5093482, 0.50891674, 0.5101436, 0.50796133, 0.5091285]
[0.50418663, 0.50510657, 0.5022831, 0.5012871, 0.5082867, 0.5103981, 0.5013949, 0.50351226, 0.5018008, 0.5013574, 0.5044105, 0.502054, 0.50436234, 0.51008284, 0.50321656, 0.50340414, 0.5067972, 0.5072317, 0.5029242, 0.50447327, 0.5024938, 0.5005926, 0.50559103, 0.5027265, 0.50225294, 0.50163186, 0.5014927, 0.50092083, 0.50366163, 0.5035889, 0.50309825, 0.5035996, 0.50275874, 0.5032369, 0.5029532, 0.50078577, 0.5035394, 0.5091176, 0.5010866, 0.50258774, 0.50073344, 0.50246733, 0.50395936, 0.50749946, 0.5014833, 0.5020601, 0.50210583, 0.5008942, 0.5021386, 0.5036279, 0.50082755, 0.5083408, 0.50201505, 0.5037772, 0.5043875, 0.5021162, 0.5013323, 0.5023269, 0.5005198, 0.5046092, 0.5071631, 0.5004828, 0.50205237, 0.50243795, 0.5018678, 0.5012374, 0.50240564, 0.502115, 0.5020264, 0.50416476, 0.5045687, 0.5010805, 0.51070464, 0.50953716, 0.51008815, 0.510102, 0.5124155, 0.5103667, 0.5114035, 0.51034975, 0.51109296, 0.5114527, 0.5116803, 0.512124, 0.5110505, 0.5120232, 0.51079583, 0.51301205, 0.5129417, 0.5114573, 0.51147115, 0.5109271, 0.51040846, 0.5129169, 0.5122258, 0.51094896, 0.5127543, 0.5123869, 0.51201636, 0.5121784, 0.5121655, 0.5111384, 0.5116632, 0.51198465, 0.5116714, 0.5101817, 0.5096697, 0.512457, 0.51133776, 0.5116293, 0.511488, 0.5103981, 0.5113446, 0.51225525, 0.51122725, 0.51263136, 0.5104972, 0.5108074, 0.5108101, 0.5120952, 0.5111997, 0.5125785, 0.51263386, 0.51310337, 0.5122938, 0.51168275, 0.5117485, 0.51161087, 0.51197153, 0.5111872, 0.5117222, 0.5126377, 0.50956887, 0.51267517, 0.5128516, 0.5122237, 0.51284814, 0.5130528, 0.510752, 0.5116193, 0.51186395, 0.5109898, 0.511481, 0.5117834, 0.51243913, 0.5124108, 0.5120043, 0.51274794, 0.51132643, 0.51227444, 0.510997, 0.5111643, 0.5106602, 0.5111789, 0.511633, 0.51165396, 0.5125956, 0.51222825, 0.5107151, 0.5107039, 0.5119427, 0.51266557, 0.51239115, 0.5130803, 0.5122434, 0.5127288, 0.5117317, 0.51211023, 0.51076233, 0.5118139, 0.5106487, 0.5111202, 0.5103421, 0.5104574, 0.51153594, 0.51054287, 0.51259255, 0.5110567, 0.51040417, 0.5116218, 0.5114817, 0.5104466, 0.5099619, 0.5125203, 0.5119559, 0.5114183, 0.5124091, 0.5120689, 0.51167923, 0.5123546, 0.5125798, 0.51210445, 0.5120556, 0.51229733, 0.512418, 0.5122979, 0.5128863, 0.5127078, 0.5124608, 0.5135495, 0.511031, 0.5118157, 0.51228493, 0.5139049, 0.51185423, 0.5123467, 0.5119028, 0.51325935, 0.51014984, 0.5125451]
[0.5011276, 0.50147915, 0.500697, 0.50113577, 0.51013964, 0.5119843, 0.504577, 0.50079703, 0.50260955, 0.50231814, 0.50056756, 0.5012968, 0.5059632, 0.5113218, 0.50484973, 0.50078535, 0.50867206, 0.5086328, 0.5015577, 0.5007964, 0.5015318, 0.5034888, 0.50634205, 0.50468135, 0.5045794, 0.5044438, 0.5033367, 0.5040647, 0.5012033, 0.50244653, 0.5065197, 0.50608385, 0.5053975, 0.506317, 0.50388116, 0.5028433, 0.50104153, 0.50365555, 0.50174636, 0.503788, 0.5024219, 0.5011275, 0.5054316, 0.5093397, 0.50498927, 0.50119954, 0.5047691, 0.50244075, 0.5014901, 0.5007875, 0.50204873, 0.5099739, 0.50486684, 0.50635993, 0.506415, 0.5006592, 0.5013087, 0.5012645, 0.5035447, 0.500816, 0.5029134, 0.5031002, 0.503525, 0.50569993, 0.5020075, 0.50414294, 0.5049224, 0.5047831, 0.5035817, 0.5009727, 0.5022648, 0.5011069, 0.5126432, 0.51169926, 0.5118321, 0.5121129, 0.51403683, 0.51322013, 0.5125166, 0.51256335, 0.51291424, 0.5131979, 0.5131659, 0.5132331, 0.5125334, 0.5135768, 0.5123189, 0.5144512, 0.5143656, 0.5135158, 0.51278514, 0.5129155, 0.5126474, 0.51469654, 0.5133084, 0.5128693, 0.5142184, 0.5141683, 0.5136982, 0.51364917, 0.51415646, 0.5127432, 0.5137673, 0.51417, 0.5135799, 0.51275754, 0.51174074, 0.51423585, 0.51364726, 0.51351076, 0.513679, 0.51306605, 0.5128818, 0.51428056, 0.5122714, 0.5144484, 0.5120802, 0.51262724, 0.5128471, 0.5135685, 0.5124073, 0.51408726, 0.51425296, 0.51500136, 0.51383144, 0.5131139, 0.513368, 0.5134699, 0.5132368, 0.51304847, 0.51361954, 0.5146255, 0.51175565, 0.5142826, 0.5141427, 0.5138496, 0.5145579, 0.5148889, 0.5130661, 0.5131237, 0.5127266, 0.512986, 0.51267236, 0.5133272, 0.51396006, 0.51413643, 0.5134104, 0.5138593, 0.5129127, 0.51403826, 0.51201457, 0.5126379, 0.5118645, 0.512707, 0.5132419, 0.51305556, 0.51450217, 0.5139027, 0.5123538, 0.512743, 0.51376545, 0.51433456, 0.51428866, 0.51448405, 0.5131355, 0.5142771, 0.5133136, 0.5137895, 0.5122641, 0.5130227, 0.51198137, 0.5125336, 0.51165617, 0.5116252, 0.51355743, 0.51274663, 0.5141263, 0.51282567, 0.51219064, 0.5133637, 0.51341915, 0.51224697, 0.51188815, 0.514148, 0.5137847, 0.5127115, 0.51347107, 0.5129256, 0.51241714, 0.5140527, 0.5139464, 0.5141156, 0.51422065, 0.5139112, 0.5141101, 0.5141067, 0.5146434, 0.5140158, 0.51446956, 0.5152104, 0.5126968, 0.5133701, 0.5133918, 0.5154954, 0.51403, 0.514221, 0.513372, 0.5149422, 0.51230043, 0.5139936]
[0.5017099, 0.50180936, 0.50111675, 0.5005812, 0.507162, 0.5084866, 0.5012926, 0.50157684, 0.5010658, 0.5006302, 0.50196445, 0.50053215, 0.5035325, 0.50817925, 0.5021957, 0.5013087, 0.5058354, 0.5055107, 0.50163513, 0.50233805, 0.5016852, 0.5010853, 0.503383, 0.50153035, 0.5013321, 0.50142586, 0.50118357, 0.5012676, 0.5015167, 0.5016027, 0.50220656, 0.5029957, 0.50260705, 0.5034017, 0.5017768, 0.50096804, 0.50224024, 0.50388, 0.5006266, 0.5017493, 0.5005684, 0.5011309, 0.50239617, 0.5062041, 0.5011248, 0.5013352, 0.50199753, 0.50089324, 0.50098914, 0.5018312, 0.50069845, 0.5069553, 0.5016141, 0.5029503, 0.5025046, 0.5015961, 0.50057226, 0.5010549, 0.5003471, 0.50173163, 0.5032688, 0.5006843, 0.501155, 0.5025625, 0.5006944, 0.50100064, 0.5016425, 0.5017787, 0.50099564, 0.5016898, 0.5028817, 0.50144035, 0.5094068, 0.5082957, 0.5085344, 0.50871146, 0.51048994, 0.50911987, 0.50955147, 0.50921506, 0.50917894, 0.5094725, 0.510033, 0.50985414, 0.509458, 0.5101748, 0.5090273, 0.5109883, 0.51098514, 0.5100505, 0.50974107, 0.50931674, 0.5090846, 0.511023, 0.51013374, 0.5095653, 0.51085764, 0.51049745, 0.5106478, 0.51041824, 0.510671, 0.50951993, 0.5101608, 0.5100433, 0.51012576, 0.50872433, 0.5084077, 0.510526, 0.50978506, 0.5100202, 0.50969654, 0.5090758, 0.5093841, 0.51079756, 0.5092966, 0.51079047, 0.5087967, 0.50920147, 0.50902814, 0.5102496, 0.5092843, 0.51060253, 0.510657, 0.51115036, 0.51056623, 0.5096967, 0.51000303, 0.50978506, 0.5099783, 0.5093503, 0.5098182, 0.51086605, 0.5079047, 0.5108068, 0.5106213, 0.51035666, 0.51112765, 0.5112397, 0.50903964, 0.5095915, 0.5096085, 0.5094379, 0.50965595, 0.5101923, 0.51067305, 0.51042473, 0.5100569, 0.5107692, 0.50959146, 0.51037085, 0.50901955, 0.5093693, 0.5089199, 0.5093369, 0.5098928, 0.50990546, 0.5108579, 0.5101991, 0.5091111, 0.5092109, 0.50988704, 0.51060694, 0.51068527, 0.5109095, 0.5103817, 0.51079386, 0.5100355, 0.5101413, 0.5090747, 0.50959975, 0.50879157, 0.50928825, 0.50858265, 0.5088495, 0.5097262, 0.508843, 0.51064426, 0.50950664, 0.5085019, 0.5096613, 0.5098052, 0.5087043, 0.50841725, 0.51060516, 0.5104947, 0.50970906, 0.510681, 0.5101369, 0.5095955, 0.5103904, 0.51057583, 0.5104135, 0.5102486, 0.51044506, 0.5108473, 0.5105786, 0.5111886, 0.510794, 0.5106152, 0.5114731, 0.5095685, 0.5101789, 0.51014286, 0.51193833, 0.51007336, 0.51044625, 0.51014495, 0.5111612, 0.5087321, 0.5101358]
[0.501943, 0.5023231, 0.5014263, 0.5008416, 0.5056585, 0.5068473, 0.5009405, 0.5020806, 0.5015565, 0.50111604, 0.502322, 0.50091285, 0.50402015, 0.50645113, 0.501339, 0.5015388, 0.5053303, 0.5054755, 0.5018782, 0.50273734, 0.5017257, 0.5010752, 0.5035138, 0.50166994, 0.50225115, 0.5014324, 0.50103426, 0.5011036, 0.502407, 0.5023209, 0.5022306, 0.5019858, 0.5024357, 0.5028841, 0.5020911, 0.50070053, 0.5024656, 0.50464094, 0.50122446, 0.501295, 0.50097007, 0.50155437, 0.5015219, 0.50549513, 0.50112873, 0.5017871, 0.50068295, 0.5018601, 0.5011927, 0.5021865, 0.50118905, 0.5057462, 0.5013719, 0.5029215, 0.5031956, 0.5023033, 0.50108844, 0.5016813, 0.5010592, 0.50218177, 0.50365347, 0.5007447, 0.50094503, 0.5023336, 0.5012011, 0.5010289, 0.50171226, 0.50208354, 0.500789, 0.50203633, 0.50346047, 0.5020489, 0.5071124, 0.5063889, 0.5065855, 0.5067847, 0.50801164, 0.5068712, 0.50711936, 0.5070815, 0.5071279, 0.50729764, 0.50763106, 0.50763655, 0.5075393, 0.50787437, 0.5068849, 0.50857204, 0.50841445, 0.50746524, 0.5075786, 0.50727123, 0.507102, 0.50853163, 0.5075623, 0.5074374, 0.5084484, 0.50805515, 0.50816905, 0.50803053, 0.5079713, 0.5075438, 0.50786966, 0.5079418, 0.5077546, 0.50702524, 0.5065226, 0.5080291, 0.50771046, 0.50755745, 0.5078541, 0.5074756, 0.50739276, 0.50832313, 0.5074913, 0.5080404, 0.5066589, 0.50700265, 0.5071364, 0.5079052, 0.50722945, 0.5081555, 0.50823486, 0.5087497, 0.50829893, 0.5076231, 0.5076905, 0.5078366, 0.50742185, 0.50727457, 0.50750166, 0.50852853, 0.5069036, 0.5083182, 0.50838417, 0.507849, 0.50827557, 0.508393, 0.50708437, 0.5076357, 0.507589, 0.5073761, 0.5075928, 0.507976, 0.5081362, 0.5077272, 0.50789976, 0.50831467, 0.5072667, 0.50821906, 0.507243, 0.507216, 0.5069238, 0.5071556, 0.5075507, 0.5073355, 0.50826424, 0.5076866, 0.5071318, 0.50709516, 0.5075301, 0.50805235, 0.50777626, 0.50850195, 0.50783896, 0.5080667, 0.50758225, 0.50795513, 0.50703, 0.50738865, 0.50663745, 0.5072042, 0.5066588, 0.50662184, 0.50756824, 0.50707775, 0.50813913, 0.5075775, 0.5069306, 0.5074424, 0.5074896, 0.5069171, 0.506742, 0.5080877, 0.5081807, 0.50741905, 0.50789547, 0.50750256, 0.5070866, 0.5080504, 0.5081463, 0.5079849, 0.5078368, 0.50818485, 0.50835615, 0.50791985, 0.5083431, 0.50803035, 0.5083262, 0.50876, 0.5071805, 0.5077488, 0.5079969, 0.5087975, 0.50760555, 0.5078288, 0.5077797, 0.5085385, 0.5069307, 0.5081597]
[0.50355756, 0.5040828, 0.5025865, 0.5008603, 0.5103037, 0.51242876, 0.50215495, 0.50292754, 0.5017341, 0.5007663, 0.50374675, 0.50139403, 0.5047031, 0.5121825, 0.50322926, 0.5024082, 0.50866276, 0.5086692, 0.5024068, 0.50395936, 0.5029934, 0.5007847, 0.5062216, 0.5018397, 0.50354594, 0.5026234, 0.50276315, 0.50157756, 0.5019229, 0.5024176, 0.5019872, 0.5049465, 0.5043214, 0.50489694, 0.5019081, 0.50071734, 0.503583, 0.50600725, 0.5003485, 0.5027162, 0.5012646, 0.5025325, 0.5040869, 0.5089401, 0.5018201, 0.5016717, 0.501724, 0.5015871, 0.5015903, 0.50235635, 0.501448, 0.5100524, 0.5022774, 0.5044353, 0.5052666, 0.50262386, 0.50147486, 0.50173247, 0.50047123, 0.50319546, 0.50562376, 0.500567, 0.50203323, 0.504383, 0.5015224, 0.50065535, 0.5027018, 0.5027091, 0.50220597, 0.50289124, 0.50475496, 0.5021681, 0.5133801, 0.51198035, 0.51259005, 0.51296264, 0.5157474, 0.513342, 0.51360685, 0.51338243, 0.5137251, 0.5143998, 0.5148675, 0.51497513, 0.5139448, 0.51520073, 0.51366365, 0.51646364, 0.5165201, 0.51463866, 0.5140633, 0.5142008, 0.5135163, 0.5167273, 0.51488984, 0.5137975, 0.51632226, 0.51582325, 0.51582056, 0.51538295, 0.5154151, 0.5140981, 0.51535773, 0.51496536, 0.51463854, 0.5129337, 0.512468, 0.5154863, 0.5144554, 0.51461995, 0.51441175, 0.5132633, 0.5139865, 0.5158775, 0.51428616, 0.51583475, 0.5128648, 0.5135463, 0.5134822, 0.5151883, 0.51351327, 0.51580876, 0.5161475, 0.5167245, 0.51587313, 0.5143817, 0.5143862, 0.5147823, 0.51435965, 0.51392186, 0.51482904, 0.5163204, 0.5117273, 0.51638573, 0.5157126, 0.5155309, 0.51652414, 0.5166227, 0.5130494, 0.51409215, 0.5143317, 0.5136976, 0.5145237, 0.5152733, 0.5156841, 0.5156133, 0.51517045, 0.51592964, 0.5135297, 0.51587766, 0.5133027, 0.5136759, 0.5129223, 0.513801, 0.51455534, 0.5141507, 0.51603866, 0.5151829, 0.5133948, 0.5138938, 0.5149581, 0.51594275, 0.51546925, 0.51618904, 0.5154181, 0.5160436, 0.514971, 0.5153678, 0.51352215, 0.5142721, 0.5134443, 0.51400703, 0.5124409, 0.5125831, 0.5144827, 0.5129359, 0.515907, 0.51374614, 0.5125679, 0.51455724, 0.5146334, 0.5132622, 0.5122754, 0.5153729, 0.5154821, 0.51411223, 0.51578504, 0.51506644, 0.51427484, 0.5156375, 0.51613295, 0.51529044, 0.51539975, 0.5155481, 0.5165648, 0.51548624, 0.5165741, 0.51615244, 0.515945, 0.51732725, 0.5140917, 0.51504123, 0.5152611, 0.5177068, 0.5150324, 0.51519454, 0.51491284, 0.5165405, 0.51289934, 0.5152849]
[0.5011949, 0.5015688, 0.50082797, 0.50186056, 0.50870353, 0.51059073, 0.5015458, 0.50132656, 0.5023125, 0.5015435, 0.5013324, 0.5017656, 0.50620174, 0.51011324, 0.5029583, 0.5018293, 0.5077376, 0.50760156, 0.5014799, 0.5030928, 0.50195247, 0.5021119, 0.5060014, 0.5025481, 0.5029241, 0.50212854, 0.50170565, 0.501948, 0.50276685, 0.5023926, 0.5030806, 0.5045655, 0.5043171, 0.5044314, 0.5039075, 0.50195473, 0.5018165, 0.5058318, 0.5013625, 0.50314856, 0.5013421, 0.5008933, 0.504761, 0.5079663, 0.5017306, 0.5017721, 0.50276047, 0.50045747, 0.50062793, 0.50108916, 0.50076276, 0.50880384, 0.5028456, 0.50510955, 0.5054139, 0.5012986, 0.5006053, 0.50031626, 0.50156873, 0.5015529, 0.5039653, 0.50085807, 0.50261927, 0.5038421, 0.50101924, 0.5021554, 0.5026171, 0.50340027, 0.501468, 0.50178635, 0.5030999, 0.50086826, 0.5107065, 0.5096799, 0.51030177, 0.51038396, 0.51257354, 0.51037884, 0.5111882, 0.5105688, 0.51126415, 0.5115092, 0.51190835, 0.5122076, 0.51126146, 0.5124581, 0.5111959, 0.5131069, 0.5132948, 0.5117375, 0.5116231, 0.51115346, 0.5108371, 0.5132368, 0.51233995, 0.5114161, 0.51316744, 0.5125427, 0.51244235, 0.5127094, 0.51257443, 0.51155806, 0.51200944, 0.5121017, 0.5121955, 0.51013726, 0.5098915, 0.512631, 0.511765, 0.5119104, 0.51179487, 0.510991, 0.5117253, 0.5126619, 0.51161176, 0.5128543, 0.510722, 0.51106536, 0.5107956, 0.51242965, 0.5114716, 0.51258004, 0.51290894, 0.5132526, 0.5128674, 0.5117866, 0.5120547, 0.5118997, 0.5121384, 0.5114952, 0.51180196, 0.51297945, 0.50979966, 0.5129384, 0.51313746, 0.51236826, 0.5128918, 0.5133827, 0.5106211, 0.51186395, 0.5120086, 0.5113579, 0.5115732, 0.51236916, 0.51283044, 0.5123764, 0.5120033, 0.51310307, 0.5112591, 0.5126298, 0.51107293, 0.51175475, 0.5111457, 0.5113178, 0.5118786, 0.51198345, 0.5128018, 0.51242346, 0.51099116, 0.5109, 0.51205033, 0.5126215, 0.51255816, 0.5129897, 0.51264864, 0.51289725, 0.5119655, 0.51241344, 0.5108078, 0.5116342, 0.5105515, 0.5109781, 0.51075673, 0.5107742, 0.5115906, 0.5109011, 0.5130999, 0.5117656, 0.5103048, 0.5116946, 0.51145935, 0.5105206, 0.5102573, 0.5125944, 0.5123185, 0.51154715, 0.51250446, 0.5120668, 0.5115201, 0.5126166, 0.51312166, 0.51227885, 0.51201034, 0.51248163, 0.5129434, 0.51257825, 0.5133853, 0.51295435, 0.51262665, 0.5137953, 0.51143694, 0.512307, 0.51249737, 0.5141719, 0.5121364, 0.512665, 0.51222, 0.51335436, 0.51088774, 0.5126104]
[0.50162345, 0.50207573, 0.5002772, 0.5012064, 0.5118237, 0.5146677, 0.5008689, 0.50162196, 0.5034546, 0.50128984, 0.501496, 0.5000373, 0.50707626, 0.5135156, 0.5039069, 0.5014188, 0.5100706, 0.5099438, 0.5014515, 0.5024364, 0.5011264, 0.5005266, 0.507119, 0.5027013, 0.50403386, 0.50260955, 0.5012725, 0.5018578, 0.5019953, 0.50182164, 0.5025432, 0.5050276, 0.5046387, 0.50537384, 0.5038083, 0.5001255, 0.5014922, 0.5045498, 0.501323, 0.50337756, 0.5016171, 0.5008021, 0.50505656, 0.5105574, 0.50116104, 0.5010335, 0.501063, 0.49998415, 0.50065666, 0.5011999, 0.5003261, 0.51104456, 0.50162387, 0.5042385, 0.5052918, 0.50116247, 0.500198, 0.5005433, 0.50023735, 0.50157845, 0.5030817, 0.49995983, 0.5023354, 0.5041133, 0.50072706, 0.50161415, 0.5052134, 0.50345725, 0.50198185, 0.5019011, 0.5024137, 0.50035024, 0.51435554, 0.51285785, 0.5135589, 0.51400125, 0.5170897, 0.5145503, 0.5158661, 0.5143007, 0.5155783, 0.5158809, 0.5166312, 0.51668364, 0.51578957, 0.5169769, 0.51508796, 0.5184319, 0.5188235, 0.5161136, 0.5158637, 0.5153048, 0.5149557, 0.51848656, 0.51686776, 0.51578194, 0.51852036, 0.51713765, 0.51783997, 0.5171453, 0.51706165, 0.5157508, 0.51693386, 0.51670337, 0.51676553, 0.51411223, 0.51339084, 0.5172394, 0.5162087, 0.5168166, 0.5160363, 0.5151391, 0.5158258, 0.5173102, 0.5159631, 0.5178592, 0.51434886, 0.51518863, 0.5153173, 0.51699865, 0.5155758, 0.5178245, 0.5181373, 0.5190468, 0.517566, 0.51625115, 0.516403, 0.5164102, 0.5165417, 0.5156495, 0.5162723, 0.51825726, 0.5137578, 0.51828676, 0.51781076, 0.51732165, 0.5181382, 0.5184798, 0.51467764, 0.5163397, 0.51621157, 0.5147881, 0.51646, 0.5169205, 0.5171617, 0.51724124, 0.51667297, 0.51811796, 0.5156182, 0.51740944, 0.5152422, 0.5156613, 0.5144115, 0.51561534, 0.5163672, 0.5161077, 0.5181684, 0.51690143, 0.51430964, 0.5149976, 0.5165338, 0.5175181, 0.517324, 0.5185617, 0.5173048, 0.517642, 0.51605433, 0.51710546, 0.51506656, 0.51604664, 0.51435184, 0.515729, 0.51411974, 0.5141032, 0.5162016, 0.51452297, 0.51783025, 0.51583594, 0.51395875, 0.5160745, 0.51622224, 0.51477027, 0.5137997, 0.51764846, 0.51720256, 0.51576257, 0.51740193, 0.5162577, 0.5154287, 0.51778936, 0.51790893, 0.5172255, 0.517032, 0.517361, 0.51794827, 0.51733625, 0.5185024, 0.51747996, 0.5177164, 0.51915854, 0.5155024, 0.51686627, 0.5169949, 0.5201726, 0.5164901, 0.5172741, 0.51719856, 0.5184595, 0.51424986, 0.51787317]
[0.5018277, 0.50239617, 0.5013254, 0.5005073, 0.51088923, 0.51462394, 0.502397, 0.5013871, 0.50067097, 0.5005253, 0.5015649, 0.5003366, 0.5039735, 0.5135629, 0.5022674, 0.5006986, 0.50930864, 0.5100032, 0.50115037, 0.5014461, 0.50063723, 0.50069994, 0.5056794, 0.5042178, 0.502218, 0.5013191, 0.5013875, 0.5021516, 0.500837, 0.5002375, 0.5065003, 0.5042486, 0.50366884, 0.5047692, 0.5013804, 0.50078064, 0.5015441, 0.50368667, 0.50059235, 0.50128734, 0.5008609, 0.5005318, 0.50281394, 0.51033276, 0.5027816, 0.5002002, 0.50173414, 0.5010329, 0.5005174, 0.50139934, 0.5001882, 0.5107853, 0.5033156, 0.5049215, 0.5044539, 0.5011811, 0.50067073, 0.50083, 0.50316733, 0.5012055, 0.5027654, 0.50063854, 0.5013876, 0.5028962, 0.50000226, 0.5019127, 0.5028634, 0.5024807, 0.50107044, 0.5013971, 0.5028312, 0.50094545, 0.51504654, 0.5132831, 0.51383376, 0.5143142, 0.5175007, 0.5161192, 0.515626, 0.5153547, 0.5160078, 0.51610523, 0.5166005, 0.5169523, 0.515504, 0.517435, 0.51556486, 0.518886, 0.5186481, 0.516992, 0.51701343, 0.51664937, 0.51563835, 0.5188503, 0.51699394, 0.51552737, 0.5185795, 0.5184807, 0.5175863, 0.5178239, 0.5183271, 0.5159229, 0.5177872, 0.5176435, 0.5172554, 0.515946, 0.5146623, 0.5186188, 0.5169091, 0.51745766, 0.5171886, 0.5158569, 0.5165457, 0.5188113, 0.515798, 0.51871663, 0.5146652, 0.5153663, 0.5158434, 0.5171807, 0.51595426, 0.51830226, 0.5183296, 0.51952595, 0.51788795, 0.5167858, 0.51713526, 0.5175326, 0.5170777, 0.5164054, 0.5173705, 0.5190841, 0.5145229, 0.51867664, 0.5184885, 0.5178094, 0.5192075, 0.51925904, 0.5154585, 0.5170172, 0.51633, 0.5165778, 0.51590204, 0.5171551, 0.518081, 0.51819843, 0.517371, 0.51866907, 0.51639557, 0.518134, 0.51543444, 0.5156963, 0.5146558, 0.51552093, 0.5169399, 0.5167781, 0.5183745, 0.517879, 0.5158324, 0.51578975, 0.51699305, 0.5181276, 0.5177981, 0.51873755, 0.5178916, 0.5180315, 0.5173426, 0.5179249, 0.51542073, 0.51578873, 0.5148219, 0.51584333, 0.5145315, 0.51449335, 0.5168099, 0.5157993, 0.5186153, 0.51620823, 0.515082, 0.51688874, 0.51693857, 0.5149013, 0.51448417, 0.51832485, 0.5173582, 0.5155081, 0.5167284, 0.5156926, 0.5151313, 0.5185301, 0.51824576, 0.5179194, 0.5183952, 0.5186546, 0.518269, 0.5177929, 0.5189767, 0.51761323, 0.51857865, 0.51973045, 0.5162512, 0.51717156, 0.5175905, 0.5203575, 0.51867235, 0.5193185, 0.5172128, 0.51957166, 0.51501393, 0.5181705]
[0.50216705, 0.5026243, 0.5012878, 0.5007774, 0.50918365, 0.511912, 0.5028724, 0.5016993, 0.5013644, 0.50101185, 0.5018876, 0.50108457, 0.50590926, 0.51093405, 0.5051016, 0.5021513, 0.5080357, 0.5083171, 0.5014113, 0.50212467, 0.50143224, 0.50120294, 0.5065939, 0.5029716, 0.5024166, 0.50215364, 0.5019971, 0.50218946, 0.50186753, 0.5016547, 0.5030718, 0.5056209, 0.50417364, 0.5046669, 0.50251913, 0.50101864, 0.50241196, 0.5049155, 0.50088984, 0.5028422, 0.50104344, 0.50103635, 0.5046621, 0.5091912, 0.5019061, 0.501159, 0.50272375, 0.5005328, 0.50070274, 0.5015297, 0.50036514, 0.5092326, 0.5037828, 0.5059258, 0.50562483, 0.5017825, 0.50092274, 0.5013773, 0.50185204, 0.5023118, 0.5037046, 0.50092643, 0.5021827, 0.5040188, 0.50057447, 0.5028455, 0.5042895, 0.5040333, 0.50283986, 0.5019252, 0.5029698, 0.5011037, 0.51227397, 0.51140666, 0.51126623, 0.5114801, 0.5140705, 0.5123497, 0.51307243, 0.51210946, 0.5128379, 0.5126536, 0.51349145, 0.513027, 0.5130177, 0.5134244, 0.51234937, 0.514986, 0.5148729, 0.5134165, 0.51326984, 0.5126642, 0.51229185, 0.51495534, 0.51355815, 0.51264185, 0.5147939, 0.5142668, 0.51408315, 0.51380515, 0.51414335, 0.51259124, 0.5139296, 0.51391083, 0.51340985, 0.51180786, 0.51110184, 0.5142155, 0.5129126, 0.5135147, 0.5134716, 0.5127505, 0.5127223, 0.5141902, 0.51231146, 0.51454556, 0.5118888, 0.5123512, 0.51242375, 0.5135471, 0.5124489, 0.51443046, 0.51443154, 0.5150747, 0.5140604, 0.5128091, 0.5128432, 0.5135537, 0.51333946, 0.5129089, 0.5136402, 0.5147633, 0.5111235, 0.5146544, 0.51449406, 0.51413095, 0.5146283, 0.51497066, 0.51270056, 0.51333904, 0.51312286, 0.5125341, 0.5125112, 0.51339513, 0.51400393, 0.5140635, 0.5138212, 0.5143431, 0.51281434, 0.5137134, 0.51262367, 0.51275015, 0.5115908, 0.5123423, 0.51318735, 0.5135409, 0.514393, 0.513792, 0.5119173, 0.51203084, 0.5138263, 0.51443666, 0.5141238, 0.5149991, 0.51353264, 0.5142794, 0.51315427, 0.5135369, 0.51239556, 0.51327485, 0.5116735, 0.51258975, 0.51161665, 0.51161724, 0.51346415, 0.51221097, 0.5146154, 0.5123933, 0.5115644, 0.5134225, 0.5134732, 0.511807, 0.51138353, 0.5144212, 0.5136503, 0.5127509, 0.513741, 0.51305497, 0.5125503, 0.514019, 0.51431364, 0.5142031, 0.5141219, 0.51407504, 0.51392376, 0.5139323, 0.5151192, 0.51401407, 0.5146565, 0.5158, 0.5127097, 0.5132179, 0.5139884, 0.51599765, 0.51336277, 0.5143126, 0.5135495, 0.5151677, 0.51161087, 0.51458013]
[0.5032154, 0.50342643, 0.50202185, 0.50096756, 0.50975484, 0.51225746, 0.5003641, 0.50281346, 0.500911, 0.50027984, 0.50288904, 0.5017272, 0.50485677, 0.5120147, 0.5026451, 0.5026205, 0.5079227, 0.5080085, 0.5023673, 0.5038614, 0.50259864, 0.5007788, 0.5060344, 0.50136364, 0.5014422, 0.50077647, 0.50096565, 0.5010959, 0.50265115, 0.5026617, 0.5019098, 0.5046943, 0.50282717, 0.50431144, 0.5009941, 0.50037, 0.50311536, 0.50563574, 0.5003996, 0.50172585, 0.5002801, 0.5020222, 0.50425214, 0.50900006, 0.5007623, 0.5024812, 0.5012172, 0.5012224, 0.5019131, 0.5025787, 0.5009172, 0.5099918, 0.50242203, 0.5045062, 0.5041088, 0.5023263, 0.5013514, 0.5015356, 0.50066334, 0.5031606, 0.50478613, 0.50059927, 0.50118405, 0.503195, 0.5013554, 0.50079334, 0.50138193, 0.50224876, 0.50091, 0.502753, 0.5037675, 0.5017644, 0.51309866, 0.5119222, 0.5119448, 0.5125116, 0.5153093, 0.51308227, 0.5136187, 0.5130617, 0.5134272, 0.51373327, 0.51436865, 0.51444256, 0.51329607, 0.5148926, 0.51299024, 0.5161658, 0.51605445, 0.5143233, 0.5138923, 0.5135405, 0.51310503, 0.5162803, 0.514756, 0.51377964, 0.5157632, 0.51524425, 0.515146, 0.5151167, 0.5155049, 0.5138903, 0.51472807, 0.5148979, 0.5146592, 0.51236856, 0.51106954, 0.5153605, 0.51400083, 0.5143693, 0.51426035, 0.51313657, 0.5136865, 0.5151799, 0.5133113, 0.5156321, 0.51257235, 0.5130871, 0.51322174, 0.51487315, 0.5132819, 0.51566786, 0.51580507, 0.51653945, 0.5155083, 0.5142866, 0.5143531, 0.5141026, 0.51472, 0.5135373, 0.5143066, 0.515869, 0.51123244, 0.5156459, 0.51562315, 0.51472265, 0.5160213, 0.5164338, 0.5130231, 0.51405096, 0.5136789, 0.5131376, 0.5135429, 0.5147071, 0.5155917, 0.5152015, 0.5145339, 0.51557815, 0.51373833, 0.51512635, 0.512847, 0.5135193, 0.51277447, 0.51330286, 0.5141971, 0.51418805, 0.5159427, 0.5150206, 0.51297194, 0.51285845, 0.5144822, 0.51537806, 0.5152403, 0.5160838, 0.5148353, 0.5154644, 0.5144244, 0.5148175, 0.5128025, 0.5141345, 0.51249045, 0.51333237, 0.51221913, 0.5124154, 0.5144156, 0.51322734, 0.515714, 0.51370597, 0.5122908, 0.514049, 0.5140436, 0.51259154, 0.5120114, 0.5151285, 0.51506823, 0.51368856, 0.51511216, 0.51423573, 0.5135455, 0.5150347, 0.5152917, 0.5153827, 0.5149101, 0.51509464, 0.51576954, 0.51519555, 0.5163799, 0.51576865, 0.5154303, 0.5168454, 0.5138617, 0.5146759, 0.51503193, 0.51756734, 0.5145014, 0.5152582, 0.5146317, 0.5164983, 0.51257443, 0.51523554]
[0.5056728, 0.5057109, 0.50432974, 0.50254154, 0.51211166, 0.5152835, 0.5020671, 0.5054595, 0.502026, 0.5027124, 0.50461006, 0.5030799, 0.50513566, 0.5144609, 0.50116944, 0.5050526, 0.5098446, 0.51008016, 0.50450766, 0.5050673, 0.5033661, 0.50152755, 0.5029408, 0.50191474, 0.5006308, 0.5016718, 0.5011433, 0.5015523, 0.50522006, 0.5046041, 0.5019045, 0.50331247, 0.5018158, 0.504311, 0.50057405, 0.5026353, 0.50549763, 0.5080304, 0.50361, 0.5014444, 0.50245357, 0.505241, 0.50152373, 0.51159054, 0.5008173, 0.50489473, 0.50141907, 0.5028626, 0.5042025, 0.5047705, 0.5030892, 0.512737, 0.50015485, 0.5042003, 0.5026699, 0.5055978, 0.50432837, 0.50437385, 0.5022751, 0.50564474, 0.50753635, 0.50267553, 0.5004859, 0.500631, 0.5036915, 0.5003361, 0.50082076, 0.50063425, 0.5020724, 0.50536895, 0.50729835, 0.5049283, 0.5161352, 0.51526517, 0.51527786, 0.5160458, 0.5187216, 0.5170097, 0.5164298, 0.5169569, 0.51692057, 0.5171877, 0.51769036, 0.5178999, 0.51678914, 0.51856905, 0.51574355, 0.5200894, 0.5197397, 0.51777214, 0.5172216, 0.5167559, 0.5164596, 0.520037, 0.5187328, 0.51758355, 0.5189408, 0.51877487, 0.5184532, 0.51876396, 0.51867497, 0.5172121, 0.51878947, 0.5186672, 0.5184014, 0.5161156, 0.51371634, 0.51885927, 0.5179027, 0.51762533, 0.5181294, 0.51732284, 0.51690906, 0.51903963, 0.5166579, 0.5197766, 0.5155435, 0.51613116, 0.5168283, 0.51920027, 0.51579326, 0.51944965, 0.51977944, 0.52042913, 0.51869273, 0.5176051, 0.5179684, 0.51798105, 0.5181131, 0.5169239, 0.5178667, 0.5199207, 0.5149849, 0.5192138, 0.51950425, 0.51761127, 0.5194295, 0.51968896, 0.5166565, 0.51718867, 0.51702005, 0.5170789, 0.51676404, 0.51830596, 0.5189436, 0.5184223, 0.51750046, 0.5194175, 0.5169866, 0.5190432, 0.5158337, 0.5166797, 0.5153009, 0.51663804, 0.5174783, 0.51762265, 0.5200573, 0.5183017, 0.5164227, 0.51601577, 0.51785815, 0.5186617, 0.5183863, 0.51984495, 0.5177219, 0.5184948, 0.51776665, 0.51787645, 0.5158733, 0.5178021, 0.5153197, 0.5159031, 0.51465863, 0.51479, 0.5179165, 0.5168063, 0.5191043, 0.5175785, 0.51549214, 0.51705086, 0.5174033, 0.51601565, 0.5153562, 0.5192189, 0.5185268, 0.51643175, 0.51815426, 0.51745033, 0.5167041, 0.51843584, 0.5182483, 0.5191448, 0.51880926, 0.51811814, 0.519936, 0.519343, 0.5197547, 0.5189355, 0.5187999, 0.52062804, 0.5168351, 0.5180185, 0.51857054, 0.5212698, 0.5187239, 0.5188823, 0.51758903, 0.5200321, 0.5158183, 0.51865]
[0.50159323, 0.5016069, 0.5000047, 0.5019549, 0.5121745, 0.5144813, 0.5018835, 0.50130045, 0.50337374, 0.501923, 0.500509, 0.5011539, 0.50834304, 0.51434803, 0.5034577, 0.50107104, 0.51064724, 0.51081455, 0.5008069, 0.501612, 0.5008674, 0.5040235, 0.5079149, 0.50174576, 0.5054379, 0.5039585, 0.50370795, 0.50329816, 0.50115246, 0.50131756, 0.5029984, 0.50802284, 0.50649357, 0.50676674, 0.5045063, 0.501776, 0.5014479, 0.5036103, 0.50093544, 0.50400835, 0.5009641, 0.501193, 0.5064172, 0.5105767, 0.5021476, 0.50125283, 0.50417835, 0.50032187, 0.5000149, 0.5006895, 0.50046873, 0.5121146, 0.5050907, 0.5078646, 0.50747967, 0.50120234, 0.50016034, 0.500084, 0.5006742, 0.501456, 0.5029227, 0.5010974, 0.5047916, 0.5059006, 0.49993062, 0.50282663, 0.50375104, 0.5046643, 0.5032338, 0.5012208, 0.50253206, 0.50025034, 0.5154388, 0.51443386, 0.5149037, 0.51495665, 0.5177327, 0.5150828, 0.5154358, 0.51572293, 0.51582474, 0.51617557, 0.5171386, 0.5173115, 0.5162858, 0.5175672, 0.51495415, 0.51937115, 0.5186525, 0.51546067, 0.51638365, 0.51586026, 0.5157616, 0.5193891, 0.51789707, 0.5165831, 0.5187049, 0.5178216, 0.51747924, 0.5170859, 0.51723045, 0.51673794, 0.5173621, 0.5168433, 0.51726806, 0.5145046, 0.512888, 0.5177308, 0.516563, 0.5161838, 0.517445, 0.51625896, 0.5164604, 0.5176424, 0.5158992, 0.5178031, 0.5147921, 0.51540595, 0.5152218, 0.5178495, 0.51514477, 0.51864177, 0.51862466, 0.5192039, 0.51790375, 0.51663595, 0.5165489, 0.5169204, 0.5168825, 0.5160728, 0.51696455, 0.5190224, 0.5134659, 0.5183133, 0.51860225, 0.51737624, 0.51848525, 0.518517, 0.51519895, 0.5163944, 0.51591253, 0.5146301, 0.51646614, 0.5174304, 0.5178412, 0.51732093, 0.5167531, 0.51800215, 0.51521075, 0.51792157, 0.5152038, 0.51542133, 0.5147538, 0.5159616, 0.5167381, 0.5165404, 0.5185294, 0.51720583, 0.5156456, 0.5144839, 0.5170416, 0.5169579, 0.5164132, 0.51916134, 0.51691985, 0.5170637, 0.51684034, 0.51693904, 0.5145395, 0.5171377, 0.51399475, 0.5154398, 0.5136173, 0.51381624, 0.5164401, 0.5154921, 0.5176149, 0.51649195, 0.51413804, 0.5162868, 0.51589125, 0.51492447, 0.5143687, 0.5177862, 0.51825213, 0.5155373, 0.5175318, 0.5173824, 0.5165349, 0.517398, 0.5175453, 0.5175665, 0.5175099, 0.516592, 0.5191996, 0.5178382, 0.5182263, 0.51806474, 0.5176767, 0.51959765, 0.51558214, 0.5170153, 0.51760983, 0.52034503, 0.5163916, 0.51670605, 0.51646674, 0.518902, 0.5146925, 0.5176645]
[0.5023226, 0.5024197, 0.50070614, 0.5007225, 0.50865567, 0.5104117, 0.501565, 0.50165254, 0.5022175, 0.50141627, 0.50188166, 0.50059325, 0.5053227, 0.5100405, 0.50303537, 0.5015912, 0.5071448, 0.5074793, 0.50149363, 0.50316685, 0.5011944, 0.50237334, 0.5054708, 0.50320446, 0.5032353, 0.5026935, 0.50237906, 0.501801, 0.50231934, 0.50238436, 0.5027017, 0.5050078, 0.50403774, 0.50428104, 0.50316644, 0.5013465, 0.5022353, 0.5054833, 0.5010744, 0.50265557, 0.5009934, 0.50097144, 0.50458956, 0.5080753, 0.5024255, 0.5013725, 0.502462, 0.500725, 0.50040126, 0.50182086, 0.50085336, 0.5085805, 0.5034176, 0.50389004, 0.5051327, 0.50153416, 0.5005043, 0.5007053, 0.50106454, 0.5022126, 0.5046596, 0.50079364, 0.5021891, 0.50443125, 0.50124323, 0.50186723, 0.50260293, 0.5035232, 0.5021932, 0.50178075, 0.503756, 0.50108653, 0.51099944, 0.5102503, 0.51015127, 0.5103406, 0.51247084, 0.5110163, 0.5113454, 0.5109327, 0.5112847, 0.5113792, 0.51174086, 0.51178694, 0.5112448, 0.5122101, 0.51078594, 0.5131985, 0.5131035, 0.51184726, 0.51170254, 0.5112586, 0.51071376, 0.5131357, 0.5121588, 0.511371, 0.5129291, 0.51260006, 0.51251096, 0.51253843, 0.512757, 0.51133025, 0.5121285, 0.51253283, 0.512061, 0.5105425, 0.50972193, 0.5127827, 0.51166946, 0.5121364, 0.51212376, 0.51136905, 0.51149523, 0.5125708, 0.5109823, 0.51273763, 0.5105648, 0.51104635, 0.51094896, 0.5123194, 0.5112216, 0.5126664, 0.51288277, 0.513521, 0.512743, 0.5117118, 0.51187265, 0.51176494, 0.51197785, 0.5114519, 0.51191765, 0.51283354, 0.5100641, 0.51277333, 0.5128162, 0.51225114, 0.5127788, 0.5132025, 0.51124823, 0.51190996, 0.51152724, 0.5112313, 0.51154447, 0.5121353, 0.5127618, 0.5124201, 0.5119447, 0.5126734, 0.5116374, 0.5125451, 0.51064825, 0.511106, 0.5106246, 0.5112038, 0.5116867, 0.5118844, 0.5129166, 0.512202, 0.5107755, 0.510831, 0.51191705, 0.512705, 0.5126012, 0.5132129, 0.5122034, 0.51261365, 0.51172066, 0.512138, 0.5106434, 0.51188505, 0.51040244, 0.5110775, 0.51009446, 0.51016355, 0.5118738, 0.51099145, 0.5126688, 0.51138145, 0.51057506, 0.511524, 0.51170546, 0.51057523, 0.5102905, 0.5126616, 0.5124674, 0.5113131, 0.51224697, 0.5118574, 0.5113393, 0.5124284, 0.5124742, 0.5124348, 0.51258945, 0.512525, 0.51297396, 0.51256984, 0.5132267, 0.5128621, 0.51280195, 0.51365465, 0.51134074, 0.51181775, 0.5122022, 0.5141545, 0.5118783, 0.5126368, 0.51212627, 0.51345176, 0.5106417, 0.5126312]
[0.50182766, 0.5024409, 0.5014882, 0.50068873, 0.511202, 0.5147015, 0.5010828, 0.5014081, 0.50060767, 0.5002824, 0.5023239, 0.5009112, 0.5047817, 0.51396596, 0.5033629, 0.50151765, 0.508726, 0.50936764, 0.5017276, 0.5028616, 0.5019744, 0.49972227, 0.50630516, 0.5019372, 0.500946, 0.501738, 0.5017718, 0.5009477, 0.50224125, 0.5024255, 0.5017037, 0.50460535, 0.50250024, 0.5036759, 0.5015697, 0.500133, 0.5021801, 0.5043536, 0.5002722, 0.5010898, 0.5000974, 0.5014307, 0.502483, 0.5102746, 0.5013267, 0.5011616, 0.50050396, 0.5015163, 0.50117147, 0.50188035, 0.5007895, 0.51127523, 0.5026556, 0.505415, 0.5045751, 0.5016488, 0.5004972, 0.50114685, 0.5004871, 0.50201905, 0.5037172, 0.5001302, 0.5009178, 0.5037326, 0.50098306, 0.49993724, 0.5022221, 0.502676, 0.50071824, 0.50192076, 0.5030889, 0.5013345, 0.51558334, 0.51388055, 0.5141136, 0.51477665, 0.5185769, 0.5153139, 0.516749, 0.5155281, 0.51621115, 0.51635027, 0.5177396, 0.5173726, 0.5158286, 0.5174564, 0.51603556, 0.5192674, 0.51979476, 0.5181236, 0.5172503, 0.51656955, 0.51546556, 0.5196021, 0.51762986, 0.5162127, 0.51965576, 0.519011, 0.51851016, 0.51869714, 0.5188089, 0.5163658, 0.5181999, 0.5179597, 0.5173149, 0.51445395, 0.51425374, 0.51886815, 0.5167355, 0.5177665, 0.5171092, 0.5158442, 0.51629996, 0.5188126, 0.5161132, 0.51950437, 0.5148413, 0.5154734, 0.5156518, 0.51765776, 0.51596427, 0.518544, 0.51896346, 0.5198975, 0.51904887, 0.5167982, 0.5173949, 0.51744837, 0.5173902, 0.51629084, 0.5170354, 0.5195962, 0.51373285, 0.5195648, 0.5193071, 0.5184629, 0.51999414, 0.51991576, 0.5158993, 0.51726854, 0.5166019, 0.51628894, 0.51650226, 0.5181796, 0.51881474, 0.51822054, 0.5177552, 0.51907927, 0.51654345, 0.51846737, 0.51613414, 0.5166562, 0.5155379, 0.5157928, 0.517203, 0.5168886, 0.51928353, 0.5181494, 0.5156001, 0.5156122, 0.5175864, 0.5191898, 0.51858807, 0.5194886, 0.51824725, 0.51975864, 0.51753384, 0.51818025, 0.5163264, 0.51611906, 0.5151306, 0.5164397, 0.5149711, 0.5153093, 0.5174731, 0.51548415, 0.51925606, 0.5160084, 0.51473784, 0.517077, 0.5175069, 0.5153229, 0.51447487, 0.51819956, 0.51830065, 0.5159981, 0.5178141, 0.51681304, 0.51582074, 0.51843244, 0.51891536, 0.51873714, 0.51802886, 0.5189853, 0.5184461, 0.51800615, 0.5200838, 0.51829714, 0.51927173, 0.5208396, 0.51685673, 0.5178798, 0.518267, 0.52125084, 0.5173824, 0.5186736, 0.5179817, 0.52025855, 0.51471543, 0.5187939]
[0.49967876, 0.4997991, 0.49906316, 0.5025819, 0.5137616, 0.5167127, 0.5031068, 0.4996547, 0.50316143, 0.5007131, 0.49931607, 0.5006256, 0.50934196, 0.5165576, 0.5058487, 0.4990397, 0.51197016, 0.51239216, 0.49906424, 0.49978063, 0.49905017, 0.50415474, 0.5096753, 0.5032661, 0.5054839, 0.50408113, 0.5042275, 0.50467724, 0.4997037, 0.4995727, 0.50415856, 0.50945693, 0.5084841, 0.50888157, 0.50530124, 0.50125116, 0.49961168, 0.50109655, 0.5003595, 0.5049676, 0.50202906, 0.49921915, 0.506854, 0.5130294, 0.5025756, 0.49914816, 0.50520235, 0.49932227, 0.49950945, 0.49899125, 0.50052446, 0.5141901, 0.50535685, 0.50880295, 0.50788283, 0.49959305, 0.49914983, 0.49910575, 0.5005572, 0.49938345, 0.50066835, 0.501715, 0.5051255, 0.50713027, 0.4999287, 0.5020724, 0.505853, 0.50557613, 0.5023318, 0.4994447, 0.50040865, 0.4992445, 0.5182418, 0.5163202, 0.5169295, 0.5175108, 0.5200479, 0.51782405, 0.51818466, 0.5177287, 0.51770866, 0.51838213, 0.5193115, 0.51978505, 0.5186548, 0.5201444, 0.5179255, 0.52189827, 0.5213325, 0.5190516, 0.51928353, 0.51893294, 0.51807314, 0.52133477, 0.5198576, 0.5189064, 0.52166206, 0.52059644, 0.520532, 0.5204684, 0.52031547, 0.5187976, 0.52010643, 0.5198502, 0.51951075, 0.51724756, 0.51569456, 0.52064925, 0.5187314, 0.5191025, 0.5195141, 0.5182637, 0.5183924, 0.5208404, 0.51904446, 0.52075696, 0.5171338, 0.51785266, 0.5176097, 0.5200874, 0.5180538, 0.52072746, 0.52113914, 0.5216155, 0.5206245, 0.5189432, 0.51888454, 0.5191011, 0.51970625, 0.5186395, 0.5194545, 0.52144724, 0.51575613, 0.5212033, 0.52101094, 0.52006775, 0.5214465, 0.52144545, 0.5173801, 0.5185475, 0.51906663, 0.5184492, 0.5191542, 0.51993906, 0.52054745, 0.5200726, 0.51987046, 0.521467, 0.51849836, 0.5204822, 0.5177315, 0.5178142, 0.51682353, 0.51796764, 0.51945406, 0.51901525, 0.5210085, 0.5198035, 0.5183184, 0.51785845, 0.51908684, 0.5203236, 0.51982033, 0.52138317, 0.52018535, 0.5204631, 0.51980704, 0.5199779, 0.5172547, 0.51896405, 0.5172674, 0.51824844, 0.5167998, 0.5171011, 0.5192079, 0.51765597, 0.52073705, 0.51900923, 0.51637846, 0.51895225, 0.5188238, 0.5177248, 0.51643085, 0.520229, 0.52066696, 0.51813054, 0.5206763, 0.51986927, 0.5188964, 0.5201231, 0.5207723, 0.52050644, 0.52027893, 0.519977, 0.5219689, 0.5207989, 0.52146, 0.5208422, 0.52089584, 0.5224219, 0.5185733, 0.5197182, 0.52011985, 0.5230848, 0.51913315, 0.520014, 0.5192624, 0.5214897, 0.51731604, 0.5201894]
[0.5009337, 0.50133765, 0.49966288, 0.5016224, 0.5103097, 0.513072, 0.50186414, 0.50089175, 0.50277674, 0.5017395, 0.5002727, 0.5007939, 0.5067342, 0.5127617, 0.50453776, 0.5004349, 0.50862, 0.5090915, 0.50021577, 0.50163954, 0.50063235, 0.5018189, 0.506518, 0.50242215, 0.50406015, 0.5031048, 0.5031475, 0.5027698, 0.5006521, 0.50062346, 0.5028858, 0.5061062, 0.50552285, 0.50567114, 0.50317466, 0.501219, 0.50117683, 0.5039068, 0.5016954, 0.5041108, 0.5017073, 0.5002653, 0.5053926, 0.50940794, 0.5021256, 0.50057924, 0.5033158, 0.5012037, 0.49948102, 0.50036496, 0.5002765, 0.510523, 0.5035287, 0.5061192, 0.50617677, 0.5003604, 0.49992347, 0.49989823, 0.50126225, 0.50118357, 0.50314903, 0.5008532, 0.50342435, 0.504536, 0.50053644, 0.50322104, 0.5037835, 0.5035086, 0.50275993, 0.5009138, 0.50202936, 0.4995971, 0.5137514, 0.51228505, 0.51300114, 0.5131113, 0.5160473, 0.51378715, 0.5143917, 0.5137121, 0.5136937, 0.51421964, 0.51508117, 0.5154501, 0.51410675, 0.51551855, 0.51400787, 0.51705223, 0.51676315, 0.51496404, 0.5143896, 0.5142846, 0.51373196, 0.5169292, 0.51571673, 0.51474816, 0.51668835, 0.51571256, 0.5157939, 0.515822, 0.5157048, 0.5146252, 0.5154054, 0.5158114, 0.51496315, 0.51289046, 0.5120295, 0.51575154, 0.51430196, 0.51461434, 0.51492214, 0.5141433, 0.51451176, 0.5157051, 0.51423997, 0.51626456, 0.5133319, 0.51374334, 0.5139438, 0.5155969, 0.5136638, 0.51624036, 0.5164697, 0.5167668, 0.5161126, 0.5143349, 0.5145062, 0.5146443, 0.5151912, 0.5141409, 0.51501083, 0.51666254, 0.5118468, 0.51681435, 0.5161125, 0.51601624, 0.5167134, 0.51703805, 0.51316667, 0.5142241, 0.5142244, 0.51367605, 0.5150426, 0.5156924, 0.5162327, 0.51571727, 0.51533914, 0.5164955, 0.5135059, 0.51604414, 0.51361424, 0.5141937, 0.5132648, 0.51386684, 0.51473564, 0.51490325, 0.51668274, 0.51567614, 0.51378524, 0.5138456, 0.51512724, 0.5160877, 0.5156113, 0.5166699, 0.51570433, 0.51629764, 0.5152427, 0.51547986, 0.51359046, 0.51466984, 0.5135145, 0.5144416, 0.51270175, 0.51305676, 0.51469976, 0.51371443, 0.515956, 0.5143666, 0.5126818, 0.5147718, 0.51447016, 0.5134257, 0.5125694, 0.5159867, 0.5156302, 0.5140651, 0.5157418, 0.5153733, 0.5147254, 0.5156786, 0.51624763, 0.51591486, 0.51561236, 0.515254, 0.51687515, 0.5158465, 0.5166765, 0.5160006, 0.5160366, 0.5175649, 0.51440436, 0.51572526, 0.51569295, 0.51847667, 0.5151651, 0.51545805, 0.5149511, 0.51696056, 0.5133599, 0.51555693]
[0.50294733, 0.5032124, 0.50214934, 0.5017331, 0.5096698, 0.5121597, 0.50015175, 0.5032488, 0.5001631, 0.5005731, 0.5025312, 0.501708, 0.5036196, 0.5113054, 0.50222194, 0.5026643, 0.508293, 0.5084783, 0.5024274, 0.5037688, 0.50272846, 0.500432, 0.5049794, 0.5020824, 0.50054157, 0.500592, 0.50004834, 0.5005285, 0.50273895, 0.5019341, 0.50371164, 0.5046457, 0.5027271, 0.5039653, 0.50058484, 0.50063795, 0.50346094, 0.5055325, 0.50168145, 0.49999124, 0.5007735, 0.5023883, 0.50241005, 0.5089244, 0.5005275, 0.5024091, 0.5014106, 0.50166947, 0.50144726, 0.5027547, 0.5011327, 0.5096281, 0.5018273, 0.50472146, 0.50389135, 0.5027423, 0.5017539, 0.5018175, 0.49980292, 0.50272596, 0.50446564, 0.49994326, 0.50090176, 0.503421, 0.5005855, 0.50153685, 0.5020756, 0.50157857, 0.5001367, 0.5028332, 0.50448096, 0.5021979, 0.5126741, 0.5116478, 0.51176023, 0.51235515, 0.5143675, 0.513254, 0.5128095, 0.5130328, 0.5131877, 0.5132298, 0.5137644, 0.51369023, 0.5128016, 0.5141386, 0.5126523, 0.51509273, 0.5151087, 0.5142737, 0.5134204, 0.5131489, 0.51285464, 0.51562864, 0.51383287, 0.51305544, 0.51493067, 0.51479614, 0.5144756, 0.5145744, 0.5150739, 0.5133636, 0.51428413, 0.51442987, 0.5142148, 0.51266503, 0.51130843, 0.5148293, 0.5139286, 0.5140208, 0.5139153, 0.5133737, 0.51320165, 0.5149932, 0.5128457, 0.5154598, 0.5122627, 0.51273805, 0.5128579, 0.51417893, 0.51280016, 0.5148398, 0.51510376, 0.5159213, 0.5147341, 0.513519, 0.514055, 0.51387006, 0.5141745, 0.5132297, 0.51393294, 0.51549965, 0.5116068, 0.5151238, 0.5151767, 0.5142347, 0.5154242, 0.5156849, 0.51323754, 0.5136647, 0.5134549, 0.51337683, 0.51294714, 0.51409304, 0.51471925, 0.5145638, 0.5140778, 0.5147566, 0.5134299, 0.5146627, 0.5125561, 0.51303303, 0.51239413, 0.5127345, 0.5135097, 0.5138665, 0.5152656, 0.5142034, 0.5126944, 0.51264113, 0.5142846, 0.51494986, 0.5151216, 0.51502174, 0.5138531, 0.51499087, 0.5141016, 0.51409924, 0.5126797, 0.5136142, 0.5121699, 0.51299554, 0.51200455, 0.51194376, 0.5139804, 0.5130875, 0.51506996, 0.5129767, 0.51240176, 0.5136352, 0.5138405, 0.51254445, 0.5117388, 0.51472, 0.51450765, 0.51334983, 0.51421237, 0.51339906, 0.51282173, 0.51462245, 0.514614, 0.51453763, 0.51479524, 0.51481855, 0.51473457, 0.51488584, 0.51576346, 0.51483095, 0.5152125, 0.5162029, 0.5132392, 0.51401985, 0.5138959, 0.5165466, 0.5146896, 0.5152228, 0.51392686, 0.515737, 0.5123461, 0.5147919]
[0.50125635, 0.5016233, 0.50067866, 0.50169665, 0.50802004, 0.5092457, 0.502267, 0.5009128, 0.5025033, 0.50199753, 0.5006445, 0.501043, 0.50549984, 0.50914866, 0.503512, 0.5007154, 0.50659734, 0.5067959, 0.50080824, 0.501692, 0.50083685, 0.50266594, 0.50547224, 0.5021529, 0.5033863, 0.5029804, 0.5026422, 0.50287604, 0.5009592, 0.50079644, 0.5031545, 0.5053108, 0.50451696, 0.5042773, 0.5029638, 0.5021493, 0.5010635, 0.50359046, 0.50206053, 0.5032325, 0.50179434, 0.5004822, 0.50453085, 0.50732934, 0.5027269, 0.5006861, 0.50370646, 0.5016512, 0.500974, 0.5005415, 0.501372, 0.508161, 0.503565, 0.50500435, 0.50486934, 0.50052327, 0.50104207, 0.50113153, 0.5015966, 0.5012057, 0.5027651, 0.50188595, 0.50347024, 0.504176, 0.5012098, 0.5028513, 0.50332034, 0.50324404, 0.50315046, 0.50080884, 0.5017319, 0.50081766, 0.50992227, 0.5090713, 0.5094032, 0.50930643, 0.510984, 0.5100516, 0.5100921, 0.5098532, 0.5099843, 0.5103353, 0.51056504, 0.5105106, 0.51012987, 0.5107393, 0.50993884, 0.51166636, 0.51150143, 0.5103582, 0.510005, 0.5100362, 0.50982714, 0.5115368, 0.51083034, 0.51031816, 0.51124203, 0.51097, 0.51106745, 0.5109495, 0.51095474, 0.510036, 0.5105555, 0.51081693, 0.5106613, 0.5093157, 0.50875413, 0.5112307, 0.51027423, 0.510312, 0.51063937, 0.51005304, 0.5103546, 0.5108577, 0.5097931, 0.51138175, 0.509612, 0.50978035, 0.50988793, 0.5109398, 0.5097363, 0.51119316, 0.51143426, 0.5116268, 0.510889, 0.5102826, 0.51040256, 0.51035994, 0.5109236, 0.51020855, 0.51080436, 0.5112136, 0.5087534, 0.51129436, 0.51122, 0.5107026, 0.5112401, 0.51152676, 0.5100137, 0.51017463, 0.5101194, 0.50985646, 0.5102618, 0.5106563, 0.51125526, 0.51077384, 0.5102959, 0.51107454, 0.5099353, 0.5111493, 0.50955874, 0.51005834, 0.5096124, 0.51003766, 0.51047695, 0.51046944, 0.51138616, 0.51089257, 0.5098198, 0.5095823, 0.5106838, 0.51086545, 0.5109612, 0.51156706, 0.5105696, 0.5109358, 0.5103612, 0.5107013, 0.50942725, 0.5106106, 0.5095354, 0.5098956, 0.50919604, 0.5093897, 0.51044077, 0.5098352, 0.5110583, 0.5103579, 0.5090856, 0.51029056, 0.5102379, 0.5092595, 0.50915873, 0.5111071, 0.5109301, 0.510015, 0.5108157, 0.51069707, 0.51025635, 0.51088715, 0.5111123, 0.51110905, 0.51078683, 0.5104794, 0.5114702, 0.51116794, 0.5114861, 0.51129246, 0.5112318, 0.51199245, 0.51029575, 0.5104335, 0.5108597, 0.51245093, 0.5106285, 0.51068574, 0.5103869, 0.51163584, 0.50959545, 0.5108338]
[0.50089747, 0.5016296, 0.5013962, 0.50293833, 0.5098789, 0.5118166, 0.50371957, 0.50092834, 0.50457764, 0.50390184, 0.5006997, 0.5024697, 0.50676394, 0.51123315, 0.5046092, 0.5008952, 0.5087295, 0.5090854, 0.5013224, 0.50156, 0.50161743, 0.5034062, 0.5073121, 0.50529134, 0.50481266, 0.50486636, 0.5043778, 0.5036324, 0.5011928, 0.5010528, 0.50492895, 0.5064114, 0.50547355, 0.50580525, 0.5050033, 0.50345963, 0.50082195, 0.5039691, 0.5030777, 0.50469095, 0.503442, 0.5017182, 0.5061189, 0.50934255, 0.50440395, 0.50186753, 0.503555, 0.50171417, 0.501903, 0.5009863, 0.50217295, 0.5097588, 0.5046436, 0.5055028, 0.5063908, 0.50094444, 0.50167865, 0.50147754, 0.5039211, 0.5007514, 0.5027311, 0.5028561, 0.5045033, 0.5056495, 0.5024583, 0.50421005, 0.5052651, 0.50513107, 0.5044435, 0.5012054, 0.5022501, 0.50141376, 0.51195055, 0.5112198, 0.51134616, 0.5115898, 0.5135864, 0.51205885, 0.5125177, 0.5118268, 0.5126093, 0.5126452, 0.51295346, 0.5133684, 0.5124754, 0.5132346, 0.5122892, 0.51433825, 0.5144015, 0.5129107, 0.5127892, 0.51248413, 0.51207775, 0.5142706, 0.51351714, 0.5124977, 0.51432675, 0.5136571, 0.5135055, 0.5136405, 0.5134332, 0.512676, 0.5133585, 0.513379, 0.513201, 0.51172084, 0.511304, 0.5136693, 0.51311415, 0.51317215, 0.5128242, 0.5123497, 0.5127507, 0.5135749, 0.5125761, 0.51386774, 0.5118216, 0.51216185, 0.5123508, 0.5132959, 0.5125689, 0.5138436, 0.5141831, 0.5145245, 0.5138695, 0.51287365, 0.51283693, 0.51331294, 0.5130029, 0.51256204, 0.5130449, 0.5140842, 0.51173127, 0.5138702, 0.51423854, 0.5135973, 0.5139924, 0.5140889, 0.512206, 0.5129518, 0.5129617, 0.51250035, 0.51296586, 0.5133678, 0.5136725, 0.5137151, 0.51328355, 0.5138382, 0.5126411, 0.51381236, 0.51260996, 0.51268595, 0.51212096, 0.5124804, 0.5128328, 0.5132106, 0.5137982, 0.5133747, 0.5120645, 0.5122412, 0.513196, 0.5139535, 0.5135641, 0.51442003, 0.5136273, 0.51385427, 0.5129435, 0.51346153, 0.5122769, 0.5127232, 0.51173085, 0.5127479, 0.5115349, 0.5115527, 0.5129702, 0.5119981, 0.5137799, 0.5125858, 0.5118582, 0.5130005, 0.51289684, 0.51192105, 0.51153606, 0.513831, 0.513302, 0.51255625, 0.51329786, 0.51280594, 0.5123471, 0.51375014, 0.5140382, 0.5135909, 0.51367116, 0.5136488, 0.513891, 0.5134233, 0.51420116, 0.51351094, 0.51410466, 0.514831, 0.5126591, 0.51330817, 0.5136285, 0.5151139, 0.5133637, 0.5139079, 0.51310074, 0.51436704, 0.51178277, 0.514071]
[0.5022457, 0.50266284, 0.50116086, 0.50252175, 0.50946534, 0.51048654, 0.50232327, 0.5015967, 0.5033455, 0.50223255, 0.5021437, 0.5016603, 0.5064772, 0.5106796, 0.5033581, 0.50112087, 0.50838554, 0.508463, 0.5012578, 0.50261366, 0.50134367, 0.50265193, 0.50659406, 0.5034078, 0.5044057, 0.5039596, 0.50390255, 0.50301677, 0.50160646, 0.50260645, 0.50246006, 0.50526124, 0.5050233, 0.5055153, 0.5042442, 0.5021838, 0.50194705, 0.50488096, 0.50165325, 0.50360435, 0.5022479, 0.5014283, 0.5049888, 0.5083763, 0.50322527, 0.5010017, 0.5022863, 0.50132394, 0.5014064, 0.5018547, 0.5017063, 0.5092285, 0.5039682, 0.5045728, 0.50647, 0.5016585, 0.5011735, 0.5011226, 0.50178003, 0.50205845, 0.5040921, 0.5015551, 0.50305575, 0.5052899, 0.5013056, 0.5022185, 0.50428635, 0.5050424, 0.5030076, 0.5018793, 0.5034273, 0.5012443, 0.5112444, 0.5104577, 0.51054835, 0.5109893, 0.5125572, 0.511197, 0.5115616, 0.51130974, 0.511541, 0.5118005, 0.5119946, 0.5123486, 0.51180387, 0.51260597, 0.51118684, 0.5134448, 0.51333725, 0.51187277, 0.512064, 0.5116181, 0.51119214, 0.5133676, 0.51250464, 0.51179165, 0.5133702, 0.51281846, 0.5127099, 0.5129779, 0.5125593, 0.5117255, 0.51252306, 0.5124438, 0.5122669, 0.5109979, 0.51031595, 0.51274925, 0.5118873, 0.5121057, 0.5120578, 0.51153255, 0.51179755, 0.51288265, 0.5117403, 0.51280165, 0.5110522, 0.51126325, 0.51138586, 0.512492, 0.511656, 0.51295793, 0.5131762, 0.51370347, 0.51295817, 0.5120044, 0.512021, 0.5120826, 0.5120206, 0.51165116, 0.51215136, 0.5132158, 0.5105662, 0.5129699, 0.5130147, 0.5125113, 0.5130535, 0.5131125, 0.51124644, 0.5118289, 0.51196456, 0.5115907, 0.5120933, 0.51256454, 0.51279587, 0.51268494, 0.5125557, 0.51308763, 0.5114873, 0.51276493, 0.51120865, 0.5115946, 0.51108086, 0.5114771, 0.51205146, 0.51190084, 0.5131808, 0.51232076, 0.5111401, 0.51143795, 0.511996, 0.5129011, 0.51253533, 0.5133628, 0.51267844, 0.5127589, 0.51227677, 0.51251286, 0.5111015, 0.51209426, 0.5108874, 0.51161057, 0.5103434, 0.5104963, 0.51177603, 0.51107395, 0.5127949, 0.511856, 0.51074374, 0.5118866, 0.5117168, 0.5111923, 0.5104771, 0.5127361, 0.5128415, 0.51171845, 0.51285714, 0.51243716, 0.5118785, 0.5127823, 0.5128207, 0.51262885, 0.5126112, 0.5128772, 0.51345897, 0.5126907, 0.51320386, 0.51323104, 0.5130161, 0.5137387, 0.5116234, 0.51235986, 0.5127251, 0.5141105, 0.51199085, 0.5126988, 0.5122443, 0.5134967, 0.5110937, 0.51283574]
[0.50114065, 0.50195813, 0.49995875, 0.50098056, 0.50717974, 0.50858736, 0.50246555, 0.49991536, 0.5019057, 0.50101566, 0.5015711, 0.50033057, 0.5042831, 0.50856864, 0.5034226, 0.5002365, 0.5059133, 0.50603276, 0.5002274, 0.5013201, 0.5000708, 0.5020744, 0.5048919, 0.50315404, 0.5027454, 0.5025627, 0.50246936, 0.5020104, 0.5007197, 0.5009685, 0.5029239, 0.5044171, 0.5038014, 0.50412333, 0.50329006, 0.5019457, 0.5007705, 0.5039825, 0.50117147, 0.50288266, 0.501274, 0.5003531, 0.5038298, 0.50649875, 0.50244933, 0.500311, 0.50252086, 0.50042796, 0.5003544, 0.50059247, 0.5010023, 0.5070898, 0.503138, 0.50447774, 0.50432783, 0.50008386, 0.5006763, 0.50035185, 0.50140095, 0.5007857, 0.50310683, 0.5015137, 0.5022709, 0.50380665, 0.500315, 0.5018562, 0.50308734, 0.5034252, 0.5030978, 0.5005946, 0.50193375, 0.5002975, 0.5096145, 0.50876385, 0.50889564, 0.50870866, 0.5106858, 0.5093036, 0.5097922, 0.5091145, 0.50956017, 0.5096458, 0.5099451, 0.5100674, 0.5096821, 0.5101234, 0.50935745, 0.51120675, 0.51084644, 0.5100522, 0.5100083, 0.5096354, 0.5091972, 0.5111184, 0.5101072, 0.5095306, 0.51097584, 0.5107432, 0.5104916, 0.5104917, 0.51066464, 0.5093106, 0.51030487, 0.5103839, 0.5100829, 0.5090653, 0.50841933, 0.51059544, 0.5097405, 0.51015055, 0.5099978, 0.5093043, 0.50958765, 0.510685, 0.5091454, 0.51081693, 0.50894123, 0.50930506, 0.50922614, 0.5101696, 0.50939816, 0.51076436, 0.5107492, 0.51134896, 0.51080656, 0.5096609, 0.5099258, 0.5098759, 0.50994635, 0.50964093, 0.5102151, 0.5110301, 0.5082441, 0.51083726, 0.51082087, 0.5106386, 0.51110756, 0.5111746, 0.5096191, 0.510025, 0.509899, 0.50972396, 0.5096509, 0.5101465, 0.5106378, 0.51057005, 0.51042455, 0.5107784, 0.5095864, 0.5105993, 0.50927347, 0.5095318, 0.50911003, 0.5094425, 0.5099201, 0.5098426, 0.51071185, 0.51046705, 0.509117, 0.50935477, 0.5101554, 0.51090705, 0.51079446, 0.51110446, 0.5103198, 0.51072896, 0.51010114, 0.5104541, 0.5093828, 0.5097457, 0.5090135, 0.5096112, 0.50857216, 0.5086111, 0.51001304, 0.50902575, 0.5106711, 0.5094806, 0.5086728, 0.5099267, 0.5099015, 0.5090499, 0.50863147, 0.5105604, 0.5106024, 0.5095554, 0.5105425, 0.51020503, 0.5096046, 0.5105827, 0.5107797, 0.51059455, 0.5104632, 0.5105467, 0.5108336, 0.5105643, 0.511042, 0.51055914, 0.51085, 0.51165456, 0.5096739, 0.5100992, 0.51031137, 0.5117809, 0.5099343, 0.5106515, 0.51003397, 0.51138425, 0.508853, 0.510568]
[0.5003627, 0.50110537, 0.50063735, 0.50492954, 0.516355, 0.51978034, 0.50502187, 0.50006384, 0.5073082, 0.5050706, 0.5002741, 0.5027611, 0.5114312, 0.518957, 0.5089394, 0.50004953, 0.5141326, 0.51434225, 0.4998041, 0.49989322, 0.5016335, 0.50326985, 0.51158977, 0.5083609, 0.5079195, 0.5066124, 0.50775045, 0.5053887, 0.50003463, 0.49987713, 0.5076958, 0.50957483, 0.5091893, 0.51041937, 0.5084342, 0.5047752, 0.5000105, 0.50312865, 0.50440127, 0.50770676, 0.50474805, 0.50092185, 0.5090759, 0.51506895, 0.5062035, 0.50218636, 0.5038878, 0.5015162, 0.5014907, 0.49984264, 0.5022608, 0.5159023, 0.5063327, 0.50912833, 0.51053405, 0.500922, 0.502208, 0.50116783, 0.50488913, 0.5000478, 0.50181973, 0.5028058, 0.5072743, 0.50855464, 0.5022713, 0.50518477, 0.50926906, 0.50825, 0.5068799, 0.5003, 0.50129527, 0.50196606, 0.519961, 0.5189408, 0.51895815, 0.51951754, 0.52310467, 0.52024245, 0.5218882, 0.52015996, 0.5214218, 0.5214773, 0.522605, 0.52287745, 0.52154267, 0.5231954, 0.5204706, 0.52501404, 0.52506816, 0.521804, 0.52238715, 0.5212547, 0.52039856, 0.52520496, 0.5234046, 0.5212509, 0.52523947, 0.5236199, 0.52367485, 0.52354306, 0.5232031, 0.52136976, 0.5235757, 0.5229356, 0.52270854, 0.5198787, 0.51903117, 0.52367437, 0.52190727, 0.52314746, 0.52212137, 0.52042365, 0.5215322, 0.5237337, 0.5223078, 0.5242317, 0.5198271, 0.52081066, 0.5209549, 0.5228139, 0.521786, 0.5241231, 0.52416503, 0.52544, 0.52374333, 0.5223106, 0.52218026, 0.5225798, 0.5225984, 0.5215019, 0.5221318, 0.52455354, 0.5193469, 0.52419686, 0.5241685, 0.52358073, 0.5248708, 0.5249161, 0.52060735, 0.52248675, 0.52259177, 0.52098584, 0.5223928, 0.52301675, 0.5234569, 0.52403224, 0.523186, 0.52438146, 0.5219382, 0.52338713, 0.5208776, 0.5217051, 0.52024555, 0.5208038, 0.5223817, 0.5223525, 0.52422196, 0.5233682, 0.52053714, 0.520485, 0.52297395, 0.5241653, 0.52300775, 0.5248016, 0.52414715, 0.52355343, 0.52234596, 0.5233269, 0.5211293, 0.5222409, 0.5198726, 0.52139944, 0.51926297, 0.5193297, 0.5219556, 0.519841, 0.5239697, 0.5217027, 0.5192939, 0.5221773, 0.52235293, 0.5206346, 0.51960546, 0.5240477, 0.523346, 0.5219575, 0.5237061, 0.5223918, 0.5215738, 0.5238426, 0.52388674, 0.52340186, 0.5234888, 0.523855, 0.52411294, 0.52328736, 0.5247648, 0.5238556, 0.5237407, 0.5258468, 0.52184117, 0.5231186, 0.5233905, 0.52665406, 0.5226796, 0.5242388, 0.52287215, 0.5250488, 0.51944506, 0.5242027]
[0.50091165, 0.50088745, 0.4997087, 0.5005684, 0.5083559, 0.5099656, 0.501104, 0.50092435, 0.50089747, 0.50025165, 0.500342, 0.50034606, 0.50503725, 0.5098858, 0.5027004, 0.50031585, 0.5072707, 0.50691277, 0.5006226, 0.5017617, 0.50048715, 0.501269, 0.5043351, 0.5016199, 0.5021966, 0.5017401, 0.50180924, 0.50129956, 0.5012334, 0.50114316, 0.50247973, 0.5043425, 0.50299686, 0.50423026, 0.50218266, 0.50102335, 0.50145584, 0.5038526, 0.50008947, 0.5017604, 0.5008706, 0.5005577, 0.5038581, 0.50777596, 0.50152314, 0.50089425, 0.50171995, 0.4998875, 0.49984878, 0.5004059, 0.5002176, 0.50855315, 0.5023519, 0.50422776, 0.5042763, 0.5008859, 0.4998671, 0.49973086, 0.500415, 0.50098014, 0.5028135, 0.50039256, 0.5015834, 0.5028441, 0.4996931, 0.5011257, 0.5016558, 0.5025487, 0.5014355, 0.5006649, 0.5025015, 0.50033987, 0.51109546, 0.5100562, 0.51013905, 0.51055706, 0.51266026, 0.51081073, 0.5113439, 0.5109461, 0.5110804, 0.51149285, 0.51179546, 0.51188016, 0.51115304, 0.51253647, 0.5107774, 0.5135777, 0.51321626, 0.5121021, 0.5116917, 0.5111209, 0.51080453, 0.5133747, 0.5121846, 0.5111703, 0.5130007, 0.51251316, 0.5126644, 0.51273525, 0.5129362, 0.5114492, 0.51210517, 0.5122285, 0.5121951, 0.5106302, 0.5095503, 0.5129333, 0.51164377, 0.51185113, 0.5120695, 0.51117796, 0.51135546, 0.5129381, 0.5112371, 0.51300347, 0.5106733, 0.51096064, 0.510905, 0.51283747, 0.51091516, 0.512568, 0.5130972, 0.51345676, 0.5127648, 0.5117814, 0.51198256, 0.5120447, 0.5122874, 0.5114141, 0.5118203, 0.51300746, 0.50951785, 0.51304495, 0.51300454, 0.51220715, 0.5129501, 0.51358783, 0.5109183, 0.5115107, 0.5114066, 0.51123893, 0.5113899, 0.51236624, 0.51305544, 0.512366, 0.5117709, 0.51300246, 0.51144254, 0.5126033, 0.5103775, 0.511103, 0.51051724, 0.51118165, 0.5119489, 0.51167345, 0.51319945, 0.51239014, 0.5108786, 0.51086617, 0.5120653, 0.5128375, 0.5127197, 0.5132647, 0.5121675, 0.5125732, 0.51186556, 0.51208556, 0.5104155, 0.5119012, 0.51014286, 0.5105593, 0.51014143, 0.5102481, 0.51180714, 0.51090086, 0.51303315, 0.5118624, 0.5101779, 0.51131684, 0.5116234, 0.5103998, 0.5098986, 0.5124905, 0.5125152, 0.51119596, 0.5125267, 0.51207834, 0.5114633, 0.5124174, 0.51253074, 0.512502, 0.51243794, 0.512706, 0.513235, 0.5129085, 0.51360214, 0.5129789, 0.5128065, 0.5137215, 0.51137924, 0.512211, 0.5123648, 0.514572, 0.5124838, 0.51269203, 0.5121338, 0.5135626, 0.5104949, 0.5123464]
[0.5037912, 0.50436604, 0.5015836, 0.50223076, 0.5071362, 0.5083527, 0.5023627, 0.50201607, 0.5022941, 0.5015384, 0.50252163, 0.5015074, 0.5048836, 0.5081159, 0.5036071, 0.5025379, 0.506171, 0.5062464, 0.5017086, 0.5029239, 0.5012765, 0.5018811, 0.5050834, 0.5028784, 0.5028105, 0.50278264, 0.5029181, 0.5020773, 0.5027074, 0.5025053, 0.50283825, 0.50447875, 0.50411916, 0.5043199, 0.5032449, 0.5021681, 0.5035208, 0.50712466, 0.5023621, 0.50346494, 0.5017627, 0.50141484, 0.50458974, 0.5066238, 0.501954, 0.5018782, 0.5026066, 0.5015007, 0.5011436, 0.5021737, 0.5016925, 0.507067, 0.5031399, 0.50431305, 0.504506, 0.5026594, 0.5013143, 0.5019774, 0.50155634, 0.5035504, 0.50553447, 0.502026, 0.5033666, 0.50370944, 0.5013003, 0.50270617, 0.50376713, 0.5035353, 0.5030246, 0.5030035, 0.5040452, 0.5011802, 0.50883245, 0.50837696, 0.5083053, 0.5083586, 0.5098788, 0.5086937, 0.50891113, 0.5085806, 0.5089968, 0.5089608, 0.50933385, 0.5095875, 0.5090353, 0.50958884, 0.50869596, 0.51049846, 0.5102461, 0.5092895, 0.5090822, 0.508978, 0.5087533, 0.5103717, 0.50971425, 0.5089879, 0.51023513, 0.50991374, 0.5097989, 0.50990576, 0.50971156, 0.5090547, 0.50968575, 0.5095959, 0.50956416, 0.5083356, 0.5076245, 0.5098462, 0.50923616, 0.5092637, 0.5093805, 0.5089708, 0.50904405, 0.5099269, 0.50899124, 0.5102426, 0.5085868, 0.508805, 0.50880605, 0.5096905, 0.5089553, 0.51004696, 0.51020664, 0.5103952, 0.50988024, 0.5091849, 0.5092842, 0.5094042, 0.5095897, 0.50917107, 0.5095263, 0.5102715, 0.5079965, 0.5099667, 0.51023275, 0.5096897, 0.5101373, 0.5104205, 0.50885457, 0.50917214, 0.5093657, 0.5088664, 0.5089252, 0.5096689, 0.50996935, 0.50987995, 0.5096362, 0.5100386, 0.5088395, 0.50982857, 0.5086135, 0.5088394, 0.5082089, 0.5088704, 0.50935423, 0.50943524, 0.50995064, 0.5096985, 0.50876796, 0.5084485, 0.5096311, 0.5098796, 0.5097907, 0.51042986, 0.50957525, 0.50975716, 0.5095043, 0.5094927, 0.5085199, 0.5094606, 0.50837773, 0.5087353, 0.5081487, 0.50821155, 0.5092295, 0.50864595, 0.5099356, 0.50914794, 0.5082538, 0.50922173, 0.5092953, 0.5085504, 0.5083011, 0.51010984, 0.50976753, 0.5091662, 0.50982374, 0.5095696, 0.5091885, 0.50985485, 0.5100877, 0.50983125, 0.5097211, 0.50972736, 0.5103552, 0.50989515, 0.5103017, 0.5101309, 0.509982, 0.5107873, 0.50882596, 0.509545, 0.5096487, 0.51113474, 0.50948143, 0.5098614, 0.50938445, 0.5106405, 0.50846714, 0.5097825]
[0.500467, 0.50069076, 0.5003295, 0.5019241, 0.5093339, 0.5116933, 0.50196534, 0.5000641, 0.5032832, 0.5023995, 0.49979457, 0.50122815, 0.50583416, 0.51135564, 0.5033411, 0.50019646, 0.50846094, 0.5086393, 0.50007993, 0.500721, 0.49981308, 0.5031265, 0.5066188, 0.5031246, 0.50355744, 0.5035667, 0.5039295, 0.50340825, 0.49988678, 0.5002337, 0.50202155, 0.5053862, 0.5049078, 0.50532866, 0.5039856, 0.5021493, 0.50022805, 0.50243396, 0.5016097, 0.50338125, 0.50223166, 0.5002053, 0.5046778, 0.5086377, 0.50266004, 0.50029993, 0.5022406, 0.50058794, 0.50094026, 0.49991685, 0.5013267, 0.50935376, 0.504123, 0.5046317, 0.5052983, 0.49987927, 0.5006538, 0.50053877, 0.5016074, 0.50037277, 0.5021877, 0.5014881, 0.50303274, 0.5049046, 0.50060266, 0.502788, 0.5041663, 0.50447434, 0.5033221, 0.4999786, 0.5014408, 0.5001717, 0.5123012, 0.5112528, 0.5113103, 0.51159894, 0.5138338, 0.51196384, 0.5126191, 0.5123372, 0.51244956, 0.5126785, 0.5136195, 0.5133344, 0.51285946, 0.51366806, 0.51202184, 0.5149718, 0.514697, 0.51284724, 0.51316714, 0.5126274, 0.5122354, 0.51467055, 0.51356345, 0.5132183, 0.5148236, 0.5139935, 0.5139943, 0.51404023, 0.51380277, 0.5128746, 0.51399225, 0.5135484, 0.5134998, 0.51161206, 0.51082623, 0.5138831, 0.5130205, 0.51301926, 0.51309246, 0.5125629, 0.5128418, 0.513758, 0.5127209, 0.5141988, 0.5118172, 0.512177, 0.51223356, 0.51374453, 0.51265115, 0.51437664, 0.51454103, 0.51516724, 0.51447356, 0.5128533, 0.512977, 0.5130952, 0.51308054, 0.5125661, 0.5131862, 0.51471955, 0.51141745, 0.514452, 0.5143786, 0.5139077, 0.51443356, 0.51456726, 0.5122218, 0.5130261, 0.5128919, 0.5124771, 0.5132291, 0.5137537, 0.51411843, 0.51396674, 0.5137684, 0.5142945, 0.512644, 0.5139908, 0.51257247, 0.5126098, 0.5119158, 0.51230025, 0.51339257, 0.5130939, 0.514515, 0.5135355, 0.51221585, 0.5123022, 0.51327485, 0.5140753, 0.5136545, 0.514859, 0.5139399, 0.5139573, 0.5132331, 0.51357526, 0.51226604, 0.51303905, 0.51159555, 0.51264966, 0.5109912, 0.51113254, 0.51320446, 0.51208913, 0.5140003, 0.5129023, 0.5113488, 0.5129923, 0.5130946, 0.5121195, 0.51121175, 0.51390743, 0.51403016, 0.5126107, 0.51389, 0.5134127, 0.5127647, 0.5138117, 0.51404387, 0.51410156, 0.51386225, 0.5139997, 0.5145282, 0.51369405, 0.51487267, 0.51431626, 0.51440847, 0.5153453, 0.51276606, 0.51359326, 0.5138604, 0.5158303, 0.5128803, 0.5137963, 0.51344764, 0.514875, 0.511573, 0.5141799]
[0.50199986, 0.50264674, 0.5006907, 0.50197685, 0.51063895, 0.51255584, 0.5042549, 0.5011488, 0.5036934, 0.50333637, 0.5022722, 0.50111485, 0.50706226, 0.5122787, 0.50498235, 0.50126576, 0.5092428, 0.5097049, 0.5005088, 0.5021106, 0.5007996, 0.503564, 0.5076569, 0.5042278, 0.50527495, 0.5053783, 0.504917, 0.5039023, 0.50131387, 0.5019849, 0.50437635, 0.5069285, 0.5057367, 0.50656486, 0.50468594, 0.5025918, 0.5015077, 0.50509244, 0.5029046, 0.5050804, 0.5034044, 0.50051737, 0.50689536, 0.5100295, 0.50512445, 0.5009071, 0.5026669, 0.5007608, 0.5011518, 0.5007233, 0.5024651, 0.5107913, 0.5056827, 0.5069241, 0.5068863, 0.5013737, 0.50071174, 0.5007212, 0.50294125, 0.50182503, 0.50386745, 0.5030925, 0.5050356, 0.5063438, 0.50126356, 0.5027414, 0.50534207, 0.5060799, 0.5049083, 0.501138, 0.50268537, 0.5009289, 0.5134177, 0.51241267, 0.51239157, 0.5126535, 0.5150952, 0.51313645, 0.51372236, 0.5130972, 0.5137361, 0.5138129, 0.51394045, 0.51444113, 0.51375246, 0.5144798, 0.51332337, 0.5160648, 0.5160187, 0.51444393, 0.51398385, 0.5138013, 0.51345515, 0.5159936, 0.514832, 0.5138424, 0.51581705, 0.51520735, 0.51511896, 0.51495486, 0.5151024, 0.5137116, 0.5148459, 0.5147659, 0.5146229, 0.51295084, 0.51197165, 0.5150735, 0.5141186, 0.5143205, 0.51470953, 0.5137173, 0.51373905, 0.51517135, 0.5133927, 0.51557326, 0.5128113, 0.51317817, 0.51349604, 0.5147397, 0.513319, 0.5152671, 0.5155314, 0.51613325, 0.51543456, 0.5140966, 0.51429397, 0.51460224, 0.51442397, 0.5138391, 0.51443046, 0.5157679, 0.5125098, 0.5153473, 0.515546, 0.5148705, 0.5156659, 0.5159511, 0.51353693, 0.51416516, 0.5139636, 0.5134005, 0.51356494, 0.5146469, 0.5152192, 0.5148499, 0.51486915, 0.51571095, 0.51358795, 0.51508623, 0.5133511, 0.513654, 0.5126968, 0.5134859, 0.5141739, 0.5140713, 0.5155654, 0.5147685, 0.51317674, 0.5128525, 0.51453453, 0.5152538, 0.5150528, 0.5161566, 0.5146158, 0.51501447, 0.5142491, 0.51467836, 0.5132743, 0.5142035, 0.512651, 0.5135818, 0.5122365, 0.5123791, 0.51436406, 0.5131772, 0.5154127, 0.5136568, 0.5127558, 0.5138941, 0.514255, 0.513083, 0.51228094, 0.5150777, 0.51495683, 0.5137048, 0.51507354, 0.5145403, 0.5138108, 0.5148874, 0.51546174, 0.5151192, 0.5151147, 0.5148015, 0.51569074, 0.5151293, 0.5157864, 0.5151589, 0.5155682, 0.5167032, 0.5137831, 0.51478606, 0.51506263, 0.5169159, 0.5144101, 0.5149707, 0.5143856, 0.5163287, 0.5126462, 0.5154038]
[0.4995027, 0.50003976, 0.49962702, 0.50048715, 0.50821984, 0.5100071, 0.5032671, 0.50000703, 0.5019295, 0.50146884, 0.4998968, 0.49974027, 0.5036311, 0.50932896, 0.50264555, 0.49992925, 0.5068151, 0.5066266, 0.5001165, 0.5003509, 0.49956942, 0.5015886, 0.50498986, 0.5029903, 0.5023272, 0.5025499, 0.5020357, 0.50209254, 0.50015926, 0.49945498, 0.5030526, 0.5034519, 0.50274205, 0.5033495, 0.5025344, 0.50189286, 0.49967316, 0.50175685, 0.5011736, 0.5023121, 0.50103164, 0.4999653, 0.5043243, 0.5078942, 0.5023925, 0.5001394, 0.5012197, 0.5005706, 0.49996585, 0.49940228, 0.50089186, 0.5076999, 0.50295, 0.50427943, 0.50434023, 0.500297, 0.5005299, 0.50007856, 0.50233006, 0.49960476, 0.50058645, 0.50168616, 0.50195974, 0.50389624, 0.50030166, 0.50247777, 0.50311416, 0.50309944, 0.5032657, 0.49950048, 0.49997127, 0.50073314, 0.51073545, 0.509942, 0.50964826, 0.51015866, 0.5120139, 0.5112043, 0.5107837, 0.51052034, 0.5110127, 0.5110333, 0.5112282, 0.5113399, 0.5108064, 0.5112906, 0.5104846, 0.512824, 0.5127366, 0.5115493, 0.510711, 0.51084733, 0.5101893, 0.5123268, 0.5114708, 0.5109285, 0.5123876, 0.512241, 0.5123548, 0.5118326, 0.5119546, 0.51079905, 0.5120418, 0.5119365, 0.5116144, 0.5105595, 0.50953054, 0.5121714, 0.5114165, 0.5116605, 0.5116954, 0.5109186, 0.5108926, 0.5121069, 0.5099994, 0.51243514, 0.51018554, 0.51104, 0.5106997, 0.51156676, 0.510236, 0.51247275, 0.51236075, 0.5131462, 0.5120577, 0.51091874, 0.5112393, 0.5113409, 0.5109442, 0.51070416, 0.5115567, 0.5122236, 0.51004887, 0.5124004, 0.51195097, 0.51220894, 0.5129207, 0.51286423, 0.51123804, 0.51132315, 0.5106979, 0.5105305, 0.5109043, 0.51158303, 0.51189154, 0.5120708, 0.51153207, 0.5116506, 0.51087964, 0.51189786, 0.5104927, 0.5109611, 0.5099371, 0.510524, 0.5110169, 0.5110384, 0.51239955, 0.5119305, 0.5101531, 0.5106978, 0.51160014, 0.5123778, 0.5119945, 0.5129, 0.5115588, 0.5117211, 0.5107799, 0.51153743, 0.51065814, 0.51085186, 0.509892, 0.5108252, 0.50942063, 0.5095025, 0.51170117, 0.5106309, 0.5116585, 0.51015866, 0.51015335, 0.51117116, 0.51146954, 0.51025593, 0.51008147, 0.51213545, 0.51187533, 0.5105313, 0.5113273, 0.510767, 0.51037985, 0.5120115, 0.5120196, 0.5121654, 0.51211953, 0.5116682, 0.5118056, 0.5117033, 0.5126271, 0.51119006, 0.5124564, 0.51307, 0.5107359, 0.5114612, 0.51177776, 0.5138059, 0.5115185, 0.51197404, 0.51157403, 0.51298404, 0.50987303, 0.512478]
[0.4996421, 0.4999006, 0.5005171, 0.5020191, 0.5126499, 0.51471096, 0.50611067, 0.49976695, 0.5052592, 0.5038351, 0.49995017, 0.5028564, 0.5092768, 0.5139334, 0.50704604, 0.50091946, 0.51135033, 0.51162267, 0.5012779, 0.49982595, 0.50155306, 0.50511014, 0.5084543, 0.5048434, 0.50667405, 0.50558364, 0.50461704, 0.5058433, 0.49983984, 0.5010983, 0.5084033, 0.5084784, 0.507987, 0.50813305, 0.5067047, 0.50366074, 0.49963257, 0.5011235, 0.5030402, 0.50605613, 0.50348014, 0.5009273, 0.5077789, 0.5119633, 0.50572544, 0.5008082, 0.5073943, 0.5023342, 0.50091565, 0.49988475, 0.50265074, 0.5125961, 0.5065201, 0.50820804, 0.50892836, 0.5000861, 0.5019308, 0.5011822, 0.5047996, 0.49964613, 0.5006649, 0.5032043, 0.5055075, 0.50802016, 0.5017865, 0.5068523, 0.507491, 0.5067079, 0.5060105, 0.5004449, 0.5000854, 0.5008117, 0.51543486, 0.51425475, 0.5145348, 0.514826, 0.51713705, 0.5158352, 0.5157077, 0.51554805, 0.5157795, 0.5161558, 0.51634604, 0.51648605, 0.5160851, 0.5168284, 0.5152198, 0.5180052, 0.5179128, 0.5165838, 0.516007, 0.51592535, 0.5155765, 0.51796895, 0.51686174, 0.51622313, 0.5175079, 0.5171831, 0.5174029, 0.5173147, 0.51696414, 0.5160362, 0.51670176, 0.5172587, 0.5167806, 0.51548874, 0.51448655, 0.51722515, 0.516704, 0.51651967, 0.5166828, 0.51588565, 0.516044, 0.51740193, 0.51557904, 0.51736313, 0.51478386, 0.515501, 0.51579195, 0.51705205, 0.51532614, 0.5171866, 0.51759905, 0.51857543, 0.51711655, 0.5162027, 0.5166753, 0.5167938, 0.51646966, 0.51621395, 0.5165935, 0.5178344, 0.5148606, 0.51755136, 0.5176479, 0.51679164, 0.51756614, 0.5179842, 0.5155502, 0.5163758, 0.51579356, 0.51598257, 0.51625365, 0.51677394, 0.51713943, 0.5169564, 0.51649356, 0.51736104, 0.5159782, 0.51736665, 0.51509196, 0.5157586, 0.5149605, 0.51571625, 0.5162741, 0.5163419, 0.51780087, 0.5167432, 0.5153012, 0.5156659, 0.5166636, 0.517598, 0.51735157, 0.5179028, 0.51655334, 0.51731044, 0.51640356, 0.516812, 0.5152268, 0.51606596, 0.5150058, 0.51562804, 0.5144158, 0.5147527, 0.51636827, 0.51527596, 0.5172617, 0.51611876, 0.51510733, 0.516209, 0.5163734, 0.5151048, 0.5147692, 0.517655, 0.5169744, 0.5158595, 0.5167333, 0.5160984, 0.5155013, 0.51705325, 0.5171237, 0.51725334, 0.51731426, 0.5170848, 0.5174604, 0.51738, 0.51806784, 0.5172098, 0.5177144, 0.5184503, 0.5158928, 0.516693, 0.5167761, 0.51910335, 0.51695436, 0.5174219, 0.5168376, 0.51815134, 0.51529324, 0.51727694]
[0.5018844, 0.50235444, 0.50038874, 0.50059426, 0.50975066, 0.51194376, 0.50220937, 0.50138754, 0.5025995, 0.501916, 0.5012477, 0.5000786, 0.5068702, 0.5116543, 0.50459427, 0.50081384, 0.5089654, 0.5094254, 0.5013513, 0.50204384, 0.5012729, 0.50249535, 0.5072257, 0.5036468, 0.504627, 0.50339586, 0.5036954, 0.502499, 0.5016219, 0.501844, 0.5031027, 0.506483, 0.5059025, 0.50684464, 0.50410056, 0.5007572, 0.5019964, 0.5049571, 0.50067574, 0.50397366, 0.501842, 0.50137305, 0.5059989, 0.50948584, 0.5029748, 0.50094044, 0.5022823, 0.49981433, 0.50005776, 0.50135714, 0.50063723, 0.51009995, 0.50484526, 0.50589657, 0.5054241, 0.5015524, 0.5001533, 0.5004086, 0.50093466, 0.5017939, 0.50357544, 0.500873, 0.50324017, 0.5056817, 0.50010484, 0.5015134, 0.50481737, 0.50528735, 0.50310534, 0.5016889, 0.50304073, 0.50076216, 0.51296574, 0.5113608, 0.5116218, 0.5115971, 0.51440406, 0.5123779, 0.5131552, 0.5123854, 0.5130133, 0.5132133, 0.5137181, 0.51363295, 0.51339185, 0.51391, 0.51276034, 0.515564, 0.5154599, 0.51335377, 0.51349354, 0.5131512, 0.5129241, 0.5152168, 0.513879, 0.51327443, 0.51503587, 0.5144716, 0.51453614, 0.5146198, 0.51442385, 0.51300985, 0.5142766, 0.513889, 0.5140776, 0.5124291, 0.5117331, 0.51423436, 0.51354265, 0.51371706, 0.5138289, 0.51319057, 0.5131437, 0.5147341, 0.5128362, 0.5149889, 0.5123017, 0.5125401, 0.5126827, 0.5141277, 0.51292026, 0.5145844, 0.51488125, 0.51567113, 0.5149411, 0.5132598, 0.5137308, 0.51384205, 0.51347834, 0.51320934, 0.51393837, 0.51521343, 0.51208407, 0.5147856, 0.5148797, 0.51460606, 0.5151253, 0.5152631, 0.5127497, 0.5134247, 0.5135722, 0.51300913, 0.51327187, 0.51397145, 0.51427424, 0.51411176, 0.5140312, 0.514784, 0.51302844, 0.5145261, 0.5128423, 0.51313466, 0.5123132, 0.5127207, 0.5135763, 0.5134102, 0.5147532, 0.5138809, 0.5126833, 0.5126482, 0.51387393, 0.5146545, 0.5145092, 0.51525307, 0.5140491, 0.5144594, 0.51370037, 0.5141929, 0.51285225, 0.51332015, 0.5122665, 0.5131318, 0.51168966, 0.51175123, 0.5135774, 0.51249135, 0.5147692, 0.5130751, 0.51208514, 0.51347, 0.51366913, 0.5125379, 0.511746, 0.5144701, 0.51443124, 0.513113, 0.5144244, 0.51384825, 0.51317316, 0.51447093, 0.5148136, 0.5142632, 0.5143111, 0.5144272, 0.51469207, 0.51396304, 0.5152136, 0.5143895, 0.51518315, 0.516077, 0.5130597, 0.5138602, 0.51434684, 0.5160997, 0.51344, 0.5139328, 0.51385593, 0.5154436, 0.51211625, 0.5147505]
[0.50288045, 0.5034549, 0.5027634, 0.5015257, 0.5084639, 0.5101882, 0.50068706, 0.5029337, 0.5010236, 0.50043064, 0.5024312, 0.5007982, 0.5030467, 0.50995946, 0.5012085, 0.5024996, 0.50649244, 0.5068306, 0.5022581, 0.50303423, 0.50163466, 0.5009099, 0.5034943, 0.5018239, 0.50114983, 0.5007275, 0.5003143, 0.50058216, 0.5023807, 0.5017661, 0.50438476, 0.50301427, 0.5022427, 0.5032128, 0.50121975, 0.5005753, 0.5027472, 0.5058695, 0.5016775, 0.50075054, 0.5006958, 0.5022264, 0.5018564, 0.5072658, 0.50152177, 0.501884, 0.5015315, 0.5014905, 0.5017301, 0.50273466, 0.50150466, 0.50821024, 0.50156045, 0.5023885, 0.5029738, 0.5023981, 0.50159127, 0.5019856, 0.5005135, 0.5023147, 0.5041473, 0.50090265, 0.50095856, 0.5018734, 0.50076914, 0.5010647, 0.5021367, 0.5013764, 0.5005533, 0.5027609, 0.5047959, 0.5025439, 0.5113011, 0.5103714, 0.51033604, 0.5108339, 0.5130506, 0.51184773, 0.51098967, 0.511677, 0.51208085, 0.5119584, 0.5120294, 0.51222193, 0.51154286, 0.51258934, 0.5112166, 0.51371706, 0.5135897, 0.51249695, 0.5118213, 0.5119313, 0.51134664, 0.5142157, 0.5127008, 0.5116165, 0.5135039, 0.5135811, 0.513262, 0.5133378, 0.5131291, 0.51187605, 0.51299685, 0.5130872, 0.5127436, 0.51137245, 0.50989336, 0.51351935, 0.51257074, 0.5126306, 0.51227874, 0.51177645, 0.512071, 0.5136652, 0.5115543, 0.5137294, 0.51071805, 0.5113075, 0.51166457, 0.5125462, 0.5114292, 0.5135401, 0.513713, 0.5147806, 0.51317364, 0.5123543, 0.5125007, 0.5126832, 0.5123792, 0.5119191, 0.51262397, 0.5141501, 0.5106304, 0.51366127, 0.5135006, 0.5126573, 0.51373476, 0.5138345, 0.51156425, 0.5122875, 0.51203436, 0.5121181, 0.5114554, 0.51277107, 0.5131409, 0.5129443, 0.5126767, 0.5135087, 0.51187927, 0.5133034, 0.5112177, 0.5118034, 0.5111362, 0.5114657, 0.51221645, 0.5125464, 0.5137904, 0.5129186, 0.51124454, 0.511371, 0.5124794, 0.5133925, 0.51320857, 0.51389, 0.5128092, 0.5130288, 0.5124059, 0.5127559, 0.5110073, 0.51213515, 0.51071745, 0.5117344, 0.51031303, 0.5104127, 0.5124551, 0.51156896, 0.51325125, 0.51205105, 0.5110398, 0.51223844, 0.5122156, 0.5109571, 0.51057917, 0.5137636, 0.51304895, 0.51186633, 0.51283145, 0.5118858, 0.51127416, 0.5134242, 0.5134074, 0.5133287, 0.5135583, 0.5134714, 0.51360977, 0.5134899, 0.5137463, 0.51334995, 0.51354975, 0.51439166, 0.51176685, 0.5126644, 0.51290536, 0.51481986, 0.5134357, 0.5141035, 0.51221716, 0.5144248, 0.51120085, 0.513226]
[0.50249785, 0.5030073, 0.501969, 0.50112456, 0.50924456, 0.51150876, 0.5017683, 0.50238955, 0.5010424, 0.5003917, 0.5019372, 0.5010846, 0.50394976, 0.51134485, 0.5021692, 0.50192416, 0.5070358, 0.5074713, 0.5015479, 0.5021425, 0.5010223, 0.50143784, 0.5049265, 0.50140715, 0.5015543, 0.50135976, 0.50104785, 0.5009305, 0.5017204, 0.501162, 0.5024867, 0.5046576, 0.5024815, 0.50337785, 0.5017625, 0.50067353, 0.50257075, 0.5049438, 0.500314, 0.50168294, 0.5004302, 0.5018028, 0.5033263, 0.50814795, 0.50178164, 0.50148165, 0.50239027, 0.50056267, 0.5010885, 0.50228953, 0.50013494, 0.50913274, 0.50250864, 0.5040529, 0.50350344, 0.5020258, 0.5008174, 0.501313, 0.5006153, 0.50248927, 0.50393564, 0.5003826, 0.50132126, 0.502878, 0.50134826, 0.5014436, 0.5029423, 0.5023973, 0.50237125, 0.50190234, 0.5029737, 0.5010712, 0.51287633, 0.5114833, 0.5118461, 0.5117754, 0.51478434, 0.51317585, 0.51348287, 0.512565, 0.5131339, 0.51347566, 0.5137559, 0.5134871, 0.5129233, 0.51393044, 0.5122036, 0.51565444, 0.51523435, 0.513702, 0.51346, 0.5130081, 0.5125226, 0.5157086, 0.51413876, 0.51263255, 0.5150365, 0.5149832, 0.51499176, 0.51448864, 0.5145648, 0.5130288, 0.5141922, 0.51464224, 0.51404697, 0.51223826, 0.5110487, 0.5148443, 0.51370543, 0.5138821, 0.51396793, 0.5132241, 0.5132912, 0.51455754, 0.5121283, 0.51519215, 0.5119493, 0.51273376, 0.51259696, 0.51408327, 0.5124989, 0.51509136, 0.51520467, 0.51623636, 0.51456773, 0.5132108, 0.51375115, 0.51359445, 0.5136213, 0.5131284, 0.51429766, 0.51564914, 0.5111757, 0.5152846, 0.5151969, 0.51452124, 0.5153907, 0.51598746, 0.51328224, 0.5137159, 0.5129813, 0.51279575, 0.5131, 0.51407844, 0.5148876, 0.51473874, 0.5142339, 0.5147864, 0.5129353, 0.5150181, 0.512305, 0.5129003, 0.5119078, 0.51286155, 0.5136433, 0.5138708, 0.51538724, 0.51439744, 0.5123441, 0.5123893, 0.51411355, 0.5152332, 0.5150944, 0.51585686, 0.5137069, 0.5145378, 0.51359034, 0.51443213, 0.51255965, 0.51370317, 0.5118903, 0.5130274, 0.5113083, 0.511542, 0.51389706, 0.5124048, 0.5147172, 0.51270384, 0.5117227, 0.5137909, 0.5140054, 0.512092, 0.5115849, 0.5151678, 0.5148271, 0.5130091, 0.5143441, 0.5138485, 0.5129687, 0.5147452, 0.5147896, 0.5149243, 0.51514214, 0.5146129, 0.51525015, 0.5147946, 0.515774, 0.514419, 0.51537144, 0.51676255, 0.5129865, 0.5133924, 0.5143644, 0.51726526, 0.51378244, 0.5150508, 0.5138935, 0.51631534, 0.5118754, 0.514969]
[0.5019412, 0.5022059, 0.5015733, 0.50037813, 0.51079357, 0.513002, 0.5013498, 0.5017072, 0.49993026, 0.500586, 0.50204647, 0.50097287, 0.50486773, 0.5123419, 0.50240105, 0.5015482, 0.50840455, 0.50857276, 0.50109905, 0.5018162, 0.50109494, 0.5002466, 0.50411385, 0.5000366, 0.5017605, 0.50051755, 0.4999823, 0.50058025, 0.5011272, 0.50115436, 0.5024147, 0.50403696, 0.50219226, 0.50252825, 0.5008929, 0.5000401, 0.5016824, 0.50332886, 0.5000432, 0.5012106, 0.5006744, 0.5014991, 0.50296503, 0.5095382, 0.5003824, 0.50145346, 0.50185597, 0.50024, 0.50097066, 0.50145054, 0.5007533, 0.51029015, 0.50148934, 0.50485647, 0.504035, 0.5015038, 0.5008335, 0.5011764, 0.49997747, 0.50198364, 0.50297785, 0.50027496, 0.50061923, 0.50316226, 0.50092417, 0.5006858, 0.50173026, 0.50140136, 0.5014498, 0.5013425, 0.5021345, 0.5008118, 0.5135629, 0.5129189, 0.513232, 0.5132373, 0.5159635, 0.51483643, 0.5136717, 0.5141692, 0.5145744, 0.51472265, 0.51484114, 0.5150051, 0.5142444, 0.5153782, 0.5135203, 0.5170077, 0.51658815, 0.51489663, 0.5144139, 0.5143058, 0.5139633, 0.5171199, 0.5149199, 0.5142888, 0.51652306, 0.5160291, 0.51613957, 0.51508164, 0.51548076, 0.5144496, 0.51561457, 0.5158271, 0.5152619, 0.5134828, 0.5120865, 0.5163268, 0.5153726, 0.51478547, 0.5156943, 0.51439565, 0.5141504, 0.51638865, 0.51354486, 0.5161737, 0.51283777, 0.51381034, 0.5141242, 0.5152573, 0.5134552, 0.516408, 0.51648015, 0.51725537, 0.51576036, 0.5146942, 0.5147846, 0.51533157, 0.5147012, 0.51479244, 0.51563996, 0.51695657, 0.5125561, 0.5164586, 0.51626736, 0.51584274, 0.51664984, 0.51716095, 0.51467055, 0.5146306, 0.5142998, 0.5137532, 0.51441497, 0.5156446, 0.5162486, 0.51609397, 0.5150124, 0.51565665, 0.5139216, 0.5158718, 0.5131263, 0.51373935, 0.51274693, 0.5141181, 0.5147984, 0.5148915, 0.51642466, 0.51601493, 0.51342916, 0.513405, 0.5153341, 0.51593035, 0.51560915, 0.5172488, 0.5150833, 0.51541495, 0.5147531, 0.5154148, 0.5135211, 0.51494265, 0.5127315, 0.51375586, 0.51246274, 0.5125884, 0.5150073, 0.5136548, 0.51632935, 0.51394594, 0.51293415, 0.514814, 0.51508737, 0.5132288, 0.5128379, 0.51628256, 0.5159435, 0.5141596, 0.51525754, 0.51454914, 0.51387405, 0.5160809, 0.5162959, 0.51611257, 0.5160318, 0.5151778, 0.5163053, 0.5159184, 0.51666975, 0.5156088, 0.51614726, 0.5179179, 0.51374185, 0.51478726, 0.5156752, 0.51826936, 0.51537025, 0.5156058, 0.5150516, 0.51746655, 0.5133445, 0.51611173]
[0.50268465, 0.5034675, 0.5019423, 0.5004418, 0.5077107, 0.50965786, 0.50110817, 0.5019228, 0.5017472, 0.50103617, 0.5025285, 0.5002849, 0.504071, 0.5095283, 0.5027307, 0.5016603, 0.5058586, 0.5060955, 0.50136113, 0.5024826, 0.50134516, 0.50121766, 0.50507975, 0.5020464, 0.5023783, 0.50151676, 0.5016049, 0.5014496, 0.502311, 0.5019656, 0.5029241, 0.504414, 0.5033192, 0.5038244, 0.50269, 0.50111383, 0.501974, 0.5059347, 0.5015016, 0.5027506, 0.50084364, 0.5013064, 0.5033409, 0.5066483, 0.50121975, 0.5012286, 0.50242484, 0.50096035, 0.50043964, 0.5021974, 0.50041693, 0.5078152, 0.5021477, 0.50237155, 0.5036113, 0.5009997, 0.5007086, 0.5005591, 0.5003589, 0.50204533, 0.5043911, 0.5009409, 0.5019664, 0.5030125, 0.500727, 0.5008986, 0.503003, 0.50237334, 0.5017167, 0.5017905, 0.5030093, 0.5007472, 0.509797, 0.50898594, 0.5093266, 0.509642, 0.51181716, 0.5103812, 0.51055104, 0.51005775, 0.51035416, 0.5109656, 0.51109844, 0.511372, 0.51050687, 0.5116299, 0.5102571, 0.5125238, 0.5124738, 0.5110138, 0.51086074, 0.51093394, 0.51033777, 0.51272476, 0.5115516, 0.51058793, 0.5125208, 0.5121334, 0.5118949, 0.51199836, 0.5116441, 0.51062346, 0.5114812, 0.5118837, 0.5112733, 0.5097171, 0.50908107, 0.5121319, 0.51077867, 0.51139194, 0.5106762, 0.50984555, 0.5107195, 0.5118538, 0.51067644, 0.5121227, 0.50996274, 0.5104713, 0.5101641, 0.5113359, 0.51058334, 0.51206094, 0.5122786, 0.51275367, 0.51201653, 0.51104194, 0.5110283, 0.5109091, 0.5115693, 0.5106202, 0.5112761, 0.5124917, 0.5086949, 0.5121774, 0.51202625, 0.5119028, 0.5127214, 0.5126038, 0.5100764, 0.5110318, 0.51114863, 0.51051545, 0.5109539, 0.51149076, 0.5119918, 0.5121193, 0.51158696, 0.51223135, 0.5109846, 0.51184094, 0.5101322, 0.5107433, 0.5101285, 0.51040334, 0.5109672, 0.5111681, 0.5123724, 0.51165164, 0.5099545, 0.5105033, 0.51153356, 0.51213497, 0.5122522, 0.5124818, 0.511684, 0.5122531, 0.51158756, 0.5115426, 0.51008165, 0.51154894, 0.51030004, 0.51084673, 0.5095343, 0.5095689, 0.51097757, 0.5099172, 0.51200914, 0.5104065, 0.5092109, 0.51134515, 0.5110351, 0.5101214, 0.50956815, 0.5122724, 0.51199734, 0.51128316, 0.51223487, 0.51155233, 0.5110832, 0.511841, 0.5120067, 0.5119787, 0.51190245, 0.511523, 0.5127589, 0.512119, 0.5125958, 0.5125341, 0.5118707, 0.5132535, 0.51092046, 0.5114693, 0.51135653, 0.5137617, 0.5111765, 0.51224405, 0.51135266, 0.512587, 0.51003945, 0.5118553]
[0.49988064, 0.4995303, 0.5008797, 0.5022159, 0.5114087, 0.51379186, 0.504522, 0.50008065, 0.5036686, 0.5026228, 0.5007407, 0.50243545, 0.5073185, 0.5130943, 0.50619465, 0.50054973, 0.5093124, 0.50920755, 0.5008881, 0.49933985, 0.5003316, 0.50580704, 0.5074086, 0.50519854, 0.50529635, 0.5052891, 0.50428736, 0.5048476, 0.5006799, 0.50106996, 0.5063939, 0.5076251, 0.507209, 0.5075556, 0.5048628, 0.5038932, 0.50018364, 0.5003162, 0.5029475, 0.5053229, 0.50282395, 0.50094306, 0.5061084, 0.51010543, 0.5043343, 0.5008307, 0.5064005, 0.50271976, 0.501932, 0.5004733, 0.5021244, 0.5111686, 0.50563437, 0.5073458, 0.5073965, 0.50072724, 0.5021765, 0.50169015, 0.50336444, 0.5008537, 0.49983793, 0.50372857, 0.5056719, 0.5067082, 0.5029371, 0.50497514, 0.5054249, 0.5054664, 0.50387496, 0.50080657, 0.49930745, 0.50131226, 0.5149733, 0.51329094, 0.5137182, 0.5142833, 0.51720697, 0.51538366, 0.51483613, 0.51526403, 0.5152894, 0.5156411, 0.51602685, 0.5161408, 0.5149909, 0.516365, 0.5148334, 0.5178436, 0.5174649, 0.5164887, 0.51535016, 0.51550263, 0.51505053, 0.51816094, 0.5163042, 0.5156878, 0.5180236, 0.51726747, 0.5167682, 0.5166661, 0.5174248, 0.51540005, 0.51663786, 0.5168959, 0.5164474, 0.514391, 0.5131999, 0.51765746, 0.5159862, 0.51612556, 0.51613677, 0.5149926, 0.51549894, 0.51714945, 0.51532286, 0.5173173, 0.51410955, 0.5150989, 0.5147671, 0.5167787, 0.51501244, 0.5173857, 0.517388, 0.5185162, 0.5173035, 0.51572245, 0.51610315, 0.51587576, 0.516493, 0.5156642, 0.51622224, 0.5180237, 0.5125204, 0.5179527, 0.5172905, 0.51663554, 0.5178135, 0.51814, 0.51511806, 0.51611024, 0.5159863, 0.5155355, 0.5153856, 0.51647913, 0.51738155, 0.5171233, 0.5164993, 0.5176491, 0.5152527, 0.5170014, 0.51434666, 0.51500523, 0.5143495, 0.5151078, 0.516087, 0.51602507, 0.51780415, 0.517265, 0.5148538, 0.5150998, 0.5162616, 0.5170648, 0.5174709, 0.517685, 0.51677084, 0.51764363, 0.51675075, 0.5164015, 0.5140988, 0.51568735, 0.5143958, 0.514832, 0.5140804, 0.51410794, 0.5159049, 0.5145778, 0.51720965, 0.5154351, 0.51380664, 0.51608825, 0.5157908, 0.5141544, 0.5138635, 0.5173063, 0.51713085, 0.51529944, 0.5168707, 0.51604474, 0.51521385, 0.51709265, 0.5171963, 0.51695985, 0.51703316, 0.5168474, 0.5178629, 0.51750517, 0.5181963, 0.5174834, 0.51722807, 0.5190873, 0.51569664, 0.5165458, 0.5163565, 0.5195665, 0.51672846, 0.5171945, 0.51603884, 0.51827693, 0.5147298, 0.51670516]
[0.50058794, 0.5007803, 0.49999917, 0.49946985, 0.51511866, 0.5173369, 0.50471586, 0.5001273, 0.5005255, 0.49974015, 0.50054276, 0.49966097, 0.50872284, 0.5170734, 0.5042803, 0.50015885, 0.51204985, 0.51230776, 0.49963227, 0.50036454, 0.4995799, 0.50241464, 0.50712824, 0.50169575, 0.5045082, 0.50436544, 0.5025437, 0.5014703, 0.4999392, 0.49994087, 0.5048712, 0.5082777, 0.5069841, 0.5079316, 0.5016474, 0.5004089, 0.50049615, 0.5018165, 0.5000477, 0.50303495, 0.4994086, 0.50021833, 0.50668836, 0.512654, 0.50348246, 0.50025153, 0.5047067, 0.49948436, 0.49951905, 0.5001676, 0.5002176, 0.5145707, 0.50547093, 0.50819963, 0.5072573, 0.5001838, 0.499574, 0.4996036, 0.5002902, 0.5004758, 0.5014185, 0.5016761, 0.50362474, 0.50753385, 0.49950042, 0.5022783, 0.50453687, 0.5051262, 0.5044201, 0.5000089, 0.50087816, 0.49948853, 0.5192749, 0.5180627, 0.5182008, 0.51835495, 0.5217068, 0.5197438, 0.5184967, 0.519528, 0.51966554, 0.5198979, 0.51997274, 0.52013, 0.520027, 0.5207314, 0.5186353, 0.52340347, 0.5228181, 0.5201525, 0.5197051, 0.51935613, 0.5193903, 0.5237442, 0.52067417, 0.51972103, 0.5222963, 0.5215876, 0.5217598, 0.52126396, 0.5217947, 0.52002466, 0.5211615, 0.5212049, 0.52127606, 0.5187928, 0.5163921, 0.5220261, 0.52047247, 0.52001005, 0.52127117, 0.52008134, 0.5198302, 0.5223204, 0.5187143, 0.5222637, 0.5183106, 0.51895684, 0.51926714, 0.5210952, 0.5188853, 0.522409, 0.5227261, 0.5237698, 0.5219528, 0.5203353, 0.5203036, 0.5214214, 0.52084273, 0.520122, 0.5212688, 0.5230681, 0.51729065, 0.521858, 0.52235246, 0.5209418, 0.5224108, 0.5228082, 0.52000266, 0.5199974, 0.5197257, 0.51863915, 0.5193568, 0.52099043, 0.52167505, 0.52177465, 0.5202402, 0.521567, 0.5187742, 0.52184224, 0.51796836, 0.5191875, 0.5179484, 0.5193376, 0.5200997, 0.52022696, 0.522468, 0.5214159, 0.51880896, 0.5183056, 0.5206777, 0.52120787, 0.5217047, 0.5235762, 0.5204383, 0.5206549, 0.5206171, 0.5208095, 0.5180742, 0.52134705, 0.5174749, 0.51870704, 0.51706934, 0.5174402, 0.52016467, 0.51929253, 0.5214682, 0.5195733, 0.5179828, 0.5201915, 0.51997524, 0.51833045, 0.5178367, 0.5219095, 0.5223185, 0.51950634, 0.52132297, 0.5209808, 0.51975656, 0.5216778, 0.52177376, 0.5219939, 0.52225244, 0.5207937, 0.5231251, 0.5218317, 0.52213484, 0.5219611, 0.52217823, 0.52388686, 0.5191747, 0.5202362, 0.5214288, 0.52455425, 0.52084184, 0.5212351, 0.52009624, 0.5230922, 0.51847994, 0.5216729]
[0.5013329, 0.50170255, 0.5012928, 0.50229806, 0.5087855, 0.5102426, 0.5031838, 0.5014027, 0.5041213, 0.50306565, 0.501051, 0.50234467, 0.506246, 0.50997096, 0.5046664, 0.5016162, 0.50776756, 0.507759, 0.50116265, 0.5018289, 0.5011953, 0.50414485, 0.50652015, 0.5045226, 0.5046475, 0.5045851, 0.50402254, 0.5044311, 0.5014614, 0.50132585, 0.5052636, 0.5060542, 0.50594294, 0.50629723, 0.50492185, 0.50363714, 0.50112665, 0.504062, 0.50218284, 0.50435054, 0.5029969, 0.5015491, 0.5054094, 0.5082633, 0.5046093, 0.5011744, 0.5040353, 0.5015518, 0.5018182, 0.5010491, 0.50203484, 0.5087841, 0.504875, 0.50591105, 0.5058383, 0.5010253, 0.5019418, 0.50187844, 0.5025359, 0.50120366, 0.5031121, 0.50261086, 0.5043051, 0.5057852, 0.5013587, 0.5034074, 0.5049531, 0.50522095, 0.5032529, 0.5012015, 0.5027351, 0.5015656, 0.5107145, 0.5097873, 0.5099978, 0.5103016, 0.51175666, 0.51076394, 0.51084566, 0.51082987, 0.51067114, 0.51117074, 0.51138014, 0.5115137, 0.5107195, 0.51184684, 0.5105746, 0.51254106, 0.5124335, 0.511616, 0.5114352, 0.51089257, 0.51027584, 0.5124672, 0.5113388, 0.5110905, 0.5125215, 0.512038, 0.5119727, 0.51209545, 0.5121924, 0.5111429, 0.51158655, 0.51189727, 0.5115585, 0.51048726, 0.50972265, 0.51215756, 0.5114264, 0.51147366, 0.5113315, 0.510903, 0.51120126, 0.51217383, 0.5110568, 0.5122701, 0.51029354, 0.51060426, 0.51065457, 0.5119075, 0.5107413, 0.5120286, 0.51223683, 0.51278216, 0.511972, 0.5112835, 0.5114991, 0.5114443, 0.5116278, 0.5108195, 0.5112844, 0.5123998, 0.5098803, 0.5123678, 0.512161, 0.5118761, 0.5122687, 0.5125421, 0.51079357, 0.51108044, 0.511147, 0.51118004, 0.5112181, 0.511719, 0.51210326, 0.511847, 0.5115988, 0.51238936, 0.5111001, 0.5120639, 0.5106901, 0.5108514, 0.5102746, 0.51061374, 0.5113489, 0.51121116, 0.5123824, 0.5117952, 0.5108893, 0.5109599, 0.5111748, 0.51220906, 0.5117338, 0.5124323, 0.5118298, 0.5119997, 0.51158756, 0.5117632, 0.51048595, 0.51093626, 0.5100638, 0.5107239, 0.5100456, 0.51015854, 0.51129186, 0.5107411, 0.5121007, 0.51126975, 0.5103046, 0.51117235, 0.5112297, 0.5103541, 0.5100684, 0.51203257, 0.5118633, 0.51087433, 0.5116666, 0.51106185, 0.5105635, 0.5119609, 0.5119607, 0.51195633, 0.5118867, 0.5120097, 0.51245695, 0.51199913, 0.5125678, 0.5121554, 0.5120835, 0.5129048, 0.5109612, 0.5115353, 0.5116436, 0.5133508, 0.51168764, 0.51217866, 0.5115193, 0.512596, 0.5102906, 0.5118154]
[0.50385225, 0.5041919, 0.5024042, 0.50060713, 0.5075781, 0.5093527, 0.5011835, 0.5039296, 0.50102085, 0.5010079, 0.5033861, 0.5014099, 0.50423896, 0.5086218, 0.50127524, 0.5031149, 0.5062929, 0.50640535, 0.50321215, 0.5043856, 0.50319624, 0.5006821, 0.5038809, 0.50095016, 0.50193965, 0.5008111, 0.5007625, 0.50070673, 0.5039467, 0.50348485, 0.50181067, 0.5027795, 0.50274384, 0.5028019, 0.50175583, 0.501039, 0.5040396, 0.5069865, 0.5009845, 0.50143933, 0.50126266, 0.5031492, 0.5032756, 0.5069928, 0.5011018, 0.5033757, 0.5014871, 0.5017902, 0.50195813, 0.5028396, 0.5019209, 0.50755996, 0.5011084, 0.50280106, 0.50342065, 0.50302684, 0.50179845, 0.50226957, 0.5014076, 0.5035985, 0.50578105, 0.50094014, 0.50103706, 0.5020408, 0.5025827, 0.5011161, 0.5019074, 0.5015586, 0.50107294, 0.5034377, 0.5042641, 0.5023604, 0.5097128, 0.50892955, 0.5094669, 0.5092125, 0.511261, 0.5095778, 0.5098898, 0.5096045, 0.51010764, 0.51000077, 0.5103602, 0.5107544, 0.5101594, 0.5108262, 0.50956917, 0.5119337, 0.51162255, 0.51024514, 0.5096799, 0.5099662, 0.50970954, 0.5118069, 0.5108819, 0.51007336, 0.5115132, 0.51135033, 0.5112569, 0.5108173, 0.5108356, 0.51018566, 0.51077384, 0.51079845, 0.5110832, 0.50932074, 0.5086495, 0.5110628, 0.5105332, 0.5102719, 0.51076657, 0.51000583, 0.510279, 0.5111914, 0.5098006, 0.51117206, 0.50937545, 0.50977665, 0.50971735, 0.5108789, 0.5096919, 0.51124126, 0.5116408, 0.5120637, 0.51124954, 0.5102081, 0.5104238, 0.5107861, 0.51032215, 0.5104471, 0.51089233, 0.5114021, 0.5089524, 0.51130307, 0.51146615, 0.51087457, 0.51153016, 0.5117421, 0.5098178, 0.51038575, 0.5099559, 0.5100315, 0.5102096, 0.5108143, 0.5112117, 0.5107665, 0.5103483, 0.5112456, 0.50981, 0.5113972, 0.5095776, 0.5099211, 0.5092349, 0.5099558, 0.5104275, 0.51023334, 0.5111784, 0.51085556, 0.50945055, 0.50941724, 0.5107587, 0.5111216, 0.51077276, 0.5116352, 0.5108951, 0.51106316, 0.51038915, 0.510881, 0.5096401, 0.51040334, 0.5090415, 0.5096646, 0.5086786, 0.50889605, 0.51042557, 0.50957763, 0.51094854, 0.5101889, 0.5091351, 0.5103923, 0.51016784, 0.5093028, 0.5089326, 0.51125157, 0.51070464, 0.50974995, 0.5107379, 0.51057065, 0.510068, 0.51099086, 0.51135904, 0.5109727, 0.5108711, 0.5107213, 0.51145804, 0.5111373, 0.5115629, 0.51120067, 0.511532, 0.5123177, 0.5097958, 0.5106341, 0.51117903, 0.5124973, 0.5107676, 0.51061326, 0.51058614, 0.5119243, 0.509519, 0.5111796]
[0.5018536, 0.50212634, 0.5007788, 0.49982077, 0.5129678, 0.51574427, 0.5013418, 0.5018943, 0.50145733, 0.5005922, 0.50184125, 0.49988046, 0.50687164, 0.5151239, 0.50238323, 0.50153184, 0.51132745, 0.511255, 0.5003137, 0.5019734, 0.5007527, 0.50166583, 0.50677437, 0.5024977, 0.5038511, 0.5020409, 0.5021763, 0.5023627, 0.5012069, 0.50166416, 0.50426805, 0.50507426, 0.5059269, 0.507057, 0.50236034, 0.5016387, 0.5019211, 0.5040578, 0.49981356, 0.50273204, 0.5005746, 0.5012184, 0.5055679, 0.5119346, 0.50328857, 0.50099015, 0.5012805, 0.5002661, 0.5006029, 0.5012382, 0.49996406, 0.5130317, 0.5040279, 0.5073062, 0.50608575, 0.5015332, 0.5006964, 0.5006529, 0.5006558, 0.5018235, 0.50347614, 0.5005947, 0.5017184, 0.50515985, 0.50088763, 0.50022984, 0.503317, 0.5040547, 0.5021479, 0.5016348, 0.5029863, 0.50078416, 0.51685745, 0.5152306, 0.5151979, 0.5157406, 0.51915044, 0.5171135, 0.51637226, 0.51699597, 0.517425, 0.51789796, 0.5181753, 0.5179693, 0.5171738, 0.51888466, 0.51701915, 0.52074105, 0.52043796, 0.51824087, 0.51750994, 0.5173696, 0.5168422, 0.5203501, 0.51819456, 0.5178158, 0.52001256, 0.51937467, 0.5191017, 0.5190288, 0.51950765, 0.5176548, 0.5191641, 0.518867, 0.5186437, 0.516705, 0.5152358, 0.5196112, 0.5183726, 0.5181316, 0.51854336, 0.517366, 0.51724166, 0.51953155, 0.51719785, 0.51993567, 0.5158472, 0.51670367, 0.51685566, 0.51893866, 0.51669985, 0.51962185, 0.519781, 0.5209121, 0.51975507, 0.51786035, 0.51835954, 0.5186916, 0.5178367, 0.5171893, 0.51812905, 0.52022624, 0.5160604, 0.51980346, 0.51999867, 0.51902384, 0.5204819, 0.5204172, 0.5170741, 0.5179077, 0.5173479, 0.51756847, 0.51761675, 0.51889896, 0.5194864, 0.51896924, 0.5184663, 0.5192583, 0.5172972, 0.5193098, 0.51672965, 0.5172551, 0.51626164, 0.5169669, 0.5181271, 0.5175552, 0.51980364, 0.51870567, 0.51663923, 0.51701754, 0.51821184, 0.51947457, 0.5191945, 0.52032965, 0.5184744, 0.5190733, 0.51810634, 0.5188872, 0.5168157, 0.5174351, 0.5156079, 0.5168653, 0.5152374, 0.5156145, 0.51841724, 0.5170285, 0.5194374, 0.5173874, 0.516132, 0.5176372, 0.5180416, 0.51634973, 0.5158869, 0.5194218, 0.5192936, 0.5171008, 0.5185403, 0.51745427, 0.5166129, 0.5193355, 0.5195202, 0.5193862, 0.5192814, 0.518893, 0.5197403, 0.5192393, 0.5202884, 0.51878214, 0.51990193, 0.5212111, 0.5171741, 0.518591, 0.51896805, 0.52169365, 0.518962, 0.51894194, 0.51824594, 0.5206163, 0.51642275, 0.51966745]
[0.50039625, 0.5009392, 0.5002926, 0.4995562, 0.5099885, 0.51393443, 0.4993669, 0.5005836, 0.5012907, 0.500324, 0.5005301, 0.49936745, 0.50413984, 0.5133828, 0.5007847, 0.50033927, 0.50800717, 0.5086617, 0.50000125, 0.5006279, 0.49953723, 0.49944806, 0.504867, 0.50238335, 0.5013397, 0.50012517, 0.5002248, 0.50094604, 0.50075513, 0.5005971, 0.50237864, 0.50355077, 0.5019536, 0.50209856, 0.503046, 0.5001672, 0.5005126, 0.50221777, 0.49988636, 0.5008506, 0.49937385, 0.50015026, 0.50190914, 0.5091315, 0.50090057, 0.49998558, 0.49958146, 0.5007112, 0.4997601, 0.500375, 0.4996883, 0.5106986, 0.50160635, 0.502368, 0.5034456, 0.5006768, 0.5000727, 0.5002176, 0.5002256, 0.5006617, 0.5015997, 0.49973872, 0.50018054, 0.50183, 0.49989918, 0.4992931, 0.50162625, 0.5016162, 0.4994922, 0.5003919, 0.50151783, 0.50038874, 0.5140099, 0.5121499, 0.51259744, 0.51306677, 0.5168907, 0.5137043, 0.51465994, 0.51452327, 0.5153347, 0.51554275, 0.5160928, 0.51664037, 0.51513225, 0.5172717, 0.5152949, 0.5183391, 0.51887214, 0.5161847, 0.5161783, 0.5154857, 0.5144653, 0.5187133, 0.51743966, 0.5152552, 0.5187916, 0.5175471, 0.5171357, 0.51801556, 0.5171788, 0.51532227, 0.517035, 0.51670647, 0.5165072, 0.51380146, 0.51285917, 0.5178925, 0.5162864, 0.5169022, 0.51548725, 0.5142866, 0.51595896, 0.5178752, 0.5159526, 0.5180874, 0.51401204, 0.5145519, 0.51455206, 0.51748276, 0.5150124, 0.5168137, 0.5181852, 0.5195928, 0.51780546, 0.5159361, 0.51706576, 0.5166252, 0.51669157, 0.51550287, 0.51611537, 0.5184981, 0.5131377, 0.5182436, 0.5184928, 0.5174591, 0.5183455, 0.51861095, 0.5144181, 0.5162744, 0.5161138, 0.51591086, 0.51583815, 0.5167983, 0.5172592, 0.51707613, 0.51655865, 0.51857954, 0.51571417, 0.5177729, 0.5150458, 0.51567775, 0.51465935, 0.51501584, 0.51629156, 0.51610726, 0.51823366, 0.51673466, 0.5147481, 0.5148821, 0.51659685, 0.5180149, 0.517254, 0.51833063, 0.51737076, 0.5182216, 0.51675695, 0.5175024, 0.5149137, 0.51527613, 0.5139873, 0.5155828, 0.5139151, 0.5137433, 0.51599574, 0.5140958, 0.5181739, 0.51576406, 0.5140768, 0.51573193, 0.5159976, 0.5144308, 0.51364887, 0.5180173, 0.5166868, 0.5156191, 0.5167858, 0.515675, 0.5144571, 0.5177756, 0.5181029, 0.51721096, 0.516904, 0.5171891, 0.51800865, 0.5174456, 0.5190715, 0.5175853, 0.517925, 0.51970094, 0.5158949, 0.5171851, 0.51688516, 0.52022016, 0.5168798, 0.5179468, 0.51700294, 0.5188514, 0.51403004, 0.5176945]
[0.4998919, 0.5009149, 0.4998284, 0.5015501, 0.51186824, 0.5144135, 0.50417763, 0.50038993, 0.50450236, 0.5030427, 0.5002354, 0.5019743, 0.5082227, 0.51359254, 0.50632375, 0.5000338, 0.51090616, 0.51092136, 0.5001107, 0.50086373, 0.5008038, 0.5029933, 0.5078351, 0.50476813, 0.50575477, 0.5047482, 0.50294834, 0.50433165, 0.50096625, 0.5001789, 0.50612223, 0.50665927, 0.50674695, 0.50737065, 0.5057717, 0.5023406, 0.500997, 0.5036252, 0.50113344, 0.50461394, 0.50258136, 0.499928, 0.50646335, 0.51153713, 0.5048174, 0.4999171, 0.5031774, 0.4999006, 0.50124824, 0.5002087, 0.5009435, 0.51212937, 0.50537336, 0.5073176, 0.5071073, 0.5011381, 0.5005186, 0.4999869, 0.50412625, 0.5004822, 0.502309, 0.5015987, 0.5033296, 0.50694495, 0.49993587, 0.5025476, 0.50712085, 0.50651014, 0.5045074, 0.5000497, 0.50213313, 0.5000323, 0.5157066, 0.5137771, 0.51419914, 0.51426363, 0.5171586, 0.51514375, 0.5152089, 0.515176, 0.5156263, 0.5158613, 0.5161313, 0.5158614, 0.51618415, 0.51688224, 0.5151666, 0.51875037, 0.51818407, 0.51623005, 0.5160752, 0.51562387, 0.5151633, 0.51799524, 0.5163092, 0.5159124, 0.5178819, 0.5171833, 0.51747423, 0.51735526, 0.51731884, 0.51585996, 0.5168589, 0.5167691, 0.5168189, 0.5150355, 0.5141363, 0.5173078, 0.51649374, 0.516372, 0.51674485, 0.5159306, 0.5158061, 0.51766765, 0.51535153, 0.51769984, 0.514417, 0.51513207, 0.5154173, 0.51680595, 0.51522076, 0.51718825, 0.5176546, 0.51877093, 0.51731217, 0.515847, 0.51625586, 0.51687026, 0.515921, 0.51592094, 0.51655966, 0.51807857, 0.514657, 0.5176074, 0.5178708, 0.5171377, 0.5176141, 0.51810664, 0.5157884, 0.5162263, 0.51595086, 0.516012, 0.5158409, 0.51683205, 0.51720846, 0.5166873, 0.5166751, 0.5175631, 0.5154912, 0.5174373, 0.51505035, 0.5156669, 0.51470816, 0.51540035, 0.51624954, 0.5161219, 0.5174956, 0.5168044, 0.5151662, 0.51532024, 0.516591, 0.5176907, 0.5172061, 0.51805514, 0.5162572, 0.517336, 0.51610845, 0.5170007, 0.5153094, 0.5158703, 0.51439106, 0.51542383, 0.51428664, 0.51425993, 0.5163656, 0.5152886, 0.51746255, 0.51589, 0.514798, 0.5161353, 0.5163986, 0.51479673, 0.51418275, 0.5176528, 0.51714826, 0.515876, 0.5169367, 0.51619864, 0.51531845, 0.5172942, 0.5176927, 0.5171504, 0.51719546, 0.5170894, 0.5172278, 0.5172804, 0.5182416, 0.5169433, 0.51775575, 0.5188911, 0.5157069, 0.5166247, 0.51688355, 0.51920956, 0.5166682, 0.51695967, 0.5164931, 0.5183729, 0.5148731, 0.5174377]
[0.49958798, 0.49990943, 0.5003575, 0.5026399, 0.51162875, 0.5137953, 0.50218284, 0.50040424, 0.5044897, 0.50367105, 0.50036705, 0.5023321, 0.50657886, 0.5133775, 0.5054561, 0.49972168, 0.5097358, 0.509662, 0.5007341, 0.50075346, 0.49973848, 0.50284415, 0.50729567, 0.50483906, 0.5051603, 0.50459546, 0.5024273, 0.5034975, 0.50054204, 0.49955598, 0.50651956, 0.50620204, 0.5059234, 0.5062793, 0.50472146, 0.5022569, 0.5003739, 0.50327736, 0.5009664, 0.5041197, 0.5026486, 0.49991405, 0.5046131, 0.5102217, 0.50362986, 0.49988165, 0.50570214, 0.5006257, 0.50029653, 0.49980018, 0.50045985, 0.5115684, 0.5039833, 0.50722176, 0.5066325, 0.5000021, 0.50083876, 0.5004063, 0.50151944, 0.4997419, 0.50141376, 0.50248766, 0.5042413, 0.5055247, 0.50207394, 0.5039105, 0.5052101, 0.50425357, 0.5015564, 0.5000876, 0.5021847, 0.5001052, 0.51425207, 0.51343185, 0.51347023, 0.51406217, 0.5162719, 0.5149436, 0.5140887, 0.5152224, 0.51516813, 0.51545167, 0.515951, 0.51638246, 0.5149201, 0.5164555, 0.5142996, 0.51712054, 0.517419, 0.51614714, 0.5156218, 0.5150166, 0.51435, 0.5177975, 0.5167334, 0.5154769, 0.5173997, 0.51676565, 0.5168707, 0.51657337, 0.516459, 0.51572454, 0.5159863, 0.5165335, 0.51618457, 0.5141683, 0.51261204, 0.517062, 0.51599926, 0.51581657, 0.5156346, 0.51522064, 0.5156986, 0.51712257, 0.5159463, 0.51735735, 0.5140475, 0.5148832, 0.5147171, 0.5165874, 0.5150388, 0.51709807, 0.5171718, 0.51832396, 0.51673657, 0.5155902, 0.5162132, 0.5158027, 0.5164751, 0.5146807, 0.5152756, 0.5181083, 0.5130689, 0.5174626, 0.51687306, 0.516079, 0.5174777, 0.51763606, 0.5144839, 0.5154191, 0.51597, 0.5157878, 0.5151512, 0.516488, 0.5169991, 0.5161398, 0.51589006, 0.51739895, 0.5150115, 0.5169518, 0.5146395, 0.5149317, 0.5143879, 0.51489365, 0.51568335, 0.5160431, 0.5177849, 0.51638395, 0.51486725, 0.51454663, 0.5157323, 0.5166682, 0.51638263, 0.5175227, 0.5161766, 0.51685184, 0.51612514, 0.5161897, 0.5140218, 0.5155685, 0.51366, 0.5147993, 0.5139131, 0.5140481, 0.51567096, 0.5147966, 0.5170639, 0.51569045, 0.5140311, 0.5153632, 0.51542425, 0.51409316, 0.5134111, 0.5173546, 0.51697254, 0.51524645, 0.51690936, 0.515489, 0.51465416, 0.51705617, 0.51678073, 0.51652104, 0.5162178, 0.51663625, 0.518099, 0.51704687, 0.51764095, 0.5170846, 0.5167473, 0.51796365, 0.5149328, 0.5165505, 0.51607233, 0.5186099, 0.5164328, 0.5168142, 0.5158141, 0.5174428, 0.51459074, 0.51645595]
[0.5002368, 0.50102043, 0.50029624, 0.50099766, 0.5064846, 0.5078857, 0.501534, 0.5005196, 0.5019622, 0.5016013, 0.5001488, 0.5010058, 0.5034489, 0.5074299, 0.50274646, 0.50026447, 0.5053813, 0.5055281, 0.5001966, 0.5002464, 0.50042224, 0.5015214, 0.5039408, 0.5027961, 0.502, 0.5018534, 0.50186706, 0.5019549, 0.5002827, 0.5003407, 0.5034919, 0.5032346, 0.50305814, 0.5033054, 0.5023588, 0.5015457, 0.5004715, 0.50351155, 0.50099206, 0.50215966, 0.50130534, 0.50045496, 0.5027994, 0.5057946, 0.5018915, 0.5003562, 0.5020071, 0.5009951, 0.50068086, 0.50017124, 0.50081176, 0.50627065, 0.50233936, 0.50355726, 0.50353473, 0.50022906, 0.50080335, 0.5003283, 0.50179726, 0.50048286, 0.50239664, 0.5012089, 0.50182307, 0.5026504, 0.50094175, 0.5021814, 0.50248516, 0.50244755, 0.5016322, 0.5003829, 0.5016744, 0.50012773, 0.50801617, 0.50743186, 0.50763184, 0.5076721, 0.5092048, 0.50817263, 0.50842774, 0.5081961, 0.5084334, 0.5084419, 0.5090197, 0.5086944, 0.5082142, 0.5089789, 0.5081667, 0.5095625, 0.5096492, 0.5090324, 0.5086397, 0.5084209, 0.5079803, 0.5097353, 0.50895756, 0.50842434, 0.50951916, 0.5091829, 0.5092642, 0.5091865, 0.5092515, 0.50858206, 0.50900733, 0.5090685, 0.5088732, 0.50794315, 0.50738424, 0.5093699, 0.5087212, 0.50883025, 0.5085588, 0.50812614, 0.508619, 0.5093381, 0.5085379, 0.5095577, 0.5076114, 0.5080959, 0.5082056, 0.50891215, 0.5082634, 0.5092968, 0.5093984, 0.50986767, 0.5093504, 0.5085736, 0.5089179, 0.5088135, 0.5088651, 0.50831175, 0.5087113, 0.5096539, 0.50736165, 0.50968546, 0.509468, 0.5089741, 0.5096407, 0.5098603, 0.5079812, 0.50873625, 0.50872934, 0.50854, 0.50843185, 0.50902313, 0.50932276, 0.50915754, 0.50885046, 0.5096301, 0.5085251, 0.5092087, 0.5082569, 0.5083499, 0.50791913, 0.50829095, 0.5088053, 0.5086747, 0.5094183, 0.5092267, 0.5082541, 0.50799197, 0.50884527, 0.50942856, 0.50912374, 0.50953335, 0.50919014, 0.5095254, 0.50886625, 0.5092073, 0.50814015, 0.5084263, 0.5078986, 0.50827533, 0.5078846, 0.50789654, 0.5087353, 0.5079648, 0.50945926, 0.50860834, 0.5077339, 0.5085937, 0.50882757, 0.5079021, 0.50766915, 0.5093771, 0.50908446, 0.5082639, 0.50893474, 0.5084247, 0.5079883, 0.5092849, 0.5093984, 0.5091314, 0.50906074, 0.50932664, 0.50944906, 0.5092538, 0.50981814, 0.509162, 0.5093265, 0.5101421, 0.5084991, 0.5090955, 0.5089442, 0.5104849, 0.5091823, 0.50953686, 0.50887257, 0.50985414, 0.50777334, 0.5093021]
[0.50198066, 0.50236434, 0.5009415, 0.50045186, 0.5045964, 0.5053587, 0.50145566, 0.5024056, 0.50144607, 0.5013998, 0.50209427, 0.50079685, 0.5020478, 0.5052534, 0.5019346, 0.5021917, 0.5035521, 0.5038205, 0.5022009, 0.502503, 0.50200677, 0.50131315, 0.502805, 0.501479, 0.5015928, 0.5019029, 0.5014698, 0.50173396, 0.5019522, 0.501365, 0.50214154, 0.5027154, 0.5022011, 0.50261676, 0.5014917, 0.5011311, 0.5020035, 0.50522435, 0.5009374, 0.50154746, 0.50103265, 0.5016454, 0.50207114, 0.5042558, 0.50159353, 0.50181407, 0.50178725, 0.500857, 0.50110304, 0.5021779, 0.50081295, 0.50458837, 0.501844, 0.50265884, 0.5021155, 0.5012197, 0.50061595, 0.50075877, 0.50120366, 0.5019732, 0.50395674, 0.50138557, 0.5017736, 0.5021029, 0.5005904, 0.5015096, 0.501772, 0.5015426, 0.5014447, 0.50220174, 0.5036918, 0.501123, 0.50587463, 0.5054048, 0.5055154, 0.5056575, 0.50661904, 0.5061874, 0.50553834, 0.50593007, 0.50605583, 0.5061116, 0.506204, 0.5059965, 0.5057514, 0.5060996, 0.50587696, 0.50669473, 0.50675243, 0.5063738, 0.5057154, 0.50610816, 0.50600445, 0.50688183, 0.50596493, 0.5059365, 0.5066869, 0.50699586, 0.50659585, 0.50627327, 0.50658125, 0.50559276, 0.50666267, 0.50652885, 0.50646234, 0.5059262, 0.5054107, 0.50657356, 0.5062222, 0.5063441, 0.5061779, 0.5059025, 0.50589335, 0.5066592, 0.5055006, 0.5069643, 0.50571483, 0.5059626, 0.50589365, 0.5062745, 0.50572854, 0.5066082, 0.50661075, 0.50713444, 0.50648254, 0.5060093, 0.50613666, 0.50618637, 0.50582546, 0.5061043, 0.5065296, 0.50676394, 0.5052751, 0.50664455, 0.5064899, 0.50655645, 0.5070138, 0.50676495, 0.5061064, 0.5060509, 0.5058759, 0.50611997, 0.5059134, 0.5062072, 0.50653297, 0.50674886, 0.50621986, 0.5064169, 0.5060022, 0.5065885, 0.5056918, 0.505989, 0.50550574, 0.50572366, 0.50614065, 0.5059947, 0.506694, 0.50631887, 0.5057605, 0.5059328, 0.50648814, 0.50659454, 0.5067455, 0.5067375, 0.5061223, 0.5065336, 0.50614196, 0.50634605, 0.50607544, 0.5058986, 0.50553197, 0.5059022, 0.5051711, 0.5051882, 0.50648797, 0.5059578, 0.5064058, 0.5055722, 0.50550425, 0.50620866, 0.5063272, 0.50563836, 0.50549716, 0.5066283, 0.5063744, 0.50570434, 0.50609577, 0.5060035, 0.50579166, 0.50661206, 0.5065902, 0.5066776, 0.50678706, 0.50640726, 0.50658536, 0.5065489, 0.50681835, 0.50629145, 0.5067582, 0.5071982, 0.50625485, 0.50619817, 0.5064456, 0.5071604, 0.50650054, 0.50663173, 0.5060595, 0.50689936, 0.50559825, 0.50659466]
[0.5021285, 0.5024656, 0.50113887, 0.50058156, 0.50935024, 0.5110313, 0.5021675, 0.5013357, 0.50148094, 0.5006229, 0.5017549, 0.50035787, 0.5057736, 0.51083255, 0.50326127, 0.50134605, 0.50729644, 0.50746787, 0.50133413, 0.5020469, 0.50049824, 0.5019503, 0.5054079, 0.5015553, 0.50320363, 0.5018701, 0.50172335, 0.5014221, 0.5013827, 0.5013446, 0.5033734, 0.5046332, 0.50387657, 0.50471604, 0.5024898, 0.50160855, 0.502055, 0.50459856, 0.5015207, 0.50300777, 0.5009155, 0.5015991, 0.5046302, 0.50812435, 0.50231314, 0.50118154, 0.5030764, 0.500729, 0.5003655, 0.5015827, 0.5010854, 0.5093048, 0.5034969, 0.5046068, 0.5052294, 0.5011799, 0.5004786, 0.50047624, 0.5004432, 0.50168884, 0.5035686, 0.50136954, 0.5022205, 0.5044117, 0.5012231, 0.5013968, 0.5028635, 0.5035205, 0.5029623, 0.5014623, 0.5025202, 0.500443, 0.5119945, 0.5111138, 0.51139194, 0.5114762, 0.5137151, 0.5120636, 0.51187867, 0.51195973, 0.512291, 0.51227444, 0.51241994, 0.51259804, 0.5120279, 0.51311845, 0.511364, 0.5144185, 0.514006, 0.5127918, 0.51206046, 0.5121191, 0.51179934, 0.5145685, 0.51290774, 0.5119968, 0.51371574, 0.513863, 0.5135169, 0.5132996, 0.5133992, 0.51238686, 0.51314455, 0.5135563, 0.5130326, 0.51146775, 0.5101088, 0.5137474, 0.5126215, 0.5127683, 0.5131901, 0.51232445, 0.5123562, 0.5138863, 0.51155376, 0.51386887, 0.51141775, 0.5119749, 0.51178396, 0.513221, 0.5118326, 0.5139762, 0.5141164, 0.5146224, 0.5134568, 0.51247495, 0.5127272, 0.5127036, 0.5127773, 0.5122139, 0.51293945, 0.5142215, 0.5102738, 0.5137494, 0.5137024, 0.5129302, 0.5140009, 0.51440495, 0.51219517, 0.51272625, 0.5121348, 0.5120204, 0.5120273, 0.51310587, 0.5137311, 0.5134369, 0.5128826, 0.5135949, 0.5121501, 0.5134605, 0.5110696, 0.51177317, 0.51103836, 0.51191086, 0.51251924, 0.51263374, 0.51403934, 0.51335835, 0.5116133, 0.51134443, 0.51302177, 0.51328903, 0.51360726, 0.5143087, 0.51285577, 0.51327795, 0.5128854, 0.51286304, 0.51118916, 0.51333493, 0.5111342, 0.51164037, 0.5105947, 0.5106286, 0.51270616, 0.5116302, 0.5136369, 0.5119403, 0.51106024, 0.51262075, 0.51245093, 0.51130855, 0.51111674, 0.513784, 0.5136966, 0.51218307, 0.5133369, 0.51292616, 0.5122562, 0.513344, 0.51351994, 0.5136966, 0.5138436, 0.51317316, 0.51427823, 0.5137127, 0.51393753, 0.51387334, 0.51367617, 0.5149562, 0.5117938, 0.51252604, 0.5131723, 0.5153683, 0.51289773, 0.51347613, 0.5129414, 0.51475036, 0.5117422, 0.5133688]
[0.5031217, 0.5037313, 0.5024701, 0.50076896, 0.5118252, 0.5144927, 0.4999447, 0.5033017, 0.50019383, 0.50028694, 0.5023402, 0.5003139, 0.5052779, 0.5135559, 0.5021849, 0.50321585, 0.5090399, 0.5090473, 0.5028905, 0.5031958, 0.50141084, 0.5008655, 0.5044809, 0.5007274, 0.5018508, 0.4998471, 0.499708, 0.49993277, 0.5025559, 0.50097823, 0.5044699, 0.5031504, 0.5021693, 0.502745, 0.50082237, 0.50018835, 0.5034829, 0.50680536, 0.50066954, 0.50088745, 0.50081664, 0.5027051, 0.5031137, 0.50983953, 0.4997691, 0.5029734, 0.50268847, 0.5007422, 0.50205004, 0.50281316, 0.5008, 0.5116761, 0.50114816, 0.50483763, 0.50426984, 0.50271785, 0.5015916, 0.5020758, 0.49999702, 0.50336474, 0.50496596, 0.50061166, 0.50030994, 0.5021533, 0.5001182, 0.5020221, 0.50136614, 0.50047606, 0.4998114, 0.50287896, 0.5044997, 0.5025228, 0.51459247, 0.5142177, 0.51478165, 0.51455295, 0.51764894, 0.5159361, 0.5154233, 0.51577413, 0.5162687, 0.51645195, 0.51691836, 0.5168301, 0.5160134, 0.5173808, 0.5149374, 0.5186208, 0.5185973, 0.51672316, 0.5162881, 0.5158763, 0.5152994, 0.51920444, 0.51751333, 0.5157129, 0.5181871, 0.51797444, 0.51758105, 0.5173467, 0.5173576, 0.51620233, 0.5172394, 0.5176222, 0.51719296, 0.515097, 0.5129163, 0.51821905, 0.5166779, 0.5168551, 0.5170461, 0.51586974, 0.51642513, 0.51829064, 0.51575434, 0.5185623, 0.5146427, 0.5155751, 0.515702, 0.5171247, 0.5152719, 0.5181808, 0.5185754, 0.51935416, 0.5174146, 0.5165343, 0.5173267, 0.5171645, 0.517132, 0.5160887, 0.51706976, 0.51881135, 0.5136991, 0.51834273, 0.5183932, 0.51677674, 0.5182481, 0.51894736, 0.51549244, 0.5165646, 0.5163645, 0.5164285, 0.5159276, 0.5169598, 0.51795965, 0.5175038, 0.51627386, 0.51773316, 0.5156258, 0.518124, 0.51454526, 0.5159638, 0.5145774, 0.5153904, 0.5162809, 0.51710206, 0.5184502, 0.5174318, 0.51523924, 0.51453465, 0.5173706, 0.5175752, 0.51773316, 0.5188994, 0.51708865, 0.5177752, 0.5167507, 0.51694953, 0.5147778, 0.51695, 0.51429737, 0.5152021, 0.5139211, 0.51395184, 0.516472, 0.51545626, 0.5177762, 0.5164818, 0.5147293, 0.5163288, 0.5168958, 0.5145886, 0.5146649, 0.5184721, 0.5172282, 0.5157309, 0.5169971, 0.516242, 0.51546365, 0.51781523, 0.5178803, 0.5179743, 0.518167, 0.5169548, 0.5182822, 0.5181059, 0.51909834, 0.5177113, 0.5181833, 0.5198462, 0.5154422, 0.51678574, 0.5174414, 0.52033454, 0.51780397, 0.51851195, 0.5167223, 0.5192998, 0.5148465, 0.5177134]
[0.505361, 0.5066485, 0.50368047, 0.5014971, 0.5069295, 0.5092653, 0.5015232, 0.50434035, 0.50191224, 0.5015815, 0.5067356, 0.5031155, 0.5041279, 0.50858414, 0.5023727, 0.50481904, 0.50636303, 0.50647444, 0.50426793, 0.506019, 0.5047163, 0.50119454, 0.50477463, 0.50256115, 0.50183475, 0.50185585, 0.5021135, 0.50187624, 0.50560814, 0.50580776, 0.5015217, 0.5034375, 0.5025973, 0.5023375, 0.50322795, 0.5017054, 0.50499576, 0.5100613, 0.5015852, 0.50272304, 0.50252175, 0.5026926, 0.50339466, 0.50667197, 0.5012534, 0.5034766, 0.50148344, 0.5050432, 0.5035136, 0.50453186, 0.50281155, 0.5070662, 0.50242335, 0.50289685, 0.5041298, 0.50367165, 0.50260186, 0.5036376, 0.5021744, 0.50579077, 0.5082827, 0.5021311, 0.5016692, 0.502615, 0.5021918, 0.5016979, 0.502616, 0.503171, 0.50215566, 0.5057955, 0.5061115, 0.50254536, 0.5090801, 0.50820106, 0.5087167, 0.50846636, 0.5109297, 0.5088605, 0.51004505, 0.5091397, 0.50987023, 0.50971043, 0.51033056, 0.5104521, 0.50995034, 0.51042926, 0.5099306, 0.5116698, 0.5116357, 0.5098365, 0.50996375, 0.50988835, 0.5094938, 0.5114237, 0.5107171, 0.50969565, 0.51154846, 0.51103354, 0.5107645, 0.5108095, 0.5106149, 0.5097503, 0.51063544, 0.5103746, 0.51040673, 0.50891596, 0.5089104, 0.5106839, 0.5099412, 0.5104561, 0.5102117, 0.5092083, 0.5100169, 0.5107673, 0.50961244, 0.510985, 0.5092085, 0.50959057, 0.5094631, 0.5102731, 0.50984144, 0.51074904, 0.5111937, 0.51188946, 0.51119244, 0.5100523, 0.51002085, 0.51016414, 0.5102464, 0.51016927, 0.5105836, 0.5112381, 0.5087702, 0.5113322, 0.51145977, 0.51130414, 0.5113641, 0.5114238, 0.5093, 0.5104699, 0.51009214, 0.5094675, 0.5101167, 0.5105477, 0.5107627, 0.5107953, 0.5106256, 0.51100624, 0.5097895, 0.51106703, 0.50975025, 0.5101977, 0.50932544, 0.50943655, 0.51006734, 0.5102015, 0.51079136, 0.5106635, 0.50919557, 0.50934154, 0.5107793, 0.5110488, 0.51100063, 0.51138395, 0.5110078, 0.51108605, 0.5102289, 0.5109213, 0.50952333, 0.5098414, 0.509075, 0.5098691, 0.5087083, 0.50878435, 0.5101706, 0.5089501, 0.5110053, 0.50966597, 0.5089928, 0.51033574, 0.51012117, 0.50929195, 0.5089176, 0.5109859, 0.5105399, 0.50974745, 0.5105903, 0.5103047, 0.50979537, 0.51103777, 0.5115159, 0.5106999, 0.51051515, 0.51094496, 0.5108441, 0.5103775, 0.5114158, 0.5106762, 0.5112434, 0.5120773, 0.5098759, 0.5105528, 0.5108723, 0.51233786, 0.5101954, 0.51092607, 0.5105488, 0.5115437, 0.5091569, 0.5111121]
[0.5004556, 0.5009554, 0.50081605, 0.5014548, 0.50533944, 0.50667715, 0.50319093, 0.5008212, 0.5022883, 0.50190365, 0.5004915, 0.50127363, 0.5037308, 0.5060948, 0.5032441, 0.5007563, 0.50491565, 0.5049798, 0.5013981, 0.50063807, 0.5010913, 0.5022134, 0.50390476, 0.50294924, 0.5026298, 0.50264746, 0.50256, 0.50260186, 0.5010813, 0.5013795, 0.50363755, 0.5034877, 0.50271946, 0.5032088, 0.5027727, 0.5019563, 0.5004429, 0.50315005, 0.5017764, 0.5026662, 0.50161195, 0.5011508, 0.5035593, 0.50523376, 0.502703, 0.5010381, 0.50283813, 0.5013584, 0.50121343, 0.5008245, 0.50150585, 0.50522465, 0.5030937, 0.5034866, 0.50390893, 0.50097805, 0.50114197, 0.50111, 0.50243765, 0.5004622, 0.50248206, 0.50187814, 0.5026025, 0.5033889, 0.5018381, 0.5029962, 0.5029666, 0.5031574, 0.5027845, 0.500603, 0.5009712, 0.50108516, 0.5069361, 0.50630534, 0.50639445, 0.506537, 0.5078134, 0.5071035, 0.50699884, 0.50680095, 0.5071143, 0.50721055, 0.507443, 0.50733924, 0.5070686, 0.5074595, 0.50698453, 0.5083197, 0.50808835, 0.5074716, 0.5072435, 0.50698787, 0.50690335, 0.50805235, 0.5075273, 0.50707483, 0.5079902, 0.5077981, 0.50778395, 0.5077228, 0.5078565, 0.5070685, 0.507587, 0.5077753, 0.50755167, 0.506993, 0.506347, 0.5078578, 0.50734735, 0.50745326, 0.50757194, 0.50700694, 0.50708604, 0.5077971, 0.5068621, 0.5078987, 0.5067223, 0.50694144, 0.507067, 0.50760937, 0.5069759, 0.5077771, 0.5080045, 0.5083853, 0.5078739, 0.5074098, 0.5072921, 0.5075766, 0.5075132, 0.50727177, 0.50752914, 0.508056, 0.50649923, 0.50802684, 0.5080351, 0.50769466, 0.5080166, 0.50829256, 0.5070079, 0.5075711, 0.5071389, 0.5070425, 0.50715154, 0.5074797, 0.50785303, 0.50784796, 0.5074805, 0.5078174, 0.50710964, 0.50789243, 0.50676465, 0.50703883, 0.50665957, 0.5070468, 0.5073992, 0.5073924, 0.50790155, 0.5076685, 0.5068321, 0.506911, 0.5076699, 0.50807416, 0.50787663, 0.508118, 0.50749207, 0.5078539, 0.507249, 0.5077298, 0.50700647, 0.5072267, 0.5066511, 0.50703, 0.50646985, 0.50661296, 0.5075137, 0.50691026, 0.507894, 0.5070986, 0.5067707, 0.5073928, 0.5074542, 0.5066148, 0.50666326, 0.507856, 0.5074392, 0.5071242, 0.50750947, 0.50728244, 0.5070338, 0.5078023, 0.5079005, 0.50781393, 0.50779974, 0.5079516, 0.50761396, 0.5076545, 0.5083052, 0.5077173, 0.50805014, 0.5085692, 0.5071448, 0.5074097, 0.5076616, 0.50871825, 0.5078094, 0.5079479, 0.50753736, 0.5083258, 0.5067641, 0.5080407]
[0.5073765, 0.50777286, 0.5053662, 0.5030344, 0.50848126, 0.5111467, 0.5033137, 0.50714487, 0.5023519, 0.50296956, 0.506461, 0.504316, 0.50401807, 0.509734, 0.50122947, 0.50741744, 0.5066871, 0.5070051, 0.50751364, 0.50840193, 0.5070925, 0.50434, 0.5036404, 0.5015079, 0.50191545, 0.5025501, 0.50326335, 0.50366056, 0.50776136, 0.50778145, 0.5015994, 0.50115126, 0.5012658, 0.5014699, 0.5024033, 0.5046724, 0.50856674, 0.5119916, 0.5045377, 0.50207144, 0.50385076, 0.50640094, 0.5022163, 0.5075638, 0.50400746, 0.5075885, 0.5031613, 0.50467485, 0.506209, 0.50670856, 0.5051591, 0.50784963, 0.50235236, 0.50279814, 0.50180876, 0.5071539, 0.50581807, 0.5062195, 0.504898, 0.5077177, 0.51008934, 0.50465125, 0.50246173, 0.5012679, 0.50477475, 0.501963, 0.50228244, 0.50178313, 0.5030063, 0.5080195, 0.5090589, 0.50665593, 0.5113105, 0.5103809, 0.5105248, 0.510585, 0.51338637, 0.5113453, 0.5118833, 0.51157004, 0.51207405, 0.5119255, 0.512825, 0.51298153, 0.51180536, 0.51314455, 0.51098543, 0.51452214, 0.5147532, 0.5129055, 0.51211816, 0.5113939, 0.51101524, 0.51448643, 0.513526, 0.512356, 0.5138877, 0.5132357, 0.51337826, 0.5134428, 0.51354, 0.51231045, 0.51286155, 0.51276255, 0.5129432, 0.5107667, 0.5093322, 0.51340425, 0.51256496, 0.51268446, 0.51287776, 0.511889, 0.512279, 0.51359075, 0.5121127, 0.5139745, 0.5107865, 0.511578, 0.51139027, 0.5132064, 0.51157755, 0.51424205, 0.5140916, 0.51492643, 0.5135815, 0.51229197, 0.5126302, 0.51260114, 0.5127206, 0.51161057, 0.5122311, 0.51413435, 0.5102725, 0.5141378, 0.5140577, 0.51301336, 0.51411885, 0.5144076, 0.5113146, 0.5124597, 0.5125421, 0.5118868, 0.5121255, 0.51316607, 0.51325864, 0.512956, 0.51301986, 0.51363105, 0.5118192, 0.5133974, 0.5114136, 0.5118302, 0.5106999, 0.51187027, 0.5126448, 0.5122915, 0.51414776, 0.51327163, 0.51142085, 0.51054734, 0.5130325, 0.51356524, 0.5131643, 0.5147346, 0.5134456, 0.513917, 0.51234275, 0.51302624, 0.5112718, 0.51273686, 0.5101179, 0.5113537, 0.51016474, 0.510271, 0.51266986, 0.51119167, 0.5136014, 0.51225, 0.5105699, 0.5122387, 0.5125737, 0.5108568, 0.51005244, 0.51351357, 0.51309615, 0.5115194, 0.51308143, 0.512222, 0.5114215, 0.5134339, 0.5136845, 0.5133595, 0.5132381, 0.5131369, 0.51354337, 0.51326513, 0.5143537, 0.51370645, 0.5139084, 0.5152427, 0.5113849, 0.5130866, 0.5135619, 0.5157632, 0.5125886, 0.51300997, 0.51282746, 0.5144617, 0.51039284, 0.51351416]
[0.5032778, 0.50369555, 0.50204974, 0.501835, 0.50943935, 0.5109142, 0.5024322, 0.50260246, 0.50175273, 0.5008801, 0.5030713, 0.5008045, 0.50577897, 0.51094323, 0.5036781, 0.5017989, 0.5080999, 0.5080651, 0.5021451, 0.50353104, 0.5023235, 0.50164706, 0.5064072, 0.5025737, 0.5036524, 0.50299925, 0.50269383, 0.501247, 0.50272524, 0.5027477, 0.5037821, 0.5057308, 0.50447917, 0.5055713, 0.50366503, 0.50152826, 0.5028296, 0.50579846, 0.50157607, 0.5034276, 0.50196385, 0.50213784, 0.5053696, 0.5085811, 0.5025271, 0.5019453, 0.5034244, 0.5009433, 0.50123376, 0.5022064, 0.5008219, 0.5094949, 0.5025603, 0.50453687, 0.5053972, 0.50211334, 0.50084525, 0.5010422, 0.5011759, 0.50293463, 0.505276, 0.50130713, 0.50301063, 0.50462455, 0.50164306, 0.5011371, 0.5034053, 0.5032676, 0.5019917, 0.50263345, 0.50411034, 0.5014051, 0.5116282, 0.51061547, 0.5108831, 0.51150787, 0.5132118, 0.51173156, 0.5121989, 0.5115975, 0.5116812, 0.5122911, 0.51237667, 0.51310533, 0.5118864, 0.51331675, 0.5116002, 0.5140153, 0.51379955, 0.51278293, 0.51245296, 0.5122182, 0.5116698, 0.51382494, 0.51299375, 0.51194644, 0.513862, 0.5131746, 0.51320136, 0.5133126, 0.513368, 0.5120885, 0.5127256, 0.5132538, 0.51269263, 0.51124156, 0.5106335, 0.51350456, 0.5123409, 0.51272154, 0.51238084, 0.5116621, 0.51181126, 0.513599, 0.51211625, 0.5135678, 0.51149225, 0.5115995, 0.51168364, 0.5131378, 0.5118302, 0.5133393, 0.51364386, 0.5139862, 0.51345307, 0.51235396, 0.51242, 0.5124576, 0.5130315, 0.51213986, 0.5125033, 0.51379985, 0.51018417, 0.51364845, 0.51370174, 0.5130862, 0.5139568, 0.5140143, 0.5115575, 0.5120572, 0.51250154, 0.512313, 0.51242214, 0.5128896, 0.5136231, 0.5132248, 0.5128355, 0.5137855, 0.5121877, 0.5133335, 0.51123, 0.5118855, 0.51140493, 0.5119875, 0.5124272, 0.512463, 0.51376545, 0.51309246, 0.5116826, 0.5121161, 0.5126503, 0.51356876, 0.513434, 0.5138266, 0.5131493, 0.51375276, 0.51303786, 0.51287276, 0.51148933, 0.51226324, 0.5116015, 0.51201826, 0.51105386, 0.51119035, 0.512423, 0.5112748, 0.5135323, 0.5121442, 0.51090455, 0.51240796, 0.5123231, 0.51168185, 0.5109081, 0.5130581, 0.5131193, 0.51231015, 0.5135137, 0.5130602, 0.5124708, 0.5129977, 0.51357657, 0.5131827, 0.5129963, 0.5134461, 0.5141454, 0.5133181, 0.51412505, 0.5137369, 0.5132893, 0.51444256, 0.5122488, 0.5129898, 0.51287705, 0.5149502, 0.5130253, 0.5132713, 0.5127218, 0.51394916, 0.5115858, 0.5128919]
[0.5026349, 0.5032466, 0.5020597, 0.50094515, 0.513182, 0.5165852, 0.4998968, 0.50227576, 0.4998278, 0.50000554, 0.50266963, 0.5010995, 0.5072912, 0.5155195, 0.50210166, 0.5023909, 0.5114727, 0.51139104, 0.50202024, 0.5032068, 0.5020689, 0.49987534, 0.5068053, 0.5002631, 0.5015556, 0.5006014, 0.50041324, 0.5000441, 0.50260514, 0.50287306, 0.4997749, 0.5052542, 0.50091136, 0.50275743, 0.5000184, 0.50024694, 0.50294703, 0.5051627, 0.50097215, 0.50000924, 0.5006462, 0.50241166, 0.5041953, 0.51209503, 0.49985316, 0.50214714, 0.50083065, 0.50218594, 0.5014444, 0.5020962, 0.5015425, 0.51260036, 0.50095844, 0.50534546, 0.5065355, 0.5027085, 0.50154865, 0.502106, 0.50073725, 0.50265795, 0.50406486, 0.50062245, 0.4999194, 0.5029549, 0.50093615, 0.49967155, 0.502065, 0.50328857, 0.4998596, 0.5022331, 0.50366956, 0.5018457, 0.5177905, 0.5158793, 0.516335, 0.51699406, 0.52069604, 0.5172594, 0.5183932, 0.51730984, 0.5182316, 0.51873124, 0.51953524, 0.5197317, 0.51860595, 0.5195924, 0.5178268, 0.52240133, 0.5220984, 0.5189196, 0.51920164, 0.51832813, 0.51782036, 0.5221937, 0.5203557, 0.5181462, 0.5218511, 0.5207967, 0.5208473, 0.5204042, 0.52029693, 0.51882726, 0.52024174, 0.52027696, 0.5200463, 0.5170175, 0.51549774, 0.5208099, 0.51937217, 0.519105, 0.5201663, 0.51877916, 0.5190817, 0.52074116, 0.5185769, 0.521544, 0.51713467, 0.51788056, 0.5183103, 0.52014416, 0.5175607, 0.5215691, 0.522097, 0.5229364, 0.521093, 0.51962894, 0.5194343, 0.5198421, 0.5195279, 0.5186067, 0.51994264, 0.5220334, 0.51614827, 0.52169997, 0.52220386, 0.5206278, 0.5215224, 0.5221148, 0.51762724, 0.51921064, 0.5189514, 0.51737994, 0.5188304, 0.52006584, 0.5207645, 0.52020186, 0.52004933, 0.52120733, 0.5177705, 0.5212095, 0.51791275, 0.5183762, 0.5168357, 0.5179054, 0.5191936, 0.51934963, 0.52150524, 0.5201794, 0.5168744, 0.5175016, 0.52025336, 0.5213291, 0.52085286, 0.52241814, 0.51986635, 0.52033675, 0.5189339, 0.520554, 0.51737887, 0.5193316, 0.5165005, 0.5180429, 0.51657873, 0.51675445, 0.519556, 0.5176962, 0.5209694, 0.51874155, 0.5168146, 0.51962197, 0.51936245, 0.51751345, 0.5161362, 0.52088344, 0.52050346, 0.518265, 0.52047205, 0.5196249, 0.51874685, 0.5210127, 0.52143264, 0.5208216, 0.5206085, 0.52108586, 0.5214539, 0.5204688, 0.52216655, 0.52123654, 0.5218347, 0.523661, 0.51837933, 0.519799, 0.52069587, 0.5243521, 0.5198817, 0.52021027, 0.51999706, 0.5226445, 0.5165875, 0.5214128]
[0.50024796, 0.5007442, 0.49952587, 0.50021523, 0.5074777, 0.50930196, 0.50086737, 0.4996487, 0.50065917, 0.49989876, 0.5000117, 0.49964252, 0.5035436, 0.50880885, 0.50195754, 0.4996897, 0.5055937, 0.5056827, 0.49942803, 0.4999373, 0.49922955, 0.50075215, 0.50352186, 0.5011903, 0.501697, 0.5005637, 0.5005372, 0.5005008, 0.50008494, 0.49991098, 0.50248045, 0.50296897, 0.5027875, 0.50311047, 0.5018183, 0.50039685, 0.50012285, 0.50231814, 0.500254, 0.5013936, 0.49989966, 0.4998073, 0.502491, 0.5064043, 0.5008588, 0.49952778, 0.50237095, 0.50001496, 0.49920234, 0.49990717, 0.49984175, 0.50731224, 0.50127435, 0.50265336, 0.5028822, 0.4996005, 0.49965936, 0.49933565, 0.49997914, 0.50002646, 0.5013685, 0.5000773, 0.5011489, 0.5019784, 0.499464, 0.5002861, 0.50219506, 0.5015697, 0.5013763, 0.50009775, 0.5008086, 0.4991187, 0.5098704, 0.5091986, 0.50936204, 0.5094125, 0.51139534, 0.51021963, 0.5102088, 0.5100116, 0.51035726, 0.5104889, 0.510695, 0.5111697, 0.51036644, 0.5114057, 0.5098539, 0.51221687, 0.5121796, 0.5110247, 0.51066846, 0.5103268, 0.5096276, 0.5124476, 0.51171976, 0.5101643, 0.5120106, 0.5117058, 0.5116432, 0.51163286, 0.51112455, 0.5103545, 0.51143676, 0.51143664, 0.51106477, 0.5094383, 0.5085854, 0.5118807, 0.5107736, 0.5112459, 0.5105691, 0.50994354, 0.51059484, 0.5119632, 0.5101952, 0.51200944, 0.5096977, 0.5102237, 0.51014143, 0.51160794, 0.5097915, 0.5117766, 0.51215845, 0.51247364, 0.51133883, 0.510712, 0.511103, 0.51099545, 0.51134396, 0.5104116, 0.5110266, 0.512075, 0.50867313, 0.51184195, 0.5119775, 0.5113981, 0.51239973, 0.5124826, 0.51023304, 0.51061803, 0.51057357, 0.51049584, 0.5103678, 0.5111045, 0.5116765, 0.5115189, 0.51090235, 0.5120101, 0.5105331, 0.5115588, 0.5095057, 0.5102695, 0.50948125, 0.51032597, 0.510875, 0.51110727, 0.51211965, 0.51158303, 0.50999403, 0.51000476, 0.5111081, 0.51147497, 0.5115257, 0.5122663, 0.51112735, 0.5117073, 0.51125807, 0.51119167, 0.50984955, 0.51088274, 0.50956446, 0.51013505, 0.50934345, 0.50928205, 0.5106766, 0.50978816, 0.5116168, 0.51055276, 0.5094046, 0.5107413, 0.5106142, 0.5095603, 0.509409, 0.5122397, 0.5112718, 0.51052105, 0.51162475, 0.51099473, 0.5103482, 0.51161903, 0.511661, 0.511681, 0.51140344, 0.51142156, 0.5125427, 0.51189065, 0.5124078, 0.5119227, 0.5114561, 0.51292425, 0.5103495, 0.51115346, 0.51103956, 0.51328427, 0.51140046, 0.5120391, 0.5109155, 0.5124614, 0.509714, 0.51161534]
[0.5023851, 0.50344586, 0.50062174, 0.5016752, 0.50791967, 0.5091666, 0.5012203, 0.5026479, 0.50258595, 0.5017227, 0.5030208, 0.5012098, 0.5053036, 0.5090374, 0.50241435, 0.5023601, 0.50696486, 0.5068745, 0.5022613, 0.5036923, 0.5025994, 0.5015346, 0.50519454, 0.5021174, 0.5037017, 0.5024721, 0.5023939, 0.5022548, 0.5030246, 0.50363797, 0.50173515, 0.50397354, 0.50395316, 0.50410795, 0.50317883, 0.5016064, 0.5030199, 0.5068775, 0.5011523, 0.50294125, 0.5018792, 0.5023017, 0.5040371, 0.50680286, 0.5017429, 0.50253195, 0.5011221, 0.50160587, 0.50060976, 0.50149024, 0.5005796, 0.5077349, 0.5031407, 0.50414854, 0.5038937, 0.5022544, 0.5005117, 0.50128037, 0.5009077, 0.50304526, 0.50574946, 0.5009568, 0.50251305, 0.50396067, 0.50066555, 0.50113755, 0.50309074, 0.50352174, 0.502063, 0.50237083, 0.5044946, 0.5016282, 0.5094948, 0.508846, 0.5090696, 0.50926125, 0.51109165, 0.50931525, 0.5098489, 0.5097878, 0.5100251, 0.51013845, 0.5106281, 0.51070553, 0.5103064, 0.5110236, 0.50968117, 0.5120026, 0.511967, 0.51026833, 0.51029915, 0.5099224, 0.5096437, 0.5119778, 0.5108593, 0.5102262, 0.51194817, 0.5111021, 0.5113052, 0.5111867, 0.5109511, 0.5104854, 0.5109741, 0.510638, 0.51083755, 0.5091332, 0.50856924, 0.5110531, 0.510497, 0.5104191, 0.5104822, 0.5097902, 0.51028484, 0.51132166, 0.51035076, 0.5113235, 0.5091401, 0.5095755, 0.50972253, 0.51102626, 0.50972086, 0.51149505, 0.5116587, 0.5120764, 0.51145816, 0.51021934, 0.5104529, 0.51065165, 0.51051664, 0.50999755, 0.5104892, 0.5116749, 0.5090017, 0.5115262, 0.5116052, 0.51100713, 0.5115766, 0.51168865, 0.5095984, 0.51051354, 0.5103124, 0.5097283, 0.510549, 0.5111094, 0.5112202, 0.5111493, 0.510731, 0.51141334, 0.5099158, 0.5111668, 0.5098832, 0.5101518, 0.5096322, 0.5097937, 0.510394, 0.5103396, 0.51146364, 0.51085526, 0.5097118, 0.5093962, 0.5104361, 0.5110153, 0.51062346, 0.5118189, 0.51106614, 0.51109296, 0.5104889, 0.5109665, 0.50956255, 0.5102204, 0.50907856, 0.5100225, 0.5088663, 0.5089981, 0.5103034, 0.50962526, 0.51135886, 0.51031893, 0.5088259, 0.51022387, 0.5103384, 0.50945795, 0.5088249, 0.51120293, 0.51136357, 0.5100651, 0.51092863, 0.51058704, 0.5099883, 0.5111594, 0.51132995, 0.51096517, 0.5108528, 0.51103014, 0.5117072, 0.5109201, 0.5116703, 0.51131773, 0.5112735, 0.5121859, 0.51003623, 0.51074135, 0.510969, 0.5125768, 0.51039344, 0.5108633, 0.5107219, 0.51170576, 0.50936824, 0.5112176]
[0.5038385, 0.5044952, 0.50310254, 0.501695, 0.51078004, 0.51385593, 0.50040555, 0.5025561, 0.50090986, 0.5014665, 0.5041818, 0.5023669, 0.50366724, 0.51329917, 0.5022407, 0.50306195, 0.507747, 0.50786304, 0.50313306, 0.50352484, 0.502088, 0.5011337, 0.5053987, 0.50050575, 0.50047356, 0.50079155, 0.5007535, 0.5007413, 0.5028825, 0.50260454, 0.5033698, 0.5032583, 0.5022627, 0.5033076, 0.50158465, 0.5006449, 0.5033684, 0.50587094, 0.50099266, 0.5008076, 0.5015839, 0.5027743, 0.5036123, 0.50961834, 0.50046104, 0.5024143, 0.50225943, 0.5019465, 0.50241816, 0.50340766, 0.5014567, 0.5108761, 0.50146174, 0.50422394, 0.50382465, 0.5025358, 0.50207424, 0.5023879, 0.50106263, 0.50368893, 0.5052822, 0.5014726, 0.5007142, 0.502473, 0.50246775, 0.5004566, 0.5003548, 0.5009605, 0.50060546, 0.50336117, 0.50388503, 0.50215405, 0.51422095, 0.5131897, 0.5136186, 0.5136487, 0.5170699, 0.5147863, 0.51501817, 0.51449907, 0.515371, 0.51520526, 0.5161035, 0.51626647, 0.51458836, 0.51675034, 0.514578, 0.51789963, 0.51779956, 0.5163871, 0.51541394, 0.51493716, 0.51405746, 0.51809996, 0.51676214, 0.5150186, 0.5173427, 0.5171515, 0.51653355, 0.51693714, 0.51730245, 0.5151126, 0.51649284, 0.5164358, 0.5163595, 0.5137498, 0.51281697, 0.51736253, 0.51560444, 0.51657933, 0.51555914, 0.5136621, 0.51541936, 0.5173486, 0.5149228, 0.5177166, 0.514055, 0.5148826, 0.51457787, 0.5165055, 0.51475024, 0.5169556, 0.5175982, 0.5183211, 0.51698506, 0.5154111, 0.51631033, 0.5157397, 0.51659524, 0.5153117, 0.5160848, 0.5174803, 0.5121805, 0.5173579, 0.51726645, 0.5165297, 0.5181415, 0.518408, 0.51426303, 0.5156849, 0.5155255, 0.5154873, 0.51506025, 0.5163038, 0.51752603, 0.51705694, 0.5156979, 0.5173044, 0.51546985, 0.5170859, 0.5139072, 0.5150077, 0.51418835, 0.5148737, 0.51566947, 0.51611525, 0.5174511, 0.5169973, 0.5147193, 0.5144598, 0.5166905, 0.51712143, 0.5174079, 0.5176149, 0.51690537, 0.5176812, 0.5164371, 0.5163493, 0.51439184, 0.5156598, 0.5141326, 0.5145711, 0.51376474, 0.51371396, 0.5157553, 0.5144574, 0.5175979, 0.51513135, 0.51361567, 0.5154527, 0.5157518, 0.51383185, 0.5138347, 0.5170306, 0.5164687, 0.515107, 0.5168046, 0.5165451, 0.51576173, 0.5167701, 0.5171636, 0.5169317, 0.51663303, 0.51658815, 0.5176094, 0.51730293, 0.51819265, 0.5174149, 0.5166862, 0.51879805, 0.51569015, 0.51641774, 0.5166509, 0.5195101, 0.51676595, 0.51747584, 0.51642483, 0.51841813, 0.5138201, 0.51652604]
[0.50408125, 0.5048755, 0.5030097, 0.5010441, 0.5086241, 0.51047593, 0.5016635, 0.5036357, 0.50221336, 0.5013657, 0.5041061, 0.50099266, 0.50542617, 0.5097278, 0.5032638, 0.50311136, 0.5075477, 0.5076909, 0.5028493, 0.5034737, 0.50170285, 0.5011935, 0.50485724, 0.50255996, 0.5028711, 0.50193727, 0.5024891, 0.50178576, 0.50344014, 0.5037381, 0.503266, 0.50434357, 0.50390446, 0.50402653, 0.50283885, 0.50157464, 0.5043889, 0.5075704, 0.50125724, 0.5024473, 0.5013507, 0.50329286, 0.5036627, 0.5080134, 0.5016357, 0.50240064, 0.5016776, 0.50202, 0.50205415, 0.5036594, 0.5011082, 0.5083825, 0.5030099, 0.50433, 0.504407, 0.5037454, 0.50192547, 0.50300944, 0.5017392, 0.50387335, 0.506159, 0.50144047, 0.50214463, 0.5036697, 0.5022526, 0.50169474, 0.50381935, 0.50329596, 0.5020113, 0.50348884, 0.50528115, 0.5028711, 0.5103791, 0.51000434, 0.5100279, 0.51022387, 0.5123089, 0.5109255, 0.51141655, 0.51077974, 0.5115254, 0.51135635, 0.51178104, 0.5116762, 0.51145333, 0.51206005, 0.5109327, 0.51316607, 0.5133957, 0.51147854, 0.51154226, 0.5112601, 0.51095885, 0.5132769, 0.51230335, 0.5110724, 0.51321036, 0.5126614, 0.51257396, 0.5126309, 0.5120642, 0.5116294, 0.5123552, 0.5120387, 0.51200753, 0.5106771, 0.50985855, 0.5124457, 0.51185817, 0.5119926, 0.51196575, 0.5112279, 0.51150817, 0.5127217, 0.51149505, 0.51310956, 0.5103636, 0.51095915, 0.5110398, 0.5119998, 0.51105624, 0.51266676, 0.51296794, 0.5135672, 0.51264304, 0.5116296, 0.5117755, 0.5122493, 0.5116627, 0.51134175, 0.5117393, 0.5132299, 0.5104657, 0.5129057, 0.5131821, 0.5122257, 0.51305145, 0.51319075, 0.51090384, 0.5119375, 0.5116702, 0.51132464, 0.511415, 0.51198345, 0.51223844, 0.5122061, 0.511991, 0.512589, 0.5111432, 0.5128072, 0.5107519, 0.5112125, 0.5104462, 0.510966, 0.51161253, 0.5120504, 0.5125129, 0.511955, 0.5107055, 0.5105129, 0.5120139, 0.5127776, 0.51243895, 0.51317626, 0.5122326, 0.5124109, 0.51200444, 0.51222825, 0.5107433, 0.5115707, 0.5103791, 0.5111461, 0.51005393, 0.51010585, 0.51188606, 0.51062083, 0.51263213, 0.5114063, 0.51031256, 0.51164377, 0.5120282, 0.51076865, 0.5102319, 0.5129328, 0.51251155, 0.5114102, 0.5121555, 0.5115025, 0.5108237, 0.51274955, 0.5129758, 0.51238865, 0.5126938, 0.5126351, 0.5130262, 0.5122103, 0.51324296, 0.51225454, 0.51285803, 0.51395935, 0.5109336, 0.51164836, 0.5121549, 0.5141856, 0.51196474, 0.51282305, 0.51195276, 0.51336193, 0.5103233, 0.5128923]
[0.50016314, 0.50045353, 0.4997736, 0.500913, 0.5106161, 0.5130548, 0.5015818, 0.50007945, 0.50278074, 0.50176597, 0.5002048, 0.50050914, 0.50620675, 0.5121712, 0.50326395, 0.49980322, 0.50922996, 0.5090292, 0.49970573, 0.50055885, 0.49973688, 0.50223607, 0.5063517, 0.50364256, 0.50354123, 0.5029704, 0.50319093, 0.50286615, 0.49984914, 0.5000562, 0.50344485, 0.504924, 0.50460124, 0.5050167, 0.50293005, 0.50136507, 0.5002843, 0.50195783, 0.50131536, 0.50314337, 0.5016008, 0.4998879, 0.5043829, 0.5097142, 0.5017912, 0.49973908, 0.5016964, 0.50004715, 0.4999448, 0.49987128, 0.500531, 0.5101872, 0.50352275, 0.50542355, 0.5057247, 0.49992108, 0.5003459, 0.49961722, 0.5018798, 0.5001675, 0.50124747, 0.5011054, 0.5029255, 0.50485253, 0.500021, 0.5024713, 0.5039488, 0.50444925, 0.5027591, 0.49988005, 0.50059426, 0.5000533, 0.5133496, 0.5127902, 0.5130347, 0.5129521, 0.5155502, 0.5135764, 0.51380724, 0.5137466, 0.514059, 0.51406664, 0.5147269, 0.5149056, 0.5142589, 0.51507455, 0.51344717, 0.51673526, 0.5166226, 0.51432145, 0.5140624, 0.51412934, 0.5135498, 0.5166471, 0.5150614, 0.5144519, 0.51659364, 0.51554257, 0.5157334, 0.5154054, 0.51503867, 0.51463133, 0.515367, 0.51526386, 0.51507026, 0.51311725, 0.51175267, 0.5156502, 0.51492566, 0.5142445, 0.51496613, 0.5140114, 0.51412624, 0.5159139, 0.5141214, 0.51590693, 0.5125548, 0.51365745, 0.5135355, 0.51518685, 0.51334596, 0.51626325, 0.51622075, 0.5170669, 0.5158714, 0.5143158, 0.5145016, 0.5147977, 0.514513, 0.5140064, 0.5149468, 0.51656634, 0.5126974, 0.5163556, 0.5163188, 0.5152491, 0.5164075, 0.5166103, 0.5134899, 0.5145906, 0.51419294, 0.51362413, 0.5141615, 0.5153226, 0.51573265, 0.5155767, 0.51501393, 0.51592517, 0.5135105, 0.5156794, 0.51348394, 0.51355416, 0.51244897, 0.51361716, 0.5143838, 0.51463646, 0.516132, 0.51539886, 0.5132662, 0.51286143, 0.5148921, 0.5155051, 0.5150348, 0.5167226, 0.51525295, 0.5154075, 0.5148516, 0.514999, 0.51324266, 0.5143305, 0.51263124, 0.5138042, 0.51233673, 0.5124378, 0.5145535, 0.5132548, 0.5156118, 0.5142269, 0.51272494, 0.5144021, 0.5145087, 0.5133581, 0.5125597, 0.5158085, 0.5158606, 0.51396865, 0.51544493, 0.51431465, 0.5136544, 0.51562274, 0.5160195, 0.51575625, 0.5151233, 0.5150508, 0.51632965, 0.5154758, 0.51652646, 0.51538515, 0.51604056, 0.5171326, 0.5133534, 0.5153436, 0.515296, 0.51789325, 0.514734, 0.5152248, 0.5149071, 0.51697826, 0.5126963, 0.5158658]
[0.49979076, 0.49977687, 0.50024885, 0.50124466, 0.5080217, 0.5098281, 0.5021662, 0.49961632, 0.50228244, 0.5018709, 0.4996374, 0.50108635, 0.5047334, 0.50917876, 0.50306803, 0.49960726, 0.5069983, 0.50720066, 0.49999958, 0.5003158, 0.49997675, 0.5009711, 0.5048636, 0.50337553, 0.50333196, 0.50287724, 0.50246763, 0.5021212, 0.49949875, 0.4996072, 0.50305754, 0.5036566, 0.5028926, 0.5033585, 0.5027665, 0.50202036, 0.49980232, 0.50193685, 0.5015034, 0.5030341, 0.50145787, 0.500171, 0.5035742, 0.50761837, 0.50225294, 0.5001674, 0.50020975, 0.500196, 0.50048596, 0.5001944, 0.50071883, 0.50779915, 0.5026377, 0.5041344, 0.50429475, 0.4995687, 0.50054663, 0.5000396, 0.5017503, 0.49945235, 0.5010099, 0.50137466, 0.50224906, 0.5034836, 0.50085974, 0.50206214, 0.50320446, 0.5032895, 0.50173527, 0.4998436, 0.5000387, 0.50067705, 0.5098471, 0.50885624, 0.50910735, 0.50959843, 0.5116627, 0.5097224, 0.5107227, 0.50996387, 0.51070666, 0.51072913, 0.51093316, 0.5114105, 0.5105455, 0.5115563, 0.5103102, 0.51257616, 0.5128058, 0.5111396, 0.5108167, 0.510347, 0.5103154, 0.51271206, 0.51128423, 0.5107026, 0.5125039, 0.51174015, 0.51185006, 0.51152796, 0.51174664, 0.5106686, 0.511531, 0.5116086, 0.51135296, 0.50987613, 0.5094023, 0.5116353, 0.5112102, 0.5109401, 0.51146, 0.51066923, 0.5104941, 0.5122191, 0.510924, 0.51219046, 0.5097916, 0.5101744, 0.5104806, 0.51146096, 0.51078385, 0.51180035, 0.5121121, 0.51263314, 0.51208085, 0.51127917, 0.5110879, 0.5115728, 0.5110552, 0.5105068, 0.5109355, 0.5123082, 0.5095976, 0.5123301, 0.5123615, 0.5116384, 0.5123394, 0.5125617, 0.5102786, 0.5109889, 0.5110761, 0.51059854, 0.51083523, 0.511559, 0.5118239, 0.51173025, 0.51157504, 0.51221496, 0.51058215, 0.511852, 0.51013523, 0.51059663, 0.50970477, 0.510515, 0.51095915, 0.51074046, 0.5120356, 0.51148325, 0.51017934, 0.5102294, 0.511278, 0.512093, 0.5117729, 0.51245964, 0.5118114, 0.5121038, 0.51108813, 0.5117151, 0.51031935, 0.51047045, 0.5097511, 0.5104671, 0.50967324, 0.5099366, 0.5110849, 0.5099971, 0.5121598, 0.5106653, 0.5100299, 0.51101595, 0.5112784, 0.5102638, 0.509307, 0.51191795, 0.51138747, 0.51060337, 0.5115032, 0.51055217, 0.50999117, 0.51216847, 0.5123641, 0.5117847, 0.5115972, 0.51191795, 0.51203406, 0.5116569, 0.51262903, 0.5116166, 0.51224345, 0.5132176, 0.5101665, 0.511591, 0.51186293, 0.5134041, 0.5114864, 0.511744, 0.51157755, 0.5125603, 0.5100006, 0.5120437]
[0.5001255, 0.5001766, 0.5022523, 0.50486296, 0.51307803, 0.5153246, 0.50443363, 0.5002197, 0.5049348, 0.5040032, 0.49985495, 0.50292355, 0.5092293, 0.5148703, 0.5061169, 0.500228, 0.5111612, 0.51118886, 0.50106126, 0.4999249, 0.50144225, 0.5045612, 0.5090445, 0.5046284, 0.505835, 0.50517833, 0.50554436, 0.5048649, 0.49989453, 0.4999043, 0.50472295, 0.5084479, 0.5080532, 0.5078624, 0.5065259, 0.5047795, 0.49998856, 0.5021073, 0.5042211, 0.5063195, 0.50265217, 0.50081676, 0.50853044, 0.51191044, 0.5046034, 0.5012305, 0.50653523, 0.5024195, 0.50225174, 0.5011417, 0.503907, 0.5129222, 0.5064596, 0.50789714, 0.5081908, 0.49997318, 0.501576, 0.50168854, 0.50318193, 0.5001835, 0.50150454, 0.503052, 0.50645596, 0.5077093, 0.5005094, 0.50468725, 0.50609165, 0.5067762, 0.50692594, 0.49986914, 0.50062764, 0.50177294, 0.516676, 0.5154736, 0.5159352, 0.5153987, 0.5186287, 0.51593226, 0.51652527, 0.51628697, 0.51695144, 0.51689833, 0.51760304, 0.51770467, 0.5172436, 0.518194, 0.5158086, 0.5202299, 0.51975733, 0.5168529, 0.5168539, 0.5165859, 0.5160087, 0.5197523, 0.51848245, 0.51726204, 0.5192264, 0.5187733, 0.51846737, 0.5183478, 0.518162, 0.51693296, 0.5180818, 0.5180367, 0.5181633, 0.5152521, 0.51412046, 0.5185944, 0.5172167, 0.5172375, 0.51796424, 0.5164961, 0.5171744, 0.5185897, 0.51613015, 0.5188303, 0.5158131, 0.51627034, 0.516206, 0.5184003, 0.51620024, 0.5189819, 0.5191043, 0.51987344, 0.51872283, 0.5172234, 0.5173051, 0.5175157, 0.51750153, 0.51703477, 0.5179181, 0.51908296, 0.5147805, 0.5185713, 0.51948, 0.5182151, 0.5189991, 0.51950365, 0.5165071, 0.5175593, 0.5170907, 0.5160252, 0.51718193, 0.5181208, 0.51914674, 0.51822215, 0.51769334, 0.5186964, 0.516423, 0.51862097, 0.5158062, 0.5167082, 0.5157179, 0.5167237, 0.5172599, 0.5172637, 0.5188345, 0.51829666, 0.5160145, 0.5150938, 0.5179152, 0.51806587, 0.51805264, 0.5199613, 0.51786804, 0.5180829, 0.5173499, 0.5177416, 0.51578265, 0.51823354, 0.5153767, 0.51636946, 0.51460713, 0.51476413, 0.51733744, 0.5161055, 0.51837265, 0.5172597, 0.515142, 0.51713616, 0.5169114, 0.5154306, 0.5152327, 0.51873755, 0.51852804, 0.5167687, 0.5185039, 0.51836556, 0.51734036, 0.5183893, 0.5185758, 0.51827747, 0.5182957, 0.51755244, 0.5198472, 0.51877254, 0.5190104, 0.5187691, 0.51915926, 0.5202487, 0.5164825, 0.5178431, 0.5185415, 0.5209379, 0.5170654, 0.5181166, 0.5174754, 0.5200162, 0.51600695, 0.518526]
[0.50124305, 0.5018059, 0.5007876, 0.49989453, 0.5081008, 0.5099745, 0.5016407, 0.5010203, 0.50111425, 0.50034463, 0.5014283, 0.5001651, 0.5034177, 0.5097027, 0.5025958, 0.5005338, 0.5063365, 0.5066508, 0.5007009, 0.501751, 0.50109816, 0.50121176, 0.50495553, 0.5014464, 0.5022876, 0.50165576, 0.50152, 0.50201404, 0.5008643, 0.5007972, 0.50214934, 0.50434554, 0.503633, 0.50419784, 0.50177675, 0.5006782, 0.5013964, 0.5035967, 0.5002709, 0.50183535, 0.5006082, 0.5005343, 0.5033715, 0.5071236, 0.5014372, 0.5005288, 0.5022998, 0.5001247, 0.50007045, 0.5010487, 0.5002002, 0.50798005, 0.50247574, 0.50408244, 0.50349414, 0.5007961, 0.500017, 0.49988446, 0.50014126, 0.5011135, 0.5027299, 0.5011467, 0.501826, 0.503543, 0.5002709, 0.50092363, 0.5027906, 0.50233877, 0.502044, 0.5009466, 0.50201815, 0.50027865, 0.5107502, 0.50961643, 0.5099808, 0.5102108, 0.5119777, 0.51078206, 0.51087433, 0.5106304, 0.51073545, 0.51119554, 0.51143616, 0.51139665, 0.5108822, 0.5117052, 0.5104566, 0.5129779, 0.51259154, 0.51154965, 0.51137877, 0.5110462, 0.51060414, 0.5126628, 0.5113481, 0.51074547, 0.5126427, 0.51235723, 0.5121122, 0.5120554, 0.512373, 0.510965, 0.5117845, 0.5119954, 0.5114692, 0.5103037, 0.50953394, 0.5123679, 0.5111963, 0.51142377, 0.511368, 0.51059437, 0.5110448, 0.51231444, 0.51054573, 0.51245326, 0.51025146, 0.5106006, 0.51073575, 0.5116482, 0.51043147, 0.51239514, 0.51246935, 0.5130518, 0.5120772, 0.51125747, 0.51133156, 0.51133066, 0.5117195, 0.51095694, 0.5117074, 0.5128766, 0.50932807, 0.5125002, 0.5122898, 0.511965, 0.51289064, 0.513113, 0.51080227, 0.5112552, 0.5107974, 0.5109812, 0.51096845, 0.5115502, 0.51227796, 0.5121983, 0.5116616, 0.51246476, 0.5108549, 0.5120228, 0.510302, 0.5107936, 0.5099736, 0.5107766, 0.5113623, 0.5113245, 0.51261544, 0.5117898, 0.5104149, 0.5107583, 0.5115272, 0.51235354, 0.5122055, 0.5127382, 0.5114587, 0.5123506, 0.5115612, 0.5119488, 0.5103223, 0.5112155, 0.51010334, 0.5108746, 0.50990313, 0.50998485, 0.5114462, 0.5105809, 0.51240134, 0.51078117, 0.5097916, 0.51144075, 0.51130414, 0.5101833, 0.50976616, 0.5120765, 0.51234394, 0.51089615, 0.51213, 0.51162404, 0.5109727, 0.5119442, 0.51211214, 0.5123919, 0.5122825, 0.5120441, 0.5125112, 0.5123299, 0.5130834, 0.5123521, 0.5125367, 0.5134327, 0.5110849, 0.51141614, 0.5116486, 0.5139688, 0.51157767, 0.5122385, 0.5116291, 0.5129295, 0.510191, 0.5120465]
[0.5023647, 0.503018, 0.5013517, 0.5003784, 0.5067768, 0.508343, 0.5020557, 0.50141686, 0.5015814, 0.50109124, 0.5029021, 0.50076133, 0.50380313, 0.50793946, 0.5028043, 0.501429, 0.50606513, 0.5060295, 0.5015518, 0.502671, 0.5013578, 0.5009303, 0.50424874, 0.5022908, 0.50217396, 0.5017993, 0.50177777, 0.5016063, 0.501453, 0.50186753, 0.50258327, 0.5033097, 0.50244075, 0.5033194, 0.50196683, 0.5007696, 0.50241923, 0.5054285, 0.5006007, 0.5018396, 0.50111055, 0.50155133, 0.5026575, 0.5063996, 0.5017112, 0.5008221, 0.5010386, 0.50075984, 0.5010287, 0.5020444, 0.50052744, 0.50670135, 0.5021073, 0.5034487, 0.5034892, 0.50129086, 0.5005359, 0.50110817, 0.5013441, 0.50202227, 0.50416714, 0.5009247, 0.5014695, 0.50310385, 0.5005702, 0.5010767, 0.5025996, 0.5022493, 0.5017637, 0.5019861, 0.5036236, 0.501094, 0.5083071, 0.50776315, 0.5079219, 0.5082381, 0.5096618, 0.50860196, 0.5089477, 0.50839686, 0.5088167, 0.5089553, 0.5093993, 0.509408, 0.50866544, 0.5095485, 0.50875837, 0.51034003, 0.51036555, 0.50950795, 0.509169, 0.50906533, 0.50864196, 0.51029885, 0.50944245, 0.50877947, 0.51041335, 0.5101132, 0.5099346, 0.5098647, 0.5099246, 0.5089655, 0.5097891, 0.50970197, 0.5092943, 0.50845635, 0.5082321, 0.50992924, 0.5091787, 0.5096741, 0.5091768, 0.5084813, 0.5089463, 0.5099297, 0.50903296, 0.5101868, 0.5083373, 0.50887764, 0.50874203, 0.5096171, 0.50887156, 0.50993323, 0.5100362, 0.510592, 0.50992453, 0.5091807, 0.5093349, 0.50947094, 0.5094212, 0.50880194, 0.50918925, 0.51032054, 0.50802666, 0.51021075, 0.5100341, 0.51009405, 0.51062334, 0.51052123, 0.508643, 0.509382, 0.509186, 0.50883484, 0.509316, 0.50954044, 0.5098928, 0.5100081, 0.5095075, 0.5102223, 0.50909954, 0.50975144, 0.5086601, 0.50900817, 0.5084073, 0.5087967, 0.5093332, 0.5092282, 0.51021063, 0.50966084, 0.5086099, 0.50892353, 0.5095136, 0.5103372, 0.5099098, 0.5101712, 0.50985974, 0.5102798, 0.5093975, 0.5098754, 0.5089797, 0.50902444, 0.5084504, 0.5090721, 0.50821954, 0.50826865, 0.5093582, 0.5083856, 0.5101696, 0.5086425, 0.5082812, 0.5093021, 0.509442, 0.5086537, 0.5080902, 0.50994784, 0.5096973, 0.5088255, 0.50972277, 0.50928974, 0.50896126, 0.5098169, 0.509873, 0.5097752, 0.5098319, 0.51006293, 0.50989676, 0.5097718, 0.5104919, 0.5098202, 0.5099931, 0.510825, 0.5090502, 0.50953054, 0.50958353, 0.51114714, 0.5095735, 0.51009935, 0.5095588, 0.51041096, 0.50838864, 0.5101855]
[0.5002228, 0.50038683, 0.4997602, 0.50077635, 0.51125693, 0.5133046, 0.5045851, 0.4995248, 0.50226045, 0.5015164, 0.49934682, 0.5006098, 0.5066042, 0.51281273, 0.5048371, 0.4996469, 0.5091569, 0.5094952, 0.500258, 0.49963573, 0.5002732, 0.50408566, 0.5071388, 0.5042386, 0.50494313, 0.50365114, 0.50295997, 0.5040311, 0.49995983, 0.50090647, 0.5071706, 0.5068134, 0.5067604, 0.50733566, 0.50342596, 0.5030067, 0.49953148, 0.5020901, 0.5025676, 0.5045597, 0.5028175, 0.500516, 0.50625676, 0.51013285, 0.5053008, 0.50063175, 0.50598276, 0.5030878, 0.5001182, 0.499567, 0.5022542, 0.5109993, 0.50559694, 0.50678223, 0.5066907, 0.50018597, 0.50083417, 0.5009156, 0.5026544, 0.4998943, 0.5008426, 0.5034365, 0.5048922, 0.5061087, 0.5005735, 0.5029804, 0.5053904, 0.5047396, 0.5048284, 0.49944583, 0.5002912, 0.50088114, 0.5145286, 0.5133124, 0.5136596, 0.51356333, 0.5162341, 0.51536566, 0.514442, 0.5144019, 0.514831, 0.5150768, 0.5149337, 0.5153157, 0.51424766, 0.51563615, 0.51406664, 0.5170485, 0.51676446, 0.515676, 0.5146717, 0.5149638, 0.5144544, 0.5172676, 0.5155429, 0.5144083, 0.5164448, 0.51681936, 0.51588416, 0.5156256, 0.51608104, 0.5142581, 0.5160246, 0.5165041, 0.51582116, 0.51455015, 0.51302844, 0.51678544, 0.51556164, 0.5157238, 0.51563954, 0.5147338, 0.515083, 0.5167328, 0.5140181, 0.5164913, 0.5137901, 0.5146655, 0.5143938, 0.5158664, 0.51415974, 0.51661146, 0.5164586, 0.5170528, 0.51591414, 0.5149602, 0.5152869, 0.51563334, 0.5154449, 0.514864, 0.515958, 0.5167095, 0.51319253, 0.51626813, 0.51615465, 0.51587886, 0.5171968, 0.5171516, 0.5148834, 0.51513755, 0.5149558, 0.51484084, 0.51459587, 0.51531994, 0.5165599, 0.5165942, 0.5155259, 0.5162015, 0.5147812, 0.5162048, 0.51361287, 0.5145715, 0.5136583, 0.51432174, 0.51532274, 0.515256, 0.51661706, 0.5165652, 0.5146196, 0.5146027, 0.51554704, 0.5160005, 0.5161393, 0.51698214, 0.5155402, 0.51604277, 0.51534134, 0.51543605, 0.5140688, 0.5152922, 0.5138969, 0.51458454, 0.51325864, 0.51314265, 0.51549333, 0.5144465, 0.516052, 0.5145646, 0.51372826, 0.51529616, 0.51511127, 0.5136406, 0.5136659, 0.5167382, 0.5159458, 0.514752, 0.51594204, 0.51525646, 0.5148244, 0.5163643, 0.5162751, 0.51632845, 0.51673067, 0.51560056, 0.51707345, 0.5161618, 0.51670444, 0.51615185, 0.51629424, 0.5176454, 0.5148694, 0.5156134, 0.5157845, 0.5179981, 0.5162849, 0.5165941, 0.5150774, 0.51731, 0.5142374, 0.5159629]
[0.4999006, 0.5000745, 0.4989946, 0.4997848, 0.5134185, 0.5166953, 0.5024748, 0.49971277, 0.500711, 0.50036865, 0.49966478, 0.49917048, 0.5058795, 0.51554734, 0.505095, 0.49951494, 0.51059085, 0.5106011, 0.4989795, 0.5000994, 0.49901715, 0.50331455, 0.50780195, 0.5026471, 0.5032138, 0.5041775, 0.5021019, 0.5026452, 0.49963072, 0.4994884, 0.50660235, 0.5063929, 0.5064242, 0.50728476, 0.50407785, 0.50174874, 0.49989042, 0.5015129, 0.5001256, 0.5029457, 0.49965227, 0.49904516, 0.5056317, 0.5118356, 0.5031232, 0.499216, 0.5054415, 0.49992085, 0.4989985, 0.4996643, 0.4994175, 0.5134534, 0.50272584, 0.5063828, 0.5068046, 0.4997256, 0.4988511, 0.49896443, 0.4992259, 0.49995327, 0.50109154, 0.5016244, 0.50291073, 0.50551975, 0.49909815, 0.50306433, 0.5037479, 0.50413734, 0.5009789, 0.49957156, 0.5005205, 0.4989825, 0.5184777, 0.5163956, 0.51646245, 0.51686364, 0.5204848, 0.5186452, 0.51734865, 0.51749, 0.5177678, 0.5188363, 0.5187516, 0.5190514, 0.51783097, 0.5195868, 0.51720613, 0.52125823, 0.5206352, 0.51928496, 0.518179, 0.51823914, 0.51779836, 0.52085805, 0.5189477, 0.5187175, 0.52064526, 0.52033734, 0.5201457, 0.52030605, 0.5208132, 0.5179082, 0.5195252, 0.5203643, 0.5193564, 0.51766986, 0.51557606, 0.5205619, 0.51920503, 0.51905376, 0.51932985, 0.51809955, 0.5181051, 0.5204296, 0.5171868, 0.52067184, 0.51721746, 0.51771516, 0.5179666, 0.51979333, 0.5175297, 0.5201552, 0.5211232, 0.52177894, 0.52030325, 0.51850754, 0.5186918, 0.51829284, 0.5192465, 0.51842654, 0.519587, 0.52125996, 0.51574636, 0.5205915, 0.52042884, 0.5197883, 0.520987, 0.5214472, 0.5181945, 0.5184131, 0.5184722, 0.5186406, 0.51822513, 0.5195282, 0.5211315, 0.5201125, 0.51948905, 0.52053434, 0.518327, 0.5204658, 0.5169531, 0.51794994, 0.51709837, 0.51744294, 0.518956, 0.5189077, 0.5208993, 0.52017576, 0.5174104, 0.51832104, 0.51922035, 0.520621, 0.52091783, 0.52077913, 0.5191452, 0.5206001, 0.5192804, 0.51938283, 0.51691043, 0.51851964, 0.51711637, 0.517881, 0.51586175, 0.51616234, 0.51887995, 0.5180784, 0.5204206, 0.51836824, 0.5165826, 0.518619, 0.5185956, 0.5168653, 0.5162623, 0.52043945, 0.5199824, 0.51845616, 0.5201638, 0.51940066, 0.51898223, 0.5202145, 0.5203458, 0.5205427, 0.5200637, 0.51988274, 0.52119744, 0.5211007, 0.52130926, 0.5207351, 0.5204882, 0.5221462, 0.51838875, 0.5193995, 0.5194586, 0.5229222, 0.51993227, 0.52022475, 0.5190279, 0.5217257, 0.517489, 0.5192994]
[0.50084, 0.50152963, 0.5003336, 0.49988374, 0.51094407, 0.5138796, 0.5025263, 0.50058925, 0.5022704, 0.50122243, 0.5009915, 0.49967465, 0.5052307, 0.5131143, 0.5037058, 0.4999619, 0.50838435, 0.5086635, 0.49990287, 0.5008485, 0.49963847, 0.50160486, 0.50619185, 0.50374484, 0.5033408, 0.5018521, 0.5024817, 0.5022269, 0.50022966, 0.4998181, 0.506352, 0.50484365, 0.50456023, 0.50519216, 0.50293577, 0.5015321, 0.50067675, 0.50279427, 0.50042707, 0.5027601, 0.5013006, 0.49979737, 0.50389767, 0.51005113, 0.50383496, 0.49994195, 0.50344795, 0.5001202, 0.49989656, 0.50063443, 0.5000204, 0.510376, 0.5034704, 0.5050831, 0.50477445, 0.49983853, 0.49992406, 0.49957448, 0.5018131, 0.50046164, 0.5021855, 0.50138825, 0.50259703, 0.5043015, 0.49975002, 0.50152445, 0.5043609, 0.50302494, 0.5021684, 0.50034046, 0.5014057, 0.4997172, 0.51429844, 0.5130528, 0.5133148, 0.51370806, 0.5166639, 0.5153138, 0.5148027, 0.5144921, 0.51513225, 0.51576406, 0.51584613, 0.51595026, 0.5149662, 0.5160535, 0.5149264, 0.51813704, 0.5178076, 0.51613295, 0.51581377, 0.5155257, 0.5146217, 0.5178984, 0.516059, 0.5148519, 0.51789135, 0.5176042, 0.51688415, 0.5169714, 0.517105, 0.5151725, 0.51673436, 0.5170497, 0.5160666, 0.5145265, 0.51329905, 0.51733005, 0.51629865, 0.5164807, 0.51596063, 0.5145691, 0.51520354, 0.5174379, 0.51490057, 0.5175269, 0.513939, 0.5146694, 0.51496965, 0.5164832, 0.5146653, 0.5171843, 0.5175413, 0.5186084, 0.5169279, 0.5155704, 0.51574785, 0.5162219, 0.5161647, 0.5154151, 0.5163859, 0.5178439, 0.5135936, 0.5176123, 0.5172886, 0.51708084, 0.51833385, 0.51815164, 0.515146, 0.515931, 0.51551396, 0.5155002, 0.51553226, 0.51617754, 0.5171103, 0.5174104, 0.516414, 0.51741475, 0.5157593, 0.51705253, 0.51443416, 0.515216, 0.514111, 0.5151203, 0.51589423, 0.5157185, 0.51757056, 0.5168831, 0.51451474, 0.51542205, 0.5161384, 0.5176173, 0.51690215, 0.5179779, 0.51657116, 0.5173208, 0.5161455, 0.51678777, 0.5149959, 0.5152273, 0.5144247, 0.51562613, 0.51389664, 0.51394314, 0.516124, 0.5145654, 0.5172065, 0.51467085, 0.514089, 0.51596284, 0.51611906, 0.5143527, 0.51395315, 0.5176389, 0.51676476, 0.51545304, 0.51669055, 0.5156768, 0.5148795, 0.51739615, 0.51737416, 0.5171126, 0.5172911, 0.5168228, 0.5172269, 0.51712114, 0.51811534, 0.51659054, 0.51753926, 0.5189631, 0.51542664, 0.51617587, 0.5164711, 0.51926506, 0.5168584, 0.5177909, 0.516097, 0.51844513, 0.514237, 0.51760167]
[0.50114477, 0.50150096, 0.50011194, 0.5010521, 0.5128488, 0.51538527, 0.50356346, 0.49989215, 0.5031293, 0.50195384, 0.5009569, 0.5003937, 0.5069622, 0.51446337, 0.50581706, 0.50033504, 0.5100745, 0.51023245, 0.49985078, 0.5009263, 0.50050926, 0.5029678, 0.5077112, 0.5045274, 0.5039552, 0.5028895, 0.50337267, 0.5032057, 0.50015104, 0.5000863, 0.5082096, 0.50690365, 0.5061205, 0.5072436, 0.50463814, 0.503098, 0.5007174, 0.50355136, 0.5022672, 0.50423586, 0.5020252, 0.49996853, 0.5067141, 0.51167136, 0.5041792, 0.50033045, 0.5053909, 0.5022401, 0.4997861, 0.50053144, 0.5017473, 0.5125979, 0.50442463, 0.5071228, 0.5062829, 0.50001204, 0.50016373, 0.49979976, 0.5024101, 0.5004611, 0.5024019, 0.5026707, 0.5038373, 0.50542897, 0.50042284, 0.50403804, 0.5052598, 0.5044976, 0.5034658, 0.50067043, 0.50169003, 0.49998194, 0.51596504, 0.5147518, 0.51499844, 0.5149368, 0.51849324, 0.51705366, 0.5164464, 0.51594776, 0.5171649, 0.5171332, 0.5170595, 0.5174774, 0.5160069, 0.5179453, 0.5162276, 0.5188974, 0.51909244, 0.5175991, 0.5165795, 0.51667833, 0.5158287, 0.5191769, 0.5175221, 0.5165087, 0.5187806, 0.51855505, 0.51834625, 0.5181872, 0.5183588, 0.51626545, 0.5180131, 0.51850015, 0.51774603, 0.5161827, 0.5144319, 0.5186, 0.51784253, 0.51794356, 0.5171831, 0.51645845, 0.5166684, 0.51871884, 0.5159049, 0.51900816, 0.51573557, 0.51632214, 0.5164034, 0.51771605, 0.5162393, 0.51854897, 0.5187912, 0.51962715, 0.51831585, 0.51706004, 0.51767254, 0.51722056, 0.51779103, 0.51684046, 0.51770866, 0.5189947, 0.5147147, 0.51896507, 0.5184271, 0.51761657, 0.519358, 0.51975715, 0.5167826, 0.51733077, 0.5170745, 0.51742506, 0.516122, 0.5175287, 0.51861125, 0.5187712, 0.51764023, 0.5187605, 0.5168693, 0.51836735, 0.51538056, 0.5164638, 0.5152633, 0.51617867, 0.51716626, 0.5174648, 0.5187307, 0.51833093, 0.5159112, 0.5163049, 0.51775897, 0.5187986, 0.518908, 0.51913977, 0.51779187, 0.51848924, 0.51734114, 0.5177991, 0.5159857, 0.51716286, 0.51561195, 0.51634145, 0.5152176, 0.51511645, 0.517324, 0.5161422, 0.5187149, 0.5165864, 0.5155697, 0.51720697, 0.51740384, 0.5152772, 0.5152869, 0.5192757, 0.51773727, 0.51704013, 0.5183263, 0.51726, 0.51654303, 0.5186582, 0.5187306, 0.5187419, 0.51855725, 0.51808095, 0.51906615, 0.5190176, 0.5195225, 0.51821417, 0.51856333, 0.5202315, 0.5168932, 0.5177939, 0.5178395, 0.520666, 0.5183822, 0.5193349, 0.5175668, 0.520102, 0.5158785, 0.5184718]
[0.5004303, 0.50153893, 0.5003593, 0.5014988, 0.5111188, 0.51305073, 0.5035202, 0.5005407, 0.5044388, 0.50359625, 0.501057, 0.5011152, 0.50729245, 0.51264507, 0.5054525, 0.50045, 0.5097098, 0.5100164, 0.5002523, 0.50102687, 0.5005586, 0.50319785, 0.50820386, 0.5060985, 0.5054443, 0.50400037, 0.5037674, 0.5039879, 0.5005088, 0.50070775, 0.5061047, 0.5069427, 0.5061884, 0.50636667, 0.5053117, 0.5032727, 0.500692, 0.5040053, 0.5022734, 0.5046429, 0.5023973, 0.5005795, 0.50627494, 0.51034784, 0.504133, 0.500499, 0.50332445, 0.50048065, 0.50120336, 0.5006597, 0.50121266, 0.51088685, 0.5051121, 0.5070544, 0.50697625, 0.50025207, 0.50141186, 0.50075465, 0.5039801, 0.5007069, 0.5025026, 0.50304407, 0.5046435, 0.5059668, 0.5020725, 0.5024924, 0.5064974, 0.5057347, 0.50450134, 0.5005242, 0.5017997, 0.5007078, 0.51360965, 0.51202273, 0.51265687, 0.5127527, 0.5153946, 0.51373285, 0.5140366, 0.5133965, 0.51401836, 0.51442176, 0.51454824, 0.51455545, 0.5143047, 0.5147786, 0.5141946, 0.5163695, 0.51625955, 0.5145734, 0.51477504, 0.5143669, 0.5139762, 0.5162289, 0.5150105, 0.5139437, 0.51630986, 0.515618, 0.51567656, 0.51536584, 0.5156354, 0.5140768, 0.51520157, 0.51497936, 0.5150292, 0.513505, 0.51281756, 0.5155447, 0.51465625, 0.5151156, 0.5148729, 0.5136785, 0.5142733, 0.5156567, 0.5141569, 0.5158552, 0.5133, 0.5138445, 0.51391953, 0.5151666, 0.51399267, 0.51565325, 0.51579964, 0.5166071, 0.51568896, 0.5147002, 0.51481354, 0.51513153, 0.5150052, 0.5143231, 0.51486593, 0.5160023, 0.51282907, 0.5158811, 0.51582354, 0.5156052, 0.5163092, 0.5164138, 0.5140038, 0.51480234, 0.51464546, 0.5141231, 0.51455706, 0.51497704, 0.5155723, 0.51572835, 0.5151257, 0.51604885, 0.51441735, 0.5155182, 0.5140065, 0.5144374, 0.5137167, 0.5139947, 0.51456785, 0.514618, 0.51585376, 0.51520354, 0.5137495, 0.5138387, 0.51487577, 0.5156264, 0.5157411, 0.51619154, 0.5151089, 0.5157889, 0.5145219, 0.5155867, 0.5136839, 0.5142573, 0.5133351, 0.5143649, 0.51324904, 0.5133125, 0.51482826, 0.51359886, 0.5157423, 0.5141499, 0.5132387, 0.514625, 0.51473546, 0.5133556, 0.51295364, 0.5158398, 0.5153605, 0.51453274, 0.51522976, 0.51483595, 0.51414907, 0.5157796, 0.5159487, 0.515419, 0.51537454, 0.5156795, 0.5158739, 0.51549876, 0.5162888, 0.51543516, 0.5157458, 0.51697695, 0.51444066, 0.51495093, 0.5151458, 0.5173029, 0.5149689, 0.5157038, 0.5150402, 0.5162262, 0.51331997, 0.51576805]
[0.49956593, 0.49932855, 0.50052977, 0.5023104, 0.5088299, 0.5103887, 0.50180054, 0.49950126, 0.5025036, 0.50171906, 0.49966222, 0.50124234, 0.5057474, 0.5105608, 0.50400496, 0.49940604, 0.5070842, 0.5072555, 0.49925065, 0.4991081, 0.49939716, 0.50192446, 0.5062664, 0.50242525, 0.5037572, 0.50273293, 0.50291264, 0.5023534, 0.49926746, 0.49928162, 0.5028062, 0.5056485, 0.50474066, 0.504858, 0.5032157, 0.502131, 0.4991804, 0.50091136, 0.50193244, 0.50378096, 0.50192636, 0.49976265, 0.5048213, 0.50731725, 0.50202054, 0.4992066, 0.50298166, 0.5000127, 0.5008359, 0.5000286, 0.5010764, 0.5087073, 0.5035442, 0.5052413, 0.504756, 0.49963215, 0.5009043, 0.50043637, 0.50060564, 0.499279, 0.5004116, 0.50193036, 0.5037361, 0.50409347, 0.5009935, 0.50164217, 0.50358284, 0.50368154, 0.50286734, 0.49931502, 0.4996655, 0.500236, 0.5108164, 0.5097909, 0.51045513, 0.5106693, 0.51295197, 0.51064664, 0.5117856, 0.51093096, 0.5116045, 0.5118092, 0.5126117, 0.5126212, 0.5117694, 0.51293325, 0.51148355, 0.5139517, 0.5141748, 0.5120193, 0.5126241, 0.5117395, 0.51136357, 0.5141936, 0.512996, 0.51144403, 0.51411366, 0.51329416, 0.5132104, 0.51276684, 0.5131946, 0.51170707, 0.51243407, 0.51216555, 0.51235807, 0.5104249, 0.5098775, 0.51332873, 0.5118125, 0.51260716, 0.51218027, 0.5111173, 0.5120856, 0.5131748, 0.51221466, 0.5134657, 0.51089257, 0.51120025, 0.51109403, 0.5128554, 0.51179314, 0.5134585, 0.5134568, 0.51386464, 0.51336735, 0.51210093, 0.51256084, 0.512298, 0.51285034, 0.51149565, 0.5121619, 0.5138832, 0.5092992, 0.51373506, 0.5135384, 0.5130293, 0.5138314, 0.5141429, 0.51068246, 0.5121831, 0.5126426, 0.5109853, 0.5120622, 0.51265734, 0.5133014, 0.5130473, 0.51284575, 0.51389915, 0.51154715, 0.51317406, 0.51127464, 0.5116648, 0.5110659, 0.5112844, 0.5122914, 0.51229125, 0.51359165, 0.5127556, 0.5115286, 0.5108734, 0.51271254, 0.5129368, 0.5132532, 0.51410764, 0.5132012, 0.513433, 0.51254886, 0.51280785, 0.51102656, 0.51224846, 0.5106754, 0.511611, 0.51081693, 0.51091963, 0.5119063, 0.5109163, 0.51373714, 0.5119584, 0.5099695, 0.5120842, 0.5121001, 0.510901, 0.51022243, 0.513183, 0.51323164, 0.51195264, 0.5132159, 0.5128248, 0.51200545, 0.51321936, 0.5136164, 0.51274115, 0.5127666, 0.51308215, 0.51408076, 0.5130459, 0.5140508, 0.5136085, 0.5130097, 0.5146833, 0.5119397, 0.51267326, 0.512958, 0.5151347, 0.51231164, 0.51300675, 0.5126071, 0.51380223, 0.51041865, 0.5128606]
[0.50363034, 0.50415367, 0.5030686, 0.501541, 0.5096604, 0.5118977, 0.5007912, 0.503313, 0.5009312, 0.5016341, 0.5035344, 0.5018264, 0.5040594, 0.51161444, 0.5018711, 0.5031465, 0.5080772, 0.5080046, 0.5023275, 0.5035996, 0.5020582, 0.5007488, 0.5044608, 0.5009831, 0.501771, 0.5007354, 0.5010509, 0.50055885, 0.5032072, 0.5029868, 0.50189275, 0.5037422, 0.50311816, 0.50327104, 0.50193906, 0.50095505, 0.50362605, 0.50632626, 0.50133663, 0.5012468, 0.5017276, 0.50325775, 0.5029869, 0.5084831, 0.50089383, 0.50262666, 0.5012622, 0.502243, 0.50221753, 0.5032562, 0.50185215, 0.50971276, 0.50141037, 0.50364006, 0.5038431, 0.5035639, 0.5021339, 0.502903, 0.50140446, 0.5037061, 0.50536335, 0.50138336, 0.5010003, 0.50251544, 0.50254667, 0.5007014, 0.50253, 0.5016113, 0.5010901, 0.50318575, 0.50445634, 0.50273967, 0.5131236, 0.51186705, 0.5123848, 0.5122147, 0.5154642, 0.5131709, 0.51320994, 0.51354146, 0.5139514, 0.514047, 0.51431173, 0.51440215, 0.5143425, 0.5149634, 0.51302254, 0.5171413, 0.5164556, 0.5134645, 0.5136587, 0.5136838, 0.51336044, 0.5168519, 0.51503634, 0.5138922, 0.51614976, 0.51578593, 0.51565653, 0.5154658, 0.515092, 0.5143303, 0.515137, 0.5149734, 0.515102, 0.5128572, 0.5113854, 0.51543325, 0.51447135, 0.5140284, 0.51530385, 0.51366967, 0.5138488, 0.515969, 0.5136809, 0.5162188, 0.5123027, 0.5131333, 0.51336706, 0.51520103, 0.5132501, 0.51597387, 0.5162653, 0.5172634, 0.5156388, 0.51428264, 0.5144638, 0.5147548, 0.5144127, 0.5143063, 0.51513785, 0.5163573, 0.5119913, 0.51586944, 0.51638514, 0.51510125, 0.51609546, 0.5165889, 0.5132647, 0.51443696, 0.5143196, 0.5133007, 0.51375556, 0.5149176, 0.5155388, 0.5152881, 0.51496035, 0.5159288, 0.5136779, 0.5157301, 0.5128531, 0.51352274, 0.5125425, 0.5131664, 0.51413786, 0.51439625, 0.515792, 0.5151989, 0.5129725, 0.512596, 0.514681, 0.5153022, 0.5151234, 0.5167422, 0.51457626, 0.51512283, 0.51423424, 0.5150981, 0.5128643, 0.51483524, 0.5124862, 0.5131427, 0.5117862, 0.5117865, 0.51422095, 0.5131244, 0.51555115, 0.5141086, 0.51237977, 0.51427215, 0.51416975, 0.51281416, 0.5122257, 0.51621115, 0.5156335, 0.5141504, 0.5153532, 0.51493514, 0.51404667, 0.5156159, 0.51590514, 0.5155164, 0.5153212, 0.5151017, 0.5167336, 0.5158071, 0.51624525, 0.5158256, 0.5159565, 0.5175596, 0.5132932, 0.5145456, 0.5151945, 0.51806223, 0.5145928, 0.5152821, 0.51452345, 0.5171011, 0.5125869, 0.5159306]
[0.50125974, 0.5015302, 0.5008755, 0.50035304, 0.50965846, 0.511852, 0.50221777, 0.50111485, 0.5010637, 0.5006008, 0.5008481, 0.5003649, 0.5053572, 0.51121235, 0.50272244, 0.5011811, 0.50795734, 0.5081214, 0.5008786, 0.50154597, 0.5008337, 0.5021588, 0.5050838, 0.5019862, 0.50252527, 0.5021162, 0.5016511, 0.50218344, 0.5010725, 0.5003196, 0.50439227, 0.5051029, 0.5038863, 0.5044359, 0.50260186, 0.5008071, 0.5013357, 0.5030236, 0.50078875, 0.50231856, 0.5005712, 0.5007, 0.50425214, 0.5084026, 0.5017849, 0.5010778, 0.50401926, 0.500413, 0.50032455, 0.50107026, 0.50058967, 0.5098316, 0.50338197, 0.50544083, 0.5054823, 0.50082904, 0.50039524, 0.5003122, 0.50046957, 0.50151616, 0.50262886, 0.50090104, 0.50238657, 0.50322175, 0.5007465, 0.5032546, 0.50276136, 0.5022452, 0.5020003, 0.5011854, 0.50201494, 0.50066125, 0.51291925, 0.5117159, 0.51236635, 0.5121751, 0.51476055, 0.5130415, 0.51237655, 0.5128111, 0.51310515, 0.513464, 0.51392335, 0.513627, 0.5130086, 0.5141295, 0.5126317, 0.5152214, 0.5148054, 0.5136601, 0.5129728, 0.5129726, 0.5128817, 0.5155622, 0.51405513, 0.5132581, 0.5147169, 0.5146855, 0.51411456, 0.514398, 0.51450557, 0.5132339, 0.51409626, 0.51444995, 0.5141764, 0.51252127, 0.5108717, 0.51481885, 0.5134453, 0.5134926, 0.5139707, 0.5129154, 0.51356685, 0.51473475, 0.51263946, 0.5149242, 0.51250744, 0.5129903, 0.5131132, 0.5141573, 0.51273143, 0.51459, 0.5150979, 0.515682, 0.51423734, 0.5134808, 0.5137737, 0.5135628, 0.51432145, 0.5135301, 0.5142031, 0.5152771, 0.5111376, 0.5149791, 0.51502573, 0.5141305, 0.51500624, 0.5156631, 0.5128705, 0.51359177, 0.5130611, 0.5129643, 0.5129028, 0.51384705, 0.51468366, 0.5142841, 0.51362735, 0.5145676, 0.5126968, 0.5146727, 0.5120368, 0.51290965, 0.5121805, 0.51266354, 0.5133861, 0.5136384, 0.5150818, 0.5143205, 0.51245415, 0.5124546, 0.51443917, 0.5143808, 0.51482075, 0.5149901, 0.51347375, 0.5145171, 0.51390487, 0.5140975, 0.51195467, 0.5137287, 0.5119236, 0.5127143, 0.5114917, 0.5115358, 0.51350063, 0.5129499, 0.514446, 0.51336944, 0.5121338, 0.5136356, 0.51346105, 0.5119886, 0.5121705, 0.5150761, 0.51405656, 0.5129545, 0.5141904, 0.51407063, 0.5134289, 0.51446354, 0.5145247, 0.51492, 0.5143421, 0.5139272, 0.5149345, 0.51490635, 0.5154645, 0.5149652, 0.51479626, 0.5159193, 0.51305896, 0.5137113, 0.51393634, 0.51670456, 0.5142895, 0.5146978, 0.51369345, 0.5155945, 0.51244015, 0.5142653]
