[0.5153788, 0.516424, 0.5172066, 0.5138087, 0.5145066, 0.5119406, 0.51158094, 0.51631254, 0.50208205, 0.50042886, 0.49997926, 0.5122894, 0.51551145, 0.5103461, 0.5015657, 0.51441014, 0.51242864, 0.51642567, 0.51591367, 0.5089049, 0.50964344, 0.5140521, 0.5165135, 0.51332647, 0.51733106, 0.5136063, 0.51191837, 0.5089423, 0.5035415, 0.5049665, 0.51629853, 0.5031115, 0.50983655, 0.5014506, 0.5023286, 0.50451154, 0.51691896, 0.5038187, 0.5027963, 0.5132138, 0.5108174, 0.5112596, 0.5104823, 0.5089192, 0.5162218, 0.5152796, 0.5075613, 0.5117786, 0.5103998, 0.51053745, 0.5174275, 0.51413625, 0.50961626, 0.515281, 0.51651883, 0.51257837, 0.51787806, 0.5078797, 0.5155289, 0.5159116, 0.51456445, 0.5087073, 0.5090459, 0.50606203, 0.515561, 0.5135832, 0.51302606, 0.5022894, 0.50751656, 0.50989807, 0.5086405, 0.5095144, 0.5136553, 0.5022636, 0.5019773, 0.51393884, 0.5159431, 0.51385117, 0.5035069, 0.50901353, 0.51287556, 0.5150031, 0.51242423, 0.50693935, 0.50816673, 0.50872767, 0.5089799, 0.50903374, 0.50493526, 0.5029801, 0.50305235, 0.5040378, 0.5045667, 0.5043209, 0.50826114, 0.5120673, 0.51409143, 0.5163972, 0.5156712, 0.51368874, 0.5135539, 0.5141074, 0.507951, 0.5179037, 0.51821816, 0.51688534, 0.50981456, 0.5186041, 0.5089188, 0.5169382, 0.51749545, 0.508737, 0.510941, 0.5094277, 0.513712, 0.50961584, 0.50196, 0.504393, 0.5154002, 0.51227134, 0.5019566, 0.502741, 0.5160152, 0.5003928, 0.51605433, 0.51007766, 0.51599956, 0.5114282, 0.50249046, 0.5027871, 0.5170638, 0.5098657, 0.5181427, 0.5158641, 0.51521355, 0.5090303, 0.51177996, 0.51194566, 0.50807416, 0.5146239, 0.5146055, 0.5082884, 0.5064015, 0.51164097, 0.5036289, 0.51611286, 0.51620084, 0.50099784, 0.50238395, 0.5110782, 0.5117252, 0.50795156, 0.5047545, 0.5038821, 0.5031373, 0.50095904, 0.50788486, 0.50983244, 0.5152141, 0.50300354, 0.50003207, 0.5152595, 0.51099515, 0.5140946, 0.5000011, 0.517015, 0.5177499, 0.5171119, 0.5102332, 0.50922126, 0.5121531, 0.5115353, 0.5103262, 0.5107509, 0.50252837, 0.51341516, 0.51517385, 0.5135785, 0.51375103, 0.50867754, 0.50425625, 0.5155089, 0.515526, 0.5156498, 0.5130813, 0.5147983, 0.5170763, 0.5151416, 0.5100015, 0.51007056, 0.5100738, 0.5106184, 0.5144781, 0.5112045, 0.49986723, 0.5010614, 0.5116596, 0.5143914, 0.5117004, 0.5141257, 0.5147741, 0.51474035, 0.51185316, 0.5112382, 0.5013619, 0.5180238, 0.5182462, 0.51782763, 0.50277734, 0.5064933, 0.5022678, 0.5050613, 0.5151952, 0.51067907, 0.50819075, 0.50392866, 0.5170456, 0.51656324, 0.51382065, 0.50613904, 0.5139505, 0.5147917, 0.5146875, 0.51878256, 0.50989, 0.50748426, 0.50845766, 0.5150754, 0.5130105, 0.5126688, 0.5103246, 0.5064493, 0.5097812, 0.5101957, 0.51084316, 0.5107432, 0.5108365, 0.50977486, 0.5088626, 0.5019652, 0.5133964, 0.51300925, 0.49993503, 0.5019263, 0.5131709, 0.50690025, 0.51098377, 0.51528555, 0.51452523, 0.512597, 0.5113106, 0.5100535, 0.50741017, 0.5038247, 0.5003083, 0.5096743, 0.5113047, 0.5113808, 0.50120753, 0.51715875, 0.51520044, 0.5144082, 0.5042757, 0.5016682, 0.51374274, 0.51329297, 0.5165737, 0.5109256, 0.51060367, 0.51031315, 0.5021732, 0.50647926, 0.50148153, 0.5164937, 0.5141369, 0.51457566, 0.5099937, 0.5087701, 0.50880605, 0.503648, 0.51067543, 0.51349914, 0.5166308, 0.5095301, 0.5137449, 0.51556706, 0.5163074, 0.51702183, 0.51315844, 0.51632947, 0.5159543, 0.5154417, 0.50320697, 0.5113609, 0.515199, 0.5002668]
[0.50848544, 0.50880724, 0.50935745, 0.50816256, 0.5082076, 0.50736016, 0.5066092, 0.5086126, 0.50246674, 0.5034511, 0.5040046, 0.5066853, 0.50861955, 0.50629586, 0.504021, 0.5083456, 0.5073882, 0.5089031, 0.50867826, 0.5052701, 0.5058587, 0.50852877, 0.5090074, 0.5074724, 0.5092637, 0.50783455, 0.50668424, 0.50481457, 0.5008257, 0.5023165, 0.5091832, 0.50334144, 0.50543934, 0.50102365, 0.5034672, 0.5039822, 0.509203, 0.5005573, 0.5005875, 0.50737107, 0.50635964, 0.5065999, 0.50575733, 0.5060387, 0.5089261, 0.5084898, 0.5049133, 0.50709504, 0.50617623, 0.50637865, 0.5091822, 0.50791126, 0.50580996, 0.5082704, 0.50923556, 0.5069641, 0.5097489, 0.50498646, 0.50844646, 0.50862896, 0.50803053, 0.50589746, 0.50516635, 0.50433254, 0.5086227, 0.50769955, 0.5074568, 0.50138843, 0.50506353, 0.50591415, 0.5055342, 0.5058807, 0.5077685, 0.50334495, 0.50126433, 0.50832015, 0.50869364, 0.5076868, 0.50461817, 0.5059729, 0.50777483, 0.5079689, 0.5071152, 0.5047002, 0.5051323, 0.50487155, 0.50486815, 0.5055006, 0.5022915, 0.5007654, 0.5004463, 0.5003115, 0.50050765, 0.5001991, 0.5053111, 0.5072059, 0.50772834, 0.50904757, 0.50841975, 0.5079588, 0.5079835, 0.50824934, 0.50512683, 0.5096359, 0.509783, 0.5090952, 0.506018, 0.5097568, 0.5052208, 0.5094968, 0.5092538, 0.5052139, 0.50626206, 0.5061441, 0.5075688, 0.5050502, 0.5014979, 0.50089455, 0.5082418, 0.5064956, 0.50065845, 0.5010394, 0.5082754, 0.50203544, 0.50848335, 0.505986, 0.5088903, 0.50646895, 0.5008873, 0.500331, 0.50934213, 0.5062217, 0.5099223, 0.5091199, 0.50801605, 0.50460935, 0.506425, 0.5068606, 0.5048765, 0.50830907, 0.5078019, 0.5054335, 0.5044099, 0.50709975, 0.50470436, 0.5089259, 0.509075, 0.5012919, 0.50074685, 0.5067391, 0.50693953, 0.50579214, 0.50189275, 0.50101095, 0.50035346, 0.5016824, 0.5050227, 0.50621516, 0.5085852, 0.5010201, 0.5011803, 0.50868297, 0.50666684, 0.50846964, 0.50136584, 0.5094572, 0.5094454, 0.5090217, 0.5063683, 0.5056026, 0.5067542, 0.5065868, 0.5063311, 0.5063855, 0.50025254, 0.50744754, 0.5083216, 0.5072386, 0.50719523, 0.5054964, 0.50014496, 0.5086276, 0.5086572, 0.5086656, 0.5076581, 0.5085235, 0.5097094, 0.50845706, 0.50591236, 0.5062434, 0.50636303, 0.50614774, 0.50812733, 0.5068591, 0.50341094, 0.5016144, 0.5065379, 0.508253, 0.5067622, 0.5081249, 0.50819343, 0.5083044, 0.507273, 0.50670743, 0.50125384, 0.5094516, 0.5096162, 0.5095791, 0.500636, 0.503802, 0.5028711, 0.50367945, 0.50833416, 0.50614667, 0.50570226, 0.5041036, 0.50924575, 0.5091711, 0.50752336, 0.5050892, 0.50792813, 0.5080905, 0.5079045, 0.5096689, 0.50518346, 0.5044517, 0.50484645, 0.5080591, 0.5073939, 0.50725114, 0.5062464, 0.50495017, 0.5058873, 0.5060353, 0.5063023, 0.5061672, 0.50661427, 0.5059573, 0.5053248, 0.50279635, 0.5074667, 0.50703114, 0.50228184, 0.50358814, 0.5075973, 0.5046641, 0.50638556, 0.50836504, 0.507986, 0.5071466, 0.50656855, 0.5061951, 0.50422627, 0.5010829, 0.5024147, 0.50589526, 0.5067878, 0.50704867, 0.50334686, 0.50922334, 0.5085434, 0.5080349, 0.5004459, 0.5011928, 0.5075996, 0.5075235, 0.50882626, 0.50661874, 0.5065553, 0.50591475, 0.5009581, 0.5034356, 0.5026859, 0.5091756, 0.5073213, 0.50801903, 0.5059871, 0.50539196, 0.5050757, 0.50101346, 0.50584483, 0.50758094, 0.5090846, 0.5058858, 0.5080177, 0.50887597, 0.5089747, 0.50931346, 0.5072803, 0.5089022, 0.5088649, 0.5085473, 0.5034316, 0.50659704, 0.5086027, 0.5028035]
[0.515179, 0.51655734, 0.51801556, 0.51456577, 0.51434356, 0.512998, 0.51104057, 0.5165348, 0.5041437, 0.5024168, 0.50306666, 0.5126389, 0.51579803, 0.51137143, 0.50514805, 0.5161641, 0.5134932, 0.5178478, 0.51654845, 0.5084519, 0.5102826, 0.5149512, 0.5175073, 0.51336926, 0.51809925, 0.5139085, 0.51089835, 0.5073759, 0.5017762, 0.50223964, 0.5171215, 0.5040437, 0.50859565, 0.50050205, 0.50552726, 0.5071032, 0.51778185, 0.5016531, 0.501013, 0.5134073, 0.5110527, 0.511263, 0.5103743, 0.5110058, 0.5164596, 0.51500607, 0.5077257, 0.5119271, 0.51090044, 0.5105321, 0.5180813, 0.51461005, 0.5106369, 0.5152849, 0.51761156, 0.5120231, 0.5184332, 0.5080944, 0.51560014, 0.51612014, 0.51599276, 0.5093526, 0.5090226, 0.5059415, 0.51530266, 0.5139493, 0.5134836, 0.5007667, 0.5079297, 0.5107766, 0.5098589, 0.5111254, 0.51452094, 0.5051343, 0.5011786, 0.51477027, 0.5160457, 0.5141255, 0.5077835, 0.5102081, 0.5135128, 0.51554215, 0.51237583, 0.5090295, 0.5091047, 0.5088942, 0.5074081, 0.5089794, 0.5023055, 0.5004398, 0.5007042, 0.5013456, 0.5012885, 0.50155485, 0.5080324, 0.5133724, 0.51357245, 0.5169394, 0.51591915, 0.51501733, 0.51521206, 0.51530886, 0.5083475, 0.51905835, 0.519216, 0.517383, 0.508825, 0.5191016, 0.5089251, 0.5183112, 0.51808053, 0.5083562, 0.51130253, 0.5103755, 0.51300174, 0.51007193, 0.5002587, 0.501569, 0.515715, 0.5126084, 0.5019833, 0.50043815, 0.5158599, 0.50049573, 0.5162979, 0.50973785, 0.51664186, 0.5119951, 0.50183845, 0.50120866, 0.5183263, 0.5092882, 0.5194779, 0.5163354, 0.5146331, 0.5069778, 0.5106496, 0.5117582, 0.50726295, 0.51542085, 0.5149295, 0.50790536, 0.505804, 0.5120151, 0.50719494, 0.51728153, 0.5175188, 0.50219244, 0.50134885, 0.5115852, 0.51201135, 0.5042989, 0.5020731, 0.50091374, 0.50133306, 0.5013702, 0.5054493, 0.51108056, 0.5150552, 0.5009351, 0.50118977, 0.5156518, 0.5106337, 0.5148937, 0.5006351, 0.5181777, 0.5191277, 0.5171201, 0.5098323, 0.50937456, 0.51290566, 0.51128757, 0.51047295, 0.5109335, 0.5005783, 0.5140313, 0.51483285, 0.51329947, 0.5135091, 0.50898564, 0.5018459, 0.51629084, 0.5158601, 0.51673806, 0.5130245, 0.5148579, 0.5180361, 0.51536876, 0.5113542, 0.51152414, 0.51169044, 0.5117583, 0.51529455, 0.511767, 0.5031774, 0.5007944, 0.51148725, 0.5143384, 0.5124719, 0.51529783, 0.51456106, 0.515267, 0.5142056, 0.51259714, 0.5000819, 0.51855564, 0.51869, 0.5188508, 0.50124097, 0.50332904, 0.50435007, 0.5054594, 0.5163352, 0.5100834, 0.50909543, 0.5055046, 0.5174587, 0.51726633, 0.51414657, 0.5075115, 0.5147312, 0.51541805, 0.51435155, 0.51897335, 0.5090376, 0.50801134, 0.5087256, 0.51490146, 0.5126905, 0.51284516, 0.5104247, 0.5062395, 0.51015633, 0.51136744, 0.5120137, 0.5105485, 0.5103203, 0.5097274, 0.50834316, 0.5020822, 0.5140703, 0.5129796, 0.5027089, 0.5041132, 0.51327646, 0.5059107, 0.51100034, 0.51522344, 0.5146182, 0.5132001, 0.51177627, 0.5108695, 0.5069797, 0.50161433, 0.50174016, 0.50912875, 0.5117452, 0.5116237, 0.5046482, 0.5181408, 0.51569784, 0.51472753, 0.501127, 0.5013229, 0.5129634, 0.5131945, 0.5164477, 0.5115466, 0.51133513, 0.510554, 0.5001808, 0.5029906, 0.5040308, 0.51764065, 0.51323265, 0.51508963, 0.5105434, 0.5088037, 0.50862545, 0.5007615, 0.51023304, 0.5120105, 0.5167973, 0.5093513, 0.5145263, 0.51631314, 0.51737493, 0.5179609, 0.51215553, 0.51667285, 0.51673234, 0.5162347, 0.50529516, 0.5115621, 0.5161704, 0.50335]
[0.5133747, 0.5143712, 0.5149328, 0.51206315, 0.5131496, 0.5110664, 0.50997454, 0.513847, 0.50405854, 0.50305575, 0.503036, 0.5113278, 0.51363474, 0.5099195, 0.5044943, 0.51334924, 0.51169837, 0.51511943, 0.5139603, 0.5081052, 0.5096753, 0.51186997, 0.51478475, 0.51192594, 0.51561314, 0.51196295, 0.51024765, 0.506622, 0.50273114, 0.50269985, 0.51417994, 0.5045948, 0.5076853, 0.50091904, 0.50332665, 0.5059347, 0.5153369, 0.5027743, 0.50212157, 0.5117037, 0.5103725, 0.5099991, 0.5101378, 0.50891954, 0.5143376, 0.5125963, 0.5046507, 0.5105188, 0.5098929, 0.5095422, 0.5153989, 0.5126928, 0.508691, 0.5130422, 0.5146818, 0.51045877, 0.5154174, 0.5072655, 0.5131576, 0.51340586, 0.5130901, 0.50829315, 0.5085215, 0.50594205, 0.51394767, 0.5114608, 0.51149917, 0.5013866, 0.5068025, 0.5088374, 0.5081082, 0.5092614, 0.512665, 0.50428826, 0.50123936, 0.5123136, 0.51341486, 0.51184976, 0.50744396, 0.50875306, 0.5117689, 0.5132009, 0.51083726, 0.5081354, 0.5079191, 0.507984, 0.50641286, 0.5081186, 0.50285, 0.5006266, 0.5005075, 0.5009637, 0.5017865, 0.50184196, 0.5077069, 0.5113786, 0.5119827, 0.5144821, 0.51406455, 0.51236904, 0.5124435, 0.5131141, 0.5070946, 0.51601523, 0.51591, 0.51482743, 0.50816274, 0.51671106, 0.5080609, 0.5152476, 0.51527107, 0.50710887, 0.50975674, 0.50906706, 0.5118998, 0.50856465, 0.501012, 0.5018129, 0.51341116, 0.5113526, 0.5006427, 0.50192314, 0.51359737, 0.5007223, 0.5139542, 0.50805223, 0.514302, 0.51050377, 0.50148493, 0.50039077, 0.51568663, 0.50861967, 0.5160639, 0.5138288, 0.51284885, 0.5067191, 0.50989634, 0.5111712, 0.5061586, 0.5131789, 0.51279545, 0.5064264, 0.504758, 0.5107801, 0.507048, 0.5146426, 0.51487833, 0.50183934, 0.50077325, 0.50986123, 0.5107649, 0.5054682, 0.5028487, 0.50178975, 0.50102407, 0.50130266, 0.50476515, 0.5089527, 0.51261896, 0.5026826, 0.5007706, 0.51344836, 0.50945735, 0.5116439, 0.5009312, 0.5155269, 0.5159929, 0.5148505, 0.50843054, 0.5075503, 0.51112604, 0.5099, 0.50938, 0.5094475, 0.501398, 0.5128072, 0.51273394, 0.5118103, 0.51186126, 0.50806195, 0.50254893, 0.513519, 0.51384836, 0.5139862, 0.51074004, 0.51262033, 0.515595, 0.51312536, 0.5105758, 0.51049554, 0.51031804, 0.5095168, 0.512939, 0.510934, 0.50344574, 0.50057316, 0.5108186, 0.5126816, 0.5108772, 0.5126724, 0.5126018, 0.51281124, 0.511834, 0.5110065, 0.5005314, 0.51596177, 0.5162046, 0.51613617, 0.50122905, 0.503985, 0.5041313, 0.50496745, 0.5138425, 0.508643, 0.50718635, 0.5039034, 0.51517874, 0.51443106, 0.51215166, 0.5070938, 0.51242524, 0.5131556, 0.51215273, 0.5160128, 0.5091506, 0.50762725, 0.50825953, 0.51261646, 0.5114675, 0.51151377, 0.50917834, 0.5049837, 0.5082461, 0.5087107, 0.50931567, 0.50892895, 0.5090577, 0.5081597, 0.50652725, 0.50151795, 0.5118162, 0.511504, 0.50197184, 0.5038292, 0.51125103, 0.50609994, 0.50937647, 0.5126613, 0.5124263, 0.51105404, 0.5102291, 0.5092639, 0.5059186, 0.5014094, 0.50067955, 0.5076805, 0.5093491, 0.5097089, 0.5042586, 0.515306, 0.51300484, 0.51217407, 0.50143427, 0.5009931, 0.51180106, 0.5118122, 0.5138947, 0.50993717, 0.50958, 0.5093931, 0.5000715, 0.50340044, 0.5035335, 0.51412666, 0.5122951, 0.5127313, 0.5095681, 0.50767505, 0.50667775, 0.50081104, 0.5089222, 0.51066256, 0.5140226, 0.5087693, 0.5115017, 0.51367193, 0.5144514, 0.5149261, 0.51061946, 0.51445836, 0.51463985, 0.5142433, 0.5042758, 0.5101622, 0.51322496, 0.5031994]
[0.5118325, 0.5124321, 0.5133592, 0.51087445, 0.5111801, 0.5091397, 0.5085979, 0.5120974, 0.502528, 0.50217986, 0.5029384, 0.5095548, 0.5117024, 0.5083648, 0.50367755, 0.51153004, 0.5099607, 0.5132362, 0.51132476, 0.50677806, 0.50718594, 0.5104961, 0.51298004, 0.5104137, 0.51400435, 0.510419, 0.5089871, 0.50522554, 0.5039286, 0.5041534, 0.5125691, 0.50404626, 0.5060297, 0.50058836, 0.503208, 0.5036365, 0.5135274, 0.5031897, 0.5023939, 0.50983644, 0.5076957, 0.5083663, 0.50854623, 0.50777906, 0.5123674, 0.5114824, 0.50386715, 0.508627, 0.5074891, 0.50774336, 0.5138295, 0.5111777, 0.507261, 0.5116906, 0.51318693, 0.5088898, 0.51381075, 0.5066517, 0.51221156, 0.5123078, 0.5114965, 0.50710016, 0.5070682, 0.50405955, 0.5121839, 0.5104849, 0.50980324, 0.50104165, 0.5057671, 0.5073184, 0.5069216, 0.50767004, 0.51096267, 0.50260097, 0.5006987, 0.5103515, 0.51214933, 0.51034784, 0.5056463, 0.5073767, 0.5098349, 0.5116657, 0.50876147, 0.5062544, 0.5063097, 0.5057763, 0.50452393, 0.5065344, 0.50469935, 0.5010727, 0.5018441, 0.50258327, 0.50264984, 0.50226086, 0.50610703, 0.5094543, 0.51010585, 0.5127973, 0.51189935, 0.51118225, 0.5112553, 0.5114301, 0.5058656, 0.514009, 0.5141041, 0.5130109, 0.5072195, 0.51473826, 0.506157, 0.513122, 0.5134813, 0.5059742, 0.5085599, 0.5071581, 0.5098783, 0.5063977, 0.5005643, 0.5024201, 0.51194733, 0.5095289, 0.50029135, 0.5018076, 0.51146406, 0.5005407, 0.51264405, 0.50665945, 0.51202136, 0.5091598, 0.5003267, 0.50140023, 0.5138058, 0.5072708, 0.5143628, 0.5119991, 0.51105785, 0.50598186, 0.5084704, 0.50948507, 0.50488645, 0.51149577, 0.5113647, 0.5061902, 0.5045096, 0.50935, 0.50502974, 0.5129173, 0.51241255, 0.501124, 0.5006556, 0.5083008, 0.5085987, 0.508076, 0.5039801, 0.5025545, 0.5024361, 0.5008325, 0.505107, 0.5076963, 0.51071864, 0.5022383, 0.50065386, 0.5117393, 0.5073897, 0.5100887, 0.5004483, 0.51381534, 0.5139326, 0.51322424, 0.5070129, 0.5061485, 0.5097227, 0.5085222, 0.50795776, 0.5081392, 0.5021444, 0.510723, 0.51102865, 0.50986964, 0.50994235, 0.50635594, 0.503367, 0.5114357, 0.5121081, 0.51215243, 0.5098905, 0.51115274, 0.51394236, 0.5117005, 0.5083197, 0.50843847, 0.50870717, 0.50823754, 0.51106226, 0.50867623, 0.50242627, 0.50009537, 0.50871944, 0.51105356, 0.5092397, 0.51071334, 0.5113894, 0.51130396, 0.5094563, 0.5092451, 0.50066835, 0.5143619, 0.5144123, 0.5142479, 0.50285494, 0.506482, 0.50226486, 0.50348186, 0.51214176, 0.50725996, 0.50630146, 0.50387675, 0.5135033, 0.5128359, 0.5101321, 0.50594616, 0.51122195, 0.51154226, 0.5104711, 0.51433164, 0.50696623, 0.5056704, 0.5061968, 0.511215, 0.5095082, 0.50936174, 0.5079819, 0.5051907, 0.50690055, 0.5078604, 0.5083777, 0.50795776, 0.5078995, 0.5070829, 0.50616753, 0.5014503, 0.5109684, 0.5097884, 0.5007944, 0.5029196, 0.5098354, 0.504015, 0.5081162, 0.5114572, 0.5109434, 0.5095328, 0.5082416, 0.5072891, 0.5044371, 0.50293404, 0.50103927, 0.5065927, 0.5084943, 0.50843465, 0.5030023, 0.5132084, 0.5118189, 0.5110712, 0.5018939, 0.5009231, 0.5103259, 0.51023984, 0.5126088, 0.5083747, 0.5083961, 0.5077523, 0.5013578, 0.50577635, 0.5019269, 0.5126556, 0.5108918, 0.51112664, 0.50773984, 0.5062567, 0.5061623, 0.50183076, 0.50750625, 0.5094143, 0.5122321, 0.506908, 0.5104707, 0.5123474, 0.512838, 0.51353455, 0.50933576, 0.5128573, 0.5127155, 0.512428, 0.502787, 0.5084248, 0.5117898, 0.5024006]
[0.51247203, 0.5135324, 0.514186, 0.5115214, 0.5119619, 0.50957906, 0.50960773, 0.51308423, 0.504478, 0.50411373, 0.5048677, 0.5102352, 0.51253057, 0.5089762, 0.50617105, 0.51209646, 0.51087403, 0.51396435, 0.51276857, 0.5080415, 0.50871855, 0.5111575, 0.5137971, 0.5112923, 0.5145488, 0.5110946, 0.5096278, 0.50733167, 0.50002176, 0.50044405, 0.5134018, 0.505676, 0.5075372, 0.5027654, 0.5060301, 0.50653154, 0.5144063, 0.49982518, 0.5006239, 0.51066417, 0.5089972, 0.50943214, 0.50890434, 0.5082579, 0.51326406, 0.5121656, 0.5066087, 0.5096417, 0.50862974, 0.50886697, 0.5144277, 0.51162064, 0.50841624, 0.5127115, 0.5138509, 0.50987375, 0.5143219, 0.50742716, 0.5127293, 0.5128348, 0.51240754, 0.5081796, 0.5080329, 0.50617373, 0.5128165, 0.5111339, 0.5109482, 0.5016993, 0.5070049, 0.50867087, 0.5080646, 0.5085569, 0.51159656, 0.5053808, 0.5026601, 0.5113666, 0.5129574, 0.511295, 0.50633276, 0.5081279, 0.51073056, 0.5121833, 0.51024187, 0.5074052, 0.50799793, 0.5075663, 0.50725317, 0.5080184, 0.5006713, 0.5016926, 0.50132084, 0.5003291, 0.5003523, 0.5003434, 0.50756186, 0.5102327, 0.511177, 0.5135942, 0.5129024, 0.5117597, 0.51177466, 0.5120457, 0.50729907, 0.5148565, 0.5147468, 0.51402515, 0.50831103, 0.51541865, 0.5079686, 0.51404965, 0.5142761, 0.5074868, 0.5093995, 0.50798213, 0.5109516, 0.50820124, 0.50254434, 0.50017244, 0.5128709, 0.5104309, 0.50233823, 0.5010328, 0.51266307, 0.50316656, 0.5133275, 0.5081599, 0.5130033, 0.5099391, 0.50238115, 0.5017354, 0.5144062, 0.50800544, 0.51485085, 0.51273614, 0.5125007, 0.50756145, 0.50978994, 0.50984985, 0.5067261, 0.5122871, 0.5120264, 0.50736386, 0.50632244, 0.5098166, 0.50621223, 0.51354903, 0.51334924, 0.5040425, 0.5026704, 0.5094747, 0.50990254, 0.50345844, 0.5003566, 0.50023806, 0.50065094, 0.50302213, 0.5070801, 0.50873244, 0.512017, 0.500225, 0.5031798, 0.5125278, 0.50909716, 0.51111454, 0.50272954, 0.51455915, 0.5149085, 0.5139915, 0.50835204, 0.50763834, 0.5103473, 0.5097137, 0.5084933, 0.50920033, 0.5007242, 0.51141393, 0.51212686, 0.5109695, 0.511042, 0.5077103, 0.50008696, 0.51263696, 0.51266074, 0.5127923, 0.5104775, 0.5120736, 0.5143334, 0.5122915, 0.509444, 0.50932825, 0.5095046, 0.5094003, 0.5118632, 0.50977176, 0.50442266, 0.503297, 0.5096637, 0.51182425, 0.5103269, 0.51176775, 0.5120005, 0.51196504, 0.5101338, 0.5100249, 0.5025716, 0.5150955, 0.5151379, 0.51477355, 0.5006021, 0.50211924, 0.50546837, 0.50603133, 0.5128131, 0.50891733, 0.5073565, 0.5057789, 0.5140464, 0.5136752, 0.51130915, 0.50723714, 0.51171756, 0.5124516, 0.51167357, 0.5152889, 0.5086685, 0.50712574, 0.50760543, 0.5122118, 0.51070803, 0.510662, 0.50863916, 0.5067379, 0.5083172, 0.5088348, 0.5094749, 0.5087358, 0.50899595, 0.50811535, 0.50753117, 0.503345, 0.51141137, 0.51088935, 0.5039383, 0.5055689, 0.51047105, 0.5062021, 0.50936997, 0.51233923, 0.51172197, 0.5104212, 0.509329, 0.50854117, 0.5068499, 0.5002079, 0.5042701, 0.5079969, 0.5093498, 0.50942975, 0.5055706, 0.5140426, 0.5126443, 0.5118298, 0.5005163, 0.5031512, 0.5110846, 0.51117265, 0.51324797, 0.50947386, 0.50925374, 0.50896645, 0.5020729, 0.50163263, 0.50517297, 0.5135968, 0.5113976, 0.5120745, 0.50877017, 0.50757354, 0.50758046, 0.50137603, 0.50906193, 0.5106348, 0.51329803, 0.5079973, 0.51134884, 0.51305604, 0.513873, 0.51429987, 0.5105753, 0.51337266, 0.5135334, 0.5130531, 0.50511473, 0.5096326, 0.51265746, 0.5044621]
[0.5150675, 0.5166037, 0.517676, 0.5141811, 0.5153516, 0.51298225, 0.51172775, 0.5159831, 0.5038593, 0.50041306, 0.50039446, 0.5131425, 0.51556766, 0.5112532, 0.50657606, 0.5160961, 0.5135169, 0.5173795, 0.5158713, 0.5096206, 0.5106032, 0.51421785, 0.51715106, 0.5135035, 0.5180405, 0.51372397, 0.5116036, 0.5071696, 0.5027425, 0.5024028, 0.5162791, 0.5047178, 0.5086348, 0.49944326, 0.5041136, 0.5085915, 0.51791865, 0.5020253, 0.5013453, 0.5129808, 0.51082426, 0.51119286, 0.51149654, 0.51091695, 0.5167219, 0.5147074, 0.5070821, 0.5120667, 0.51127666, 0.5110886, 0.5180588, 0.51461655, 0.51012546, 0.5153235, 0.51704997, 0.5123392, 0.5179018, 0.5095084, 0.515102, 0.515566, 0.51528424, 0.5103374, 0.51002085, 0.508166, 0.5157149, 0.5136916, 0.51292115, 0.50090533, 0.5088008, 0.51017493, 0.5096322, 0.510968, 0.5143077, 0.503676, 0.5000066, 0.51400554, 0.515269, 0.5136208, 0.5084836, 0.510221, 0.51334643, 0.5154906, 0.5121573, 0.509797, 0.5094783, 0.50929445, 0.50774884, 0.5088604, 0.5026636, 0.5003229, 0.5005322, 0.5011503, 0.50159085, 0.501464, 0.5078677, 0.51336, 0.51360554, 0.5170074, 0.5160539, 0.51453733, 0.51440233, 0.5151305, 0.50936776, 0.5183776, 0.5185242, 0.5171268, 0.50982547, 0.5189751, 0.5092043, 0.51807535, 0.5177843, 0.5080672, 0.51134086, 0.5110259, 0.51333696, 0.5098684, 0.50048476, 0.50137264, 0.5156459, 0.5126755, 0.4998185, 0.50155294, 0.5154734, 0.49982935, 0.51586837, 0.5099204, 0.51641345, 0.51187545, 0.5005988, 0.50017357, 0.5181694, 0.50996715, 0.5187622, 0.515703, 0.5147347, 0.5079081, 0.51211524, 0.5131816, 0.50808126, 0.5158434, 0.5149024, 0.50883967, 0.5051478, 0.51220006, 0.5082032, 0.5168481, 0.5174479, 0.5036246, 0.5007964, 0.5116804, 0.5122815, 0.50488824, 0.50207686, 0.50130475, 0.50079834, 0.49982643, 0.5040063, 0.51065636, 0.5146569, 0.5016034, 0.49959728, 0.5155836, 0.51092416, 0.51386476, 0.50056726, 0.51829183, 0.5184616, 0.5171339, 0.51018715, 0.5092516, 0.5133797, 0.5117084, 0.5104579, 0.51110846, 0.50124156, 0.5145035, 0.5145132, 0.51364857, 0.5137325, 0.5094752, 0.5023432, 0.5155782, 0.5159214, 0.51616293, 0.51298356, 0.51484495, 0.5182122, 0.51536244, 0.5120617, 0.51189816, 0.5127421, 0.5116426, 0.51496375, 0.5124055, 0.5037333, 0.49954885, 0.51244575, 0.5142569, 0.5126365, 0.51443225, 0.51434183, 0.51464504, 0.5128493, 0.5124271, 0.50030833, 0.51853156, 0.51850176, 0.51845473, 0.50092226, 0.50378394, 0.5060589, 0.5062671, 0.5163242, 0.5102527, 0.5094355, 0.5064937, 0.5173248, 0.51680666, 0.5138693, 0.5091358, 0.5145358, 0.5154564, 0.51395345, 0.5183627, 0.51014435, 0.5091443, 0.5094902, 0.5146254, 0.5133971, 0.51331913, 0.5107671, 0.50791323, 0.5097774, 0.5112881, 0.511741, 0.51071286, 0.51094615, 0.5098661, 0.5084027, 0.5002297, 0.51377153, 0.51309454, 0.5004142, 0.5026325, 0.5128423, 0.5073632, 0.51128906, 0.5146792, 0.5142858, 0.51242596, 0.5113351, 0.5098175, 0.506898, 0.50158596, 0.5004342, 0.50875723, 0.5108187, 0.5111651, 0.5046051, 0.5176991, 0.5153173, 0.5145591, 0.50075364, 0.50017715, 0.5138874, 0.5133018, 0.5158218, 0.5116654, 0.51150084, 0.5105096, 0.50073147, 0.50368255, 0.50269103, 0.51688063, 0.5140672, 0.51477367, 0.5108446, 0.508968, 0.5085126, 0.50151044, 0.50959903, 0.51184976, 0.5163999, 0.5098935, 0.51351494, 0.5157371, 0.5168471, 0.5173794, 0.5118917, 0.5169371, 0.51705176, 0.5163867, 0.5047729, 0.51175326, 0.5160224, 0.5048296]
[0.5160355, 0.51688117, 0.5179686, 0.51431036, 0.5152739, 0.5122094, 0.5122915, 0.5165417, 0.5035871, 0.50191814, 0.5023994, 0.5136677, 0.5156466, 0.5112428, 0.50430965, 0.5147593, 0.5133354, 0.51752824, 0.51566446, 0.51001537, 0.5104612, 0.51352906, 0.51704353, 0.5132211, 0.5181386, 0.5139415, 0.51214266, 0.5090689, 0.5023543, 0.5032291, 0.51683354, 0.5046464, 0.5094906, 0.5013336, 0.5043604, 0.5064938, 0.5174818, 0.50248396, 0.5015461, 0.51441205, 0.51222736, 0.512117, 0.5113636, 0.5096178, 0.5166853, 0.51528126, 0.5068301, 0.51203233, 0.5108118, 0.5110582, 0.51836115, 0.5148261, 0.51008606, 0.51561797, 0.51693565, 0.5127692, 0.51775277, 0.5090044, 0.51561433, 0.5159185, 0.51531184, 0.50951624, 0.5100581, 0.50706816, 0.51641107, 0.51376647, 0.51376563, 0.5003406, 0.5078997, 0.5105539, 0.50921446, 0.5104315, 0.5146914, 0.5048791, 0.5005167, 0.5144068, 0.51591676, 0.5142917, 0.5068958, 0.509265, 0.5132237, 0.51541793, 0.5122826, 0.5080823, 0.50890934, 0.5088913, 0.5089591, 0.5097572, 0.503236, 0.5004294, 0.50142235, 0.5025607, 0.5026514, 0.50202096, 0.50913167, 0.5123733, 0.5142096, 0.51701844, 0.51606, 0.5144552, 0.51434964, 0.51487356, 0.5076568, 0.5185092, 0.5187001, 0.5174016, 0.51013285, 0.5192456, 0.5095835, 0.51783586, 0.5181079, 0.5089661, 0.511819, 0.5109202, 0.51370233, 0.50933623, 0.5002729, 0.50316596, 0.515986, 0.51279444, 0.50225735, 0.5015025, 0.51647997, 0.5022928, 0.5166478, 0.5101875, 0.516447, 0.51246804, 0.50025606, 0.5004336, 0.5180667, 0.50973094, 0.51842844, 0.5157411, 0.5151277, 0.50835663, 0.5124957, 0.51273817, 0.5071525, 0.5150085, 0.51469857, 0.50854504, 0.5068636, 0.512495, 0.5067439, 0.51701313, 0.51680225, 0.50167465, 0.50083363, 0.51173586, 0.5130316, 0.5060657, 0.5025634, 0.50180775, 0.5009009, 0.5012296, 0.50679517, 0.510124, 0.5153829, 0.5003345, 0.5033902, 0.5153941, 0.51073486, 0.51377237, 0.502111, 0.51779634, 0.51846606, 0.51764226, 0.5105706, 0.508667, 0.51250005, 0.511815, 0.5105541, 0.5111625, 0.50121325, 0.51511526, 0.515267, 0.5136306, 0.51385623, 0.50936365, 0.50274426, 0.5154315, 0.5160993, 0.51658154, 0.51307714, 0.51513773, 0.5180631, 0.5153676, 0.5113435, 0.5116004, 0.51179254, 0.51163703, 0.5146447, 0.51232463, 0.50287414, 0.5022319, 0.5118707, 0.51501006, 0.5130553, 0.51488674, 0.5149845, 0.514984, 0.5127427, 0.51270133, 0.5016216, 0.51890796, 0.51906693, 0.5186692, 0.5018628, 0.50503075, 0.5055901, 0.5054741, 0.51576114, 0.51122755, 0.5085988, 0.50444883, 0.51765245, 0.5170498, 0.51404333, 0.50742936, 0.5143781, 0.51537424, 0.5150944, 0.5190864, 0.5108677, 0.50856483, 0.50925046, 0.51517975, 0.513637, 0.5136251, 0.511119, 0.5074538, 0.5100615, 0.5117926, 0.51225704, 0.51131606, 0.511432, 0.5098479, 0.50837106, 0.50193715, 0.5139871, 0.51348543, 0.5031488, 0.50443286, 0.51308143, 0.5066071, 0.5115877, 0.51516634, 0.51466435, 0.5133632, 0.51174045, 0.5106485, 0.5075776, 0.502255, 0.50184155, 0.5091183, 0.51107097, 0.5111826, 0.50535977, 0.5178721, 0.51552933, 0.5145248, 0.5020259, 0.50056237, 0.5142042, 0.5140861, 0.51669294, 0.51153785, 0.5113701, 0.5113374, 0.50078344, 0.5043514, 0.5040215, 0.516636, 0.51464397, 0.5152336, 0.51165694, 0.50896496, 0.50936776, 0.50176114, 0.5106969, 0.5136446, 0.51715875, 0.50954926, 0.5140278, 0.5159179, 0.51692826, 0.5178408, 0.51311666, 0.5169452, 0.5163464, 0.51566875, 0.5033741, 0.5121612, 0.515999, 0.50259984]
[0.51581955, 0.516752, 0.51812476, 0.51407486, 0.5152544, 0.5122373, 0.51078606, 0.5162746, 0.5041629, 0.50201464, 0.50232625, 0.5128296, 0.5160125, 0.51073873, 0.504148, 0.5150816, 0.51313746, 0.5175641, 0.51589376, 0.5083796, 0.5095539, 0.5136723, 0.51755893, 0.51310927, 0.51863855, 0.5137677, 0.51118124, 0.50763315, 0.4989166, 0.49907842, 0.517102, 0.50408953, 0.5082943, 0.4997885, 0.50414336, 0.50629604, 0.51779455, 0.49889085, 0.49855733, 0.5136635, 0.5112582, 0.51106, 0.5104341, 0.5097586, 0.51678556, 0.51500154, 0.5059038, 0.51162887, 0.51013327, 0.5099419, 0.5185601, 0.51464874, 0.5094615, 0.5157457, 0.5176581, 0.512045, 0.51887876, 0.5072885, 0.51543605, 0.5159881, 0.51519936, 0.5085691, 0.50892293, 0.5057075, 0.51647127, 0.5137738, 0.51344675, 0.49935496, 0.50651413, 0.5091577, 0.5082607, 0.5095045, 0.5144213, 0.5041642, 0.5000357, 0.5138657, 0.5162072, 0.51419485, 0.50681835, 0.50904375, 0.5132925, 0.51534146, 0.51179093, 0.50759566, 0.50790507, 0.5080177, 0.5071734, 0.50844127, 0.49929705, 0.49900585, 0.49892277, 0.49912837, 0.49927223, 0.49877143, 0.50734645, 0.51196057, 0.5138782, 0.51753336, 0.5159686, 0.51489955, 0.51481164, 0.5150541, 0.5066524, 0.5187308, 0.5192762, 0.5178501, 0.5089712, 0.51963675, 0.50789315, 0.5182397, 0.51819104, 0.5076632, 0.51064134, 0.5098053, 0.5134872, 0.5090718, 0.5013984, 0.4984049, 0.51576173, 0.51227194, 0.500474, 0.49879414, 0.5160958, 0.50067085, 0.5162049, 0.50901663, 0.5167564, 0.5108524, 0.5007963, 0.4994369, 0.51860124, 0.50906754, 0.519659, 0.5163398, 0.51469904, 0.5071639, 0.5112829, 0.51199263, 0.5065483, 0.5152687, 0.51529366, 0.50760347, 0.5051309, 0.51187956, 0.5062702, 0.5174213, 0.5171847, 0.50173885, 0.49997628, 0.5108572, 0.5116782, 0.50033396, 0.4989461, 0.49860048, 0.4987403, 0.50063175, 0.50541663, 0.5097973, 0.5149368, 0.49876556, 0.5010232, 0.5157579, 0.5097626, 0.51341397, 0.5010394, 0.51813555, 0.51873285, 0.51781034, 0.50974774, 0.50822955, 0.5126632, 0.5115442, 0.5103214, 0.5107716, 0.49879116, 0.5144665, 0.5145456, 0.5131947, 0.5134546, 0.50835955, 0.49861416, 0.5156838, 0.51569325, 0.5163097, 0.5125488, 0.5149806, 0.5186585, 0.5158779, 0.51052105, 0.5101879, 0.5109363, 0.51103485, 0.5148057, 0.5115482, 0.50329804, 0.50082254, 0.5119166, 0.51501864, 0.5121623, 0.5144507, 0.51511663, 0.515412, 0.5125354, 0.51213527, 0.49930656, 0.5191095, 0.5193935, 0.51921684, 0.49907404, 0.50003695, 0.5034383, 0.5046831, 0.5162306, 0.5099608, 0.5075718, 0.5052911, 0.5181419, 0.51726943, 0.5137859, 0.50697386, 0.51455724, 0.51518655, 0.51469785, 0.519269, 0.5089465, 0.5075027, 0.5077352, 0.5149063, 0.5129339, 0.51269406, 0.51023734, 0.50612503, 0.5087609, 0.5101752, 0.5108512, 0.51015997, 0.51028013, 0.5088158, 0.5074675, 0.5019089, 0.5139155, 0.5129674, 0.5019117, 0.5034149, 0.5130277, 0.5050368, 0.5106499, 0.5153831, 0.5148596, 0.51282233, 0.51134443, 0.50963455, 0.50617087, 0.49866217, 0.50006896, 0.5083827, 0.51085263, 0.5110414, 0.50308925, 0.5181399, 0.51593035, 0.5148477, 0.49837625, 0.5003758, 0.5134406, 0.5134, 0.5167662, 0.5107845, 0.5107487, 0.5101295, 0.49914363, 0.49986807, 0.50258064, 0.5171849, 0.51424354, 0.5149552, 0.5101453, 0.5086162, 0.5076936, 0.49894115, 0.50948936, 0.5127778, 0.51693153, 0.50905955, 0.5143148, 0.51634616, 0.51708066, 0.5181656, 0.5126131, 0.5172097, 0.51695347, 0.5162787, 0.5050285, 0.5111935, 0.5153891, 0.5032681]
[0.5134629, 0.51444817, 0.5154965, 0.51277554, 0.51269054, 0.51098776, 0.5101855, 0.5140676, 0.50087285, 0.50079256, 0.50222766, 0.5104407, 0.5139813, 0.5095046, 0.50154114, 0.51325256, 0.51124656, 0.5148042, 0.51407564, 0.50775516, 0.5080426, 0.51309055, 0.51506525, 0.51171345, 0.5153082, 0.51218927, 0.50981295, 0.50700384, 0.50410783, 0.5053988, 0.5147957, 0.5030493, 0.5077187, 0.50154954, 0.5038083, 0.5047867, 0.5149448, 0.5041289, 0.50331014, 0.51107997, 0.50910056, 0.5089769, 0.5088435, 0.50847846, 0.5145997, 0.51397246, 0.50598896, 0.5104941, 0.5088378, 0.50900096, 0.515609, 0.51273346, 0.50803834, 0.513392, 0.5148708, 0.510751, 0.51609254, 0.50714064, 0.51342165, 0.5137958, 0.5127796, 0.5081735, 0.5070482, 0.50463724, 0.5138373, 0.51204944, 0.51161385, 0.5019536, 0.5062134, 0.50886256, 0.5073562, 0.50860935, 0.51212084, 0.50299764, 0.50203294, 0.51293254, 0.5138463, 0.5119847, 0.5048628, 0.50799835, 0.5116008, 0.5129501, 0.51079345, 0.5050465, 0.5063319, 0.50595844, 0.50611067, 0.5080186, 0.5051837, 0.5025318, 0.502896, 0.5039762, 0.50423205, 0.50432104, 0.50676775, 0.5113135, 0.51240265, 0.51488173, 0.5140267, 0.51254547, 0.51231545, 0.51289856, 0.5066185, 0.515949, 0.51652586, 0.5150795, 0.508455, 0.5164434, 0.50783265, 0.51581466, 0.515459, 0.5072702, 0.5098841, 0.50849026, 0.5118735, 0.50754535, 0.50161576, 0.50475526, 0.51334983, 0.5105561, 0.5020617, 0.50264776, 0.5134894, 0.5004231, 0.5141079, 0.50868154, 0.5141745, 0.5095893, 0.50247234, 0.5035826, 0.5155142, 0.5083726, 0.5166039, 0.51460344, 0.51280755, 0.5058528, 0.5098813, 0.509823, 0.50514925, 0.513109, 0.51235306, 0.50711423, 0.5045681, 0.51050556, 0.5045791, 0.51425666, 0.5146257, 0.5017157, 0.5033546, 0.50972575, 0.5104094, 0.50832844, 0.50535625, 0.5046568, 0.50370944, 0.5011834, 0.5052455, 0.5085834, 0.5136604, 0.5043353, 0.5010242, 0.51414424, 0.5095242, 0.5130757, 0.5013964, 0.515236, 0.51591563, 0.51524, 0.5093111, 0.5077502, 0.51038045, 0.5101137, 0.50911087, 0.50923586, 0.50361687, 0.51191217, 0.5133149, 0.5119122, 0.51197135, 0.5073617, 0.5046194, 0.51391006, 0.5139599, 0.514097, 0.51141566, 0.51323867, 0.51571524, 0.51355696, 0.5089061, 0.50921047, 0.5093207, 0.5093332, 0.5130672, 0.5097777, 0.50044733, 0.50166696, 0.5100623, 0.5131126, 0.5101629, 0.5127495, 0.5130661, 0.51337695, 0.5107713, 0.51042897, 0.50057334, 0.5159065, 0.51590335, 0.5160504, 0.5027952, 0.5065577, 0.5012867, 0.5050321, 0.51366335, 0.50864065, 0.507854, 0.50382894, 0.51484454, 0.514769, 0.5121212, 0.50582904, 0.5124441, 0.5128198, 0.5128665, 0.5161152, 0.50643444, 0.5045562, 0.50564426, 0.51254815, 0.5111993, 0.5109021, 0.5087912, 0.5056085, 0.5085, 0.5088297, 0.50942177, 0.50897074, 0.50947875, 0.50805426, 0.50705105, 0.5017103, 0.51164776, 0.5109885, 0.50087583, 0.5021067, 0.5117826, 0.5046772, 0.50959563, 0.51324475, 0.5127399, 0.5109256, 0.50965434, 0.5085221, 0.50468653, 0.5044894, 0.500844, 0.50808066, 0.51019216, 0.51009345, 0.5012406, 0.51523197, 0.5135521, 0.5127187, 0.5040222, 0.50214523, 0.51221097, 0.5115419, 0.51460814, 0.5096919, 0.5094007, 0.5087132, 0.5016239, 0.50646853, 0.50143844, 0.5147551, 0.51202774, 0.5129099, 0.50835943, 0.5077204, 0.5070143, 0.50316995, 0.5085969, 0.5115538, 0.51476157, 0.5083608, 0.5121782, 0.51411736, 0.51440305, 0.51541215, 0.51143616, 0.5143027, 0.51457995, 0.51407766, 0.50287443, 0.51023304, 0.5135402, 0.50228876]
[0.5112102, 0.5126299, 0.51402056, 0.51098186, 0.51084495, 0.5093977, 0.5090187, 0.5124403, 0.5012571, 0.5007143, 0.50009435, 0.50889176, 0.5126272, 0.50768507, 0.50256515, 0.51160234, 0.5097262, 0.5132114, 0.5126231, 0.50605375, 0.50707245, 0.5112813, 0.5138732, 0.51030093, 0.51409894, 0.51022863, 0.5074042, 0.5053298, 0.50372785, 0.5048256, 0.5128679, 0.501645, 0.5063605, 0.5017358, 0.5032227, 0.50544673, 0.5137782, 0.5032952, 0.50285965, 0.50954515, 0.5074891, 0.5066681, 0.50681585, 0.507416, 0.5129073, 0.5116597, 0.50591063, 0.5091974, 0.5082312, 0.5072404, 0.51362586, 0.51112837, 0.50677544, 0.5118929, 0.5133373, 0.5096319, 0.51447713, 0.50509983, 0.511264, 0.51178974, 0.5117252, 0.50618243, 0.5058604, 0.5036855, 0.51187974, 0.5103588, 0.510026, 0.50176406, 0.50440496, 0.507718, 0.5069396, 0.5074039, 0.5101623, 0.5025238, 0.5007373, 0.51081234, 0.5120297, 0.5104015, 0.50316, 0.506333, 0.5098079, 0.5115161, 0.5090947, 0.50556433, 0.50592035, 0.5065195, 0.50574034, 0.50609666, 0.50455654, 0.50174165, 0.5019582, 0.5028614, 0.50356483, 0.50369227, 0.50479984, 0.50985456, 0.51029223, 0.5132802, 0.5123927, 0.5113068, 0.5112243, 0.5110657, 0.5056175, 0.51451176, 0.5147963, 0.5135638, 0.5064063, 0.51470286, 0.5063109, 0.5137234, 0.5135657, 0.5058314, 0.50815225, 0.50703275, 0.5101669, 0.50725293, 0.50128496, 0.5035601, 0.51168257, 0.5096179, 0.5005666, 0.502282, 0.512355, 0.5004012, 0.51226866, 0.50698036, 0.5124912, 0.50782794, 0.50113666, 0.501831, 0.514032, 0.50658876, 0.5149855, 0.5129279, 0.5114575, 0.5043471, 0.5085445, 0.50833577, 0.5045972, 0.51148516, 0.5113017, 0.50526583, 0.50210816, 0.50841206, 0.5038118, 0.5128461, 0.513297, 0.5008305, 0.50111496, 0.5084963, 0.5091561, 0.50714886, 0.5044586, 0.5036638, 0.50265783, 0.50029474, 0.5035533, 0.50753844, 0.51251626, 0.50403947, 0.5013549, 0.51237017, 0.50804394, 0.5113649, 0.501334, 0.51376086, 0.5145152, 0.5132009, 0.50742304, 0.5066233, 0.5092303, 0.5086749, 0.506622, 0.5081229, 0.50266856, 0.5105253, 0.5115771, 0.5104181, 0.51064146, 0.50573695, 0.50373113, 0.51241684, 0.51168865, 0.5122137, 0.5095568, 0.51135033, 0.5140963, 0.51164526, 0.508228, 0.507867, 0.5078516, 0.5079413, 0.51146364, 0.5084819, 0.50017875, 0.50071675, 0.5088984, 0.5111693, 0.5089511, 0.5114041, 0.51137364, 0.51158136, 0.50936675, 0.50904393, 0.5013741, 0.5145132, 0.514595, 0.51474935, 0.5021284, 0.50585794, 0.5019009, 0.5032045, 0.512323, 0.5074425, 0.5057918, 0.50373954, 0.51363635, 0.5133929, 0.5107187, 0.5054733, 0.5111707, 0.51147354, 0.51117474, 0.5147167, 0.5061407, 0.5055127, 0.5060252, 0.51102895, 0.50936687, 0.5089806, 0.5074838, 0.5038558, 0.5075048, 0.50758946, 0.5082714, 0.5074485, 0.50802046, 0.5070397, 0.5060855, 0.50035554, 0.509724, 0.50922376, 0.50015235, 0.5017434, 0.5099809, 0.50382125, 0.5080521, 0.5115237, 0.51128393, 0.50951123, 0.50832754, 0.5071003, 0.5037756, 0.5037955, 0.50056064, 0.5065582, 0.5084444, 0.5086024, 0.5009472, 0.5139379, 0.51168686, 0.510982, 0.5033769, 0.5014613, 0.5101663, 0.5103606, 0.5126386, 0.50825316, 0.5078962, 0.5076572, 0.5019072, 0.50603396, 0.5016306, 0.5133363, 0.5095735, 0.51133126, 0.50702333, 0.50692874, 0.506006, 0.5031821, 0.506852, 0.5095812, 0.51292944, 0.50674963, 0.51079714, 0.512385, 0.51331174, 0.51380426, 0.5096536, 0.51288366, 0.51330334, 0.5128197, 0.5028082, 0.5087395, 0.51218534, 0.500726]
[0.51733714, 0.51860434, 0.5191623, 0.5151199, 0.51592094, 0.51299256, 0.51178277, 0.5176502, 0.50441754, 0.5034503, 0.50370216, 0.51419955, 0.51689327, 0.5117179, 0.5048236, 0.5157255, 0.5142683, 0.5193841, 0.51661146, 0.5091566, 0.5099213, 0.5148709, 0.51870835, 0.51412505, 0.5205924, 0.51507276, 0.5130981, 0.50845927, 0.50082153, 0.5014015, 0.5181998, 0.50583375, 0.5100141, 0.49957407, 0.50284153, 0.5045433, 0.5189855, 0.501225, 0.5006245, 0.5153828, 0.5136233, 0.5139405, 0.51215565, 0.51011896, 0.51806575, 0.5161565, 0.50516087, 0.5123647, 0.5111322, 0.5106988, 0.51928097, 0.5154725, 0.51070833, 0.51732266, 0.5188953, 0.5125655, 0.5197679, 0.50960904, 0.51782995, 0.518062, 0.5167128, 0.5094276, 0.51177603, 0.50515485, 0.51783866, 0.51493967, 0.5143393, 0.49983352, 0.5073617, 0.5103471, 0.50960535, 0.5108422, 0.51632017, 0.5025726, 0.49961513, 0.5153703, 0.5180361, 0.51602805, 0.5079687, 0.5098009, 0.51405275, 0.51707304, 0.5122694, 0.5091497, 0.50913423, 0.5087267, 0.5084307, 0.5102337, 0.5015627, 0.50012136, 0.50062215, 0.5010582, 0.50113654, 0.5005297, 0.5093733, 0.5131693, 0.51507324, 0.5181464, 0.51690423, 0.51552224, 0.5156278, 0.5163282, 0.5071672, 0.5202459, 0.5205604, 0.5184203, 0.50980437, 0.5214959, 0.5090531, 0.5191384, 0.5202037, 0.50880957, 0.5118957, 0.5107017, 0.5146603, 0.5104189, 0.5005287, 0.501037, 0.516913, 0.51361334, 0.49974722, 0.49972913, 0.51741606, 0.49970812, 0.517924, 0.5095282, 0.5179408, 0.51340777, 0.5004422, 0.49965787, 0.5199597, 0.51091295, 0.52056223, 0.51695144, 0.51592016, 0.5089448, 0.5120272, 0.5139916, 0.5079128, 0.51628256, 0.5162117, 0.5090527, 0.50737345, 0.5133414, 0.50520027, 0.5187975, 0.51855123, 0.50000495, 0.49982303, 0.51161313, 0.5124343, 0.503803, 0.5013395, 0.5005784, 0.5005218, 0.50064224, 0.5072296, 0.51107734, 0.51528645, 0.49967036, 0.5002216, 0.5162973, 0.51015437, 0.51447105, 0.50168896, 0.51950604, 0.5202601, 0.51874685, 0.50967556, 0.5090817, 0.51373833, 0.5121931, 0.5121488, 0.51174766, 0.5002895, 0.51611793, 0.51619244, 0.513209, 0.5133201, 0.5103601, 0.50094, 0.51644623, 0.5180878, 0.5180242, 0.51411545, 0.5160706, 0.52009887, 0.5168386, 0.5118638, 0.5119575, 0.51216865, 0.5109979, 0.51555073, 0.5130948, 0.50361043, 0.5003182, 0.51221937, 0.51544505, 0.51384413, 0.5161515, 0.51522714, 0.5155904, 0.5145956, 0.5127805, 0.49939045, 0.5207395, 0.52078676, 0.5207928, 0.50075483, 0.50292814, 0.5016814, 0.5047002, 0.51777786, 0.5119871, 0.5085842, 0.50425655, 0.51917994, 0.5186479, 0.5151003, 0.5069075, 0.51537716, 0.51731884, 0.5160949, 0.52109605, 0.51018655, 0.5087583, 0.5094931, 0.5167453, 0.51451635, 0.514569, 0.5114093, 0.5062964, 0.5095501, 0.5113345, 0.5120432, 0.51135504, 0.51063377, 0.50953966, 0.5069424, 0.50097716, 0.51574075, 0.51537204, 0.5012079, 0.5030165, 0.5135734, 0.5055173, 0.5109123, 0.516949, 0.51631546, 0.51463825, 0.5130466, 0.5116584, 0.50519305, 0.5009897, 0.50186366, 0.5103019, 0.512074, 0.51207626, 0.5041853, 0.51967317, 0.5172723, 0.5163102, 0.49996394, 0.50237, 0.51482695, 0.5149342, 0.5185677, 0.51264256, 0.512636, 0.51214164, 0.49989453, 0.5027248, 0.5030167, 0.518418, 0.51552993, 0.5159759, 0.5118469, 0.5099375, 0.5086871, 0.4998399, 0.5120724, 0.51499647, 0.51811785, 0.51010257, 0.5155008, 0.5173714, 0.51836747, 0.51928985, 0.51387715, 0.5186422, 0.51748013, 0.5167252, 0.50469124, 0.51147324, 0.51633614, 0.502631]
[0.5149436, 0.5159955, 0.51650316, 0.5129952, 0.5139886, 0.5116775, 0.5096276, 0.5153956, 0.5036338, 0.50194424, 0.50244176, 0.51201475, 0.51439345, 0.50977457, 0.50354236, 0.5144334, 0.51216525, 0.5162234, 0.5149637, 0.5079347, 0.50834817, 0.5130979, 0.5160522, 0.5120626, 0.51711106, 0.5132089, 0.51075655, 0.50656503, 0.50090843, 0.5012544, 0.51610297, 0.50379956, 0.50863606, 0.49943233, 0.5030488, 0.5055037, 0.51655555, 0.5008124, 0.50025755, 0.51302373, 0.5110335, 0.51055944, 0.5100758, 0.5085979, 0.51554376, 0.5136719, 0.50413096, 0.5109625, 0.5098477, 0.5093275, 0.5168661, 0.5132446, 0.5087203, 0.5147038, 0.516375, 0.5107768, 0.5174023, 0.50736624, 0.51472396, 0.5151584, 0.51435655, 0.50810665, 0.5089283, 0.5052868, 0.5150869, 0.51267743, 0.5121028, 0.4994222, 0.50637376, 0.5088286, 0.5078918, 0.508891, 0.5137178, 0.5026842, 0.4994775, 0.51371926, 0.5152148, 0.513639, 0.5067269, 0.5083588, 0.511989, 0.5144727, 0.5109166, 0.5068345, 0.507232, 0.50711274, 0.50682664, 0.5086546, 0.5010882, 0.4995213, 0.49988976, 0.50038105, 0.5007396, 0.5004915, 0.5072228, 0.5114389, 0.51294315, 0.51597553, 0.5145776, 0.51356786, 0.5132568, 0.51377857, 0.50644577, 0.5176042, 0.51803654, 0.5162574, 0.5085415, 0.5183272, 0.5075381, 0.51698697, 0.5171808, 0.50706774, 0.51010275, 0.50966465, 0.5126196, 0.50750506, 0.49980867, 0.5000901, 0.5145248, 0.5111751, 0.49940383, 0.49979267, 0.51446545, 0.4993625, 0.5152051, 0.5084591, 0.51586455, 0.5109751, 0.49922955, 0.4994205, 0.51694256, 0.5088993, 0.5182484, 0.51520246, 0.5136322, 0.5067017, 0.5103213, 0.51166147, 0.5062232, 0.5142866, 0.51366293, 0.5078611, 0.50583977, 0.511505, 0.5063213, 0.51616573, 0.5164271, 0.49968633, 0.49941263, 0.5103491, 0.5112968, 0.5030571, 0.50084597, 0.50021994, 0.50009185, 0.49947935, 0.50523484, 0.5091296, 0.5136624, 0.5000081, 0.4997932, 0.5144524, 0.5089979, 0.51268524, 0.49984723, 0.51692027, 0.5174277, 0.5161087, 0.5086827, 0.5079166, 0.5112123, 0.51003903, 0.5104871, 0.5099616, 0.49980107, 0.51346475, 0.51396465, 0.5115177, 0.51182485, 0.50831944, 0.50070214, 0.51429415, 0.5152402, 0.51532567, 0.5120742, 0.5140555, 0.5171615, 0.51443166, 0.5099582, 0.5100353, 0.51065975, 0.50940436, 0.5135403, 0.51090974, 0.50245357, 0.49990585, 0.51056427, 0.51351917, 0.5113273, 0.51417404, 0.51332664, 0.51388544, 0.5124302, 0.5108594, 0.49907136, 0.51793456, 0.5178901, 0.5177412, 0.50018597, 0.5022144, 0.5020476, 0.50371844, 0.5147276, 0.50957257, 0.5073992, 0.5043149, 0.51633966, 0.5161358, 0.51284647, 0.5062508, 0.51349217, 0.5141187, 0.5135818, 0.518168, 0.5088261, 0.5065915, 0.5071676, 0.51381695, 0.51235485, 0.51233137, 0.5098063, 0.5055728, 0.50798637, 0.50959605, 0.51002115, 0.5092823, 0.50960344, 0.50837535, 0.5068326, 0.5008648, 0.51300883, 0.51233965, 0.5011958, 0.5020997, 0.51187384, 0.50488716, 0.5100653, 0.51430464, 0.51382977, 0.51229477, 0.5110336, 0.5097097, 0.50478053, 0.50039464, 0.5003097, 0.5080739, 0.51001287, 0.5103278, 0.5034489, 0.5167806, 0.51461726, 0.51359487, 0.5002057, 0.49932393, 0.5126822, 0.51226926, 0.5153936, 0.51035684, 0.51043534, 0.50950474, 0.49942073, 0.5020152, 0.5018467, 0.5159701, 0.51328284, 0.51431185, 0.5100295, 0.50783044, 0.5066362, 0.49958432, 0.50927544, 0.51222557, 0.51575375, 0.50801706, 0.5133693, 0.5152002, 0.51575136, 0.51639307, 0.5117128, 0.5158121, 0.5150105, 0.51435566, 0.5032655, 0.51002437, 0.5140951, 0.5026317]
[0.5142248, 0.5155081, 0.5166799, 0.51310366, 0.5136162, 0.51100445, 0.50926656, 0.51529855, 0.5003819, 0.5006118, 0.50132453, 0.5113266, 0.51434815, 0.5089408, 0.50222534, 0.5139876, 0.51167625, 0.516063, 0.5147343, 0.5070296, 0.5080431, 0.51280916, 0.5158886, 0.51209444, 0.5170586, 0.51254517, 0.51016366, 0.50527513, 0.50329363, 0.50398463, 0.51609105, 0.50131655, 0.5072621, 0.5012262, 0.50186425, 0.50278556, 0.51630956, 0.50327504, 0.5027253, 0.512106, 0.5096243, 0.51044977, 0.5091237, 0.5076597, 0.51564014, 0.5139964, 0.5033733, 0.50991476, 0.5083931, 0.50861585, 0.51684356, 0.5135762, 0.508095, 0.5144542, 0.5161932, 0.5106023, 0.5174278, 0.5059131, 0.5147771, 0.5150955, 0.513848, 0.50733465, 0.50731033, 0.5028613, 0.5145997, 0.51242733, 0.51167315, 0.5014221, 0.50553733, 0.5079349, 0.5066023, 0.5080492, 0.51329976, 0.50128007, 0.50153434, 0.51362425, 0.51485455, 0.5128541, 0.50389, 0.5075905, 0.51178426, 0.5140745, 0.51081926, 0.5056436, 0.50639, 0.5056042, 0.5053545, 0.5067292, 0.5042528, 0.5022244, 0.50250465, 0.50344324, 0.5036223, 0.5034945, 0.50639445, 0.5109977, 0.51242125, 0.51594764, 0.514547, 0.51322216, 0.5132385, 0.51401275, 0.5056114, 0.51757264, 0.51779664, 0.51605093, 0.5078674, 0.51824546, 0.50694925, 0.51668143, 0.51703495, 0.5055227, 0.5096564, 0.50802684, 0.51235956, 0.5067723, 0.50144887, 0.50329757, 0.5144287, 0.5103802, 0.5010623, 0.50226843, 0.5143549, 0.50082177, 0.51533586, 0.5081984, 0.51496935, 0.510571, 0.5009854, 0.5016953, 0.516633, 0.50773585, 0.51801646, 0.5149042, 0.51354444, 0.5055348, 0.50983554, 0.5108086, 0.5034843, 0.51364297, 0.5134281, 0.50681996, 0.5030966, 0.51069427, 0.50326765, 0.5158086, 0.51571035, 0.50124, 0.5017224, 0.5099448, 0.5107808, 0.5074218, 0.5039732, 0.5030474, 0.50315434, 0.5007815, 0.5032288, 0.5082396, 0.51369184, 0.5020793, 0.50024486, 0.5145232, 0.5087354, 0.5126212, 0.50009114, 0.5168606, 0.51717603, 0.5161147, 0.5076974, 0.50692105, 0.5109983, 0.5100647, 0.5093004, 0.5091111, 0.50257236, 0.512497, 0.51408935, 0.5119864, 0.51189977, 0.5066295, 0.5033849, 0.51466423, 0.5147809, 0.5149417, 0.5120579, 0.5138169, 0.5171054, 0.5142597, 0.5089203, 0.5090148, 0.5092818, 0.5094585, 0.5138169, 0.50989765, 0.500182, 0.5007486, 0.5095724, 0.51371485, 0.51045585, 0.51358056, 0.5136538, 0.51422507, 0.5118337, 0.5103406, 0.50088066, 0.51754403, 0.51783377, 0.5177203, 0.50301784, 0.50612104, 0.5006624, 0.5023009, 0.514644, 0.50850755, 0.5063355, 0.5030594, 0.5163686, 0.5159823, 0.5126138, 0.5046867, 0.51307136, 0.51387167, 0.51340723, 0.5179437, 0.50703984, 0.5049895, 0.5058436, 0.5139776, 0.5116853, 0.5113552, 0.50881475, 0.50414467, 0.507565, 0.50844085, 0.5092735, 0.50881076, 0.50890654, 0.5072505, 0.505254, 0.49992156, 0.5126246, 0.51166177, 0.4997793, 0.50114787, 0.51171136, 0.5033918, 0.50936013, 0.51423675, 0.5134697, 0.5115663, 0.5097801, 0.508578, 0.50351727, 0.50300294, 0.4998645, 0.50708807, 0.5098918, 0.50997174, 0.5015478, 0.51657975, 0.51457506, 0.5135107, 0.5025658, 0.50079286, 0.51214194, 0.51209486, 0.51561093, 0.50979435, 0.5093226, 0.5091331, 0.501669, 0.505421, 0.5006484, 0.5160089, 0.512241, 0.513518, 0.50894696, 0.5066392, 0.5062643, 0.5025437, 0.5086562, 0.5118724, 0.5157988, 0.5078035, 0.5129379, 0.5152118, 0.5155924, 0.51661605, 0.51148146, 0.51543957, 0.5151256, 0.51452154, 0.50140566, 0.5093536, 0.51425815, 0.50040925]
[0.51055527, 0.5117596, 0.5121764, 0.5102638, 0.5100816, 0.5090829, 0.5074049, 0.5112165, 0.50384736, 0.5031948, 0.50375473, 0.5089333, 0.5109321, 0.5079765, 0.5046346, 0.5110523, 0.5093684, 0.5122602, 0.5109793, 0.50662535, 0.5073786, 0.51002306, 0.5123116, 0.50930357, 0.5127218, 0.5097294, 0.5077018, 0.5053722, 0.5004707, 0.50111675, 0.5113649, 0.5042581, 0.50599086, 0.5016946, 0.50483125, 0.5055919, 0.5123874, 0.5004214, 0.50015086, 0.5093256, 0.50786287, 0.5079327, 0.5074102, 0.5075683, 0.51152194, 0.5100355, 0.5052127, 0.50849897, 0.5077964, 0.50717163, 0.5124673, 0.5100939, 0.5070638, 0.5108184, 0.5119618, 0.50872135, 0.51268744, 0.50636613, 0.51062137, 0.5109329, 0.51070404, 0.5071069, 0.5065311, 0.5054702, 0.5107488, 0.50954545, 0.5092439, 0.5009122, 0.5058022, 0.507447, 0.5068965, 0.5076957, 0.5100741, 0.5046809, 0.5017806, 0.51025134, 0.5110428, 0.5098626, 0.5060868, 0.50696415, 0.50939935, 0.51052034, 0.5084806, 0.5066856, 0.50670844, 0.50651675, 0.5054064, 0.5068272, 0.50138646, 0.50076354, 0.5003546, 0.500311, 0.5006102, 0.5002793, 0.5057637, 0.50938517, 0.5093064, 0.51161253, 0.5111847, 0.5104995, 0.5105534, 0.51066047, 0.5064356, 0.51312447, 0.51325303, 0.5119742, 0.5066891, 0.51316386, 0.5064607, 0.5125112, 0.512421, 0.50618756, 0.50805885, 0.50739956, 0.5091058, 0.50676167, 0.5015385, 0.50014544, 0.51051515, 0.50867665, 0.50207084, 0.5007416, 0.5105775, 0.50179607, 0.51112276, 0.50680274, 0.51139426, 0.50815815, 0.5021911, 0.5014569, 0.5126854, 0.50690717, 0.5133703, 0.5110885, 0.50984156, 0.5054471, 0.5075304, 0.5083582, 0.5050866, 0.5109533, 0.5101308, 0.50635237, 0.5046841, 0.5086483, 0.505956, 0.5116999, 0.51218843, 0.5022984, 0.5016707, 0.5079712, 0.50843084, 0.50379115, 0.5005853, 0.5001811, 0.5001333, 0.5017884, 0.50451696, 0.5074948, 0.51018393, 0.5002746, 0.5017628, 0.51093626, 0.5074898, 0.50973, 0.50154793, 0.5126216, 0.5129122, 0.51189506, 0.50704515, 0.50670177, 0.5090175, 0.5078666, 0.5078349, 0.50788146, 0.5003457, 0.509702, 0.5102253, 0.50899357, 0.5093016, 0.5066552, 0.5005093, 0.51097417, 0.5111717, 0.51127213, 0.5090429, 0.5104112, 0.51249284, 0.510711, 0.50797874, 0.5078988, 0.50830054, 0.5080872, 0.5103751, 0.50830644, 0.50331616, 0.5016194, 0.50831944, 0.51023024, 0.5086412, 0.51040304, 0.509995, 0.510251, 0.50977415, 0.508817, 0.50170916, 0.512984, 0.5130535, 0.5129972, 0.5000551, 0.50246054, 0.5040659, 0.50516135, 0.5110872, 0.5070672, 0.50669163, 0.50505775, 0.5122441, 0.511862, 0.5095702, 0.50621927, 0.51016265, 0.510703, 0.5098882, 0.5130098, 0.50653064, 0.50607765, 0.50641346, 0.5100629, 0.5088819, 0.5088384, 0.5074006, 0.50538313, 0.506956, 0.5075975, 0.50774324, 0.50721073, 0.5072961, 0.5069111, 0.506033, 0.5023207, 0.5098237, 0.50922096, 0.50303215, 0.50390625, 0.5090759, 0.5046899, 0.50780064, 0.51055425, 0.5102983, 0.5090447, 0.5082355, 0.50740963, 0.5052009, 0.50057733, 0.5022827, 0.5066723, 0.50814, 0.5082397, 0.5039051, 0.51240176, 0.51110965, 0.51046556, 0.50009125, 0.5021968, 0.50934416, 0.50910395, 0.5112325, 0.5082067, 0.5079057, 0.507468, 0.5007622, 0.50243425, 0.5032657, 0.5120452, 0.5095249, 0.5102032, 0.50743264, 0.50658625, 0.50621086, 0.5002664, 0.50705624, 0.50867414, 0.5114451, 0.5064584, 0.51005054, 0.51137596, 0.51175207, 0.51243246, 0.508366, 0.5114612, 0.5115838, 0.5112768, 0.50506866, 0.508403, 0.5110321, 0.50397784]
[0.5162746, 0.51773703, 0.5188715, 0.5153524, 0.51557493, 0.5137152, 0.51243347, 0.5175074, 0.50323206, 0.50078803, 0.5016506, 0.513586, 0.5170972, 0.51143426, 0.5051797, 0.5159786, 0.5139102, 0.51803404, 0.5172205, 0.5097648, 0.5107916, 0.5157694, 0.5185723, 0.51432043, 0.5187712, 0.5147325, 0.5118748, 0.5089532, 0.5003046, 0.5009659, 0.51780355, 0.5047779, 0.5106792, 0.5001515, 0.5047164, 0.5082377, 0.5184754, 0.50020057, 0.49994195, 0.5141155, 0.51233566, 0.5116595, 0.5109875, 0.51090866, 0.5175749, 0.51611567, 0.50882703, 0.5132685, 0.51200426, 0.5114818, 0.5190347, 0.51560324, 0.5104235, 0.51657385, 0.5182854, 0.51373297, 0.5195919, 0.5084103, 0.51635575, 0.516894, 0.5162861, 0.51016116, 0.50905305, 0.50754035, 0.5166078, 0.51478, 0.5142905, 0.49959925, 0.5072549, 0.51146156, 0.50992304, 0.51053435, 0.5149397, 0.50485414, 0.49982566, 0.5156203, 0.5172569, 0.51535064, 0.50632906, 0.5094943, 0.5142579, 0.51624364, 0.51348996, 0.5089601, 0.5092247, 0.509665, 0.5092316, 0.5101185, 0.5006527, 0.49941608, 0.49944422, 0.49994707, 0.50029093, 0.5003485, 0.5084179, 0.5141334, 0.51503223, 0.5183239, 0.51685494, 0.5157159, 0.5154427, 0.51597947, 0.5089194, 0.5195631, 0.5200089, 0.5185785, 0.5106034, 0.52005726, 0.5098639, 0.5187101, 0.5189425, 0.50937885, 0.51170236, 0.5111738, 0.5147822, 0.5099437, 0.49976623, 0.5002876, 0.5163464, 0.51310766, 0.50030625, 0.49959138, 0.5168463, 0.50082475, 0.5169974, 0.5108986, 0.5172797, 0.51189214, 0.49942917, 0.49953783, 0.5186894, 0.51048744, 0.5203171, 0.517483, 0.5156367, 0.50906587, 0.51259387, 0.51281285, 0.5082981, 0.5161508, 0.5156639, 0.50875026, 0.50541425, 0.51296395, 0.50677216, 0.517983, 0.51825196, 0.5005151, 0.49972096, 0.51229435, 0.51313007, 0.5022768, 0.500688, 0.5004076, 0.4998571, 0.50028723, 0.5072311, 0.51117295, 0.5165932, 0.5002128, 0.5005191, 0.5170091, 0.5117618, 0.51552945, 0.49949327, 0.51873815, 0.51919365, 0.5180221, 0.51132596, 0.5103402, 0.5136629, 0.5122203, 0.5113962, 0.5123283, 0.4996593, 0.51458, 0.51591176, 0.5146708, 0.5149195, 0.5097218, 0.5002566, 0.5171942, 0.5167704, 0.5170012, 0.51421636, 0.5159753, 0.5190525, 0.51625556, 0.51150155, 0.5112303, 0.5119842, 0.51170605, 0.5157947, 0.5123587, 0.50254345, 0.5001662, 0.512928, 0.51585823, 0.513111, 0.51566, 0.51599836, 0.5161769, 0.513771, 0.5128683, 0.49982256, 0.5194202, 0.51969445, 0.51990074, 0.49956647, 0.50131506, 0.5039479, 0.5063625, 0.51686186, 0.51123214, 0.50922066, 0.5066287, 0.5185192, 0.5181988, 0.51507396, 0.5076931, 0.5152902, 0.51572764, 0.51586103, 0.5200498, 0.50945044, 0.5082676, 0.5086549, 0.51579875, 0.5138067, 0.5134569, 0.5113871, 0.50756854, 0.5111021, 0.5112727, 0.5118605, 0.5115839, 0.5121383, 0.5109929, 0.5096558, 0.501373, 0.5144592, 0.5135019, 0.5024593, 0.50371456, 0.5144203, 0.5065659, 0.5120177, 0.5162342, 0.5161655, 0.5139836, 0.51265234, 0.51089627, 0.5070394, 0.50016475, 0.50031793, 0.5104235, 0.5125095, 0.51286113, 0.5031956, 0.51881003, 0.51659644, 0.5157525, 0.500191, 0.49936542, 0.51465905, 0.51451117, 0.5176332, 0.5122108, 0.5121141, 0.5115463, 0.49940312, 0.5012142, 0.50389034, 0.5186954, 0.51446027, 0.5159134, 0.51078403, 0.5103913, 0.5090912, 0.5001217, 0.5105381, 0.5139676, 0.5178147, 0.5102182, 0.51542354, 0.5174194, 0.51779824, 0.51893204, 0.51384073, 0.51782984, 0.51793283, 0.517129, 0.5046044, 0.5129261, 0.5162301, 0.5030097]
[0.51246804, 0.51361257, 0.5143215, 0.5124228, 0.5121795, 0.511164, 0.5091832, 0.5134604, 0.5026488, 0.5012029, 0.50254345, 0.5109405, 0.5129578, 0.5098137, 0.5038139, 0.5131201, 0.5113379, 0.51419985, 0.51345676, 0.5080404, 0.50891113, 0.5120527, 0.51427305, 0.5111788, 0.5145414, 0.51172036, 0.50951403, 0.50556076, 0.5028836, 0.50329804, 0.51360965, 0.5033551, 0.50746286, 0.5006696, 0.5044251, 0.5071686, 0.5142263, 0.5031298, 0.50263095, 0.5115156, 0.50979257, 0.5097373, 0.5091616, 0.5095802, 0.5135684, 0.5121566, 0.5067242, 0.51073456, 0.5098668, 0.50894594, 0.51460516, 0.5121063, 0.508806, 0.5126744, 0.51419467, 0.5101383, 0.51480293, 0.5074166, 0.51275975, 0.5129991, 0.5125527, 0.5088835, 0.50830644, 0.5068456, 0.5129171, 0.5115236, 0.51133835, 0.50180775, 0.50718105, 0.50926805, 0.50842756, 0.5095796, 0.5123216, 0.5050674, 0.5002824, 0.5124182, 0.5129843, 0.5116613, 0.50791687, 0.5092426, 0.5113445, 0.51255804, 0.51036566, 0.50834864, 0.5083148, 0.5079833, 0.5056789, 0.5084277, 0.503023, 0.5013715, 0.50155246, 0.5020248, 0.5023749, 0.5022396, 0.5068709, 0.51137155, 0.51127404, 0.51378274, 0.51312786, 0.5123543, 0.5122721, 0.5124814, 0.5076935, 0.5152566, 0.5154736, 0.5142401, 0.50828445, 0.5153073, 0.5080769, 0.5146118, 0.51446444, 0.5075539, 0.509867, 0.5091703, 0.5110885, 0.50835174, 0.500771, 0.5022464, 0.51278305, 0.51049834, 0.50047857, 0.5018277, 0.5126486, 0.5007418, 0.5130586, 0.50836545, 0.51341707, 0.5097393, 0.50053525, 0.50018555, 0.51474327, 0.5082075, 0.51571286, 0.51335615, 0.5116257, 0.5059182, 0.50923294, 0.5102592, 0.5056173, 0.5127955, 0.5123191, 0.507473, 0.5038818, 0.51068926, 0.5079847, 0.5138544, 0.51418424, 0.50033617, 0.501252, 0.51004785, 0.51015, 0.5051529, 0.5029382, 0.5021529, 0.5020438, 0.5004806, 0.5044619, 0.50931036, 0.51221293, 0.5024163, 0.5008848, 0.5130237, 0.509301, 0.5118468, 0.50105846, 0.51461667, 0.51496035, 0.51385283, 0.50885755, 0.50835663, 0.51107496, 0.50994176, 0.50948435, 0.50962114, 0.50206226, 0.51178795, 0.5120644, 0.51079285, 0.51100296, 0.5080887, 0.5027762, 0.51306957, 0.5131312, 0.51357895, 0.51095635, 0.51235974, 0.5147428, 0.513006, 0.50990427, 0.5096581, 0.5099816, 0.5097778, 0.51259893, 0.51007676, 0.5023734, 0.5004146, 0.51035535, 0.51235473, 0.51029134, 0.51241803, 0.512046, 0.51251066, 0.5119798, 0.51071477, 0.500577, 0.51491296, 0.51514006, 0.51517946, 0.5021153, 0.50416064, 0.50295925, 0.50507486, 0.5134082, 0.508754, 0.5084483, 0.5057106, 0.513962, 0.51394945, 0.51154286, 0.5078187, 0.5122746, 0.5126395, 0.5118461, 0.5150345, 0.507907, 0.5074638, 0.50790405, 0.5121707, 0.51061136, 0.5105395, 0.5092949, 0.5060451, 0.5088414, 0.50925016, 0.50968784, 0.5089391, 0.50890106, 0.5085843, 0.50732785, 0.5013409, 0.5114607, 0.51071346, 0.50156635, 0.50318575, 0.51123214, 0.5046798, 0.5094351, 0.51241505, 0.51253325, 0.5108001, 0.50997716, 0.50919145, 0.50628835, 0.50246084, 0.50097543, 0.5082255, 0.5100327, 0.5100957, 0.50410324, 0.51449347, 0.51308435, 0.51241076, 0.5020162, 0.50026137, 0.5109859, 0.51144814, 0.5132566, 0.51009214, 0.50990254, 0.50889146, 0.5012827, 0.50394845, 0.502439, 0.51395154, 0.51109695, 0.5124088, 0.50916696, 0.50820947, 0.5069359, 0.5022458, 0.50864697, 0.51024824, 0.5136773, 0.5084751, 0.5118204, 0.5133433, 0.5138869, 0.51437294, 0.5105178, 0.51361537, 0.51397634, 0.5136634, 0.505982, 0.5100541, 0.51316833, 0.50389594]
[0.5088046, 0.5091811, 0.5101175, 0.5080428, 0.5086237, 0.507383, 0.5070213, 0.5094068, 0.5027311, 0.5014596, 0.5021716, 0.5077852, 0.50900143, 0.50685143, 0.5041951, 0.50865585, 0.5078121, 0.50996214, 0.5089694, 0.5057569, 0.5063906, 0.5080678, 0.50991225, 0.5077253, 0.5104491, 0.50800693, 0.5065376, 0.5051971, 0.5043677, 0.5052657, 0.5094611, 0.50403374, 0.50565827, 0.5011906, 0.5040537, 0.50542855, 0.5102183, 0.50424415, 0.50330746, 0.50807583, 0.50684124, 0.50648475, 0.50635874, 0.50609636, 0.50940746, 0.5086472, 0.50472903, 0.50693893, 0.5063447, 0.5062704, 0.51038885, 0.5085841, 0.5060564, 0.50894696, 0.50976187, 0.5074379, 0.51026833, 0.50553983, 0.5088888, 0.5090492, 0.5089433, 0.50611305, 0.50568885, 0.50496554, 0.5093022, 0.50788957, 0.507862, 0.5024018, 0.50501484, 0.50635016, 0.5057314, 0.50626767, 0.5083232, 0.5038015, 0.5013718, 0.5083716, 0.50906205, 0.50811064, 0.5048816, 0.5055701, 0.50763255, 0.5089084, 0.5069894, 0.5057198, 0.5057074, 0.50578636, 0.5051878, 0.5056868, 0.5057378, 0.50180984, 0.5034031, 0.504141, 0.5048561, 0.50457364, 0.5051523, 0.5076924, 0.50806355, 0.50975966, 0.5090709, 0.5085498, 0.508499, 0.50885797, 0.5053393, 0.51038647, 0.5105159, 0.50986385, 0.50567734, 0.51090765, 0.5060573, 0.51014966, 0.51029015, 0.50528944, 0.506905, 0.50658244, 0.5079726, 0.50609267, 0.50151926, 0.50408435, 0.50901854, 0.5074582, 0.5018912, 0.50255114, 0.50903654, 0.5016199, 0.50934404, 0.5061022, 0.5093832, 0.50700754, 0.50120497, 0.50178105, 0.5101457, 0.50595254, 0.51077235, 0.5090225, 0.50854486, 0.50473547, 0.5071569, 0.507285, 0.5044409, 0.5086851, 0.5085466, 0.50532526, 0.50432533, 0.50716144, 0.5047844, 0.50979376, 0.5100227, 0.50265515, 0.5016404, 0.506999, 0.5074165, 0.5093461, 0.50469613, 0.50305945, 0.5028543, 0.5013559, 0.5039148, 0.506382, 0.508623, 0.5030139, 0.5017245, 0.50886863, 0.50637597, 0.5080982, 0.50131303, 0.51045823, 0.510733, 0.5097774, 0.50622874, 0.50547147, 0.5075379, 0.50696325, 0.5061896, 0.5065907, 0.5029451, 0.50859535, 0.508525, 0.50801253, 0.5081635, 0.5054892, 0.5041275, 0.5089097, 0.5090523, 0.5091867, 0.50746346, 0.508639, 0.5103194, 0.5086108, 0.5069791, 0.5068247, 0.50724727, 0.50711614, 0.5085257, 0.5071811, 0.502857, 0.5015546, 0.50727004, 0.5084903, 0.50766313, 0.50866634, 0.5086795, 0.5088217, 0.507815, 0.5077065, 0.501323, 0.5106481, 0.51075506, 0.5107308, 0.5035472, 0.5068612, 0.50421727, 0.5044078, 0.5092731, 0.50630206, 0.505528, 0.5039085, 0.5099407, 0.5096753, 0.5080642, 0.5049264, 0.50838846, 0.5088153, 0.5085182, 0.5106026, 0.5060073, 0.50527215, 0.5057114, 0.5084552, 0.5076676, 0.50766414, 0.5064799, 0.5047336, 0.50601715, 0.5067809, 0.5068986, 0.5066912, 0.50668377, 0.5059868, 0.5050546, 0.5018741, 0.5081046, 0.5076039, 0.5022967, 0.5031821, 0.5077141, 0.50375795, 0.50673085, 0.5087571, 0.50851667, 0.50767803, 0.50706154, 0.50644475, 0.5046427, 0.50333965, 0.5013838, 0.50571114, 0.5067699, 0.50688684, 0.5033803, 0.50990546, 0.508814, 0.50832605, 0.5034354, 0.501665, 0.5079125, 0.5079289, 0.5093876, 0.5068638, 0.50678307, 0.5066201, 0.5028894, 0.5070961, 0.50284874, 0.50971574, 0.50809395, 0.5085992, 0.506741, 0.50550354, 0.50526655, 0.50420827, 0.5061047, 0.50726455, 0.5095137, 0.5060007, 0.5080632, 0.50911254, 0.5096773, 0.5101406, 0.50720906, 0.5097312, 0.5092951, 0.5089918, 0.50406337, 0.5071686, 0.50910246, 0.50269395]
[0.51533496, 0.5163621, 0.51851356, 0.5143251, 0.51473916, 0.5131335, 0.51184577, 0.5164562, 0.505741, 0.5015328, 0.5012291, 0.51340586, 0.5160531, 0.5115974, 0.5065653, 0.51565015, 0.5136277, 0.5181764, 0.516188, 0.50914127, 0.5103534, 0.51427656, 0.5177741, 0.5137218, 0.5190012, 0.5136096, 0.511525, 0.50736004, 0.502705, 0.5027917, 0.51753956, 0.5055766, 0.5087274, 0.4997873, 0.5069649, 0.5087156, 0.5187271, 0.5024289, 0.5016771, 0.5135761, 0.5109088, 0.5113344, 0.5105508, 0.51092523, 0.516869, 0.51569915, 0.50761914, 0.5119761, 0.5106364, 0.51045805, 0.5184086, 0.51529694, 0.5103926, 0.51596326, 0.51811147, 0.51223415, 0.5192656, 0.5094043, 0.5156602, 0.5161446, 0.5159865, 0.5098616, 0.51008695, 0.50692844, 0.5165018, 0.5138447, 0.51340324, 0.50085545, 0.50840527, 0.51032484, 0.5098476, 0.51041967, 0.51438224, 0.5046564, 0.5001268, 0.5143836, 0.51639384, 0.514525, 0.50812083, 0.50998986, 0.51340574, 0.51589894, 0.5117776, 0.50967073, 0.5098053, 0.5093576, 0.5076924, 0.50887257, 0.5033529, 0.5003258, 0.5007283, 0.50174105, 0.5024582, 0.5022404, 0.5083134, 0.5135027, 0.5134386, 0.5176802, 0.51607, 0.5154513, 0.5151192, 0.5155703, 0.5092423, 0.51905894, 0.51951367, 0.51802874, 0.5095865, 0.5195999, 0.509234, 0.5184679, 0.5178201, 0.5083411, 0.5115337, 0.51115775, 0.51376325, 0.50975096, 0.50276995, 0.5015164, 0.51569206, 0.5126652, 0.50332147, 0.5011514, 0.51587266, 0.50159115, 0.5168691, 0.5093863, 0.51691294, 0.5119788, 0.50064254, 0.49993992, 0.51897144, 0.50970525, 0.5198051, 0.51618755, 0.51510274, 0.5078712, 0.5125808, 0.51272947, 0.5077599, 0.5158034, 0.51539516, 0.5090855, 0.5067811, 0.5120458, 0.50753677, 0.5177465, 0.5175202, 0.50541335, 0.5028362, 0.51171345, 0.5122708, 0.5064711, 0.5029223, 0.502127, 0.5006395, 0.500452, 0.50699854, 0.5111154, 0.5150129, 0.50056744, 0.5017934, 0.51570654, 0.5106115, 0.5138759, 0.49959812, 0.5189261, 0.51970726, 0.5181496, 0.5106206, 0.50890994, 0.51319194, 0.5118592, 0.5097599, 0.51139736, 0.50159794, 0.51497453, 0.51489687, 0.5133717, 0.51351285, 0.5091645, 0.5028613, 0.51577044, 0.5155645, 0.5165309, 0.51333374, 0.51545495, 0.5187116, 0.51526815, 0.51196635, 0.5116501, 0.5126579, 0.5117031, 0.51544696, 0.5126307, 0.5048328, 0.50077397, 0.5124034, 0.5142673, 0.51276654, 0.51555794, 0.5154173, 0.51540416, 0.513695, 0.51303184, 0.5000994, 0.5195159, 0.519557, 0.51913184, 0.50137544, 0.5054519, 0.5064921, 0.50652295, 0.5167571, 0.5105246, 0.5093061, 0.5070433, 0.51816577, 0.5176959, 0.5140891, 0.5087506, 0.5149861, 0.5158481, 0.51426667, 0.51945174, 0.51052845, 0.5089394, 0.50932205, 0.5149973, 0.5132091, 0.5133614, 0.5108524, 0.5080203, 0.5101381, 0.51181674, 0.5123072, 0.51121694, 0.5111657, 0.50983614, 0.5084366, 0.50209975, 0.5139334, 0.51279587, 0.50140595, 0.5043602, 0.51324993, 0.5071918, 0.51133645, 0.5153382, 0.51461023, 0.51325184, 0.51179737, 0.51006156, 0.5064519, 0.5024803, 0.4999478, 0.50890297, 0.51098454, 0.51134497, 0.5062712, 0.51845306, 0.5158806, 0.5149557, 0.5013792, 0.5009599, 0.51373273, 0.5136603, 0.516645, 0.5115089, 0.5114139, 0.5109652, 0.50048304, 0.5051758, 0.5041355, 0.517228, 0.51404387, 0.5153024, 0.5112039, 0.5093452, 0.508438, 0.50250584, 0.50942975, 0.5121142, 0.51717156, 0.5095072, 0.5144494, 0.5164069, 0.51742023, 0.5183542, 0.5120208, 0.5172963, 0.51733744, 0.5167376, 0.50645995, 0.51147133, 0.5162122, 0.50430024]
[0.5151985, 0.51580673, 0.51711005, 0.5138927, 0.5144687, 0.5126653, 0.5116588, 0.5153738, 0.5055698, 0.503608, 0.5043584, 0.51328903, 0.5150709, 0.5109912, 0.5067849, 0.5146217, 0.51297593, 0.5162616, 0.51505435, 0.5096898, 0.51006234, 0.5136907, 0.51597476, 0.5132182, 0.5173172, 0.51334065, 0.5115346, 0.5086249, 0.5015414, 0.5016074, 0.51590997, 0.5048783, 0.5091343, 0.50194335, 0.5062897, 0.50819916, 0.5166604, 0.5015119, 0.50068414, 0.5129923, 0.5107767, 0.510434, 0.5107015, 0.5096866, 0.51606196, 0.5148269, 0.50673205, 0.51213974, 0.5110975, 0.510516, 0.51731837, 0.513766, 0.50973046, 0.51499367, 0.51622766, 0.51212794, 0.5175791, 0.5095434, 0.5147651, 0.5151107, 0.5145088, 0.5102112, 0.5099078, 0.50813115, 0.5157598, 0.5132638, 0.51273614, 0.5011392, 0.50919414, 0.50988394, 0.509046, 0.50993043, 0.51324743, 0.5061284, 0.50191957, 0.51405305, 0.5152989, 0.5137544, 0.5076184, 0.50933796, 0.51264626, 0.51466274, 0.5119443, 0.50855625, 0.50911057, 0.50867325, 0.50823426, 0.50914973, 0.50175965, 0.5010033, 0.50155216, 0.50036305, 0.5009878, 0.50091845, 0.50858945, 0.51286125, 0.513727, 0.51641417, 0.5152408, 0.51373935, 0.5135725, 0.5145118, 0.50960064, 0.51746607, 0.517751, 0.5164318, 0.5101658, 0.5177623, 0.5092653, 0.51679605, 0.5169203, 0.50876206, 0.5111957, 0.51052076, 0.51313794, 0.50904214, 0.501615, 0.50119364, 0.51498824, 0.51246303, 0.50281066, 0.50084466, 0.51520014, 0.50330245, 0.51535434, 0.51005137, 0.5157358, 0.5117082, 0.50241107, 0.50078475, 0.51702464, 0.5103244, 0.517842, 0.5149836, 0.51411694, 0.5079976, 0.5118914, 0.51211494, 0.5079377, 0.5144741, 0.5141843, 0.5094047, 0.507162, 0.5123329, 0.5083039, 0.51582986, 0.51603276, 0.5032906, 0.5021415, 0.51165617, 0.51237124, 0.5041937, 0.5019991, 0.50124925, 0.50093645, 0.50333065, 0.5073479, 0.5100536, 0.51424, 0.50130224, 0.5034014, 0.5149487, 0.5112327, 0.5136707, 0.50280315, 0.5169982, 0.5177569, 0.51679265, 0.51012516, 0.5092262, 0.51227343, 0.51136833, 0.5106411, 0.5104583, 0.50053865, 0.51436937, 0.5150337, 0.5133462, 0.5133516, 0.50949943, 0.5015742, 0.5146713, 0.51521856, 0.5154189, 0.51295936, 0.51428616, 0.51704776, 0.5148028, 0.5111416, 0.51135874, 0.51187664, 0.51081586, 0.5144339, 0.51169914, 0.5049376, 0.50250924, 0.51181436, 0.5142174, 0.51200235, 0.5141054, 0.5143883, 0.5147504, 0.51211023, 0.51239353, 0.50240505, 0.51743007, 0.5178506, 0.5174838, 0.50067174, 0.5034567, 0.5068122, 0.5073751, 0.5150533, 0.5101904, 0.5094864, 0.50639564, 0.51650655, 0.51651806, 0.51359487, 0.508352, 0.5139163, 0.5147943, 0.5141384, 0.51771903, 0.50971556, 0.5088245, 0.5089479, 0.51428854, 0.5136641, 0.51349664, 0.51117426, 0.5090309, 0.50970334, 0.51098555, 0.51133275, 0.5110565, 0.51131403, 0.5100395, 0.5090001, 0.5038595, 0.5132721, 0.51289666, 0.50459266, 0.5055489, 0.51285255, 0.50759363, 0.51130015, 0.5141844, 0.51405126, 0.5124655, 0.51128787, 0.50989836, 0.5072669, 0.5011138, 0.50282764, 0.5092324, 0.5109458, 0.51103383, 0.5067409, 0.5168989, 0.51466674, 0.51389545, 0.50066763, 0.5018984, 0.5139512, 0.51299447, 0.51562035, 0.511045, 0.51068664, 0.5110455, 0.50223905, 0.5028357, 0.5051018, 0.51584345, 0.51434994, 0.51447725, 0.5110508, 0.5088057, 0.5089738, 0.5008868, 0.50956345, 0.5122913, 0.516178, 0.50962794, 0.5135534, 0.5153308, 0.5158547, 0.51659894, 0.5123115, 0.5161258, 0.5154259, 0.51504004, 0.5056893, 0.5116347, 0.51547366, 0.5051642]
[0.5156323, 0.5165222, 0.51698685, 0.51470184, 0.5151552, 0.5131031, 0.5126477, 0.515699, 0.5056001, 0.50748885, 0.507511, 0.5129214, 0.5155549, 0.51154387, 0.50720525, 0.5148827, 0.51355296, 0.5161833, 0.51596475, 0.51031685, 0.5112509, 0.5149805, 0.51633406, 0.51399297, 0.5167337, 0.51442665, 0.51290447, 0.50993013, 0.5015857, 0.50267, 0.5167261, 0.50729537, 0.51087403, 0.50278324, 0.5077523, 0.5079068, 0.51645166, 0.5008893, 0.5018577, 0.5136788, 0.51192135, 0.5119516, 0.5117846, 0.5107683, 0.516131, 0.51603717, 0.5086311, 0.5129389, 0.5117414, 0.5117626, 0.5165475, 0.5146416, 0.5105372, 0.5155302, 0.5165716, 0.5131546, 0.51730365, 0.50935125, 0.51552534, 0.51563954, 0.5144801, 0.51021725, 0.5104807, 0.50816846, 0.5154346, 0.51395595, 0.51373273, 0.50304866, 0.50963926, 0.5110926, 0.510389, 0.51063865, 0.5143659, 0.5064549, 0.50299615, 0.5147679, 0.5159575, 0.5143579, 0.50784266, 0.51081073, 0.5138022, 0.51476127, 0.513309, 0.5089898, 0.5098195, 0.509512, 0.5096759, 0.5101946, 0.5021737, 0.50176156, 0.50285256, 0.50136375, 0.5008868, 0.5008099, 0.510051, 0.5130978, 0.5141819, 0.516579, 0.51556665, 0.51434743, 0.51438254, 0.5147316, 0.5098991, 0.5174468, 0.5177566, 0.5164993, 0.51074135, 0.5176251, 0.51022583, 0.51674527, 0.5168159, 0.50987357, 0.5121207, 0.51100296, 0.5142534, 0.51043373, 0.50311035, 0.50082344, 0.5154136, 0.51276183, 0.5022098, 0.5019219, 0.51568615, 0.504265, 0.51606697, 0.5112137, 0.5155086, 0.51237804, 0.50252193, 0.5011685, 0.51682997, 0.5114201, 0.5179337, 0.516514, 0.5152716, 0.5099704, 0.5123233, 0.51255417, 0.5092061, 0.51473475, 0.51465154, 0.5103882, 0.50835156, 0.51272166, 0.5087863, 0.51592606, 0.51608104, 0.5031888, 0.5026783, 0.5125985, 0.5130757, 0.50544995, 0.5025556, 0.5015553, 0.5008581, 0.50483656, 0.5097409, 0.5113529, 0.51555294, 0.50078505, 0.50382125, 0.5158257, 0.51248574, 0.51474094, 0.5029596, 0.5164891, 0.51719755, 0.51679516, 0.5115067, 0.5110018, 0.5123203, 0.51270145, 0.51167095, 0.5119423, 0.50133735, 0.5137083, 0.51529855, 0.51389486, 0.5137851, 0.51058954, 0.5008985, 0.5156195, 0.5153209, 0.51545, 0.5140572, 0.5151654, 0.51729375, 0.5155552, 0.5110899, 0.51137155, 0.511412, 0.51149744, 0.5151907, 0.51216346, 0.5056095, 0.5037409, 0.51193047, 0.51481247, 0.51244843, 0.5147638, 0.5148484, 0.5148967, 0.5127775, 0.51203674, 0.50355214, 0.5172789, 0.5172249, 0.5172483, 0.5017811, 0.5040361, 0.50562024, 0.5076074, 0.5151826, 0.5116763, 0.50961083, 0.50758356, 0.51684266, 0.5166695, 0.51417035, 0.5093531, 0.5146515, 0.5144875, 0.51450723, 0.5177561, 0.50988424, 0.5087814, 0.5093817, 0.5146494, 0.5135427, 0.51322734, 0.5114115, 0.50897765, 0.51104844, 0.51128125, 0.51187634, 0.5114845, 0.5119206, 0.51076895, 0.5100722, 0.5065817, 0.5138131, 0.5131791, 0.504869, 0.5060623, 0.51403916, 0.5084773, 0.5118969, 0.5150622, 0.5147952, 0.51360697, 0.51232916, 0.5111227, 0.5084581, 0.50111294, 0.50627786, 0.51131076, 0.5127588, 0.5128565, 0.5047524, 0.5167679, 0.5153694, 0.5147613, 0.50077665, 0.50270814, 0.5137333, 0.5137783, 0.5162548, 0.51195985, 0.5117403, 0.51129013, 0.5044206, 0.50345296, 0.5065715, 0.5163829, 0.5140723, 0.51469034, 0.51096815, 0.5106714, 0.5103967, 0.50230986, 0.511332, 0.5138678, 0.5163275, 0.5111942, 0.5148094, 0.51594687, 0.51612824, 0.5169971, 0.51362795, 0.5160951, 0.5159682, 0.5155654, 0.5069676, 0.511974, 0.5150152, 0.50508845]
[0.5158068, 0.51684713, 0.5184547, 0.514525, 0.5147746, 0.51301736, 0.51186633, 0.51642084, 0.50372803, 0.5020722, 0.5029743, 0.51297617, 0.51617306, 0.5108009, 0.5040418, 0.5158349, 0.5130064, 0.5173498, 0.5166825, 0.50899786, 0.50982624, 0.51473325, 0.51736856, 0.5135043, 0.51836205, 0.5138233, 0.5116719, 0.5086971, 0.50197667, 0.5024264, 0.5170714, 0.5028811, 0.50891995, 0.49987325, 0.5046642, 0.50750524, 0.517549, 0.5020338, 0.50133574, 0.51391625, 0.5115198, 0.5109555, 0.5102844, 0.5099316, 0.51682067, 0.5160558, 0.5078549, 0.512405, 0.5108, 0.51079726, 0.5181625, 0.51480436, 0.5096497, 0.51596296, 0.5175762, 0.5130564, 0.5185704, 0.5084142, 0.5156536, 0.51615745, 0.51514405, 0.50952435, 0.50954396, 0.5062926, 0.51595014, 0.5139777, 0.51334524, 0.50054115, 0.5076736, 0.51043713, 0.5091626, 0.510073, 0.5142332, 0.50494844, 0.5003906, 0.5148003, 0.51611817, 0.5142313, 0.5057839, 0.5088984, 0.5131345, 0.51539314, 0.5127474, 0.5076349, 0.5084399, 0.5086378, 0.50852394, 0.5094642, 0.50222677, 0.5003214, 0.5003421, 0.50185305, 0.5021685, 0.50194734, 0.50765437, 0.51332915, 0.5141695, 0.51718026, 0.51637316, 0.5146805, 0.5144521, 0.5147009, 0.5081881, 0.5190554, 0.5192162, 0.51766074, 0.5096921, 0.5192679, 0.5090547, 0.51809967, 0.5179839, 0.50823367, 0.5111319, 0.51063776, 0.5137909, 0.50964695, 0.5002161, 0.50217044, 0.5158004, 0.51267356, 0.5006788, 0.50080603, 0.51627904, 0.50113565, 0.51655984, 0.50980747, 0.5168018, 0.51189303, 0.50002694, 0.5002007, 0.5181171, 0.5096926, 0.5189403, 0.5165936, 0.5152828, 0.50748736, 0.5116446, 0.51226765, 0.50823814, 0.5156028, 0.5146195, 0.508859, 0.5065753, 0.512212, 0.50568366, 0.51674205, 0.5173051, 0.5006457, 0.50025916, 0.5115287, 0.5123868, 0.5046154, 0.50268966, 0.50188315, 0.50149417, 0.50067276, 0.5072506, 0.51053464, 0.5160753, 0.50088257, 0.50162894, 0.51604027, 0.5111608, 0.5150232, 0.50083333, 0.5179805, 0.5190176, 0.51785034, 0.5101789, 0.50882643, 0.51266074, 0.5114702, 0.510607, 0.5109151, 0.50117576, 0.51426023, 0.51576406, 0.51388943, 0.51398224, 0.5094594, 0.5024501, 0.5158949, 0.51636606, 0.51662964, 0.5133559, 0.5153257, 0.5181475, 0.51568025, 0.5104601, 0.5106122, 0.51148593, 0.51094335, 0.5154067, 0.51170176, 0.50197065, 0.5006294, 0.5115154, 0.51494205, 0.51237184, 0.51527137, 0.5152837, 0.51544195, 0.5127027, 0.5123287, 0.5002043, 0.51908004, 0.5191015, 0.51888067, 0.501018, 0.50397325, 0.5037394, 0.5057499, 0.51589465, 0.51059103, 0.5088642, 0.5050069, 0.51733893, 0.51751214, 0.5143356, 0.50768757, 0.514353, 0.51559335, 0.51512295, 0.5191097, 0.5095984, 0.50781673, 0.5084741, 0.51499933, 0.5136551, 0.5135482, 0.51081705, 0.50778764, 0.51014745, 0.5110894, 0.5116414, 0.5109582, 0.5111971, 0.5099593, 0.5085739, 0.50289255, 0.5136142, 0.51304156, 0.502337, 0.5027619, 0.5134728, 0.506405, 0.51129234, 0.5153936, 0.5149677, 0.51294917, 0.5114787, 0.5100834, 0.5065013, 0.50198114, 0.5018407, 0.5094118, 0.5114995, 0.5113934, 0.5039336, 0.5180053, 0.5156474, 0.51473016, 0.5015533, 0.50020057, 0.51433796, 0.51342565, 0.516922, 0.51102865, 0.510734, 0.51029676, 0.50006664, 0.5037566, 0.50288117, 0.5176029, 0.51466167, 0.51529175, 0.5107695, 0.509409, 0.50919324, 0.5011984, 0.51025707, 0.51410276, 0.5174888, 0.5092636, 0.51427865, 0.5162881, 0.51718116, 0.51780593, 0.513107, 0.5169552, 0.51644075, 0.5157519, 0.5050174, 0.5122588, 0.5161852, 0.50233036]
[0.5159655, 0.5175563, 0.5181119, 0.5147833, 0.5157428, 0.5125432, 0.51062626, 0.5166265, 0.50319445, 0.5019177, 0.50218743, 0.5132441, 0.5161077, 0.51055896, 0.50455004, 0.5160098, 0.5136115, 0.5181264, 0.5164683, 0.50920874, 0.5103111, 0.5141084, 0.51774514, 0.5133163, 0.51867753, 0.5143086, 0.511862, 0.5066444, 0.5048126, 0.5055298, 0.5175799, 0.503463, 0.5090952, 0.5007199, 0.50314134, 0.50545555, 0.5178467, 0.5050033, 0.5040319, 0.51372755, 0.51185143, 0.5118459, 0.5108696, 0.5097703, 0.5173875, 0.5148777, 0.5052298, 0.51237744, 0.5111135, 0.51090235, 0.5188788, 0.51458436, 0.50977814, 0.5158755, 0.51782566, 0.51195943, 0.5188389, 0.5078285, 0.51582366, 0.5163541, 0.5157698, 0.5096321, 0.5091317, 0.506719, 0.5164337, 0.51356524, 0.51353294, 0.5024914, 0.5076583, 0.509943, 0.508532, 0.5105126, 0.5153276, 0.5046934, 0.50085986, 0.51497203, 0.5161307, 0.5145375, 0.5076281, 0.5097144, 0.5135048, 0.51563525, 0.51286155, 0.5080119, 0.50832886, 0.5076831, 0.50622386, 0.50947344, 0.5052154, 0.5019927, 0.502316, 0.5034127, 0.5046539, 0.504257, 0.50830215, 0.5128151, 0.51427436, 0.517865, 0.5163665, 0.5149373, 0.51491207, 0.5153065, 0.5070385, 0.51903164, 0.51948535, 0.5177224, 0.509745, 0.5198388, 0.509022, 0.51872325, 0.51859266, 0.50806034, 0.51195484, 0.5102374, 0.51373667, 0.50846153, 0.50205827, 0.5047999, 0.516101, 0.5131595, 0.5006399, 0.50339174, 0.5162994, 0.50099623, 0.5167157, 0.5095143, 0.5168861, 0.5121407, 0.50101745, 0.50210994, 0.5189582, 0.5090755, 0.519745, 0.5166461, 0.5148533, 0.5064393, 0.5113545, 0.51186234, 0.5052504, 0.51583815, 0.51489735, 0.5085803, 0.50504744, 0.512827, 0.50781476, 0.5173981, 0.5175185, 0.5009505, 0.50241184, 0.51157635, 0.5125226, 0.5101001, 0.50530225, 0.5035732, 0.5029871, 0.5005205, 0.5050038, 0.50996464, 0.5150713, 0.50363684, 0.500592, 0.5163118, 0.5101959, 0.5138634, 0.5010611, 0.51857525, 0.519249, 0.51841664, 0.50986236, 0.50855315, 0.513317, 0.5111987, 0.5106219, 0.511127, 0.50247437, 0.51507276, 0.5150479, 0.51293236, 0.5132262, 0.5090191, 0.5053014, 0.5158702, 0.5167948, 0.5173518, 0.51308507, 0.5150926, 0.5188259, 0.5159206, 0.5116526, 0.5115225, 0.51154137, 0.5106451, 0.51543546, 0.51230234, 0.50281435, 0.5009123, 0.5117049, 0.5152565, 0.5126272, 0.5150489, 0.51529264, 0.5153851, 0.51359683, 0.5127521, 0.5006819, 0.5193035, 0.5193496, 0.5193638, 0.503464, 0.50795287, 0.5048665, 0.50478864, 0.5164999, 0.5100929, 0.50873256, 0.5042278, 0.5180973, 0.5175677, 0.51407224, 0.5076085, 0.51459146, 0.51594925, 0.5147473, 0.51946145, 0.5092452, 0.508275, 0.50874215, 0.5151358, 0.51392704, 0.513719, 0.51089275, 0.50618225, 0.5091357, 0.5110894, 0.51184565, 0.5100982, 0.5105111, 0.5091663, 0.50733864, 0.5004762, 0.51408327, 0.51305234, 0.5024671, 0.5038167, 0.51345825, 0.50542897, 0.5112531, 0.51521, 0.5149995, 0.5133676, 0.51214147, 0.51054525, 0.506915, 0.5042339, 0.5005957, 0.50863755, 0.51106083, 0.51132923, 0.5043181, 0.5188417, 0.5163369, 0.5153391, 0.5038885, 0.501447, 0.5137171, 0.5138307, 0.5163006, 0.51130205, 0.51101714, 0.51023954, 0.5012172, 0.50734437, 0.5032452, 0.51730686, 0.5144348, 0.5152614, 0.51130503, 0.50798875, 0.5072466, 0.5029512, 0.5098376, 0.5124967, 0.5172787, 0.50863016, 0.51381826, 0.51680654, 0.5173944, 0.5182941, 0.51267594, 0.51685566, 0.5173826, 0.5165649, 0.5027491, 0.5118347, 0.5157132, 0.5036613]
[0.5127756, 0.514317, 0.514692, 0.51183593, 0.5125725, 0.5104951, 0.50982225, 0.51336974, 0.50429076, 0.5021187, 0.50239074, 0.5112443, 0.5129664, 0.5094903, 0.504546, 0.5128833, 0.5111275, 0.5144112, 0.5133285, 0.5084881, 0.50897264, 0.51214564, 0.5139629, 0.5114826, 0.514873, 0.5118373, 0.509832, 0.5071512, 0.50101435, 0.5014544, 0.5137921, 0.50361764, 0.5079266, 0.5003551, 0.50408095, 0.50590307, 0.51430506, 0.50065863, 0.5000166, 0.51136625, 0.5097078, 0.5095988, 0.5094129, 0.50867355, 0.5138931, 0.5122191, 0.50567424, 0.510337, 0.5095521, 0.5094777, 0.51469123, 0.5122658, 0.5089117, 0.51280004, 0.51407695, 0.5105093, 0.5147317, 0.5068226, 0.5127117, 0.5128864, 0.5126849, 0.5080504, 0.50831985, 0.506113, 0.5129262, 0.5113953, 0.5112405, 0.49956918, 0.50717044, 0.5089527, 0.5083982, 0.5090995, 0.5124169, 0.5046544, 0.49989524, 0.5118812, 0.51278013, 0.5114501, 0.50726944, 0.5085599, 0.5113595, 0.51273686, 0.5107179, 0.5073209, 0.50759786, 0.50755817, 0.50645876, 0.5080845, 0.50115895, 0.49934947, 0.49940133, 0.50008434, 0.5005574, 0.5005753, 0.5072915, 0.51075363, 0.5115925, 0.51404756, 0.5134847, 0.5122241, 0.5122305, 0.5122813, 0.5069941, 0.51522803, 0.51551396, 0.51441574, 0.5082558, 0.5153608, 0.50796354, 0.5148599, 0.51476943, 0.50731415, 0.5100087, 0.50873506, 0.5115243, 0.5082996, 0.49988368, 0.5002225, 0.5130129, 0.51104474, 0.5004337, 0.49963, 0.51346004, 0.5001063, 0.5134589, 0.5084312, 0.51355886, 0.5101746, 0.50046, 0.49985352, 0.5148993, 0.50813395, 0.5155308, 0.5135235, 0.51228964, 0.5063579, 0.5098993, 0.5100414, 0.5064045, 0.5127146, 0.5121217, 0.5073371, 0.50613385, 0.5101594, 0.5073401, 0.5138582, 0.51385844, 0.50140345, 0.4996581, 0.5099894, 0.5103883, 0.5031913, 0.5008851, 0.50018704, 0.4996287, 0.5005391, 0.50572616, 0.50895315, 0.51278585, 0.5006253, 0.5003704, 0.51278573, 0.50947595, 0.511724, 0.49998415, 0.5146483, 0.5154022, 0.5146821, 0.5085441, 0.50825524, 0.51080364, 0.5098078, 0.50915074, 0.5095273, 0.49977693, 0.51189375, 0.51252675, 0.5113563, 0.5116043, 0.508085, 0.50087684, 0.5130272, 0.513167, 0.51375496, 0.5109219, 0.51244116, 0.5148695, 0.5128218, 0.5093388, 0.50920284, 0.50956225, 0.5096803, 0.51242214, 0.5099266, 0.50244385, 0.5005914, 0.5098713, 0.5119684, 0.5107537, 0.51224464, 0.5123703, 0.5123359, 0.5107733, 0.510543, 0.49991953, 0.51522815, 0.51534206, 0.51541334, 0.5001155, 0.5024516, 0.5044004, 0.50422597, 0.51294965, 0.5090909, 0.5077111, 0.5051778, 0.5143611, 0.5140174, 0.5117022, 0.50746113, 0.51191837, 0.51238763, 0.51214296, 0.5152795, 0.50840557, 0.50796556, 0.5082999, 0.5123199, 0.5109681, 0.51084226, 0.50930697, 0.5063557, 0.50854385, 0.5099963, 0.5101812, 0.50926554, 0.50931406, 0.5082936, 0.50735337, 0.50100344, 0.51161563, 0.510896, 0.5023311, 0.50348616, 0.510783, 0.50528204, 0.50961137, 0.5124383, 0.51208055, 0.510857, 0.50982314, 0.5088972, 0.5063948, 0.50038093, 0.5011341, 0.50792915, 0.5096758, 0.5095412, 0.5042906, 0.5145835, 0.5129227, 0.5120405, 0.50007963, 0.4998454, 0.5111898, 0.51107275, 0.5131897, 0.5097848, 0.50966793, 0.5093738, 0.49958193, 0.50215936, 0.5044723, 0.5139551, 0.5113482, 0.51225036, 0.5092721, 0.507797, 0.5075997, 0.49986556, 0.5084869, 0.5109145, 0.5136277, 0.50819916, 0.5117041, 0.51310897, 0.5139486, 0.5146367, 0.5104808, 0.51350284, 0.513738, 0.5133857, 0.505643, 0.50999147, 0.51261586, 0.5041044]
[0.5149593, 0.5156499, 0.51688844, 0.51391304, 0.5141209, 0.5115557, 0.5103012, 0.51520115, 0.50030154, 0.5006732, 0.5008512, 0.5117965, 0.51500386, 0.51023483, 0.5032088, 0.5146927, 0.51273626, 0.5164458, 0.5149972, 0.507835, 0.5086983, 0.51379234, 0.51613307, 0.5127023, 0.5171047, 0.5132874, 0.51126796, 0.50509214, 0.5055361, 0.50667363, 0.51602507, 0.5019411, 0.5078643, 0.5021823, 0.50209, 0.50355405, 0.51682746, 0.50487983, 0.5039232, 0.5124367, 0.51084673, 0.5111531, 0.5102385, 0.50882345, 0.51624966, 0.51463, 0.503804, 0.51155466, 0.51031804, 0.51026803, 0.51727796, 0.5133598, 0.50832456, 0.5147411, 0.5163721, 0.51113844, 0.5174725, 0.5075639, 0.5155851, 0.5158897, 0.51426274, 0.50850105, 0.50850403, 0.50389194, 0.5152575, 0.513086, 0.51248115, 0.50244147, 0.5073359, 0.50890476, 0.50779665, 0.509179, 0.5140926, 0.5022851, 0.5023118, 0.5141592, 0.51505566, 0.51316553, 0.50632554, 0.50927854, 0.51263016, 0.51459587, 0.5118703, 0.50626725, 0.50714034, 0.50668055, 0.50539845, 0.5079813, 0.50665015, 0.5035763, 0.5035461, 0.5044604, 0.50469303, 0.503873, 0.50757754, 0.51241285, 0.51328486, 0.51594114, 0.5149188, 0.51382357, 0.5131937, 0.51396066, 0.50689876, 0.5175901, 0.518019, 0.5164676, 0.50928134, 0.5181429, 0.5072907, 0.5168356, 0.517115, 0.50681007, 0.51067394, 0.50895023, 0.5126692, 0.50774765, 0.502281, 0.505709, 0.5150131, 0.5113219, 0.50264484, 0.50356054, 0.514876, 0.502105, 0.5153915, 0.5088298, 0.5157222, 0.5114154, 0.50214535, 0.5028751, 0.51721925, 0.50969684, 0.5179552, 0.5154142, 0.5142765, 0.5065111, 0.5105128, 0.51165, 0.5060784, 0.51475394, 0.514093, 0.5067037, 0.50440794, 0.5117834, 0.50573146, 0.5160973, 0.5161082, 0.5021902, 0.50426364, 0.51070446, 0.511228, 0.51017654, 0.5055379, 0.50465065, 0.5043398, 0.50127643, 0.50547785, 0.50936276, 0.5139979, 0.50439197, 0.5011276, 0.5149912, 0.5102721, 0.513927, 0.5015507, 0.51723707, 0.5176868, 0.51650035, 0.50948524, 0.507576, 0.5120488, 0.51081824, 0.51004964, 0.5101047, 0.5041809, 0.51331455, 0.5146676, 0.5124224, 0.512608, 0.50827587, 0.50561994, 0.5143899, 0.5155585, 0.51562333, 0.51256657, 0.5140345, 0.5173561, 0.515299, 0.5102757, 0.51025647, 0.5106144, 0.50985146, 0.5140672, 0.51090425, 0.50186, 0.50143504, 0.51072854, 0.5139315, 0.5113351, 0.5139901, 0.51390034, 0.5140166, 0.51197827, 0.5116845, 0.50190806, 0.5180162, 0.517856, 0.5177602, 0.50392663, 0.5081281, 0.5020711, 0.50371766, 0.51508605, 0.50952786, 0.5079017, 0.50221187, 0.5170209, 0.5160935, 0.5135064, 0.5069816, 0.5139651, 0.51462674, 0.5136382, 0.517701, 0.50882775, 0.50627303, 0.507224, 0.5142547, 0.5128805, 0.513064, 0.5097312, 0.5065793, 0.5085191, 0.5103461, 0.51060313, 0.5099913, 0.51009303, 0.50879484, 0.5068407, 0.5007276, 0.5137069, 0.5124259, 0.50055903, 0.50225294, 0.512814, 0.505058, 0.5103932, 0.5145597, 0.5139467, 0.5121937, 0.51063454, 0.50904053, 0.50429285, 0.5050538, 0.5011193, 0.50821996, 0.5104124, 0.5105178, 0.50170004, 0.51687396, 0.5151917, 0.5140932, 0.5040215, 0.50228894, 0.51311076, 0.5128754, 0.51546156, 0.51062816, 0.51049244, 0.5089829, 0.50268143, 0.50786847, 0.5013147, 0.516174, 0.51363, 0.5139361, 0.5096793, 0.5076771, 0.50660616, 0.5040256, 0.50874984, 0.51277214, 0.5161782, 0.5086674, 0.51309824, 0.51576054, 0.51609963, 0.5168036, 0.51200825, 0.51595277, 0.51582205, 0.51518303, 0.5022309, 0.5107631, 0.515427, 0.5019323]
[0.51202637, 0.513222, 0.5141877, 0.5114275, 0.5118148, 0.51092565, 0.5096957, 0.5129124, 0.5041883, 0.5022449, 0.50285053, 0.5109109, 0.5128128, 0.50895476, 0.5037965, 0.51219857, 0.5104604, 0.51379806, 0.51271397, 0.50754464, 0.50830406, 0.5119551, 0.51358205, 0.5107153, 0.51448196, 0.51141465, 0.5087659, 0.5061476, 0.5037568, 0.5046875, 0.51361406, 0.50313836, 0.5076591, 0.5006841, 0.5057094, 0.5071122, 0.5139435, 0.503913, 0.50262374, 0.5108827, 0.508938, 0.50879645, 0.5082525, 0.5085745, 0.51328486, 0.512602, 0.5056722, 0.509736, 0.50860554, 0.50814533, 0.51428545, 0.5120619, 0.5084566, 0.51262957, 0.5138915, 0.5102259, 0.51511973, 0.50706, 0.5123425, 0.51266503, 0.51208925, 0.50778884, 0.5073735, 0.50595284, 0.51283634, 0.51129866, 0.5103623, 0.5009252, 0.50681853, 0.50845593, 0.5075368, 0.5082401, 0.5111173, 0.5033688, 0.5004573, 0.5120318, 0.51280284, 0.51176053, 0.5053336, 0.50729376, 0.51085347, 0.51233417, 0.50967723, 0.5068512, 0.5071622, 0.506991, 0.50622845, 0.5072773, 0.5048632, 0.50102025, 0.50182366, 0.50274205, 0.5037764, 0.5034063, 0.506405, 0.51089865, 0.5110952, 0.5136484, 0.5124301, 0.511781, 0.51172763, 0.51207566, 0.5072555, 0.5149916, 0.51510525, 0.51406956, 0.5077292, 0.5151299, 0.50775427, 0.5141574, 0.5142682, 0.5064662, 0.50934714, 0.5093987, 0.5113773, 0.50700223, 0.50104845, 0.5029192, 0.5118462, 0.5099508, 0.5015963, 0.5013369, 0.51234543, 0.501441, 0.5129146, 0.508023, 0.51334465, 0.5099348, 0.5006533, 0.50143826, 0.5142813, 0.5084203, 0.5153248, 0.51299816, 0.51209444, 0.5060308, 0.5098234, 0.5099084, 0.50565076, 0.5121841, 0.5116854, 0.50748473, 0.5056485, 0.50997907, 0.5059894, 0.5136203, 0.5136725, 0.50346303, 0.5018499, 0.5094867, 0.51017976, 0.508691, 0.50432986, 0.50328946, 0.5028039, 0.5008346, 0.5049791, 0.5089611, 0.5122428, 0.5019279, 0.50129336, 0.51280427, 0.50939435, 0.5120146, 0.50100744, 0.51415026, 0.5146672, 0.51407117, 0.5084016, 0.5076038, 0.51044965, 0.5092503, 0.50907475, 0.5088284, 0.50296813, 0.51170784, 0.5125762, 0.5107872, 0.5107484, 0.5073671, 0.5031277, 0.5124239, 0.51242393, 0.5128186, 0.51101476, 0.5123699, 0.5140481, 0.5120941, 0.50953454, 0.50929296, 0.5100338, 0.5088804, 0.5122684, 0.5094744, 0.5030823, 0.5013468, 0.5095442, 0.51214933, 0.5102289, 0.5123039, 0.5121723, 0.51233023, 0.5105955, 0.51020896, 0.5013832, 0.51495326, 0.5152189, 0.5149856, 0.50260204, 0.5070557, 0.5043452, 0.5048507, 0.5126125, 0.5083731, 0.50799865, 0.50577635, 0.5137502, 0.5137246, 0.5110024, 0.5067984, 0.5115824, 0.51211464, 0.5118094, 0.51542604, 0.5074501, 0.5063099, 0.50678664, 0.5118066, 0.51074874, 0.51068234, 0.5090821, 0.5067623, 0.5080857, 0.50929385, 0.5093655, 0.5090333, 0.509171, 0.5079584, 0.50658536, 0.50237834, 0.510981, 0.5102483, 0.5017607, 0.5023739, 0.51070225, 0.5047773, 0.5091032, 0.5122236, 0.51199734, 0.51098216, 0.5097861, 0.5084939, 0.5049688, 0.5034297, 0.5016473, 0.5077289, 0.50945073, 0.5097692, 0.5043925, 0.5142223, 0.51242936, 0.5118299, 0.50318164, 0.5011423, 0.51161975, 0.51099336, 0.5131527, 0.50965184, 0.5094341, 0.50879776, 0.5029034, 0.50687814, 0.5024308, 0.5138956, 0.5116993, 0.51211, 0.5088883, 0.5073921, 0.5069212, 0.50322807, 0.5079732, 0.51048905, 0.5133843, 0.5072083, 0.5116241, 0.512925, 0.5129736, 0.5138601, 0.51024586, 0.51345044, 0.5128509, 0.51237553, 0.5043055, 0.50944036, 0.5128977, 0.50275487]
[0.5181519, 0.51937824, 0.5200746, 0.51550716, 0.5172192, 0.5137574, 0.513879, 0.51855874, 0.5049, 0.50239897, 0.5037807, 0.51471925, 0.5182314, 0.51162076, 0.5063968, 0.51598865, 0.5148231, 0.51929694, 0.51804644, 0.51071906, 0.51172125, 0.5153159, 0.5192167, 0.5155621, 0.52047795, 0.5156365, 0.5137969, 0.5106112, 0.50052106, 0.5013089, 0.51897377, 0.50706846, 0.511599, 0.5018642, 0.50704706, 0.5072114, 0.5198651, 0.50077325, 0.5004131, 0.5158766, 0.5128888, 0.5128539, 0.51233536, 0.50991684, 0.51895446, 0.5176178, 0.5087282, 0.513131, 0.5116109, 0.5118484, 0.520061, 0.5163711, 0.5111978, 0.51792073, 0.51910496, 0.5147477, 0.5207096, 0.5095463, 0.51787996, 0.51815605, 0.5169563, 0.510821, 0.5109881, 0.5082314, 0.5184844, 0.51523346, 0.51523703, 0.49974966, 0.50906765, 0.51110256, 0.50978243, 0.5107523, 0.5157761, 0.5059959, 0.5004039, 0.5157904, 0.5182046, 0.5159339, 0.5071083, 0.5097792, 0.51459163, 0.51733124, 0.5141634, 0.5086887, 0.5098787, 0.5102826, 0.5107501, 0.51103175, 0.50139314, 0.499695, 0.5001922, 0.5008742, 0.5009925, 0.5010794, 0.5100175, 0.513716, 0.51641977, 0.5188441, 0.5183135, 0.515724, 0.51574475, 0.51654816, 0.5093829, 0.5204751, 0.521169, 0.51971835, 0.51128024, 0.52169853, 0.5109927, 0.51971376, 0.5203587, 0.5105494, 0.5129202, 0.51128346, 0.5158691, 0.5116833, 0.49967644, 0.50125575, 0.5180525, 0.5146303, 0.49981922, 0.50041175, 0.5188718, 0.5030501, 0.5187429, 0.51176876, 0.51883644, 0.5136234, 0.49983656, 0.5001612, 0.51995176, 0.51129615, 0.5205976, 0.51794803, 0.5180179, 0.51072854, 0.51385117, 0.5137694, 0.5091092, 0.51623887, 0.5166742, 0.5101034, 0.5090079, 0.5135676, 0.5065786, 0.51850176, 0.5186851, 0.50125116, 0.50046027, 0.513161, 0.51416934, 0.5031959, 0.50129575, 0.5002033, 0.5004093, 0.50154775, 0.50926405, 0.5110784, 0.51736915, 0.49989846, 0.503963, 0.5173563, 0.5124195, 0.5153724, 0.50430846, 0.5199132, 0.52103746, 0.5196613, 0.5117473, 0.51064855, 0.5135953, 0.51337624, 0.5119185, 0.5119611, 0.5000129, 0.51609945, 0.5172384, 0.5160137, 0.51600724, 0.5106787, 0.5011345, 0.51797986, 0.5178195, 0.5177329, 0.51478606, 0.5171399, 0.51992524, 0.51712745, 0.51163274, 0.5121014, 0.51240385, 0.51238096, 0.5161548, 0.51331884, 0.5025769, 0.5010294, 0.51312834, 0.51684505, 0.5139841, 0.5163482, 0.5169852, 0.5168565, 0.5139292, 0.5135966, 0.50157255, 0.5212154, 0.5214731, 0.5208979, 0.49981296, 0.5022848, 0.50575703, 0.5077997, 0.51751727, 0.51264733, 0.5093498, 0.50629634, 0.5201014, 0.51902324, 0.51601624, 0.5079903, 0.5157439, 0.517213, 0.5169675, 0.5217792, 0.5119407, 0.5094997, 0.51016957, 0.5171953, 0.51603276, 0.5152731, 0.5115815, 0.5082975, 0.5107651, 0.51166844, 0.51262045, 0.5120716, 0.5128658, 0.5111516, 0.51010036, 0.5021586, 0.5158206, 0.5156634, 0.5030374, 0.5068998, 0.51462805, 0.50821215, 0.5127375, 0.51725954, 0.5166498, 0.51433605, 0.5126803, 0.5113671, 0.5090178, 0.50074655, 0.50437325, 0.5107876, 0.5124849, 0.5126858, 0.5048314, 0.5196421, 0.51710254, 0.51614124, 0.5007847, 0.49985078, 0.5157994, 0.5152386, 0.51973706, 0.5121627, 0.51187414, 0.51309186, 0.50172144, 0.50215524, 0.5054775, 0.5194892, 0.51691276, 0.51742995, 0.5122277, 0.5106709, 0.5108531, 0.5002935, 0.51236755, 0.51542574, 0.5186678, 0.51108885, 0.5160929, 0.5178124, 0.5191062, 0.51993775, 0.51468945, 0.5191374, 0.5180501, 0.51742804, 0.5045206, 0.5136741, 0.5172607, 0.50269896]
[0.5139558, 0.51435196, 0.5164198, 0.5123849, 0.5134591, 0.5112465, 0.5108911, 0.5150839, 0.50288147, 0.50131863, 0.5015886, 0.51219034, 0.51393175, 0.5098791, 0.5035202, 0.51293564, 0.51105076, 0.51536304, 0.51447, 0.5079473, 0.50901836, 0.5129717, 0.51541615, 0.5114015, 0.51650774, 0.51223826, 0.5100133, 0.5071929, 0.5025365, 0.5033447, 0.51524913, 0.50241834, 0.50767434, 0.50039035, 0.50383896, 0.50622153, 0.51583105, 0.5022865, 0.50133836, 0.51253337, 0.5091704, 0.50836533, 0.5089162, 0.5081964, 0.51466054, 0.51427233, 0.5062816, 0.5103436, 0.5094218, 0.5091158, 0.51642466, 0.5136221, 0.5081245, 0.5139703, 0.5154732, 0.5109159, 0.51673704, 0.5071884, 0.51376534, 0.5138871, 0.5131011, 0.5073336, 0.5077248, 0.50487065, 0.5147989, 0.51212996, 0.51189387, 0.5005295, 0.5069414, 0.5087654, 0.50734484, 0.50764424, 0.5124091, 0.5031542, 0.5006681, 0.5129622, 0.51423174, 0.5123353, 0.50422215, 0.5070363, 0.5110872, 0.51336354, 0.5105622, 0.50608194, 0.5071811, 0.50750417, 0.50750864, 0.5075133, 0.50342864, 0.50104773, 0.50141776, 0.5024137, 0.502911, 0.502706, 0.50644875, 0.5111908, 0.51265335, 0.5154068, 0.51429087, 0.51296794, 0.51264894, 0.5131591, 0.50708985, 0.5165075, 0.51698864, 0.51550436, 0.50778085, 0.5173583, 0.5077839, 0.5158099, 0.5159697, 0.50697124, 0.5101373, 0.50961417, 0.5119763, 0.5082794, 0.5007921, 0.5027144, 0.5141451, 0.5107954, 0.5010538, 0.50096184, 0.5143557, 0.50227994, 0.5146901, 0.50866634, 0.51480526, 0.51004326, 0.5010909, 0.5009814, 0.5161414, 0.5081898, 0.51714236, 0.51453346, 0.5137469, 0.50633866, 0.5108764, 0.51068944, 0.5057039, 0.5129842, 0.5128972, 0.5074582, 0.5054968, 0.51042366, 0.5048575, 0.51524246, 0.51498187, 0.5019866, 0.50086296, 0.51028913, 0.5111091, 0.50605243, 0.5032102, 0.50294155, 0.5018566, 0.5011964, 0.5065806, 0.5084668, 0.5140603, 0.5010359, 0.50156784, 0.5139776, 0.5096856, 0.513107, 0.5011279, 0.51613736, 0.51680166, 0.515832, 0.5088139, 0.50708854, 0.5106497, 0.51039463, 0.50862753, 0.5091853, 0.5015144, 0.5128531, 0.51395935, 0.51235884, 0.5124297, 0.50754344, 0.50261503, 0.51372856, 0.5137973, 0.5145202, 0.5114913, 0.5132968, 0.5164234, 0.51332116, 0.50901026, 0.5091363, 0.510183, 0.509916, 0.5136245, 0.5096402, 0.50111634, 0.5012501, 0.5105232, 0.5134263, 0.5112046, 0.5132341, 0.51353365, 0.51361114, 0.51096714, 0.5109121, 0.50071096, 0.5170811, 0.5172996, 0.5169986, 0.5014859, 0.504799, 0.50310105, 0.50378615, 0.51387763, 0.5090395, 0.5076539, 0.50424933, 0.5155536, 0.51553774, 0.5124534, 0.5052866, 0.5125688, 0.51323813, 0.51332647, 0.51711947, 0.50824744, 0.5054194, 0.50599885, 0.5128041, 0.51218337, 0.5119832, 0.50949854, 0.50624466, 0.50855964, 0.5097423, 0.5102238, 0.50959116, 0.50978434, 0.50838304, 0.5071066, 0.5026411, 0.51174456, 0.51092744, 0.5018519, 0.50294685, 0.51176643, 0.50442445, 0.5096037, 0.51326185, 0.5129599, 0.5114341, 0.5099658, 0.5085321, 0.5046422, 0.5021662, 0.50122553, 0.50790066, 0.50988674, 0.5098815, 0.50293696, 0.5157609, 0.5132922, 0.51239556, 0.5025535, 0.5007422, 0.5121618, 0.5121048, 0.5151342, 0.5092419, 0.5092189, 0.5092913, 0.50067514, 0.5046411, 0.5029704, 0.51530206, 0.5127844, 0.5134696, 0.5091426, 0.50785816, 0.50777936, 0.5021996, 0.5079488, 0.51196116, 0.5149912, 0.50847554, 0.5126603, 0.51421225, 0.5145714, 0.5161626, 0.51150197, 0.5153789, 0.51453394, 0.5139749, 0.5035208, 0.51026416, 0.51412237, 0.5016168]
[0.5136507, 0.5154722, 0.5160038, 0.51339924, 0.5134783, 0.5113252, 0.50929, 0.51438004, 0.5006923, 0.50090486, 0.500347, 0.5107271, 0.51433766, 0.509102, 0.5014505, 0.51413906, 0.51208395, 0.51546055, 0.51510435, 0.50686866, 0.5086717, 0.51282907, 0.5159019, 0.51223433, 0.51615846, 0.5126621, 0.50959325, 0.5042723, 0.5043957, 0.5047283, 0.5153704, 0.50054204, 0.5074568, 0.5020447, 0.50142115, 0.50464743, 0.5157829, 0.50397193, 0.50387245, 0.5115452, 0.5097578, 0.5095221, 0.50882673, 0.5080921, 0.5151129, 0.51320535, 0.5042541, 0.51124334, 0.5102706, 0.5094243, 0.5160524, 0.51287884, 0.5079101, 0.513921, 0.5153533, 0.5109081, 0.5163543, 0.5053225, 0.5136458, 0.5140648, 0.5135289, 0.50789684, 0.5072564, 0.5042777, 0.51359665, 0.5118289, 0.5121367, 0.5027315, 0.505473, 0.5087165, 0.5072676, 0.50864184, 0.5131656, 0.50162643, 0.50170934, 0.5132515, 0.51432, 0.51251805, 0.5056858, 0.50799304, 0.511437, 0.5130522, 0.5110163, 0.50648284, 0.50683767, 0.5057951, 0.50343764, 0.5078668, 0.5047547, 0.5027988, 0.50280035, 0.503362, 0.5040146, 0.50400263, 0.5049581, 0.511794, 0.51195467, 0.5151701, 0.5144672, 0.5132375, 0.5128922, 0.5134237, 0.50614315, 0.5171533, 0.51712584, 0.5157288, 0.5069393, 0.51734495, 0.50767374, 0.51624143, 0.51581305, 0.50691044, 0.5094489, 0.50773704, 0.512132, 0.5080183, 0.50243187, 0.5042211, 0.51403385, 0.5112299, 0.5021646, 0.5033852, 0.51398367, 0.50214255, 0.5146089, 0.50839376, 0.5142934, 0.5097459, 0.50199854, 0.502702, 0.516047, 0.50838023, 0.51732516, 0.51461333, 0.5132125, 0.5051153, 0.5091873, 0.51031065, 0.50367045, 0.5136668, 0.5132133, 0.5056566, 0.50086886, 0.5108101, 0.5054075, 0.51494277, 0.5157222, 0.5021675, 0.50249267, 0.51070285, 0.51095575, 0.50711465, 0.5046421, 0.5037021, 0.5038773, 0.5021348, 0.5012667, 0.50855786, 0.51393735, 0.5041907, 0.5024378, 0.5141496, 0.5095837, 0.5126965, 0.50256747, 0.5161211, 0.51643735, 0.51504993, 0.50881356, 0.50785625, 0.5108377, 0.50971997, 0.50906974, 0.50975466, 0.5032261, 0.5123197, 0.5136389, 0.51214343, 0.5123521, 0.50757915, 0.5044448, 0.51455957, 0.51469576, 0.51451665, 0.51139337, 0.51307243, 0.51635534, 0.51385486, 0.5094606, 0.509008, 0.50936687, 0.5094665, 0.51316065, 0.5101725, 0.50101537, 0.50198543, 0.5101876, 0.51282406, 0.51022243, 0.5133256, 0.5128065, 0.51345354, 0.5118305, 0.5104946, 0.50237375, 0.5166081, 0.5166042, 0.51668674, 0.5031724, 0.50606483, 0.5004317, 0.50253874, 0.51429904, 0.5088735, 0.5059542, 0.50210714, 0.5156764, 0.51537555, 0.5128417, 0.5070834, 0.5130207, 0.5133511, 0.5128855, 0.51695263, 0.50715774, 0.5067593, 0.507245, 0.51314706, 0.51104563, 0.5108679, 0.5085517, 0.50342184, 0.50834703, 0.5082055, 0.50927526, 0.50827664, 0.50933415, 0.50782377, 0.50618434, 0.50195545, 0.5122385, 0.5114614, 0.5008333, 0.500184, 0.51140666, 0.50229365, 0.5094416, 0.5138136, 0.51348245, 0.5113676, 0.51021665, 0.5087879, 0.5036912, 0.50392884, 0.5015193, 0.50766563, 0.51003695, 0.5104226, 0.50032693, 0.515938, 0.51415914, 0.5132516, 0.503604, 0.5023618, 0.5112684, 0.5118256, 0.5144672, 0.51002043, 0.50953084, 0.5088977, 0.5021173, 0.50574195, 0.5002384, 0.5151179, 0.5120263, 0.5130328, 0.5082342, 0.50711846, 0.5052963, 0.5032563, 0.5088245, 0.5112054, 0.51533836, 0.5079749, 0.5124954, 0.5146832, 0.5154965, 0.5161953, 0.51088864, 0.5148999, 0.5158398, 0.51514477, 0.50121725, 0.51032066, 0.51382947, 0.50051105]
[0.51311404, 0.5140744, 0.5151101, 0.51195794, 0.51256084, 0.5104067, 0.5099091, 0.5135511, 0.50273925, 0.50115454, 0.501729, 0.5111604, 0.51331866, 0.5093833, 0.5024458, 0.51250565, 0.5111388, 0.51453996, 0.5135997, 0.5078966, 0.50855434, 0.5117052, 0.51451904, 0.51138335, 0.515415, 0.5117322, 0.50978774, 0.50717133, 0.50425875, 0.50482285, 0.5142123, 0.50331885, 0.5076244, 0.5013049, 0.50308746, 0.50538653, 0.5149443, 0.5038806, 0.50306535, 0.51139975, 0.5094847, 0.50912476, 0.5093419, 0.50811625, 0.513907, 0.5133436, 0.50560695, 0.5100406, 0.50867337, 0.5088529, 0.5149875, 0.51227427, 0.50825906, 0.5133294, 0.5145722, 0.51039964, 0.51531374, 0.5074349, 0.5130848, 0.5134442, 0.51285017, 0.50791293, 0.50830257, 0.5048497, 0.51360446, 0.51161534, 0.5110555, 0.50145924, 0.50699395, 0.50850576, 0.50764775, 0.50821245, 0.51213276, 0.5026097, 0.5016164, 0.51190865, 0.5135305, 0.5117231, 0.5058444, 0.507516, 0.51083744, 0.5127262, 0.5100588, 0.5064552, 0.5072746, 0.5071283, 0.5070695, 0.50792223, 0.5046615, 0.5023739, 0.50217414, 0.50354487, 0.5041088, 0.5037314, 0.50659233, 0.511017, 0.5117644, 0.51445717, 0.51342124, 0.5123378, 0.5121974, 0.5127811, 0.506646, 0.51552945, 0.51575047, 0.5146296, 0.507915, 0.51609635, 0.50792706, 0.51480144, 0.51501656, 0.5071187, 0.5098086, 0.5086194, 0.5116191, 0.50790745, 0.50076425, 0.5036835, 0.5133317, 0.51084083, 0.50150084, 0.5029318, 0.5134259, 0.500201, 0.5139756, 0.5082519, 0.51367354, 0.51035655, 0.50172627, 0.5026887, 0.5152567, 0.508146, 0.51567024, 0.5133927, 0.5128458, 0.5066935, 0.51002926, 0.51039565, 0.506055, 0.51258874, 0.5123742, 0.5075403, 0.50542146, 0.5104079, 0.50466156, 0.5140635, 0.5142934, 0.5008372, 0.50168794, 0.50988024, 0.5104065, 0.508124, 0.5048822, 0.504179, 0.5031657, 0.50033903, 0.50514334, 0.5088306, 0.51255906, 0.5024389, 0.5002893, 0.5129829, 0.5089752, 0.5116552, 0.50106454, 0.5152501, 0.5157654, 0.51486796, 0.5084212, 0.5075268, 0.51040393, 0.50986814, 0.5090715, 0.5092134, 0.50251156, 0.51203907, 0.5127538, 0.5116438, 0.51186806, 0.50783306, 0.5044248, 0.513366, 0.5133265, 0.51351875, 0.5109494, 0.5124301, 0.51538295, 0.5128685, 0.50923026, 0.5094806, 0.50976276, 0.5094985, 0.5127404, 0.51011056, 0.5013736, 0.500454, 0.5098936, 0.5121639, 0.51067287, 0.5123928, 0.5126555, 0.51284826, 0.5107614, 0.51043916, 0.5012185, 0.5157387, 0.51573086, 0.5157213, 0.5027565, 0.5068577, 0.5020798, 0.50381607, 0.5132981, 0.50866544, 0.5074425, 0.50324184, 0.51467675, 0.51455706, 0.5116401, 0.5059587, 0.51239353, 0.51266366, 0.512541, 0.51590174, 0.50809926, 0.5064622, 0.506854, 0.5124373, 0.5113007, 0.51107025, 0.5090551, 0.50532955, 0.5078748, 0.50917804, 0.509709, 0.5092459, 0.50926524, 0.5079577, 0.506577, 0.50144553, 0.5119092, 0.5111614, 0.5011681, 0.5015752, 0.5109662, 0.5045122, 0.50962216, 0.5128912, 0.5124245, 0.51104105, 0.50985825, 0.5086668, 0.5054874, 0.5039466, 0.50112134, 0.50756645, 0.5095881, 0.50970614, 0.5020064, 0.51476395, 0.513017, 0.51225036, 0.5030465, 0.5010429, 0.5116428, 0.5112572, 0.5140186, 0.5092714, 0.5091295, 0.5092006, 0.50024337, 0.5064186, 0.5020242, 0.51422375, 0.5119877, 0.51243186, 0.50917506, 0.50786245, 0.50756645, 0.50248104, 0.50850827, 0.5109421, 0.51399314, 0.50806123, 0.5116793, 0.51349115, 0.51399565, 0.51504385, 0.5106997, 0.5141208, 0.51373047, 0.5132567, 0.50276726, 0.5097726, 0.51298606, 0.5007203]
[0.51394737, 0.5150422, 0.51531935, 0.51243675, 0.5136462, 0.5110995, 0.510287, 0.5143028, 0.50415796, 0.50321376, 0.50385606, 0.51157516, 0.51399225, 0.5096036, 0.50553626, 0.5131117, 0.51171345, 0.5150095, 0.5142682, 0.50844485, 0.5095312, 0.5121411, 0.514953, 0.5118681, 0.51574063, 0.5124526, 0.51105857, 0.50796854, 0.5004263, 0.5011237, 0.5147075, 0.50463945, 0.5090694, 0.502168, 0.50400865, 0.50660765, 0.5151182, 0.50045097, 0.5004166, 0.5121186, 0.510895, 0.5101467, 0.51039034, 0.5081278, 0.5146833, 0.5131142, 0.50630486, 0.5107681, 0.51029944, 0.5099771, 0.5158592, 0.5125084, 0.5086919, 0.51369196, 0.5147607, 0.51135725, 0.51564056, 0.50801647, 0.5137138, 0.51408285, 0.5132842, 0.5089107, 0.5090138, 0.5068603, 0.5139738, 0.5120261, 0.511965, 0.5012497, 0.5076039, 0.50915384, 0.50806046, 0.5086614, 0.51261353, 0.5049155, 0.50163114, 0.51293504, 0.514038, 0.5126596, 0.5063724, 0.5081468, 0.5117557, 0.51348764, 0.5112251, 0.5070526, 0.50800776, 0.50801414, 0.50827366, 0.5088417, 0.50105965, 0.50068617, 0.5005141, 0.4999746, 0.5007669, 0.500785, 0.50785136, 0.5111751, 0.5128343, 0.51468664, 0.5137761, 0.51246536, 0.51224756, 0.51288944, 0.5074725, 0.5158959, 0.51615363, 0.51496667, 0.50891054, 0.5165859, 0.50882405, 0.51549447, 0.5157678, 0.50808257, 0.510186, 0.5094018, 0.512562, 0.5090533, 0.5012332, 0.501037, 0.51387376, 0.51129115, 0.50135005, 0.5000645, 0.5139886, 0.5022327, 0.5143936, 0.5092545, 0.5142456, 0.51064545, 0.5010292, 0.5002585, 0.5155392, 0.50923944, 0.51604056, 0.51403904, 0.5136393, 0.5080371, 0.51079696, 0.5112448, 0.50731313, 0.5133222, 0.5130784, 0.5080669, 0.50692326, 0.5111068, 0.5064058, 0.5146747, 0.5149219, 0.50117826, 0.5005188, 0.5106828, 0.51156414, 0.5038443, 0.5010705, 0.50027126, 0.50028956, 0.50167847, 0.50702757, 0.5089424, 0.5134422, 0.4999888, 0.5023627, 0.5136711, 0.51002324, 0.5123408, 0.5022259, 0.5153482, 0.5157557, 0.5150518, 0.5097052, 0.50879604, 0.51113456, 0.5106841, 0.5097132, 0.5099754, 0.5009474, 0.51278144, 0.51338047, 0.51224893, 0.51247305, 0.50885516, 0.5008663, 0.51353955, 0.5144166, 0.5141787, 0.511852, 0.5133323, 0.5154618, 0.5135018, 0.50988126, 0.5097128, 0.51030934, 0.5096556, 0.51292866, 0.510576, 0.50338686, 0.50233024, 0.5105385, 0.5130399, 0.51116836, 0.5128868, 0.5129542, 0.5130968, 0.51090276, 0.51093775, 0.5018716, 0.5161954, 0.5163123, 0.51583624, 0.5002166, 0.50248176, 0.50554824, 0.506055, 0.5134918, 0.5099494, 0.507741, 0.50502586, 0.5154079, 0.5145614, 0.5125972, 0.5068648, 0.5126542, 0.5133833, 0.5130072, 0.51647085, 0.50949323, 0.50775063, 0.50825465, 0.5134077, 0.5124126, 0.51201165, 0.50957775, 0.5070562, 0.50882477, 0.50984603, 0.5102146, 0.5098167, 0.51026005, 0.5090305, 0.5078836, 0.5027581, 0.51255536, 0.51210105, 0.50393933, 0.5049803, 0.51182914, 0.50625575, 0.5101135, 0.5133224, 0.51313996, 0.5116015, 0.51058465, 0.50938463, 0.50723684, 0.5000837, 0.50320005, 0.50866526, 0.5100278, 0.5102592, 0.504984, 0.5152509, 0.5136975, 0.5129024, 0.50024086, 0.5008623, 0.5121697, 0.51194525, 0.51429933, 0.510249, 0.51016325, 0.5096892, 0.50168514, 0.502319, 0.50427455, 0.5145826, 0.5129779, 0.5133154, 0.5102218, 0.5080684, 0.50801474, 0.49989823, 0.5094812, 0.51213676, 0.5146994, 0.5091573, 0.5120458, 0.5140997, 0.51476365, 0.51534, 0.5115541, 0.5146032, 0.5141957, 0.51341915, 0.5033159, 0.51078445, 0.51355535, 0.5035168]
[0.5150087, 0.5163952, 0.51798743, 0.51479125, 0.5151474, 0.5126415, 0.51168513, 0.5161982, 0.5053879, 0.50401074, 0.5040911, 0.51300573, 0.51574093, 0.5116897, 0.50620085, 0.5157829, 0.5138454, 0.5176008, 0.51600415, 0.5096968, 0.51112247, 0.51427186, 0.5176937, 0.5134323, 0.51815236, 0.5140786, 0.5115353, 0.507908, 0.501825, 0.50227016, 0.51693684, 0.50561345, 0.5088876, 0.50067407, 0.50648755, 0.508433, 0.517417, 0.5016531, 0.5013167, 0.5138391, 0.5115009, 0.51175964, 0.51101047, 0.5111422, 0.51666754, 0.51474917, 0.50718814, 0.51241815, 0.5111576, 0.5102617, 0.5180345, 0.5149559, 0.5105504, 0.5159542, 0.5176088, 0.512363, 0.51830137, 0.50893945, 0.5155208, 0.51593333, 0.515348, 0.5103623, 0.5099576, 0.5080364, 0.5159937, 0.51401466, 0.513237, 0.500315, 0.5094883, 0.5107674, 0.5098163, 0.5107572, 0.5146895, 0.50610673, 0.50119275, 0.5145341, 0.51575994, 0.5140782, 0.5088632, 0.5100916, 0.51337963, 0.51500404, 0.51247984, 0.5096937, 0.5096713, 0.5095673, 0.50777674, 0.5092281, 0.5023746, 0.5006779, 0.5007815, 0.5013026, 0.5017442, 0.5013242, 0.50866735, 0.51316357, 0.51369584, 0.516974, 0.5157678, 0.51510644, 0.51515836, 0.5159517, 0.50919163, 0.51872134, 0.51911443, 0.51722467, 0.50964755, 0.51908964, 0.5094762, 0.51812476, 0.5177705, 0.50925416, 0.5113959, 0.510951, 0.5135446, 0.5101298, 0.50123286, 0.5010571, 0.51538354, 0.5124364, 0.50170183, 0.500612, 0.5156125, 0.50012887, 0.51628196, 0.5102115, 0.51614106, 0.5123268, 0.502008, 0.50078523, 0.5182042, 0.5102164, 0.5192309, 0.5162129, 0.5144442, 0.5074593, 0.5116179, 0.512514, 0.50726306, 0.5151386, 0.5150062, 0.50960535, 0.5075337, 0.5124368, 0.5089126, 0.51722586, 0.5169565, 0.5026525, 0.50156677, 0.5121045, 0.5127512, 0.50437474, 0.50229853, 0.5015014, 0.5012592, 0.5008918, 0.50677294, 0.51095253, 0.51491237, 0.5006379, 0.5012989, 0.5153434, 0.5108889, 0.5141261, 0.5002373, 0.51783186, 0.51863277, 0.5171773, 0.51032555, 0.5099496, 0.5131031, 0.5118591, 0.5108553, 0.5113246, 0.500703, 0.51415336, 0.5148311, 0.51378787, 0.5138626, 0.51007783, 0.50166917, 0.5159786, 0.5159883, 0.5162651, 0.5133014, 0.5147631, 0.5181762, 0.5156899, 0.5119086, 0.51178694, 0.5123486, 0.5121274, 0.5147996, 0.51207393, 0.50468725, 0.5009474, 0.51188666, 0.5148349, 0.5126405, 0.51491463, 0.51511216, 0.51537704, 0.5136424, 0.5127166, 0.5002289, 0.51858705, 0.51879734, 0.5185464, 0.50108254, 0.5035115, 0.5058499, 0.506717, 0.51613855, 0.51010156, 0.50968736, 0.50725216, 0.51753265, 0.51713675, 0.5139649, 0.50867414, 0.5149845, 0.5151406, 0.51461905, 0.51873744, 0.50959593, 0.50912035, 0.5096827, 0.5147851, 0.5130342, 0.5126562, 0.5110229, 0.5080611, 0.5101725, 0.5113973, 0.5117271, 0.5107742, 0.51101595, 0.51019317, 0.50877136, 0.50068563, 0.5139993, 0.5129237, 0.5027755, 0.5051267, 0.51312375, 0.5071403, 0.51116174, 0.5152824, 0.5149085, 0.51341134, 0.51207143, 0.51090646, 0.5069851, 0.5015755, 0.5009579, 0.5091309, 0.5115623, 0.51183426, 0.5058957, 0.51780397, 0.51567656, 0.5147316, 0.50093406, 0.50163764, 0.51359814, 0.51378584, 0.51652825, 0.5118236, 0.51140577, 0.51114523, 0.50027746, 0.5033558, 0.5051184, 0.51730293, 0.51332855, 0.51482266, 0.5111176, 0.5098249, 0.5091568, 0.5010091, 0.51014495, 0.5125514, 0.5165373, 0.50990635, 0.5147317, 0.5160955, 0.5171493, 0.51792806, 0.5126068, 0.5169803, 0.5169465, 0.51637244, 0.5072813, 0.5117386, 0.5157113, 0.50402695]
[0.5094125, 0.50969505, 0.51098275, 0.5086354, 0.50875545, 0.50773865, 0.5071792, 0.51001215, 0.5021516, 0.50136226, 0.50190544, 0.5080248, 0.5095943, 0.5066529, 0.5016997, 0.5089473, 0.50787795, 0.51017076, 0.50990385, 0.5053447, 0.5058329, 0.5088074, 0.5107027, 0.5080748, 0.5109961, 0.5084051, 0.5069542, 0.5052497, 0.5023819, 0.5040362, 0.5104554, 0.5020965, 0.5051661, 0.50050735, 0.5028782, 0.504482, 0.51087713, 0.50280994, 0.5019037, 0.5081725, 0.50629294, 0.50579476, 0.50638855, 0.5060007, 0.50998926, 0.5096125, 0.5045785, 0.5073883, 0.5063441, 0.50621927, 0.51104707, 0.508997, 0.50575745, 0.50946784, 0.51047176, 0.5075391, 0.51142323, 0.50514066, 0.50940126, 0.5097928, 0.5090823, 0.50580627, 0.50520223, 0.50362355, 0.51002365, 0.50841075, 0.5078917, 0.5003449, 0.50444293, 0.50612694, 0.5050813, 0.5056743, 0.5082994, 0.50201, 0.5003023, 0.5088155, 0.5097671, 0.5084695, 0.5031704, 0.50495213, 0.50781095, 0.509282, 0.50745606, 0.50462055, 0.5047596, 0.5051943, 0.5050591, 0.50549984, 0.5034248, 0.50055194, 0.5010914, 0.50234944, 0.50307226, 0.50246364, 0.50451064, 0.50806874, 0.5086025, 0.5107322, 0.5097116, 0.5088532, 0.5085662, 0.50904614, 0.50488377, 0.51102674, 0.5115625, 0.5106047, 0.5056587, 0.5116371, 0.50525945, 0.5107267, 0.5108796, 0.5051281, 0.50685185, 0.50639904, 0.5080802, 0.5056092, 0.500455, 0.5021362, 0.5095377, 0.50766605, 0.5005506, 0.501165, 0.5094241, 0.5017183, 0.50979936, 0.50609875, 0.5099809, 0.5068271, 0.50131655, 0.501392, 0.51092005, 0.50589824, 0.5117807, 0.51004374, 0.5090884, 0.5045447, 0.5071722, 0.50759524, 0.5043138, 0.5090144, 0.50885624, 0.50550115, 0.5038289, 0.50721157, 0.5034831, 0.51030934, 0.510306, 0.50095654, 0.5008513, 0.50681627, 0.50740993, 0.50641644, 0.5036565, 0.50303894, 0.5020796, 0.5009693, 0.5043338, 0.5058536, 0.5091918, 0.50117594, 0.5010856, 0.50957566, 0.5065688, 0.50888276, 0.500622, 0.51097083, 0.5113947, 0.5106116, 0.5062901, 0.50561166, 0.5074664, 0.5069515, 0.5065063, 0.5066669, 0.5011324, 0.50873023, 0.5092538, 0.5085176, 0.5086336, 0.5054099, 0.50285643, 0.509449, 0.50943524, 0.509708, 0.5080956, 0.50916815, 0.5110568, 0.5093995, 0.50634027, 0.5064944, 0.5068872, 0.50647646, 0.509412, 0.50689036, 0.50118804, 0.5007647, 0.50731206, 0.5090187, 0.5074595, 0.5089535, 0.509314, 0.5093976, 0.50776196, 0.5073667, 0.5003977, 0.5112281, 0.5115167, 0.5114205, 0.50020504, 0.5049458, 0.5019289, 0.50314003, 0.50970787, 0.5060826, 0.5051757, 0.50324184, 0.51051015, 0.51063865, 0.5085137, 0.50382215, 0.5089207, 0.50927687, 0.50910574, 0.51151794, 0.5051702, 0.50371575, 0.50383466, 0.50885355, 0.5081052, 0.5079653, 0.5063976, 0.5043781, 0.5058151, 0.5063353, 0.5067157, 0.5066445, 0.5067119, 0.5057871, 0.50498265, 0.502661, 0.5081372, 0.50776875, 0.5013111, 0.5019467, 0.5081981, 0.5038683, 0.5066813, 0.5091368, 0.50894564, 0.5077139, 0.5069665, 0.50575405, 0.50358903, 0.5029904, 0.50111437, 0.5055118, 0.50693095, 0.5070634, 0.5016068, 0.5107454, 0.50936854, 0.5087922, 0.50282, 0.50116044, 0.5084449, 0.50810987, 0.5103901, 0.50635284, 0.50642, 0.50614464, 0.5007864, 0.50480956, 0.5020135, 0.51060426, 0.5086023, 0.5091004, 0.50620705, 0.5056886, 0.5050963, 0.5015457, 0.5056642, 0.508205, 0.5101205, 0.5057133, 0.5087529, 0.5098138, 0.5099951, 0.5108328, 0.5079516, 0.5102749, 0.5100842, 0.50968367, 0.50289524, 0.50710726, 0.5096434, 0.5020859]
[0.509656, 0.5101668, 0.51095575, 0.508862, 0.5092748, 0.50791514, 0.50751597, 0.5099889, 0.50224143, 0.50236356, 0.5029405, 0.5079056, 0.50980455, 0.50713307, 0.50376475, 0.5091612, 0.5080991, 0.5105542, 0.50999886, 0.506118, 0.50670695, 0.5092353, 0.51052153, 0.508407, 0.5107635, 0.50868934, 0.50731236, 0.50583386, 0.5026224, 0.50412863, 0.5103005, 0.5042918, 0.5062807, 0.5015502, 0.5041358, 0.50508374, 0.51067036, 0.5026675, 0.50173825, 0.5082793, 0.50674164, 0.5066942, 0.5066558, 0.5062273, 0.51017374, 0.5099455, 0.5054115, 0.50772035, 0.5068556, 0.5068145, 0.5111907, 0.50912815, 0.50628334, 0.5096127, 0.5105921, 0.50781417, 0.5111574, 0.5054117, 0.5095973, 0.50977707, 0.5090707, 0.5063417, 0.5058447, 0.5050098, 0.509722, 0.5084985, 0.5084458, 0.5010116, 0.5054374, 0.5067525, 0.5060854, 0.5063399, 0.50863236, 0.5036078, 0.5013229, 0.5091232, 0.50972176, 0.5085359, 0.50451386, 0.50607204, 0.5083506, 0.50907755, 0.50801986, 0.5053729, 0.5058258, 0.50591034, 0.5058591, 0.5061407, 0.5039693, 0.5009006, 0.50112104, 0.5027145, 0.5030598, 0.5030424, 0.5057129, 0.50810593, 0.5088341, 0.51033634, 0.5099093, 0.5087646, 0.5088818, 0.50918114, 0.5055809, 0.51118606, 0.51151973, 0.5105778, 0.5062762, 0.51150477, 0.506224, 0.51095676, 0.51086634, 0.50574946, 0.50718, 0.50663096, 0.50873405, 0.50646055, 0.5012324, 0.5032936, 0.5096757, 0.507812, 0.5011063, 0.5009818, 0.509774, 0.50187474, 0.51006633, 0.5067134, 0.5099246, 0.50731593, 0.5006216, 0.50144374, 0.5107846, 0.50631434, 0.51153755, 0.5103299, 0.5093413, 0.505603, 0.50746393, 0.5073509, 0.5053, 0.5091039, 0.5089049, 0.50540173, 0.50470215, 0.50762266, 0.5048858, 0.5102349, 0.5102728, 0.5012423, 0.5015685, 0.50741345, 0.507808, 0.5078247, 0.5037471, 0.5027902, 0.5013396, 0.5020921, 0.50529635, 0.5069636, 0.5098068, 0.504191, 0.5009147, 0.5098135, 0.5072406, 0.5091471, 0.50163406, 0.51072454, 0.51116294, 0.5107303, 0.5069047, 0.5061762, 0.5075604, 0.5075537, 0.5068506, 0.5070516, 0.50161654, 0.50856197, 0.5095236, 0.50864774, 0.50863075, 0.50591904, 0.5031542, 0.5098959, 0.50972056, 0.5099774, 0.508363, 0.5094865, 0.5110918, 0.50940216, 0.5067418, 0.5067267, 0.5070195, 0.50695, 0.5093821, 0.50710064, 0.50198805, 0.5013304, 0.50755906, 0.50929767, 0.50773114, 0.50906336, 0.5093787, 0.50955105, 0.5077879, 0.50760204, 0.5015043, 0.511288, 0.5113957, 0.5113301, 0.50087607, 0.50527453, 0.50336146, 0.5045371, 0.50957596, 0.50664353, 0.5058485, 0.5038847, 0.51043725, 0.5103296, 0.5084746, 0.5050526, 0.5089698, 0.50897104, 0.509035, 0.51148844, 0.5058019, 0.50466466, 0.5051559, 0.5089245, 0.50804454, 0.5077605, 0.50669795, 0.5049424, 0.50657535, 0.50701755, 0.50731, 0.5068593, 0.507204, 0.5064051, 0.5057957, 0.50274456, 0.5082373, 0.5076339, 0.502563, 0.50334966, 0.5083324, 0.5047241, 0.5071725, 0.50933087, 0.5090098, 0.50792015, 0.5069453, 0.5063246, 0.50540966, 0.5027677, 0.5026797, 0.50641096, 0.5076122, 0.5075122, 0.50267875, 0.5106026, 0.50937784, 0.5088331, 0.50297034, 0.50100553, 0.508717, 0.5083779, 0.5103044, 0.5070321, 0.5068948, 0.5068189, 0.5008959, 0.50550514, 0.50358903, 0.5104771, 0.50864345, 0.5092433, 0.50655675, 0.5062827, 0.50592935, 0.50150675, 0.50660276, 0.5082964, 0.5103569, 0.50653636, 0.5088274, 0.509826, 0.5101131, 0.5108086, 0.507965, 0.5102535, 0.5101057, 0.50988597, 0.50383073, 0.50758684, 0.5096015, 0.5026817]
[0.519687, 0.5203482, 0.5213153, 0.51790804, 0.518241, 0.51565135, 0.5147514, 0.51958084, 0.5049798, 0.50581044, 0.50607365, 0.51549786, 0.5192124, 0.5139286, 0.5050407, 0.5182996, 0.51649356, 0.5210932, 0.519481, 0.51167554, 0.5124119, 0.5173872, 0.5209463, 0.51701075, 0.5216275, 0.51695645, 0.5152389, 0.510869, 0.50232375, 0.5030209, 0.52058023, 0.5077681, 0.5118031, 0.500667, 0.5057406, 0.5075769, 0.52059376, 0.5024853, 0.5014829, 0.51654345, 0.5141036, 0.5144351, 0.513919, 0.5119995, 0.52053386, 0.5193104, 0.50891614, 0.51554966, 0.513529, 0.51386166, 0.52145785, 0.5179389, 0.5122966, 0.5194858, 0.52054954, 0.5153199, 0.52217036, 0.51167625, 0.5194976, 0.5198343, 0.5181229, 0.5113354, 0.51240563, 0.5078286, 0.51961523, 0.5169167, 0.51599044, 0.5013296, 0.51038766, 0.5126825, 0.51142406, 0.5123439, 0.5175983, 0.50605726, 0.5017288, 0.51814437, 0.5200361, 0.5178008, 0.509157, 0.5116363, 0.5167572, 0.5181869, 0.51518965, 0.5105308, 0.5112566, 0.51075625, 0.5107197, 0.5117088, 0.503115, 0.5006717, 0.50097245, 0.5020543, 0.5020531, 0.5017265, 0.51067805, 0.5161561, 0.51719344, 0.52049804, 0.5194887, 0.51794505, 0.51791817, 0.51855123, 0.51067543, 0.5226361, 0.5226205, 0.5208522, 0.5119611, 0.5231896, 0.5123519, 0.52151793, 0.5215764, 0.5113185, 0.514351, 0.51233476, 0.5173133, 0.5117314, 0.5006301, 0.50252295, 0.5190849, 0.5159155, 0.5005722, 0.50127363, 0.51946366, 0.5029134, 0.52044916, 0.5124947, 0.51970243, 0.5149914, 0.50029325, 0.5011571, 0.5216261, 0.5136589, 0.5227221, 0.51945996, 0.5182863, 0.5111804, 0.51416564, 0.51506484, 0.51023996, 0.518187, 0.5177247, 0.51096326, 0.50924784, 0.5154711, 0.5079694, 0.5201201, 0.52052164, 0.50150716, 0.5009325, 0.51462364, 0.515748, 0.50560683, 0.50281334, 0.5024402, 0.5016075, 0.50245017, 0.5090563, 0.5132023, 0.5189968, 0.5016529, 0.50215864, 0.51902544, 0.5139828, 0.51721704, 0.5015634, 0.52115417, 0.521811, 0.5207359, 0.51300544, 0.51168567, 0.515654, 0.5145179, 0.51403815, 0.513539, 0.50198966, 0.5175541, 0.5191044, 0.516468, 0.5165349, 0.5122689, 0.50233406, 0.51915437, 0.51953393, 0.5194116, 0.51644623, 0.518655, 0.5221555, 0.5189909, 0.513554, 0.5136903, 0.5138123, 0.51332366, 0.5183276, 0.5145964, 0.5043871, 0.50117284, 0.51444316, 0.518117, 0.51496387, 0.51830906, 0.5179991, 0.5180952, 0.51582915, 0.51527023, 0.501701, 0.52249706, 0.5225151, 0.5221257, 0.5009319, 0.5043544, 0.50421053, 0.50826716, 0.5195694, 0.51365656, 0.5111412, 0.5070594, 0.52106625, 0.52108985, 0.5169783, 0.50920665, 0.5175919, 0.51835847, 0.51836514, 0.5230725, 0.5123315, 0.5093808, 0.51017296, 0.51846874, 0.51637757, 0.51616293, 0.51354045, 0.50942343, 0.512334, 0.5135169, 0.5141446, 0.5133785, 0.51372427, 0.5121801, 0.5107535, 0.50481874, 0.51680267, 0.5160295, 0.5032717, 0.5051805, 0.5163881, 0.5095348, 0.5138564, 0.5191157, 0.51806617, 0.5163617, 0.51457673, 0.51265836, 0.50887465, 0.5024356, 0.504523, 0.51239884, 0.5148326, 0.5146969, 0.5051427, 0.52137023, 0.51932865, 0.51828986, 0.50149345, 0.5026764, 0.5174904, 0.51687473, 0.52062124, 0.5145118, 0.5138501, 0.5136425, 0.50128984, 0.5041916, 0.5051287, 0.5204756, 0.51775134, 0.51817626, 0.5129065, 0.5116906, 0.51098454, 0.5010395, 0.5133703, 0.5168235, 0.5206509, 0.51254433, 0.51770353, 0.5198651, 0.5198478, 0.5213814, 0.5163299, 0.520244, 0.5201449, 0.5195977, 0.5069955, 0.51438576, 0.5191078, 0.5037696]
[0.5133854, 0.5146007, 0.51502776, 0.51228464, 0.5128723, 0.51127976, 0.50971824, 0.51392287, 0.50423384, 0.5032108, 0.504038, 0.51131845, 0.5138108, 0.5094178, 0.5063243, 0.5133709, 0.51125056, 0.51454514, 0.5136889, 0.5083723, 0.5092944, 0.5122955, 0.5145085, 0.51125455, 0.51556677, 0.51205426, 0.5103407, 0.5070792, 0.50087136, 0.5012161, 0.5146521, 0.50482994, 0.5087308, 0.50096464, 0.5050511, 0.50690776, 0.5150141, 0.5007494, 0.5003304, 0.51203436, 0.5107384, 0.5103165, 0.5095805, 0.5088705, 0.51451194, 0.5126465, 0.50674355, 0.5104171, 0.5100755, 0.50925565, 0.51523995, 0.5123635, 0.50854886, 0.51302373, 0.5146062, 0.5107386, 0.5155739, 0.5076959, 0.51304317, 0.51339054, 0.5130507, 0.5087063, 0.50820863, 0.5072421, 0.51359236, 0.5115482, 0.51144964, 0.4997199, 0.50736743, 0.5088377, 0.5080542, 0.50875086, 0.51233906, 0.5055655, 0.5002965, 0.5130259, 0.5136551, 0.5125084, 0.5071731, 0.5086526, 0.51174474, 0.51313066, 0.5106644, 0.5078774, 0.5080798, 0.508242, 0.50758827, 0.5083357, 0.5014014, 0.4998856, 0.49980748, 0.50043964, 0.5007856, 0.5008569, 0.50762403, 0.511449, 0.5121601, 0.51450205, 0.5131967, 0.5122921, 0.5120627, 0.5128706, 0.50731146, 0.51572603, 0.5161672, 0.5147627, 0.50862414, 0.51622844, 0.50830096, 0.515393, 0.51531506, 0.50776094, 0.50964534, 0.5094535, 0.5118068, 0.5080002, 0.5007119, 0.50108665, 0.51285833, 0.5107731, 0.5011065, 0.5005064, 0.5134205, 0.5009601, 0.51360095, 0.50887567, 0.5139379, 0.5101909, 0.5008589, 0.50016475, 0.5152432, 0.5088733, 0.51625174, 0.5142855, 0.5125711, 0.5071135, 0.5100456, 0.51056445, 0.50691926, 0.5133046, 0.5125942, 0.507949, 0.5062646, 0.51065797, 0.507897, 0.5145673, 0.51503307, 0.50039095, 0.5001973, 0.5103405, 0.51097655, 0.50299585, 0.5013859, 0.5007886, 0.5005711, 0.50090396, 0.5065503, 0.5088917, 0.5130535, 0.500942, 0.5007902, 0.51353157, 0.5096923, 0.5122183, 0.5005636, 0.5152803, 0.5157637, 0.51482654, 0.5092111, 0.50867116, 0.51099634, 0.5100558, 0.50983757, 0.50981164, 0.50025177, 0.5126188, 0.5128136, 0.5116361, 0.51175684, 0.5082415, 0.50110555, 0.51347494, 0.51402825, 0.5142321, 0.51158535, 0.5128544, 0.5152862, 0.5132008, 0.5097101, 0.5094851, 0.5099401, 0.5094879, 0.51284885, 0.5104963, 0.5039649, 0.50103414, 0.5102852, 0.5128922, 0.510552, 0.5129577, 0.51231754, 0.5126745, 0.511644, 0.510698, 0.5005433, 0.5154789, 0.5160001, 0.515789, 0.5000421, 0.50213206, 0.505319, 0.5061914, 0.5132128, 0.5091166, 0.50847036, 0.506527, 0.5152904, 0.51452696, 0.51179034, 0.50755125, 0.5122402, 0.5129674, 0.51221794, 0.5160954, 0.5085549, 0.5075764, 0.50818723, 0.51285964, 0.5118856, 0.5116624, 0.50941986, 0.50692207, 0.5085985, 0.50962096, 0.5099261, 0.5093728, 0.5097604, 0.50888366, 0.5076968, 0.5015927, 0.5120485, 0.51158357, 0.50378984, 0.50496024, 0.5115072, 0.5067404, 0.5096394, 0.5128415, 0.51280755, 0.5115045, 0.51051867, 0.50929487, 0.5066625, 0.50069356, 0.5014863, 0.5083188, 0.50954425, 0.51011854, 0.5048679, 0.5151879, 0.5133744, 0.5125488, 0.5005118, 0.50044745, 0.5120335, 0.51139283, 0.5140362, 0.5100713, 0.51000524, 0.50967664, 0.5008555, 0.50185704, 0.5036969, 0.5145033, 0.5123134, 0.5128625, 0.5097265, 0.5083126, 0.5076864, 0.50034225, 0.50875413, 0.51153946, 0.5145484, 0.50869465, 0.5121625, 0.5139685, 0.5143059, 0.51482856, 0.51089495, 0.5142577, 0.5140006, 0.5132866, 0.5057748, 0.51036245, 0.5131371, 0.50482655]
[0.51209944, 0.5129336, 0.5141941, 0.51147884, 0.5114122, 0.5098169, 0.5087834, 0.5131443, 0.5021339, 0.50022376, 0.5005514, 0.5097676, 0.51272273, 0.5084081, 0.50224936, 0.512364, 0.5104351, 0.5140688, 0.5131042, 0.50653714, 0.5073933, 0.5115349, 0.5139091, 0.51022637, 0.5143514, 0.51060027, 0.5084241, 0.5053134, 0.50298864, 0.50343, 0.5135073, 0.5032541, 0.50711405, 0.50002456, 0.5036295, 0.50572944, 0.51419497, 0.5025503, 0.5015398, 0.5105368, 0.50868714, 0.5087407, 0.5077936, 0.5082197, 0.5132482, 0.51173717, 0.50572175, 0.5095916, 0.50823665, 0.50795144, 0.5143872, 0.5112706, 0.5075824, 0.51216954, 0.51393956, 0.50961304, 0.5148722, 0.5062433, 0.51237744, 0.51287514, 0.51214844, 0.5070122, 0.5068351, 0.50457245, 0.51233864, 0.51095974, 0.5102477, 0.50074774, 0.5049346, 0.50800866, 0.50694597, 0.5079278, 0.51135683, 0.5035943, 0.50006646, 0.5116848, 0.5126764, 0.5113066, 0.506036, 0.5073468, 0.5104545, 0.5120086, 0.5093363, 0.506704, 0.5069039, 0.5069012, 0.5060247, 0.5067576, 0.5038263, 0.5008681, 0.5016339, 0.5025555, 0.50276834, 0.50184137, 0.5062179, 0.5100331, 0.51065576, 0.5136184, 0.5126117, 0.511503, 0.5111813, 0.5117574, 0.5065106, 0.51513124, 0.515356, 0.51393306, 0.5070146, 0.5155324, 0.5071533, 0.5144922, 0.51420754, 0.5060796, 0.5085313, 0.507968, 0.51061004, 0.5072713, 0.4997919, 0.5028911, 0.5122663, 0.5095187, 0.5001103, 0.5014555, 0.51229316, 0.49958146, 0.5126786, 0.50724584, 0.51300406, 0.50873333, 0.50039726, 0.5013884, 0.5146981, 0.50718147, 0.5155813, 0.51304007, 0.51145357, 0.50587463, 0.50864714, 0.5089369, 0.50538486, 0.5121167, 0.5117878, 0.50591695, 0.50427943, 0.5091303, 0.5053235, 0.51368064, 0.5140024, 0.50021124, 0.5008302, 0.5087829, 0.50941855, 0.50689876, 0.5032485, 0.5021571, 0.50197196, 0.49970782, 0.503975, 0.5079619, 0.5120098, 0.5021743, 0.49981725, 0.5126121, 0.50811887, 0.51119566, 0.5005135, 0.5145399, 0.51476485, 0.5134115, 0.5079955, 0.50656885, 0.51015556, 0.5090394, 0.50797534, 0.508493, 0.5018784, 0.51090014, 0.51157653, 0.51052165, 0.5108085, 0.5067443, 0.50302714, 0.5127095, 0.51281196, 0.5129918, 0.51021177, 0.5119165, 0.5144703, 0.51211303, 0.5082547, 0.5081778, 0.50850064, 0.5083875, 0.5114874, 0.5093963, 0.501501, 0.4996519, 0.5093318, 0.51148355, 0.5094436, 0.51164323, 0.5114999, 0.51167935, 0.51048374, 0.5094673, 0.50000083, 0.51511365, 0.5151385, 0.5151386, 0.50180995, 0.50535715, 0.5035286, 0.5040003, 0.5129356, 0.5079081, 0.5069005, 0.50477815, 0.5137116, 0.5135363, 0.5108208, 0.50561416, 0.51134163, 0.5119588, 0.51152766, 0.5152603, 0.5069649, 0.505745, 0.50648373, 0.51193625, 0.50962734, 0.50963825, 0.5080603, 0.50472283, 0.507657, 0.50819445, 0.5086959, 0.50795645, 0.50815994, 0.5073973, 0.50588995, 0.50098103, 0.5106928, 0.50972223, 0.5011652, 0.5023002, 0.5104278, 0.5044706, 0.5083106, 0.5121523, 0.5118838, 0.5103654, 0.5090919, 0.5082179, 0.5051515, 0.50258535, 0.499834, 0.5067663, 0.50882304, 0.50884897, 0.5032544, 0.51415867, 0.5124771, 0.511733, 0.50202876, 0.4996444, 0.5105681, 0.5106352, 0.51308626, 0.50919676, 0.5092227, 0.5079593, 0.50085646, 0.5050319, 0.5020552, 0.5136649, 0.5104366, 0.51191485, 0.50799906, 0.5069313, 0.5058699, 0.5018752, 0.50745964, 0.50979775, 0.513478, 0.50695604, 0.51099056, 0.51278967, 0.5132932, 0.5141264, 0.50986165, 0.5131212, 0.51363003, 0.512937, 0.5037795, 0.5089876, 0.5126938, 0.50200266]
[0.5153355, 0.5167915, 0.51723576, 0.51411206, 0.51470435, 0.5122633, 0.5104133, 0.5155283, 0.5025884, 0.5028305, 0.50304365, 0.5119665, 0.5153674, 0.51009697, 0.50367403, 0.51483697, 0.51294684, 0.51656044, 0.51592237, 0.5086919, 0.5093691, 0.5138827, 0.5166362, 0.51315147, 0.51770186, 0.5139148, 0.511596, 0.50729424, 0.5021197, 0.50270617, 0.5164316, 0.5029539, 0.508981, 0.50026083, 0.5023604, 0.50484747, 0.5167614, 0.5026433, 0.50203335, 0.5129672, 0.5113175, 0.51116586, 0.51056594, 0.5090173, 0.5164514, 0.51496434, 0.5053691, 0.5120294, 0.51070285, 0.51003987, 0.5175268, 0.51354825, 0.5088211, 0.5151439, 0.51687056, 0.511469, 0.51771367, 0.5081508, 0.5153576, 0.51576227, 0.5144986, 0.50914514, 0.5093363, 0.5059113, 0.51534665, 0.5131269, 0.513016, 0.5008108, 0.50768703, 0.50957245, 0.5085458, 0.50937396, 0.5144471, 0.50314593, 0.5001494, 0.51465577, 0.5155161, 0.51389354, 0.5064344, 0.509251, 0.5128795, 0.5147593, 0.5123029, 0.5070327, 0.50750643, 0.5069572, 0.506294, 0.50898033, 0.50249535, 0.5009419, 0.5008854, 0.5016208, 0.5021545, 0.50196767, 0.5077496, 0.5124695, 0.5139335, 0.5163593, 0.5154431, 0.5138441, 0.51380074, 0.5143519, 0.50709367, 0.51807725, 0.5185509, 0.51682186, 0.509512, 0.5184263, 0.50861555, 0.51758146, 0.517523, 0.5078597, 0.5110086, 0.50935, 0.513509, 0.50782794, 0.5009692, 0.50232404, 0.514985, 0.5122124, 0.50050795, 0.5012064, 0.5150283, 0.50039905, 0.51579976, 0.50910103, 0.51580477, 0.51129955, 0.5005016, 0.5007455, 0.51748836, 0.5094919, 0.5184504, 0.51603544, 0.51411444, 0.5072186, 0.5108254, 0.5117369, 0.5060887, 0.5147312, 0.5142223, 0.5080312, 0.5057572, 0.51237005, 0.50692594, 0.5164051, 0.5165653, 0.50078195, 0.5011037, 0.5108036, 0.51186687, 0.5048535, 0.5026557, 0.50188947, 0.5020598, 0.50009364, 0.50638443, 0.509482, 0.5145218, 0.501793, 0.5003422, 0.51555204, 0.51019585, 0.51393616, 0.500416, 0.5170416, 0.5176495, 0.51689327, 0.50980866, 0.50924444, 0.51238066, 0.51098585, 0.51075965, 0.51063734, 0.5012564, 0.5138244, 0.5147699, 0.51269835, 0.5129037, 0.50863916, 0.5024303, 0.51517206, 0.5159965, 0.5162758, 0.5128505, 0.5145808, 0.517676, 0.51498526, 0.5103147, 0.51049864, 0.51043624, 0.50971895, 0.51440364, 0.5111147, 0.5022568, 0.5002604, 0.51106894, 0.5142658, 0.51161474, 0.5144133, 0.5143081, 0.51453257, 0.5128451, 0.51201445, 0.50038934, 0.5179204, 0.51809925, 0.51805806, 0.50133437, 0.5037752, 0.50191504, 0.50534457, 0.5151653, 0.5096695, 0.5082096, 0.5035315, 0.51676846, 0.51647633, 0.5134944, 0.5067973, 0.51406306, 0.5147865, 0.5140108, 0.5183625, 0.5080915, 0.50668293, 0.50758487, 0.5144142, 0.5131869, 0.5129254, 0.51023483, 0.5062352, 0.50892144, 0.50945896, 0.51063013, 0.50977755, 0.51024824, 0.5090873, 0.5076195, 0.5004671, 0.5136944, 0.51282877, 0.5019605, 0.50277454, 0.5127664, 0.50567824, 0.5106785, 0.5144624, 0.51438814, 0.51254404, 0.51121646, 0.5098163, 0.5058453, 0.5021164, 0.501154, 0.5092904, 0.51096815, 0.51132894, 0.50287265, 0.51742893, 0.51549083, 0.5145131, 0.5015327, 0.50038046, 0.5134399, 0.5127847, 0.51598704, 0.51071435, 0.5106955, 0.5094728, 0.50036085, 0.5035043, 0.5026035, 0.51637733, 0.51382726, 0.5144852, 0.510221, 0.5084129, 0.50756544, 0.5011026, 0.5099423, 0.5129388, 0.5165664, 0.5087884, 0.5132788, 0.51609445, 0.51632744, 0.51690704, 0.512314, 0.51615775, 0.51606464, 0.5152611, 0.5033621, 0.5111083, 0.5149873, 0.5039183]
[0.5128742, 0.51299596, 0.51443595, 0.51135194, 0.5122039, 0.51003575, 0.5100568, 0.51275986, 0.50202054, 0.50308245, 0.5033018, 0.51028246, 0.51264775, 0.5087101, 0.50307685, 0.5113836, 0.5104376, 0.51332253, 0.51278114, 0.5076505, 0.5081161, 0.511776, 0.51348066, 0.5110037, 0.5144867, 0.5117216, 0.5102721, 0.50756425, 0.50210196, 0.5035785, 0.51375335, 0.5045716, 0.50796723, 0.50071234, 0.5047668, 0.5038547, 0.51397616, 0.5018941, 0.5008008, 0.5105077, 0.50827134, 0.5080274, 0.5086132, 0.5071498, 0.51317006, 0.51386243, 0.50544494, 0.5095957, 0.5082825, 0.50856924, 0.51454204, 0.511615, 0.5075604, 0.5128133, 0.513982, 0.50975055, 0.51473856, 0.50706595, 0.5130097, 0.51288146, 0.5116038, 0.5075687, 0.5076392, 0.5045839, 0.5131665, 0.5110621, 0.510719, 0.5011584, 0.50697434, 0.50821525, 0.50695485, 0.50705653, 0.5111765, 0.5022898, 0.5002645, 0.5118976, 0.51304555, 0.5111997, 0.5045884, 0.50673, 0.51013035, 0.512107, 0.50993675, 0.5051916, 0.5068968, 0.5060479, 0.5067425, 0.507455, 0.5037089, 0.5010048, 0.5005624, 0.5019373, 0.50194085, 0.5016431, 0.5068025, 0.5102042, 0.51166165, 0.5134626, 0.5127435, 0.51165086, 0.51150256, 0.51179487, 0.5065404, 0.5146387, 0.5150372, 0.51388013, 0.5075191, 0.5151023, 0.5076973, 0.5140067, 0.51404035, 0.50729287, 0.509601, 0.5080693, 0.51119506, 0.507461, 0.5008098, 0.50305754, 0.51280916, 0.51026297, 0.50043154, 0.50023776, 0.51253814, 0.5024986, 0.5133081, 0.5082719, 0.51301056, 0.5096598, 0.50126994, 0.5021866, 0.51404065, 0.50837815, 0.51497823, 0.51289266, 0.51261985, 0.50713915, 0.5095039, 0.5094717, 0.5060701, 0.51164424, 0.5114815, 0.50710094, 0.5057804, 0.5099176, 0.50470924, 0.51322204, 0.51289135, 0.5005759, 0.50035554, 0.50947315, 0.51024944, 0.5068249, 0.50348574, 0.5027474, 0.502288, 0.50142217, 0.50727695, 0.50814956, 0.5124906, 0.50036794, 0.5019147, 0.51262265, 0.5094076, 0.51195896, 0.5013126, 0.5140956, 0.5147169, 0.5141477, 0.5088248, 0.5078016, 0.509212, 0.5097042, 0.5085639, 0.50826395, 0.5009256, 0.5112367, 0.51243025, 0.51113945, 0.51108927, 0.50730914, 0.50226706, 0.5124325, 0.51256615, 0.5127661, 0.51084024, 0.5123291, 0.51457185, 0.5124071, 0.5079609, 0.5084618, 0.508804, 0.5085857, 0.51232284, 0.50837386, 0.50087965, 0.50077593, 0.5090839, 0.5118129, 0.5097944, 0.5119083, 0.51234925, 0.5122513, 0.50965303, 0.5097257, 0.5009753, 0.5148032, 0.514985, 0.5145768, 0.5010713, 0.5053224, 0.50186604, 0.5043925, 0.5121802, 0.508275, 0.5068167, 0.5031195, 0.5135507, 0.51367116, 0.51098996, 0.5055482, 0.51156306, 0.51169914, 0.5119487, 0.51520896, 0.50694025, 0.50370425, 0.5048978, 0.51155573, 0.5107873, 0.5103473, 0.50854665, 0.50640637, 0.50822514, 0.5087061, 0.50939447, 0.50899976, 0.5093799, 0.50798446, 0.5074715, 0.5030601, 0.51099694, 0.51006913, 0.5019878, 0.5024613, 0.5107731, 0.50438017, 0.5089362, 0.51214486, 0.511419, 0.51028746, 0.50890094, 0.5075539, 0.5054412, 0.50275403, 0.5037173, 0.50839645, 0.5097341, 0.50970936, 0.5015447, 0.5138109, 0.5123129, 0.5115115, 0.5014725, 0.50042045, 0.51111466, 0.5106412, 0.5137968, 0.5087151, 0.5085446, 0.5087921, 0.5017642, 0.50468117, 0.5031283, 0.513601, 0.51188993, 0.51192534, 0.50790477, 0.50727594, 0.50768423, 0.5007316, 0.50812215, 0.5106773, 0.51350164, 0.5078422, 0.51167136, 0.51299095, 0.5128486, 0.5142393, 0.5105337, 0.513556, 0.51272386, 0.5121463, 0.5018028, 0.50918895, 0.51244915, 0.5014659]
[0.50853056, 0.50862134, 0.5095758, 0.5076176, 0.50804645, 0.50692767, 0.5063644, 0.5085773, 0.5019752, 0.501636, 0.50221264, 0.50702244, 0.5084025, 0.5059975, 0.5030334, 0.5079514, 0.5069905, 0.50895965, 0.50859815, 0.5049591, 0.505283, 0.50800157, 0.5091785, 0.5072679, 0.50945127, 0.50766295, 0.50627995, 0.5044146, 0.5051589, 0.5064598, 0.5089718, 0.502648, 0.50471747, 0.5015427, 0.5033047, 0.50417054, 0.5092955, 0.50457734, 0.503848, 0.5071979, 0.50564396, 0.5052408, 0.5058523, 0.5055102, 0.5088307, 0.5081634, 0.5039196, 0.50662595, 0.5061692, 0.50577205, 0.5096088, 0.50770825, 0.5052148, 0.5083588, 0.50916517, 0.5065471, 0.5096347, 0.50442886, 0.5083944, 0.5085032, 0.50806355, 0.5052608, 0.5050598, 0.5038791, 0.508674, 0.50751746, 0.507343, 0.5011711, 0.50499874, 0.50562775, 0.5047148, 0.505405, 0.50751495, 0.50304717, 0.50102156, 0.50793713, 0.50842565, 0.50742704, 0.50394887, 0.50505936, 0.50688344, 0.50810724, 0.5066888, 0.5041302, 0.5044714, 0.5046055, 0.5043586, 0.50492585, 0.5060172, 0.50275964, 0.5023064, 0.5035437, 0.5042226, 0.50407666, 0.5042241, 0.5073246, 0.5077059, 0.50916433, 0.508527, 0.5078015, 0.50760067, 0.5079516, 0.5047485, 0.509614, 0.50992316, 0.50908273, 0.50513023, 0.510099, 0.5047096, 0.5094275, 0.5094332, 0.5046828, 0.5061882, 0.50571865, 0.5072549, 0.5050748, 0.5013873, 0.5045255, 0.50836146, 0.50670284, 0.50106215, 0.5030836, 0.5083647, 0.501288, 0.5084603, 0.50552714, 0.5088468, 0.50619954, 0.5013967, 0.5022552, 0.5094574, 0.5052815, 0.51010936, 0.50883734, 0.5078894, 0.5040385, 0.50633264, 0.50670695, 0.5041057, 0.5079142, 0.5078012, 0.504698, 0.50360966, 0.50668705, 0.50436753, 0.5089642, 0.5088931, 0.50109726, 0.50242245, 0.5064082, 0.5066115, 0.5099179, 0.50622, 0.50497365, 0.5039054, 0.50145173, 0.503818, 0.50569475, 0.50812495, 0.5043639, 0.50104463, 0.5084065, 0.5059899, 0.5079913, 0.5016326, 0.5095688, 0.510044, 0.50921166, 0.50533795, 0.5052304, 0.5067994, 0.50651747, 0.505901, 0.50590354, 0.5027598, 0.50762033, 0.50803006, 0.507361, 0.5073571, 0.50516814, 0.5046073, 0.5084453, 0.5083047, 0.5087324, 0.50717497, 0.50793576, 0.50962484, 0.5084541, 0.5057512, 0.50571066, 0.5061023, 0.5060433, 0.50828046, 0.50604427, 0.5017983, 0.5009566, 0.50646687, 0.5080045, 0.5067168, 0.5078695, 0.5081408, 0.50829893, 0.5070485, 0.5067656, 0.5015156, 0.5095319, 0.5098771, 0.5099047, 0.50244534, 0.5073819, 0.50236845, 0.5031312, 0.50837797, 0.50541013, 0.50504184, 0.50298756, 0.5090541, 0.5090764, 0.50743455, 0.504161, 0.5077882, 0.50797087, 0.50794137, 0.5097047, 0.5044398, 0.5040033, 0.5042748, 0.5077126, 0.5072465, 0.50706875, 0.5058594, 0.5042992, 0.5054255, 0.5057267, 0.5060444, 0.505875, 0.50620466, 0.50548816, 0.50490546, 0.5013921, 0.507486, 0.50676554, 0.5021331, 0.50249934, 0.50739706, 0.5034862, 0.5059961, 0.5079458, 0.5077701, 0.50679135, 0.50616074, 0.5054438, 0.503504, 0.50480294, 0.5012306, 0.5051665, 0.506343, 0.5063713, 0.50209576, 0.5093457, 0.50833607, 0.5077327, 0.5039296, 0.502082, 0.5074561, 0.5073268, 0.5088119, 0.50601095, 0.5059762, 0.50564146, 0.5011061, 0.50737554, 0.5025191, 0.5091675, 0.50741065, 0.5080107, 0.5055385, 0.5051266, 0.50484556, 0.5033582, 0.5050478, 0.5070755, 0.5088885, 0.50556374, 0.50756407, 0.50872093, 0.5089333, 0.50926477, 0.5071362, 0.50910515, 0.5086476, 0.5082705, 0.502996, 0.5062759, 0.50839883, 0.5024886]
[0.5122637, 0.51351285, 0.5137053, 0.510934, 0.5118691, 0.5097757, 0.50906026, 0.512447, 0.5016889, 0.5001445, 0.5010479, 0.51026314, 0.512223, 0.5085258, 0.5027074, 0.5115374, 0.51060295, 0.5136346, 0.5122574, 0.5073176, 0.5078839, 0.51062435, 0.51360977, 0.5107211, 0.51429564, 0.5110079, 0.50916785, 0.50572824, 0.5048925, 0.50512636, 0.51317114, 0.50174266, 0.50705236, 0.5014038, 0.5024306, 0.5043855, 0.5139462, 0.50503635, 0.5043192, 0.51026136, 0.5084788, 0.50842124, 0.50893986, 0.5077912, 0.5131721, 0.5112201, 0.50232756, 0.50904214, 0.50859946, 0.5081335, 0.51407534, 0.51082045, 0.50762904, 0.51235765, 0.5133495, 0.5094887, 0.5141117, 0.50684536, 0.5124257, 0.5126886, 0.5121198, 0.5077201, 0.5077982, 0.5049779, 0.5127358, 0.5108338, 0.5102705, 0.5028742, 0.5070436, 0.50788623, 0.50712657, 0.50783396, 0.5113503, 0.50180244, 0.5013862, 0.51118135, 0.5125535, 0.51113415, 0.5051273, 0.5074764, 0.510318, 0.51207703, 0.5095513, 0.5065256, 0.5066447, 0.5056693, 0.5050056, 0.50736994, 0.5052213, 0.50314754, 0.50285137, 0.5033224, 0.5041326, 0.5039105, 0.50618064, 0.5099734, 0.5108948, 0.5134326, 0.5123816, 0.51150894, 0.51134354, 0.51187426, 0.5070529, 0.51443315, 0.5147136, 0.51361287, 0.50736356, 0.5150753, 0.50717086, 0.51400095, 0.51410645, 0.5067672, 0.509006, 0.507818, 0.51080203, 0.5070334, 0.5017468, 0.504499, 0.512246, 0.50982285, 0.50183165, 0.5032757, 0.51243037, 0.5022272, 0.51281434, 0.50779945, 0.5128158, 0.509532, 0.5009006, 0.5025032, 0.5141184, 0.507698, 0.51495016, 0.51249534, 0.51140636, 0.50518453, 0.5091781, 0.50977916, 0.50484, 0.5116525, 0.51177007, 0.50693953, 0.5035929, 0.50983334, 0.5054421, 0.5132318, 0.5131667, 0.5013583, 0.50197196, 0.5091677, 0.5094773, 0.5085788, 0.50515753, 0.5040862, 0.50403965, 0.50173056, 0.50325567, 0.5079514, 0.51113796, 0.5022073, 0.50090134, 0.51223034, 0.5084643, 0.51060283, 0.50206685, 0.51422584, 0.5145281, 0.51387143, 0.5071507, 0.507054, 0.50998163, 0.50885576, 0.50829864, 0.5085872, 0.50356907, 0.51112473, 0.5115604, 0.5104817, 0.5105358, 0.5071792, 0.50450504, 0.5118663, 0.5124499, 0.51259834, 0.51022494, 0.5112638, 0.51423395, 0.5120098, 0.50894606, 0.508882, 0.5095176, 0.508538, 0.51130986, 0.50942415, 0.5010681, 0.501572, 0.5092813, 0.51146686, 0.5097726, 0.51135236, 0.511573, 0.51179665, 0.5100234, 0.50987613, 0.50224346, 0.51461095, 0.5146846, 0.5146487, 0.5036217, 0.50715196, 0.5019915, 0.5031039, 0.51236343, 0.50794566, 0.506521, 0.50223535, 0.51413375, 0.5134914, 0.51100314, 0.5062482, 0.5115163, 0.51201373, 0.5110568, 0.51503676, 0.50729424, 0.5062624, 0.5066926, 0.511711, 0.51081043, 0.51068544, 0.508389, 0.505583, 0.50731045, 0.5085376, 0.5088507, 0.50811774, 0.5083109, 0.5076615, 0.5062172, 0.5012261, 0.5113253, 0.5106191, 0.50030094, 0.50155145, 0.51000637, 0.5042169, 0.5086301, 0.51185584, 0.51156545, 0.5101056, 0.50906914, 0.50784713, 0.5039509, 0.50409055, 0.50155395, 0.50739735, 0.50873905, 0.5090192, 0.50182426, 0.5141051, 0.5122784, 0.51157, 0.5027749, 0.50093937, 0.5110481, 0.5106415, 0.5129117, 0.5089872, 0.5086631, 0.5086455, 0.5019014, 0.50648415, 0.501214, 0.5130964, 0.5114435, 0.51164734, 0.5086585, 0.506518, 0.50638354, 0.50321555, 0.5078476, 0.5099303, 0.5125929, 0.50754756, 0.5110612, 0.51289004, 0.5133188, 0.51395756, 0.5098769, 0.5136578, 0.5132154, 0.51269376, 0.50118685, 0.5091114, 0.51202786, 0.5014078]
[0.51323277, 0.51372707, 0.514078, 0.51162654, 0.5122982, 0.51027083, 0.50941557, 0.51291525, 0.504264, 0.50338835, 0.5037489, 0.51077634, 0.5126435, 0.50934035, 0.50532126, 0.51224196, 0.51111364, 0.5140081, 0.5128511, 0.5080342, 0.5086427, 0.51113343, 0.51355684, 0.5110831, 0.51459867, 0.5117009, 0.5104264, 0.50736207, 0.5023186, 0.5022351, 0.51372313, 0.5052415, 0.50835073, 0.5025113, 0.5041642, 0.5055816, 0.513992, 0.50228506, 0.5014482, 0.51129085, 0.5103556, 0.50993043, 0.5096331, 0.5081676, 0.5133725, 0.5121358, 0.50568485, 0.5103069, 0.50926954, 0.5095659, 0.514246, 0.5114088, 0.5086229, 0.5126321, 0.5136539, 0.5100504, 0.51426685, 0.5079077, 0.51290166, 0.51302606, 0.5124993, 0.5084383, 0.5087994, 0.50593495, 0.51294273, 0.5112491, 0.51117665, 0.50181717, 0.5070208, 0.50861585, 0.50795305, 0.5086466, 0.51203936, 0.5046017, 0.5020123, 0.51203823, 0.5131594, 0.51196843, 0.5067358, 0.5080408, 0.51106447, 0.5123928, 0.51034737, 0.50744975, 0.5078207, 0.507459, 0.50738966, 0.508877, 0.5027667, 0.5018679, 0.5012445, 0.5016326, 0.50205666, 0.5021233, 0.50810426, 0.51080287, 0.51171416, 0.51357466, 0.5129553, 0.5119713, 0.51182127, 0.51217973, 0.5071841, 0.51451796, 0.5148229, 0.51387066, 0.5085685, 0.5153237, 0.5083758, 0.5143128, 0.5143525, 0.50733966, 0.50980717, 0.50896114, 0.5114312, 0.5081995, 0.5020443, 0.5024077, 0.5129419, 0.51053774, 0.5019062, 0.50150484, 0.5128973, 0.50268185, 0.51325125, 0.50858915, 0.5133243, 0.5103316, 0.502213, 0.50147843, 0.5143061, 0.5086689, 0.5147865, 0.5127489, 0.51230216, 0.5076127, 0.5097957, 0.5108042, 0.5069959, 0.5124311, 0.51189953, 0.5076453, 0.50594014, 0.5106188, 0.5059613, 0.51361305, 0.5136349, 0.5020267, 0.50124943, 0.5101327, 0.510733, 0.5054038, 0.50264764, 0.50172573, 0.5017201, 0.50230926, 0.50639796, 0.5088537, 0.5122105, 0.5013194, 0.5032778, 0.5125837, 0.5091203, 0.5112371, 0.50227684, 0.51431483, 0.51464874, 0.5139718, 0.50897, 0.50784934, 0.51014876, 0.50975466, 0.5091989, 0.5094742, 0.50128126, 0.5121088, 0.5122528, 0.5107822, 0.5108176, 0.5085896, 0.5024828, 0.5123804, 0.51317626, 0.5131993, 0.5109904, 0.51237905, 0.51470184, 0.5124131, 0.50924295, 0.5094345, 0.5097796, 0.50907356, 0.511814, 0.51007265, 0.5034839, 0.50270414, 0.5098945, 0.5119533, 0.51035917, 0.51219225, 0.5119515, 0.51219434, 0.51079303, 0.5105756, 0.5022601, 0.515014, 0.51488435, 0.51481956, 0.5012063, 0.50409526, 0.50430065, 0.5057827, 0.5127335, 0.5095023, 0.50766146, 0.5043463, 0.51399434, 0.5137138, 0.5116398, 0.5067234, 0.51179594, 0.51264954, 0.512089, 0.51511896, 0.50880986, 0.5075193, 0.50795794, 0.5122984, 0.51160055, 0.5115583, 0.5092949, 0.5065792, 0.508263, 0.5094407, 0.5099433, 0.5095074, 0.5096266, 0.5086278, 0.50730073, 0.5026926, 0.51175463, 0.5114912, 0.50381136, 0.50408787, 0.5107517, 0.5061388, 0.50973874, 0.5124706, 0.51201427, 0.5111282, 0.5100744, 0.50924957, 0.5064646, 0.5017751, 0.5030471, 0.5083267, 0.50956905, 0.5096042, 0.5044784, 0.5141381, 0.5128669, 0.5121822, 0.5016665, 0.5021822, 0.5115635, 0.5111672, 0.5131967, 0.50963485, 0.5096892, 0.50949544, 0.50249994, 0.5039222, 0.50392896, 0.51337963, 0.5122126, 0.5123355, 0.50973713, 0.5078098, 0.50758755, 0.5013677, 0.50924224, 0.5113774, 0.51363367, 0.5084464, 0.51136285, 0.51311505, 0.51350605, 0.51418024, 0.51064783, 0.5136567, 0.5132011, 0.51270735, 0.5037746, 0.50990975, 0.5124886, 0.5038213]
[0.51294595, 0.514126, 0.5144491, 0.51209325, 0.51262945, 0.5100822, 0.5097236, 0.5131203, 0.50195754, 0.50332326, 0.5039618, 0.5098858, 0.5132743, 0.5087351, 0.50345004, 0.5124426, 0.51106524, 0.51394475, 0.5137974, 0.50778353, 0.5087714, 0.5120428, 0.5141454, 0.51160437, 0.5147739, 0.51180226, 0.5100616, 0.50690585, 0.5007757, 0.50144297, 0.5139683, 0.50478053, 0.50805, 0.50043076, 0.5047471, 0.5045168, 0.5145005, 0.5006524, 0.50001836, 0.51065135, 0.50921136, 0.50959253, 0.50892335, 0.50806195, 0.5137243, 0.51270396, 0.5060914, 0.51013565, 0.50895536, 0.50849164, 0.5147063, 0.5119245, 0.5082044, 0.51293933, 0.51396877, 0.5106957, 0.515175, 0.5064494, 0.5129341, 0.5132541, 0.5122553, 0.5074812, 0.5079096, 0.5059797, 0.5127569, 0.51137614, 0.51121616, 0.49949142, 0.5065957, 0.50856024, 0.50781995, 0.5080428, 0.5116386, 0.5040951, 0.49991417, 0.51236635, 0.5134811, 0.51186615, 0.5051039, 0.50775886, 0.5112892, 0.51212865, 0.510759, 0.5067555, 0.507389, 0.5072011, 0.50736403, 0.5079457, 0.5014091, 0.49979278, 0.4996803, 0.50048834, 0.50068456, 0.5005175, 0.50734115, 0.5103195, 0.5115832, 0.5139472, 0.51305896, 0.51182455, 0.5120319, 0.51225, 0.50666505, 0.51518714, 0.51546353, 0.5143222, 0.5080205, 0.51546305, 0.5077639, 0.51439226, 0.5144601, 0.5074859, 0.50916904, 0.50773907, 0.5116881, 0.508045, 0.4995949, 0.5012709, 0.5128266, 0.5103236, 0.49959388, 0.5001727, 0.5132315, 0.5003613, 0.5135979, 0.5084502, 0.5130634, 0.5100426, 0.4996103, 0.5001098, 0.514623, 0.50846213, 0.515468, 0.51356983, 0.51267064, 0.50748295, 0.5091649, 0.5094592, 0.5063247, 0.5121635, 0.51246, 0.50674874, 0.5054271, 0.510215, 0.5059442, 0.51377916, 0.513759, 0.4996371, 0.49957395, 0.50940615, 0.5101915, 0.50359005, 0.5013473, 0.5008673, 0.5006163, 0.50097257, 0.5066313, 0.508616, 0.5128724, 0.5009186, 0.49992454, 0.5133492, 0.50954735, 0.5121473, 0.5004195, 0.5145385, 0.51477504, 0.5141491, 0.5085009, 0.5080284, 0.51002866, 0.5098904, 0.50907576, 0.50936735, 0.4998968, 0.5113414, 0.5128117, 0.51161116, 0.51162356, 0.50765437, 0.5007734, 0.51332146, 0.513144, 0.5133994, 0.5109699, 0.512572, 0.5148667, 0.513002, 0.5086189, 0.5085649, 0.5082989, 0.5089391, 0.5122727, 0.5096158, 0.50219667, 0.5002889, 0.50955164, 0.5123897, 0.50978017, 0.51197785, 0.5122772, 0.5124204, 0.51047015, 0.5094256, 0.49999487, 0.5151088, 0.51528174, 0.5151693, 0.49969697, 0.5024097, 0.5024112, 0.5048435, 0.512755, 0.50914466, 0.5071039, 0.50466585, 0.5145818, 0.5141541, 0.5116976, 0.5067175, 0.5119943, 0.512351, 0.5119849, 0.51563865, 0.5074447, 0.50674903, 0.5072684, 0.5125707, 0.5110371, 0.51054466, 0.5087584, 0.5061617, 0.50830156, 0.50815904, 0.508922, 0.50854, 0.50918925, 0.5082082, 0.5076309, 0.50125074, 0.5116154, 0.51093763, 0.50182474, 0.5035693, 0.511104, 0.5058172, 0.50900865, 0.51283944, 0.5126545, 0.5108511, 0.5097405, 0.50860554, 0.5065291, 0.50081086, 0.5033606, 0.50851774, 0.5098936, 0.5101071, 0.50218934, 0.5144669, 0.5131766, 0.51241165, 0.500551, 0.4994947, 0.5113222, 0.5112184, 0.513767, 0.50952166, 0.5092381, 0.5089204, 0.5001921, 0.5023084, 0.50296324, 0.51401347, 0.5115721, 0.5121615, 0.50844586, 0.50788116, 0.5074226, 0.50003695, 0.5093467, 0.5112936, 0.51394176, 0.5082281, 0.5119566, 0.51339227, 0.5138855, 0.5144955, 0.5111937, 0.513733, 0.5138715, 0.51333445, 0.5042348, 0.50972795, 0.512663, 0.5022526]
[0.5131281, 0.51407826, 0.5139442, 0.51162225, 0.5126683, 0.51014763, 0.5083751, 0.5127401, 0.50191945, 0.5012526, 0.5015483, 0.51113987, 0.5124675, 0.50871295, 0.5017665, 0.5119813, 0.51101834, 0.5143647, 0.51194197, 0.50742996, 0.50729424, 0.51093596, 0.5138275, 0.5108304, 0.51505905, 0.5117679, 0.5098712, 0.5051223, 0.5034495, 0.50405747, 0.5138657, 0.50170946, 0.5069645, 0.5007559, 0.5013743, 0.50308454, 0.5143179, 0.50324935, 0.5027184, 0.51133144, 0.5100108, 0.5097988, 0.5099737, 0.5075355, 0.51367563, 0.51144, 0.500558, 0.5096407, 0.5091151, 0.50842565, 0.5148679, 0.5111978, 0.5080582, 0.51268166, 0.5141454, 0.509485, 0.51469374, 0.5068179, 0.512752, 0.51297575, 0.512344, 0.5070026, 0.50887716, 0.5042503, 0.5134238, 0.5113994, 0.51101685, 0.50142646, 0.50652236, 0.5073068, 0.5067358, 0.5077769, 0.51237476, 0.50171226, 0.5007361, 0.51183414, 0.5131097, 0.5118459, 0.50578004, 0.5068818, 0.51129335, 0.5127818, 0.5095087, 0.5051102, 0.50597364, 0.5045394, 0.50304097, 0.5077686, 0.50369126, 0.5017556, 0.5018557, 0.5024494, 0.5029462, 0.5026751, 0.5066308, 0.51012015, 0.5114616, 0.5139227, 0.51263773, 0.51223946, 0.51201403, 0.5125804, 0.50465006, 0.51494014, 0.5152298, 0.514333, 0.50746644, 0.5156015, 0.5064283, 0.5150337, 0.514711, 0.506563, 0.5095112, 0.508156, 0.5108629, 0.5049326, 0.5012799, 0.50330323, 0.5125401, 0.5102731, 0.50147843, 0.5021183, 0.51297, 0.5010366, 0.51321256, 0.5071112, 0.5136879, 0.5100784, 0.50099796, 0.5019741, 0.51491493, 0.5077763, 0.5158406, 0.5129141, 0.51147395, 0.5053303, 0.5093028, 0.510291, 0.50345623, 0.5125152, 0.51233613, 0.5062365, 0.5044573, 0.51041675, 0.50525385, 0.5141494, 0.5133721, 0.5012636, 0.50215924, 0.50950295, 0.51003975, 0.5062159, 0.50329804, 0.50264096, 0.5019336, 0.50101024, 0.50286806, 0.5072439, 0.5114085, 0.5008991, 0.5003976, 0.5127503, 0.5073681, 0.5102082, 0.50158995, 0.51469666, 0.51523906, 0.51464313, 0.50767803, 0.5066969, 0.5107264, 0.5087638, 0.508878, 0.5087964, 0.50198996, 0.5122035, 0.5116167, 0.5098523, 0.5100032, 0.5076309, 0.5034483, 0.5119217, 0.51292324, 0.51334316, 0.5106924, 0.5119096, 0.51481104, 0.51277566, 0.5092573, 0.50917596, 0.5096429, 0.5084446, 0.511465, 0.5096639, 0.50138336, 0.5009986, 0.5093826, 0.5118942, 0.5103259, 0.51205075, 0.5116963, 0.51178163, 0.5106768, 0.5103344, 0.5011509, 0.5152419, 0.51535046, 0.51522326, 0.5026545, 0.50517654, 0.5016859, 0.5018214, 0.5131211, 0.5085555, 0.5058728, 0.50151634, 0.5145222, 0.513971, 0.5112573, 0.50617176, 0.51178914, 0.5126532, 0.51159596, 0.51570106, 0.50777346, 0.5071474, 0.50713164, 0.51213896, 0.51139396, 0.5114543, 0.5091254, 0.50527114, 0.50642025, 0.509055, 0.50952643, 0.50831264, 0.5085468, 0.5066048, 0.5046903, 0.50116676, 0.5120445, 0.51113814, 0.50080144, 0.50129646, 0.51005054, 0.5034495, 0.5088463, 0.5120154, 0.5118766, 0.510674, 0.50975573, 0.5084086, 0.5031709, 0.50282645, 0.50088656, 0.5069553, 0.5089034, 0.509171, 0.5013907, 0.5152425, 0.5131273, 0.5124617, 0.5025703, 0.5009793, 0.51126593, 0.51107895, 0.51288986, 0.50934607, 0.5093518, 0.5089445, 0.50133413, 0.5046872, 0.5013461, 0.51317275, 0.5123488, 0.51210797, 0.50944805, 0.5063986, 0.50537145, 0.50239766, 0.50795096, 0.51020813, 0.5132418, 0.5069893, 0.51143456, 0.5135366, 0.5138105, 0.5147036, 0.5100658, 0.51404446, 0.51339364, 0.5128462, 0.50152, 0.5089936, 0.5125021, 0.50143254]
[0.5136512, 0.51458156, 0.5154472, 0.5119979, 0.51276886, 0.5109714, 0.51035243, 0.51380026, 0.5037909, 0.50178456, 0.50229436, 0.5117849, 0.5137194, 0.50941247, 0.50424737, 0.51297456, 0.51118886, 0.5144951, 0.514204, 0.5086923, 0.5091441, 0.51241136, 0.5145865, 0.5117315, 0.5157255, 0.5122234, 0.51021844, 0.50828755, 0.5006177, 0.5011156, 0.5143178, 0.5035963, 0.5081646, 0.50152755, 0.50371534, 0.5062666, 0.5149669, 0.5008768, 0.5003516, 0.5116474, 0.5094523, 0.508977, 0.50919324, 0.50812656, 0.51442164, 0.51340795, 0.5066938, 0.51091975, 0.5098628, 0.5093708, 0.51541203, 0.51257956, 0.5084367, 0.5133226, 0.5143062, 0.5112118, 0.515767, 0.50782394, 0.5130499, 0.5134857, 0.51256096, 0.50861186, 0.5083091, 0.5065916, 0.5137846, 0.51153517, 0.51153445, 0.5007399, 0.5074491, 0.5090251, 0.507837, 0.50833577, 0.51191604, 0.5049003, 0.5004086, 0.5124193, 0.5135895, 0.5120995, 0.50556386, 0.5072699, 0.5110258, 0.51298213, 0.51082855, 0.50687426, 0.5077029, 0.50815696, 0.5082703, 0.50871956, 0.50112695, 0.5004975, 0.5000099, 0.5005733, 0.501152, 0.5011878, 0.5066164, 0.5117603, 0.51232797, 0.51435006, 0.514069, 0.5124305, 0.51223403, 0.51256204, 0.50758773, 0.51578563, 0.5160233, 0.5150287, 0.5086231, 0.5161004, 0.5083277, 0.51495224, 0.5153584, 0.5080542, 0.5102127, 0.5093359, 0.51193, 0.5085808, 0.5001565, 0.5008863, 0.51334107, 0.5114467, 0.501351, 0.49998784, 0.51375645, 0.50228584, 0.5139959, 0.50895494, 0.5141061, 0.51001394, 0.5007488, 0.5001792, 0.51517856, 0.5089118, 0.5158115, 0.51346517, 0.51304233, 0.5073588, 0.5102139, 0.5104802, 0.5071039, 0.51300305, 0.51230043, 0.5079965, 0.5061632, 0.51067024, 0.50596243, 0.513904, 0.5145794, 0.5014554, 0.50078046, 0.50996953, 0.5109312, 0.5033032, 0.5010173, 0.5005349, 0.49999607, 0.5014617, 0.5063344, 0.5088556, 0.5134283, 0.5001729, 0.5023906, 0.5134409, 0.51008695, 0.51253587, 0.50115156, 0.5150396, 0.5157663, 0.515087, 0.50931185, 0.50881875, 0.5108742, 0.51008517, 0.50956917, 0.50970125, 0.50015646, 0.51258147, 0.5135202, 0.5121762, 0.5121938, 0.50807565, 0.500917, 0.5134077, 0.51358503, 0.5137756, 0.5115508, 0.5131775, 0.5155314, 0.5133728, 0.50939846, 0.5092925, 0.50972337, 0.50945216, 0.51285934, 0.5100246, 0.50240767, 0.5012497, 0.51043904, 0.512849, 0.51082236, 0.5124186, 0.51305264, 0.5131498, 0.51076263, 0.5110976, 0.50125265, 0.515707, 0.51589084, 0.5158452, 0.5001752, 0.5024202, 0.5046222, 0.50571734, 0.5132151, 0.50926965, 0.50797457, 0.504544, 0.5149888, 0.51487505, 0.51199543, 0.5071028, 0.51212895, 0.513129, 0.5128755, 0.51618177, 0.5086788, 0.5074222, 0.5076822, 0.5122439, 0.51201653, 0.51173943, 0.5095671, 0.5071105, 0.50841665, 0.5093896, 0.50978863, 0.50985473, 0.5099603, 0.5088661, 0.5078918, 0.50187135, 0.5117416, 0.51155907, 0.50297713, 0.50351214, 0.511439, 0.5056824, 0.50985855, 0.5128112, 0.5124691, 0.5109836, 0.51004905, 0.50870967, 0.50630546, 0.50071675, 0.50205153, 0.5082268, 0.509566, 0.50977105, 0.50308734, 0.515156, 0.51319796, 0.51235884, 0.5006501, 0.49982232, 0.5121808, 0.51141196, 0.514284, 0.50944465, 0.509119, 0.5094204, 0.50128525, 0.5024311, 0.5035184, 0.5145236, 0.51278746, 0.5127841, 0.50940454, 0.50827056, 0.5083175, 0.50031173, 0.5088084, 0.5118926, 0.5143313, 0.5082707, 0.5118329, 0.5138818, 0.5140931, 0.5149172, 0.51102656, 0.51444733, 0.5140339, 0.513516, 0.5045396, 0.51084936, 0.5135744, 0.5031955]
[0.51809573, 0.5188894, 0.5207631, 0.51691014, 0.51730436, 0.514853, 0.51321924, 0.51882046, 0.5072784, 0.506593, 0.50729203, 0.5151575, 0.51814705, 0.5131064, 0.50792986, 0.5177548, 0.51540715, 0.5198897, 0.5191918, 0.5110226, 0.5119964, 0.5170149, 0.51980054, 0.51572037, 0.5209908, 0.5163448, 0.5137438, 0.51040345, 0.49992907, 0.5003253, 0.51966447, 0.5069894, 0.5106699, 0.5022841, 0.50755847, 0.50899035, 0.5203185, 0.5001377, 0.4996149, 0.5155874, 0.51307786, 0.5133075, 0.51275945, 0.512353, 0.51927793, 0.5181575, 0.50928056, 0.5142129, 0.5126795, 0.5127861, 0.52041596, 0.516923, 0.51200277, 0.51791096, 0.52026343, 0.5137788, 0.52115285, 0.5107563, 0.5184135, 0.518574, 0.5173267, 0.51124865, 0.5114728, 0.5084809, 0.5184299, 0.5161828, 0.5152398, 0.50070393, 0.51054996, 0.5120014, 0.5112338, 0.51219225, 0.51657575, 0.50723034, 0.50165194, 0.516956, 0.5186103, 0.5163698, 0.50985444, 0.511994, 0.5153654, 0.5172558, 0.5144641, 0.5107265, 0.5110591, 0.5110192, 0.510086, 0.51092637, 0.5006865, 0.5004111, 0.50013226, 0.4993702, 0.49993753, 0.4997724, 0.5102036, 0.5153009, 0.5161077, 0.51961905, 0.51865155, 0.51669383, 0.51676345, 0.5172151, 0.5107358, 0.52178204, 0.5218607, 0.5201048, 0.51147455, 0.5220416, 0.5109832, 0.52056265, 0.52064764, 0.5102376, 0.5134575, 0.51237875, 0.5156397, 0.51150775, 0.5019745, 0.49998152, 0.51835394, 0.51447254, 0.50262237, 0.49935508, 0.5180935, 0.5037833, 0.5187373, 0.51174444, 0.51878935, 0.5138669, 0.5027161, 0.5012381, 0.52096653, 0.5115456, 0.5219369, 0.5189747, 0.51735336, 0.5098703, 0.51330036, 0.5144918, 0.5098024, 0.5176078, 0.5171597, 0.51067424, 0.5088887, 0.5144235, 0.50945306, 0.51965976, 0.519796, 0.50304466, 0.5005681, 0.5133156, 0.5140101, 0.5032587, 0.50050265, 0.49950767, 0.49930757, 0.50352186, 0.5098048, 0.51261646, 0.51724756, 0.49974382, 0.502433, 0.51805174, 0.5130105, 0.5168812, 0.50220466, 0.5207322, 0.5214267, 0.5201757, 0.51215583, 0.5108682, 0.51474756, 0.5137421, 0.51285607, 0.512492, 0.49939385, 0.51656574, 0.51760805, 0.51548725, 0.5153421, 0.5112296, 0.50019246, 0.51811033, 0.518482, 0.51869184, 0.5154587, 0.5176934, 0.5210283, 0.5180355, 0.5128544, 0.51345664, 0.5135287, 0.5129883, 0.5177589, 0.51386154, 0.50638187, 0.5025291, 0.51383454, 0.5172125, 0.5139281, 0.5171027, 0.5171417, 0.5174413, 0.515394, 0.5139914, 0.50187445, 0.5214196, 0.52169454, 0.5216729, 0.49928778, 0.5017444, 0.50588715, 0.5078258, 0.51864934, 0.51228964, 0.51083577, 0.5074807, 0.5198213, 0.51982707, 0.5157403, 0.50971514, 0.516839, 0.5177946, 0.5169278, 0.52143645, 0.5113665, 0.5092568, 0.51004326, 0.51707536, 0.5153901, 0.51530194, 0.51284736, 0.510033, 0.5116058, 0.5124695, 0.51326454, 0.5127695, 0.5128101, 0.5116097, 0.51053256, 0.5056824, 0.5159413, 0.5151058, 0.5054247, 0.5067788, 0.51561886, 0.5092889, 0.5133593, 0.5176113, 0.5169415, 0.51494277, 0.51328325, 0.5122593, 0.50928605, 0.49977955, 0.50453377, 0.5110156, 0.51343226, 0.5132059, 0.5077699, 0.5202647, 0.51811093, 0.51698893, 0.49940252, 0.502707, 0.51581603, 0.5157459, 0.51905686, 0.51335204, 0.51316154, 0.5123336, 0.50143933, 0.5015304, 0.5061652, 0.51952225, 0.51608974, 0.5171674, 0.5126269, 0.5112694, 0.5106887, 0.49979898, 0.51208854, 0.51551884, 0.5193692, 0.51134086, 0.51644534, 0.5186492, 0.51935345, 0.51999354, 0.5149814, 0.51930964, 0.5195024, 0.51889634, 0.5082495, 0.51325554, 0.5183214, 0.5074004]
[0.5107939, 0.5121041, 0.51234734, 0.51004773, 0.5102544, 0.50891364, 0.5080134, 0.5113436, 0.5015741, 0.50259376, 0.50212276, 0.5087922, 0.51128757, 0.50774527, 0.50196713, 0.5110169, 0.5093976, 0.51248217, 0.5112131, 0.50584346, 0.50695354, 0.5096848, 0.51212424, 0.5095748, 0.51305854, 0.5093794, 0.50847465, 0.5042283, 0.5058088, 0.5064787, 0.5116483, 0.50149053, 0.5058401, 0.50326455, 0.5013947, 0.5029472, 0.51218134, 0.5072766, 0.506234, 0.5096624, 0.50876737, 0.5090098, 0.50758743, 0.5072716, 0.5119662, 0.5104562, 0.5029321, 0.5083119, 0.5072047, 0.50675285, 0.5128728, 0.51015633, 0.5070534, 0.5111889, 0.51204574, 0.5085422, 0.51280683, 0.5056591, 0.511109, 0.51147354, 0.5112597, 0.50681996, 0.5070813, 0.50320405, 0.5113581, 0.50969505, 0.50927156, 0.5053576, 0.5030541, 0.50716305, 0.5062535, 0.50770396, 0.5105348, 0.5015686, 0.50358474, 0.510212, 0.51115793, 0.51025087, 0.5040029, 0.5067273, 0.5094896, 0.51120037, 0.50868917, 0.5056052, 0.5059915, 0.5052608, 0.5044388, 0.5066465, 0.50688314, 0.5043215, 0.5050602, 0.50621206, 0.5064812, 0.5066678, 0.5051298, 0.5089688, 0.51000786, 0.5118271, 0.51105815, 0.51042944, 0.510609, 0.5107823, 0.5045529, 0.5132619, 0.51337516, 0.5121055, 0.50702065, 0.51368976, 0.50645924, 0.51260626, 0.5129823, 0.50495416, 0.5079367, 0.506999, 0.50980383, 0.5061967, 0.50405866, 0.5069428, 0.51087606, 0.5090365, 0.50337833, 0.5055034, 0.51114106, 0.5030717, 0.5115893, 0.5065177, 0.5117011, 0.5087854, 0.5021831, 0.5036116, 0.5129294, 0.50579053, 0.5130403, 0.51097965, 0.5102873, 0.50437766, 0.5080428, 0.5086896, 0.5035482, 0.51095, 0.5105898, 0.5047622, 0.5016714, 0.5088951, 0.50207955, 0.51197964, 0.5122663, 0.50346464, 0.50409174, 0.5077474, 0.5083579, 0.5109723, 0.5067869, 0.5054745, 0.50573426, 0.50310326, 0.50177854, 0.5071859, 0.5103552, 0.5046996, 0.50311726, 0.51086795, 0.50724465, 0.5095237, 0.50246364, 0.51252764, 0.513103, 0.51235026, 0.50667006, 0.50564235, 0.5092047, 0.5076944, 0.5079622, 0.50772136, 0.5057091, 0.5106961, 0.5106798, 0.5093652, 0.5095457, 0.50598264, 0.50729626, 0.511004, 0.51166606, 0.5117395, 0.5091011, 0.5106326, 0.5125839, 0.5107936, 0.5084773, 0.5084878, 0.5084285, 0.50792223, 0.5106704, 0.5090488, 0.5012063, 0.5029516, 0.5082276, 0.51048505, 0.50884336, 0.5104863, 0.51036215, 0.51041627, 0.50964034, 0.5090791, 0.5029138, 0.5134326, 0.51354766, 0.5132122, 0.50522757, 0.5094272, 0.5016957, 0.50297487, 0.51154923, 0.5072958, 0.5058699, 0.5023701, 0.51260674, 0.51198995, 0.5100221, 0.50411516, 0.510212, 0.51114506, 0.51035297, 0.5135409, 0.5066593, 0.5049913, 0.5060722, 0.5109891, 0.5096747, 0.5096453, 0.5076163, 0.50288975, 0.50631917, 0.5080277, 0.50847816, 0.50744396, 0.50718707, 0.5066482, 0.5047035, 0.5034698, 0.51014704, 0.50977176, 0.50197023, 0.501431, 0.50923324, 0.5027264, 0.50798243, 0.5109727, 0.51056087, 0.50953496, 0.5084847, 0.5074112, 0.50373125, 0.50590503, 0.5024051, 0.50602984, 0.50779754, 0.50795615, 0.50295055, 0.5126988, 0.51116896, 0.510507, 0.50588554, 0.5033599, 0.51019806, 0.5097965, 0.51173335, 0.5083316, 0.50793123, 0.5078579, 0.504415, 0.5087807, 0.50088525, 0.5117841, 0.5102789, 0.5106587, 0.50823027, 0.50594443, 0.5055087, 0.5051673, 0.5076648, 0.50923336, 0.5119971, 0.50559634, 0.5099892, 0.5111871, 0.5120441, 0.5123054, 0.5092141, 0.51176494, 0.5117673, 0.5112767, 0.5015039, 0.50822544, 0.5113494, 0.5010211]
[0.5122593, 0.5126194, 0.5141664, 0.51118386, 0.5117904, 0.50987715, 0.5091534, 0.5129282, 0.503071, 0.50098634, 0.50175816, 0.5107866, 0.51223236, 0.509057, 0.50440997, 0.5119349, 0.5105292, 0.51384133, 0.5120086, 0.50771135, 0.50812984, 0.5111519, 0.5138025, 0.51020634, 0.5145736, 0.51072264, 0.5091368, 0.5064054, 0.5036881, 0.50422144, 0.5133808, 0.50352204, 0.5066514, 0.5009327, 0.50389236, 0.50626034, 0.5142318, 0.5035569, 0.50258684, 0.5111598, 0.50892717, 0.5085583, 0.5087595, 0.5083209, 0.5132972, 0.5117168, 0.5056697, 0.50937635, 0.5085666, 0.5083486, 0.514562, 0.51185894, 0.50818586, 0.51223683, 0.5137061, 0.5094066, 0.514718, 0.50708205, 0.5120605, 0.51258785, 0.51220524, 0.5079053, 0.50771475, 0.50478536, 0.5130695, 0.5109579, 0.5105416, 0.50101835, 0.5065674, 0.5081286, 0.5074322, 0.5083898, 0.51141745, 0.5036971, 0.5004828, 0.5108746, 0.51239693, 0.5111219, 0.50635415, 0.50753886, 0.5102766, 0.51221573, 0.50925136, 0.50709665, 0.5071798, 0.50688, 0.5060637, 0.5072597, 0.50462896, 0.50150216, 0.5021966, 0.50302535, 0.50352883, 0.50283635, 0.50649136, 0.5101918, 0.51087797, 0.5136608, 0.51242703, 0.51181555, 0.51145154, 0.5118883, 0.50689614, 0.5143545, 0.5148017, 0.5137683, 0.507496, 0.5150974, 0.5069667, 0.51419574, 0.5143358, 0.50688916, 0.509332, 0.5088116, 0.5105061, 0.5075088, 0.5010895, 0.5029261, 0.5123895, 0.51004815, 0.50130606, 0.5016226, 0.51229876, 0.5007057, 0.51277125, 0.5076603, 0.51321936, 0.50926775, 0.50070757, 0.50063986, 0.51454914, 0.50775784, 0.515127, 0.51278436, 0.51140904, 0.50570285, 0.5097788, 0.510326, 0.50560826, 0.5121499, 0.51172686, 0.5073036, 0.5042602, 0.5097869, 0.50624, 0.5136789, 0.5135924, 0.5030823, 0.50060797, 0.5090416, 0.5099176, 0.5079868, 0.50389594, 0.50272024, 0.5025226, 0.50062466, 0.50467944, 0.50801927, 0.51147485, 0.50157845, 0.50105464, 0.5122604, 0.5079272, 0.5110146, 0.50038004, 0.51448286, 0.51513743, 0.5137754, 0.50808656, 0.5068204, 0.51057756, 0.50899756, 0.50824255, 0.5088166, 0.5021636, 0.51183885, 0.5115848, 0.51023686, 0.5104977, 0.5073945, 0.50322145, 0.51205814, 0.5123168, 0.5128815, 0.5101976, 0.5117442, 0.5145729, 0.5120132, 0.509294, 0.50932705, 0.5094386, 0.50915056, 0.51154625, 0.50956714, 0.502798, 0.5007953, 0.5098781, 0.5116352, 0.5102932, 0.5117955, 0.5119924, 0.5120919, 0.5106457, 0.51016504, 0.5006902, 0.5148794, 0.51505435, 0.51502275, 0.5032118, 0.506094, 0.5041985, 0.50382566, 0.51295495, 0.50825423, 0.507243, 0.50450915, 0.5136855, 0.51354903, 0.51074237, 0.50612605, 0.5115846, 0.5123181, 0.5116553, 0.5148708, 0.5079404, 0.50680363, 0.50728995, 0.51150876, 0.51053524, 0.5104756, 0.50872993, 0.50593156, 0.5075168, 0.50885373, 0.5092624, 0.5087389, 0.50860614, 0.5077166, 0.50625694, 0.50139934, 0.5108779, 0.5102505, 0.5016911, 0.5032309, 0.51022846, 0.50461006, 0.50893015, 0.5118373, 0.5114731, 0.5103215, 0.5094386, 0.5083443, 0.5045267, 0.50308865, 0.5009027, 0.5067936, 0.5086899, 0.5087956, 0.50360596, 0.5142022, 0.51221627, 0.51138496, 0.5022133, 0.5012175, 0.51101935, 0.51074016, 0.51286626, 0.50912917, 0.50904053, 0.50858235, 0.50202084, 0.5058468, 0.5023636, 0.5133804, 0.511077, 0.51189893, 0.50870144, 0.5073686, 0.50656116, 0.50330836, 0.50739384, 0.5096397, 0.5129806, 0.5074107, 0.51098424, 0.51264644, 0.51346654, 0.51404107, 0.50969094, 0.513584, 0.5129085, 0.5126737, 0.5040625, 0.50939316, 0.5125413, 0.5027222]
[0.5136526, 0.5148516, 0.51519185, 0.51257277, 0.5131246, 0.51108307, 0.5099509, 0.5140049, 0.50402653, 0.50496185, 0.5053734, 0.51110166, 0.51365244, 0.5097883, 0.50501627, 0.5131028, 0.5118811, 0.5150132, 0.51405567, 0.5080496, 0.5093786, 0.51257867, 0.5149368, 0.5118749, 0.5156255, 0.51234674, 0.51084185, 0.5076093, 0.5011686, 0.5018079, 0.514642, 0.5051817, 0.5088501, 0.50077486, 0.5045554, 0.5057778, 0.5150364, 0.5012452, 0.50047183, 0.5122409, 0.5102782, 0.5109866, 0.50999165, 0.5094287, 0.51451176, 0.51283747, 0.5065085, 0.5107692, 0.5095685, 0.5097295, 0.5154384, 0.5127791, 0.5094517, 0.5133596, 0.5147907, 0.51063454, 0.5155989, 0.5080835, 0.5138431, 0.5141875, 0.51326096, 0.5088975, 0.50915045, 0.50678694, 0.51373553, 0.5120318, 0.5120452, 0.49989823, 0.5069893, 0.50912833, 0.5086446, 0.5094911, 0.51291305, 0.50534946, 0.5009329, 0.5127567, 0.5138081, 0.51247966, 0.5081242, 0.5093988, 0.51186645, 0.5135031, 0.51099, 0.50788504, 0.50816685, 0.5076809, 0.5069033, 0.5090101, 0.5019617, 0.50013536, 0.49995565, 0.50068843, 0.50076807, 0.5009468, 0.5079087, 0.51111, 0.51221526, 0.51457256, 0.5137313, 0.51243687, 0.512593, 0.51305217, 0.5077326, 0.5160444, 0.51613253, 0.51498413, 0.5089135, 0.5164555, 0.5083215, 0.51561266, 0.5154778, 0.50809884, 0.5099745, 0.5089593, 0.512046, 0.5089745, 0.49998236, 0.50155294, 0.5137573, 0.5112398, 0.4997923, 0.4995365, 0.5135951, 0.5000394, 0.5141043, 0.50884074, 0.5141364, 0.5108177, 0.5011307, 0.49967846, 0.5158638, 0.5090385, 0.5162844, 0.5139371, 0.5127877, 0.5076168, 0.5097646, 0.5108455, 0.5069281, 0.5129761, 0.5130675, 0.50816673, 0.5070022, 0.51116997, 0.50710493, 0.5146789, 0.5146551, 0.5003145, 0.4997543, 0.5102343, 0.51077896, 0.5044406, 0.5015278, 0.50049865, 0.50053406, 0.5005913, 0.5062009, 0.509471, 0.5130512, 0.5014236, 0.49972084, 0.5135117, 0.50944626, 0.5122586, 0.5004199, 0.51541144, 0.5157236, 0.5148663, 0.50907874, 0.5083716, 0.51128143, 0.5103591, 0.510045, 0.5099396, 0.50079376, 0.5126375, 0.5131279, 0.5116308, 0.5116793, 0.50862116, 0.5012116, 0.5138917, 0.5140091, 0.5141893, 0.5116021, 0.5131378, 0.5155188, 0.51343507, 0.51042426, 0.51050997, 0.51035136, 0.50990176, 0.51286227, 0.5106779, 0.5042992, 0.5003955, 0.5106032, 0.5128144, 0.5110554, 0.51288235, 0.51281804, 0.51278675, 0.51184887, 0.5108825, 0.50001913, 0.51602155, 0.5161875, 0.515938, 0.5005787, 0.50292003, 0.5041099, 0.5061911, 0.5139166, 0.5097575, 0.5081237, 0.5059652, 0.5151432, 0.51448256, 0.51211977, 0.5081079, 0.5127559, 0.51336235, 0.51255953, 0.51603574, 0.50849175, 0.50760007, 0.5082154, 0.5131591, 0.51158386, 0.5113987, 0.50979525, 0.5067094, 0.5086171, 0.5093166, 0.5099588, 0.5093307, 0.50936383, 0.508775, 0.5079472, 0.5010036, 0.51263833, 0.51168877, 0.5022522, 0.5050148, 0.51137984, 0.5067757, 0.5100929, 0.51331604, 0.51281995, 0.5116161, 0.5106294, 0.50979286, 0.50720257, 0.5008851, 0.50219744, 0.5085906, 0.5103138, 0.5103426, 0.5053357, 0.5152212, 0.5138718, 0.5130986, 0.50083864, 0.50123477, 0.5118507, 0.5121676, 0.5142201, 0.51048064, 0.51039845, 0.50967264, 0.49970174, 0.5027341, 0.5036259, 0.5144895, 0.5122075, 0.51308453, 0.5100749, 0.50844127, 0.5081663, 0.49963835, 0.50980824, 0.5116023, 0.514641, 0.5088492, 0.51218885, 0.5138491, 0.51448363, 0.51522344, 0.5112844, 0.5145103, 0.5145303, 0.51411104, 0.5059501, 0.5101085, 0.5137184, 0.5052396]
[0.51338524, 0.51515245, 0.5153582, 0.5135093, 0.51304287, 0.5112263, 0.5097752, 0.5140915, 0.5017388, 0.5038064, 0.50364846, 0.5105588, 0.51418763, 0.5097226, 0.5036018, 0.5139639, 0.5122837, 0.51526797, 0.51474404, 0.50765145, 0.50928, 0.51280355, 0.5154379, 0.51223737, 0.5157466, 0.5126146, 0.50996304, 0.506695, 0.50209403, 0.5023366, 0.51468295, 0.50434905, 0.5083056, 0.50006366, 0.50333714, 0.5058193, 0.5152019, 0.50213987, 0.50155956, 0.5118484, 0.5105787, 0.5105815, 0.5092371, 0.5092781, 0.51486623, 0.51333684, 0.5065478, 0.51151043, 0.5097969, 0.5093625, 0.51556903, 0.51276976, 0.5090533, 0.5136872, 0.5150774, 0.5115777, 0.51590323, 0.5068431, 0.5138954, 0.5141198, 0.51347756, 0.50847185, 0.5083269, 0.5053657, 0.51332694, 0.51211995, 0.5120989, 0.50096506, 0.5058982, 0.50971866, 0.50868225, 0.50932515, 0.5130359, 0.5046153, 0.5001993, 0.5130921, 0.51444256, 0.5128056, 0.50655204, 0.5091695, 0.5119631, 0.5129771, 0.51131195, 0.5085076, 0.50877, 0.5087037, 0.50743675, 0.5086252, 0.50259614, 0.50080264, 0.5005151, 0.50147355, 0.5017786, 0.5019369, 0.5075225, 0.5116846, 0.51175106, 0.51479745, 0.5140448, 0.5130009, 0.5132499, 0.513411, 0.50686336, 0.5167297, 0.51658744, 0.5153963, 0.50809455, 0.5166901, 0.5088211, 0.5154871, 0.5155389, 0.5077434, 0.5095582, 0.5083457, 0.51216024, 0.50940835, 0.5007467, 0.50211304, 0.5138494, 0.5117276, 0.50030446, 0.5012791, 0.5137911, 0.5000454, 0.5142485, 0.50845385, 0.51371163, 0.51028633, 0.49991187, 0.5011027, 0.51561016, 0.5085015, 0.5164525, 0.51427346, 0.5130266, 0.5075601, 0.5093883, 0.51012605, 0.50656766, 0.5135919, 0.5132644, 0.50750613, 0.5044094, 0.5109381, 0.50577706, 0.51464325, 0.51546663, 0.5004594, 0.50059915, 0.51031446, 0.5111376, 0.5047562, 0.5026296, 0.50190055, 0.50184304, 0.49970704, 0.50493103, 0.50986487, 0.51375234, 0.5025969, 0.5006274, 0.51402664, 0.5098322, 0.51262635, 0.5004108, 0.5154079, 0.5156513, 0.5143908, 0.50904065, 0.5085789, 0.51109934, 0.51017284, 0.51003766, 0.5101305, 0.5014761, 0.51215154, 0.51382375, 0.5123117, 0.512552, 0.5082849, 0.5024262, 0.5142838, 0.5142888, 0.5141422, 0.51155657, 0.5132764, 0.515727, 0.51370084, 0.5098622, 0.5097815, 0.50942886, 0.5100901, 0.5131291, 0.5108706, 0.5020665, 0.49966288, 0.51061636, 0.5127388, 0.51038444, 0.51335937, 0.5127937, 0.51302445, 0.51221746, 0.5099106, 0.4998968, 0.51632094, 0.5162477, 0.5160248, 0.5005751, 0.5033772, 0.5016376, 0.50526214, 0.5142187, 0.50965244, 0.50753343, 0.5050156, 0.5154011, 0.515136, 0.51256984, 0.50750726, 0.51304847, 0.5133749, 0.51283073, 0.5167586, 0.5081955, 0.50741756, 0.50796235, 0.51338613, 0.5109891, 0.51041746, 0.50937986, 0.5049184, 0.5091614, 0.50884145, 0.5097388, 0.5089041, 0.50938916, 0.5085674, 0.5074973, 0.5007572, 0.5120671, 0.5117774, 0.5014658, 0.50312185, 0.51182693, 0.50569457, 0.5098624, 0.51388633, 0.51345265, 0.5119931, 0.5108716, 0.50987595, 0.50634193, 0.5019301, 0.50138867, 0.50853235, 0.5108129, 0.51106215, 0.50286704, 0.5154675, 0.5140314, 0.51343054, 0.5017097, 0.5001039, 0.5117487, 0.51210845, 0.51461995, 0.51092905, 0.5105309, 0.5096884, 0.4997068, 0.5034594, 0.50287646, 0.51498604, 0.5120759, 0.5131447, 0.5091633, 0.50851154, 0.5077076, 0.50046563, 0.51023835, 0.5116682, 0.5151633, 0.50830483, 0.5127863, 0.51428205, 0.51496834, 0.51545435, 0.5117134, 0.5142504, 0.5153379, 0.51467836, 0.5054913, 0.5105898, 0.5135856, 0.50160307]
[0.5094221, 0.5104881, 0.5106991, 0.5091101, 0.5091121, 0.50788456, 0.507018, 0.5100423, 0.5029524, 0.50209206, 0.5027164, 0.5079204, 0.50983226, 0.5072032, 0.50410455, 0.5096847, 0.50893486, 0.5109337, 0.5098901, 0.50623995, 0.5067384, 0.5088613, 0.51093197, 0.5084942, 0.51123613, 0.5084751, 0.5072056, 0.5045098, 0.5050428, 0.50654495, 0.5103031, 0.5041716, 0.5057925, 0.50102097, 0.50339, 0.5051314, 0.5111435, 0.50464803, 0.5040256, 0.50840104, 0.50779814, 0.50765127, 0.5070179, 0.5069441, 0.51046526, 0.5086736, 0.5046801, 0.5072473, 0.50693744, 0.50667745, 0.5111668, 0.5090653, 0.50660175, 0.5097518, 0.5105935, 0.50783145, 0.51096696, 0.50563294, 0.50958234, 0.50978917, 0.5099874, 0.5065724, 0.5063618, 0.50528955, 0.50986195, 0.5086099, 0.5085876, 0.50216556, 0.5051602, 0.50707686, 0.5064391, 0.50719166, 0.509393, 0.5045315, 0.5011423, 0.50895715, 0.5097259, 0.5088582, 0.5057581, 0.50657284, 0.5085509, 0.50975895, 0.5077316, 0.5063818, 0.5063748, 0.50646925, 0.5054031, 0.5061228, 0.5055449, 0.5023875, 0.5014246, 0.5026846, 0.50434005, 0.50476885, 0.5055827, 0.50818926, 0.5085615, 0.51064664, 0.5099285, 0.50908226, 0.5090944, 0.5095852, 0.50567025, 0.5111324, 0.5116567, 0.510698, 0.50629884, 0.5118293, 0.50613695, 0.5111689, 0.51128775, 0.5057082, 0.5070858, 0.50656325, 0.50836974, 0.5067229, 0.50112087, 0.50407284, 0.50963765, 0.50806814, 0.50079334, 0.50396323, 0.5097082, 0.5005998, 0.509948, 0.50623393, 0.51006067, 0.5075863, 0.50151896, 0.50248915, 0.5111939, 0.50604886, 0.51182324, 0.5099459, 0.5090069, 0.50565696, 0.50713235, 0.50783616, 0.5049577, 0.5096358, 0.5098457, 0.5054689, 0.5036526, 0.50786304, 0.505443, 0.51062816, 0.5112603, 0.5006856, 0.50151736, 0.50739706, 0.50745636, 0.510481, 0.5058, 0.502997, 0.5031864, 0.50130236, 0.5041226, 0.50677305, 0.5089811, 0.50579256, 0.5018687, 0.5096707, 0.50680876, 0.5087905, 0.5022054, 0.51146525, 0.5115692, 0.5104293, 0.5063623, 0.50609887, 0.50807697, 0.5072579, 0.506916, 0.507587, 0.50273556, 0.5090193, 0.5084623, 0.50836766, 0.5084935, 0.50598544, 0.50579476, 0.5098995, 0.5102877, 0.5102819, 0.50805074, 0.50931454, 0.5112805, 0.5093832, 0.5075074, 0.50716364, 0.50757056, 0.5072016, 0.5089133, 0.5080878, 0.50321937, 0.5008904, 0.5077554, 0.50915384, 0.5082476, 0.5089914, 0.50882566, 0.509246, 0.5088146, 0.508068, 0.5010668, 0.5115559, 0.51179516, 0.51181763, 0.5014728, 0.50739443, 0.50343484, 0.50499034, 0.510144, 0.50682503, 0.50580937, 0.50414103, 0.5110764, 0.51040524, 0.50871664, 0.5057976, 0.5091043, 0.5097608, 0.5088081, 0.51156217, 0.5062495, 0.50592196, 0.50623906, 0.50949013, 0.5083489, 0.5081615, 0.50654083, 0.504664, 0.5066657, 0.5068295, 0.50725234, 0.50654763, 0.506666, 0.50643164, 0.5055181, 0.5014102, 0.50905156, 0.50888354, 0.5027649, 0.5036354, 0.5083924, 0.50509423, 0.50685596, 0.50940895, 0.50931084, 0.50830346, 0.5076525, 0.5069108, 0.50497526, 0.5046741, 0.5014601, 0.50611824, 0.5070954, 0.50747603, 0.50336856, 0.5109391, 0.51000756, 0.50953275, 0.50377196, 0.5009831, 0.50833505, 0.50842434, 0.5101121, 0.5074571, 0.5073283, 0.5072523, 0.50075793, 0.5078469, 0.5036979, 0.51057714, 0.5084278, 0.50949526, 0.50681144, 0.50618, 0.50537115, 0.502373, 0.5066847, 0.50763035, 0.51027006, 0.50642383, 0.5088943, 0.50986433, 0.510891, 0.5109791, 0.50778264, 0.5103143, 0.51052064, 0.5101701, 0.50433785, 0.5076167, 0.509557, 0.5035492]
[0.52046865, 0.522159, 0.5228366, 0.51811516, 0.51952106, 0.5154625, 0.51426965, 0.5206519, 0.50285506, 0.50129116, 0.50049126, 0.51615095, 0.52035767, 0.5130591, 0.50367224, 0.51911366, 0.51680666, 0.52204406, 0.5208851, 0.5110162, 0.5118871, 0.5176144, 0.5217385, 0.5171422, 0.52317053, 0.5178207, 0.5154391, 0.5101538, 0.4996691, 0.49981803, 0.5217908, 0.5042278, 0.51195186, 0.49918872, 0.5026757, 0.50486434, 0.5225144, 0.49959102, 0.49944356, 0.5166033, 0.51367766, 0.5141494, 0.51416916, 0.51087797, 0.5221188, 0.5198406, 0.506626, 0.5150854, 0.5137295, 0.5131803, 0.52352583, 0.5179315, 0.51120716, 0.51980585, 0.52178067, 0.5162241, 0.52342075, 0.5101743, 0.5205433, 0.52095836, 0.51898354, 0.51101744, 0.51221144, 0.50641984, 0.52056926, 0.51698697, 0.5165014, 0.49915242, 0.50924164, 0.5119683, 0.5103956, 0.5117507, 0.51807106, 0.5040993, 0.4988992, 0.5183172, 0.52065974, 0.51799875, 0.508369, 0.5106751, 0.5165083, 0.519793, 0.5158522, 0.5083715, 0.5097287, 0.5101232, 0.5096934, 0.510667, 0.49979934, 0.49916443, 0.4991813, 0.49949232, 0.49967536, 0.49962336, 0.50930464, 0.5154432, 0.5183522, 0.5216512, 0.5202688, 0.51766044, 0.51741815, 0.5183821, 0.5093512, 0.52379054, 0.5244303, 0.5221884, 0.51158303, 0.5247007, 0.51070076, 0.5227173, 0.52324766, 0.510587, 0.51390386, 0.5120722, 0.5176269, 0.5116101, 0.4990914, 0.49974936, 0.51986635, 0.5163702, 0.49899873, 0.49937576, 0.52079993, 0.4994884, 0.5209099, 0.5125626, 0.5210632, 0.5146305, 0.49895316, 0.49934366, 0.52318054, 0.5124058, 0.5237846, 0.52053696, 0.5193995, 0.5104243, 0.5145522, 0.51547855, 0.5088422, 0.5190871, 0.5190948, 0.5095364, 0.50701773, 0.51563954, 0.50788546, 0.5211818, 0.5215299, 0.49916396, 0.49924845, 0.51400954, 0.5153476, 0.5006724, 0.49982476, 0.49952838, 0.4993751, 0.49958348, 0.5076109, 0.5111939, 0.5193385, 0.49932867, 0.4998999, 0.5199394, 0.5130978, 0.5179001, 0.49986103, 0.5227883, 0.5236994, 0.5224561, 0.5125125, 0.5117017, 0.5154321, 0.5145213, 0.5133883, 0.5134337, 0.49931008, 0.5186153, 0.5198362, 0.5178501, 0.5176355, 0.51076037, 0.49976408, 0.5199573, 0.52085465, 0.5205954, 0.5167788, 0.5189895, 0.522951, 0.5202147, 0.513347, 0.51319164, 0.5133825, 0.5124418, 0.51852596, 0.5151272, 0.5015691, 0.4991066, 0.5146801, 0.51875484, 0.5144036, 0.518251, 0.5188543, 0.51899374, 0.5156404, 0.5147834, 0.49894935, 0.5236923, 0.5239899, 0.5236441, 0.49910846, 0.50020856, 0.50370777, 0.5059623, 0.51993865, 0.51318353, 0.5097519, 0.5042007, 0.5225215, 0.5218848, 0.51790637, 0.50845325, 0.51806587, 0.51937544, 0.5187374, 0.5244397, 0.51167035, 0.50887126, 0.5095212, 0.51946884, 0.5174985, 0.51695466, 0.51334435, 0.5082436, 0.5114138, 0.5123227, 0.51359075, 0.5130623, 0.51374084, 0.5121645, 0.5104307, 0.5012531, 0.5174212, 0.516936, 0.50169414, 0.503339, 0.5168607, 0.5080899, 0.5136765, 0.51923597, 0.5188993, 0.5160115, 0.5145312, 0.51206815, 0.5080641, 0.4995021, 0.5010087, 0.511107, 0.51370853, 0.5140819, 0.5034294, 0.52305573, 0.51990306, 0.51843256, 0.4995229, 0.49919218, 0.5179234, 0.5165934, 0.52164865, 0.5138749, 0.5137815, 0.513167, 0.49963692, 0.50012946, 0.5030917, 0.5211858, 0.5185841, 0.5192226, 0.51315045, 0.5104771, 0.50979704, 0.49932867, 0.51256067, 0.5168907, 0.52171326, 0.5115849, 0.5173521, 0.52063227, 0.52170646, 0.5224601, 0.51634705, 0.5214705, 0.52127004, 0.5202467, 0.50345075, 0.5144024, 0.52033335, 0.5042431]
[0.5142064, 0.5146471, 0.5160649, 0.51252, 0.5130558, 0.5116228, 0.5101172, 0.5147416, 0.5037207, 0.5020918, 0.50280327, 0.51145, 0.51391256, 0.51001436, 0.5048693, 0.51325166, 0.5118949, 0.51569647, 0.5143554, 0.50819784, 0.5084945, 0.5123223, 0.515624, 0.51163125, 0.5164374, 0.5120692, 0.5101614, 0.50630814, 0.50158405, 0.50263613, 0.51503164, 0.50409913, 0.50847095, 0.50038034, 0.5047504, 0.50650597, 0.51569414, 0.50166136, 0.5007202, 0.51280725, 0.510132, 0.510097, 0.509631, 0.5093372, 0.5146412, 0.513523, 0.5059572, 0.5099465, 0.50872016, 0.5088171, 0.5163796, 0.51322985, 0.5086841, 0.5141602, 0.51514405, 0.51077014, 0.5165978, 0.50826293, 0.51407367, 0.51439655, 0.5136539, 0.5081759, 0.5089132, 0.5048778, 0.5147233, 0.5125415, 0.5119384, 0.5003605, 0.50671965, 0.5089223, 0.50806123, 0.5093024, 0.51280737, 0.5041281, 0.50097054, 0.5129467, 0.5144419, 0.5127807, 0.5069388, 0.5079645, 0.51169646, 0.51426584, 0.51080596, 0.5076659, 0.5075417, 0.50786465, 0.50770944, 0.508147, 0.5028599, 0.50015044, 0.5008894, 0.5016602, 0.5020599, 0.501368, 0.50713366, 0.51119065, 0.51271915, 0.51520073, 0.5137773, 0.5129671, 0.5129006, 0.51355356, 0.5076358, 0.5164073, 0.5170084, 0.5156178, 0.5083621, 0.5173295, 0.50785124, 0.51619786, 0.5164816, 0.50685555, 0.5100642, 0.5096289, 0.5120392, 0.50850934, 0.50136083, 0.5014741, 0.51410437, 0.5105777, 0.5009586, 0.49979946, 0.51409626, 0.5012703, 0.514596, 0.50864583, 0.5154536, 0.5110351, 0.50139445, 0.50019264, 0.51624984, 0.5084101, 0.51704717, 0.51391524, 0.5135891, 0.5069531, 0.510469, 0.5110817, 0.50627583, 0.5133377, 0.51335293, 0.5076198, 0.5058954, 0.5111774, 0.5046752, 0.51550156, 0.51555145, 0.50176704, 0.500968, 0.5098881, 0.5103224, 0.5061263, 0.5019738, 0.50065887, 0.50022465, 0.50114256, 0.5056003, 0.5089532, 0.51302946, 0.50059676, 0.50237066, 0.513746, 0.5084718, 0.5123155, 0.50260687, 0.516177, 0.51677114, 0.5154146, 0.50856775, 0.5071017, 0.51100653, 0.51008624, 0.50967515, 0.50943184, 0.50051165, 0.51287454, 0.5134784, 0.51187146, 0.51205105, 0.5077981, 0.5019446, 0.5138583, 0.5143737, 0.51477206, 0.5114503, 0.5134511, 0.5163348, 0.5137848, 0.5100253, 0.5103147, 0.5109999, 0.5098166, 0.5132316, 0.5110004, 0.50351125, 0.5010144, 0.5106756, 0.51334804, 0.5114686, 0.5131578, 0.51302904, 0.513323, 0.5117156, 0.5107969, 0.500546, 0.5170118, 0.51711076, 0.51706225, 0.50169206, 0.5045081, 0.5039284, 0.50499934, 0.5145334, 0.509543, 0.50736433, 0.5045519, 0.51545554, 0.5151705, 0.5123319, 0.5053571, 0.5127794, 0.5137382, 0.51316947, 0.5169865, 0.5086754, 0.50591815, 0.5066264, 0.5134655, 0.5118689, 0.5118917, 0.509258, 0.5061097, 0.5083136, 0.50991863, 0.510478, 0.50971204, 0.5093801, 0.50805897, 0.5065734, 0.50229937, 0.5126085, 0.5119323, 0.502307, 0.5037887, 0.5116215, 0.50560063, 0.50974673, 0.5135798, 0.5131998, 0.51159674, 0.51014453, 0.50915223, 0.50506735, 0.5017031, 0.50148994, 0.5078561, 0.50972784, 0.50977874, 0.50420797, 0.5157437, 0.5140512, 0.51313424, 0.5008251, 0.50149196, 0.51269466, 0.5120481, 0.5150329, 0.50988305, 0.5096965, 0.5099241, 0.5002509, 0.50388634, 0.5024377, 0.5153833, 0.51299214, 0.513716, 0.5097122, 0.50817716, 0.50782186, 0.5012443, 0.5091513, 0.5114803, 0.51509994, 0.5081482, 0.512978, 0.5141538, 0.5148597, 0.515804, 0.5113212, 0.51514506, 0.51435, 0.51387376, 0.5043218, 0.510165, 0.51429194, 0.5029845]
[0.513532, 0.51453066, 0.5150642, 0.51256335, 0.5130091, 0.5118715, 0.5106776, 0.5138175, 0.50473183, 0.50469565, 0.50529325, 0.5120446, 0.51349455, 0.51051396, 0.5066922, 0.51357764, 0.5121013, 0.514936, 0.513389, 0.5090381, 0.5094636, 0.5127563, 0.51445776, 0.51217073, 0.51547855, 0.5127622, 0.51091605, 0.50762504, 0.5024313, 0.50298923, 0.5146189, 0.5051816, 0.5087363, 0.5008322, 0.5057767, 0.5073171, 0.515092, 0.5020021, 0.5012514, 0.51229006, 0.5109872, 0.510832, 0.5103427, 0.5097278, 0.51457185, 0.51338255, 0.5058756, 0.5113699, 0.51060194, 0.5102873, 0.5153543, 0.5128459, 0.5093956, 0.5136689, 0.51481646, 0.5111297, 0.5153649, 0.50911474, 0.5134709, 0.5137331, 0.5134221, 0.5094169, 0.5095736, 0.5074, 0.5139926, 0.5123124, 0.5115567, 0.5008241, 0.5087772, 0.50967175, 0.50898457, 0.50996417, 0.51277924, 0.5043572, 0.50125444, 0.5131074, 0.5138275, 0.5127828, 0.50792384, 0.50934935, 0.5119463, 0.5132793, 0.5110784, 0.50845575, 0.5090629, 0.50818944, 0.50726885, 0.50901145, 0.5029054, 0.50058067, 0.50069547, 0.5014832, 0.5015869, 0.5010979, 0.50807595, 0.5122329, 0.51238865, 0.51442415, 0.51377195, 0.51305276, 0.512924, 0.51340526, 0.50898, 0.5157343, 0.5159147, 0.5148331, 0.5095525, 0.51578784, 0.5084988, 0.5152894, 0.5153625, 0.50804603, 0.5106546, 0.5103699, 0.5122847, 0.50790703, 0.5015489, 0.50166607, 0.51339924, 0.5112252, 0.5009994, 0.5006098, 0.5135433, 0.5013746, 0.51394844, 0.509218, 0.5143096, 0.5115669, 0.50155693, 0.5007009, 0.51516813, 0.50982505, 0.5160081, 0.5136213, 0.51309663, 0.5075541, 0.5109032, 0.5118536, 0.50779337, 0.5136148, 0.5127012, 0.5089149, 0.50730765, 0.5115876, 0.5084256, 0.5147004, 0.5149076, 0.5018886, 0.5008897, 0.51099575, 0.51129276, 0.5055358, 0.5023256, 0.5014462, 0.5015512, 0.5019081, 0.50706506, 0.51023006, 0.5128516, 0.5005741, 0.5020092, 0.5135925, 0.5103083, 0.51249254, 0.50137776, 0.51535743, 0.51572156, 0.51518714, 0.50948316, 0.50908977, 0.5117541, 0.510371, 0.5104295, 0.5101275, 0.5013033, 0.5128242, 0.51350886, 0.51176655, 0.511841, 0.50912595, 0.5018044, 0.5133418, 0.51385343, 0.51416034, 0.512043, 0.513147, 0.5154323, 0.51337993, 0.51057994, 0.51091486, 0.51140356, 0.5102878, 0.5130666, 0.5110146, 0.5046372, 0.50170904, 0.5107818, 0.5127743, 0.5112891, 0.51334846, 0.5129769, 0.5133827, 0.51199096, 0.5115456, 0.5012518, 0.5157171, 0.515828, 0.5157704, 0.5015337, 0.5044895, 0.5056816, 0.50583863, 0.5138158, 0.50951654, 0.50904405, 0.5063908, 0.51496404, 0.5146826, 0.51228404, 0.50822526, 0.5128417, 0.5135004, 0.51296204, 0.515845, 0.5092306, 0.50807744, 0.5085491, 0.5129076, 0.51227134, 0.5122422, 0.5104909, 0.50833166, 0.5093482, 0.5107792, 0.51093405, 0.5103435, 0.5103888, 0.509504, 0.50826126, 0.5024648, 0.51268226, 0.5119975, 0.5030037, 0.50380474, 0.511766, 0.50664043, 0.5104043, 0.51304454, 0.5127238, 0.5118001, 0.5107733, 0.5097457, 0.5059204, 0.50198567, 0.5025568, 0.5091151, 0.5106872, 0.5107866, 0.5055854, 0.5151478, 0.51370937, 0.5129625, 0.50054365, 0.50304514, 0.512795, 0.51212084, 0.5138907, 0.51087725, 0.51056653, 0.5102141, 0.5009462, 0.5041067, 0.5033489, 0.5146367, 0.5129028, 0.51311755, 0.51041293, 0.50878876, 0.5086483, 0.5011641, 0.5093926, 0.51177615, 0.51441294, 0.5089458, 0.5126748, 0.5142042, 0.51429725, 0.51493675, 0.5112707, 0.51452553, 0.51392794, 0.51357806, 0.5046881, 0.5107627, 0.5138731, 0.5039445]
[0.51084673, 0.5118109, 0.51246494, 0.510207, 0.5103022, 0.5087466, 0.50770575, 0.5114019, 0.50206697, 0.5016619, 0.5026314, 0.50857234, 0.5108193, 0.5076966, 0.50329125, 0.51082057, 0.50939244, 0.51214504, 0.5113618, 0.50636697, 0.50731915, 0.51002526, 0.5118833, 0.50950325, 0.51237154, 0.5099569, 0.5083747, 0.5056464, 0.5032302, 0.50355357, 0.51186395, 0.50249654, 0.50655967, 0.50083816, 0.5028045, 0.50470644, 0.5120411, 0.5031958, 0.50252354, 0.5090427, 0.5083505, 0.508058, 0.50765204, 0.50700647, 0.51171404, 0.5102979, 0.5043498, 0.50873363, 0.50800085, 0.50798064, 0.51258117, 0.5096362, 0.50687385, 0.51090056, 0.51195574, 0.5081116, 0.51248366, 0.5064697, 0.51097304, 0.511285, 0.5106745, 0.50709575, 0.5068035, 0.5055019, 0.51096034, 0.509473, 0.5093357, 0.50131565, 0.50625247, 0.50739086, 0.50668734, 0.507456, 0.5104582, 0.50265574, 0.5010453, 0.5105687, 0.5110831, 0.5099656, 0.50540155, 0.50715077, 0.50936466, 0.5106805, 0.50897294, 0.5060784, 0.50649124, 0.50592387, 0.5048009, 0.50685537, 0.5037544, 0.50184065, 0.5016504, 0.5024449, 0.5026181, 0.5023818, 0.50643575, 0.50940764, 0.50995344, 0.5118316, 0.5111697, 0.5102695, 0.5101724, 0.51044476, 0.50628465, 0.5131082, 0.51318073, 0.5119351, 0.507037, 0.5131257, 0.5066202, 0.51266915, 0.51247126, 0.5062244, 0.5083291, 0.50706613, 0.50930977, 0.50640374, 0.5016908, 0.50319463, 0.5108144, 0.5088146, 0.50100785, 0.5025424, 0.5107979, 0.5008736, 0.5113219, 0.50706273, 0.5113097, 0.50850123, 0.500668, 0.50089574, 0.5126976, 0.5071416, 0.5130899, 0.51125, 0.5102142, 0.5049891, 0.508127, 0.508724, 0.50496477, 0.51052886, 0.51019365, 0.5065071, 0.50490403, 0.5088277, 0.50598127, 0.5117193, 0.51176983, 0.50189483, 0.5020562, 0.5081998, 0.508779, 0.5061968, 0.50373507, 0.5023972, 0.5032216, 0.5008303, 0.504962, 0.5075871, 0.5104953, 0.5026659, 0.5006721, 0.51084137, 0.5078225, 0.51009995, 0.5015404, 0.51238686, 0.5127423, 0.5121329, 0.507279, 0.5066712, 0.50887465, 0.50811344, 0.507564, 0.5076764, 0.50249696, 0.50974196, 0.5105984, 0.5092252, 0.5093134, 0.50694996, 0.5034112, 0.5108333, 0.5114516, 0.5112581, 0.5092452, 0.5103846, 0.5123797, 0.5106978, 0.5079002, 0.50815034, 0.508316, 0.507567, 0.510379, 0.5081353, 0.5019777, 0.5006877, 0.50810176, 0.51026624, 0.5084602, 0.5104291, 0.51015, 0.5102598, 0.5092921, 0.50885046, 0.5008045, 0.51291645, 0.51299906, 0.51277345, 0.5021919, 0.50516295, 0.50261426, 0.50476867, 0.510886, 0.5072967, 0.50683624, 0.50313306, 0.5122306, 0.51178485, 0.5099503, 0.5058507, 0.51023346, 0.5108755, 0.50997984, 0.5130606, 0.506704, 0.5054824, 0.5061759, 0.5103974, 0.5096163, 0.5093147, 0.50763416, 0.50573957, 0.5072711, 0.5080878, 0.50857323, 0.50751626, 0.5076575, 0.50710297, 0.5060387, 0.5008303, 0.5100862, 0.50941527, 0.50188285, 0.502437, 0.5091851, 0.504304, 0.5079653, 0.51048505, 0.51020145, 0.5092103, 0.50839484, 0.5076142, 0.50486946, 0.5027982, 0.5012243, 0.50682575, 0.50788957, 0.50798553, 0.50307626, 0.5123404, 0.51129663, 0.51046324, 0.50213075, 0.50106484, 0.50963175, 0.5095393, 0.51135606, 0.50823766, 0.5079818, 0.5075629, 0.500697, 0.50461334, 0.5023837, 0.51170754, 0.5097437, 0.5105196, 0.507968, 0.5064072, 0.5064811, 0.5016941, 0.507194, 0.5092439, 0.5118593, 0.5066466, 0.50989467, 0.51154816, 0.5118977, 0.5122545, 0.5089401, 0.51163214, 0.5113847, 0.5110174, 0.5022498, 0.5081321, 0.5112237, 0.5023262]
[0.51228, 0.51329803, 0.51381075, 0.51096755, 0.5116021, 0.5093377, 0.50936425, 0.5131022, 0.50492275, 0.50267017, 0.5034055, 0.5101797, 0.5125924, 0.5088989, 0.50610375, 0.5114467, 0.5105479, 0.51367015, 0.51256704, 0.5080487, 0.50843555, 0.5107925, 0.51347846, 0.510707, 0.51438886, 0.5109847, 0.5093698, 0.5075079, 0.5028121, 0.504445, 0.51300675, 0.50625235, 0.50832725, 0.5004214, 0.5052098, 0.5064888, 0.51350385, 0.50286174, 0.5024219, 0.5111325, 0.5100154, 0.5098786, 0.5092773, 0.5081026, 0.5129618, 0.5119296, 0.50710654, 0.509165, 0.5082633, 0.50821733, 0.5137901, 0.5114994, 0.50842404, 0.5124949, 0.5133374, 0.5100284, 0.5139953, 0.50684214, 0.5124847, 0.5126271, 0.5121693, 0.50752443, 0.50832874, 0.50599957, 0.51257783, 0.51111615, 0.51086104, 0.5009095, 0.50663733, 0.50843745, 0.5077847, 0.5084318, 0.5115736, 0.50447464, 0.50077343, 0.510985, 0.51261544, 0.51123106, 0.5068659, 0.50792724, 0.5105122, 0.51198477, 0.5097683, 0.5072668, 0.5075439, 0.50799596, 0.5081981, 0.50785476, 0.5043131, 0.5019888, 0.5019245, 0.5034274, 0.50344795, 0.50296515, 0.50729096, 0.50977415, 0.5109149, 0.5132728, 0.5122799, 0.51136774, 0.51139474, 0.5117748, 0.5067284, 0.51413345, 0.514537, 0.51349735, 0.50783485, 0.51503336, 0.5077793, 0.5137453, 0.51423526, 0.5074136, 0.50882405, 0.50820565, 0.51103914, 0.508818, 0.50102556, 0.5029207, 0.5126018, 0.51044834, 0.5011346, 0.5015448, 0.51296943, 0.5013902, 0.5129364, 0.5081282, 0.5125776, 0.5099079, 0.5006171, 0.50099075, 0.51362354, 0.50754696, 0.51453835, 0.5125357, 0.51214993, 0.50792575, 0.5093886, 0.5097376, 0.5071561, 0.5115005, 0.51199555, 0.50706494, 0.5065111, 0.50966555, 0.5049643, 0.5134283, 0.51340306, 0.5015432, 0.5010372, 0.50919557, 0.50949, 0.50754696, 0.50349694, 0.5023779, 0.50169855, 0.50256723, 0.5068384, 0.50843227, 0.511586, 0.5025231, 0.5015638, 0.51190877, 0.50831604, 0.5108749, 0.50268894, 0.5137645, 0.5142559, 0.51314855, 0.5081438, 0.5077646, 0.50992656, 0.509788, 0.5088083, 0.5092398, 0.50141925, 0.5115708, 0.511684, 0.5110142, 0.51108867, 0.507899, 0.50361353, 0.51228595, 0.5128711, 0.5126987, 0.5101001, 0.51173097, 0.5141246, 0.5118947, 0.50882494, 0.50913143, 0.5091792, 0.50906646, 0.51149845, 0.5100198, 0.50362927, 0.50092685, 0.5095183, 0.51162195, 0.5102274, 0.51140296, 0.5115693, 0.51193047, 0.51037943, 0.509334, 0.5013949, 0.51466453, 0.5147469, 0.5148148, 0.5021863, 0.50559527, 0.5036945, 0.5056448, 0.51257724, 0.5091469, 0.5070668, 0.5051776, 0.51372045, 0.5130525, 0.511192, 0.5063522, 0.5113142, 0.51205856, 0.51189786, 0.5147774, 0.50855756, 0.5069745, 0.5074724, 0.5120575, 0.5103259, 0.5101829, 0.5085375, 0.5055772, 0.5080488, 0.5084044, 0.509076, 0.5087771, 0.50866747, 0.5077935, 0.5072152, 0.5036824, 0.5111148, 0.5109652, 0.502689, 0.5044634, 0.51049036, 0.50656646, 0.50907856, 0.5121809, 0.51183665, 0.5104559, 0.5094092, 0.50877804, 0.50683004, 0.50305897, 0.5029651, 0.5077778, 0.50896937, 0.50900066, 0.5038236, 0.513562, 0.51222366, 0.5116007, 0.50261986, 0.5014082, 0.510576, 0.5108082, 0.51356125, 0.5089814, 0.50922906, 0.5094425, 0.5005198, 0.5053531, 0.50519764, 0.5135299, 0.51102865, 0.511752, 0.50863844, 0.5081688, 0.5077625, 0.5018794, 0.50920624, 0.51073253, 0.51297426, 0.5080912, 0.5114878, 0.51213485, 0.5131042, 0.51362896, 0.5104439, 0.51306105, 0.5127587, 0.51239413, 0.5052337, 0.5091904, 0.5115477, 0.503254]
[0.51458025, 0.5153919, 0.51613224, 0.5128998, 0.5135428, 0.51168615, 0.5109786, 0.51476085, 0.50346535, 0.5028636, 0.5036959, 0.51191, 0.5146253, 0.5103151, 0.5052147, 0.51377475, 0.5120442, 0.51588625, 0.514688, 0.508774, 0.5093436, 0.51277035, 0.51564723, 0.51235247, 0.5169436, 0.5125342, 0.51103985, 0.5081275, 0.50205725, 0.5032002, 0.51562977, 0.5052609, 0.5088109, 0.50130904, 0.5035296, 0.5049455, 0.51597345, 0.503329, 0.502016, 0.5126452, 0.5105206, 0.5107897, 0.51023394, 0.5090453, 0.51530015, 0.5142778, 0.5062293, 0.5107674, 0.50962764, 0.5096297, 0.51684886, 0.51325333, 0.5089166, 0.5141288, 0.51559097, 0.5116059, 0.51686025, 0.5082638, 0.5143995, 0.51486593, 0.5138775, 0.5089042, 0.5095492, 0.50614184, 0.5147955, 0.51271677, 0.5123891, 0.5007092, 0.5071532, 0.5093267, 0.50819534, 0.5093261, 0.5131661, 0.5042313, 0.5004994, 0.51339066, 0.5148744, 0.51326495, 0.50671583, 0.5082861, 0.5122045, 0.514263, 0.5111131, 0.5076366, 0.50803226, 0.5078308, 0.5080706, 0.508559, 0.50343704, 0.5004337, 0.50124145, 0.50255233, 0.5030389, 0.50288767, 0.5075746, 0.51161116, 0.5130741, 0.5154838, 0.5143487, 0.51314455, 0.51292044, 0.5138397, 0.5071816, 0.5168342, 0.5172659, 0.5159241, 0.5091245, 0.5178398, 0.5086505, 0.5163134, 0.516557, 0.50788116, 0.5104852, 0.50971717, 0.5128776, 0.50873864, 0.500944, 0.50317407, 0.51409894, 0.51169837, 0.50027287, 0.50073516, 0.5144498, 0.50217074, 0.51520276, 0.50888985, 0.5150893, 0.5109586, 0.5003273, 0.5007282, 0.51652217, 0.5089211, 0.5172717, 0.5146634, 0.51397514, 0.50774634, 0.5107476, 0.51130724, 0.506885, 0.5138358, 0.5136523, 0.5084954, 0.5064095, 0.511595, 0.50540966, 0.51555336, 0.51580524, 0.5014565, 0.50032735, 0.5102751, 0.51100016, 0.50770146, 0.50326574, 0.5023847, 0.5012538, 0.5008345, 0.50642526, 0.5091313, 0.5136378, 0.500314, 0.5014192, 0.5144573, 0.50992286, 0.5128358, 0.502547, 0.51631546, 0.5169723, 0.5160459, 0.50947195, 0.5085034, 0.5117557, 0.5107492, 0.5104268, 0.5100422, 0.501044, 0.513539, 0.5140286, 0.5121982, 0.5125752, 0.50844043, 0.50331986, 0.51436675, 0.5148584, 0.515181, 0.5120438, 0.51387346, 0.51653457, 0.5141262, 0.5103107, 0.5101392, 0.5103762, 0.5099292, 0.51392865, 0.5110026, 0.5030266, 0.5010366, 0.5108982, 0.51401925, 0.51166314, 0.51328677, 0.51398563, 0.5138982, 0.5120342, 0.51145744, 0.5013346, 0.51711345, 0.5174234, 0.517119, 0.5015796, 0.5057735, 0.50426847, 0.5061682, 0.5146561, 0.50961006, 0.5078276, 0.5051161, 0.51618814, 0.51571155, 0.5126867, 0.5069853, 0.5131841, 0.514302, 0.51357436, 0.517539, 0.50895107, 0.506918, 0.50757587, 0.51377374, 0.51247466, 0.5124625, 0.5100629, 0.50672865, 0.508729, 0.5094078, 0.5100966, 0.51050276, 0.51018476, 0.5091865, 0.5079786, 0.50278133, 0.51280785, 0.51219964, 0.50225526, 0.5043394, 0.5123766, 0.5067897, 0.5102174, 0.5140365, 0.5136667, 0.5120683, 0.5108829, 0.5093564, 0.50692445, 0.50214434, 0.50178885, 0.508695, 0.5106019, 0.51067567, 0.5043988, 0.5164511, 0.51446366, 0.51359504, 0.502161, 0.50077146, 0.5130358, 0.5124919, 0.51562333, 0.51047635, 0.51036125, 0.5101096, 0.50058323, 0.50543445, 0.50325054, 0.5154743, 0.5137576, 0.5137688, 0.5102158, 0.5086914, 0.50821227, 0.50126, 0.5094945, 0.51197207, 0.5154191, 0.5089405, 0.5127321, 0.51471055, 0.51519954, 0.51603085, 0.5119633, 0.515379, 0.5150907, 0.5143932, 0.50427765, 0.5107949, 0.5144499, 0.5043449]
[0.5180632, 0.51951396, 0.52163595, 0.51727796, 0.5175655, 0.5158792, 0.51443154, 0.52000695, 0.5054961, 0.50403357, 0.5059893, 0.51554155, 0.5191163, 0.5131413, 0.50685346, 0.5179119, 0.51555353, 0.5202674, 0.51968306, 0.5110697, 0.51214075, 0.5181061, 0.52095854, 0.5164261, 0.5212282, 0.51672584, 0.5134274, 0.5109702, 0.5008224, 0.5016747, 0.52007514, 0.506767, 0.511092, 0.5012221, 0.50862217, 0.5100336, 0.52128047, 0.50059044, 0.5002563, 0.5157215, 0.5122322, 0.51192987, 0.5122332, 0.51216775, 0.5198093, 0.51871806, 0.5103664, 0.5149474, 0.5132966, 0.5128577, 0.52167, 0.5176692, 0.5122321, 0.5186254, 0.5208386, 0.51517975, 0.5221671, 0.5103851, 0.51850754, 0.51913303, 0.51825905, 0.51259446, 0.5112242, 0.5092464, 0.5189021, 0.5167948, 0.5157366, 0.501098, 0.5106216, 0.51313347, 0.51157355, 0.51256996, 0.51671356, 0.50781673, 0.50258034, 0.5178962, 0.51892036, 0.5165056, 0.50785124, 0.5113413, 0.515605, 0.5183135, 0.51529616, 0.5103235, 0.51096493, 0.51099443, 0.5106351, 0.51131356, 0.5014769, 0.5008099, 0.49999052, 0.500608, 0.50104386, 0.5009948, 0.50983, 0.5159969, 0.5167379, 0.5206928, 0.5190961, 0.5178351, 0.5174291, 0.51784396, 0.5109054, 0.5222342, 0.52230495, 0.5207456, 0.5120256, 0.5224282, 0.51107377, 0.52099633, 0.52118653, 0.51108944, 0.5140125, 0.51306814, 0.516361, 0.51156205, 0.501691, 0.50092876, 0.51870954, 0.5151813, 0.50316334, 0.5002629, 0.5186082, 0.5032682, 0.51954615, 0.512445, 0.5193775, 0.5139417, 0.50051445, 0.49997258, 0.5213139, 0.5116204, 0.52275527, 0.5201774, 0.5179352, 0.50937766, 0.51460046, 0.5145668, 0.50886273, 0.5178714, 0.517291, 0.51098734, 0.5091627, 0.5145407, 0.50951767, 0.520244, 0.52014256, 0.50409395, 0.5015761, 0.5145177, 0.51505077, 0.503398, 0.50168175, 0.50106007, 0.5005688, 0.5027194, 0.5098723, 0.5130065, 0.519016, 0.5006329, 0.50254756, 0.518885, 0.513463, 0.5180179, 0.5023058, 0.5217061, 0.52195776, 0.5204987, 0.51239157, 0.51162946, 0.5154119, 0.5140841, 0.51294714, 0.51357675, 0.49996442, 0.51670176, 0.51871365, 0.5168662, 0.5168767, 0.5112371, 0.50081176, 0.51946926, 0.51885056, 0.5191717, 0.51645696, 0.5183911, 0.5215584, 0.51842004, 0.51312983, 0.5130772, 0.5135673, 0.51384616, 0.51845664, 0.5137271, 0.50497216, 0.50295645, 0.51432216, 0.5177667, 0.51494145, 0.51777554, 0.51857775, 0.518926, 0.51546866, 0.5147664, 0.5023386, 0.5219205, 0.5221871, 0.5223641, 0.49979445, 0.5026824, 0.5074912, 0.5079331, 0.51883096, 0.51248425, 0.5111115, 0.5087954, 0.52040774, 0.5206702, 0.5167324, 0.510021, 0.51749015, 0.51810956, 0.5180475, 0.5226166, 0.5099811, 0.5091801, 0.5099548, 0.5173694, 0.51560646, 0.51509744, 0.51329404, 0.5098377, 0.51260144, 0.5132008, 0.5138844, 0.51299804, 0.5137009, 0.5126047, 0.5111474, 0.50505775, 0.5161456, 0.5147564, 0.50526005, 0.5072434, 0.5161334, 0.5079966, 0.51378983, 0.51788056, 0.51770073, 0.515491, 0.513695, 0.51255107, 0.5089891, 0.501149, 0.5036169, 0.5120637, 0.5145124, 0.5147282, 0.50685227, 0.52097076, 0.518482, 0.51734036, 0.500578, 0.50173724, 0.51661724, 0.5162655, 0.5195477, 0.5138551, 0.5136254, 0.51267254, 0.50061727, 0.5025346, 0.506936, 0.5209967, 0.5163615, 0.5176263, 0.51242983, 0.5116538, 0.51101553, 0.50026405, 0.5119714, 0.5159864, 0.520373, 0.5117941, 0.517182, 0.5196641, 0.51998764, 0.5212208, 0.51611245, 0.5200326, 0.5199999, 0.5192967, 0.50713885, 0.51477927, 0.5192922, 0.5061753]
[0.5185157, 0.52018565, 0.5221146, 0.5168759, 0.51769453, 0.5141844, 0.513477, 0.51919764, 0.5028298, 0.50093466, 0.5018906, 0.514536, 0.5197999, 0.51288897, 0.50519204, 0.5181314, 0.5158636, 0.52092904, 0.52008706, 0.50982744, 0.51100045, 0.51714563, 0.5209771, 0.51624423, 0.5223491, 0.5165148, 0.513181, 0.50882876, 0.49958217, 0.49982196, 0.5203688, 0.5038117, 0.51025105, 0.49933356, 0.5039321, 0.50610983, 0.5216215, 0.4996707, 0.49928743, 0.51538014, 0.5127521, 0.51254183, 0.5118951, 0.5110363, 0.520184, 0.5186766, 0.5074442, 0.5139163, 0.51197046, 0.5113439, 0.52202886, 0.5171781, 0.51010233, 0.5193044, 0.5210413, 0.5146489, 0.52260554, 0.5084001, 0.5189868, 0.5195941, 0.5184227, 0.5103991, 0.510503, 0.50604755, 0.519162, 0.5166941, 0.51611763, 0.49892062, 0.5079829, 0.5117101, 0.51041937, 0.5113699, 0.51681787, 0.50468284, 0.49922872, 0.51758975, 0.519413, 0.5167311, 0.50586003, 0.51028097, 0.51546234, 0.5187202, 0.51394373, 0.50880533, 0.5091156, 0.50949436, 0.5087656, 0.5099579, 0.49993485, 0.4991841, 0.4989943, 0.49927282, 0.499546, 0.4995303, 0.5076843, 0.5158579, 0.5168805, 0.5206456, 0.5195014, 0.5172702, 0.5168092, 0.51820046, 0.508417, 0.5221933, 0.5233327, 0.52103204, 0.5104887, 0.5234611, 0.5091697, 0.5217641, 0.52227724, 0.5088513, 0.512613, 0.51078045, 0.5165064, 0.51090044, 0.49988428, 0.4996071, 0.518768, 0.51483035, 0.49922028, 0.49902013, 0.51937133, 0.49993277, 0.5196365, 0.5113723, 0.51967776, 0.5134212, 0.49959752, 0.49909326, 0.5221135, 0.5099266, 0.52339536, 0.5195409, 0.5181643, 0.5081881, 0.51346564, 0.5138888, 0.508004, 0.518231, 0.51838064, 0.5088553, 0.5049302, 0.51419127, 0.50520337, 0.5202528, 0.52066666, 0.49957305, 0.4988804, 0.51284784, 0.51350695, 0.50123817, 0.5000009, 0.49940455, 0.49947798, 0.5002336, 0.50685054, 0.5112074, 0.51816475, 0.49922052, 0.4996824, 0.51878494, 0.5126211, 0.5174274, 0.50052595, 0.5219736, 0.5227947, 0.5211849, 0.51075464, 0.5100593, 0.51413804, 0.5136623, 0.5119665, 0.5123855, 0.49921706, 0.5168374, 0.51795787, 0.5169567, 0.51720804, 0.50969434, 0.49970978, 0.5189565, 0.5192411, 0.51947165, 0.51543534, 0.5180035, 0.52213746, 0.5185322, 0.5117449, 0.511836, 0.51280373, 0.51231486, 0.5182113, 0.513538, 0.50227034, 0.49969244, 0.5139879, 0.5177622, 0.5143252, 0.51716834, 0.51815885, 0.51860213, 0.5147747, 0.5139132, 0.4993285, 0.5228082, 0.5233673, 0.52336186, 0.49909958, 0.5005198, 0.50273854, 0.50618464, 0.5193837, 0.5119165, 0.50829196, 0.50444525, 0.52133197, 0.52099586, 0.51708466, 0.5072486, 0.51752317, 0.51838696, 0.51768047, 0.5229878, 0.51004076, 0.50795805, 0.5085695, 0.51816416, 0.51577526, 0.51552975, 0.511914, 0.5066498, 0.5108906, 0.5117527, 0.51307285, 0.5124868, 0.512493, 0.51129466, 0.5095446, 0.5021442, 0.5166172, 0.515988, 0.5017969, 0.50328386, 0.51586235, 0.50692856, 0.5124959, 0.5185696, 0.51828796, 0.51504785, 0.5133223, 0.51123536, 0.5065752, 0.49956778, 0.5005577, 0.5100093, 0.51294094, 0.5134047, 0.50258905, 0.5218475, 0.5189255, 0.5177237, 0.49913758, 0.49908295, 0.5164596, 0.5159884, 0.52115583, 0.51215875, 0.5121591, 0.51210576, 0.49883068, 0.5004815, 0.5031218, 0.52090895, 0.5165423, 0.5179797, 0.5116063, 0.5107139, 0.50955546, 0.49901423, 0.51143223, 0.5155707, 0.5201999, 0.51088244, 0.5170978, 0.5190953, 0.5207093, 0.52137643, 0.51529074, 0.52053267, 0.52025086, 0.5194254, 0.5052112, 0.5134988, 0.51891637, 0.50285524]
[0.5159857, 0.51684207, 0.5174899, 0.5141959, 0.51501447, 0.5127336, 0.5117365, 0.51627064, 0.5053068, 0.5045876, 0.50579906, 0.5131599, 0.5155022, 0.5110869, 0.50658745, 0.5153976, 0.51326376, 0.51677626, 0.51664054, 0.5101024, 0.51075304, 0.51464224, 0.5168269, 0.51366276, 0.51760554, 0.5142593, 0.5121509, 0.50945693, 0.50059974, 0.50098854, 0.51673186, 0.5060295, 0.51016, 0.50281286, 0.5069476, 0.50755304, 0.5170633, 0.500357, 0.49983412, 0.5137694, 0.5115072, 0.51134455, 0.5114748, 0.5103508, 0.5165362, 0.5150346, 0.50858873, 0.5124762, 0.5114977, 0.5112583, 0.51771677, 0.5144663, 0.5104425, 0.5154128, 0.5167401, 0.5126136, 0.5176368, 0.5090875, 0.5153485, 0.51561713, 0.51479936, 0.5097813, 0.51019585, 0.50820327, 0.5157096, 0.5136559, 0.5135948, 0.50162935, 0.5087288, 0.5105908, 0.50953764, 0.5101044, 0.5143731, 0.50687736, 0.5019871, 0.51474965, 0.51572526, 0.5141524, 0.50878155, 0.51004297, 0.513291, 0.5150216, 0.5128137, 0.5088068, 0.5096334, 0.50949204, 0.5096895, 0.5101634, 0.5011867, 0.50041455, 0.50090826, 0.5001052, 0.5002222, 0.500256, 0.5090819, 0.51306456, 0.5139486, 0.5167946, 0.5158938, 0.5145161, 0.5142612, 0.5147175, 0.5088305, 0.5181351, 0.51848423, 0.51701176, 0.51009774, 0.51850766, 0.50986284, 0.5177564, 0.5175058, 0.5093387, 0.511682, 0.5103969, 0.51387155, 0.51033986, 0.5012704, 0.5006708, 0.515711, 0.5128377, 0.50206447, 0.5003208, 0.5157732, 0.50290006, 0.51602143, 0.51085794, 0.51629245, 0.511778, 0.5020936, 0.50082946, 0.5175984, 0.51049566, 0.51856166, 0.51618975, 0.51502633, 0.5091788, 0.5115163, 0.51223147, 0.5086567, 0.51514655, 0.5143186, 0.5094457, 0.5081045, 0.5126205, 0.508502, 0.51659286, 0.51656514, 0.5028765, 0.5003974, 0.51212883, 0.51238334, 0.5032054, 0.5009174, 0.50032324, 0.49994254, 0.5032514, 0.50831914, 0.51060027, 0.51540387, 0.49968144, 0.5033381, 0.5157119, 0.5114441, 0.5144369, 0.5018036, 0.51753813, 0.51809275, 0.5169409, 0.5104547, 0.5097584, 0.5125724, 0.51189876, 0.511345, 0.51163673, 0.5003747, 0.51397777, 0.5152783, 0.51395565, 0.513977, 0.50996536, 0.50073147, 0.51574457, 0.5156036, 0.51621646, 0.51316243, 0.51478374, 0.51749176, 0.5154051, 0.5111857, 0.5110303, 0.51138836, 0.5113598, 0.5147182, 0.51193845, 0.5039684, 0.50226283, 0.511963, 0.51475084, 0.5124975, 0.5144961, 0.514608, 0.5148342, 0.51287484, 0.51227957, 0.5022828, 0.51815856, 0.51809424, 0.5182005, 0.5001948, 0.5021282, 0.50626105, 0.50736475, 0.5155664, 0.51102835, 0.50931686, 0.50682235, 0.51707774, 0.5168379, 0.5141894, 0.50895274, 0.51415193, 0.51500505, 0.5145551, 0.51836187, 0.51029754, 0.5088507, 0.5092526, 0.5146581, 0.51352173, 0.51353306, 0.51096886, 0.5084075, 0.51015526, 0.5109286, 0.51135683, 0.5107246, 0.5113987, 0.51028425, 0.5097034, 0.5044403, 0.5140307, 0.51307946, 0.5051417, 0.50611806, 0.5131364, 0.5075021, 0.5112197, 0.5150763, 0.514784, 0.5131006, 0.51205605, 0.510782, 0.50836647, 0.50034744, 0.5035146, 0.5099808, 0.51160896, 0.5116549, 0.5061712, 0.517526, 0.51548487, 0.5146207, 0.5004578, 0.5009629, 0.5138004, 0.51351666, 0.516177, 0.51150274, 0.51136196, 0.51092565, 0.50239503, 0.50183403, 0.5066288, 0.5165973, 0.5143979, 0.51489735, 0.5111433, 0.5097477, 0.50949997, 0.49982148, 0.51091135, 0.5139001, 0.5164781, 0.5101366, 0.5140126, 0.51602745, 0.5166675, 0.5173512, 0.51310897, 0.51633865, 0.5163442, 0.51578987, 0.5068947, 0.511836, 0.5151319, 0.50597227]
[0.5092848, 0.5101048, 0.510601, 0.50890815, 0.5087573, 0.50812674, 0.506867, 0.5100085, 0.50360996, 0.50384367, 0.5021447, 0.5083556, 0.5094573, 0.50705457, 0.50347275, 0.5096518, 0.50827944, 0.510561, 0.50966704, 0.5062645, 0.5065707, 0.50893587, 0.5105076, 0.5081713, 0.5110451, 0.50870734, 0.5069458, 0.5047755, 0.5085826, 0.50943017, 0.5100467, 0.5032076, 0.50571686, 0.5043168, 0.50376797, 0.5057368, 0.51082367, 0.50812596, 0.5073015, 0.50875384, 0.50762963, 0.50729614, 0.5068076, 0.5069714, 0.5097859, 0.50889695, 0.5048462, 0.5076246, 0.5070837, 0.50661945, 0.5106913, 0.5090699, 0.5069938, 0.50943446, 0.51041496, 0.5079329, 0.51088583, 0.5051863, 0.5092682, 0.5094801, 0.5096019, 0.5061183, 0.50605893, 0.50435096, 0.5094338, 0.508576, 0.50827783, 0.5059767, 0.50486845, 0.5067865, 0.5063355, 0.50709236, 0.50890577, 0.5037222, 0.5048052, 0.5089456, 0.5097665, 0.5090394, 0.5055777, 0.5065336, 0.5081373, 0.5093233, 0.5074349, 0.5061928, 0.5064994, 0.50670993, 0.5060971, 0.50631887, 0.5095584, 0.50518167, 0.5066071, 0.5077965, 0.5087403, 0.5083292, 0.50484776, 0.50826305, 0.50831294, 0.51041245, 0.5095244, 0.5092783, 0.50924885, 0.5092108, 0.50564563, 0.51118606, 0.5110718, 0.5103854, 0.50609654, 0.5114006, 0.50626653, 0.5108034, 0.5107095, 0.50524765, 0.50723433, 0.50720495, 0.5082705, 0.5061671, 0.50374043, 0.50771374, 0.5092677, 0.5078331, 0.5021942, 0.50610775, 0.5095398, 0.5037348, 0.50966793, 0.5060023, 0.510091, 0.507455, 0.5042123, 0.50540286, 0.51098615, 0.5060298, 0.5114363, 0.50972676, 0.50888485, 0.5049046, 0.5070329, 0.50775796, 0.50487053, 0.50974375, 0.5087719, 0.5053861, 0.5040559, 0.5078391, 0.50532544, 0.51037395, 0.51081866, 0.5024809, 0.5035186, 0.50762093, 0.5078469, 0.5145061, 0.508679, 0.5072077, 0.50601125, 0.50351715, 0.50393903, 0.50715554, 0.50901717, 0.5062166, 0.503108, 0.5095257, 0.5067134, 0.50847256, 0.50445175, 0.51105756, 0.5112362, 0.5104681, 0.50650185, 0.50573266, 0.50846624, 0.5073553, 0.5070245, 0.5074208, 0.50620437, 0.5089509, 0.50923556, 0.50806713, 0.5082407, 0.5060707, 0.5091075, 0.5093965, 0.50978976, 0.50994605, 0.50794715, 0.509233, 0.5108876, 0.50929147, 0.50745505, 0.50715345, 0.50756, 0.5073597, 0.5091976, 0.5078959, 0.5029079, 0.5041182, 0.5075619, 0.508866, 0.50794053, 0.5095696, 0.50899535, 0.5090616, 0.50877756, 0.50795764, 0.5047056, 0.5112433, 0.51117045, 0.5113146, 0.50729436, 0.51256883, 0.5035129, 0.50318384, 0.5099089, 0.5067877, 0.50601363, 0.5048536, 0.5105562, 0.51031876, 0.50847876, 0.50589067, 0.5088126, 0.50953645, 0.508796, 0.5112552, 0.506538, 0.50592035, 0.5061765, 0.50907606, 0.50820524, 0.5083474, 0.5072001, 0.5049932, 0.50633216, 0.5074048, 0.5074069, 0.5069109, 0.50688773, 0.5065601, 0.50569475, 0.503082, 0.5085665, 0.5082526, 0.5022458, 0.5026768, 0.5082322, 0.5032794, 0.5072983, 0.5093, 0.50920874, 0.508423, 0.5077218, 0.5070191, 0.5043792, 0.5083106, 0.50435644, 0.50580597, 0.5071618, 0.50722766, 0.5036213, 0.5107894, 0.5097048, 0.5093342, 0.50815874, 0.5038156, 0.50832444, 0.5085728, 0.50955385, 0.5075421, 0.5074113, 0.5068452, 0.506618, 0.51186717, 0.5022006, 0.51038736, 0.5087651, 0.50915676, 0.5073409, 0.506378, 0.5055403, 0.50795496, 0.5066486, 0.5080929, 0.5102236, 0.50552297, 0.5088045, 0.50980973, 0.509922, 0.51072997, 0.5078394, 0.51001567, 0.5099299, 0.5096159, 0.5041636, 0.5076859, 0.50961316, 0.50269455]
[0.5110175, 0.5122906, 0.5127676, 0.5101835, 0.51097125, 0.50896484, 0.5084543, 0.51162386, 0.50124264, 0.5006309, 0.50021666, 0.5096365, 0.5115586, 0.508084, 0.5019719, 0.5107699, 0.50962263, 0.5127779, 0.5117948, 0.50687844, 0.50778204, 0.5099142, 0.51252913, 0.5099627, 0.51345384, 0.51017797, 0.50863606, 0.50620437, 0.5033915, 0.50376916, 0.51209533, 0.5010385, 0.5061608, 0.501538, 0.5012084, 0.5035008, 0.5127596, 0.5031517, 0.5025838, 0.50975376, 0.5085623, 0.50835496, 0.50820935, 0.5069338, 0.51220983, 0.5107519, 0.5028044, 0.5088444, 0.50783145, 0.5075208, 0.5129971, 0.51096433, 0.50740856, 0.5111485, 0.51239806, 0.50911295, 0.51305956, 0.5060043, 0.5108665, 0.5112486, 0.51106316, 0.5068571, 0.5073517, 0.50309944, 0.5114926, 0.50971407, 0.50971913, 0.50200844, 0.50579584, 0.5071995, 0.5068607, 0.50738627, 0.5105071, 0.50173366, 0.50148165, 0.51015025, 0.5113163, 0.5100965, 0.5049902, 0.5065255, 0.5095985, 0.5109791, 0.5088423, 0.5053891, 0.50623405, 0.5063603, 0.505867, 0.50675905, 0.50406027, 0.50206226, 0.5023023, 0.50294477, 0.50340945, 0.50312066, 0.5059152, 0.5091091, 0.50986165, 0.51228577, 0.51152825, 0.51053625, 0.5105536, 0.51077366, 0.50476474, 0.5133698, 0.5134807, 0.5124196, 0.5065809, 0.51371706, 0.50672555, 0.5128803, 0.5129433, 0.50627315, 0.5082499, 0.50769717, 0.5100227, 0.5074441, 0.50147486, 0.5037139, 0.51139534, 0.5095609, 0.5008696, 0.5026794, 0.51189417, 0.5009519, 0.5118363, 0.50705844, 0.51157415, 0.5089554, 0.5014236, 0.50177836, 0.5132134, 0.50690955, 0.5134957, 0.51153076, 0.51114076, 0.50513655, 0.5084073, 0.50891274, 0.50419587, 0.51086694, 0.510818, 0.5059645, 0.5030351, 0.50889486, 0.5049765, 0.51211524, 0.51228166, 0.50055856, 0.50134236, 0.50820273, 0.5089753, 0.5065731, 0.5037356, 0.50298995, 0.50205314, 0.5009652, 0.50267076, 0.5071723, 0.5109175, 0.5025445, 0.50146407, 0.51135856, 0.50776607, 0.5098631, 0.5011693, 0.51285636, 0.51349425, 0.51270425, 0.5070334, 0.506263, 0.5092382, 0.50851315, 0.5075983, 0.5080713, 0.5023855, 0.51085746, 0.5110881, 0.5101184, 0.5101531, 0.5067698, 0.50347227, 0.5112112, 0.5115464, 0.5120473, 0.5093167, 0.51072913, 0.5131862, 0.5111665, 0.5082284, 0.5082067, 0.5083232, 0.5081357, 0.51071423, 0.50889623, 0.501111, 0.50115865, 0.5086287, 0.5104508, 0.50913674, 0.51034015, 0.51082605, 0.5107248, 0.50937676, 0.50891435, 0.5017843, 0.5135506, 0.51360416, 0.51361406, 0.5024203, 0.50544995, 0.5021769, 0.501836, 0.51138514, 0.5077841, 0.5057775, 0.50094575, 0.5128294, 0.5123341, 0.51020324, 0.5051442, 0.5103296, 0.51107854, 0.5106817, 0.513561, 0.50731623, 0.50647885, 0.506934, 0.51071334, 0.5097663, 0.509461, 0.5078626, 0.50315815, 0.50686413, 0.5080095, 0.50843465, 0.5079736, 0.5079267, 0.50701815, 0.50563943, 0.50071687, 0.5100215, 0.50965554, 0.50057894, 0.5009791, 0.50937104, 0.50346845, 0.50815076, 0.5109184, 0.51072514, 0.50941604, 0.508535, 0.5074828, 0.5042713, 0.50310755, 0.5011758, 0.5061173, 0.5078648, 0.50807005, 0.50119025, 0.512906, 0.51115674, 0.5105069, 0.5027067, 0.501441, 0.5098775, 0.5096774, 0.5118388, 0.50817525, 0.50807637, 0.5079335, 0.5018075, 0.5050994, 0.5013565, 0.5119675, 0.510253, 0.51062095, 0.5080013, 0.50674754, 0.5064473, 0.5027761, 0.50735056, 0.5093845, 0.51207495, 0.50709707, 0.5096815, 0.5112778, 0.5122588, 0.5127288, 0.50919324, 0.51218307, 0.51213026, 0.51172435, 0.5014147, 0.508424, 0.51128775, 0.5004228]
[0.513377, 0.5139434, 0.51484144, 0.51203376, 0.51283157, 0.5110117, 0.51021093, 0.5136906, 0.50526285, 0.50391555, 0.5051526, 0.511881, 0.5130931, 0.5096462, 0.5059799, 0.5126181, 0.511452, 0.51453626, 0.51310545, 0.5085398, 0.5093034, 0.5120087, 0.51436764, 0.5113298, 0.5150592, 0.5122202, 0.5104351, 0.50774056, 0.5017794, 0.5024532, 0.51409703, 0.50606036, 0.50826836, 0.5018622, 0.5058545, 0.5079357, 0.5146076, 0.50128615, 0.5005353, 0.51235414, 0.510439, 0.5096796, 0.5101449, 0.50876755, 0.51390964, 0.5128317, 0.50677526, 0.5105711, 0.5098779, 0.5096129, 0.5148082, 0.51266134, 0.5088836, 0.5133019, 0.51436174, 0.51067674, 0.51511306, 0.5080961, 0.51297504, 0.5131814, 0.5128721, 0.5086557, 0.50855386, 0.50718516, 0.5137218, 0.51168346, 0.5113165, 0.5022842, 0.50791425, 0.50893813, 0.5081111, 0.50880545, 0.512286, 0.50550735, 0.501451, 0.51219153, 0.5135907, 0.5123396, 0.50704575, 0.5082929, 0.5112935, 0.5128484, 0.51048815, 0.50787467, 0.5081107, 0.50823045, 0.507835, 0.5086084, 0.50237167, 0.50134474, 0.50057185, 0.50118285, 0.5017212, 0.5011748, 0.507971, 0.51153517, 0.511996, 0.5142397, 0.51361924, 0.51242054, 0.51225185, 0.51275384, 0.5081508, 0.5152804, 0.515457, 0.51453567, 0.50841117, 0.51573354, 0.50839627, 0.51470715, 0.51504534, 0.50804836, 0.5101386, 0.50956404, 0.51187265, 0.5085665, 0.5021463, 0.5012122, 0.5132489, 0.51096463, 0.5019909, 0.50080824, 0.5133454, 0.5033519, 0.5136821, 0.5090009, 0.5137882, 0.5103054, 0.5019219, 0.50115067, 0.514942, 0.5093513, 0.51571214, 0.51355046, 0.5123734, 0.507699, 0.51039433, 0.5114789, 0.50737095, 0.5130115, 0.5123871, 0.5083963, 0.507247, 0.51085097, 0.50740623, 0.51427954, 0.5144722, 0.5032147, 0.50166994, 0.5106463, 0.5112541, 0.50484675, 0.50203073, 0.5012014, 0.50096595, 0.5030516, 0.50685495, 0.5092286, 0.5126917, 0.5008394, 0.5030092, 0.51307297, 0.5094751, 0.5118672, 0.5022575, 0.51480156, 0.51529026, 0.5143512, 0.5091172, 0.50838345, 0.5111721, 0.5099107, 0.5098646, 0.5097548, 0.50064856, 0.512615, 0.5128152, 0.5115607, 0.5114822, 0.5085602, 0.5013446, 0.5130113, 0.51330507, 0.5135176, 0.5113099, 0.5128074, 0.5153756, 0.51286685, 0.5099652, 0.5099676, 0.5103653, 0.5098397, 0.5124662, 0.5103013, 0.50476295, 0.5021401, 0.5105345, 0.5124413, 0.5110695, 0.5127944, 0.51267785, 0.51297015, 0.51119363, 0.5108852, 0.5015978, 0.5152327, 0.51555604, 0.5155728, 0.50093365, 0.50368744, 0.50518197, 0.5063667, 0.5133314, 0.5093729, 0.5084553, 0.5064586, 0.51446, 0.51450264, 0.5116765, 0.5073241, 0.5124455, 0.5126982, 0.5125932, 0.51562536, 0.50862634, 0.5076766, 0.5078199, 0.51222616, 0.51141965, 0.51122516, 0.50935596, 0.5073486, 0.50861955, 0.50972193, 0.50998855, 0.50970906, 0.5098167, 0.50890446, 0.5077359, 0.50404936, 0.5116981, 0.5112793, 0.5037372, 0.50470155, 0.5111275, 0.5069528, 0.50984865, 0.5127926, 0.51231766, 0.5112248, 0.5103117, 0.50931865, 0.5068692, 0.5011737, 0.50255203, 0.50862074, 0.50986403, 0.5100658, 0.5048843, 0.5146911, 0.51311755, 0.51234704, 0.50049764, 0.50270915, 0.5119848, 0.51138765, 0.5140184, 0.5098773, 0.50971055, 0.5097427, 0.5014763, 0.50349313, 0.50484437, 0.5142407, 0.512241, 0.51274633, 0.50960606, 0.50835097, 0.50816923, 0.50115985, 0.50889945, 0.51145416, 0.51395303, 0.50873536, 0.51226974, 0.5135255, 0.5139406, 0.51467896, 0.5109607, 0.51434505, 0.5135186, 0.5132641, 0.50651276, 0.5102902, 0.5130908, 0.50393665]
[0.51384324, 0.5145391, 0.5151267, 0.5127549, 0.5130287, 0.51099265, 0.5094741, 0.51396286, 0.50137204, 0.50099725, 0.5019403, 0.5111806, 0.5137131, 0.5100566, 0.5047681, 0.513395, 0.51176745, 0.51521426, 0.5135738, 0.5082556, 0.50926644, 0.5121741, 0.5150163, 0.511824, 0.5160492, 0.512222, 0.51053536, 0.5062302, 0.50241494, 0.50301766, 0.51440257, 0.5037261, 0.5079877, 0.50039566, 0.50251883, 0.5047894, 0.51525223, 0.50248146, 0.5019301, 0.5120255, 0.5109216, 0.51098603, 0.509995, 0.5090599, 0.5143301, 0.5128344, 0.5042086, 0.51064414, 0.50971097, 0.50933975, 0.5157008, 0.5125764, 0.50883114, 0.51338154, 0.5149497, 0.5106526, 0.5155187, 0.50841564, 0.5137823, 0.5139051, 0.51321423, 0.5087804, 0.5091419, 0.5050588, 0.51376444, 0.5117228, 0.511996, 0.50095433, 0.5069138, 0.5090392, 0.50826645, 0.5095963, 0.51303697, 0.50312084, 0.50046575, 0.5128429, 0.51396453, 0.5124152, 0.5074304, 0.5091239, 0.51189184, 0.51325905, 0.51057273, 0.50816685, 0.5086397, 0.5078938, 0.5066108, 0.5088181, 0.50328773, 0.50144994, 0.50181204, 0.50235903, 0.5025951, 0.50248134, 0.5078, 0.5112072, 0.51214105, 0.5146939, 0.5135232, 0.5127228, 0.5127307, 0.5132716, 0.506466, 0.51593304, 0.5161071, 0.5145275, 0.5089406, 0.5164715, 0.50808454, 0.51550126, 0.51557064, 0.5074821, 0.51010233, 0.5088852, 0.5117782, 0.50869864, 0.5000436, 0.5030193, 0.5135629, 0.5110063, 0.5007832, 0.50138986, 0.5136887, 0.49984258, 0.514231, 0.5085288, 0.5139911, 0.5106133, 0.5004389, 0.50115216, 0.5158033, 0.50906676, 0.51633793, 0.51375693, 0.51293766, 0.5076207, 0.5097714, 0.5108071, 0.5052265, 0.51350546, 0.51296294, 0.50745416, 0.5053205, 0.51112944, 0.5056212, 0.51501, 0.5149671, 0.5003191, 0.50130355, 0.51032484, 0.51055104, 0.5059363, 0.5027828, 0.5020174, 0.50147164, 0.49999356, 0.5056876, 0.5092525, 0.51271796, 0.50198084, 0.5003721, 0.5134143, 0.5090938, 0.5118337, 0.4998584, 0.5156396, 0.51592255, 0.514698, 0.50894916, 0.50776386, 0.51113594, 0.5105787, 0.5098493, 0.5099189, 0.50183666, 0.51258385, 0.51269853, 0.51150376, 0.5116817, 0.50831556, 0.5027717, 0.5134891, 0.5142016, 0.5141642, 0.5114201, 0.51284254, 0.5156285, 0.51347417, 0.51008064, 0.509878, 0.5100455, 0.5101012, 0.51285213, 0.51081157, 0.50192916, 0.50042295, 0.5103718, 0.5129072, 0.51101613, 0.5129174, 0.5125761, 0.5128229, 0.5119785, 0.51094633, 0.500284, 0.5161988, 0.5164966, 0.51633435, 0.502096, 0.5044672, 0.5026154, 0.5057198, 0.5138779, 0.50958514, 0.5071848, 0.5031656, 0.515492, 0.51443356, 0.5122223, 0.5064006, 0.5126388, 0.5134911, 0.5124048, 0.51604885, 0.5092364, 0.5075859, 0.5081235, 0.5131657, 0.511489, 0.5114164, 0.5092523, 0.5052571, 0.5087117, 0.509636, 0.51022935, 0.5093153, 0.5093772, 0.50858414, 0.50661314, 0.5000001, 0.512762, 0.51202, 0.5012223, 0.50323427, 0.5114164, 0.5048039, 0.5100487, 0.513349, 0.5128573, 0.511776, 0.5103931, 0.509651, 0.5059125, 0.5021822, 0.49995202, 0.5084231, 0.51016337, 0.5103212, 0.5031623, 0.5153675, 0.5138809, 0.51310754, 0.5021254, 0.50046253, 0.51168215, 0.5120067, 0.5141746, 0.5102716, 0.51015174, 0.5096771, 0.5015523, 0.50421375, 0.50187963, 0.51443464, 0.51213694, 0.51293176, 0.5099447, 0.5085025, 0.5077028, 0.50173414, 0.50954837, 0.51128274, 0.51465166, 0.50885797, 0.5122037, 0.5140323, 0.5148149, 0.51536584, 0.5109141, 0.5145368, 0.5145492, 0.5141293, 0.50300103, 0.50977623, 0.5134647, 0.501571]
[0.51794505, 0.5194957, 0.52123314, 0.516823, 0.51735944, 0.515129, 0.51341933, 0.51925045, 0.5053882, 0.50230926, 0.50367266, 0.5155443, 0.5189523, 0.51355726, 0.50807863, 0.51872295, 0.5156618, 0.5205488, 0.51834637, 0.51104254, 0.5125976, 0.51667744, 0.52053666, 0.5157191, 0.5220973, 0.51609164, 0.5131374, 0.5093416, 0.4993751, 0.49950436, 0.519716, 0.50633603, 0.5105963, 0.50150204, 0.5081674, 0.5105801, 0.52128166, 0.49927127, 0.4987372, 0.51591086, 0.5135188, 0.5132932, 0.5121526, 0.5129134, 0.51969844, 0.5181803, 0.50866216, 0.51375216, 0.5124475, 0.51136017, 0.52174836, 0.51798886, 0.5121531, 0.5186374, 0.5205963, 0.5151265, 0.5220648, 0.51068157, 0.5182795, 0.5187954, 0.5188516, 0.51257116, 0.51048654, 0.5084341, 0.51872736, 0.51604915, 0.51584584, 0.49943987, 0.5093447, 0.5120541, 0.51091164, 0.51270115, 0.5169257, 0.5056636, 0.5012171, 0.5171357, 0.5187634, 0.51650774, 0.5084971, 0.5116099, 0.51596695, 0.51831865, 0.51421463, 0.51121813, 0.5114053, 0.5104273, 0.5089453, 0.51109475, 0.4998364, 0.50002927, 0.49870124, 0.4989182, 0.4992542, 0.4993372, 0.50966364, 0.5155795, 0.51622564, 0.52045274, 0.5185498, 0.51776594, 0.5177084, 0.5182314, 0.5105644, 0.5222394, 0.52246904, 0.52051353, 0.5116269, 0.52285475, 0.51098406, 0.52118707, 0.52143914, 0.5100414, 0.5136234, 0.5130495, 0.51600224, 0.5110276, 0.5021219, 0.4993715, 0.5183749, 0.51478064, 0.50332236, 0.4993996, 0.5182033, 0.50233394, 0.51943076, 0.5115152, 0.519369, 0.51471055, 0.50152457, 0.50023705, 0.52144337, 0.5112652, 0.5228474, 0.51845515, 0.5176255, 0.5079066, 0.5141057, 0.5143939, 0.50810546, 0.5184651, 0.517597, 0.5109367, 0.50663, 0.51458454, 0.50845474, 0.52033854, 0.5207096, 0.5038479, 0.50288624, 0.51342607, 0.51430357, 0.50164735, 0.49947014, 0.4988811, 0.49871585, 0.50107276, 0.50727797, 0.5128379, 0.517489, 0.499923, 0.50254637, 0.51842034, 0.51263547, 0.5165777, 0.50189084, 0.5216662, 0.52203023, 0.52046794, 0.5117396, 0.5103635, 0.51558006, 0.51340365, 0.5124507, 0.51309884, 0.49884847, 0.5172267, 0.51776385, 0.5160974, 0.516431, 0.5101861, 0.49924618, 0.5183701, 0.5189294, 0.5193455, 0.51562136, 0.5179304, 0.5212061, 0.51796204, 0.51423657, 0.51380247, 0.51433384, 0.5142135, 0.51830435, 0.5146101, 0.50432515, 0.5023516, 0.51449245, 0.51771945, 0.5149865, 0.51799005, 0.5179303, 0.5181407, 0.5160369, 0.51519746, 0.5018798, 0.52265984, 0.5227957, 0.5223969, 0.4988769, 0.50050485, 0.50657845, 0.50852484, 0.5188044, 0.5120319, 0.5106116, 0.5083818, 0.5209688, 0.5202131, 0.5164194, 0.50926787, 0.51731986, 0.5180124, 0.5171687, 0.52268493, 0.51177615, 0.50959265, 0.51058203, 0.51764166, 0.5153794, 0.51553595, 0.5127099, 0.50878584, 0.5115409, 0.5133807, 0.51356846, 0.51288915, 0.5130299, 0.51161766, 0.5101035, 0.5019237, 0.5164586, 0.51554906, 0.50280964, 0.5057413, 0.5157638, 0.5070235, 0.51394653, 0.5178699, 0.5173744, 0.51528955, 0.5136935, 0.5121356, 0.50798154, 0.4988602, 0.5011368, 0.5107572, 0.5133852, 0.5136756, 0.50665593, 0.5209691, 0.51825124, 0.5172022, 0.4990871, 0.5031902, 0.5162745, 0.5160914, 0.5193472, 0.5136679, 0.5130328, 0.5129565, 0.49872717, 0.5005409, 0.50402945, 0.52034944, 0.5168981, 0.517588, 0.51338434, 0.51100534, 0.5101765, 0.49924192, 0.51170343, 0.5147499, 0.5198544, 0.51126254, 0.51693755, 0.51930946, 0.52029234, 0.5208769, 0.51475877, 0.5198093, 0.5195219, 0.5188766, 0.505995, 0.51421297, 0.5188396, 0.50413406]
[0.5167102, 0.51814896, 0.5194428, 0.5155972, 0.5161767, 0.5132339, 0.5116331, 0.51754045, 0.50008106, 0.50039315, 0.50181234, 0.5123653, 0.5173836, 0.51091725, 0.5051427, 0.5168665, 0.5140827, 0.5184488, 0.5176939, 0.50864804, 0.51048374, 0.5161838, 0.5189898, 0.514524, 0.5192819, 0.514755, 0.51153165, 0.5071226, 0.5032829, 0.5043853, 0.5181737, 0.5055792, 0.5094622, 0.5004217, 0.50524443, 0.5068023, 0.51934206, 0.5027962, 0.50199705, 0.51367927, 0.51103157, 0.5110906, 0.510152, 0.51025224, 0.517941, 0.5165267, 0.5079956, 0.5127534, 0.5114965, 0.51105285, 0.5197808, 0.5156951, 0.5097693, 0.51657087, 0.51889646, 0.5135287, 0.5200569, 0.5076057, 0.51673, 0.5171499, 0.5163389, 0.50955653, 0.5082903, 0.5063023, 0.5168723, 0.51456493, 0.51478356, 0.5016354, 0.5070067, 0.5106303, 0.5094418, 0.5104276, 0.51496655, 0.50440246, 0.5000807, 0.51632446, 0.51721346, 0.5150549, 0.5066316, 0.50996715, 0.514263, 0.51602465, 0.51333845, 0.50806093, 0.509319, 0.50907844, 0.50814706, 0.50937366, 0.5046603, 0.5020734, 0.50194734, 0.50275886, 0.5031095, 0.503323, 0.5079359, 0.5137186, 0.51474375, 0.5186006, 0.5177972, 0.5154574, 0.5152983, 0.51614326, 0.5078081, 0.52033323, 0.52069294, 0.5187812, 0.50960684, 0.5208046, 0.50884336, 0.5197517, 0.51899266, 0.50834674, 0.5111672, 0.5097503, 0.5142012, 0.51008123, 0.50087297, 0.50347906, 0.5168971, 0.51264936, 0.5010386, 0.50192654, 0.5168162, 0.5008642, 0.5175379, 0.51034933, 0.51762474, 0.51159346, 0.50138247, 0.5021063, 0.5192902, 0.5102573, 0.52088803, 0.5179751, 0.5160314, 0.5080123, 0.5111748, 0.5122253, 0.5068666, 0.5164844, 0.51586443, 0.50735337, 0.50507104, 0.5125718, 0.50701135, 0.51852846, 0.5186883, 0.5008289, 0.5020549, 0.5122341, 0.51285493, 0.5074386, 0.50406224, 0.5031789, 0.5027639, 0.5001898, 0.50730085, 0.51134354, 0.5174467, 0.5037443, 0.50135577, 0.51718205, 0.5116775, 0.5158616, 0.5010718, 0.5197179, 0.5194319, 0.5179777, 0.51061136, 0.5094155, 0.51306015, 0.51256186, 0.5106494, 0.5113853, 0.5025976, 0.51415014, 0.5161688, 0.5147863, 0.51485157, 0.5085184, 0.5032962, 0.51799244, 0.5170809, 0.5172629, 0.5135486, 0.5159241, 0.51934654, 0.51674426, 0.51105106, 0.5107206, 0.5109796, 0.51152205, 0.515811, 0.5120806, 0.5011249, 0.5009768, 0.5121736, 0.5159668, 0.512401, 0.5159115, 0.51563466, 0.5158365, 0.513746, 0.5122202, 0.5011319, 0.5200776, 0.52069867, 0.5203092, 0.5019763, 0.5052477, 0.50277966, 0.5060784, 0.51690894, 0.5103819, 0.50885427, 0.5057304, 0.5193382, 0.518397, 0.51470417, 0.5077612, 0.51548344, 0.5158852, 0.5152042, 0.5208877, 0.5088693, 0.5074793, 0.5082389, 0.5160465, 0.51321733, 0.5126385, 0.51017964, 0.5068397, 0.510538, 0.51036334, 0.5111666, 0.5103137, 0.51110893, 0.51006263, 0.5086529, 0.49968794, 0.5142676, 0.51327574, 0.50092804, 0.50361747, 0.51429224, 0.50638896, 0.5107815, 0.5165108, 0.5159791, 0.5132949, 0.51174164, 0.51061743, 0.5061493, 0.5031649, 0.49995393, 0.50989443, 0.5124742, 0.5126412, 0.5017555, 0.5190183, 0.51693606, 0.5157231, 0.50301373, 0.5009243, 0.51409, 0.51449186, 0.5177211, 0.511871, 0.5115145, 0.5103768, 0.50212413, 0.5053575, 0.5020805, 0.51864564, 0.5141615, 0.5157304, 0.50978297, 0.5092391, 0.50879204, 0.50241053, 0.5108219, 0.513744, 0.5185954, 0.51034284, 0.51560545, 0.51782674, 0.5184832, 0.5192824, 0.5136839, 0.51783437, 0.51832956, 0.51768494, 0.50417227, 0.51193404, 0.5169988, 0.5009181]
[0.51148194, 0.51226044, 0.5128217, 0.5106683, 0.5109758, 0.50899595, 0.50852805, 0.5118189, 0.5013119, 0.50049555, 0.50105625, 0.50921434, 0.51174194, 0.50803506, 0.5018642, 0.51148444, 0.5098511, 0.51261663, 0.51207566, 0.50638014, 0.5076733, 0.5107119, 0.5125487, 0.5102871, 0.51320666, 0.5101471, 0.5086143, 0.5056994, 0.5028206, 0.503266, 0.51218843, 0.50191796, 0.5064344, 0.5004525, 0.50200695, 0.5035326, 0.5127434, 0.50248665, 0.50191677, 0.50939596, 0.5080031, 0.50813264, 0.50783867, 0.50737476, 0.51228374, 0.5112533, 0.50517595, 0.5090591, 0.5078221, 0.50809383, 0.51317626, 0.51054007, 0.5074156, 0.511218, 0.5124489, 0.5092138, 0.5131748, 0.5057755, 0.51124775, 0.51149106, 0.51092094, 0.5071901, 0.50662285, 0.5039332, 0.5115649, 0.50990134, 0.5100215, 0.5013465, 0.50498194, 0.50740904, 0.5067061, 0.5076373, 0.5104964, 0.5024169, 0.5009532, 0.51062953, 0.51144, 0.5100374, 0.5049154, 0.5069995, 0.5098221, 0.5111628, 0.50931275, 0.50567096, 0.50613815, 0.5056397, 0.5051431, 0.5070022, 0.5037128, 0.5014438, 0.50154555, 0.502281, 0.50257045, 0.5027364, 0.5059212, 0.50949013, 0.51024556, 0.5123568, 0.5119342, 0.5106109, 0.5104501, 0.5108159, 0.50536495, 0.5135198, 0.51371264, 0.5126618, 0.5071776, 0.5137784, 0.5068017, 0.5133092, 0.5128817, 0.50614184, 0.50852364, 0.5072179, 0.50995445, 0.50719833, 0.5007221, 0.50334394, 0.51175207, 0.5093894, 0.5001319, 0.50194836, 0.51156205, 0.50013685, 0.51180446, 0.5073249, 0.5119532, 0.5087163, 0.5006908, 0.5017387, 0.51326627, 0.5072362, 0.513755, 0.5119316, 0.51108295, 0.5053386, 0.50846696, 0.50865674, 0.5045458, 0.51131964, 0.5107086, 0.5053288, 0.5028083, 0.50899756, 0.50406724, 0.51218605, 0.5121745, 0.4999866, 0.5009154, 0.50846213, 0.5087943, 0.506665, 0.5034819, 0.50228304, 0.501777, 0.5001312, 0.5040714, 0.5077381, 0.51128787, 0.5031018, 0.50059795, 0.5116701, 0.5084143, 0.51068336, 0.50048, 0.5129008, 0.51343536, 0.5129348, 0.5078601, 0.5065359, 0.50907815, 0.508566, 0.5076322, 0.50795776, 0.50222147, 0.5103074, 0.5112466, 0.5101394, 0.51027304, 0.50667864, 0.5034253, 0.51174045, 0.51167566, 0.5120631, 0.50972, 0.5110197, 0.5131379, 0.51148903, 0.5079652, 0.5081342, 0.50825864, 0.508233, 0.5109963, 0.50881827, 0.5007331, 0.5004557, 0.50881094, 0.5107361, 0.50891674, 0.510425, 0.5108964, 0.5109585, 0.5090411, 0.50909466, 0.50029135, 0.5135343, 0.5135726, 0.5134808, 0.50129205, 0.5049002, 0.5026652, 0.50395346, 0.5115361, 0.50756395, 0.50595045, 0.5021412, 0.5128266, 0.5122158, 0.5102716, 0.5056302, 0.51064897, 0.51091945, 0.51053745, 0.5135863, 0.5072783, 0.50550324, 0.5060628, 0.5106155, 0.5095744, 0.5095375, 0.50762004, 0.5040983, 0.5072988, 0.5081059, 0.5086471, 0.50785637, 0.50814474, 0.50691825, 0.50583, 0.50060695, 0.5102528, 0.5095255, 0.5008032, 0.5015607, 0.5098034, 0.50357395, 0.50834984, 0.5110714, 0.51056296, 0.5092854, 0.508291, 0.50748914, 0.50495315, 0.5029611, 0.5003471, 0.5064486, 0.50827765, 0.5082913, 0.50168097, 0.5128436, 0.511473, 0.51073647, 0.50240827, 0.50066924, 0.51023924, 0.5099319, 0.51186424, 0.5082586, 0.5081927, 0.50760204, 0.50081635, 0.5048848, 0.5011303, 0.5122369, 0.51021457, 0.51084566, 0.5077342, 0.506751, 0.5064287, 0.50213355, 0.5076428, 0.5095668, 0.5125522, 0.5071348, 0.50972426, 0.5117231, 0.5123361, 0.5128547, 0.5092401, 0.51207626, 0.51243144, 0.5121071, 0.50177336, 0.50869393, 0.5118656, 0.50147706]
[0.5145024, 0.51485246, 0.51722944, 0.5134593, 0.51418644, 0.5115836, 0.5115906, 0.5154885, 0.50407624, 0.50274485, 0.50356495, 0.5122668, 0.5150312, 0.51048285, 0.50606245, 0.51396716, 0.512414, 0.51654816, 0.5149677, 0.5088186, 0.5095326, 0.5132018, 0.5166147, 0.5126216, 0.51751477, 0.5127911, 0.5106435, 0.50830036, 0.49880403, 0.4992842, 0.515943, 0.50528955, 0.50805473, 0.50152636, 0.50557584, 0.5079573, 0.5169022, 0.4990814, 0.4995371, 0.5124935, 0.5100858, 0.50967366, 0.50972295, 0.5097045, 0.5153546, 0.51459503, 0.5081897, 0.5109984, 0.5094987, 0.5095082, 0.5172457, 0.5142356, 0.5092315, 0.5147784, 0.51643485, 0.5119382, 0.51743203, 0.50825214, 0.514504, 0.5148735, 0.51434666, 0.5092704, 0.50856835, 0.5064943, 0.51542383, 0.5129636, 0.5126186, 0.5014939, 0.5077068, 0.50955033, 0.5088226, 0.5095439, 0.5131941, 0.5057587, 0.5019821, 0.5133603, 0.5148556, 0.51295286, 0.5064585, 0.5086751, 0.5121124, 0.51454806, 0.51093185, 0.5080561, 0.5084302, 0.50843346, 0.5082783, 0.508533, 0.49966934, 0.5017425, 0.50041276, 0.49925083, 0.4991137, 0.49913448, 0.507752, 0.5121085, 0.51310605, 0.51622164, 0.5148867, 0.51390624, 0.51371276, 0.5141924, 0.5080038, 0.51691705, 0.5176055, 0.5164143, 0.50893426, 0.51810193, 0.5088341, 0.5165515, 0.51708245, 0.50810856, 0.51086104, 0.5098136, 0.512723, 0.5096508, 0.5025213, 0.49927756, 0.51495326, 0.5120297, 0.50279707, 0.5001507, 0.5151397, 0.5040891, 0.5156626, 0.50924367, 0.5153199, 0.51084274, 0.5014156, 0.50145894, 0.5172591, 0.50858635, 0.5178901, 0.5150689, 0.5144428, 0.50765693, 0.5115416, 0.51177406, 0.50730246, 0.51417595, 0.5139104, 0.50833535, 0.5061495, 0.5112735, 0.5066162, 0.51624495, 0.5161634, 0.504454, 0.50269437, 0.51063186, 0.51148957, 0.5020983, 0.49932203, 0.49887708, 0.50113106, 0.5031382, 0.50697964, 0.5096194, 0.5146166, 0.49985054, 0.50255114, 0.514527, 0.51018745, 0.51339865, 0.5029499, 0.5171807, 0.5178722, 0.51660687, 0.5099714, 0.50830644, 0.51194507, 0.51121944, 0.5091284, 0.51028, 0.49982905, 0.5141076, 0.5142126, 0.51284945, 0.51318496, 0.508332, 0.49925902, 0.5147483, 0.5149158, 0.5153352, 0.51175094, 0.51407534, 0.5175486, 0.51412064, 0.51026726, 0.5104209, 0.5109963, 0.51042163, 0.514245, 0.51138437, 0.5036025, 0.5029162, 0.5114426, 0.5140119, 0.5121492, 0.51362956, 0.5146742, 0.514566, 0.5120321, 0.5118273, 0.5016767, 0.5179437, 0.5180793, 0.5180899, 0.50014174, 0.5010585, 0.5058997, 0.5063577, 0.51530206, 0.50982064, 0.50784695, 0.50573444, 0.5165127, 0.51630247, 0.51298565, 0.507283, 0.5136979, 0.51455855, 0.51389325, 0.5175688, 0.50940883, 0.5079564, 0.50853074, 0.5138183, 0.5124207, 0.5120134, 0.5100095, 0.5069735, 0.509243, 0.50998163, 0.51083523, 0.5107208, 0.5105556, 0.5094659, 0.5083748, 0.504706, 0.5127268, 0.5121514, 0.5038282, 0.5054453, 0.5123122, 0.506794, 0.51058143, 0.5143405, 0.5136429, 0.5120837, 0.51063627, 0.5094527, 0.50714797, 0.49963716, 0.50242454, 0.5082915, 0.5102223, 0.5103662, 0.5048362, 0.5165594, 0.5144238, 0.51345974, 0.49952862, 0.5022184, 0.51312107, 0.5129844, 0.5160922, 0.5104524, 0.5104781, 0.50997615, 0.5014135, 0.50082433, 0.504876, 0.51608247, 0.5129608, 0.5139427, 0.5098758, 0.509156, 0.5082135, 0.49959096, 0.5090838, 0.5123572, 0.5158361, 0.5089683, 0.5129806, 0.51495165, 0.5160057, 0.5170545, 0.5119198, 0.51628953, 0.5158787, 0.5152687, 0.505625, 0.51156604, 0.51512253, 0.5045883]
[0.51513493, 0.5166528, 0.5173029, 0.5142533, 0.51409113, 0.5122627, 0.5108344, 0.51634467, 0.5020008, 0.5001968, 0.5006207, 0.5124229, 0.5158551, 0.5105637, 0.50310606, 0.51542246, 0.512876, 0.5169423, 0.51627, 0.508301, 0.50995684, 0.5144692, 0.51710135, 0.5132936, 0.5177335, 0.51340884, 0.5113456, 0.5078881, 0.5015082, 0.50242823, 0.5163906, 0.5023929, 0.50790834, 0.4996987, 0.5025165, 0.50536954, 0.51703936, 0.5025308, 0.5017584, 0.5131852, 0.51137805, 0.5112847, 0.50964516, 0.50961673, 0.5163835, 0.5146748, 0.50801605, 0.5126059, 0.51048064, 0.5104241, 0.51752293, 0.51413715, 0.50992024, 0.51524234, 0.51671565, 0.51229787, 0.5181394, 0.50798655, 0.51516974, 0.51565784, 0.51499164, 0.50935334, 0.5084024, 0.50586295, 0.51531833, 0.51334447, 0.51320547, 0.50135666, 0.50579435, 0.5102771, 0.50894374, 0.5103174, 0.5141151, 0.5049651, 0.4996118, 0.5146886, 0.51561666, 0.51395, 0.50494254, 0.5092501, 0.51306516, 0.514839, 0.5121929, 0.50792223, 0.5082886, 0.5086991, 0.50788045, 0.5096616, 0.5027235, 0.50026697, 0.5008108, 0.50206494, 0.5021724, 0.50236493, 0.5077225, 0.5129683, 0.51351094, 0.5165981, 0.51578534, 0.5144377, 0.5141416, 0.5146806, 0.5073126, 0.5182152, 0.51868075, 0.5170417, 0.5099114, 0.5186196, 0.5092445, 0.51770186, 0.51742196, 0.5085229, 0.5113098, 0.5093552, 0.5132779, 0.50951326, 0.50044435, 0.50283396, 0.5152293, 0.5127882, 0.4999318, 0.5006761, 0.5156384, 0.49982125, 0.5158523, 0.50947946, 0.5159349, 0.51123667, 0.49994946, 0.49994063, 0.51788497, 0.50934607, 0.5185876, 0.51604277, 0.5145303, 0.5072186, 0.51069176, 0.5106002, 0.5062837, 0.51509035, 0.51433873, 0.5076555, 0.50430405, 0.51186997, 0.5048452, 0.51633525, 0.51648915, 0.4997518, 0.5002001, 0.51139516, 0.51202315, 0.5056499, 0.5026408, 0.5013608, 0.50122875, 0.49989155, 0.50601643, 0.5101505, 0.5150812, 0.5020741, 0.49952993, 0.5156157, 0.51078063, 0.5143567, 0.50011164, 0.517468, 0.51834416, 0.51702905, 0.5103496, 0.50863373, 0.5126345, 0.51126635, 0.5102633, 0.51080275, 0.50121725, 0.5140027, 0.5150409, 0.51310205, 0.5133752, 0.509134, 0.5031116, 0.5156434, 0.5156598, 0.51618934, 0.5127856, 0.5147438, 0.5174952, 0.5153274, 0.5105058, 0.5103527, 0.5104108, 0.51071864, 0.51479816, 0.5115381, 0.50096315, 0.5001488, 0.51148295, 0.51473916, 0.5123793, 0.51480323, 0.51463974, 0.5148581, 0.5130967, 0.5121314, 0.4999314, 0.5183412, 0.5184988, 0.5182876, 0.5002687, 0.5042835, 0.5034591, 0.50561696, 0.5157296, 0.5104072, 0.50835276, 0.50474215, 0.5171686, 0.5168589, 0.51409686, 0.50711906, 0.5143126, 0.5153101, 0.5144443, 0.5182467, 0.50904334, 0.50745696, 0.5081897, 0.5144992, 0.5130702, 0.5130912, 0.5107488, 0.50581324, 0.50977874, 0.5105347, 0.5113018, 0.51031965, 0.510796, 0.50987077, 0.5082426, 0.5009367, 0.51350987, 0.51275826, 0.50172997, 0.5040246, 0.51323915, 0.50493985, 0.5110222, 0.5149441, 0.5146873, 0.5130534, 0.5118626, 0.51038545, 0.5068392, 0.5024048, 0.5004371, 0.509199, 0.5111805, 0.51126766, 0.5036656, 0.5174741, 0.5156625, 0.51480955, 0.50230646, 0.49961996, 0.5133882, 0.5136048, 0.51627076, 0.51094246, 0.51073974, 0.5098818, 0.5000756, 0.5041488, 0.5032876, 0.51698375, 0.5136092, 0.5147951, 0.51064026, 0.509188, 0.5085969, 0.50132406, 0.509978, 0.5131004, 0.5166676, 0.50890833, 0.5136554, 0.51579356, 0.5168877, 0.5174432, 0.51268744, 0.5160177, 0.5164616, 0.51600015, 0.5041181, 0.51196986, 0.5156294, 0.50210774]
[0.51318973, 0.5146885, 0.51503104, 0.51245046, 0.51245123, 0.51078385, 0.5093305, 0.51358956, 0.50055933, 0.5009659, 0.50128293, 0.5105181, 0.51362425, 0.5088356, 0.50137043, 0.51325434, 0.5111407, 0.51437646, 0.5140117, 0.5072603, 0.50837785, 0.5124914, 0.5146386, 0.5113031, 0.5148558, 0.5117841, 0.5099495, 0.5064693, 0.503397, 0.5040767, 0.5142821, 0.5016449, 0.50809133, 0.5012035, 0.5027276, 0.5042107, 0.51460224, 0.5034344, 0.50287414, 0.51109743, 0.50982946, 0.50970834, 0.5089485, 0.5079712, 0.51427585, 0.5127932, 0.5048656, 0.5105479, 0.50961936, 0.5089799, 0.51493955, 0.5121734, 0.5079675, 0.5131249, 0.51452434, 0.510475, 0.5154781, 0.5058685, 0.51321673, 0.51357806, 0.51250243, 0.5077926, 0.507324, 0.5044101, 0.51319087, 0.51144445, 0.51126444, 0.50214225, 0.5061808, 0.5081544, 0.50703776, 0.5081596, 0.51220876, 0.5026929, 0.5016128, 0.5129404, 0.5135089, 0.51200587, 0.50452834, 0.5077548, 0.51112807, 0.5124909, 0.5107075, 0.5059984, 0.50670713, 0.5065442, 0.5059372, 0.50814533, 0.5040491, 0.50232244, 0.5022861, 0.5032005, 0.50367624, 0.5036861, 0.5068287, 0.51075965, 0.5118088, 0.51431155, 0.51359177, 0.51219815, 0.5121448, 0.5124543, 0.5065402, 0.51571196, 0.515963, 0.5146003, 0.50815636, 0.5160605, 0.5074023, 0.51498604, 0.5151158, 0.5068208, 0.50917953, 0.5083865, 0.51177406, 0.50755006, 0.5019697, 0.5037803, 0.51307553, 0.51029617, 0.5017413, 0.5026655, 0.5131937, 0.50133115, 0.513714, 0.508639, 0.5138515, 0.5096638, 0.50172466, 0.502226, 0.5151218, 0.5082998, 0.51618564, 0.5141558, 0.5123929, 0.50604445, 0.5091974, 0.50999653, 0.5057921, 0.51297784, 0.5121053, 0.5070903, 0.50325876, 0.5103855, 0.50547945, 0.51401806, 0.51445407, 0.5015703, 0.50222665, 0.5096766, 0.5104274, 0.50684893, 0.50418764, 0.5034618, 0.50323147, 0.5017306, 0.5050722, 0.5086576, 0.5133981, 0.5033248, 0.5013518, 0.5135374, 0.5092949, 0.5123376, 0.5015466, 0.514832, 0.51524776, 0.5144658, 0.50851184, 0.5077499, 0.5104431, 0.50966054, 0.509223, 0.5092633, 0.50279367, 0.5114619, 0.5130804, 0.51131386, 0.51126, 0.5077331, 0.50352573, 0.5134611, 0.5135578, 0.5136735, 0.5114585, 0.51276237, 0.5149871, 0.5132328, 0.50903034, 0.5087575, 0.50894547, 0.5090787, 0.51247895, 0.5096541, 0.5004564, 0.5010629, 0.5096167, 0.5125825, 0.5099927, 0.5126122, 0.5125196, 0.51277024, 0.51111436, 0.51005787, 0.50115937, 0.51543367, 0.51563966, 0.5155599, 0.5023649, 0.50543606, 0.5012115, 0.503746, 0.51287425, 0.50868815, 0.507382, 0.5036448, 0.5148257, 0.5144578, 0.51197886, 0.506077, 0.5120919, 0.5123788, 0.5124444, 0.5160523, 0.50700855, 0.50592226, 0.5065239, 0.5124976, 0.51119006, 0.51101923, 0.50886524, 0.5052874, 0.5080098, 0.50880057, 0.50955075, 0.5086568, 0.50927824, 0.5081176, 0.5068506, 0.5004433, 0.51152664, 0.51077753, 0.5003565, 0.50173837, 0.5113059, 0.504334, 0.5093317, 0.5129509, 0.5124582, 0.51100475, 0.5099315, 0.5088161, 0.50456095, 0.5034437, 0.50024104, 0.50808746, 0.5098087, 0.50998265, 0.50135154, 0.51500255, 0.5134201, 0.5125042, 0.5033513, 0.50182664, 0.5114717, 0.5113124, 0.51381314, 0.5095269, 0.50927573, 0.5087896, 0.5018236, 0.50541997, 0.5007752, 0.514352, 0.51188314, 0.51242095, 0.50867414, 0.5072462, 0.50685096, 0.50266063, 0.50858253, 0.5116707, 0.51449555, 0.50825226, 0.5120142, 0.5140117, 0.5143167, 0.5150405, 0.5109663, 0.51411295, 0.51391536, 0.513332, 0.50293905, 0.5097891, 0.5129271, 0.50060827]
[0.5107747, 0.51178336, 0.5133006, 0.5100731, 0.5104484, 0.5085384, 0.50809455, 0.51167554, 0.5032724, 0.50039315, 0.5004989, 0.50909734, 0.51152134, 0.50799876, 0.50401336, 0.5104691, 0.5095944, 0.5129837, 0.511555, 0.50670296, 0.50695443, 0.50999457, 0.51274896, 0.5096486, 0.5136051, 0.50962925, 0.50784415, 0.5052966, 0.50375986, 0.50453603, 0.5119711, 0.5041423, 0.5063989, 0.5008268, 0.5036403, 0.505736, 0.5132038, 0.5039248, 0.50352347, 0.5095039, 0.5081637, 0.5080108, 0.50743973, 0.507089, 0.5117516, 0.5106013, 0.50510585, 0.5082172, 0.507491, 0.50693285, 0.5129717, 0.5102386, 0.50705445, 0.5114364, 0.5125956, 0.50909877, 0.5130229, 0.50601417, 0.51129806, 0.51160604, 0.51137185, 0.5067863, 0.5069616, 0.50454414, 0.51142514, 0.5098443, 0.50960124, 0.5023542, 0.5056357, 0.50750333, 0.50682193, 0.50737923, 0.5103957, 0.5036126, 0.50089955, 0.51014185, 0.5114322, 0.51015645, 0.50555986, 0.5068492, 0.50931793, 0.5111466, 0.50846493, 0.5066384, 0.5065523, 0.5068644, 0.50630283, 0.5065932, 0.50463146, 0.5024559, 0.5024278, 0.5033823, 0.5040875, 0.50356764, 0.5056608, 0.5091636, 0.5096608, 0.5122821, 0.5115735, 0.51031613, 0.5102328, 0.5106964, 0.5059679, 0.513262, 0.51366574, 0.5125498, 0.50647277, 0.5139992, 0.50682175, 0.5129104, 0.51296645, 0.5062019, 0.5078597, 0.5074076, 0.5096086, 0.5071305, 0.50048566, 0.50337064, 0.5111114, 0.50888306, 0.5003742, 0.50261974, 0.5115477, 0.50063556, 0.51180315, 0.5067037, 0.5116671, 0.5082889, 0.5006805, 0.5017115, 0.5132079, 0.5067888, 0.51386523, 0.5112266, 0.51051956, 0.505703, 0.5085528, 0.5086922, 0.5052908, 0.5105704, 0.5108103, 0.5058326, 0.5042937, 0.508332, 0.5042664, 0.5124383, 0.51256645, 0.5009914, 0.50138086, 0.5082142, 0.5086937, 0.5078527, 0.5041905, 0.5028272, 0.5027187, 0.50037706, 0.5042336, 0.5073523, 0.5107257, 0.5029168, 0.50068194, 0.510991, 0.5073701, 0.50983083, 0.5005244, 0.513307, 0.5134649, 0.5125139, 0.50696653, 0.5064364, 0.50880265, 0.508141, 0.5070193, 0.50799906, 0.502006, 0.5101434, 0.5104812, 0.5098227, 0.5100196, 0.5062623, 0.5041519, 0.5112363, 0.51155937, 0.51146644, 0.5090228, 0.5107559, 0.5132602, 0.5108247, 0.5078292, 0.50769556, 0.5080219, 0.50788146, 0.51030904, 0.50877523, 0.50233376, 0.50065523, 0.50853515, 0.51009846, 0.50897765, 0.5106566, 0.51057494, 0.51078725, 0.50937873, 0.50892025, 0.50165844, 0.51367944, 0.5138108, 0.5138483, 0.5028463, 0.50632656, 0.50287485, 0.5045377, 0.51158625, 0.5076497, 0.50602305, 0.50356185, 0.5126391, 0.5120758, 0.5099157, 0.5052071, 0.51040024, 0.5109774, 0.5104042, 0.51378065, 0.50735176, 0.5065013, 0.50673157, 0.5108884, 0.5090592, 0.50874394, 0.50729847, 0.50451326, 0.50721145, 0.5082122, 0.5085239, 0.5076696, 0.5075703, 0.506636, 0.5055388, 0.500455, 0.50998044, 0.5096791, 0.5011449, 0.50238764, 0.5090454, 0.50480026, 0.5076171, 0.5110207, 0.5107432, 0.5093247, 0.50816894, 0.5074104, 0.50475055, 0.5036409, 0.50043696, 0.5066265, 0.50793326, 0.50818145, 0.5026222, 0.51269925, 0.51123226, 0.51061755, 0.50347155, 0.50113016, 0.5095909, 0.50959855, 0.5120053, 0.5080384, 0.5080323, 0.50783706, 0.50159985, 0.50609434, 0.5033559, 0.512482, 0.50945807, 0.51062053, 0.5076338, 0.5068786, 0.5059649, 0.5028018, 0.5074422, 0.50892264, 0.511983, 0.5064205, 0.51027524, 0.5113472, 0.51240516, 0.5130365, 0.5087404, 0.51226985, 0.51200765, 0.51143634, 0.5040363, 0.50817955, 0.5115046, 0.50238484]
[0.5133095, 0.5145353, 0.51519847, 0.51307195, 0.51331234, 0.511756, 0.5104614, 0.5142485, 0.5057182, 0.50625086, 0.50602484, 0.5116145, 0.5137745, 0.5102727, 0.5066559, 0.5129895, 0.5122561, 0.5150693, 0.5135431, 0.50901085, 0.5098561, 0.51291794, 0.5148705, 0.51223314, 0.5154327, 0.51250845, 0.51095295, 0.50743276, 0.50048286, 0.50123876, 0.51474434, 0.5067118, 0.50877076, 0.50248486, 0.50621384, 0.5072242, 0.5150541, 0.5005051, 0.5009404, 0.5121485, 0.51085424, 0.51142555, 0.51027155, 0.50986326, 0.51431566, 0.5132867, 0.5070824, 0.51130044, 0.51022667, 0.5100103, 0.5151466, 0.5130669, 0.50941604, 0.51350963, 0.51502, 0.51107764, 0.5156703, 0.50906396, 0.5138485, 0.5140084, 0.5134511, 0.5092272, 0.509662, 0.5070868, 0.51376724, 0.5124735, 0.5117954, 0.5022453, 0.5086411, 0.5095961, 0.50944114, 0.51002425, 0.5129417, 0.5061775, 0.503464, 0.5128977, 0.51414067, 0.51294065, 0.50785244, 0.5096541, 0.512261, 0.513323, 0.51106334, 0.5092342, 0.5091959, 0.5087817, 0.50807357, 0.50878406, 0.5015352, 0.5021283, 0.5012211, 0.5003711, 0.50055367, 0.50069064, 0.5087296, 0.51171947, 0.512164, 0.5147417, 0.5134957, 0.51306176, 0.51326287, 0.5138154, 0.5086093, 0.5160486, 0.5162476, 0.5146033, 0.5092839, 0.51618576, 0.5088541, 0.51508665, 0.5154854, 0.50868016, 0.5103333, 0.5100142, 0.5121319, 0.5088211, 0.5034783, 0.5006283, 0.5132479, 0.5112575, 0.5028978, 0.501814, 0.5135682, 0.5031041, 0.5144867, 0.5091789, 0.51385474, 0.5111429, 0.50377494, 0.5024302, 0.5154493, 0.50964504, 0.51643467, 0.51437944, 0.51289904, 0.5083148, 0.5105152, 0.5115124, 0.50705427, 0.5129543, 0.5132791, 0.50896025, 0.50730497, 0.51149327, 0.50817037, 0.51466554, 0.51463455, 0.50321656, 0.50309485, 0.51101077, 0.5115117, 0.5052889, 0.5012382, 0.50026286, 0.500719, 0.50402516, 0.5078808, 0.5103556, 0.5129582, 0.5011082, 0.5035463, 0.5135722, 0.5099335, 0.51249087, 0.5028645, 0.5152202, 0.5155134, 0.5148528, 0.5096475, 0.50924087, 0.51174796, 0.5107773, 0.5104645, 0.5103335, 0.5006481, 0.51280457, 0.5131932, 0.5116943, 0.5117437, 0.5094674, 0.50053, 0.513606, 0.51433223, 0.5143104, 0.5121715, 0.5134205, 0.5156677, 0.51359856, 0.5104474, 0.51058316, 0.5105011, 0.51045895, 0.5130918, 0.51090336, 0.5062719, 0.50322896, 0.51077783, 0.5127808, 0.51125336, 0.513175, 0.5132029, 0.5129991, 0.5121511, 0.51100963, 0.5027789, 0.5158506, 0.5161054, 0.51589715, 0.50025576, 0.5041413, 0.50584346, 0.506836, 0.51395833, 0.5102622, 0.5089392, 0.5075747, 0.51527923, 0.5149558, 0.5122482, 0.50798327, 0.51319534, 0.5135394, 0.51262474, 0.5162436, 0.5089267, 0.50820845, 0.50845915, 0.51312166, 0.51195455, 0.5115077, 0.5102729, 0.5080097, 0.50938344, 0.510299, 0.51082116, 0.51014787, 0.51022744, 0.5094143, 0.5085773, 0.5046625, 0.51240754, 0.51182276, 0.5047547, 0.5066167, 0.51190895, 0.5069244, 0.5103972, 0.5135662, 0.513148, 0.5121842, 0.5109706, 0.5100863, 0.5074334, 0.50049436, 0.50442606, 0.50936943, 0.51088077, 0.51115644, 0.5064352, 0.51527095, 0.51387024, 0.5132158, 0.5021469, 0.5051808, 0.51204324, 0.5122104, 0.5143582, 0.5109611, 0.5107042, 0.5104798, 0.5020289, 0.50351244, 0.50549525, 0.51477396, 0.5122347, 0.513001, 0.51034856, 0.50923, 0.5087132, 0.50197923, 0.5096768, 0.51134527, 0.51466656, 0.5092541, 0.5128398, 0.5141863, 0.5145534, 0.5152637, 0.5113947, 0.5146021, 0.51426893, 0.5139283, 0.50656784, 0.5105274, 0.51363593, 0.5051151]
[0.5139876, 0.51584756, 0.5163747, 0.51346004, 0.51375526, 0.5114344, 0.5108765, 0.5145191, 0.5017235, 0.50023943, 0.50065506, 0.5114396, 0.5152783, 0.5102115, 0.5035209, 0.5145968, 0.51255804, 0.5161456, 0.51553094, 0.5085046, 0.5098561, 0.513467, 0.5163754, 0.51299167, 0.5171641, 0.5128837, 0.51077855, 0.50721306, 0.5020124, 0.50253856, 0.51515317, 0.5029783, 0.5073948, 0.5000153, 0.5029641, 0.5063987, 0.51634705, 0.502445, 0.50190353, 0.5121761, 0.51054895, 0.5103821, 0.50954413, 0.50957966, 0.5156438, 0.51422316, 0.5062612, 0.51156455, 0.5101682, 0.5094158, 0.5163602, 0.51375127, 0.5087522, 0.51457334, 0.5159679, 0.5121917, 0.51678604, 0.5071729, 0.51407236, 0.5143553, 0.51404065, 0.5085666, 0.50837314, 0.50497377, 0.5143762, 0.5126181, 0.5128484, 0.50070494, 0.5059873, 0.5096953, 0.50893515, 0.50953275, 0.5132456, 0.5034849, 0.50020254, 0.513623, 0.51467305, 0.512736, 0.5055612, 0.50857896, 0.51251906, 0.51394403, 0.5116249, 0.50833005, 0.50826114, 0.5083516, 0.50767, 0.50843304, 0.5025683, 0.5006699, 0.5011103, 0.50169426, 0.5022955, 0.5021871, 0.50704265, 0.51246476, 0.5127881, 0.515492, 0.515232, 0.5135195, 0.5137337, 0.5140318, 0.5071087, 0.51732856, 0.5173413, 0.5160617, 0.50817627, 0.517547, 0.5086065, 0.51654387, 0.51638985, 0.50776696, 0.5102906, 0.5092044, 0.5129813, 0.5095569, 0.49993193, 0.50223786, 0.514318, 0.51158583, 0.4998085, 0.50140625, 0.51497257, 0.49958622, 0.5152088, 0.50838673, 0.5147495, 0.51070493, 0.4997293, 0.50034267, 0.51680267, 0.5086535, 0.51727796, 0.51467055, 0.5140866, 0.5071075, 0.5106872, 0.5109398, 0.5060273, 0.5143873, 0.51373017, 0.5067001, 0.503283, 0.51117903, 0.5051913, 0.51531106, 0.5158446, 0.49973395, 0.5002817, 0.51044506, 0.5113622, 0.5050941, 0.5026717, 0.50193167, 0.50146824, 0.49974775, 0.5048214, 0.5096538, 0.5144951, 0.50177985, 0.5006602, 0.5146695, 0.5106935, 0.51354104, 0.49988738, 0.5165905, 0.51685584, 0.5159915, 0.5092124, 0.5086249, 0.51158804, 0.5108939, 0.5094932, 0.510318, 0.5015401, 0.5131586, 0.51411146, 0.51293063, 0.51312244, 0.50774175, 0.5023072, 0.5148881, 0.5150777, 0.514954, 0.511941, 0.5139478, 0.5167144, 0.51434165, 0.51053196, 0.51003915, 0.5102881, 0.5104106, 0.5138497, 0.5111213, 0.50158376, 0.4999733, 0.5113193, 0.5136264, 0.5114361, 0.5137612, 0.5137329, 0.51403517, 0.51220137, 0.51163745, 0.499895, 0.5173521, 0.51748514, 0.51729643, 0.5011631, 0.5040692, 0.50221556, 0.5056716, 0.51466477, 0.509474, 0.5069021, 0.5040915, 0.5165064, 0.51574546, 0.5133553, 0.50693065, 0.51346684, 0.5141054, 0.51361084, 0.5172146, 0.5090375, 0.5077359, 0.50824344, 0.5139291, 0.51195264, 0.51156384, 0.50950027, 0.50488526, 0.5092017, 0.50961304, 0.5104276, 0.50969946, 0.5103018, 0.50920653, 0.5076616, 0.49996865, 0.5127911, 0.5126327, 0.5003359, 0.5030123, 0.51210743, 0.505041, 0.5103219, 0.5142011, 0.51393485, 0.51189506, 0.5106064, 0.5092828, 0.5054131, 0.5020871, 0.4996756, 0.50851095, 0.5105278, 0.51085323, 0.5016729, 0.51635617, 0.5146133, 0.5137468, 0.50166637, 0.49940905, 0.5127081, 0.51258147, 0.5152188, 0.5105184, 0.51012164, 0.5099355, 0.5012527, 0.5040923, 0.50193566, 0.51561433, 0.5128247, 0.5134312, 0.50950426, 0.5087793, 0.5082003, 0.5015906, 0.51006114, 0.51211774, 0.5153816, 0.5084562, 0.5132379, 0.51484466, 0.5159374, 0.5164483, 0.5117679, 0.51537347, 0.5157222, 0.51530164, 0.50415194, 0.5113115, 0.5148546, 0.50175416]
[0.5181554, 0.5190916, 0.5216207, 0.5169522, 0.5179761, 0.5150779, 0.51316655, 0.52033573, 0.5070371, 0.5026142, 0.5033435, 0.51564896, 0.5190176, 0.5136029, 0.50757724, 0.5188411, 0.51592, 0.52139807, 0.5186107, 0.51103604, 0.51234835, 0.51644796, 0.52118653, 0.5154473, 0.5223659, 0.5164391, 0.5127994, 0.50950104, 0.4997979, 0.50002474, 0.52072114, 0.50649846, 0.51093334, 0.5005891, 0.5078419, 0.5106366, 0.5216751, 0.49973336, 0.49924186, 0.5163959, 0.51349664, 0.5133857, 0.5127647, 0.51327705, 0.51996195, 0.51798904, 0.50907534, 0.5139577, 0.5123412, 0.51194847, 0.52234274, 0.5179203, 0.5123922, 0.5187572, 0.52141947, 0.51442546, 0.52285606, 0.5110168, 0.5187591, 0.51938975, 0.5194429, 0.51222146, 0.511641, 0.5090471, 0.51988137, 0.5167968, 0.51578546, 0.4993041, 0.5100615, 0.5126542, 0.51155114, 0.5132257, 0.5171942, 0.5064176, 0.5016444, 0.5166059, 0.5189975, 0.51703584, 0.50921655, 0.510915, 0.5159779, 0.5193074, 0.5142219, 0.51141095, 0.5110836, 0.510705, 0.50910956, 0.5113209, 0.5002558, 0.5001743, 0.4991289, 0.49929467, 0.49980012, 0.49929497, 0.5104902, 0.515071, 0.51620024, 0.52118915, 0.5190184, 0.5181206, 0.51810235, 0.51832515, 0.510133, 0.52244973, 0.5228136, 0.52132815, 0.51155186, 0.5232743, 0.51092607, 0.52201945, 0.521953, 0.51011497, 0.5139869, 0.51329696, 0.51562756, 0.5113767, 0.5031977, 0.499409, 0.5188411, 0.51491886, 0.50371575, 0.49910748, 0.5183421, 0.5020802, 0.51943207, 0.51123065, 0.52040446, 0.51453155, 0.5017457, 0.50070614, 0.5221807, 0.5109086, 0.52298397, 0.519064, 0.5176442, 0.5087898, 0.5147215, 0.51493603, 0.50888854, 0.5184826, 0.5180883, 0.5105156, 0.50701034, 0.5145706, 0.50962776, 0.5208547, 0.5207701, 0.5053656, 0.5030937, 0.5134552, 0.5142066, 0.5018104, 0.49992603, 0.49924904, 0.4991337, 0.5018521, 0.5076066, 0.5122636, 0.51733375, 0.49986413, 0.50294703, 0.5188937, 0.51211, 0.51642406, 0.50243056, 0.52215964, 0.52262974, 0.5208866, 0.51219714, 0.5099042, 0.5156104, 0.51338834, 0.51244885, 0.51296693, 0.49915025, 0.51821375, 0.51729536, 0.5157714, 0.5162025, 0.51102304, 0.49980423, 0.5186011, 0.5189555, 0.519447, 0.51502514, 0.51781154, 0.52200013, 0.51809883, 0.51447016, 0.5144894, 0.51464105, 0.5139779, 0.51810575, 0.5147524, 0.5053826, 0.5024562, 0.51493716, 0.5179766, 0.5155895, 0.51791286, 0.51829195, 0.518192, 0.5161644, 0.5153005, 0.5007468, 0.52315503, 0.52317977, 0.52296436, 0.49955526, 0.5010392, 0.50759727, 0.5074187, 0.52007896, 0.5122454, 0.51095605, 0.5072017, 0.5210153, 0.52089435, 0.51649106, 0.5100277, 0.5178651, 0.5188059, 0.51744795, 0.5230005, 0.5118157, 0.51007265, 0.51076645, 0.51804173, 0.51587385, 0.5160317, 0.5130152, 0.5089823, 0.5120459, 0.51367795, 0.5141828, 0.51311475, 0.51284146, 0.5120009, 0.5100192, 0.5025598, 0.5166832, 0.5155878, 0.50355315, 0.50651413, 0.51555604, 0.5084224, 0.51415676, 0.51824725, 0.5178447, 0.51577175, 0.5141967, 0.5127581, 0.50902325, 0.4994043, 0.49995017, 0.51035196, 0.51293576, 0.5132825, 0.50782937, 0.52163434, 0.51860195, 0.5174812, 0.49885228, 0.502325, 0.51660687, 0.51648706, 0.5194539, 0.51348543, 0.5134421, 0.5126703, 0.4991462, 0.5008158, 0.50404704, 0.5206966, 0.5169661, 0.5182928, 0.51360685, 0.5109444, 0.5100743, 0.49950886, 0.51187485, 0.51410884, 0.52023536, 0.510562, 0.5168977, 0.5194575, 0.52066267, 0.52140534, 0.51493853, 0.5204863, 0.5205389, 0.51962274, 0.50652057, 0.5145975, 0.51937115, 0.5063354]
[0.510573, 0.5115921, 0.51212937, 0.51015866, 0.5105187, 0.509369, 0.50905603, 0.511275, 0.5038534, 0.5026483, 0.502781, 0.50961065, 0.51100194, 0.5085481, 0.50488216, 0.5107239, 0.5095979, 0.51188993, 0.51105195, 0.5076454, 0.5081718, 0.5102101, 0.51179254, 0.50978494, 0.5121124, 0.50975245, 0.50832814, 0.5062926, 0.5021216, 0.503146, 0.5115138, 0.5042241, 0.5069919, 0.5020191, 0.50591546, 0.50705826, 0.51197666, 0.50230026, 0.5014843, 0.5096377, 0.50812775, 0.50829476, 0.5076361, 0.50796473, 0.5114134, 0.5104685, 0.50604606, 0.5085995, 0.5081625, 0.50762343, 0.51214015, 0.5106218, 0.5078083, 0.5108338, 0.5117068, 0.5095415, 0.5123912, 0.50677556, 0.51056284, 0.510825, 0.51078904, 0.50751096, 0.5070568, 0.5056396, 0.5109463, 0.5100154, 0.5094675, 0.50145996, 0.50633776, 0.50803214, 0.507284, 0.5080301, 0.50976723, 0.5046083, 0.50160235, 0.5105268, 0.51089793, 0.5099927, 0.5050052, 0.5069917, 0.5097875, 0.51062214, 0.508976, 0.5070525, 0.5071541, 0.5073036, 0.50694263, 0.5068274, 0.5033024, 0.50132227, 0.5019524, 0.502618, 0.50316525, 0.50295544, 0.5064834, 0.50926614, 0.50987166, 0.511591, 0.51094294, 0.51039106, 0.5105022, 0.5108778, 0.5067061, 0.5125674, 0.51267254, 0.51185983, 0.5072561, 0.51260257, 0.50749326, 0.51215696, 0.5122446, 0.50666887, 0.50870794, 0.50839406, 0.5097899, 0.50759065, 0.50204855, 0.50230616, 0.51056874, 0.5088881, 0.5025325, 0.50117576, 0.5110596, 0.5023537, 0.5112159, 0.5077283, 0.51149815, 0.50881755, 0.5019256, 0.5017874, 0.5120968, 0.5073842, 0.5128276, 0.51117545, 0.5105868, 0.50609916, 0.50910544, 0.50885487, 0.5053548, 0.510488, 0.5103761, 0.50692546, 0.505587, 0.5086249, 0.50586605, 0.5116107, 0.51150644, 0.5038468, 0.5031326, 0.5088336, 0.50936073, 0.5062855, 0.50298965, 0.50191927, 0.5013238, 0.5026681, 0.50510913, 0.5081721, 0.51076967, 0.50149, 0.5028294, 0.5110267, 0.5084763, 0.5103234, 0.5026358, 0.512121, 0.5125102, 0.5117364, 0.50783056, 0.50701827, 0.50907487, 0.50874275, 0.50740725, 0.50827664, 0.5012047, 0.51007867, 0.51068866, 0.5100484, 0.50997967, 0.50719756, 0.5026213, 0.51114494, 0.5108181, 0.51119983, 0.50980014, 0.51080275, 0.5120699, 0.5105186, 0.5087299, 0.5084268, 0.50874746, 0.5089008, 0.5106324, 0.5088837, 0.5034803, 0.5021482, 0.5087707, 0.51054, 0.5092815, 0.5104319, 0.51056397, 0.51071846, 0.509609, 0.5092335, 0.5022672, 0.5122904, 0.5125726, 0.5123997, 0.5013981, 0.5051464, 0.5055638, 0.50529784, 0.5109657, 0.5081477, 0.5069294, 0.5052875, 0.51203954, 0.5117133, 0.5100392, 0.50607824, 0.51021254, 0.510554, 0.51033914, 0.51279926, 0.50754637, 0.50677055, 0.50718814, 0.51038384, 0.5097634, 0.50962454, 0.50795907, 0.5058593, 0.50789213, 0.50911164, 0.5090973, 0.5083431, 0.5083938, 0.5077219, 0.50680995, 0.502566, 0.50967556, 0.509395, 0.5030731, 0.5043255, 0.50931716, 0.5053204, 0.5085684, 0.5104301, 0.5103519, 0.50960374, 0.5087047, 0.50785667, 0.5057171, 0.5023824, 0.50262755, 0.5071345, 0.5085567, 0.5085652, 0.50479054, 0.51206124, 0.5107162, 0.5101449, 0.5023886, 0.5016164, 0.50979716, 0.50966984, 0.51113904, 0.5086751, 0.50848305, 0.50865376, 0.5015531, 0.5052244, 0.5037471, 0.51174355, 0.5096897, 0.5104678, 0.50820845, 0.5070474, 0.50728536, 0.5023212, 0.50768614, 0.5091686, 0.5114906, 0.5074377, 0.51046926, 0.5111078, 0.5116275, 0.5121033, 0.50906324, 0.5115006, 0.5112114, 0.5108813, 0.5049272, 0.5089442, 0.5111242, 0.50360364]
[0.51189446, 0.51265526, 0.513389, 0.51069957, 0.51145935, 0.5096807, 0.50929326, 0.51241696, 0.5038827, 0.5022763, 0.50252026, 0.5106666, 0.5118758, 0.5086975, 0.50254875, 0.51105285, 0.5100729, 0.5130508, 0.5121435, 0.5077532, 0.5079898, 0.510565, 0.51262563, 0.51026314, 0.51395917, 0.5106555, 0.5096374, 0.5073205, 0.50254786, 0.5034858, 0.5129595, 0.5028441, 0.5072773, 0.5007499, 0.50350416, 0.5043661, 0.513096, 0.5026008, 0.5020509, 0.51106113, 0.5091297, 0.509446, 0.5089544, 0.5075901, 0.5125722, 0.51183414, 0.5037066, 0.5090562, 0.50820583, 0.5082136, 0.5136756, 0.5113907, 0.507894, 0.51187885, 0.51304215, 0.5094588, 0.51365936, 0.50687486, 0.51199865, 0.51228505, 0.51139885, 0.5073869, 0.5082396, 0.5043404, 0.51261455, 0.5107599, 0.51016384, 0.5017733, 0.5068143, 0.50786763, 0.5071233, 0.5076076, 0.5110429, 0.5027458, 0.5014009, 0.51089984, 0.5121415, 0.51108015, 0.5053106, 0.5070058, 0.5101052, 0.5118879, 0.5093509, 0.5062319, 0.50708795, 0.50699586, 0.5071762, 0.5076477, 0.5034831, 0.5017545, 0.5019882, 0.50298697, 0.5034205, 0.5030268, 0.50684744, 0.5093861, 0.5108197, 0.5128352, 0.51193374, 0.5110084, 0.51097065, 0.51141614, 0.50633776, 0.5137799, 0.51402557, 0.51308686, 0.5077322, 0.51447386, 0.5075917, 0.51320034, 0.513598, 0.5066456, 0.5088588, 0.5083178, 0.51076126, 0.50754416, 0.50066096, 0.50308675, 0.5118571, 0.5098197, 0.5008973, 0.50174034, 0.512337, 0.50100064, 0.5125535, 0.5078265, 0.51257527, 0.5096587, 0.5013451, 0.50176734, 0.51366174, 0.5077764, 0.5140562, 0.5121144, 0.51174897, 0.5063872, 0.50933796, 0.5097182, 0.50584126, 0.51103956, 0.5112464, 0.5073563, 0.50619483, 0.50968933, 0.5049644, 0.5129406, 0.51274246, 0.50081867, 0.5016423, 0.5091401, 0.50958496, 0.5061521, 0.5035678, 0.5027777, 0.5022788, 0.500561, 0.5056709, 0.508052, 0.511423, 0.50135976, 0.5014432, 0.5116962, 0.5081855, 0.51061636, 0.50186044, 0.5133207, 0.5141181, 0.51348364, 0.50767016, 0.50705785, 0.50976646, 0.50901777, 0.50864285, 0.5085408, 0.50154746, 0.5115687, 0.51195997, 0.5105022, 0.51043785, 0.5077809, 0.5029341, 0.51150155, 0.5121883, 0.5126778, 0.5104558, 0.5116902, 0.5135831, 0.51180226, 0.5087667, 0.50881165, 0.5089496, 0.50880986, 0.51139855, 0.5092172, 0.5019353, 0.5014733, 0.5090783, 0.5112997, 0.5099381, 0.51112324, 0.5115484, 0.51131225, 0.5098308, 0.5092719, 0.5006864, 0.5141109, 0.514451, 0.51397115, 0.5022358, 0.50509745, 0.50270563, 0.5036727, 0.51187694, 0.50882685, 0.50710255, 0.50333506, 0.5130264, 0.51305914, 0.5107017, 0.5058379, 0.5108774, 0.5117684, 0.5114372, 0.5144402, 0.50795615, 0.5064825, 0.5067786, 0.511591, 0.51083076, 0.5107339, 0.50886834, 0.5058448, 0.50749886, 0.508993, 0.5092786, 0.5087223, 0.5086073, 0.50735044, 0.5066501, 0.5020243, 0.5106433, 0.5103763, 0.50135005, 0.5028683, 0.5100744, 0.505463, 0.50882834, 0.511591, 0.5112308, 0.5103001, 0.5092912, 0.50810623, 0.5055992, 0.5024683, 0.50172305, 0.50726545, 0.5087029, 0.50879186, 0.50385004, 0.5134729, 0.5117827, 0.5110899, 0.50260746, 0.5007504, 0.51079005, 0.5105466, 0.51292104, 0.5085462, 0.5085893, 0.5087691, 0.50135744, 0.5046329, 0.5027096, 0.51268256, 0.51134455, 0.51147956, 0.50886375, 0.5075577, 0.5072986, 0.50233656, 0.5082881, 0.5107787, 0.5128913, 0.5075362, 0.5108162, 0.5120468, 0.51252025, 0.5133658, 0.5101896, 0.51302195, 0.51213604, 0.5116136, 0.50353694, 0.50902116, 0.5116928, 0.5021347]
[0.5129843, 0.5149391, 0.5157068, 0.51278746, 0.5125168, 0.51048577, 0.50994223, 0.5142811, 0.499835, 0.5000735, 0.49993157, 0.50970113, 0.5147343, 0.50951874, 0.5023115, 0.51365864, 0.5119924, 0.51588774, 0.5150339, 0.5066285, 0.50842565, 0.51259613, 0.5160983, 0.5120229, 0.5161535, 0.51127344, 0.50917655, 0.5040482, 0.50284517, 0.50323546, 0.51462835, 0.50404286, 0.5075258, 0.5008294, 0.5023713, 0.50549227, 0.5159182, 0.50274193, 0.5022612, 0.5110197, 0.50948125, 0.5095873, 0.50805944, 0.5089391, 0.5145734, 0.51306134, 0.5061586, 0.51015985, 0.50841373, 0.5083294, 0.51613784, 0.5130186, 0.5082786, 0.5136804, 0.51533115, 0.51104563, 0.51652735, 0.5057251, 0.51361716, 0.5139841, 0.5135301, 0.5079597, 0.5063709, 0.50380474, 0.51344055, 0.5120011, 0.5122718, 0.50208145, 0.5027525, 0.5090586, 0.50804025, 0.5092637, 0.5122743, 0.5030946, 0.5003941, 0.5126269, 0.51404953, 0.51219565, 0.50544775, 0.50804794, 0.5118799, 0.5132013, 0.5107331, 0.5074983, 0.50775665, 0.5078956, 0.50669605, 0.5072095, 0.5033933, 0.50163805, 0.502204, 0.50269663, 0.50297326, 0.5029446, 0.50570947, 0.5109272, 0.5118776, 0.5149745, 0.51418823, 0.5124468, 0.5125513, 0.5132159, 0.50584006, 0.51678544, 0.5172088, 0.51563996, 0.50719696, 0.51738286, 0.5077259, 0.51617384, 0.51602393, 0.506154, 0.50896376, 0.5078694, 0.51199585, 0.5086321, 0.500898, 0.50291103, 0.51368684, 0.510556, 0.50101507, 0.50180113, 0.5139082, 0.5010614, 0.5143709, 0.5079983, 0.51427543, 0.50964373, 0.500552, 0.50147784, 0.51613635, 0.50745386, 0.51697934, 0.5141861, 0.5131931, 0.5056033, 0.50936913, 0.5094198, 0.5044507, 0.5133729, 0.5135742, 0.5044535, 0.50219357, 0.5099458, 0.50378, 0.5151229, 0.51580906, 0.50065506, 0.5014405, 0.5098608, 0.5102396, 0.5059184, 0.5031259, 0.5020503, 0.50153214, 0.5008959, 0.5030458, 0.5090651, 0.51407653, 0.5033677, 0.5015053, 0.51389337, 0.5091522, 0.5126593, 0.5011297, 0.5160385, 0.5159324, 0.5145812, 0.5091306, 0.5075063, 0.51066166, 0.5097237, 0.5081286, 0.50965846, 0.50242096, 0.5119686, 0.5133659, 0.5121394, 0.5124924, 0.50625545, 0.5027465, 0.51480037, 0.51438725, 0.5141745, 0.5109437, 0.5132907, 0.5159915, 0.5135383, 0.50945336, 0.50891834, 0.509353, 0.5095484, 0.5127517, 0.51049244, 0.5009484, 0.500858, 0.5104594, 0.51287466, 0.5102463, 0.5126424, 0.51285803, 0.512943, 0.5113474, 0.51002955, 0.5014674, 0.5168851, 0.51704615, 0.51682097, 0.50210106, 0.5042251, 0.5021949, 0.50548, 0.51437926, 0.5087758, 0.50637704, 0.5037363, 0.5155539, 0.51481193, 0.51201415, 0.50545603, 0.51263154, 0.51305324, 0.51229936, 0.5169908, 0.5075359, 0.5057469, 0.5065664, 0.513471, 0.5100672, 0.5096906, 0.5081031, 0.5024563, 0.5087049, 0.5083929, 0.5091922, 0.5083905, 0.50889266, 0.5078253, 0.50609213, 0.5001839, 0.5118808, 0.5112327, 0.4998565, 0.50254667, 0.5114328, 0.5048481, 0.5091186, 0.513734, 0.51324224, 0.5112278, 0.5097506, 0.50867546, 0.50455976, 0.5023896, 0.50037885, 0.5069033, 0.5096837, 0.5100566, 0.5004116, 0.51544535, 0.51394826, 0.5130232, 0.50254565, 0.50049454, 0.51148474, 0.51194173, 0.514846, 0.51018006, 0.50994796, 0.50901735, 0.5020742, 0.50421613, 0.5004368, 0.51514906, 0.5113769, 0.5129705, 0.50847226, 0.5078034, 0.5066558, 0.50207305, 0.5091954, 0.5108353, 0.51531416, 0.5078003, 0.51221734, 0.5139749, 0.51521885, 0.5156496, 0.5110349, 0.51449805, 0.51555306, 0.51494896, 0.5040505, 0.5101428, 0.51427454, 0.5018008]
[0.5143851, 0.5151965, 0.5169408, 0.5138201, 0.5140947, 0.51258206, 0.5117715, 0.5157909, 0.50704354, 0.5023203, 0.5025409, 0.51289564, 0.51539916, 0.5118405, 0.507226, 0.51516056, 0.5133403, 0.5166871, 0.51500815, 0.5100681, 0.5109232, 0.51394206, 0.5167715, 0.5135293, 0.5175737, 0.5131259, 0.5110597, 0.50852007, 0.50283426, 0.50322, 0.51585066, 0.50554377, 0.50891286, 0.5004596, 0.5070021, 0.5098789, 0.5172328, 0.5028601, 0.50212926, 0.5133884, 0.51147753, 0.51174533, 0.5109306, 0.5117541, 0.5156883, 0.5145035, 0.5080511, 0.51188564, 0.51100844, 0.5102942, 0.5170566, 0.514639, 0.5107639, 0.5151898, 0.51668423, 0.51235217, 0.5175011, 0.50993013, 0.5147325, 0.5152322, 0.51553386, 0.51052773, 0.5099427, 0.5078143, 0.51513153, 0.51366657, 0.51319253, 0.50022, 0.50869584, 0.5108861, 0.5105179, 0.51141924, 0.5139144, 0.50566316, 0.50158674, 0.51365805, 0.5154298, 0.51404476, 0.5084997, 0.51029444, 0.51351255, 0.515357, 0.5120342, 0.51042986, 0.50998324, 0.50991106, 0.5088584, 0.50938445, 0.503411, 0.5001297, 0.5014948, 0.5019718, 0.5027467, 0.5018597, 0.5088206, 0.51304317, 0.51321024, 0.5163657, 0.5151788, 0.514564, 0.51461494, 0.51467055, 0.50972795, 0.5173203, 0.51754767, 0.5165147, 0.51018184, 0.51814187, 0.5093661, 0.51691204, 0.5166708, 0.5089919, 0.51160276, 0.5114114, 0.51320493, 0.51036024, 0.50337267, 0.50075847, 0.51500785, 0.51276165, 0.5027872, 0.5007478, 0.5149976, 0.50164765, 0.51559097, 0.509937, 0.5155576, 0.5120103, 0.502977, 0.5014745, 0.5173048, 0.5097604, 0.51813513, 0.5152527, 0.51437896, 0.5081874, 0.51231325, 0.5124108, 0.5085739, 0.51514363, 0.51497036, 0.50953597, 0.507216, 0.5119141, 0.5083565, 0.5163318, 0.5163737, 0.50651956, 0.50377375, 0.5116883, 0.51214236, 0.5065278, 0.50285727, 0.5013359, 0.50056773, 0.5023798, 0.50713736, 0.5111495, 0.5142402, 0.49960265, 0.50226057, 0.5149232, 0.5109973, 0.51384586, 0.5022763, 0.5174827, 0.51770806, 0.516493, 0.51009315, 0.50956225, 0.5132565, 0.5120017, 0.5102593, 0.5114297, 0.50071955, 0.5142018, 0.51421475, 0.5131923, 0.51334447, 0.50970215, 0.5023487, 0.5149785, 0.51513726, 0.51553595, 0.51305443, 0.5147734, 0.5171903, 0.51484156, 0.5121984, 0.5121947, 0.5121617, 0.51207066, 0.5150809, 0.5126781, 0.50600857, 0.5019374, 0.5127294, 0.51385075, 0.51244545, 0.51457745, 0.51471424, 0.5146596, 0.51321715, 0.5126798, 0.5003823, 0.51772994, 0.51795655, 0.51765054, 0.50218034, 0.5056697, 0.50721943, 0.5069439, 0.5159243, 0.5109999, 0.5097841, 0.50866, 0.51669294, 0.5164645, 0.5136976, 0.5088243, 0.5144371, 0.5152851, 0.51376426, 0.5175627, 0.5107673, 0.5094695, 0.5098057, 0.51482624, 0.51273686, 0.5126765, 0.5113846, 0.50787055, 0.5105968, 0.5115844, 0.5119479, 0.5113873, 0.51106745, 0.5103439, 0.5094333, 0.503215, 0.5134893, 0.5131803, 0.5028923, 0.5054739, 0.5132545, 0.50776726, 0.511456, 0.5147788, 0.51467764, 0.5129391, 0.51187325, 0.510672, 0.5066713, 0.5019744, 0.5003349, 0.50913584, 0.51128626, 0.5114703, 0.5066956, 0.51703453, 0.5152395, 0.5145289, 0.5006124, 0.503294, 0.5134366, 0.51352656, 0.5157039, 0.51156235, 0.51147723, 0.5111846, 0.5005891, 0.50472564, 0.50503415, 0.5162632, 0.5132918, 0.51462495, 0.51157236, 0.510263, 0.50968426, 0.50219864, 0.51000655, 0.51234263, 0.5158325, 0.50994486, 0.51417947, 0.51533806, 0.5163393, 0.5165587, 0.51227635, 0.51610327, 0.51634145, 0.5160047, 0.5070457, 0.511899, 0.5153836, 0.505396]
[0.5129614, 0.5139852, 0.5146408, 0.5120623, 0.5123896, 0.5103665, 0.5098856, 0.51336586, 0.5029425, 0.50159794, 0.50252944, 0.5104735, 0.5132501, 0.50959027, 0.5045858, 0.5129439, 0.5111177, 0.51446843, 0.51352906, 0.5077983, 0.50873005, 0.5118434, 0.5141857, 0.51134694, 0.51504076, 0.51166713, 0.51009053, 0.5070095, 0.5041469, 0.5045954, 0.5137935, 0.5033462, 0.5079853, 0.5014241, 0.5029185, 0.50498265, 0.5142847, 0.5043202, 0.5031818, 0.51125395, 0.5096395, 0.5099373, 0.5090039, 0.5083518, 0.5140127, 0.5130987, 0.5062037, 0.510154, 0.50906444, 0.5089239, 0.5148979, 0.5122793, 0.5082271, 0.5131165, 0.5141037, 0.51037157, 0.515106, 0.5073615, 0.51301086, 0.51318824, 0.51243484, 0.5079582, 0.5081473, 0.50536615, 0.51300514, 0.51147354, 0.51120156, 0.5021358, 0.5067079, 0.50867814, 0.50790805, 0.5087342, 0.5118242, 0.5032395, 0.5014001, 0.51209915, 0.5133529, 0.5117136, 0.5056833, 0.5081776, 0.51109725, 0.5125397, 0.5102052, 0.5071813, 0.5076277, 0.5077398, 0.50739497, 0.5079354, 0.504998, 0.50248015, 0.5026259, 0.50369, 0.5039854, 0.5033619, 0.50743115, 0.5109607, 0.51191545, 0.5136607, 0.5133809, 0.51201004, 0.51199526, 0.512372, 0.50706655, 0.5153412, 0.515656, 0.51415557, 0.50810647, 0.51564586, 0.5078723, 0.5148264, 0.5151067, 0.5069768, 0.50933963, 0.50841534, 0.51166576, 0.5083284, 0.5013203, 0.50433475, 0.5129705, 0.5106415, 0.50152695, 0.5025828, 0.5133956, 0.5004815, 0.5136316, 0.50837016, 0.51346755, 0.51023775, 0.5008661, 0.5016188, 0.5149736, 0.50848544, 0.5154077, 0.5131414, 0.51263654, 0.507547, 0.50954765, 0.5098378, 0.50666034, 0.5126757, 0.5121802, 0.5070271, 0.5054395, 0.5102546, 0.5051897, 0.5138908, 0.514041, 0.5011016, 0.5023119, 0.50968164, 0.509985, 0.50800484, 0.5045626, 0.50342137, 0.5034123, 0.50024384, 0.5058855, 0.50896037, 0.5127058, 0.5029128, 0.5007673, 0.51289636, 0.50941414, 0.51203895, 0.5005346, 0.5147095, 0.51506054, 0.5142379, 0.5086872, 0.5077666, 0.5104829, 0.5098159, 0.509184, 0.509018, 0.5031629, 0.5119517, 0.5127858, 0.5113635, 0.5115254, 0.5078539, 0.50429654, 0.51300454, 0.5133424, 0.5136173, 0.51095253, 0.51270664, 0.5148001, 0.5128269, 0.5092172, 0.50952065, 0.50981593, 0.509264, 0.5125933, 0.50984967, 0.5017426, 0.50081307, 0.50984085, 0.51233274, 0.51034373, 0.5121465, 0.5121667, 0.5125546, 0.5107383, 0.5102431, 0.50124156, 0.51558435, 0.51572806, 0.51547647, 0.50296456, 0.5063933, 0.5022544, 0.5053281, 0.5130824, 0.5089015, 0.50747836, 0.50424093, 0.51456594, 0.5140299, 0.51181334, 0.5059451, 0.51201695, 0.5125618, 0.51233244, 0.51547694, 0.5085413, 0.50666815, 0.5075013, 0.51230764, 0.5109271, 0.51097715, 0.50890243, 0.5057654, 0.5083823, 0.50898796, 0.50956285, 0.509173, 0.5091307, 0.5083002, 0.507236, 0.502065, 0.5115728, 0.5111759, 0.50134003, 0.50272286, 0.5111015, 0.5060139, 0.50929487, 0.5126545, 0.5122177, 0.5107728, 0.5094838, 0.50859964, 0.5059585, 0.5039051, 0.5003291, 0.507772, 0.509442, 0.5094608, 0.50307655, 0.51451784, 0.5128253, 0.5120117, 0.502953, 0.5004902, 0.51163137, 0.5111937, 0.5141067, 0.50936735, 0.50936997, 0.50910586, 0.50205785, 0.5065472, 0.5016384, 0.51408756, 0.51195747, 0.5124706, 0.50876546, 0.5080647, 0.5077609, 0.50331485, 0.5089176, 0.5111801, 0.5138617, 0.50815594, 0.5118508, 0.51312727, 0.51387537, 0.5144444, 0.51073587, 0.5139168, 0.5136524, 0.5132329, 0.504379, 0.50976974, 0.51307267, 0.5019527]
[0.5066834, 0.50681925, 0.5074385, 0.5062421, 0.5064523, 0.5059812, 0.5054364, 0.5069898, 0.5032789, 0.50251555, 0.5025544, 0.5059941, 0.50670177, 0.5052754, 0.5033736, 0.50645727, 0.50589937, 0.50739187, 0.5064713, 0.5047341, 0.5049115, 0.506351, 0.50732666, 0.5058234, 0.5074398, 0.5060504, 0.50545585, 0.5044297, 0.5024468, 0.50327176, 0.5071628, 0.503282, 0.5046867, 0.501533, 0.50353545, 0.50442094, 0.5073227, 0.50260574, 0.50119966, 0.50620836, 0.50528145, 0.5051376, 0.5053084, 0.5050905, 0.5070377, 0.50665057, 0.5041044, 0.5055729, 0.5051501, 0.50519204, 0.50767195, 0.5064402, 0.50488585, 0.5066986, 0.507273, 0.5054931, 0.50771296, 0.50479245, 0.50673634, 0.5068919, 0.5066171, 0.5050261, 0.50462145, 0.5039637, 0.5070102, 0.50615555, 0.5059012, 0.5014383, 0.5044447, 0.5049468, 0.50464016, 0.5049776, 0.50626165, 0.5031104, 0.5019574, 0.5062899, 0.50685465, 0.50633377, 0.50391775, 0.50461984, 0.5060476, 0.50665337, 0.50549585, 0.5043898, 0.50445914, 0.50435376, 0.50423115, 0.50463563, 0.50321025, 0.50135225, 0.50071853, 0.5015405, 0.50219315, 0.5011996, 0.5043669, 0.50586313, 0.5062246, 0.50725067, 0.50672835, 0.506468, 0.5064005, 0.5066137, 0.50458604, 0.5076017, 0.5077745, 0.5072245, 0.5049984, 0.50783926, 0.50449777, 0.50746083, 0.50747985, 0.5044198, 0.5054672, 0.50532573, 0.50597763, 0.50458944, 0.50221986, 0.5006603, 0.5066168, 0.5055457, 0.50208426, 0.50114214, 0.50665, 0.5019347, 0.5069006, 0.5049789, 0.50700885, 0.50540644, 0.5017435, 0.5012776, 0.5075082, 0.5049259, 0.50787, 0.5068715, 0.5062879, 0.5040603, 0.50564855, 0.5057557, 0.5041823, 0.50661427, 0.5064052, 0.50462246, 0.5040306, 0.5056379, 0.50413483, 0.5072416, 0.50711834, 0.50258857, 0.5017163, 0.5054232, 0.50571007, 0.5075639, 0.5026843, 0.5014748, 0.500913, 0.5019496, 0.5041727, 0.50519997, 0.5064283, 0.5014593, 0.50231874, 0.50670046, 0.50505614, 0.5062795, 0.5019556, 0.5074197, 0.5077167, 0.5073353, 0.50512356, 0.50460625, 0.505934, 0.50539404, 0.50523585, 0.50518847, 0.50081927, 0.5064213, 0.5064441, 0.50586003, 0.5059181, 0.5047075, 0.50119376, 0.506562, 0.50669146, 0.50687456, 0.50590426, 0.50657403, 0.50752306, 0.50665766, 0.5053586, 0.5053808, 0.5055232, 0.50532216, 0.50657094, 0.505538, 0.5030401, 0.5018734, 0.5056285, 0.50645477, 0.50577664, 0.5065218, 0.506487, 0.5065442, 0.5058819, 0.5057379, 0.50164413, 0.50772583, 0.5078042, 0.50772524, 0.50080335, 0.5059309, 0.50361663, 0.50375336, 0.5069351, 0.5050492, 0.50471294, 0.5039689, 0.50727856, 0.5072763, 0.50600815, 0.5041008, 0.5064957, 0.5066678, 0.5065067, 0.5077128, 0.5046837, 0.5039413, 0.50401425, 0.50638103, 0.50598234, 0.50597894, 0.50524604, 0.50439954, 0.5048708, 0.5054426, 0.5054694, 0.5051967, 0.5053238, 0.50488997, 0.50444555, 0.5028904, 0.506172, 0.5056826, 0.5024888, 0.5029726, 0.50602406, 0.5038534, 0.50535506, 0.5065922, 0.50641495, 0.5059687, 0.50550723, 0.50496596, 0.5038068, 0.5018305, 0.5017804, 0.50469625, 0.5053663, 0.50537974, 0.5032007, 0.5074609, 0.50662756, 0.5063322, 0.5009093, 0.5022346, 0.5062934, 0.50612634, 0.5069223, 0.50546443, 0.5053666, 0.5050783, 0.5014419, 0.50542694, 0.5025571, 0.50721806, 0.50631577, 0.5065855, 0.5053237, 0.50474846, 0.50453717, 0.5018135, 0.50465953, 0.5057116, 0.50702935, 0.5046846, 0.5062862, 0.5069748, 0.5070845, 0.5073808, 0.5057491, 0.5071394, 0.5070092, 0.50687724, 0.50335336, 0.50541973, 0.50685537, 0.5028916]
[0.51400155, 0.5145356, 0.5152982, 0.5129307, 0.5133966, 0.51199675, 0.5108961, 0.51418173, 0.50540906, 0.504799, 0.5054077, 0.51184887, 0.5137889, 0.5100818, 0.5055296, 0.5130229, 0.5121106, 0.5150146, 0.51383054, 0.5090823, 0.509267, 0.51285267, 0.5149085, 0.51199234, 0.515397, 0.5126771, 0.51101303, 0.5079423, 0.5012633, 0.5015337, 0.5148661, 0.50606537, 0.5090022, 0.5019956, 0.5062518, 0.5071174, 0.51489705, 0.50120413, 0.50031424, 0.51251227, 0.5098466, 0.5101223, 0.5106742, 0.5095393, 0.5145995, 0.5136463, 0.507029, 0.5111516, 0.51016915, 0.51004624, 0.5156277, 0.5130506, 0.509365, 0.51372707, 0.5147988, 0.51089513, 0.5158952, 0.50880873, 0.51389265, 0.5141695, 0.51314026, 0.5092429, 0.5093073, 0.5069459, 0.5142057, 0.5125237, 0.51182026, 0.5026829, 0.50861233, 0.50948924, 0.50867003, 0.50954944, 0.5126288, 0.50517404, 0.50281274, 0.51304007, 0.51421005, 0.51307106, 0.5073016, 0.50868434, 0.5120487, 0.51323104, 0.5110029, 0.50798535, 0.50840765, 0.5083129, 0.5079326, 0.50838125, 0.50200915, 0.5019348, 0.50077206, 0.50087523, 0.5005789, 0.50067055, 0.507968, 0.511782, 0.51248085, 0.5148501, 0.5138722, 0.5130434, 0.51290417, 0.5134651, 0.5084285, 0.51598084, 0.5160937, 0.5148875, 0.50914747, 0.5164063, 0.5087755, 0.51531404, 0.5156943, 0.5084535, 0.510572, 0.51000214, 0.5122187, 0.50820464, 0.5025383, 0.5005453, 0.5134098, 0.5112327, 0.5022991, 0.5013909, 0.5134558, 0.5035934, 0.5143233, 0.5093559, 0.5145625, 0.51075584, 0.50182754, 0.5012895, 0.5154595, 0.50977975, 0.51651144, 0.5143142, 0.5128988, 0.507824, 0.5104762, 0.51154745, 0.507542, 0.5129001, 0.51277786, 0.5090362, 0.5075208, 0.51147336, 0.50777286, 0.5147209, 0.51469606, 0.503433, 0.5020217, 0.51099896, 0.51174474, 0.504477, 0.501713, 0.5010474, 0.5005217, 0.5028816, 0.5074323, 0.50981396, 0.51330096, 0.5019947, 0.5041196, 0.5141354, 0.5099357, 0.51268196, 0.5022886, 0.5153165, 0.51589525, 0.51513106, 0.50970143, 0.50890946, 0.5117077, 0.510355, 0.5105395, 0.50990725, 0.5005518, 0.51283276, 0.513629, 0.51182276, 0.5117839, 0.5091981, 0.50069314, 0.51375073, 0.5138573, 0.5143186, 0.51227796, 0.51372284, 0.5159098, 0.513652, 0.51016825, 0.51035994, 0.5106496, 0.5100768, 0.513121, 0.51078314, 0.50491065, 0.5023833, 0.5105515, 0.5130538, 0.51111084, 0.5132949, 0.5132932, 0.5133659, 0.51169014, 0.5112448, 0.50242877, 0.51563025, 0.51574516, 0.51587987, 0.50051177, 0.50342983, 0.5052623, 0.5061842, 0.5139585, 0.5099367, 0.5090016, 0.50654167, 0.5147108, 0.5150081, 0.5119113, 0.50754905, 0.5128973, 0.51337546, 0.5131736, 0.5164033, 0.50861204, 0.5070041, 0.5075932, 0.5129289, 0.51219213, 0.5122344, 0.5103541, 0.50782853, 0.509166, 0.5100305, 0.51033527, 0.51019526, 0.51022714, 0.5093819, 0.5083841, 0.5045797, 0.51215863, 0.5113861, 0.50391257, 0.50435436, 0.5119054, 0.50710016, 0.51004386, 0.51340586, 0.5128338, 0.51179814, 0.51067144, 0.5095551, 0.50673056, 0.5012813, 0.50403035, 0.5092784, 0.5109079, 0.51102835, 0.5051303, 0.515606, 0.51387477, 0.51301926, 0.5008408, 0.50300944, 0.51269424, 0.5122746, 0.5145561, 0.51063097, 0.5104381, 0.51008, 0.5021518, 0.503004, 0.5042936, 0.5150229, 0.5126493, 0.51302356, 0.5097268, 0.50880903, 0.5085487, 0.50100946, 0.509186, 0.5116901, 0.5143609, 0.50894725, 0.51267576, 0.5144302, 0.51422745, 0.5153133, 0.51161975, 0.51474327, 0.51429325, 0.51383203, 0.50560236, 0.5106112, 0.514005, 0.50495154]
[0.5190179, 0.52035284, 0.5215738, 0.5171708, 0.51852304, 0.51568115, 0.51499146, 0.51969725, 0.5061534, 0.50453746, 0.5052371, 0.5167344, 0.5189362, 0.5141916, 0.5076637, 0.518323, 0.5163165, 0.5212144, 0.51913595, 0.51155245, 0.51323026, 0.5173298, 0.5207585, 0.5167091, 0.52192014, 0.5173611, 0.51478475, 0.51010114, 0.50218636, 0.50256324, 0.5204384, 0.5065851, 0.51081717, 0.50156647, 0.50881064, 0.50987697, 0.5216715, 0.50216424, 0.5011788, 0.51650774, 0.5128938, 0.5131576, 0.51367116, 0.5126514, 0.5200224, 0.5186213, 0.50839704, 0.51497084, 0.51365244, 0.5133604, 0.5223054, 0.5181654, 0.5124864, 0.51909095, 0.5209436, 0.514921, 0.5220876, 0.51140344, 0.5190982, 0.5192259, 0.5187345, 0.51242596, 0.5120983, 0.5088158, 0.51957303, 0.5169637, 0.51661235, 0.50146264, 0.51147103, 0.5127831, 0.51175666, 0.5129083, 0.5171485, 0.50677437, 0.503035, 0.51761645, 0.5192208, 0.5167586, 0.5095461, 0.51136553, 0.5160544, 0.5188487, 0.515085, 0.5107242, 0.5110625, 0.51090986, 0.50956297, 0.51139295, 0.50300306, 0.50063294, 0.5010546, 0.5014759, 0.5016015, 0.5012727, 0.5107565, 0.51592624, 0.51730305, 0.5204215, 0.51952267, 0.51813227, 0.5181186, 0.51846075, 0.511416, 0.5223173, 0.5226908, 0.5212729, 0.51211786, 0.52307445, 0.511301, 0.521468, 0.52156204, 0.51072115, 0.51493055, 0.5129547, 0.5166344, 0.51179683, 0.5019969, 0.5015478, 0.51922184, 0.5159125, 0.502328, 0.5005035, 0.51924974, 0.50272906, 0.52004075, 0.5125104, 0.5202366, 0.5148718, 0.50197846, 0.50093216, 0.52180785, 0.5128776, 0.52301323, 0.51938444, 0.5183114, 0.5100949, 0.5149773, 0.51571804, 0.5090639, 0.5182905, 0.51794034, 0.5113104, 0.50974524, 0.5151776, 0.5098609, 0.52078503, 0.5200028, 0.5046512, 0.5033254, 0.5148504, 0.5153084, 0.50562835, 0.50237876, 0.5010604, 0.50113046, 0.50362086, 0.5093093, 0.5131123, 0.5181651, 0.50037116, 0.5035142, 0.51880103, 0.5135281, 0.51726234, 0.5025461, 0.52218086, 0.5226641, 0.52127624, 0.51221144, 0.51144373, 0.51566285, 0.5146258, 0.51315737, 0.51330805, 0.50088316, 0.5177468, 0.5181919, 0.51711893, 0.5168446, 0.51166517, 0.50183135, 0.51901484, 0.51905555, 0.5197585, 0.5163226, 0.5184207, 0.5218222, 0.5190028, 0.5143891, 0.51469606, 0.5154387, 0.5143558, 0.5185425, 0.5142806, 0.50481313, 0.50204057, 0.5148112, 0.51779354, 0.51575744, 0.5177849, 0.5184769, 0.5185628, 0.5157571, 0.51589453, 0.5017165, 0.52245444, 0.5227169, 0.522434, 0.50147814, 0.5043906, 0.50704956, 0.5074903, 0.51916707, 0.51264995, 0.51131874, 0.50732946, 0.52076554, 0.5205049, 0.51713395, 0.5093242, 0.51795787, 0.5182799, 0.51798517, 0.52267736, 0.5117683, 0.5102796, 0.51096874, 0.51754725, 0.51657504, 0.51651746, 0.51351, 0.5102905, 0.51241386, 0.514361, 0.51492274, 0.5135987, 0.51342106, 0.5120139, 0.5108432, 0.50309736, 0.51714057, 0.51590186, 0.5036099, 0.50591695, 0.51572, 0.50731224, 0.514055, 0.51794666, 0.5173034, 0.51570994, 0.51390964, 0.5123709, 0.50888276, 0.5013296, 0.5034811, 0.51138467, 0.5140683, 0.5138234, 0.5064475, 0.52117723, 0.51853836, 0.5172893, 0.50074327, 0.50316757, 0.51687133, 0.5166428, 0.5199508, 0.5137687, 0.51355976, 0.5133715, 0.50104964, 0.50400555, 0.5062259, 0.5208774, 0.5175777, 0.51851094, 0.5133837, 0.51112074, 0.51188207, 0.501057, 0.51204485, 0.5155532, 0.5202643, 0.5120297, 0.5172453, 0.51975626, 0.5202854, 0.5213174, 0.51532865, 0.5207075, 0.5195982, 0.51918876, 0.5068996, 0.5145955, 0.5195382, 0.5053917]
[0.5112559, 0.51238054, 0.512908, 0.5106315, 0.5109743, 0.5091006, 0.5079494, 0.5113898, 0.50137365, 0.5014122, 0.50275904, 0.50902474, 0.5115471, 0.5072648, 0.50207037, 0.51099986, 0.5096133, 0.51222366, 0.5118649, 0.5053385, 0.5068163, 0.51070327, 0.5125716, 0.5102124, 0.5131227, 0.51052827, 0.50803417, 0.50502586, 0.50327903, 0.5036668, 0.51218385, 0.50243235, 0.50546956, 0.50098956, 0.5027019, 0.5038493, 0.5127502, 0.5029546, 0.5024473, 0.5090783, 0.50728655, 0.50674486, 0.50723565, 0.50662655, 0.51216036, 0.5110761, 0.5044902, 0.5090475, 0.5082855, 0.50766265, 0.51288706, 0.5101388, 0.50608087, 0.51114035, 0.5124503, 0.5089589, 0.513311, 0.5041989, 0.5108791, 0.51118195, 0.510559, 0.5063111, 0.5060156, 0.50398004, 0.51145655, 0.50961, 0.5095934, 0.501252, 0.5048605, 0.5070095, 0.50580984, 0.50655276, 0.51039684, 0.50235605, 0.5009167, 0.51058114, 0.51149, 0.50979227, 0.50397146, 0.5065126, 0.50922537, 0.5104188, 0.508736, 0.5044687, 0.50529534, 0.50501686, 0.50402623, 0.50611347, 0.50363684, 0.50181854, 0.50135124, 0.50224394, 0.5028124, 0.50294864, 0.5041916, 0.50964195, 0.50990295, 0.5123377, 0.51161784, 0.5105176, 0.5101924, 0.5108728, 0.5052279, 0.5135579, 0.5136259, 0.5127771, 0.5063213, 0.51359606, 0.5056745, 0.51294434, 0.5128478, 0.5052815, 0.50766844, 0.5063779, 0.5096417, 0.5057001, 0.50094813, 0.50312114, 0.51122266, 0.50906134, 0.50069284, 0.5023945, 0.5109847, 0.5006527, 0.5116118, 0.50673926, 0.5116678, 0.50793225, 0.50096506, 0.5020634, 0.5129884, 0.5069143, 0.5141044, 0.5122012, 0.5103642, 0.5043424, 0.50762314, 0.5083154, 0.50410813, 0.51113784, 0.5103709, 0.50505847, 0.5027, 0.50880694, 0.50494707, 0.5118939, 0.512314, 0.5006202, 0.5014993, 0.50851566, 0.50890255, 0.5060307, 0.5042514, 0.5035385, 0.502608, 0.5006574, 0.50357115, 0.5071025, 0.5108938, 0.5033285, 0.501764, 0.51161116, 0.5079591, 0.51027554, 0.501796, 0.51297265, 0.5136253, 0.5124685, 0.5071823, 0.5067334, 0.50896186, 0.5084811, 0.5073976, 0.5078259, 0.5021883, 0.509882, 0.511154, 0.50998545, 0.5100722, 0.5057746, 0.50289977, 0.5116598, 0.51133984, 0.5117034, 0.5093708, 0.51065403, 0.5132638, 0.51150644, 0.50713456, 0.5070634, 0.5077615, 0.50771564, 0.51059794, 0.5082436, 0.5014723, 0.5009707, 0.508121, 0.5102751, 0.5082032, 0.51070654, 0.51064295, 0.51101446, 0.5091607, 0.508551, 0.500607, 0.51300156, 0.512946, 0.51313865, 0.5013142, 0.50475144, 0.50197184, 0.50312847, 0.5115472, 0.50679266, 0.50570023, 0.5028988, 0.5126895, 0.5126102, 0.5100286, 0.5059993, 0.51059216, 0.51060784, 0.510328, 0.513528, 0.5051414, 0.5048398, 0.50510716, 0.5102518, 0.5093066, 0.50890607, 0.5072361, 0.50487965, 0.5065639, 0.5068639, 0.5075084, 0.5068077, 0.50772053, 0.5064807, 0.5052319, 0.50148946, 0.5097304, 0.5090651, 0.50131816, 0.5015253, 0.5094253, 0.5032627, 0.50791913, 0.5108831, 0.5105432, 0.5089298, 0.50798273, 0.5064749, 0.5038937, 0.5031453, 0.50082093, 0.50660175, 0.50849086, 0.508586, 0.50133765, 0.5127816, 0.51145655, 0.51079684, 0.5023397, 0.5011589, 0.5097877, 0.5095963, 0.5116748, 0.5083126, 0.5079486, 0.50691545, 0.500719, 0.5048288, 0.50196314, 0.5120209, 0.50992477, 0.51035106, 0.50656855, 0.5058625, 0.5046583, 0.5022196, 0.5068364, 0.50915086, 0.51198196, 0.5066395, 0.51026136, 0.5120063, 0.51216096, 0.51316017, 0.50891757, 0.5120714, 0.5126311, 0.5121528, 0.50286216, 0.50848323, 0.5115171, 0.50204754]
[0.51297104, 0.51390296, 0.51482594, 0.5119149, 0.51251644, 0.51017404, 0.5092166, 0.5136103, 0.50058913, 0.49996817, 0.50128925, 0.51041144, 0.5130099, 0.5085245, 0.50236297, 0.5126069, 0.5105848, 0.5140215, 0.5136378, 0.5070626, 0.5082259, 0.5117763, 0.51416767, 0.51108396, 0.5147818, 0.51174045, 0.5094009, 0.5065595, 0.5026013, 0.5036177, 0.5140154, 0.50277114, 0.50730044, 0.50016576, 0.50266194, 0.5053219, 0.51455367, 0.5029811, 0.50224, 0.5108255, 0.50884116, 0.50866157, 0.5082623, 0.5073776, 0.5138227, 0.51227784, 0.5050383, 0.5100736, 0.5089237, 0.5086619, 0.51487684, 0.5119154, 0.5076748, 0.51263314, 0.51419365, 0.51011634, 0.5149292, 0.50615484, 0.5128261, 0.51300627, 0.51230204, 0.5074325, 0.50685793, 0.5052715, 0.51295817, 0.5109924, 0.5111105, 0.50089914, 0.50639653, 0.50806946, 0.5067233, 0.5077741, 0.5116571, 0.5024359, 0.5007747, 0.5120568, 0.51328903, 0.5115028, 0.5054826, 0.50726396, 0.51080877, 0.5124625, 0.5103322, 0.5057507, 0.50684744, 0.5063301, 0.50631845, 0.5073847, 0.50371414, 0.50145406, 0.501488, 0.5025113, 0.5028555, 0.5025183, 0.5063296, 0.5103765, 0.51156807, 0.51410365, 0.51334727, 0.51167965, 0.5114966, 0.51189256, 0.50652623, 0.5152042, 0.5154973, 0.5142677, 0.50779545, 0.5158354, 0.50736743, 0.5146748, 0.5146858, 0.5070767, 0.5092858, 0.5078322, 0.5111078, 0.5070972, 0.50134, 0.5034952, 0.51306945, 0.51030487, 0.5012416, 0.5027338, 0.51309294, 0.49960953, 0.5133156, 0.5080928, 0.5134894, 0.5093209, 0.5017644, 0.501864, 0.5147534, 0.5078791, 0.515534, 0.51349026, 0.5123448, 0.5066851, 0.50944155, 0.50975686, 0.5044249, 0.5122884, 0.51197463, 0.50665116, 0.50413734, 0.50977063, 0.5058762, 0.51387215, 0.51396, 0.5007448, 0.5015278, 0.5095489, 0.51042473, 0.50661373, 0.50358874, 0.50266, 0.5022333, 0.50017965, 0.5054825, 0.5077721, 0.5128809, 0.50261116, 0.500009, 0.5129825, 0.5089217, 0.5118818, 0.50079066, 0.51477474, 0.51501375, 0.51424724, 0.50817585, 0.50737506, 0.5099137, 0.509338, 0.5081959, 0.50877845, 0.5017212, 0.5113885, 0.5125429, 0.5115005, 0.51155305, 0.5071753, 0.503163, 0.51314, 0.5132607, 0.51331365, 0.5107286, 0.51220083, 0.51469517, 0.5125844, 0.50868493, 0.5086995, 0.5087699, 0.5085045, 0.5121989, 0.5095134, 0.50000244, 0.50017756, 0.50957704, 0.5119819, 0.50965136, 0.5120369, 0.5122664, 0.51246, 0.5100523, 0.5099626, 0.5006122, 0.5150741, 0.51513153, 0.51505536, 0.5013664, 0.5049429, 0.50200015, 0.5032166, 0.5126232, 0.50809497, 0.5065, 0.5026627, 0.5142464, 0.5140361, 0.51140124, 0.5055593, 0.51183677, 0.5123075, 0.51211625, 0.51554215, 0.5075937, 0.5063469, 0.5067564, 0.5121649, 0.51095146, 0.51063824, 0.508398, 0.5051298, 0.5078114, 0.50841886, 0.5092497, 0.5083723, 0.5089077, 0.5076649, 0.50664663, 0.49960506, 0.5111822, 0.5104334, 0.50093377, 0.5023626, 0.5106385, 0.50420314, 0.5089423, 0.5123186, 0.5117671, 0.5103887, 0.50931954, 0.5082571, 0.50528497, 0.5029012, 0.50030434, 0.5072589, 0.50904125, 0.5091139, 0.500836, 0.5146698, 0.5127337, 0.51184577, 0.5024924, 0.5015146, 0.51102173, 0.5109879, 0.51333106, 0.508901, 0.50877637, 0.5082547, 0.5001483, 0.5046465, 0.5017528, 0.5138694, 0.51126486, 0.51216346, 0.5083421, 0.50661105, 0.506423, 0.501873, 0.5080699, 0.5108322, 0.51418847, 0.5076506, 0.51120615, 0.51350206, 0.51400846, 0.5145938, 0.51024115, 0.51363766, 0.5137552, 0.5131252, 0.5010047, 0.509734, 0.51306915, 0.50114506]
[0.50807554, 0.5083943, 0.5088899, 0.50745755, 0.50782406, 0.5067629, 0.50634146, 0.50843364, 0.5037158, 0.5031686, 0.5035396, 0.50690776, 0.50836474, 0.50637317, 0.5042048, 0.5080942, 0.50733036, 0.50895345, 0.5083396, 0.5056855, 0.50604063, 0.50746435, 0.5087832, 0.507142, 0.5091438, 0.5072915, 0.5065843, 0.5051924, 0.5044923, 0.50531924, 0.50849885, 0.5048645, 0.50583225, 0.5025178, 0.50435764, 0.50535, 0.50899374, 0.5037917, 0.50219375, 0.50751007, 0.50675386, 0.5065661, 0.5064021, 0.50612307, 0.5084516, 0.50780475, 0.50519437, 0.5066207, 0.50601655, 0.5061498, 0.50923353, 0.50773454, 0.50610673, 0.5080249, 0.50880665, 0.506807, 0.5091053, 0.5054793, 0.5081698, 0.50829434, 0.5079642, 0.5059277, 0.5057098, 0.50484174, 0.5082331, 0.50744134, 0.5071571, 0.50187695, 0.5047497, 0.5061512, 0.50577235, 0.5062884, 0.5076936, 0.5041963, 0.5022496, 0.50762826, 0.508198, 0.5076241, 0.5052947, 0.5057781, 0.5072525, 0.5081614, 0.50674856, 0.5058517, 0.50572735, 0.50585085, 0.5057829, 0.5058395, 0.5055664, 0.50183827, 0.50201094, 0.5037317, 0.504218, 0.5037986, 0.50543445, 0.50699323, 0.5074063, 0.50875485, 0.50810367, 0.5079144, 0.5078402, 0.5078769, 0.5049935, 0.50920665, 0.5093943, 0.50868267, 0.505646, 0.50964314, 0.50579906, 0.5090465, 0.5090912, 0.5053055, 0.50643367, 0.5061372, 0.5074545, 0.5060923, 0.50244313, 0.5040649, 0.5080155, 0.5069269, 0.5026301, 0.5027432, 0.50808996, 0.50240153, 0.5083747, 0.5057911, 0.5085374, 0.5068117, 0.50235933, 0.5020948, 0.5092797, 0.50570303, 0.5094838, 0.50823754, 0.50785667, 0.50536585, 0.5064795, 0.50671524, 0.5052462, 0.5080015, 0.5077679, 0.5053304, 0.5046558, 0.5068715, 0.5049605, 0.50873846, 0.5089552, 0.5026604, 0.5020558, 0.50650805, 0.50695217, 0.5101026, 0.50495, 0.5032276, 0.5031409, 0.50240344, 0.5044422, 0.5062535, 0.5079052, 0.5033305, 0.5025511, 0.5081877, 0.50607264, 0.50735956, 0.502417, 0.5090746, 0.50927776, 0.5086982, 0.506135, 0.5054676, 0.5070631, 0.5064852, 0.5062915, 0.50647366, 0.50220686, 0.5077397, 0.50788546, 0.5073553, 0.5075064, 0.5057916, 0.5047709, 0.5082589, 0.5082192, 0.5082954, 0.50696564, 0.5078928, 0.5091727, 0.50789124, 0.5065521, 0.5065073, 0.50664335, 0.5066222, 0.5078599, 0.5069029, 0.50381887, 0.50241387, 0.50671655, 0.5077809, 0.50699085, 0.5077851, 0.50792944, 0.5079099, 0.5073565, 0.5068398, 0.5022319, 0.5093921, 0.50940454, 0.5094916, 0.50251436, 0.5077503, 0.5043954, 0.50482076, 0.5083222, 0.5061476, 0.50557417, 0.50477517, 0.5088474, 0.50865245, 0.5074067, 0.505292, 0.5077353, 0.5079582, 0.5076753, 0.50943303, 0.5060222, 0.505154, 0.50542986, 0.50784194, 0.50700414, 0.50701845, 0.506144, 0.5045044, 0.50589424, 0.5065011, 0.5066517, 0.50622946, 0.5062387, 0.5058989, 0.5052576, 0.5031153, 0.5074718, 0.5071103, 0.5032075, 0.5036327, 0.50722545, 0.50458884, 0.5063318, 0.5080459, 0.5078244, 0.5072762, 0.50675666, 0.50626475, 0.5052638, 0.50386834, 0.50274956, 0.505712, 0.5063608, 0.5064947, 0.50435764, 0.50882536, 0.5081258, 0.50773245, 0.5028678, 0.5026659, 0.50744987, 0.5073012, 0.50844806, 0.5065937, 0.50660336, 0.5062913, 0.5020158, 0.50753784, 0.50362694, 0.5086957, 0.5074604, 0.5079039, 0.5063278, 0.505698, 0.5052383, 0.5022295, 0.5060429, 0.5069761, 0.50865495, 0.5058523, 0.5073378, 0.5081107, 0.50855994, 0.5089469, 0.5070674, 0.5085102, 0.5085345, 0.5082831, 0.5045505, 0.5069592, 0.5082118, 0.50342345]
[0.50985545, 0.5107532, 0.5109412, 0.50926286, 0.509534, 0.508339, 0.50768054, 0.510236, 0.50417763, 0.50288194, 0.5028826, 0.5086573, 0.5101407, 0.50762945, 0.504986, 0.5099746, 0.5088632, 0.5110159, 0.5100532, 0.5062489, 0.50724846, 0.50898033, 0.5109952, 0.5087945, 0.5115507, 0.50884855, 0.50778025, 0.50587547, 0.4998534, 0.50040865, 0.5104765, 0.504394, 0.5064072, 0.5019037, 0.50392085, 0.5056145, 0.51099277, 0.5005906, 0.49992806, 0.5087389, 0.5081816, 0.5080098, 0.50744265, 0.5071508, 0.5105642, 0.5094616, 0.5050026, 0.50796485, 0.50745296, 0.5070061, 0.51136553, 0.5092681, 0.50698847, 0.5099341, 0.5107854, 0.50826466, 0.511302, 0.5066168, 0.5100198, 0.5101306, 0.51014113, 0.5070338, 0.50709873, 0.5055233, 0.51014566, 0.5088948, 0.50881976, 0.50004685, 0.50567734, 0.50714123, 0.5067649, 0.5073912, 0.5095102, 0.5049563, 0.501858, 0.50940156, 0.5101362, 0.509296, 0.5058164, 0.5069989, 0.50881153, 0.5098893, 0.5080491, 0.5067808, 0.5066552, 0.50647247, 0.5057203, 0.5068966, 0.5006588, 0.50089556, 0.5001614, 0.49976707, 0.5002286, 0.5000888, 0.5062167, 0.5085382, 0.50896126, 0.51067346, 0.51028883, 0.50947946, 0.5094635, 0.5098824, 0.5062835, 0.5116096, 0.5117249, 0.51097715, 0.5068722, 0.51198626, 0.50686413, 0.51119906, 0.51142895, 0.50614786, 0.50753117, 0.5072212, 0.5089322, 0.5069478, 0.5017264, 0.50034136, 0.5099337, 0.50861984, 0.5022699, 0.5000274, 0.5101836, 0.5022144, 0.5104836, 0.5068373, 0.5102911, 0.50815296, 0.5023618, 0.5011107, 0.5113572, 0.50670725, 0.5116565, 0.50998455, 0.5094256, 0.5059142, 0.50786936, 0.5081875, 0.5053818, 0.50992393, 0.50972825, 0.5061027, 0.5044017, 0.50834924, 0.5055327, 0.51061106, 0.5109397, 0.50188774, 0.50114393, 0.50777847, 0.5081404, 0.5033291, 0.5003865, 0.49967977, 0.50004685, 0.50183856, 0.50478065, 0.50723165, 0.5092967, 0.49984175, 0.50107825, 0.5098412, 0.5072747, 0.50889254, 0.5018776, 0.51125497, 0.5115516, 0.51084125, 0.50705814, 0.50626856, 0.50859076, 0.5077374, 0.5073821, 0.5075591, 0.49981683, 0.50973356, 0.50960344, 0.5088204, 0.5089532, 0.5065383, 0.5005481, 0.50989753, 0.51043856, 0.510463, 0.50850266, 0.509535, 0.51136845, 0.509709, 0.5079293, 0.5077902, 0.5080527, 0.50766015, 0.5094687, 0.5083888, 0.5038498, 0.50218785, 0.508036, 0.509439, 0.5083488, 0.50962454, 0.5093987, 0.50945616, 0.50882834, 0.50837153, 0.50180185, 0.51185405, 0.51187307, 0.5117064, 0.5000823, 0.50231594, 0.50487584, 0.50550896, 0.5103589, 0.50732005, 0.506405, 0.50487125, 0.51125777, 0.5108441, 0.5093467, 0.50606394, 0.50936353, 0.5099938, 0.5094337, 0.5119134, 0.5069853, 0.5065176, 0.5067819, 0.50979, 0.5088984, 0.5088122, 0.50742066, 0.50547576, 0.5067343, 0.5075563, 0.507803, 0.50743663, 0.5072417, 0.5069747, 0.506023, 0.5018167, 0.50927246, 0.5090956, 0.50299, 0.5043702, 0.50860685, 0.5055863, 0.5076735, 0.5097988, 0.5097052, 0.50878227, 0.5080574, 0.5073283, 0.5055005, 0.4996023, 0.5016773, 0.5065802, 0.5076503, 0.5077981, 0.50484896, 0.511275, 0.5101321, 0.50969285, 0.49966618, 0.5021751, 0.5089944, 0.5089756, 0.5103788, 0.5079832, 0.50785226, 0.5076441, 0.5009487, 0.5019874, 0.50378203, 0.5104301, 0.5094054, 0.5096837, 0.5079221, 0.5066223, 0.5063604, 0.5000934, 0.5073686, 0.5083084, 0.5106951, 0.50674605, 0.5091353, 0.5101204, 0.5108332, 0.5111001, 0.508409, 0.510624, 0.5106719, 0.5103533, 0.5044371, 0.5079209, 0.5100625, 0.50418794]
[0.51823694, 0.5188058, 0.52060056, 0.5161508, 0.5168359, 0.5139988, 0.51336, 0.5186985, 0.5060731, 0.5047412, 0.50558656, 0.5151271, 0.5178405, 0.512257, 0.5078005, 0.51667506, 0.5148989, 0.51959544, 0.5180463, 0.5105258, 0.5114058, 0.51590097, 0.5195533, 0.51538694, 0.5208794, 0.5158716, 0.51380223, 0.5103795, 0.49857476, 0.4988075, 0.51937544, 0.5063751, 0.5108628, 0.5027761, 0.5064138, 0.5077846, 0.5200353, 0.49888015, 0.49997067, 0.5157114, 0.51270103, 0.5128136, 0.51289856, 0.51126784, 0.51876456, 0.5176044, 0.50878376, 0.51384884, 0.51238894, 0.51239794, 0.5206078, 0.51688933, 0.51138175, 0.51797414, 0.5196152, 0.51424, 0.5207068, 0.5104064, 0.51791954, 0.5183817, 0.51727283, 0.51112187, 0.51149046, 0.5080142, 0.5182993, 0.51563627, 0.5152822, 0.50270665, 0.50980884, 0.5114379, 0.5106315, 0.51160735, 0.5159647, 0.5065235, 0.503172, 0.5159411, 0.5182449, 0.5163623, 0.50862986, 0.51054364, 0.51453274, 0.5176123, 0.5141885, 0.50910085, 0.51011896, 0.509982, 0.51001817, 0.5108999, 0.49901277, 0.5011157, 0.5010772, 0.49950826, 0.4989643, 0.4994112, 0.5099795, 0.51450264, 0.5160791, 0.5194571, 0.51825047, 0.5167087, 0.5161366, 0.516595, 0.50979275, 0.5207424, 0.5210289, 0.5197069, 0.5112554, 0.52169, 0.51023406, 0.52023876, 0.5201937, 0.5101117, 0.51335, 0.5115823, 0.51560795, 0.51088935, 0.50270265, 0.49840134, 0.5181011, 0.5147477, 0.5022816, 0.5008598, 0.5185515, 0.5044752, 0.5185054, 0.5118275, 0.51850593, 0.5139767, 0.501616, 0.5007681, 0.520517, 0.5115408, 0.52132094, 0.51791286, 0.51794696, 0.51031715, 0.5138329, 0.5144684, 0.5092967, 0.51702523, 0.51696515, 0.5098171, 0.5088325, 0.5141531, 0.508409, 0.5196396, 0.51890534, 0.50412816, 0.5022559, 0.51343507, 0.51379097, 0.5007876, 0.49853486, 0.49938986, 0.5007163, 0.50438446, 0.5094909, 0.51152325, 0.51696974, 0.5023951, 0.505387, 0.5176323, 0.5123505, 0.5159172, 0.50379246, 0.52059484, 0.52106255, 0.52022105, 0.51193434, 0.51067895, 0.5144555, 0.51323664, 0.5120251, 0.5126978, 0.5005567, 0.51649714, 0.5174791, 0.5155014, 0.51571167, 0.5106014, 0.4983018, 0.51732206, 0.518153, 0.5187114, 0.51491696, 0.5169269, 0.52050775, 0.5179751, 0.51282674, 0.5125321, 0.5129282, 0.51235557, 0.51695335, 0.5136227, 0.5057943, 0.5031866, 0.5135602, 0.51668185, 0.51444113, 0.51648325, 0.51747817, 0.5171112, 0.51386714, 0.51426435, 0.5019444, 0.5214438, 0.5214131, 0.52121747, 0.5001177, 0.49994957, 0.5067002, 0.50686246, 0.5178709, 0.5123021, 0.50974756, 0.5067495, 0.51981765, 0.51965195, 0.51592255, 0.5088947, 0.51640356, 0.51768297, 0.5169074, 0.5213865, 0.5117687, 0.51005226, 0.5106781, 0.5169249, 0.515407, 0.5154006, 0.51256835, 0.509232, 0.51095265, 0.51283896, 0.5134542, 0.512923, 0.51297194, 0.5118218, 0.51063526, 0.5048938, 0.5162353, 0.51500577, 0.5051153, 0.5071257, 0.51522726, 0.5082154, 0.51305616, 0.5171368, 0.5164268, 0.51458126, 0.5130974, 0.51134855, 0.5082034, 0.49828595, 0.5046838, 0.5103727, 0.51254964, 0.51274747, 0.5059109, 0.52027684, 0.5176033, 0.5163635, 0.49910742, 0.5030266, 0.51600695, 0.5156162, 0.5189678, 0.51226926, 0.51215804, 0.51194197, 0.5033261, 0.49954647, 0.5064461, 0.5194724, 0.5165942, 0.51739645, 0.51248896, 0.5107092, 0.51036865, 0.4991649, 0.51177394, 0.51576126, 0.5191973, 0.5108485, 0.5158424, 0.51849973, 0.51910967, 0.52024317, 0.5148542, 0.51976115, 0.51851887, 0.5179837, 0.50611866, 0.513307, 0.5182626, 0.505973]
[0.5096201, 0.5098149, 0.51108944, 0.5087313, 0.5090586, 0.50789684, 0.5075946, 0.50988793, 0.50234455, 0.50187796, 0.5024294, 0.50803316, 0.50987244, 0.5067942, 0.5035707, 0.5090152, 0.50809747, 0.51021856, 0.50994056, 0.5055343, 0.50603646, 0.5088732, 0.5106352, 0.50834316, 0.5110701, 0.50884694, 0.50726753, 0.5059956, 0.50341225, 0.50425017, 0.51010627, 0.50390756, 0.50589114, 0.5007581, 0.50341886, 0.5045243, 0.51096004, 0.5039098, 0.502739, 0.50801986, 0.5062296, 0.5057591, 0.5065812, 0.5059003, 0.5100746, 0.5102809, 0.50513625, 0.50767046, 0.5067958, 0.5066472, 0.5111857, 0.5088431, 0.50580144, 0.50965744, 0.51037025, 0.50776976, 0.51128775, 0.5055278, 0.50983834, 0.5099135, 0.5091132, 0.50611335, 0.50595343, 0.5044266, 0.5097494, 0.50840944, 0.5081288, 0.5008299, 0.5055619, 0.5066348, 0.50566363, 0.5061624, 0.50840974, 0.50295067, 0.50086063, 0.50883675, 0.51005286, 0.50871927, 0.50399905, 0.5055277, 0.50772405, 0.5091791, 0.5075852, 0.5048653, 0.5052992, 0.5054139, 0.5057953, 0.5057726, 0.5043984, 0.5004947, 0.5011753, 0.5026508, 0.50358176, 0.502849, 0.50481856, 0.5084639, 0.50887066, 0.51034015, 0.50958663, 0.5087782, 0.5086484, 0.50900954, 0.50550276, 0.51123065, 0.5112448, 0.5105382, 0.5059976, 0.51170367, 0.506007, 0.5103371, 0.510733, 0.5054789, 0.50720304, 0.50659764, 0.5085161, 0.5060247, 0.5008243, 0.5034024, 0.509769, 0.508014, 0.50141877, 0.50094134, 0.5095551, 0.50238466, 0.5101137, 0.5063903, 0.50965554, 0.5071662, 0.50028443, 0.5015035, 0.5107177, 0.50624716, 0.51142997, 0.5097635, 0.50947225, 0.5055446, 0.507359, 0.507432, 0.50507003, 0.50911605, 0.5089467, 0.50533944, 0.5041837, 0.507628, 0.504055, 0.51006156, 0.5102486, 0.50132734, 0.50061315, 0.50694215, 0.507598, 0.5084502, 0.5048707, 0.5039319, 0.5029951, 0.5017287, 0.5052858, 0.5064261, 0.5095157, 0.50249684, 0.5007541, 0.50956094, 0.50706226, 0.50910085, 0.50108206, 0.51105416, 0.51119137, 0.510697, 0.506757, 0.5060477, 0.50779045, 0.5075196, 0.5067463, 0.5066767, 0.501671, 0.5088767, 0.5096815, 0.5089551, 0.50899696, 0.50537485, 0.50395256, 0.50970817, 0.5096414, 0.5097188, 0.50812244, 0.5092285, 0.51099634, 0.5093667, 0.50652635, 0.5066683, 0.5069119, 0.50680995, 0.5093608, 0.5068225, 0.50167, 0.50123847, 0.50751275, 0.50899243, 0.50765467, 0.5090738, 0.5096517, 0.50965905, 0.50771904, 0.5076341, 0.50087833, 0.5112539, 0.51140004, 0.5112682, 0.50137883, 0.50698155, 0.5030176, 0.50401324, 0.5096809, 0.5062878, 0.50567126, 0.503091, 0.5102646, 0.5104801, 0.5085015, 0.50475645, 0.5088979, 0.5091864, 0.5093294, 0.5115104, 0.50550336, 0.50407225, 0.5044708, 0.50900745, 0.50797373, 0.5077077, 0.5068498, 0.50541556, 0.506428, 0.5063746, 0.50688237, 0.5071476, 0.50727814, 0.5065822, 0.5059723, 0.5026365, 0.508296, 0.50779223, 0.50202143, 0.50239444, 0.50835943, 0.50436676, 0.5070315, 0.50941133, 0.50899845, 0.50780433, 0.506983, 0.50590163, 0.5047521, 0.5035377, 0.5019742, 0.50624686, 0.50747865, 0.5076195, 0.50244015, 0.5103254, 0.509339, 0.50884587, 0.5020009, 0.5009639, 0.5086755, 0.5083078, 0.51038694, 0.50690013, 0.5068985, 0.5064652, 0.50118655, 0.5063725, 0.5023786, 0.5103197, 0.5089901, 0.5089062, 0.50617903, 0.5060735, 0.5058039, 0.501462, 0.5062781, 0.50807613, 0.51026875, 0.5058292, 0.50870097, 0.50989985, 0.5099583, 0.51059836, 0.5082058, 0.5103003, 0.51008034, 0.5096137, 0.50274736, 0.5075068, 0.5098161, 0.502443]
[0.5143435, 0.5153299, 0.51626235, 0.5130592, 0.51354617, 0.5117092, 0.5114895, 0.51511157, 0.504706, 0.50337696, 0.50446147, 0.511919, 0.5145464, 0.51030713, 0.5052427, 0.5135808, 0.5122321, 0.51589185, 0.514405, 0.5086041, 0.5090361, 0.5129551, 0.5157798, 0.5127172, 0.5167817, 0.5131091, 0.51113254, 0.508734, 0.50019395, 0.50111216, 0.5154107, 0.5062313, 0.50943786, 0.50168663, 0.50600964, 0.5064138, 0.51625335, 0.500095, 0.50067765, 0.5121855, 0.5102355, 0.5099093, 0.50987613, 0.50868225, 0.5150995, 0.51507777, 0.5066306, 0.5107439, 0.5094817, 0.50961417, 0.5165455, 0.5136641, 0.50893945, 0.51474375, 0.51589525, 0.51185364, 0.5167558, 0.50790113, 0.51483995, 0.51485705, 0.514049, 0.5089027, 0.50855356, 0.50621694, 0.514751, 0.5129324, 0.51243794, 0.50123966, 0.50699514, 0.5094988, 0.50839317, 0.5089657, 0.5126707, 0.5040089, 0.50197536, 0.51343626, 0.5151794, 0.5134057, 0.5052577, 0.50797325, 0.51191354, 0.5140513, 0.51141506, 0.50725985, 0.5079413, 0.50800496, 0.50857806, 0.50873685, 0.5017908, 0.50087285, 0.50005555, 0.5005942, 0.5013399, 0.50103176, 0.5083876, 0.51169735, 0.5132392, 0.51551175, 0.514613, 0.5134236, 0.5133083, 0.5136868, 0.50806236, 0.5167934, 0.5170503, 0.5158666, 0.5090677, 0.5174738, 0.5088598, 0.5159917, 0.51648235, 0.50780046, 0.51044625, 0.5091832, 0.51298124, 0.5091017, 0.5016175, 0.50042, 0.51461655, 0.51165867, 0.5016605, 0.5009009, 0.5146321, 0.50337315, 0.51550066, 0.50958437, 0.5147474, 0.5112199, 0.5004554, 0.5000243, 0.516038, 0.5095285, 0.51723367, 0.5146754, 0.5144566, 0.50856465, 0.51125765, 0.5111848, 0.5074893, 0.51373416, 0.51357913, 0.508165, 0.50692105, 0.5110815, 0.5051417, 0.51543516, 0.5153353, 0.5025947, 0.50211394, 0.51061374, 0.51167864, 0.5048104, 0.50146073, 0.5005256, 0.50036615, 0.5026646, 0.5072879, 0.5098079, 0.51441824, 0.500952, 0.50358063, 0.5144829, 0.5102655, 0.5131647, 0.5033535, 0.51630837, 0.5168882, 0.5158941, 0.50957197, 0.5084764, 0.51109713, 0.5105582, 0.509751, 0.50996333, 0.50061285, 0.51305044, 0.5144063, 0.51291925, 0.512945, 0.5081703, 0.5003802, 0.51422507, 0.514666, 0.5146192, 0.5123038, 0.51406944, 0.51643723, 0.5141043, 0.5095735, 0.5097392, 0.51022077, 0.51021475, 0.5136006, 0.5104679, 0.5028433, 0.50263226, 0.5106341, 0.5135979, 0.51135826, 0.5136062, 0.5139292, 0.51400846, 0.51135904, 0.511209, 0.50236505, 0.5173197, 0.5173035, 0.51682985, 0.5005512, 0.5030718, 0.50468034, 0.5064995, 0.5144441, 0.5101394, 0.50796235, 0.5058115, 0.5159414, 0.51588476, 0.51314, 0.50585365, 0.5133217, 0.51387554, 0.51380557, 0.5177541, 0.5088454, 0.5064384, 0.5072717, 0.51391155, 0.51233095, 0.5119596, 0.50988376, 0.50702876, 0.5092776, 0.5101225, 0.5107937, 0.5104907, 0.5103474, 0.50899506, 0.508027, 0.5049084, 0.5126044, 0.512184, 0.50303936, 0.5040076, 0.51226205, 0.50678587, 0.5104522, 0.5142611, 0.51356936, 0.51220185, 0.51084846, 0.5093829, 0.5063838, 0.5002813, 0.504162, 0.50923336, 0.51094043, 0.5109598, 0.5040485, 0.5160199, 0.51409423, 0.5132679, 0.49993634, 0.50245875, 0.51283646, 0.51259744, 0.5159036, 0.5105823, 0.51043653, 0.5105118, 0.502115, 0.50311816, 0.5038973, 0.5157262, 0.5137192, 0.5138784, 0.5097697, 0.50863093, 0.5087904, 0.50000507, 0.51003134, 0.51221687, 0.5153821, 0.5086934, 0.51375073, 0.5147911, 0.51509875, 0.51635563, 0.51211315, 0.51552534, 0.5145034, 0.5140334, 0.50471234, 0.5106382, 0.5143567, 0.5030034]
[0.5158257, 0.51670086, 0.5170298, 0.5144347, 0.5153072, 0.5129766, 0.5123041, 0.5155609, 0.5043477, 0.5059829, 0.50625217, 0.51315117, 0.51531994, 0.51109976, 0.5061379, 0.51510274, 0.5136647, 0.5166952, 0.51548684, 0.5098692, 0.51034427, 0.51408833, 0.51608044, 0.5139056, 0.51737416, 0.51428056, 0.51285076, 0.5085046, 0.50212824, 0.5018379, 0.51684475, 0.5059161, 0.5099201, 0.50231546, 0.50614643, 0.5059119, 0.5170012, 0.50025284, 0.500708, 0.5134553, 0.51173955, 0.5118269, 0.5119817, 0.50979525, 0.5163831, 0.51568717, 0.5058396, 0.5121619, 0.5112012, 0.5117155, 0.51732093, 0.51457703, 0.5099861, 0.5155573, 0.5166762, 0.51248044, 0.5175014, 0.5092467, 0.5159206, 0.5159711, 0.51467204, 0.5098797, 0.51006854, 0.50643694, 0.51585656, 0.51397103, 0.5133882, 0.5024027, 0.5088566, 0.51030743, 0.5092271, 0.50996315, 0.5140023, 0.5044476, 0.5024751, 0.5147451, 0.5160254, 0.51462865, 0.50766605, 0.5098541, 0.5133575, 0.5149546, 0.51270527, 0.5073457, 0.508889, 0.5071893, 0.5081365, 0.50983757, 0.5028639, 0.5008488, 0.5009407, 0.5001778, 0.5003547, 0.50040454, 0.50951767, 0.5128995, 0.5144186, 0.51643324, 0.5156544, 0.51441413, 0.51413125, 0.51493967, 0.508701, 0.517806, 0.51793635, 0.51675165, 0.5102682, 0.5183549, 0.5095414, 0.5170861, 0.5173971, 0.5085383, 0.5120904, 0.5098644, 0.5140013, 0.5087408, 0.5020911, 0.50184304, 0.5155668, 0.51263535, 0.5011986, 0.5008944, 0.515858, 0.5027509, 0.51616627, 0.51065624, 0.516182, 0.51295245, 0.5016691, 0.5001452, 0.5173456, 0.5110226, 0.5179868, 0.5160542, 0.51543087, 0.5095083, 0.5118402, 0.51251477, 0.50763744, 0.51509863, 0.5143723, 0.5096254, 0.50775933, 0.5128956, 0.50746876, 0.51665103, 0.5163035, 0.50200516, 0.5011596, 0.51250947, 0.5129717, 0.50599355, 0.50217277, 0.50091356, 0.50100553, 0.5028705, 0.5087899, 0.5105899, 0.5151063, 0.5010669, 0.5040278, 0.51537365, 0.5115476, 0.51434165, 0.5021183, 0.51741993, 0.51765585, 0.51717263, 0.51059955, 0.50952744, 0.5124022, 0.5120155, 0.5115432, 0.5111176, 0.5002988, 0.5140217, 0.5155569, 0.5136283, 0.51337034, 0.5100178, 0.5009435, 0.51510084, 0.5160003, 0.5159997, 0.51382416, 0.5153894, 0.51762366, 0.5154431, 0.5108997, 0.51108074, 0.5119576, 0.5110717, 0.51472574, 0.51183647, 0.50448996, 0.5023123, 0.51121837, 0.51464725, 0.5123196, 0.5146749, 0.5149168, 0.5149676, 0.5122226, 0.51213527, 0.50217, 0.51794213, 0.5179518, 0.5176156, 0.5005517, 0.5043025, 0.5049542, 0.5063219, 0.5152401, 0.5111381, 0.5087666, 0.5055223, 0.51700675, 0.51641876, 0.5141437, 0.5081189, 0.51454365, 0.5150169, 0.51461715, 0.5180803, 0.5100545, 0.5079382, 0.5087394, 0.5147161, 0.5137904, 0.5137015, 0.5110572, 0.5082626, 0.5101636, 0.51144606, 0.51217055, 0.51139164, 0.5115618, 0.5103627, 0.5092496, 0.5044438, 0.5141811, 0.5133884, 0.5036523, 0.50425, 0.5135507, 0.5071346, 0.51135784, 0.5151688, 0.5144239, 0.51341337, 0.5118675, 0.51040405, 0.506732, 0.500715, 0.5048182, 0.51027936, 0.51183933, 0.5120814, 0.5047251, 0.51713026, 0.5155118, 0.514609, 0.5012272, 0.5026718, 0.5140856, 0.5135734, 0.516246, 0.5118967, 0.51147467, 0.511485, 0.5035177, 0.5037459, 0.5042985, 0.5166214, 0.51489675, 0.51498365, 0.5112116, 0.50857717, 0.5090484, 0.50095004, 0.5107253, 0.51369816, 0.51642245, 0.51007694, 0.51424134, 0.5163106, 0.51650655, 0.5172315, 0.5131979, 0.5164321, 0.51590085, 0.5153141, 0.5042744, 0.511563, 0.5153481, 0.5040184]
[0.5120567, 0.5129561, 0.513311, 0.5112569, 0.51204455, 0.5099738, 0.5093695, 0.5123712, 0.5052873, 0.5056041, 0.5057044, 0.5102591, 0.5122843, 0.5088942, 0.50609124, 0.51166916, 0.51053256, 0.51312, 0.51227355, 0.5078736, 0.5088613, 0.5108216, 0.5129854, 0.510793, 0.51386195, 0.5110924, 0.50995886, 0.50777274, 0.50074625, 0.5005259, 0.5129986, 0.506091, 0.50849265, 0.5034648, 0.506217, 0.5065315, 0.51321507, 0.5006401, 0.501556, 0.5108038, 0.5094907, 0.5096114, 0.5093432, 0.50816554, 0.51271886, 0.5122051, 0.5066863, 0.50964105, 0.5087323, 0.508732, 0.5134498, 0.5114725, 0.50837404, 0.5122198, 0.5131694, 0.510101, 0.51381755, 0.50750154, 0.51234245, 0.5124613, 0.51175195, 0.5082228, 0.50809026, 0.50672644, 0.51223266, 0.5107319, 0.5106194, 0.5029196, 0.5074576, 0.50838333, 0.5077901, 0.50830096, 0.5112747, 0.50540656, 0.50359356, 0.5113724, 0.5126428, 0.51140106, 0.5064498, 0.5081604, 0.5105688, 0.5119084, 0.50993997, 0.5075427, 0.5079074, 0.50761914, 0.50775033, 0.5081445, 0.5012659, 0.50209373, 0.502101, 0.50103533, 0.5007152, 0.500937, 0.50772524, 0.50989634, 0.5112065, 0.5129147, 0.5122147, 0.511373, 0.51148945, 0.5118325, 0.50707257, 0.5139608, 0.514247, 0.5130945, 0.50827813, 0.51445997, 0.50815046, 0.51313764, 0.51364595, 0.50774515, 0.50917435, 0.50859106, 0.5110042, 0.50817156, 0.5034557, 0.50046015, 0.512099, 0.51012933, 0.5030966, 0.50179833, 0.51216376, 0.5039822, 0.5128551, 0.5086476, 0.5123168, 0.50980407, 0.5027396, 0.50165635, 0.51354825, 0.5084653, 0.5141811, 0.51235235, 0.51180786, 0.5079103, 0.5094065, 0.50976634, 0.5070797, 0.51167035, 0.5114986, 0.50788134, 0.5069963, 0.5099165, 0.50663996, 0.5129225, 0.51283365, 0.5034392, 0.5031191, 0.50951654, 0.51013833, 0.5045326, 0.50097376, 0.5007443, 0.50116163, 0.5035454, 0.5070687, 0.5087876, 0.51175284, 0.5013752, 0.5041561, 0.5120949, 0.50903, 0.5109011, 0.50370055, 0.51343644, 0.51361626, 0.51316494, 0.50862944, 0.50820374, 0.5099472, 0.5095487, 0.5091252, 0.5090768, 0.50198287, 0.5113602, 0.5118022, 0.51074076, 0.5108059, 0.5079681, 0.50075585, 0.51203865, 0.51249975, 0.5123534, 0.51055515, 0.51172525, 0.51374614, 0.5120164, 0.50902563, 0.50912565, 0.50909007, 0.50916636, 0.5115878, 0.5095518, 0.50473505, 0.5039297, 0.5093503, 0.5116897, 0.5097423, 0.511645, 0.5115456, 0.5115644, 0.5103686, 0.50969964, 0.50331044, 0.5139983, 0.51412237, 0.5139813, 0.502136, 0.50261086, 0.50554603, 0.5063605, 0.51207817, 0.5090207, 0.5076655, 0.50642806, 0.51341134, 0.5130346, 0.51093584, 0.5069584, 0.51137006, 0.511631, 0.5115151, 0.5142783, 0.5082046, 0.50733054, 0.50763863, 0.51187515, 0.5106142, 0.5105269, 0.50886774, 0.50704074, 0.5082206, 0.50859326, 0.5090794, 0.50887686, 0.50915456, 0.5083901, 0.5077401, 0.5047103, 0.51097333, 0.5108033, 0.5042557, 0.505506, 0.5105162, 0.50667983, 0.50920993, 0.511928, 0.5115516, 0.5106283, 0.50967664, 0.50887096, 0.5069619, 0.5011841, 0.50490737, 0.5082393, 0.5093293, 0.5094829, 0.5053567, 0.513252, 0.5120849, 0.51150376, 0.5013068, 0.5033015, 0.51088077, 0.510862, 0.5129179, 0.5094708, 0.50931054, 0.5091184, 0.5035741, 0.5024947, 0.505101, 0.51295274, 0.5112508, 0.5116933, 0.5089038, 0.50797266, 0.50784504, 0.5021216, 0.5090474, 0.5109291, 0.512829, 0.5084353, 0.51123345, 0.51252013, 0.5130747, 0.51339114, 0.5103512, 0.51284456, 0.5127103, 0.5121257, 0.50584793, 0.50942814, 0.51181346, 0.5050112]
[0.51565254, 0.51788795, 0.5182978, 0.51492196, 0.5150028, 0.51303333, 0.51145947, 0.5164287, 0.5053821, 0.50402015, 0.5036355, 0.51338047, 0.5160922, 0.51154613, 0.5059774, 0.51605874, 0.51382446, 0.5184508, 0.51601076, 0.50963634, 0.5105916, 0.5142838, 0.5177814, 0.51374406, 0.5191359, 0.5140018, 0.5117959, 0.50754344, 0.50142723, 0.50176287, 0.5174826, 0.50477684, 0.50857353, 0.50094163, 0.50513935, 0.5065584, 0.51831645, 0.50141996, 0.5005658, 0.5134186, 0.51163006, 0.5122353, 0.51181936, 0.5112231, 0.51787436, 0.51502115, 0.5055818, 0.51195407, 0.51114964, 0.5107369, 0.5190481, 0.5149959, 0.50998485, 0.5160213, 0.517701, 0.51215124, 0.5187267, 0.5093746, 0.5161238, 0.5166358, 0.5161537, 0.509963, 0.51026314, 0.50704885, 0.51675206, 0.5140854, 0.5131419, 0.49995053, 0.5085628, 0.510242, 0.5097287, 0.51099825, 0.51499116, 0.50507593, 0.50150853, 0.51442164, 0.5162283, 0.51449686, 0.50877434, 0.5103788, 0.51360726, 0.5162159, 0.5124441, 0.50880563, 0.5086456, 0.50789464, 0.5057997, 0.5090754, 0.5018341, 0.49994612, 0.5003032, 0.5006545, 0.5008505, 0.5007036, 0.5083605, 0.5131106, 0.51398444, 0.5176416, 0.5162619, 0.5152834, 0.51550543, 0.5162127, 0.50867945, 0.51931816, 0.51997715, 0.51802284, 0.5096712, 0.5199298, 0.5087286, 0.5186939, 0.51884013, 0.50851834, 0.51180845, 0.51052797, 0.5136958, 0.50920147, 0.501414, 0.50050384, 0.5159713, 0.5130565, 0.5017552, 0.5002199, 0.51610214, 0.50111705, 0.5167889, 0.5094707, 0.5171338, 0.5124909, 0.50355846, 0.5018296, 0.5194967, 0.50987935, 0.5197231, 0.5162612, 0.51464516, 0.5072196, 0.5116866, 0.51323026, 0.5070654, 0.5157539, 0.5157324, 0.50906605, 0.50633955, 0.5128669, 0.5082835, 0.5174853, 0.5175732, 0.5029488, 0.50163263, 0.5117534, 0.5120447, 0.5045649, 0.50158507, 0.50040746, 0.5006007, 0.50161964, 0.5058998, 0.51054347, 0.51461434, 0.5005157, 0.50249493, 0.51606816, 0.51067996, 0.51406014, 0.50212437, 0.51875263, 0.51972073, 0.51833475, 0.50968677, 0.5090227, 0.51333135, 0.5117995, 0.5108637, 0.51073074, 0.5003431, 0.51519805, 0.51531136, 0.51332814, 0.51327133, 0.5095721, 0.501504, 0.51584786, 0.51668715, 0.51718986, 0.51360184, 0.5151963, 0.519051, 0.51588625, 0.51241744, 0.51247185, 0.51246816, 0.51152265, 0.5152534, 0.5122921, 0.50453687, 0.50176775, 0.512131, 0.5150715, 0.5127, 0.5148976, 0.5149895, 0.51535034, 0.5138546, 0.51285344, 0.50099045, 0.5195141, 0.5197986, 0.519418, 0.5011716, 0.50388104, 0.50606847, 0.50584745, 0.51696867, 0.5104334, 0.5091008, 0.5061785, 0.5185394, 0.51785994, 0.5145689, 0.50892717, 0.5152208, 0.5159418, 0.5143553, 0.5197555, 0.5093447, 0.5088071, 0.5094387, 0.51529825, 0.5139547, 0.51386166, 0.51132923, 0.507772, 0.5095151, 0.51130694, 0.5118547, 0.51043093, 0.5104404, 0.5095794, 0.5081568, 0.50177205, 0.5149562, 0.5137464, 0.50270677, 0.50410575, 0.513418, 0.5061348, 0.5112844, 0.5154012, 0.51501006, 0.5133029, 0.5119223, 0.5103348, 0.506748, 0.50088745, 0.5017196, 0.50869745, 0.5112092, 0.51136106, 0.50613135, 0.51905584, 0.5163045, 0.51522213, 0.5001316, 0.50309664, 0.5141048, 0.5138676, 0.51684725, 0.51169574, 0.5113327, 0.5109888, 0.5006673, 0.5032464, 0.5038249, 0.51727486, 0.51462626, 0.51529115, 0.5114348, 0.5088529, 0.50851166, 0.5007691, 0.5096934, 0.51215065, 0.51740706, 0.5095308, 0.51454276, 0.5169942, 0.51789045, 0.5183887, 0.5125572, 0.5176969, 0.5175307, 0.51709884, 0.5054147, 0.5113328, 0.5164312, 0.50535697]
[0.51506335, 0.5153496, 0.51678663, 0.5136742, 0.5136286, 0.51140624, 0.51072454, 0.5147092, 0.50046945, 0.5017808, 0.5026434, 0.5112798, 0.5148023, 0.50847614, 0.5017388, 0.51332724, 0.5119239, 0.51573646, 0.51544935, 0.5075368, 0.5079759, 0.51351804, 0.516028, 0.5126683, 0.5166027, 0.5133365, 0.5107763, 0.50766295, 0.5035339, 0.50472456, 0.5158085, 0.5025002, 0.5079266, 0.5012516, 0.50243926, 0.5037517, 0.51617074, 0.5034644, 0.50291675, 0.51168734, 0.50862247, 0.5082634, 0.50972074, 0.50690526, 0.5153447, 0.51555127, 0.5054411, 0.51127344, 0.50936663, 0.509622, 0.51664746, 0.5131567, 0.50701964, 0.5148257, 0.51614624, 0.5114749, 0.5174135, 0.5066091, 0.51500815, 0.51509017, 0.5131686, 0.50822043, 0.50723267, 0.50339574, 0.51472956, 0.51231, 0.512058, 0.50095063, 0.5064548, 0.5089717, 0.5070967, 0.5075925, 0.5126001, 0.50126654, 0.50139546, 0.51360965, 0.5153825, 0.5127773, 0.50273293, 0.5068384, 0.5112726, 0.5135121, 0.511283, 0.5043399, 0.5050916, 0.50508916, 0.5061713, 0.5079249, 0.5045856, 0.5018027, 0.5016509, 0.50289917, 0.50331163, 0.5031775, 0.5059193, 0.5122696, 0.51302135, 0.515787, 0.51487607, 0.5132113, 0.5126652, 0.5135503, 0.5063481, 0.5175374, 0.5176366, 0.5161686, 0.50795925, 0.51788795, 0.5080479, 0.51605433, 0.5166311, 0.5074892, 0.5102024, 0.50814855, 0.5128517, 0.50767434, 0.5014506, 0.5039201, 0.51477706, 0.5118939, 0.5016583, 0.50256944, 0.5143537, 0.50093925, 0.51538044, 0.50917923, 0.5146468, 0.510113, 0.5019415, 0.502694, 0.51640016, 0.5085811, 0.51772785, 0.51551044, 0.5142884, 0.50698733, 0.5103663, 0.5106485, 0.50551707, 0.5134161, 0.513144, 0.50697684, 0.50462276, 0.51155543, 0.5031169, 0.51517344, 0.5156838, 0.5013419, 0.5021176, 0.5103298, 0.5112047, 0.5074492, 0.5046216, 0.5040555, 0.50363743, 0.50048846, 0.5065863, 0.5084467, 0.5145084, 0.5033991, 0.50088793, 0.5150523, 0.5101024, 0.5136787, 0.50136703, 0.51650035, 0.5168773, 0.51632124, 0.50935984, 0.5087324, 0.5106268, 0.51032406, 0.5098815, 0.51001555, 0.5021551, 0.51236695, 0.5147021, 0.5129099, 0.5129047, 0.5071456, 0.50370574, 0.5147209, 0.51476663, 0.5146478, 0.5124776, 0.51412374, 0.517246, 0.51480806, 0.5080564, 0.5084661, 0.5086364, 0.5081614, 0.5138451, 0.50936747, 0.50024515, 0.50072175, 0.5100155, 0.51346284, 0.51077694, 0.5137872, 0.5141774, 0.5145622, 0.51089, 0.5108753, 0.5014809, 0.51721793, 0.51713836, 0.51726955, 0.50172997, 0.5059034, 0.5000916, 0.503611, 0.51443875, 0.5083815, 0.50617546, 0.50196695, 0.51592606, 0.51611495, 0.51243824, 0.5043539, 0.5134575, 0.5136294, 0.5137672, 0.51763207, 0.5062661, 0.5030099, 0.5035938, 0.51293546, 0.51175225, 0.5109772, 0.5090694, 0.505363, 0.508562, 0.5083002, 0.50970036, 0.5096617, 0.5101353, 0.50840557, 0.5074479, 0.5022865, 0.51227045, 0.51105934, 0.50097203, 0.50079936, 0.51246816, 0.5048606, 0.5099951, 0.51422864, 0.51371074, 0.5114588, 0.5098309, 0.5080462, 0.504746, 0.5041574, 0.5019486, 0.50864613, 0.51072806, 0.5108821, 0.50033545, 0.5164034, 0.51457155, 0.5137564, 0.5032033, 0.50184935, 0.5128796, 0.5119692, 0.5158192, 0.50904214, 0.50875425, 0.50873256, 0.5009799, 0.5053598, 0.50210017, 0.51599354, 0.51299477, 0.5136998, 0.50785863, 0.5073298, 0.507189, 0.5016319, 0.50861907, 0.5121906, 0.51556295, 0.50782794, 0.51339614, 0.51527655, 0.5149245, 0.5166778, 0.511923, 0.5156323, 0.5154383, 0.5147623, 0.50103104, 0.51044476, 0.51427364, 0.5005284]
[0.51692814, 0.51793164, 0.518838, 0.51535904, 0.5165445, 0.51348877, 0.5129311, 0.51724696, 0.50256187, 0.5027172, 0.50439715, 0.5138561, 0.51689273, 0.51165533, 0.5056558, 0.5156754, 0.5142082, 0.517987, 0.51717585, 0.5098927, 0.51127505, 0.5156548, 0.51793903, 0.5147531, 0.51889616, 0.515374, 0.5124671, 0.50952005, 0.5001186, 0.5007691, 0.51812094, 0.50598425, 0.51036894, 0.4986494, 0.50571704, 0.5074077, 0.5182919, 0.49996066, 0.49951398, 0.514182, 0.5118642, 0.5112559, 0.51185024, 0.5100884, 0.51764536, 0.51650214, 0.5073604, 0.5132027, 0.51188916, 0.51123744, 0.5187546, 0.51582754, 0.5100654, 0.51668936, 0.51814735, 0.51329625, 0.51944906, 0.50835794, 0.5165867, 0.51669544, 0.5155815, 0.509752, 0.5103148, 0.50755453, 0.5171538, 0.51436543, 0.5145821, 0.49871287, 0.5092767, 0.5107803, 0.50934803, 0.50979936, 0.51516026, 0.50474936, 0.49966988, 0.515458, 0.51701957, 0.51461315, 0.5073396, 0.50981826, 0.51393116, 0.5154202, 0.5133974, 0.5077234, 0.5091138, 0.5090763, 0.50861305, 0.51008224, 0.5006528, 0.49875772, 0.4987551, 0.49935043, 0.49983984, 0.49966574, 0.50905967, 0.5134923, 0.51517606, 0.5179627, 0.5171336, 0.5150892, 0.5149678, 0.5156113, 0.508591, 0.5192872, 0.5196094, 0.5186369, 0.5099331, 0.5199558, 0.50952137, 0.518903, 0.5186124, 0.50943553, 0.5122112, 0.511272, 0.51465315, 0.510127, 0.49934193, 0.5000292, 0.51692194, 0.5134065, 0.49852094, 0.49864358, 0.5169645, 0.4998797, 0.51731634, 0.5107391, 0.51715297, 0.5125775, 0.49815765, 0.49869925, 0.5188352, 0.51078063, 0.5200534, 0.5177053, 0.5165268, 0.50911486, 0.51214486, 0.51247966, 0.50842947, 0.51568884, 0.51555145, 0.50886846, 0.5083808, 0.5131122, 0.5081428, 0.5177719, 0.5174176, 0.49986747, 0.49838185, 0.5126454, 0.5131952, 0.5027221, 0.5004292, 0.4996868, 0.49942762, 0.5007291, 0.5088951, 0.5110072, 0.5166189, 0.5000114, 0.49854454, 0.5169551, 0.5121814, 0.5153235, 0.49948114, 0.5185377, 0.5193287, 0.51843804, 0.51108295, 0.51011574, 0.51250255, 0.5128496, 0.5112526, 0.5114169, 0.49940953, 0.51479465, 0.5161569, 0.5147189, 0.51468253, 0.50974995, 0.49984103, 0.5166818, 0.516841, 0.5171016, 0.514071, 0.5158709, 0.5192255, 0.5167173, 0.5111474, 0.5111731, 0.51185226, 0.51160413, 0.5156884, 0.51210964, 0.5022648, 0.4993182, 0.5126082, 0.51609397, 0.5131178, 0.51550865, 0.51600313, 0.51591235, 0.5130987, 0.51257235, 0.49907812, 0.5193281, 0.51962745, 0.5196906, 0.499245, 0.5014104, 0.5046394, 0.5055541, 0.5163533, 0.5112579, 0.50930303, 0.50581086, 0.5183847, 0.5181459, 0.51517075, 0.5081169, 0.5152813, 0.5151794, 0.5156226, 0.5196584, 0.50959814, 0.5082968, 0.50872517, 0.5155256, 0.5140057, 0.5137123, 0.51124823, 0.50825655, 0.5103535, 0.5111917, 0.5119398, 0.5114285, 0.5120539, 0.51030594, 0.50967646, 0.5025596, 0.5146906, 0.51355344, 0.5016759, 0.5040567, 0.5142938, 0.50694007, 0.51195663, 0.51609373, 0.5155075, 0.51350904, 0.5120567, 0.51061636, 0.5077304, 0.49958774, 0.5007978, 0.510667, 0.51247483, 0.51277465, 0.5031394, 0.51853055, 0.5165479, 0.5155436, 0.49928227, 0.49844015, 0.51455426, 0.51422775, 0.5175332, 0.5115748, 0.5114306, 0.5114832, 0.4989338, 0.5015178, 0.50375044, 0.51760286, 0.5152356, 0.5159462, 0.5111342, 0.50980717, 0.50964755, 0.49935186, 0.5107497, 0.51423275, 0.5175138, 0.5109808, 0.51505864, 0.5169046, 0.5175157, 0.5186036, 0.51369077, 0.51788044, 0.5173754, 0.5167774, 0.5048419, 0.51212955, 0.516113, 0.50241846]
[0.51177275, 0.5127592, 0.5131835, 0.5112168, 0.5113973, 0.51000565, 0.5091533, 0.5121614, 0.5041528, 0.5036786, 0.503977, 0.5099702, 0.51191115, 0.50881684, 0.504963, 0.5118097, 0.5102571, 0.5127909, 0.5119997, 0.50771767, 0.5084686, 0.51165575, 0.5128526, 0.51045054, 0.5129007, 0.51091045, 0.50913703, 0.50655615, 0.5017418, 0.50267243, 0.5126184, 0.5045442, 0.5072703, 0.5019543, 0.50567156, 0.5066932, 0.51289743, 0.5009513, 0.5008586, 0.5101726, 0.5086486, 0.50878626, 0.50841075, 0.5083222, 0.512386, 0.51135695, 0.5061492, 0.5099048, 0.5089388, 0.5088722, 0.51318234, 0.5111941, 0.5082071, 0.5114649, 0.5127408, 0.5095397, 0.51348776, 0.50699896, 0.51154363, 0.5117542, 0.5113346, 0.5077678, 0.50748163, 0.5067205, 0.51170874, 0.5104153, 0.51043713, 0.5018133, 0.50707954, 0.50841254, 0.50771344, 0.5083571, 0.5109942, 0.50515854, 0.5023285, 0.5110898, 0.51186055, 0.51079607, 0.5066473, 0.50766313, 0.5106265, 0.51142776, 0.50996417, 0.5071753, 0.50746727, 0.50733757, 0.5064692, 0.507594, 0.5024701, 0.501024, 0.501207, 0.500393, 0.5010255, 0.50132, 0.50751954, 0.51008517, 0.5106396, 0.51282066, 0.51199883, 0.51107454, 0.51109, 0.5112946, 0.5075117, 0.51362, 0.5136188, 0.5127517, 0.50762737, 0.5138862, 0.50751376, 0.5132711, 0.5129711, 0.5072249, 0.509335, 0.5083022, 0.5103782, 0.50772715, 0.5011483, 0.5015084, 0.51173097, 0.50966024, 0.5014901, 0.5007533, 0.5117186, 0.50244135, 0.5121886, 0.5080538, 0.51209366, 0.50900126, 0.50098556, 0.50054634, 0.5133124, 0.50831366, 0.5140951, 0.512567, 0.51106775, 0.506779, 0.50915486, 0.5093335, 0.50626427, 0.5117183, 0.5111863, 0.50722003, 0.50576043, 0.5094774, 0.5070099, 0.5126609, 0.5125264, 0.5018385, 0.5010932, 0.50952214, 0.5099574, 0.5054497, 0.50255597, 0.50132287, 0.5003876, 0.5025832, 0.50607413, 0.50863665, 0.5117629, 0.50192297, 0.5018296, 0.51216644, 0.50906026, 0.5114634, 0.5006247, 0.5131707, 0.5133367, 0.51287484, 0.50845397, 0.50793535, 0.50984627, 0.5091239, 0.50836354, 0.50895053, 0.5005748, 0.51063377, 0.511408, 0.5103491, 0.51021886, 0.5078459, 0.50116193, 0.5120081, 0.5116915, 0.51210356, 0.51034427, 0.5114033, 0.5133694, 0.5117853, 0.50882596, 0.50881255, 0.5087419, 0.50903517, 0.51129425, 0.50911725, 0.50367755, 0.50177777, 0.50950986, 0.51124656, 0.5096453, 0.51111037, 0.5113441, 0.5114373, 0.5101805, 0.5096115, 0.50182545, 0.5132029, 0.51351, 0.51360154, 0.5006583, 0.503581, 0.50514966, 0.50555044, 0.5118785, 0.5081902, 0.5075653, 0.50601065, 0.5127889, 0.512688, 0.51072603, 0.5073284, 0.5111522, 0.5112217, 0.51094717, 0.51367843, 0.5072317, 0.5071635, 0.5074732, 0.5110402, 0.51007885, 0.510053, 0.5085812, 0.5066833, 0.50824916, 0.508751, 0.50914365, 0.5085703, 0.50896466, 0.507883, 0.50724125, 0.50306726, 0.5103485, 0.509728, 0.50357383, 0.50477403, 0.5104033, 0.50551814, 0.5087312, 0.5113132, 0.5109617, 0.5101619, 0.509268, 0.5086665, 0.5061097, 0.5014426, 0.5036633, 0.50794834, 0.5093182, 0.5093192, 0.5033884, 0.51305103, 0.5119636, 0.5112565, 0.5011233, 0.5018565, 0.5102354, 0.5104394, 0.51198834, 0.5090757, 0.50895494, 0.50849754, 0.5019463, 0.5033334, 0.5050503, 0.51255935, 0.51012766, 0.51108235, 0.5083035, 0.5073792, 0.5073293, 0.500578, 0.5077458, 0.5098454, 0.5123633, 0.50793666, 0.5107732, 0.5123524, 0.51261795, 0.5132823, 0.509706, 0.5126876, 0.5125492, 0.51231176, 0.5050818, 0.5092024, 0.51170367, 0.5032499]
[0.5128471, 0.51404345, 0.51444715, 0.51190406, 0.5123008, 0.51044124, 0.5095325, 0.51370984, 0.5034009, 0.5004059, 0.5014998, 0.51100314, 0.5133798, 0.50937593, 0.50396293, 0.5132362, 0.51122516, 0.51466316, 0.51365006, 0.50797755, 0.50899357, 0.51173633, 0.5143185, 0.5113621, 0.5151529, 0.51139563, 0.509406, 0.50647724, 0.5038231, 0.5043257, 0.5138204, 0.50403726, 0.5075648, 0.5007574, 0.5039208, 0.50711626, 0.51480407, 0.5031025, 0.5020192, 0.5114809, 0.5100582, 0.50956154, 0.5091356, 0.5087368, 0.5137805, 0.5120327, 0.5062749, 0.5100966, 0.5092748, 0.5089151, 0.5147293, 0.5123765, 0.50877047, 0.51291883, 0.5142232, 0.5107217, 0.51498693, 0.5070956, 0.51269424, 0.5130472, 0.5128157, 0.50809646, 0.5076377, 0.50630397, 0.51296, 0.5114689, 0.51111627, 0.50152963, 0.5064034, 0.5087408, 0.50807697, 0.508949, 0.512164, 0.5040716, 0.5011975, 0.51211965, 0.51317734, 0.5118879, 0.506852, 0.50843537, 0.51118326, 0.5127044, 0.51042753, 0.50759155, 0.5078201, 0.5080808, 0.5073149, 0.50801206, 0.5043102, 0.50186104, 0.5021771, 0.5029651, 0.5035349, 0.50343823, 0.5074589, 0.5106547, 0.51144207, 0.51424414, 0.51316524, 0.5123999, 0.51222795, 0.51236564, 0.50737405, 0.5156778, 0.515504, 0.5144304, 0.5080817, 0.51592433, 0.5079367, 0.51482356, 0.5150434, 0.5069993, 0.5095745, 0.50874996, 0.5114143, 0.50840425, 0.5012544, 0.50347006, 0.51313007, 0.5104836, 0.50050706, 0.5031234, 0.5132884, 0.5006342, 0.51354414, 0.5084684, 0.51388466, 0.50994277, 0.500512, 0.5011687, 0.514849, 0.5081979, 0.5158098, 0.51336366, 0.5124502, 0.5065028, 0.509586, 0.51025766, 0.50655514, 0.5129432, 0.51231134, 0.5071916, 0.5049013, 0.5101034, 0.506079, 0.5142769, 0.51469624, 0.50129175, 0.5009699, 0.50990665, 0.5104697, 0.50747615, 0.50384516, 0.5026966, 0.502177, 0.5003717, 0.5043128, 0.508852, 0.5127022, 0.50294155, 0.5005849, 0.5130726, 0.50911677, 0.5117645, 0.50123906, 0.5150805, 0.5155086, 0.5143574, 0.5084816, 0.5077172, 0.51075506, 0.50967807, 0.50887346, 0.50975204, 0.50198674, 0.51183724, 0.5124551, 0.5112804, 0.5114349, 0.5079263, 0.50355196, 0.5129853, 0.5133552, 0.5135853, 0.5106449, 0.51257676, 0.5149961, 0.5125475, 0.5097085, 0.50946945, 0.5098899, 0.5095014, 0.5122371, 0.51056385, 0.50182045, 0.5004584, 0.51018673, 0.51226825, 0.5105484, 0.51233655, 0.5121348, 0.51255757, 0.51122713, 0.51031506, 0.5010271, 0.51565725, 0.51561606, 0.5157296, 0.50254214, 0.505811, 0.5044709, 0.5050597, 0.5134427, 0.5090102, 0.50744313, 0.50443983, 0.5146573, 0.51423883, 0.51167953, 0.50723493, 0.51198256, 0.5128038, 0.5120809, 0.51568323, 0.50868183, 0.5075664, 0.5079533, 0.5123775, 0.51093674, 0.510993, 0.5089154, 0.50570613, 0.5083471, 0.5095239, 0.5099099, 0.50880486, 0.5090336, 0.5080944, 0.5071135, 0.50153124, 0.51156926, 0.51106423, 0.5013381, 0.502547, 0.51087886, 0.5052172, 0.50944716, 0.51270837, 0.5124443, 0.5111595, 0.5100399, 0.50923073, 0.5062425, 0.5029429, 0.5003746, 0.5079388, 0.50932884, 0.50939375, 0.50360185, 0.5148373, 0.51299363, 0.51238286, 0.50293696, 0.50070846, 0.51128536, 0.5114005, 0.5134061, 0.5099342, 0.5096034, 0.5092912, 0.5011984, 0.50564593, 0.5026908, 0.51425475, 0.5114532, 0.51245964, 0.509268, 0.5077325, 0.50683784, 0.50331056, 0.50897205, 0.5106373, 0.5137237, 0.50803375, 0.51165485, 0.51337916, 0.51407015, 0.514859, 0.5105526, 0.5137298, 0.51407015, 0.5135657, 0.5046444, 0.51023495, 0.5128962, 0.50176716]
[0.5102879, 0.51094407, 0.51123935, 0.5092853, 0.5097578, 0.5077948, 0.50706893, 0.51039743, 0.50174326, 0.5013163, 0.5017375, 0.5080424, 0.5101113, 0.506745, 0.5023457, 0.5097037, 0.5086272, 0.51106954, 0.51037806, 0.5056489, 0.506651, 0.50914234, 0.5110648, 0.5087192, 0.5115899, 0.50897884, 0.5075137, 0.5046638, 0.50418127, 0.5051627, 0.5107317, 0.5026796, 0.5057636, 0.50079894, 0.50231993, 0.50405174, 0.51127577, 0.5042521, 0.5032434, 0.50853646, 0.5074102, 0.50736964, 0.5068631, 0.50607175, 0.51066417, 0.5095244, 0.50371337, 0.5080963, 0.50705117, 0.5071173, 0.51140213, 0.50910443, 0.5061741, 0.5099703, 0.5108862, 0.50777525, 0.5114934, 0.5049142, 0.5098098, 0.50992984, 0.5094323, 0.5055663, 0.5059481, 0.50364715, 0.5102258, 0.5084174, 0.5087727, 0.5020908, 0.50430524, 0.5063042, 0.50568515, 0.50646764, 0.50957257, 0.50242823, 0.50112045, 0.5090818, 0.51027954, 0.508946, 0.5049638, 0.5063092, 0.50871044, 0.5093702, 0.50808066, 0.50503516, 0.50541157, 0.5053519, 0.5040925, 0.5058026, 0.5053546, 0.5020334, 0.5025074, 0.5037168, 0.5040172, 0.5035421, 0.5053778, 0.5081114, 0.50861454, 0.51090974, 0.5104305, 0.5093411, 0.50924116, 0.5094051, 0.504573, 0.51199764, 0.5119441, 0.51122653, 0.50597656, 0.5122566, 0.5056603, 0.5116189, 0.5113355, 0.50521445, 0.5072389, 0.5061269, 0.5086721, 0.50597507, 0.50111663, 0.504683, 0.510231, 0.50807047, 0.5004935, 0.5030467, 0.5102351, 0.5008603, 0.51039207, 0.50592375, 0.51037294, 0.50726414, 0.50087357, 0.50159675, 0.5114779, 0.50632083, 0.51209295, 0.5105872, 0.5094097, 0.50466144, 0.5069055, 0.50758827, 0.50397485, 0.50963104, 0.5094999, 0.5043661, 0.50341016, 0.50756246, 0.50451595, 0.5107121, 0.5107092, 0.5005472, 0.50194216, 0.5073798, 0.50782174, 0.50918466, 0.5050773, 0.50382525, 0.5030384, 0.50069004, 0.5036886, 0.50636625, 0.5095501, 0.50395685, 0.501084, 0.5098578, 0.5068757, 0.50885123, 0.5016239, 0.51147395, 0.511741, 0.5110832, 0.5065613, 0.5054952, 0.50790286, 0.50729537, 0.5066286, 0.5067994, 0.50301945, 0.5091764, 0.509476, 0.50859684, 0.50867707, 0.50574166, 0.5043683, 0.5100376, 0.51028824, 0.5104387, 0.5082392, 0.50957334, 0.5116046, 0.5099819, 0.5067285, 0.5067545, 0.50687665, 0.5070967, 0.5093878, 0.50757384, 0.50203097, 0.50081193, 0.5076008, 0.50897676, 0.50765216, 0.50954366, 0.5092293, 0.5094075, 0.508192, 0.50783086, 0.50123805, 0.5116403, 0.51173097, 0.51166946, 0.50334674, 0.5076112, 0.5024023, 0.5030055, 0.5101475, 0.5069449, 0.504976, 0.5022961, 0.51128876, 0.5107902, 0.5088857, 0.5050218, 0.50920516, 0.50972205, 0.5091246, 0.5118944, 0.50615543, 0.50531673, 0.5056086, 0.50938797, 0.508291, 0.5081893, 0.5066325, 0.5039241, 0.5060141, 0.50664073, 0.5071612, 0.5064585, 0.50677514, 0.50557095, 0.5047865, 0.5007027, 0.5088602, 0.5082257, 0.50089824, 0.5021821, 0.50821096, 0.50295645, 0.5071771, 0.5095697, 0.50930053, 0.50819314, 0.5073698, 0.5064784, 0.503862, 0.503713, 0.50063384, 0.5057945, 0.50727886, 0.5072841, 0.50228035, 0.51153094, 0.51020604, 0.5095392, 0.502986, 0.5005575, 0.5085542, 0.5086531, 0.51029646, 0.5071234, 0.5068645, 0.50671285, 0.5008639, 0.5069128, 0.5019622, 0.51060325, 0.5087953, 0.5093435, 0.5067811, 0.5054121, 0.50518864, 0.50363696, 0.50659394, 0.5080475, 0.51083267, 0.5061995, 0.5088616, 0.51032954, 0.5108182, 0.5114343, 0.5079117, 0.5106067, 0.5109927, 0.5107162, 0.5023631, 0.5072997, 0.5098593, 0.5011528]
[0.5119245, 0.51281023, 0.51321244, 0.51142, 0.5112956, 0.5097257, 0.50871927, 0.5121928, 0.5036375, 0.50446, 0.5051951, 0.5095658, 0.5122253, 0.5085705, 0.50412047, 0.51169026, 0.51008576, 0.51266146, 0.51243, 0.5072738, 0.50806373, 0.5111512, 0.51305634, 0.51057124, 0.5131618, 0.51076674, 0.50943154, 0.5069274, 0.5004077, 0.50129604, 0.51278645, 0.5049889, 0.5073869, 0.5030907, 0.5048227, 0.50554085, 0.5129767, 0.5003342, 0.5005668, 0.5101843, 0.50869775, 0.508913, 0.5083731, 0.50792676, 0.51275325, 0.51162463, 0.5066413, 0.50967413, 0.50844395, 0.5086012, 0.51345885, 0.5111011, 0.50770706, 0.51161784, 0.51283824, 0.5095786, 0.5137784, 0.507123, 0.5119657, 0.51227945, 0.51133764, 0.5078762, 0.50723094, 0.50581414, 0.511954, 0.5107681, 0.51040775, 0.50180876, 0.5067847, 0.50811356, 0.5072254, 0.5081633, 0.5110442, 0.50521225, 0.50243324, 0.51167214, 0.5121444, 0.51062435, 0.5064415, 0.50804776, 0.51061547, 0.51139987, 0.5098419, 0.5068077, 0.5068713, 0.5066208, 0.506444, 0.5076298, 0.5011167, 0.5014985, 0.5013383, 0.5004655, 0.5002726, 0.5001051, 0.5070199, 0.510066, 0.51085544, 0.51269317, 0.5124369, 0.5111453, 0.51108885, 0.5115062, 0.5067585, 0.5137563, 0.5143091, 0.51302654, 0.5080357, 0.5141143, 0.5074786, 0.51358306, 0.51337045, 0.50721645, 0.5089241, 0.5077855, 0.51049495, 0.5075063, 0.5021531, 0.50078887, 0.51176333, 0.50952035, 0.5019124, 0.50135523, 0.5117372, 0.50304526, 0.512175, 0.5081108, 0.5124074, 0.5088884, 0.50228053, 0.50154907, 0.5134703, 0.5079847, 0.5142379, 0.5125458, 0.51111764, 0.5068273, 0.50855255, 0.50909436, 0.506004, 0.511695, 0.5111374, 0.50698006, 0.50573593, 0.50983155, 0.50622284, 0.5125105, 0.5127055, 0.5018937, 0.5006064, 0.50899196, 0.5092365, 0.5047587, 0.5010196, 0.5001801, 0.5004218, 0.50236523, 0.50609946, 0.5081806, 0.5116517, 0.50035566, 0.5023984, 0.5121936, 0.50881886, 0.5111312, 0.5022866, 0.513113, 0.5135914, 0.51278055, 0.5086499, 0.50780094, 0.50964737, 0.5092704, 0.50878036, 0.5087694, 0.5007315, 0.51062304, 0.5116689, 0.5103705, 0.5105066, 0.50751245, 0.500573, 0.5123177, 0.5121232, 0.512469, 0.51021415, 0.5116622, 0.51356184, 0.51218736, 0.5084147, 0.50853735, 0.50859106, 0.5086145, 0.5115573, 0.5090479, 0.503788, 0.5025293, 0.50923055, 0.51166785, 0.50911677, 0.5110328, 0.5113588, 0.51155335, 0.5100994, 0.5096282, 0.5031752, 0.51368195, 0.5136971, 0.5138637, 0.50171167, 0.5026618, 0.5034995, 0.5060518, 0.51221085, 0.5081311, 0.507422, 0.5053498, 0.51325446, 0.51286876, 0.5106846, 0.5067119, 0.5111275, 0.5113569, 0.51123846, 0.5139667, 0.5071409, 0.5061089, 0.5065631, 0.51127595, 0.509902, 0.5098466, 0.5083281, 0.50643533, 0.5077611, 0.50792897, 0.5083386, 0.5081084, 0.50873595, 0.50807315, 0.5074827, 0.50368613, 0.51080936, 0.51006156, 0.5042853, 0.50497633, 0.5104694, 0.5060522, 0.5088434, 0.51172155, 0.51141787, 0.51007414, 0.5090344, 0.5083484, 0.50651103, 0.50029117, 0.5033388, 0.5079583, 0.5094444, 0.5093101, 0.5043498, 0.5133012, 0.51215243, 0.51152074, 0.50018406, 0.501685, 0.51071644, 0.5103728, 0.5124694, 0.5088738, 0.5088933, 0.50799644, 0.5026672, 0.50240016, 0.50449026, 0.5128263, 0.5107004, 0.51145536, 0.5080793, 0.5074349, 0.50721467, 0.50145584, 0.50832874, 0.5105394, 0.5127132, 0.50789666, 0.5108373, 0.5125403, 0.5126844, 0.51327175, 0.51026326, 0.5124277, 0.5128387, 0.51257235, 0.505395, 0.5091404, 0.51188123, 0.5050029]
[0.5115825, 0.51244956, 0.51300806, 0.51063675, 0.51091725, 0.5085313, 0.5078598, 0.51180184, 0.50139296, 0.5006969, 0.5017696, 0.50873005, 0.5116313, 0.507454, 0.5032871, 0.5112432, 0.5096751, 0.5126368, 0.5121569, 0.50639963, 0.5070696, 0.51039976, 0.5127035, 0.5102086, 0.5133857, 0.51030093, 0.50827694, 0.50495493, 0.50148815, 0.5022966, 0.512299, 0.50290424, 0.50599444, 0.50039387, 0.50208884, 0.5038002, 0.5131292, 0.50170493, 0.5013552, 0.50913405, 0.50816596, 0.50782174, 0.50764, 0.5065364, 0.51237226, 0.510762, 0.50476354, 0.509114, 0.50782967, 0.50755805, 0.51304567, 0.510392, 0.5063992, 0.51129425, 0.5123547, 0.50903213, 0.51326925, 0.5049742, 0.511029, 0.51151824, 0.510901, 0.5060742, 0.5060577, 0.5040843, 0.51153964, 0.5096126, 0.5101587, 0.5002466, 0.5050235, 0.5069037, 0.50615144, 0.50695163, 0.5105572, 0.5032874, 0.49989405, 0.5105006, 0.5116943, 0.5100318, 0.5047734, 0.5068087, 0.50966185, 0.5110048, 0.50933707, 0.5051088, 0.5053947, 0.50563097, 0.50531256, 0.50651616, 0.502007, 0.50022924, 0.49999923, 0.50070804, 0.50139445, 0.5014926, 0.5047775, 0.5092113, 0.5101136, 0.51253295, 0.51200014, 0.5104693, 0.51025736, 0.51065856, 0.5046685, 0.5135934, 0.5138299, 0.5129295, 0.50628984, 0.51419854, 0.5059011, 0.5131442, 0.5130188, 0.50570977, 0.5080281, 0.5060787, 0.5097685, 0.5069111, 0.49979028, 0.50185525, 0.51140517, 0.5092443, 0.4998322, 0.5007723, 0.5118026, 0.50070566, 0.51182866, 0.50645906, 0.51173836, 0.5081692, 0.4999136, 0.49993634, 0.5133113, 0.50651836, 0.5138302, 0.51217306, 0.5109367, 0.50491476, 0.5077021, 0.5083904, 0.50481653, 0.51137275, 0.51107687, 0.50492215, 0.5030244, 0.50861317, 0.5043205, 0.5122738, 0.512463, 0.49985936, 0.5003281, 0.50804543, 0.5085629, 0.50468093, 0.5019235, 0.5009372, 0.5004257, 0.50054115, 0.50440484, 0.5068765, 0.5110256, 0.5018431, 0.49984807, 0.5116614, 0.50755554, 0.51041996, 0.49982816, 0.5133797, 0.5135586, 0.5128536, 0.5069834, 0.5060555, 0.5088209, 0.50819767, 0.50747466, 0.50800127, 0.5002904, 0.5103112, 0.51092225, 0.5098801, 0.51005125, 0.5059669, 0.5019156, 0.5116108, 0.5120971, 0.5120548, 0.509296, 0.5107109, 0.5134917, 0.5114906, 0.50732654, 0.5072387, 0.50698084, 0.5073013, 0.5106676, 0.5086302, 0.50148326, 0.50011307, 0.5086579, 0.51058185, 0.50862867, 0.51052135, 0.5108052, 0.5108985, 0.5088926, 0.5085964, 0.49976212, 0.5136672, 0.51371247, 0.5137086, 0.50001043, 0.50289196, 0.5017144, 0.503572, 0.5117555, 0.5075057, 0.50519186, 0.5018976, 0.5132714, 0.51264703, 0.51036423, 0.5056972, 0.51047516, 0.51135236, 0.5103201, 0.51367474, 0.50665325, 0.5057514, 0.506229, 0.5108296, 0.5095993, 0.5094797, 0.50709665, 0.5037454, 0.50657296, 0.50679296, 0.5075886, 0.50725836, 0.50783724, 0.5066999, 0.50579315, 0.50108445, 0.5102324, 0.50985456, 0.5015264, 0.5025744, 0.5095143, 0.5039392, 0.5075933, 0.51101047, 0.510819, 0.50917, 0.5082584, 0.5071125, 0.50461257, 0.5015286, 0.5003016, 0.5059685, 0.50770134, 0.5078692, 0.5012903, 0.5129137, 0.51159006, 0.5108254, 0.5016013, 0.50053066, 0.5097541, 0.50973266, 0.5119366, 0.5075496, 0.5075101, 0.507059, 0.4998956, 0.5030073, 0.5025638, 0.5121445, 0.5100954, 0.51076084, 0.5072424, 0.50605047, 0.5053157, 0.5007689, 0.5071593, 0.5095959, 0.5124527, 0.5067585, 0.5097441, 0.51183105, 0.51263547, 0.5130969, 0.50918865, 0.51208496, 0.51286864, 0.51236856, 0.5026457, 0.50811017, 0.51149005, 0.50229055]
[0.5107293, 0.5110452, 0.5127578, 0.51020545, 0.5103228, 0.5093647, 0.5089683, 0.5114938, 0.5030189, 0.5015679, 0.5024806, 0.50911456, 0.51141864, 0.50847614, 0.50486076, 0.5109268, 0.50925076, 0.51202065, 0.5114119, 0.5068902, 0.50777227, 0.5106693, 0.5122981, 0.509553, 0.512704, 0.5093761, 0.5079354, 0.5060917, 0.50051695, 0.500989, 0.51185507, 0.5035547, 0.5067706, 0.50117993, 0.5052146, 0.5069158, 0.512444, 0.5008585, 0.5001507, 0.50924796, 0.5075911, 0.50716406, 0.50687975, 0.50805026, 0.5118344, 0.5111094, 0.50640255, 0.5088074, 0.5076284, 0.5074368, 0.5126687, 0.51074517, 0.50746036, 0.51090264, 0.5121752, 0.5091852, 0.5130234, 0.5067859, 0.5104862, 0.51080036, 0.51084477, 0.5078239, 0.5063928, 0.5057762, 0.51130754, 0.50955963, 0.5097546, 0.500516, 0.50589615, 0.50774914, 0.50693876, 0.5076143, 0.50958204, 0.5047282, 0.5014737, 0.5104531, 0.51092577, 0.50969887, 0.5054401, 0.50695175, 0.50942653, 0.5105901, 0.50874704, 0.5065962, 0.5067518, 0.5066141, 0.50615036, 0.50675666, 0.50118494, 0.5009678, 0.5000932, 0.4999268, 0.5005607, 0.5006, 0.5057595, 0.50967366, 0.50997245, 0.51209587, 0.51149225, 0.51030934, 0.5101777, 0.5105782, 0.50680166, 0.512839, 0.51313204, 0.5122683, 0.507081, 0.51319206, 0.50699264, 0.5128214, 0.512331, 0.50643134, 0.50840056, 0.50816065, 0.50957435, 0.5071365, 0.5017134, 0.50117415, 0.5108307, 0.5087922, 0.50233895, 0.5001127, 0.51092714, 0.50268924, 0.51126313, 0.50745565, 0.51167953, 0.50820714, 0.5013167, 0.5008176, 0.512515, 0.507107, 0.51318944, 0.5114056, 0.510736, 0.5054351, 0.50881463, 0.5084624, 0.505698, 0.5107836, 0.5102597, 0.50670534, 0.5045325, 0.50853544, 0.5056291, 0.51170075, 0.5120962, 0.50397825, 0.50231004, 0.50836027, 0.5086983, 0.5035984, 0.5011173, 0.50008994, 0.50045985, 0.5016478, 0.5049399, 0.5076668, 0.5112015, 0.50030935, 0.5014926, 0.5110842, 0.5083351, 0.5107254, 0.5016284, 0.51266104, 0.51312923, 0.5121721, 0.50784916, 0.5066522, 0.5089577, 0.5084139, 0.5073523, 0.5079669, 0.50012255, 0.51020056, 0.5108822, 0.5099417, 0.5100636, 0.5065145, 0.50116694, 0.5112134, 0.51091886, 0.5114709, 0.5095843, 0.5107112, 0.5125289, 0.5107461, 0.5083054, 0.508199, 0.50872225, 0.50847346, 0.51086843, 0.5086936, 0.50274724, 0.50210375, 0.50900507, 0.5107628, 0.50888574, 0.51065105, 0.510748, 0.51076883, 0.50933707, 0.5095034, 0.50158787, 0.5130545, 0.5133168, 0.51302457, 0.500309, 0.5025566, 0.5048117, 0.50571257, 0.5112382, 0.5073057, 0.50681275, 0.5051388, 0.5121303, 0.5119183, 0.51003516, 0.5060692, 0.5103175, 0.5106227, 0.5103411, 0.5128296, 0.5070219, 0.50582147, 0.50633234, 0.5101332, 0.5093377, 0.5093858, 0.5077042, 0.5058313, 0.5075725, 0.50816745, 0.50848305, 0.5080853, 0.50831574, 0.5072978, 0.50664604, 0.5022672, 0.509385, 0.5089189, 0.5025462, 0.5039583, 0.5096725, 0.505513, 0.50838137, 0.5105361, 0.51021916, 0.5089946, 0.508156, 0.5072789, 0.5051047, 0.50027096, 0.5015989, 0.5066406, 0.50824, 0.5083236, 0.5045754, 0.51210827, 0.5107055, 0.5100763, 0.5001474, 0.50139844, 0.5099927, 0.5096884, 0.5114502, 0.5080416, 0.50770754, 0.5076045, 0.5003689, 0.5025244, 0.5030276, 0.5118363, 0.5097605, 0.5105391, 0.50787574, 0.50719935, 0.50675565, 0.50011957, 0.5071274, 0.50889343, 0.51181155, 0.5071966, 0.510089, 0.5112084, 0.51183224, 0.5122467, 0.50896615, 0.51170474, 0.5118628, 0.5115612, 0.5046185, 0.5090001, 0.51141304, 0.5038484]
[0.5180631, 0.51910806, 0.5198267, 0.5163725, 0.51742846, 0.5136271, 0.5132299, 0.51820016, 0.5043506, 0.50340074, 0.5045641, 0.51487136, 0.51795965, 0.51300234, 0.50693375, 0.5170559, 0.51523596, 0.5198764, 0.51839775, 0.51098424, 0.51221603, 0.5158997, 0.5197959, 0.5156862, 0.5205795, 0.51611763, 0.5137282, 0.50994784, 0.50175506, 0.5024844, 0.5187774, 0.5065576, 0.5099191, 0.5013506, 0.5063009, 0.5084913, 0.5200053, 0.5019728, 0.5011589, 0.515213, 0.5129284, 0.5125562, 0.5129704, 0.51146245, 0.5190255, 0.5172119, 0.5081651, 0.5144183, 0.51265764, 0.51237357, 0.5204927, 0.51669484, 0.51118207, 0.51750827, 0.51942074, 0.51402146, 0.52025354, 0.51015985, 0.5175656, 0.5177888, 0.5169215, 0.5110552, 0.51114917, 0.508692, 0.51815474, 0.51539, 0.51603645, 0.50019306, 0.51068074, 0.5116269, 0.5106842, 0.51184815, 0.51679385, 0.5072885, 0.5013803, 0.5164958, 0.51765805, 0.51548415, 0.50964516, 0.51149017, 0.51537246, 0.5168876, 0.51434076, 0.5100264, 0.51036584, 0.5100697, 0.5085532, 0.51115316, 0.50244045, 0.49980944, 0.50022346, 0.5010713, 0.50139177, 0.5014102, 0.51021576, 0.5149282, 0.51636666, 0.51898426, 0.5188975, 0.51658547, 0.51648724, 0.5169863, 0.5100883, 0.52082986, 0.5210265, 0.51976794, 0.51120424, 0.5214458, 0.5109017, 0.5204617, 0.5200623, 0.5104497, 0.5136281, 0.511342, 0.5156563, 0.51149565, 0.50079095, 0.50211096, 0.5181461, 0.51499486, 0.5003837, 0.50087607, 0.5184004, 0.50226855, 0.51857007, 0.5114134, 0.5186213, 0.51340574, 0.5006728, 0.5004181, 0.52051365, 0.5113749, 0.52113116, 0.5184229, 0.5169543, 0.5096033, 0.5132349, 0.51383376, 0.5083489, 0.5172469, 0.5167535, 0.50936997, 0.5083561, 0.5140967, 0.50952476, 0.5189096, 0.5188608, 0.502553, 0.49966407, 0.51339746, 0.51402676, 0.5053404, 0.501792, 0.5012255, 0.5003858, 0.50242734, 0.5078564, 0.5120208, 0.5168979, 0.5010749, 0.5009644, 0.517922, 0.51273406, 0.5158403, 0.50075006, 0.5202765, 0.5211825, 0.520108, 0.51231974, 0.5106945, 0.5143732, 0.513861, 0.51180094, 0.5124476, 0.50040317, 0.5164924, 0.516705, 0.51520467, 0.51553065, 0.51093084, 0.5021799, 0.5178454, 0.5179964, 0.5186246, 0.5148171, 0.5169579, 0.52077043, 0.51784414, 0.51257914, 0.51287067, 0.5132059, 0.51266116, 0.5169197, 0.5133982, 0.5036029, 0.5014612, 0.5137428, 0.516743, 0.5145163, 0.5163199, 0.5169446, 0.5170912, 0.51455283, 0.5147863, 0.5012174, 0.5212288, 0.5211726, 0.52103686, 0.50055057, 0.5038301, 0.5064953, 0.50845253, 0.5179835, 0.51195383, 0.5096393, 0.5050337, 0.5202855, 0.5189105, 0.51583844, 0.50976056, 0.516749, 0.51736283, 0.51645917, 0.52094615, 0.51145166, 0.51006746, 0.5106525, 0.5164027, 0.51510954, 0.5150392, 0.51204765, 0.50906116, 0.5112047, 0.5123334, 0.5131861, 0.5122363, 0.51263356, 0.51124835, 0.5097014, 0.50262815, 0.5159769, 0.51546973, 0.5044521, 0.5057482, 0.51490647, 0.5082442, 0.51303226, 0.5169672, 0.51651067, 0.5142683, 0.51292574, 0.51174563, 0.5088907, 0.5012514, 0.5030482, 0.510683, 0.51297146, 0.5130682, 0.50512016, 0.52022284, 0.5177927, 0.51659644, 0.5013446, 0.50014365, 0.51566416, 0.51547295, 0.5186068, 0.5126168, 0.5127424, 0.51240605, 0.5007663, 0.5037549, 0.50642735, 0.51891154, 0.51604635, 0.51667786, 0.51188976, 0.5108444, 0.51020455, 0.5006459, 0.5117883, 0.51479924, 0.51845294, 0.51172966, 0.5155157, 0.5185279, 0.51926935, 0.5201833, 0.5141695, 0.5190543, 0.51953745, 0.5189219, 0.5066729, 0.5136424, 0.51794297, 0.5052081]
[0.5117721, 0.5129743, 0.5133983, 0.51094645, 0.51173186, 0.50974065, 0.5082026, 0.5121021, 0.5015317, 0.50152045, 0.5017843, 0.5095962, 0.51207805, 0.50800174, 0.5043834, 0.5117007, 0.5102039, 0.5130797, 0.512515, 0.50688154, 0.5077929, 0.51085186, 0.5130482, 0.5102796, 0.5136541, 0.5106532, 0.50873834, 0.50534534, 0.5052194, 0.506233, 0.51327467, 0.50323737, 0.5072126, 0.50221974, 0.5038008, 0.505676, 0.5134305, 0.5051262, 0.5045038, 0.51020086, 0.5088557, 0.508674, 0.5079282, 0.5072719, 0.51285076, 0.51116955, 0.5047312, 0.50910527, 0.5085627, 0.507968, 0.51357967, 0.5109217, 0.5073258, 0.5114042, 0.5132902, 0.50914747, 0.51391155, 0.5063106, 0.5115366, 0.51185423, 0.5116297, 0.50715137, 0.5068327, 0.5052786, 0.5119325, 0.5101998, 0.51019794, 0.5029538, 0.5060694, 0.5076369, 0.5068155, 0.50755847, 0.5109713, 0.5031481, 0.5018563, 0.51141363, 0.51214385, 0.5108919, 0.5059737, 0.5071612, 0.5104307, 0.5114225, 0.5095508, 0.5059983, 0.50655603, 0.50651133, 0.505551, 0.5069315, 0.50567275, 0.50334805, 0.503804, 0.50466764, 0.5054021, 0.5050711, 0.5060521, 0.509595, 0.5106005, 0.51287115, 0.5120194, 0.51104987, 0.51100415, 0.51138246, 0.50613296, 0.514262, 0.5144146, 0.5133418, 0.50696033, 0.5146344, 0.5066738, 0.51379865, 0.51361066, 0.5064392, 0.508447, 0.50774693, 0.51039994, 0.5068143, 0.5024738, 0.50545955, 0.51171887, 0.50928444, 0.5030285, 0.5045403, 0.5121299, 0.5016597, 0.512134, 0.50731945, 0.51250845, 0.5088873, 0.50277597, 0.5039472, 0.5138144, 0.5074412, 0.5145034, 0.51266986, 0.5112639, 0.50542086, 0.50823826, 0.50900245, 0.50497675, 0.51168483, 0.51108277, 0.5062131, 0.5047033, 0.5093493, 0.5062437, 0.5129888, 0.5132744, 0.5027559, 0.5033744, 0.5089426, 0.509602, 0.509509, 0.50587565, 0.5045506, 0.5040802, 0.50215244, 0.5048242, 0.5076946, 0.51180434, 0.5047024, 0.50207794, 0.51196927, 0.5081683, 0.5109013, 0.5023004, 0.5135777, 0.5138888, 0.5131284, 0.50763154, 0.5070328, 0.5094298, 0.508705, 0.50808346, 0.5081698, 0.50405073, 0.51060855, 0.51157784, 0.5101766, 0.51013136, 0.5067003, 0.5052097, 0.51211226, 0.51229423, 0.51255214, 0.51008856, 0.51141566, 0.5138516, 0.5115464, 0.50846267, 0.5083169, 0.5083137, 0.5080399, 0.51125735, 0.50891685, 0.5015913, 0.50208455, 0.50875163, 0.5113108, 0.5091087, 0.5111872, 0.5109824, 0.51105994, 0.51010203, 0.50921756, 0.50266725, 0.5139582, 0.5140937, 0.5141839, 0.50417316, 0.50764346, 0.5028701, 0.504356, 0.51190305, 0.5077668, 0.50664735, 0.50363684, 0.51350236, 0.5128847, 0.5104701, 0.50608283, 0.51083004, 0.5114346, 0.5107193, 0.5143818, 0.50685775, 0.5065196, 0.50666374, 0.5111388, 0.5100784, 0.50991493, 0.5079354, 0.5055335, 0.5073376, 0.5077793, 0.5083006, 0.5077183, 0.50821894, 0.5072702, 0.5061473, 0.5023488, 0.51042515, 0.50977427, 0.50073606, 0.5023481, 0.5097799, 0.5046776, 0.50816137, 0.5114247, 0.51131016, 0.5099731, 0.5087897, 0.5078322, 0.504855, 0.5049655, 0.50116915, 0.5070363, 0.5085612, 0.5088451, 0.5029394, 0.5137728, 0.5119537, 0.5111555, 0.50472534, 0.50338817, 0.5102604, 0.5101943, 0.5120573, 0.5088022, 0.50844944, 0.50813615, 0.50289077, 0.5073015, 0.5020136, 0.512824, 0.5104307, 0.51124847, 0.5081725, 0.50654835, 0.5062949, 0.5037357, 0.50764346, 0.5097508, 0.5129508, 0.5071926, 0.5107449, 0.51258385, 0.5130096, 0.51347685, 0.50954354, 0.51272565, 0.51277864, 0.5122494, 0.5021598, 0.5087329, 0.5117662, 0.5018905]
[0.51423466, 0.5151314, 0.5157157, 0.51236284, 0.5131726, 0.5105789, 0.509917, 0.5147681, 0.5041264, 0.50222546, 0.5032925, 0.51162654, 0.51394325, 0.5097665, 0.50505525, 0.51274014, 0.51155055, 0.5160599, 0.51396954, 0.50814766, 0.5082148, 0.5121494, 0.51540434, 0.51141286, 0.5167693, 0.51203144, 0.5104353, 0.5070968, 0.5021894, 0.50357264, 0.515108, 0.5057171, 0.5086971, 0.5015918, 0.50430024, 0.5055747, 0.5156986, 0.5022629, 0.50164837, 0.5126366, 0.5109484, 0.5108901, 0.50987893, 0.50842834, 0.514704, 0.5133255, 0.50597566, 0.50951266, 0.50861114, 0.50859153, 0.5161697, 0.51280415, 0.5088053, 0.51391757, 0.51541317, 0.51066256, 0.5163344, 0.50778556, 0.5140526, 0.5144059, 0.51385266, 0.50789636, 0.5094509, 0.5051572, 0.5147376, 0.5124099, 0.5120207, 0.50109076, 0.5060009, 0.50874704, 0.5078293, 0.5090707, 0.5131626, 0.5044446, 0.50079054, 0.51236665, 0.51436317, 0.5127924, 0.506972, 0.508184, 0.5113987, 0.51406986, 0.51021516, 0.50721383, 0.5075984, 0.50770944, 0.5078815, 0.50849575, 0.50352466, 0.5013161, 0.5021899, 0.5028028, 0.5031919, 0.50240624, 0.5077326, 0.51025754, 0.5127068, 0.51492614, 0.51411515, 0.5125375, 0.51249975, 0.51314646, 0.5068402, 0.51637745, 0.51683104, 0.5156177, 0.50856066, 0.51748157, 0.5079823, 0.51578456, 0.5165884, 0.5072537, 0.5097267, 0.50945026, 0.5120976, 0.50859946, 0.5017091, 0.50297844, 0.51391566, 0.51091295, 0.50109106, 0.501414, 0.5143637, 0.5015747, 0.5148761, 0.5086629, 0.5149391, 0.51086056, 0.50076634, 0.5009174, 0.51620644, 0.5081124, 0.51692724, 0.5140955, 0.5135006, 0.5073905, 0.51073617, 0.5110052, 0.5066318, 0.51303685, 0.5132173, 0.5074617, 0.5062026, 0.5107587, 0.5049028, 0.5155084, 0.5153814, 0.5016456, 0.500937, 0.50980854, 0.51024157, 0.5065742, 0.50283504, 0.5017829, 0.5012482, 0.5011672, 0.5060903, 0.5087734, 0.51291317, 0.50068384, 0.5023887, 0.5135835, 0.50804895, 0.5116881, 0.5029814, 0.5159731, 0.5167324, 0.5154894, 0.50874984, 0.5075818, 0.5108834, 0.51013434, 0.50949484, 0.50973976, 0.50129527, 0.51314974, 0.513385, 0.5115533, 0.51166147, 0.50795466, 0.5030602, 0.51374155, 0.5145422, 0.5145698, 0.51138943, 0.513472, 0.51629925, 0.5134836, 0.510015, 0.50996345, 0.51003623, 0.50962925, 0.51279145, 0.5109431, 0.5038296, 0.50114655, 0.51053226, 0.51311576, 0.5114818, 0.51318574, 0.5128583, 0.51329494, 0.5117407, 0.5106265, 0.5014757, 0.51719123, 0.5171272, 0.5171286, 0.50278884, 0.50546783, 0.5035576, 0.50532997, 0.51443386, 0.5095793, 0.5070957, 0.50491315, 0.5157367, 0.51494133, 0.51218206, 0.5059822, 0.5126499, 0.5137414, 0.51329434, 0.51743007, 0.50899607, 0.50714874, 0.50753915, 0.51362526, 0.5118308, 0.51168567, 0.50908124, 0.50575566, 0.5082433, 0.5096819, 0.51021886, 0.5094213, 0.50885475, 0.50764984, 0.50635606, 0.5023374, 0.5126606, 0.5121657, 0.502403, 0.5043843, 0.511122, 0.5059546, 0.5098879, 0.5137378, 0.51313585, 0.5117767, 0.510548, 0.5094888, 0.5062594, 0.5025198, 0.5023889, 0.50802875, 0.5097121, 0.5096793, 0.5047524, 0.5158708, 0.51404107, 0.513087, 0.50218266, 0.5012153, 0.5121321, 0.51206195, 0.51497704, 0.50988597, 0.50999606, 0.5102968, 0.5008718, 0.50470054, 0.50347894, 0.5151263, 0.5126775, 0.5134663, 0.50998396, 0.5082502, 0.5077966, 0.50213796, 0.5098423, 0.5116353, 0.5151241, 0.5080095, 0.5125619, 0.5140775, 0.5149608, 0.5158685, 0.51128, 0.5151853, 0.514232, 0.51378655, 0.50490725, 0.50995755, 0.51367277, 0.50358033]
[0.510813, 0.51153445, 0.51197565, 0.5102357, 0.5103932, 0.5090209, 0.5080494, 0.5110931, 0.5039373, 0.50397533, 0.5044866, 0.5088317, 0.51088303, 0.5080419, 0.5052724, 0.5105634, 0.5096969, 0.5119013, 0.5112229, 0.506901, 0.5077153, 0.5099558, 0.5119495, 0.5094915, 0.512263, 0.5097576, 0.5084408, 0.5061126, 0.50073576, 0.5014304, 0.5115747, 0.5049764, 0.50726557, 0.5025025, 0.50455457, 0.505455, 0.51184803, 0.5012674, 0.50056756, 0.5095497, 0.50865287, 0.50856256, 0.50803167, 0.50769275, 0.5113867, 0.51023644, 0.5059068, 0.50882757, 0.50830144, 0.50793356, 0.51221645, 0.5098915, 0.5073989, 0.51085836, 0.5117427, 0.5085917, 0.51222897, 0.50668585, 0.51089483, 0.511011, 0.5106088, 0.5073752, 0.5073189, 0.5058699, 0.5109213, 0.5095408, 0.50966674, 0.5010527, 0.50638676, 0.5078477, 0.50722486, 0.5077948, 0.51031977, 0.5052584, 0.5028855, 0.5103141, 0.51109236, 0.5100046, 0.5065723, 0.50776017, 0.50942105, 0.51034796, 0.50892884, 0.5069974, 0.50719595, 0.50687015, 0.5062616, 0.50721246, 0.50154257, 0.5013028, 0.5014735, 0.500816, 0.50043696, 0.5006687, 0.5068347, 0.5092412, 0.5096744, 0.51173174, 0.51098764, 0.5101329, 0.5100789, 0.5106403, 0.50658315, 0.51258457, 0.5126507, 0.5117013, 0.5073993, 0.513049, 0.50720686, 0.5120517, 0.5121897, 0.5069518, 0.5080191, 0.507454, 0.50953484, 0.50738347, 0.50229746, 0.50102454, 0.510882, 0.5092216, 0.502143, 0.50103605, 0.5108349, 0.5023828, 0.5112244, 0.50750005, 0.51101047, 0.50850594, 0.5026302, 0.50168014, 0.5122182, 0.50739586, 0.5127333, 0.5111938, 0.5101937, 0.50654536, 0.507924, 0.50855035, 0.50604147, 0.510463, 0.51039124, 0.50663, 0.50504553, 0.50902617, 0.5061884, 0.5115385, 0.5118452, 0.5019101, 0.5014874, 0.50849634, 0.5086877, 0.5054546, 0.501738, 0.5005602, 0.50076467, 0.50276226, 0.5055626, 0.50765735, 0.5102838, 0.50042313, 0.50185835, 0.5107724, 0.5079831, 0.5098919, 0.5020539, 0.5121444, 0.5123939, 0.5113978, 0.507511, 0.5070827, 0.5090692, 0.5084764, 0.5080253, 0.5081382, 0.5008965, 0.5099316, 0.51035035, 0.5094892, 0.5095668, 0.5071451, 0.5012082, 0.5110109, 0.51130295, 0.5111931, 0.50930125, 0.51020074, 0.512282, 0.51064533, 0.50834996, 0.50808424, 0.5083036, 0.508147, 0.51038635, 0.5087783, 0.5043181, 0.5026777, 0.5084952, 0.5103426, 0.50868344, 0.51040936, 0.5100444, 0.51034665, 0.50975156, 0.50865155, 0.5024698, 0.51247114, 0.51262087, 0.5125594, 0.5010188, 0.5036311, 0.50462604, 0.50576717, 0.5109958, 0.5079253, 0.5068298, 0.5050984, 0.5119563, 0.5116988, 0.50988144, 0.50647366, 0.5101192, 0.5105521, 0.510076, 0.51280564, 0.50717133, 0.5067172, 0.5068953, 0.51043725, 0.5093013, 0.5092114, 0.5077399, 0.5057108, 0.50753486, 0.50770205, 0.50821143, 0.5075757, 0.5077899, 0.5073307, 0.5066481, 0.5031266, 0.50978696, 0.50946367, 0.50358194, 0.50485164, 0.5093351, 0.5061152, 0.5080142, 0.5106692, 0.51044786, 0.5092318, 0.50859016, 0.50794363, 0.50619525, 0.50056505, 0.50298905, 0.50738513, 0.5085685, 0.50866437, 0.5048778, 0.51212734, 0.5109496, 0.5104317, 0.5010467, 0.502703, 0.5092566, 0.50960606, 0.51128364, 0.5084033, 0.50817364, 0.50801724, 0.50249654, 0.5029389, 0.50447226, 0.5114817, 0.50963825, 0.510375, 0.5080101, 0.50690913, 0.5064248, 0.5014292, 0.5079591, 0.5089498, 0.51159084, 0.50758576, 0.5100175, 0.51100916, 0.51169634, 0.5119669, 0.508972, 0.51138896, 0.51167226, 0.51131207, 0.5052175, 0.508261, 0.5106434, 0.5042749]
[0.51377046, 0.51514876, 0.51608276, 0.5130037, 0.5133282, 0.51074594, 0.5100807, 0.514266, 0.5008979, 0.50174326, 0.5024972, 0.51060516, 0.5144198, 0.5093421, 0.502243, 0.5137439, 0.5117845, 0.5152511, 0.51485246, 0.5073406, 0.50848204, 0.5134569, 0.5157037, 0.51210606, 0.5158569, 0.51248074, 0.50992167, 0.50664526, 0.5020228, 0.50293183, 0.5148019, 0.5033922, 0.507607, 0.49970537, 0.5036928, 0.5048803, 0.51590806, 0.5016148, 0.5009961, 0.5115355, 0.50926214, 0.50942796, 0.50877744, 0.50835514, 0.5150761, 0.5135347, 0.5055942, 0.51082826, 0.5094326, 0.50915176, 0.51596445, 0.5131082, 0.5080908, 0.51370424, 0.51558083, 0.51086795, 0.5164135, 0.5060935, 0.5139431, 0.5143215, 0.5131503, 0.507759, 0.5072023, 0.5047544, 0.5138046, 0.51196295, 0.51203996, 0.5001652, 0.50575566, 0.508639, 0.50745434, 0.50858694, 0.51266956, 0.5029238, 0.4999243, 0.51322967, 0.5140427, 0.51217175, 0.50554085, 0.5084888, 0.5120207, 0.5131804, 0.5108965, 0.5068014, 0.50729644, 0.5072238, 0.50640756, 0.50776005, 0.50274974, 0.50129235, 0.5005896, 0.5013133, 0.5014867, 0.5014571, 0.50665796, 0.51149845, 0.51205975, 0.51515776, 0.5147253, 0.5126493, 0.51267856, 0.51305604, 0.50659573, 0.51658183, 0.51723397, 0.51531994, 0.50768787, 0.5171804, 0.5072748, 0.5162374, 0.5157673, 0.5067611, 0.50950885, 0.5079427, 0.51200396, 0.5084035, 0.49983865, 0.50207037, 0.5138866, 0.5105686, 0.5002554, 0.5007231, 0.5140185, 0.4997095, 0.5144349, 0.508277, 0.5142948, 0.5094619, 0.5001158, 0.5008028, 0.51611435, 0.50827146, 0.5172927, 0.51502246, 0.51287234, 0.50651205, 0.50936997, 0.5099709, 0.5048903, 0.5133645, 0.5131806, 0.5066829, 0.5047338, 0.5103955, 0.5057227, 0.51480097, 0.515257, 0.50015527, 0.5010547, 0.5101314, 0.510768, 0.5050648, 0.5026694, 0.5019575, 0.5016389, 0.4998673, 0.5056123, 0.5090594, 0.5141052, 0.50216675, 0.5003533, 0.51418775, 0.5095479, 0.51307267, 0.50063366, 0.516062, 0.5160609, 0.51522905, 0.5089949, 0.5080374, 0.5108597, 0.5102413, 0.5090788, 0.5096628, 0.50101787, 0.5117755, 0.51330227, 0.5120564, 0.512205, 0.50766444, 0.5016707, 0.5145153, 0.5142738, 0.51430726, 0.51159555, 0.51335734, 0.51597774, 0.51421, 0.50871867, 0.5088148, 0.5090815, 0.50960505, 0.5131867, 0.50996894, 0.50128824, 0.5000559, 0.5102909, 0.5130319, 0.5101987, 0.51288223, 0.5131164, 0.5133871, 0.5114043, 0.51029706, 0.49968734, 0.5164789, 0.5167471, 0.51672363, 0.50051844, 0.5036334, 0.5011313, 0.5045095, 0.51403916, 0.50847733, 0.50697595, 0.5042318, 0.5155379, 0.51501995, 0.5121227, 0.5066038, 0.5127786, 0.5129564, 0.51276106, 0.5167538, 0.5072136, 0.50562286, 0.50637966, 0.5132038, 0.51080227, 0.5103295, 0.5089039, 0.5049945, 0.508393, 0.5087437, 0.50950986, 0.50873035, 0.5093131, 0.50807375, 0.5071177, 0.500676, 0.51222205, 0.51101494, 0.50072455, 0.5029008, 0.51186687, 0.5037457, 0.5092744, 0.51366967, 0.51311785, 0.51123446, 0.50979125, 0.508786, 0.5052642, 0.50204325, 0.50085545, 0.5079535, 0.510275, 0.51034313, 0.50057095, 0.51560986, 0.5141958, 0.51331323, 0.50154096, 0.5000564, 0.51176375, 0.51187885, 0.5147495, 0.5098232, 0.5096778, 0.50867516, 0.4997395, 0.503405, 0.5024319, 0.5154937, 0.5114609, 0.51287806, 0.508393, 0.50772905, 0.5071707, 0.500588, 0.5086271, 0.5118615, 0.51512885, 0.5085747, 0.51248914, 0.51447463, 0.51510483, 0.51605, 0.5113867, 0.514586, 0.51505, 0.51452744, 0.5037696, 0.51000214, 0.5137671, 0.50139576]
[0.5171027, 0.51776236, 0.5200903, 0.5155821, 0.51671493, 0.5136497, 0.5120718, 0.5178977, 0.5021457, 0.5007486, 0.5019004, 0.51461643, 0.5171801, 0.5114658, 0.5032649, 0.51592994, 0.51412266, 0.519335, 0.5171172, 0.509602, 0.5101248, 0.51571226, 0.5190059, 0.51416695, 0.52070963, 0.51514554, 0.51268846, 0.50724494, 0.50233287, 0.50282425, 0.5188496, 0.50192744, 0.5087146, 0.5004031, 0.5034123, 0.5052124, 0.51974595, 0.50204784, 0.5013561, 0.5150414, 0.51159734, 0.5109779, 0.5114191, 0.50980645, 0.51871735, 0.51694614, 0.5053269, 0.5124601, 0.5104958, 0.5107075, 0.5204209, 0.5162681, 0.5092913, 0.5170427, 0.51943797, 0.5124917, 0.5206204, 0.5082532, 0.5171454, 0.51757234, 0.51635534, 0.50994307, 0.50932384, 0.50546163, 0.5183576, 0.51494074, 0.5143937, 0.50033873, 0.5084376, 0.5097272, 0.5081488, 0.5096571, 0.5155796, 0.5017873, 0.50043124, 0.5157694, 0.5174133, 0.51491547, 0.5054773, 0.5094616, 0.51378673, 0.51647717, 0.51301914, 0.5069976, 0.5081753, 0.50732684, 0.50639206, 0.50870717, 0.5029833, 0.50075257, 0.5013585, 0.50196165, 0.5024748, 0.5020873, 0.50741243, 0.51367074, 0.51518583, 0.5191401, 0.51755166, 0.51599985, 0.51588506, 0.5166221, 0.5075575, 0.52060086, 0.5212269, 0.51931274, 0.50982934, 0.52111477, 0.50877887, 0.52009434, 0.5202114, 0.50810814, 0.51244277, 0.5110384, 0.5145148, 0.50827944, 0.4994422, 0.5022068, 0.51723695, 0.51299185, 0.49926823, 0.50104016, 0.5171458, 0.49975395, 0.51807296, 0.50967896, 0.51857704, 0.512368, 0.50069463, 0.5008407, 0.520193, 0.51008147, 0.5214839, 0.5178508, 0.5159604, 0.5064316, 0.51245815, 0.51340395, 0.5053067, 0.51603264, 0.51573247, 0.5090242, 0.505835, 0.5134895, 0.5063142, 0.5188395, 0.51860154, 0.49975014, 0.50019324, 0.5118466, 0.5130752, 0.5054549, 0.5026049, 0.502062, 0.5019257, 0.50012904, 0.5063666, 0.5105603, 0.5163069, 0.50086707, 0.4996802, 0.51710916, 0.5108705, 0.5153483, 0.49979576, 0.52024055, 0.52108645, 0.5196574, 0.51056236, 0.50881153, 0.51354665, 0.5123419, 0.5110136, 0.51092327, 0.5013278, 0.5160306, 0.5165801, 0.51420707, 0.51436436, 0.5094398, 0.502144, 0.51713246, 0.5174727, 0.5178832, 0.51428705, 0.5166477, 0.52087235, 0.5173565, 0.51109457, 0.51203156, 0.5127894, 0.51191753, 0.516389, 0.5118169, 0.5006365, 0.4997948, 0.5123746, 0.5162729, 0.5133198, 0.5160894, 0.51667273, 0.5166766, 0.5137085, 0.51331764, 0.50013864, 0.5211306, 0.52131915, 0.5210894, 0.5015138, 0.50433487, 0.5017152, 0.5031911, 0.51733553, 0.51036173, 0.5090768, 0.5034452, 0.51928043, 0.51913136, 0.51446176, 0.5067619, 0.51574445, 0.5167439, 0.5158995, 0.52109855, 0.50847304, 0.50581217, 0.50690204, 0.5158162, 0.51447505, 0.5143208, 0.51129544, 0.50703824, 0.5093084, 0.51143974, 0.51211846, 0.51147914, 0.5113331, 0.50953275, 0.50807166, 0.49996865, 0.5149295, 0.5138468, 0.49978074, 0.50152534, 0.51412, 0.50412154, 0.5114502, 0.5163221, 0.5156278, 0.51372427, 0.5118617, 0.51042277, 0.504367, 0.5023424, 0.4999823, 0.5090273, 0.51181626, 0.5120016, 0.50215584, 0.5198283, 0.5168995, 0.51562274, 0.5015552, 0.50006765, 0.5151982, 0.5145947, 0.5184165, 0.5117441, 0.51147205, 0.51049364, 0.50091505, 0.5041101, 0.5015588, 0.51886636, 0.5152882, 0.5161071, 0.5110575, 0.5092754, 0.50811446, 0.5017429, 0.50984204, 0.51418686, 0.51825017, 0.50936776, 0.5152446, 0.5181646, 0.51834035, 0.5198483, 0.5136852, 0.5191283, 0.51812595, 0.51750094, 0.5020037, 0.51210725, 0.5174566, 0.5015972]
[0.51078725, 0.5112155, 0.5120297, 0.5101329, 0.51033366, 0.50930524, 0.5084099, 0.5113577, 0.5038787, 0.50356114, 0.50454926, 0.50927883, 0.5110238, 0.50851744, 0.5052102, 0.5107229, 0.509498, 0.51179886, 0.510986, 0.5073762, 0.50758225, 0.5103998, 0.51181585, 0.50947964, 0.5124023, 0.50997716, 0.5086563, 0.5067245, 0.50145906, 0.5022064, 0.5115487, 0.50509775, 0.5076031, 0.5011518, 0.50449204, 0.5057429, 0.5120755, 0.50183296, 0.5011004, 0.50990117, 0.5086747, 0.50871056, 0.50829524, 0.5081513, 0.5114667, 0.51078326, 0.5064531, 0.50889087, 0.50797445, 0.5080927, 0.51207095, 0.51031625, 0.50783503, 0.51077694, 0.51186365, 0.5088175, 0.5125144, 0.5073554, 0.51100636, 0.51120955, 0.5107015, 0.5077964, 0.5075873, 0.50606847, 0.51114357, 0.5099184, 0.50938, 0.5005572, 0.50668454, 0.50789624, 0.50755745, 0.5079644, 0.51038486, 0.50453717, 0.50135213, 0.510356, 0.51111937, 0.51016617, 0.5064061, 0.5077304, 0.5094892, 0.51081085, 0.50898767, 0.50704557, 0.50715005, 0.506998, 0.50692, 0.50754684, 0.5022466, 0.50046116, 0.5006538, 0.5013146, 0.5018573, 0.5013895, 0.5070404, 0.50956035, 0.5098787, 0.5117871, 0.5108761, 0.5102742, 0.51016104, 0.5105408, 0.5071471, 0.5124792, 0.51270324, 0.51175743, 0.5078858, 0.5128631, 0.5072134, 0.51232386, 0.5123485, 0.50688815, 0.5085535, 0.5081668, 0.5097176, 0.50733143, 0.50201315, 0.50169444, 0.51067865, 0.5089778, 0.50119936, 0.50067365, 0.5107061, 0.5016213, 0.5112674, 0.50780845, 0.5113417, 0.5089627, 0.50125426, 0.500758, 0.5121782, 0.50780725, 0.5128067, 0.51123476, 0.51036894, 0.5066391, 0.5086919, 0.5089135, 0.5064156, 0.5107079, 0.51034594, 0.5073451, 0.5061176, 0.50907815, 0.5062092, 0.51159173, 0.5118683, 0.501709, 0.5004551, 0.50845903, 0.5089023, 0.50453484, 0.5020881, 0.5016398, 0.501308, 0.5012977, 0.50614345, 0.50812376, 0.5105393, 0.5014494, 0.5011843, 0.5108838, 0.5079904, 0.5102041, 0.50146264, 0.5123047, 0.51234114, 0.5116296, 0.50784373, 0.5073129, 0.5092468, 0.508623, 0.5083835, 0.50845605, 0.5008822, 0.51007444, 0.5106895, 0.5095397, 0.50964606, 0.5074295, 0.50205564, 0.51099217, 0.5112977, 0.51126367, 0.5095603, 0.5107118, 0.51230305, 0.51066375, 0.50837994, 0.5084763, 0.5085038, 0.5083249, 0.5106502, 0.50877655, 0.50454307, 0.5016819, 0.50863475, 0.5103868, 0.5091308, 0.5106677, 0.51047915, 0.51052326, 0.5096786, 0.5089575, 0.50158846, 0.5125822, 0.5126341, 0.5126942, 0.50063723, 0.5035399, 0.50417054, 0.5055567, 0.5111399, 0.50804985, 0.50752306, 0.50576544, 0.51187557, 0.5116391, 0.5096566, 0.50656784, 0.5102922, 0.51075345, 0.5103355, 0.51262736, 0.5073822, 0.5062321, 0.50659376, 0.51051605, 0.5096111, 0.5095997, 0.50821704, 0.50649464, 0.50772357, 0.50791126, 0.50830346, 0.50825125, 0.5081768, 0.5076117, 0.5068733, 0.50328106, 0.510003, 0.50956583, 0.5030122, 0.504481, 0.5096323, 0.5062826, 0.5084637, 0.5107274, 0.5104745, 0.50948524, 0.50871515, 0.5081409, 0.50584394, 0.5017894, 0.5023003, 0.5075764, 0.50867, 0.50870115, 0.5046646, 0.5120073, 0.5109908, 0.510473, 0.50083315, 0.5019053, 0.5099349, 0.509803, 0.5112895, 0.5088329, 0.5086768, 0.5079954, 0.50128126, 0.5029353, 0.5036629, 0.5116643, 0.5099814, 0.5103427, 0.5081945, 0.5076025, 0.5072222, 0.5005463, 0.50810003, 0.5095252, 0.51165354, 0.50773543, 0.51004153, 0.5112789, 0.5115189, 0.51192755, 0.50939703, 0.5114277, 0.5113237, 0.51107997, 0.5052358, 0.5086585, 0.5108396, 0.5046921]
[0.51677555, 0.51676446, 0.5190561, 0.51480675, 0.51514715, 0.5143936, 0.51236, 0.5173462, 0.5041563, 0.5030692, 0.5042623, 0.5152019, 0.51638365, 0.5116737, 0.5056046, 0.51594496, 0.5137882, 0.51786923, 0.5164724, 0.51012117, 0.50998235, 0.51536673, 0.5180934, 0.51371634, 0.5188756, 0.5147036, 0.5123431, 0.50942135, 0.4990507, 0.49977365, 0.518276, 0.503216, 0.5095467, 0.5002798, 0.5046848, 0.50762844, 0.51865613, 0.49985936, 0.49919912, 0.5148043, 0.5111593, 0.51026815, 0.51174694, 0.51072663, 0.51715565, 0.5163856, 0.507151, 0.5129508, 0.5118353, 0.5108246, 0.519254, 0.51589787, 0.51041913, 0.51657563, 0.5183757, 0.51252306, 0.5198783, 0.51034695, 0.51657796, 0.51721805, 0.5157917, 0.510357, 0.51035064, 0.5067073, 0.51754284, 0.51495236, 0.51312953, 0.5008374, 0.50971794, 0.5107275, 0.5095328, 0.5104074, 0.514814, 0.5044979, 0.5001886, 0.5156299, 0.5171317, 0.51550376, 0.5070484, 0.50939626, 0.5132977, 0.5165227, 0.5124269, 0.5088247, 0.50898963, 0.50879, 0.50884455, 0.5094956, 0.4999578, 0.50005484, 0.49856153, 0.49907035, 0.49944028, 0.49882618, 0.5082785, 0.5142381, 0.5150913, 0.518067, 0.51575595, 0.51563746, 0.5150141, 0.5158329, 0.50981957, 0.51918536, 0.5196859, 0.51804847, 0.51058316, 0.51988995, 0.5089947, 0.51824105, 0.5190442, 0.50920147, 0.5120635, 0.5117239, 0.51405734, 0.50865835, 0.499877, 0.49914446, 0.5163388, 0.51321304, 0.5013498, 0.4983837, 0.51589566, 0.5028616, 0.5168246, 0.51090395, 0.5174745, 0.5129819, 0.5006241, 0.4995392, 0.5186082, 0.5109515, 0.52013516, 0.5167122, 0.5155696, 0.50759596, 0.5129343, 0.5140372, 0.5086504, 0.51589143, 0.5154619, 0.50997734, 0.50802904, 0.5132415, 0.5073999, 0.5179181, 0.5179082, 0.5022126, 0.49980706, 0.5121854, 0.5129162, 0.5018037, 0.49958563, 0.49915242, 0.498829, 0.5013595, 0.5078161, 0.51025105, 0.5153604, 0.50145334, 0.50303924, 0.5162271, 0.5114686, 0.5155025, 0.5019724, 0.5190653, 0.51982915, 0.5185083, 0.5104822, 0.50953615, 0.51385874, 0.51172554, 0.51206636, 0.5112318, 0.49859124, 0.51591986, 0.5164812, 0.5142157, 0.5142298, 0.5098853, 0.4996393, 0.5160208, 0.5163393, 0.51703686, 0.5146719, 0.5159217, 0.518854, 0.51636535, 0.51193446, 0.51221627, 0.5130079, 0.5114824, 0.5163252, 0.51197076, 0.50255626, 0.50057477, 0.5126319, 0.51594716, 0.5132424, 0.51557934, 0.5161948, 0.5164283, 0.5138066, 0.51344395, 0.50056416, 0.51963854, 0.5199543, 0.5199813, 0.49873185, 0.5011946, 0.50462776, 0.5053757, 0.51688963, 0.51095927, 0.51014626, 0.505872, 0.5177938, 0.518696, 0.5145673, 0.5076993, 0.5156988, 0.516572, 0.51626474, 0.51994383, 0.50990593, 0.5065181, 0.5072185, 0.515346, 0.51485443, 0.51461905, 0.5125206, 0.5093776, 0.510331, 0.51175636, 0.51218706, 0.5122921, 0.51182806, 0.51108974, 0.50941825, 0.5051774, 0.5147918, 0.5134278, 0.5032724, 0.50418675, 0.5143354, 0.50717264, 0.511941, 0.51575625, 0.5155192, 0.51373035, 0.51245946, 0.51055485, 0.5065616, 0.49939847, 0.5003885, 0.50937176, 0.5117416, 0.5120111, 0.5059531, 0.51878756, 0.5163241, 0.515373, 0.49860746, 0.50036, 0.515595, 0.51405925, 0.5174297, 0.51224285, 0.51222, 0.51133347, 0.50059396, 0.50088775, 0.5021426, 0.5182379, 0.51603043, 0.51603395, 0.51177794, 0.50968605, 0.5089868, 0.49877372, 0.50942445, 0.5138541, 0.5175011, 0.5097648, 0.51519895, 0.51723325, 0.51721, 0.51835376, 0.5135476, 0.51811755, 0.5168541, 0.51625293, 0.5040204, 0.5123421, 0.5170873, 0.50418824]
[0.5124941, 0.51317763, 0.5145484, 0.511353, 0.5117673, 0.5102511, 0.5096668, 0.5128706, 0.50355345, 0.50238943, 0.5026252, 0.510621, 0.5125304, 0.5088845, 0.50508153, 0.5117351, 0.51059127, 0.5138321, 0.5126067, 0.5073017, 0.50818425, 0.51125574, 0.5140054, 0.5106294, 0.5145921, 0.51089776, 0.50937957, 0.50705, 0.50043976, 0.50148255, 0.51344234, 0.50369096, 0.50711584, 0.50023717, 0.50480485, 0.5062955, 0.5141602, 0.50022024, 0.4996102, 0.51079965, 0.50892156, 0.50830364, 0.5085238, 0.508027, 0.51310796, 0.51254773, 0.50596786, 0.50929755, 0.50857013, 0.5080395, 0.5144074, 0.5116645, 0.5073116, 0.5126459, 0.51390123, 0.5099568, 0.51455796, 0.50695527, 0.5124217, 0.5126718, 0.5121149, 0.50777566, 0.50759435, 0.50534284, 0.51282275, 0.5109897, 0.5106101, 0.49986604, 0.50667495, 0.50838727, 0.50742704, 0.50796854, 0.5111749, 0.5042683, 0.50060505, 0.51152307, 0.5127696, 0.51126087, 0.5049531, 0.5071395, 0.5102278, 0.51211125, 0.509523, 0.50677675, 0.5073942, 0.5074128, 0.5071623, 0.50725365, 0.5015685, 0.49957097, 0.49949738, 0.50005496, 0.5006188, 0.5007583, 0.50675553, 0.5105508, 0.51126575, 0.5136484, 0.51239157, 0.51150304, 0.51134604, 0.5119987, 0.50698066, 0.51434606, 0.51504374, 0.51351, 0.5073981, 0.5150072, 0.5073732, 0.514207, 0.51422596, 0.5070093, 0.5090089, 0.5086934, 0.5108972, 0.50788665, 0.5006708, 0.5004516, 0.5124973, 0.51025254, 0.5010616, 0.4998897, 0.512747, 0.50173044, 0.5131521, 0.5081824, 0.512586, 0.5094975, 0.50106484, 0.5000773, 0.5144559, 0.5078918, 0.5153915, 0.51277417, 0.5119843, 0.50658375, 0.5096773, 0.50969034, 0.50582623, 0.51168406, 0.5118902, 0.5069739, 0.50572973, 0.5096934, 0.5052937, 0.5136113, 0.5135189, 0.5012952, 0.5009713, 0.50960934, 0.50998276, 0.50382704, 0.501363, 0.5004503, 0.49997592, 0.50201523, 0.5060279, 0.5083475, 0.5120651, 0.49993503, 0.5015154, 0.5122663, 0.50858855, 0.5113645, 0.50095904, 0.5144057, 0.514879, 0.51407844, 0.5081292, 0.50755006, 0.5098592, 0.50939006, 0.5082489, 0.5088202, 0.49959013, 0.51145935, 0.5117946, 0.5110717, 0.5112787, 0.5074683, 0.5001513, 0.5122946, 0.51252574, 0.512812, 0.5106115, 0.5119746, 0.5143705, 0.5122603, 0.50866175, 0.508775, 0.5090176, 0.5090944, 0.5120142, 0.5093125, 0.50234824, 0.501043, 0.50966364, 0.51167613, 0.51004833, 0.5118595, 0.51207876, 0.51225114, 0.51029813, 0.50983435, 0.49996245, 0.51484126, 0.51517296, 0.515072, 0.49976987, 0.5025679, 0.5041068, 0.50535184, 0.5123496, 0.50840706, 0.50702643, 0.5048373, 0.51390994, 0.5138598, 0.51087415, 0.5052129, 0.511913, 0.51201236, 0.51193875, 0.5150198, 0.5071021, 0.5058254, 0.5066329, 0.51177204, 0.51065063, 0.5103182, 0.5084345, 0.50595194, 0.50817645, 0.5092409, 0.5096282, 0.5089901, 0.5088611, 0.5079078, 0.5069832, 0.5032675, 0.51088053, 0.51039326, 0.50272524, 0.5037271, 0.5107015, 0.5052882, 0.50858396, 0.51201034, 0.5117273, 0.5103982, 0.5091325, 0.50800276, 0.5051533, 0.50050527, 0.5018616, 0.507477, 0.5090529, 0.50920737, 0.50241095, 0.5140542, 0.51200956, 0.51132286, 0.5002674, 0.5010395, 0.5108834, 0.5106013, 0.5135297, 0.5083793, 0.50850344, 0.5086314, 0.500968, 0.5022678, 0.503681, 0.5137181, 0.5110574, 0.51187384, 0.50849324, 0.5078237, 0.50757533, 0.50015616, 0.50757414, 0.5102449, 0.5133983, 0.5076016, 0.51168627, 0.5127925, 0.51339597, 0.5140972, 0.51007444, 0.5135717, 0.5128291, 0.5123369, 0.5047699, 0.5093431, 0.5123414, 0.5017571]
[0.5132323, 0.514899, 0.5155389, 0.51326185, 0.51310515, 0.5116293, 0.51099926, 0.5142026, 0.503651, 0.50321573, 0.5032111, 0.5112631, 0.5140835, 0.51013017, 0.50520164, 0.513613, 0.5121988, 0.5153785, 0.51408917, 0.5087276, 0.5095147, 0.51319844, 0.51510787, 0.5122816, 0.5159834, 0.51226836, 0.51060516, 0.50678396, 0.50048685, 0.50111604, 0.5148205, 0.50403327, 0.5078956, 0.50097096, 0.50545514, 0.5067385, 0.5154901, 0.499766, 0.49976003, 0.51156783, 0.5098716, 0.510198, 0.50917244, 0.5094531, 0.514757, 0.5134328, 0.5062948, 0.511144, 0.5097344, 0.5096115, 0.51566213, 0.5130927, 0.5091581, 0.51365066, 0.515181, 0.51127476, 0.5160047, 0.5077455, 0.513526, 0.5139215, 0.51349, 0.5091201, 0.5080857, 0.5063914, 0.51360893, 0.5121909, 0.5118964, 0.50017995, 0.50717527, 0.5096791, 0.5089809, 0.5095018, 0.51250845, 0.5047499, 0.50099874, 0.5133767, 0.51382446, 0.51243013, 0.506308, 0.50901407, 0.5122505, 0.5132765, 0.51141053, 0.50814855, 0.50855416, 0.5080958, 0.5066936, 0.50807846, 0.5010372, 0.5005102, 0.5000327, 0.49977967, 0.5002086, 0.5001212, 0.50758433, 0.51156664, 0.5120014, 0.5150896, 0.51407075, 0.5132082, 0.5133368, 0.51353115, 0.50780016, 0.5164648, 0.51663727, 0.5154845, 0.5088449, 0.5163436, 0.50832415, 0.51585764, 0.5154593, 0.50805974, 0.51029843, 0.50958985, 0.5120725, 0.50840354, 0.5013053, 0.5001149, 0.51368093, 0.5111464, 0.50208336, 0.5002969, 0.5136918, 0.50124407, 0.5146164, 0.508623, 0.5141996, 0.5103807, 0.50163764, 0.50062525, 0.5158963, 0.5089619, 0.51673806, 0.5144935, 0.51307696, 0.5063005, 0.5103736, 0.51082146, 0.5060004, 0.51342636, 0.51307845, 0.50801814, 0.50557727, 0.51090926, 0.50735414, 0.5146847, 0.51473904, 0.50252986, 0.50145626, 0.5105814, 0.5114533, 0.5030309, 0.5009558, 0.50031185, 0.49997163, 0.5019636, 0.50580674, 0.51005346, 0.5137212, 0.50005805, 0.5012326, 0.5140661, 0.51036394, 0.5130571, 0.5001499, 0.51568, 0.5158788, 0.51532406, 0.50966185, 0.50823385, 0.51124996, 0.5105459, 0.5096147, 0.51025325, 0.49968892, 0.5126537, 0.51353234, 0.51218206, 0.51227325, 0.50854367, 0.49997342, 0.5137895, 0.5140156, 0.51414156, 0.51209235, 0.513621, 0.5158156, 0.5136145, 0.51011026, 0.50976527, 0.51014996, 0.510375, 0.51329255, 0.5106633, 0.50327283, 0.50163394, 0.51060826, 0.51314485, 0.5108684, 0.5133629, 0.51319677, 0.5130551, 0.5117258, 0.5110113, 0.50117594, 0.5162767, 0.5164038, 0.5162382, 0.49955136, 0.5020145, 0.5049606, 0.50574595, 0.513987, 0.50967115, 0.5083453, 0.5060962, 0.5154367, 0.515112, 0.5125172, 0.50796247, 0.5130249, 0.5133942, 0.5127214, 0.51652503, 0.5080238, 0.50687665, 0.5076686, 0.5130789, 0.51148057, 0.51134336, 0.50986975, 0.5065651, 0.5093795, 0.51051, 0.5108525, 0.5098682, 0.51012194, 0.508845, 0.5079703, 0.5018851, 0.5120998, 0.511468, 0.50253993, 0.50437367, 0.5116797, 0.5058962, 0.5100101, 0.513579, 0.51314205, 0.5118205, 0.5105664, 0.5094506, 0.5054688, 0.50023365, 0.5020065, 0.5086194, 0.5106678, 0.51079756, 0.5048361, 0.5155792, 0.5138721, 0.5131403, 0.4998123, 0.50118273, 0.51211435, 0.51226634, 0.5141615, 0.51072884, 0.5104398, 0.5098646, 0.50024575, 0.5020675, 0.5041169, 0.514836, 0.51197875, 0.51310474, 0.5100037, 0.5087331, 0.5080726, 0.4997172, 0.5091942, 0.5115124, 0.5146995, 0.5085045, 0.5128823, 0.5140818, 0.51490176, 0.51547396, 0.5113156, 0.5146139, 0.5146031, 0.514331, 0.5053224, 0.51042306, 0.514075, 0.50376225]
[0.5130964, 0.51376253, 0.51517236, 0.511558, 0.512437, 0.510734, 0.5092752, 0.51399845, 0.50254685, 0.4999779, 0.501732, 0.5112078, 0.51307535, 0.50926, 0.5041418, 0.5126474, 0.510955, 0.5144239, 0.5130582, 0.50739354, 0.5086935, 0.51149756, 0.5144501, 0.5112079, 0.5156468, 0.5118814, 0.50964487, 0.5066272, 0.5018193, 0.502642, 0.5144478, 0.50238454, 0.5069804, 0.49970537, 0.5044084, 0.50527894, 0.5151798, 0.50210214, 0.50120157, 0.5120754, 0.5090175, 0.5086574, 0.50938123, 0.5084801, 0.5139027, 0.51300925, 0.5051951, 0.5096508, 0.5085611, 0.50877005, 0.5154386, 0.5125386, 0.5084948, 0.5132107, 0.51463765, 0.5100194, 0.5156535, 0.50739175, 0.5129516, 0.513203, 0.51305336, 0.50795424, 0.5085466, 0.50438946, 0.51365584, 0.5117216, 0.511264, 0.4998408, 0.50669074, 0.5080286, 0.5071704, 0.50817764, 0.5118363, 0.50266147, 0.4995411, 0.5119099, 0.5135922, 0.51160735, 0.50598466, 0.5074436, 0.5107221, 0.51305586, 0.5100847, 0.5064354, 0.5072935, 0.50658196, 0.50639457, 0.5076199, 0.5031689, 0.5004675, 0.50143534, 0.50212795, 0.5022002, 0.50171804, 0.5066876, 0.5104989, 0.51174253, 0.5144459, 0.5133618, 0.512689, 0.51261103, 0.51297426, 0.5073194, 0.51536345, 0.51594305, 0.51470584, 0.50788146, 0.5162944, 0.50695246, 0.5151549, 0.51530635, 0.506759, 0.50958216, 0.50895375, 0.5112285, 0.5075071, 0.5001963, 0.5018589, 0.51327217, 0.51032174, 0.4997704, 0.500125, 0.5131523, 0.49997884, 0.51379764, 0.50845313, 0.51425356, 0.5102299, 0.49997008, 0.50001115, 0.5147266, 0.50782156, 0.51618916, 0.5134042, 0.5126272, 0.50628155, 0.50985616, 0.51064914, 0.50575143, 0.5125905, 0.5124544, 0.50733334, 0.50501686, 0.5104889, 0.50430936, 0.5145502, 0.51421607, 0.5011672, 0.50017786, 0.5095716, 0.5095899, 0.5060089, 0.50236505, 0.50147283, 0.50147927, 0.49997425, 0.50535184, 0.5087474, 0.5122632, 0.49951482, 0.50076306, 0.5130428, 0.50847626, 0.5113469, 0.50009996, 0.5156352, 0.5162417, 0.5149185, 0.50787556, 0.50698566, 0.51078135, 0.50962526, 0.5085657, 0.5086576, 0.50125635, 0.51222813, 0.5122244, 0.5110166, 0.51108766, 0.50708824, 0.50264937, 0.5130011, 0.5129364, 0.513586, 0.51069415, 0.51239914, 0.5152424, 0.51288396, 0.50918615, 0.50972044, 0.5106523, 0.5096997, 0.5127089, 0.5098116, 0.50104123, 0.49985173, 0.50966394, 0.5125491, 0.5104879, 0.5125527, 0.5124566, 0.51287943, 0.5110124, 0.5105701, 0.49952284, 0.5158024, 0.5161705, 0.51606166, 0.50163764, 0.504755, 0.5011891, 0.50332654, 0.5136664, 0.5084314, 0.50713915, 0.5038746, 0.51475245, 0.5143009, 0.51153684, 0.5047464, 0.5121074, 0.5129254, 0.51234335, 0.5159228, 0.5081381, 0.50617087, 0.5066635, 0.51198167, 0.5112921, 0.5115744, 0.5089342, 0.5060198, 0.5076713, 0.508746, 0.50907856, 0.50901264, 0.5089625, 0.5080613, 0.5069913, 0.50028336, 0.511862, 0.5111271, 0.5010804, 0.5020325, 0.5109541, 0.5038108, 0.50940794, 0.5125865, 0.5121352, 0.5106921, 0.50939864, 0.5084245, 0.50431347, 0.5021717, 0.49970788, 0.5074218, 0.50922674, 0.50928116, 0.5026063, 0.5149736, 0.5129784, 0.5121327, 0.5011818, 0.4997537, 0.51142883, 0.5114514, 0.5140554, 0.5090497, 0.5088163, 0.50912637, 0.5005811, 0.50401914, 0.5014737, 0.51476306, 0.5123103, 0.5126982, 0.5088644, 0.5073445, 0.5074726, 0.5019477, 0.5083098, 0.51079774, 0.51342434, 0.5080954, 0.51221734, 0.51375407, 0.51414466, 0.5150021, 0.5103124, 0.514705, 0.5136351, 0.5132294, 0.50226474, 0.50955814, 0.5128192, 0.50137377]
[0.5148592, 0.5156715, 0.5171991, 0.5140238, 0.5143601, 0.5128978, 0.5120484, 0.5159639, 0.5055032, 0.5044446, 0.50522286, 0.5126419, 0.51574147, 0.51121914, 0.5072019, 0.5147691, 0.5131476, 0.5166584, 0.5160139, 0.509782, 0.5105225, 0.5145067, 0.5170481, 0.5134755, 0.5174409, 0.5135522, 0.51153713, 0.5092909, 0.50036865, 0.5010598, 0.51620036, 0.5072485, 0.50963026, 0.50263786, 0.50778794, 0.50897676, 0.51730597, 0.5002667, 0.49997687, 0.51314497, 0.5107566, 0.51015353, 0.5103949, 0.5108869, 0.5160936, 0.51516163, 0.5089029, 0.51217026, 0.510951, 0.51051, 0.5174323, 0.514693, 0.51011026, 0.5151373, 0.51693654, 0.5125093, 0.51774794, 0.5090286, 0.51500106, 0.5152685, 0.5147368, 0.51014423, 0.5093364, 0.50795734, 0.5155117, 0.51372266, 0.5132488, 0.5015799, 0.508388, 0.511128, 0.50988746, 0.51078326, 0.5135991, 0.5071759, 0.50263244, 0.51466656, 0.5154317, 0.5137989, 0.50812715, 0.5096755, 0.5129835, 0.5148307, 0.5121408, 0.5091857, 0.509582, 0.5099283, 0.50972503, 0.50944674, 0.5010636, 0.5018428, 0.50052935, 0.50028425, 0.50055546, 0.50026387, 0.508169, 0.513072, 0.51392245, 0.5164081, 0.51562804, 0.5143053, 0.51434845, 0.51484025, 0.5093191, 0.51789474, 0.51815885, 0.5167654, 0.5095218, 0.5182306, 0.5098999, 0.5172356, 0.5173863, 0.50904053, 0.51166755, 0.5108939, 0.5135467, 0.5101012, 0.50271624, 0.5004599, 0.5151532, 0.5123809, 0.50356793, 0.5012141, 0.5152936, 0.5038446, 0.51580787, 0.5105339, 0.5159756, 0.5117079, 0.5019082, 0.50144005, 0.5172735, 0.50980437, 0.518472, 0.51615256, 0.5147718, 0.50876755, 0.5118084, 0.51178086, 0.5082235, 0.51467896, 0.5143651, 0.50905824, 0.5076213, 0.5121218, 0.5082648, 0.5163656, 0.5166348, 0.5047139, 0.50251085, 0.51161385, 0.51256526, 0.502982, 0.5009904, 0.5001296, 0.50016683, 0.50369567, 0.508277, 0.51112276, 0.5154159, 0.5003063, 0.5024409, 0.51548177, 0.5113507, 0.51470417, 0.50348735, 0.51737636, 0.51795834, 0.51664215, 0.5108573, 0.50992316, 0.5123518, 0.51177037, 0.51094663, 0.5110966, 0.50031084, 0.51392627, 0.5150589, 0.51382613, 0.5140672, 0.509557, 0.5001631, 0.5155708, 0.5152257, 0.51542974, 0.5129015, 0.51486325, 0.51737654, 0.5148812, 0.5106681, 0.5110033, 0.51112616, 0.5113168, 0.514884, 0.51173484, 0.5048994, 0.5031541, 0.51210093, 0.51460963, 0.51249075, 0.5144875, 0.5148167, 0.5149979, 0.51309115, 0.5122476, 0.5024957, 0.51796454, 0.5180366, 0.51826453, 0.50088334, 0.5020077, 0.5068341, 0.5078474, 0.5154618, 0.5108279, 0.5096829, 0.507768, 0.5165578, 0.51668984, 0.5136736, 0.5082237, 0.51425344, 0.5144395, 0.5145524, 0.5180756, 0.5093716, 0.5077325, 0.50847197, 0.5144199, 0.512769, 0.51244587, 0.5109821, 0.5081747, 0.51081026, 0.5109842, 0.5115308, 0.51131624, 0.51114935, 0.5103987, 0.5095484, 0.50550663, 0.51301795, 0.5124527, 0.50502694, 0.5064779, 0.51315975, 0.5076087, 0.51132655, 0.514941, 0.5146333, 0.51305383, 0.5116934, 0.51071346, 0.5080429, 0.50016534, 0.5046125, 0.5101368, 0.51193875, 0.511944, 0.50628996, 0.5170193, 0.5151459, 0.5142837, 0.50023675, 0.5025808, 0.51390606, 0.51331544, 0.5161773, 0.51175886, 0.5114716, 0.5110877, 0.5017393, 0.50169986, 0.5061257, 0.51667804, 0.513455, 0.5143707, 0.5105271, 0.510399, 0.509459, 0.50052947, 0.5104107, 0.51294625, 0.51645005, 0.5097878, 0.5142403, 0.51555383, 0.51611924, 0.51695395, 0.5128993, 0.51616853, 0.5160457, 0.51564837, 0.50714386, 0.51238644, 0.51554877, 0.50612617]
[0.5142165, 0.5153084, 0.51632875, 0.5131484, 0.513838, 0.5114016, 0.5103163, 0.514746, 0.50411916, 0.5028235, 0.5028288, 0.5122618, 0.51454103, 0.5101029, 0.50516206, 0.5135619, 0.5120593, 0.5161747, 0.5138922, 0.50803757, 0.50903136, 0.51254314, 0.5159242, 0.51209587, 0.516939, 0.51252824, 0.51070154, 0.5069411, 0.5008843, 0.50096947, 0.5153642, 0.50384617, 0.5074946, 0.5007947, 0.5043908, 0.5060267, 0.5161636, 0.5008244, 0.50026375, 0.5123517, 0.5103735, 0.5101361, 0.5104066, 0.5089272, 0.5154848, 0.51376516, 0.5047484, 0.51073164, 0.50956476, 0.5091423, 0.51690996, 0.5132878, 0.5084615, 0.5143709, 0.5159106, 0.5108005, 0.51683795, 0.50795376, 0.5141089, 0.5144963, 0.5139908, 0.50887847, 0.5088531, 0.50536776, 0.51504296, 0.5124506, 0.51207477, 0.50069946, 0.50737673, 0.50863916, 0.5079238, 0.50913024, 0.5132595, 0.503855, 0.50152147, 0.51245034, 0.5144004, 0.51257885, 0.5060695, 0.5081977, 0.5119266, 0.51411384, 0.5106664, 0.50749195, 0.5077057, 0.5070797, 0.5058348, 0.50799525, 0.5010986, 0.5002232, 0.49991038, 0.5003081, 0.50064534, 0.50022584, 0.5068217, 0.51166356, 0.512871, 0.51576173, 0.5143306, 0.51340276, 0.513237, 0.5140936, 0.507813, 0.5169212, 0.51739645, 0.5158098, 0.5088857, 0.5178142, 0.5075292, 0.5163297, 0.5166224, 0.50753707, 0.510361, 0.5092644, 0.5121655, 0.5077109, 0.50153697, 0.5003283, 0.5145138, 0.5118662, 0.5014908, 0.4999043, 0.5147365, 0.50194144, 0.5152367, 0.5083426, 0.51506406, 0.5109632, 0.5019557, 0.500765, 0.5169212, 0.50855464, 0.51748544, 0.5145654, 0.5131103, 0.506374, 0.5109066, 0.5114944, 0.5058085, 0.5138088, 0.51389164, 0.5078107, 0.5051714, 0.5116008, 0.5061957, 0.51561064, 0.5152468, 0.502352, 0.50151485, 0.51036805, 0.5109929, 0.5031064, 0.5009118, 0.50019217, 0.49995464, 0.5019723, 0.5056842, 0.50889117, 0.5130534, 0.5005109, 0.5017668, 0.5139639, 0.5092324, 0.5123145, 0.5014644, 0.51640904, 0.51743555, 0.5165409, 0.5088577, 0.507819, 0.5121268, 0.5104591, 0.5092642, 0.5096313, 0.49992222, 0.5138115, 0.51330703, 0.5118508, 0.51195526, 0.50784373, 0.50090224, 0.5138086, 0.51421803, 0.51489794, 0.5118298, 0.5135093, 0.51707214, 0.5142558, 0.51041585, 0.51032025, 0.5109348, 0.51023257, 0.51369923, 0.5105821, 0.50337595, 0.50151825, 0.5107894, 0.5133062, 0.51135075, 0.5133449, 0.51378614, 0.5139356, 0.51158196, 0.5114753, 0.50125897, 0.51744854, 0.5177127, 0.5172082, 0.500185, 0.5025301, 0.5046225, 0.5053207, 0.51459384, 0.5089389, 0.5075685, 0.5050416, 0.5164232, 0.5158496, 0.5124855, 0.5063953, 0.51362944, 0.5140474, 0.5133285, 0.51736224, 0.5086313, 0.50733364, 0.5074908, 0.51348597, 0.5122, 0.5120013, 0.509799, 0.5063381, 0.50833595, 0.5100149, 0.5106324, 0.50978833, 0.50962627, 0.5082626, 0.50698346, 0.50265485, 0.51279485, 0.5120833, 0.5024909, 0.5039032, 0.5117052, 0.50516236, 0.51014113, 0.5136768, 0.5131424, 0.5116225, 0.51036316, 0.50872314, 0.5054337, 0.5004998, 0.5013364, 0.5075782, 0.509739, 0.5099846, 0.5040786, 0.51695246, 0.5142474, 0.5132591, 0.49972323, 0.5025349, 0.51251566, 0.51225775, 0.5151716, 0.5099253, 0.50970566, 0.5097689, 0.50123817, 0.50198597, 0.50339407, 0.51531065, 0.5132168, 0.5135555, 0.50981605, 0.5076583, 0.5074656, 0.50038445, 0.5079684, 0.5111643, 0.5150195, 0.5080772, 0.51283187, 0.5149574, 0.51565456, 0.51657367, 0.51139545, 0.51577175, 0.51519966, 0.514903, 0.5038057, 0.5103344, 0.5142634, 0.5031718]
[0.5103158, 0.5109231, 0.5120769, 0.5097029, 0.5097175, 0.5082721, 0.5072672, 0.51098186, 0.5001492, 0.49938244, 0.49972126, 0.5077022, 0.5106631, 0.50658387, 0.5005136, 0.5104499, 0.50876683, 0.51172096, 0.5113524, 0.50411314, 0.5059327, 0.5096715, 0.512058, 0.5089635, 0.5121422, 0.50902337, 0.50700635, 0.50316346, 0.50242937, 0.5026223, 0.51147705, 0.5004353, 0.5041956, 0.49930254, 0.5013075, 0.5037767, 0.51217955, 0.5014552, 0.50102603, 0.50831115, 0.50619084, 0.5054649, 0.50574327, 0.5056919, 0.5111367, 0.51030284, 0.5029236, 0.50794744, 0.5068846, 0.5065417, 0.5122707, 0.5096154, 0.5052565, 0.51030886, 0.51159906, 0.5080511, 0.5128182, 0.50430185, 0.5102084, 0.51067257, 0.51001096, 0.5048427, 0.5038044, 0.5024746, 0.5105491, 0.5088216, 0.5086897, 0.49991193, 0.5030789, 0.50636935, 0.5051772, 0.50591475, 0.5091421, 0.5012066, 0.49948233, 0.50991976, 0.5107288, 0.5091716, 0.5029304, 0.5049747, 0.5088665, 0.50984347, 0.50795615, 0.50440675, 0.50450164, 0.50477487, 0.50378954, 0.50464743, 0.5027109, 0.50009584, 0.5004656, 0.5016712, 0.50178784, 0.5017, 0.50299954, 0.5086971, 0.50900656, 0.5116125, 0.5111766, 0.5097717, 0.5095459, 0.5099553, 0.50396025, 0.51319915, 0.5131166, 0.5120911, 0.50397116, 0.51332825, 0.50501454, 0.51254165, 0.5120267, 0.50416636, 0.5067528, 0.50578845, 0.50877434, 0.5057194, 0.5001645, 0.50132966, 0.5103892, 0.5078262, 0.49916074, 0.5007604, 0.51059926, 0.4988378, 0.51073706, 0.5052969, 0.5110524, 0.50642943, 0.49955174, 0.5003306, 0.5125237, 0.5057312, 0.51337856, 0.51121396, 0.5097128, 0.50307715, 0.50673056, 0.5069908, 0.5025855, 0.5102761, 0.5096103, 0.5037964, 0.50165844, 0.50729287, 0.50254905, 0.51124746, 0.5118005, 0.4988569, 0.49948835, 0.5070789, 0.50795144, 0.5050815, 0.502087, 0.5011621, 0.50092214, 0.49897987, 0.5016502, 0.5062422, 0.5104873, 0.50119185, 0.498859, 0.51055235, 0.5069093, 0.50982314, 0.49997222, 0.5123155, 0.51290107, 0.5116423, 0.50643134, 0.50459045, 0.50791, 0.50698924, 0.5061945, 0.5062374, 0.50085276, 0.50904566, 0.5101909, 0.50903904, 0.5091783, 0.50444704, 0.5021743, 0.51058143, 0.51044935, 0.51081944, 0.5080704, 0.50976366, 0.51245266, 0.5102411, 0.50640917, 0.50639826, 0.5064191, 0.5069223, 0.5098866, 0.5072734, 0.49936685, 0.4996081, 0.5076214, 0.5095952, 0.5075869, 0.50995064, 0.5096068, 0.50978756, 0.50837433, 0.50767386, 0.499654, 0.51297355, 0.5128939, 0.51268405, 0.50076324, 0.50382966, 0.5007574, 0.5020359, 0.51080793, 0.5058926, 0.5042344, 0.5010549, 0.511756, 0.5117982, 0.50938517, 0.5027198, 0.50953764, 0.51013553, 0.50948364, 0.51307046, 0.50479877, 0.50260216, 0.50341886, 0.5096368, 0.5082057, 0.5079523, 0.50619316, 0.50249463, 0.5059603, 0.50611097, 0.50678515, 0.5058944, 0.5066119, 0.5052723, 0.5038773, 0.49942392, 0.50876296, 0.5081209, 0.49944046, 0.50028074, 0.5085548, 0.50185883, 0.5064342, 0.5102687, 0.5098972, 0.5082495, 0.50713885, 0.505494, 0.5020786, 0.5017665, 0.49889216, 0.50488865, 0.5072188, 0.50733876, 0.5002323, 0.5122713, 0.51061195, 0.50977397, 0.50154173, 0.4999702, 0.508686, 0.508693, 0.51100284, 0.50710994, 0.506785, 0.5062004, 0.49929598, 0.5035713, 0.50012875, 0.5116288, 0.5090868, 0.5101495, 0.50591505, 0.50465345, 0.50391203, 0.50071365, 0.5057025, 0.5081081, 0.51155007, 0.504843, 0.5093738, 0.5108628, 0.5114127, 0.5122136, 0.50808537, 0.51113635, 0.5117459, 0.5113512, 0.50157416, 0.5075168, 0.5111537, 0.49999607]
[0.51463705, 0.51590246, 0.51677394, 0.5134713, 0.5142537, 0.5117169, 0.5104377, 0.51532507, 0.50324726, 0.501334, 0.50144297, 0.51277983, 0.5145687, 0.51010096, 0.50308615, 0.51456, 0.51239455, 0.51660746, 0.5148012, 0.5083773, 0.5094392, 0.5131767, 0.51612777, 0.51256317, 0.5171153, 0.51315755, 0.5107602, 0.50753003, 0.5024945, 0.50330466, 0.51561415, 0.50259876, 0.50739574, 0.5003893, 0.5035812, 0.5061979, 0.51651996, 0.5027535, 0.5017528, 0.51281744, 0.5103185, 0.5104199, 0.5104089, 0.50897324, 0.5158322, 0.5139393, 0.5049781, 0.5113016, 0.5103388, 0.5096951, 0.5172347, 0.5139204, 0.5086981, 0.5143167, 0.51630783, 0.5114326, 0.5172821, 0.50735295, 0.51446044, 0.51485705, 0.51440656, 0.50899345, 0.5085156, 0.50589657, 0.51507723, 0.5129448, 0.51232684, 0.5007758, 0.5075397, 0.5088994, 0.50765455, 0.5092193, 0.51368564, 0.503691, 0.50045335, 0.51341784, 0.5147691, 0.5132154, 0.5057696, 0.50834584, 0.5125014, 0.5146009, 0.5113045, 0.5069693, 0.50743514, 0.5071044, 0.5058584, 0.50836027, 0.50326663, 0.5008654, 0.50158376, 0.5023111, 0.5029968, 0.50252193, 0.50655556, 0.5119735, 0.51298827, 0.5160259, 0.51513135, 0.51376754, 0.5135131, 0.5142614, 0.50692916, 0.5172955, 0.51774615, 0.5164376, 0.50870645, 0.51786876, 0.5081246, 0.5168059, 0.51704955, 0.5072677, 0.51111174, 0.50988334, 0.5126553, 0.50842816, 0.5000767, 0.50208926, 0.5144025, 0.51210004, 0.5000705, 0.50138414, 0.5150439, 0.4999417, 0.51503444, 0.50881577, 0.5155827, 0.51107633, 0.5000312, 0.5006138, 0.517293, 0.5088013, 0.5179934, 0.5151163, 0.5135258, 0.5061248, 0.5109738, 0.51175463, 0.5056417, 0.51439965, 0.51395786, 0.5078504, 0.50559103, 0.51147103, 0.5065867, 0.5161882, 0.51581264, 0.5010808, 0.5005985, 0.5109184, 0.51139724, 0.5064452, 0.50279933, 0.50203586, 0.50150853, 0.500077, 0.5044495, 0.5090031, 0.5138366, 0.50068736, 0.5005011, 0.51471585, 0.5097617, 0.51279956, 0.50019306, 0.51686984, 0.51763123, 0.51655823, 0.50901127, 0.50800574, 0.51241076, 0.510579, 0.5095392, 0.51008826, 0.5012218, 0.51387584, 0.514114, 0.5125221, 0.5126123, 0.50806636, 0.5025034, 0.5147094, 0.51472807, 0.5154434, 0.5127022, 0.5142031, 0.51698804, 0.51472497, 0.5109355, 0.510426, 0.51067275, 0.5105919, 0.5141267, 0.51093644, 0.5015971, 0.49999464, 0.5111047, 0.5137189, 0.5116732, 0.5132451, 0.51424116, 0.5141635, 0.512178, 0.51179075, 0.5001069, 0.51731515, 0.5176168, 0.5174891, 0.50200814, 0.5049736, 0.50414443, 0.5047424, 0.51503915, 0.50923955, 0.50763017, 0.50440073, 0.5164441, 0.5161123, 0.51290077, 0.50688463, 0.51372516, 0.51429904, 0.5136184, 0.51778406, 0.5083271, 0.50742203, 0.5077859, 0.51393676, 0.512623, 0.5125056, 0.5099328, 0.5059925, 0.50833446, 0.50984126, 0.510466, 0.5096209, 0.50967133, 0.5087344, 0.5069341, 0.50058115, 0.51318765, 0.5121084, 0.50153834, 0.5028304, 0.5125287, 0.50471854, 0.51030385, 0.5138486, 0.51355594, 0.5122589, 0.51098937, 0.50950015, 0.5059234, 0.50229985, 0.5000851, 0.5077912, 0.50999415, 0.5102098, 0.5028685, 0.5168339, 0.5146637, 0.5137394, 0.50193506, 0.49998027, 0.5128029, 0.512462, 0.5151357, 0.51029533, 0.5102714, 0.50917935, 0.501252, 0.5046971, 0.5022999, 0.5158964, 0.5132633, 0.5140473, 0.51011163, 0.5076479, 0.50710374, 0.50231403, 0.50848967, 0.5116405, 0.51536494, 0.5085842, 0.51270515, 0.5152368, 0.51592004, 0.51677173, 0.5115496, 0.51594645, 0.515793, 0.51527053, 0.5034022, 0.5109497, 0.5145824, 0.50268227]
[0.51586986, 0.51740175, 0.51800346, 0.51404417, 0.5148028, 0.5121196, 0.5117173, 0.51652086, 0.5057213, 0.5003925, 0.50107026, 0.51269394, 0.51660645, 0.51137495, 0.5074597, 0.515866, 0.5137845, 0.5178549, 0.5169, 0.50924104, 0.5111665, 0.5142024, 0.51742166, 0.513967, 0.5187673, 0.5142301, 0.51185924, 0.50911784, 0.50117254, 0.5012212, 0.5168545, 0.50537705, 0.5098713, 0.50020313, 0.505838, 0.5077369, 0.51815647, 0.50065655, 0.50023377, 0.51330847, 0.511962, 0.5122575, 0.51062727, 0.5101937, 0.51657593, 0.51531845, 0.50828254, 0.51215047, 0.5108233, 0.5108916, 0.51829284, 0.51457417, 0.5105964, 0.5161353, 0.5173217, 0.51309896, 0.51853174, 0.5088332, 0.51589537, 0.51601493, 0.5160612, 0.5101634, 0.50986373, 0.50760597, 0.5157556, 0.5137713, 0.51381326, 0.49998808, 0.5076176, 0.5106632, 0.5100654, 0.51078624, 0.5145664, 0.5047343, 0.49942893, 0.51406944, 0.51646364, 0.5145388, 0.50733984, 0.5095339, 0.51350206, 0.51611316, 0.5126305, 0.50916654, 0.509816, 0.50994384, 0.50996625, 0.5100731, 0.501603, 0.49971774, 0.50010955, 0.5004111, 0.50087714, 0.50097775, 0.5093873, 0.5129733, 0.51396537, 0.5170512, 0.51618135, 0.5150982, 0.51506716, 0.5151876, 0.5089225, 0.5186552, 0.5188738, 0.51764446, 0.50994986, 0.5195925, 0.5097114, 0.5178779, 0.5180932, 0.5090933, 0.51151335, 0.51031065, 0.51412714, 0.5109407, 0.4999926, 0.50108844, 0.51600266, 0.51332223, 0.50046444, 0.5003072, 0.51666564, 0.5008752, 0.5166135, 0.5103223, 0.5164129, 0.5127109, 0.49960572, 0.49974233, 0.51845115, 0.50991535, 0.51858866, 0.5155141, 0.5159859, 0.5094883, 0.5119913, 0.5122278, 0.50860655, 0.51581967, 0.5155106, 0.5085173, 0.50570214, 0.512514, 0.50647813, 0.51732063, 0.51751465, 0.5010434, 0.49927157, 0.51202554, 0.5121321, 0.50352585, 0.5014371, 0.5002872, 0.50027543, 0.5008448, 0.50775087, 0.51076806, 0.51523596, 0.500034, 0.5004533, 0.515691, 0.51179504, 0.5141139, 0.5001371, 0.5183334, 0.5186989, 0.5176632, 0.5105133, 0.5093994, 0.51258266, 0.51179934, 0.51054156, 0.51151353, 0.4999445, 0.51481783, 0.51519847, 0.514109, 0.5141574, 0.5096535, 0.50095415, 0.51629233, 0.5165704, 0.5164691, 0.5132043, 0.5153237, 0.5182383, 0.5148014, 0.51155597, 0.51154524, 0.51198167, 0.5117033, 0.5149296, 0.5125356, 0.5031119, 0.5001903, 0.5124058, 0.5145911, 0.5127542, 0.51489353, 0.51485, 0.5149444, 0.5129382, 0.5123063, 0.4995746, 0.5191789, 0.5193754, 0.5189697, 0.50040996, 0.50259596, 0.5058205, 0.5066567, 0.51603043, 0.5109504, 0.5088418, 0.5048474, 0.5182334, 0.5173063, 0.51448095, 0.5091061, 0.51455206, 0.51569307, 0.5147965, 0.51959574, 0.51094604, 0.50958824, 0.50995797, 0.5155339, 0.51346624, 0.51349336, 0.51072, 0.50744575, 0.51002604, 0.51158464, 0.51241714, 0.5115777, 0.51157874, 0.51045144, 0.5095983, 0.50079167, 0.51444066, 0.51423776, 0.5025009, 0.50456893, 0.5133869, 0.5075917, 0.51149863, 0.515871, 0.5154183, 0.51354706, 0.5121412, 0.51074994, 0.508401, 0.50056916, 0.50177497, 0.5095605, 0.5115629, 0.5117365, 0.5057301, 0.51807785, 0.51582277, 0.5150829, 0.5005548, 0.5002809, 0.51359487, 0.51369107, 0.5169823, 0.51144207, 0.5112666, 0.51172453, 0.50000834, 0.5025925, 0.50425816, 0.5172228, 0.5151725, 0.5154093, 0.51154125, 0.50997406, 0.50978935, 0.50073004, 0.5114338, 0.5133284, 0.517031, 0.5097517, 0.5145858, 0.51607233, 0.5175879, 0.51792115, 0.5132308, 0.5170367, 0.5169796, 0.51615894, 0.50542897, 0.5121551, 0.5160433, 0.50199986]
[0.5140875, 0.5149765, 0.5154844, 0.5123415, 0.5132502, 0.5114171, 0.5104839, 0.5144383, 0.50600505, 0.5045788, 0.50508934, 0.51225364, 0.5138624, 0.5100093, 0.5064369, 0.5131577, 0.51190305, 0.5154326, 0.51350254, 0.50860083, 0.5087979, 0.51219964, 0.51511455, 0.5116903, 0.51628304, 0.5121967, 0.5110016, 0.508411, 0.50088674, 0.5017128, 0.5149577, 0.5060985, 0.5090843, 0.5018928, 0.50507796, 0.50672376, 0.51544607, 0.5016291, 0.50096583, 0.51337856, 0.5110763, 0.5113768, 0.5106807, 0.5094236, 0.5146353, 0.5135771, 0.5067532, 0.5101807, 0.5097302, 0.5095301, 0.51604974, 0.5130617, 0.5092875, 0.51386535, 0.51541436, 0.5108255, 0.515866, 0.50836265, 0.51413774, 0.51435256, 0.5137979, 0.5088143, 0.51013047, 0.5064543, 0.5145425, 0.51230663, 0.511864, 0.5007873, 0.5074731, 0.50907904, 0.50859135, 0.50950086, 0.5130132, 0.5051075, 0.5018536, 0.51233214, 0.5141333, 0.51308066, 0.5076587, 0.5086172, 0.51182246, 0.51389694, 0.5106415, 0.50821686, 0.5082431, 0.50815964, 0.5082437, 0.50892144, 0.50202346, 0.5004142, 0.5003286, 0.50137335, 0.5018628, 0.50090295, 0.5082564, 0.5111395, 0.5124271, 0.5148333, 0.5135439, 0.5127897, 0.5129211, 0.5132637, 0.50744474, 0.5160589, 0.51632875, 0.5151327, 0.5091278, 0.51692057, 0.5084129, 0.5153688, 0.5161788, 0.5079096, 0.510169, 0.50992215, 0.512197, 0.50863343, 0.50336474, 0.5010686, 0.5137697, 0.5113142, 0.5020048, 0.5011064, 0.5141678, 0.50280815, 0.51454204, 0.50929266, 0.5146736, 0.5114415, 0.5021694, 0.5010674, 0.5160361, 0.50894266, 0.5166066, 0.5138294, 0.5132121, 0.50825673, 0.51080203, 0.5117339, 0.50775313, 0.5135857, 0.5133066, 0.5083415, 0.50737417, 0.51143825, 0.50650305, 0.51531804, 0.51509863, 0.50293165, 0.5011674, 0.51033425, 0.51067626, 0.50450873, 0.50180763, 0.50086486, 0.50038767, 0.5032903, 0.5073063, 0.5094242, 0.51264936, 0.5028121, 0.5032362, 0.51347375, 0.5089785, 0.5117353, 0.5036184, 0.51571566, 0.51634526, 0.51552945, 0.5089487, 0.50849885, 0.51188046, 0.510375, 0.5102645, 0.51013935, 0.5007707, 0.5136804, 0.51313055, 0.5118875, 0.5119527, 0.50854874, 0.5016259, 0.5134048, 0.5145035, 0.51462215, 0.51182395, 0.51328367, 0.51563716, 0.5137849, 0.51048076, 0.51052725, 0.51085234, 0.5100098, 0.513077, 0.51121205, 0.50521046, 0.5029378, 0.51072055, 0.51309204, 0.5115618, 0.5131198, 0.5132459, 0.51334, 0.51196855, 0.51111686, 0.5014029, 0.5163399, 0.51650995, 0.51654196, 0.5007824, 0.50378424, 0.50494397, 0.50570077, 0.5141493, 0.5096612, 0.5082257, 0.5065613, 0.51537174, 0.51509863, 0.51219, 0.5071415, 0.51262677, 0.5138668, 0.5131993, 0.5168716, 0.5092047, 0.50806487, 0.50835234, 0.5136173, 0.5121274, 0.51213133, 0.509929, 0.507093, 0.5084166, 0.50983626, 0.5102302, 0.5099289, 0.50958025, 0.50906247, 0.50802404, 0.5043178, 0.51281756, 0.5122376, 0.50387603, 0.5050426, 0.51172024, 0.5071438, 0.51025236, 0.5134625, 0.5131275, 0.51185197, 0.51079285, 0.5096284, 0.5074818, 0.5012422, 0.50266385, 0.508595, 0.5101973, 0.5103564, 0.5052289, 0.5156349, 0.51378536, 0.512944, 0.5006704, 0.5033746, 0.5125794, 0.51234466, 0.5148731, 0.5104172, 0.5103951, 0.5100793, 0.5007881, 0.50312483, 0.5040433, 0.51484144, 0.5131725, 0.5132407, 0.51031476, 0.50881755, 0.5084842, 0.5003462, 0.5098411, 0.51211286, 0.51465786, 0.5088392, 0.51266336, 0.51405835, 0.51476204, 0.5155309, 0.51163405, 0.51492995, 0.5141538, 0.51355624, 0.505951, 0.51048034, 0.5134758, 0.5051192]
[0.5101508, 0.5108083, 0.51197296, 0.50975716, 0.51016474, 0.508788, 0.5085497, 0.51065224, 0.5042945, 0.5034768, 0.50408083, 0.50896347, 0.5105986, 0.50835824, 0.5056504, 0.5104067, 0.5092838, 0.5115438, 0.5104443, 0.50721407, 0.50769603, 0.50986373, 0.5115408, 0.50935113, 0.5119691, 0.50945824, 0.5080092, 0.50608677, 0.5015435, 0.5025963, 0.5110904, 0.5045174, 0.50669736, 0.5023455, 0.50572777, 0.50645125, 0.5118068, 0.50139046, 0.5006506, 0.5090452, 0.50762874, 0.5077411, 0.50775045, 0.5079127, 0.5111566, 0.5104187, 0.5061093, 0.50850886, 0.50766164, 0.50730073, 0.51189244, 0.510119, 0.5074106, 0.5106129, 0.5114812, 0.50869703, 0.5120621, 0.5070454, 0.5103374, 0.5106399, 0.5103378, 0.5074793, 0.50713724, 0.5058514, 0.510724, 0.5094549, 0.50934124, 0.50164706, 0.5067705, 0.50746584, 0.5071969, 0.5077075, 0.5095886, 0.5050849, 0.50280994, 0.5097101, 0.51037437, 0.50936085, 0.5063438, 0.5072415, 0.50915587, 0.510412, 0.508469, 0.50683665, 0.50705445, 0.50673646, 0.5059652, 0.5067066, 0.5024204, 0.50168335, 0.50110805, 0.5007232, 0.50088304, 0.50064236, 0.5063985, 0.5091425, 0.5093722, 0.5113337, 0.51074976, 0.5099783, 0.5099607, 0.5104076, 0.50677496, 0.5120106, 0.51235515, 0.51144105, 0.5073126, 0.5122197, 0.5069141, 0.5119151, 0.5117747, 0.5065979, 0.5083513, 0.5078839, 0.5092338, 0.5069975, 0.50303376, 0.50133306, 0.5104743, 0.50870126, 0.5036382, 0.50150996, 0.51049745, 0.5030258, 0.51083916, 0.5072008, 0.511018, 0.508519, 0.5031937, 0.50267524, 0.51194745, 0.5071834, 0.51238847, 0.51039547, 0.5101882, 0.5062565, 0.50869393, 0.5087097, 0.50587624, 0.5103603, 0.5101454, 0.50663185, 0.5054958, 0.5087593, 0.5062815, 0.5113262, 0.51113635, 0.504661, 0.50404733, 0.5081418, 0.5084136, 0.5054892, 0.50181, 0.50057125, 0.5011052, 0.50314534, 0.5058104, 0.5076445, 0.51001585, 0.50145006, 0.5031133, 0.51043737, 0.50814474, 0.5098986, 0.50306416, 0.51184744, 0.51220757, 0.51163346, 0.50731415, 0.50697803, 0.50890416, 0.50834507, 0.5075351, 0.50782794, 0.50086963, 0.5097883, 0.51027733, 0.5094818, 0.50948256, 0.50679666, 0.5016056, 0.51051885, 0.5104514, 0.510819, 0.5090681, 0.5101099, 0.5119278, 0.51045805, 0.5084275, 0.5085454, 0.50878906, 0.5081731, 0.51030034, 0.5083918, 0.50467, 0.50307924, 0.5087414, 0.5099562, 0.508918, 0.50982004, 0.51022553, 0.5102885, 0.5090077, 0.5090768, 0.5026274, 0.5122543, 0.5123958, 0.5122695, 0.50060046, 0.5041313, 0.50535667, 0.5058403, 0.51070416, 0.5071864, 0.5068519, 0.5052621, 0.5115282, 0.511164, 0.50946325, 0.5064315, 0.5100311, 0.5103082, 0.50987005, 0.51221055, 0.50757563, 0.50663286, 0.5068877, 0.5098224, 0.5091046, 0.5090817, 0.507826, 0.5062294, 0.5073733, 0.5081151, 0.50833315, 0.5078979, 0.5078036, 0.5072364, 0.5065792, 0.50263953, 0.50949377, 0.50909466, 0.5039995, 0.50496817, 0.5091101, 0.50583327, 0.50809175, 0.5099549, 0.50976497, 0.50886506, 0.5079545, 0.50727427, 0.5053513, 0.50037605, 0.50261956, 0.50683326, 0.5078948, 0.5080465, 0.5049855, 0.5117822, 0.5104174, 0.50985307, 0.50150824, 0.50316966, 0.50969833, 0.50921226, 0.5107781, 0.5079729, 0.50776327, 0.50767505, 0.50073814, 0.5039687, 0.5043441, 0.51130635, 0.5095106, 0.5101138, 0.507778, 0.5069576, 0.5067821, 0.50052357, 0.507244, 0.50858974, 0.5108972, 0.50705, 0.50960076, 0.5107079, 0.5111772, 0.51161563, 0.50859916, 0.5111567, 0.51107943, 0.5108485, 0.5051299, 0.50832903, 0.51080805, 0.5046884]
[0.5181305, 0.51904726, 0.51974595, 0.51630235, 0.5166664, 0.5142271, 0.5128378, 0.51827323, 0.50515354, 0.5034549, 0.5042717, 0.5143812, 0.51812255, 0.5126442, 0.50477535, 0.5174978, 0.5150842, 0.5195705, 0.5187738, 0.51060516, 0.5117552, 0.5162564, 0.519524, 0.5155555, 0.5205843, 0.5160028, 0.51325655, 0.5095419, 0.5018567, 0.5031197, 0.5190596, 0.50543624, 0.51069087, 0.501413, 0.5066266, 0.5074713, 0.51971227, 0.5023623, 0.5014456, 0.5152725, 0.51307714, 0.5129816, 0.5123335, 0.5113407, 0.5188897, 0.51723164, 0.50834054, 0.5138422, 0.5126433, 0.51184416, 0.5199996, 0.5162811, 0.5111727, 0.5175839, 0.5193486, 0.51448095, 0.5204191, 0.5098606, 0.517725, 0.51821685, 0.51709074, 0.5102961, 0.5110379, 0.5079257, 0.51768553, 0.51559633, 0.5152982, 0.5000126, 0.5088432, 0.5119356, 0.51081413, 0.51175797, 0.5162247, 0.50645494, 0.50061023, 0.5169131, 0.5182918, 0.5160807, 0.5087649, 0.51070654, 0.5152266, 0.517296, 0.5141612, 0.5095383, 0.5104273, 0.5101719, 0.5099306, 0.5110236, 0.50258034, 0.50017244, 0.5000464, 0.50167954, 0.5021016, 0.5021251, 0.5098254, 0.51506686, 0.5160114, 0.5189807, 0.5182103, 0.51658475, 0.5164263, 0.5169629, 0.50908107, 0.5208227, 0.52116764, 0.5194928, 0.5108462, 0.52147985, 0.51063037, 0.5201542, 0.5202627, 0.5100223, 0.5126631, 0.5115024, 0.5158696, 0.51173687, 0.49981564, 0.50218445, 0.51773274, 0.514632, 0.49999386, 0.5005618, 0.5180901, 0.50111526, 0.5186165, 0.5116261, 0.51843995, 0.513491, 0.50149035, 0.5000919, 0.5201105, 0.5112561, 0.52138287, 0.5180801, 0.5169917, 0.50970536, 0.5124711, 0.5137661, 0.5085591, 0.5171989, 0.5168211, 0.50957954, 0.5077717, 0.5141832, 0.5076378, 0.5186686, 0.51933604, 0.5003599, 0.50024825, 0.513203, 0.51386476, 0.5060719, 0.50292104, 0.5014585, 0.50129855, 0.50176215, 0.507784, 0.511747, 0.51740223, 0.50123286, 0.5009206, 0.5176321, 0.5124778, 0.51625746, 0.5013749, 0.52006346, 0.5208992, 0.5193721, 0.51133174, 0.51102614, 0.5139165, 0.51344854, 0.5125925, 0.5126293, 0.5005994, 0.5159914, 0.51729435, 0.5156483, 0.5158623, 0.5107922, 0.50287193, 0.51831967, 0.51851916, 0.5184914, 0.51475376, 0.5167439, 0.5203815, 0.5173929, 0.51270634, 0.512621, 0.5125766, 0.51262957, 0.5169141, 0.5136628, 0.50295687, 0.5005047, 0.5134588, 0.5166779, 0.5139323, 0.51670873, 0.5166601, 0.5169482, 0.515099, 0.5138667, 0.50066465, 0.5207626, 0.5209567, 0.5211661, 0.5007555, 0.5043644, 0.5042826, 0.50733733, 0.51763064, 0.51183474, 0.5098541, 0.5056762, 0.51966614, 0.5193085, 0.51630074, 0.50878966, 0.51629394, 0.5172909, 0.51675546, 0.52125514, 0.5110815, 0.50989467, 0.51029724, 0.51681757, 0.51497227, 0.51488346, 0.5119381, 0.5082375, 0.51134384, 0.51143944, 0.51233107, 0.5120415, 0.51232386, 0.5112631, 0.5100667, 0.5021402, 0.5160547, 0.5155866, 0.503869, 0.50421053, 0.514948, 0.50756896, 0.5125152, 0.51734626, 0.51706374, 0.51481223, 0.51341695, 0.5118723, 0.50846136, 0.5017206, 0.5029327, 0.5111514, 0.5132972, 0.51328367, 0.5042411, 0.5199877, 0.5176965, 0.5166093, 0.5019131, 0.49982643, 0.5152927, 0.5149292, 0.5189795, 0.51285213, 0.5125845, 0.5124051, 0.50067896, 0.50405365, 0.5057254, 0.51925504, 0.51602876, 0.5168996, 0.51213187, 0.51080984, 0.5104659, 0.500734, 0.5119936, 0.5151391, 0.518964, 0.5109504, 0.5161991, 0.5182368, 0.51894593, 0.5199677, 0.5145451, 0.5185949, 0.51848143, 0.51789546, 0.5056496, 0.5134372, 0.51742053, 0.50468266]
[0.5141979, 0.5154065, 0.5163609, 0.51333183, 0.51406914, 0.5118035, 0.5117858, 0.51511323, 0.5046473, 0.50318015, 0.5038354, 0.5122956, 0.514869, 0.5106115, 0.50700456, 0.51440823, 0.51273155, 0.51607084, 0.5150439, 0.5096632, 0.510419, 0.5135942, 0.516011, 0.5130094, 0.51668, 0.51319146, 0.51045144, 0.5082741, 0.50131273, 0.50155926, 0.5153263, 0.50637186, 0.5094931, 0.50226545, 0.5082919, 0.50907063, 0.516781, 0.5005134, 0.50006694, 0.5123335, 0.51018566, 0.50962406, 0.5100853, 0.5098763, 0.5152808, 0.5139858, 0.50846285, 0.5115397, 0.5107391, 0.5103018, 0.5164661, 0.5139061, 0.5098213, 0.51459897, 0.5159443, 0.5127392, 0.51675934, 0.50851953, 0.51407146, 0.5144611, 0.51432693, 0.5097118, 0.5090806, 0.5080541, 0.51448613, 0.5131038, 0.5128468, 0.5016406, 0.5085134, 0.51053846, 0.5096125, 0.510027, 0.5126979, 0.5066864, 0.50226414, 0.51342857, 0.51457196, 0.5132069, 0.50723964, 0.50917625, 0.51249427, 0.51412994, 0.51178455, 0.5089893, 0.50940937, 0.5095378, 0.50932205, 0.5090984, 0.50169235, 0.5012443, 0.50046825, 0.500151, 0.50066763, 0.5008325, 0.5082507, 0.5124377, 0.5130645, 0.515781, 0.51514685, 0.51366127, 0.51350826, 0.51382303, 0.5090565, 0.5170303, 0.51717454, 0.51620823, 0.5093105, 0.517414, 0.5097618, 0.5163374, 0.51625437, 0.50897056, 0.51135105, 0.510359, 0.5131151, 0.5101101, 0.50124604, 0.5008626, 0.51437813, 0.51218134, 0.5031758, 0.50056386, 0.51477826, 0.5025514, 0.51498926, 0.5102359, 0.51537275, 0.5110233, 0.5011383, 0.5008525, 0.51645374, 0.50960934, 0.5173568, 0.515092, 0.5138722, 0.5084971, 0.5116809, 0.5113389, 0.5081633, 0.514323, 0.5138537, 0.5091799, 0.50718, 0.5113964, 0.5082666, 0.5153539, 0.5158964, 0.5051926, 0.50373906, 0.51164126, 0.51245433, 0.5037448, 0.5012827, 0.5005016, 0.50014794, 0.50325644, 0.50791174, 0.5106593, 0.5147762, 0.5008414, 0.5034386, 0.51470417, 0.51108336, 0.5137112, 0.50104296, 0.5170284, 0.5170916, 0.5158408, 0.5103771, 0.50993264, 0.5120777, 0.51130927, 0.5098937, 0.51113087, 0.5002824, 0.51301634, 0.5140853, 0.5133504, 0.5133348, 0.5091681, 0.5009787, 0.5149005, 0.5144988, 0.51464236, 0.5125758, 0.51416427, 0.5166931, 0.5139639, 0.5107134, 0.5103088, 0.5113534, 0.511102, 0.5139244, 0.5114944, 0.50390255, 0.5023447, 0.5114312, 0.51369095, 0.51213336, 0.5138191, 0.5141258, 0.51429576, 0.51191205, 0.5117891, 0.5015783, 0.5171476, 0.51724035, 0.5171787, 0.5004174, 0.50239056, 0.5072186, 0.5076788, 0.5144531, 0.5100909, 0.5089775, 0.5071963, 0.5159929, 0.51577467, 0.5131051, 0.50859356, 0.51356643, 0.51401407, 0.51371783, 0.51739085, 0.50940514, 0.50875944, 0.50912917, 0.51349086, 0.5122943, 0.51213956, 0.5101502, 0.50836056, 0.51028174, 0.51075757, 0.511169, 0.5103185, 0.51096165, 0.509891, 0.50904304, 0.5036907, 0.51259285, 0.51217777, 0.5043147, 0.5059385, 0.5125559, 0.5072677, 0.5107395, 0.5139506, 0.5137046, 0.51228404, 0.51129264, 0.5102271, 0.5078147, 0.50059783, 0.50391644, 0.5095405, 0.51112515, 0.51130146, 0.5052941, 0.51601464, 0.514152, 0.5133445, 0.5002476, 0.5018375, 0.5126476, 0.51262856, 0.5153028, 0.51107484, 0.51089257, 0.51082104, 0.5009276, 0.5024935, 0.50586724, 0.5160564, 0.512686, 0.5140985, 0.5101223, 0.50930184, 0.50901246, 0.5003112, 0.5096407, 0.5122364, 0.51528174, 0.509586, 0.51345515, 0.51486045, 0.5155262, 0.5164414, 0.511996, 0.515394, 0.51529515, 0.5147898, 0.5063816, 0.51188153, 0.51461416, 0.50493073]
[0.5134476, 0.51407224, 0.5154907, 0.5125619, 0.5130089, 0.51130044, 0.5101681, 0.51442105, 0.5061578, 0.5024622, 0.5028409, 0.51237583, 0.51347727, 0.5100148, 0.50642574, 0.51323587, 0.5118584, 0.51534986, 0.5133986, 0.5084946, 0.50878805, 0.51221627, 0.51454955, 0.51146585, 0.51587707, 0.5126043, 0.5103137, 0.5082424, 0.50123334, 0.50133485, 0.5147448, 0.5050213, 0.5085493, 0.5005897, 0.5056583, 0.5072697, 0.5153356, 0.50119823, 0.50053596, 0.51270634, 0.5107376, 0.5104779, 0.51027715, 0.50901693, 0.51459086, 0.5134286, 0.50629145, 0.51069176, 0.50940496, 0.50919604, 0.5158928, 0.51315343, 0.5090877, 0.5138176, 0.5150502, 0.5108349, 0.516087, 0.508803, 0.5136585, 0.5140941, 0.51365006, 0.50904024, 0.50963396, 0.50662214, 0.5143058, 0.5122353, 0.5111028, 0.49980766, 0.50856036, 0.5089731, 0.5083017, 0.5090461, 0.5127272, 0.50480413, 0.50071615, 0.51254386, 0.5139821, 0.5127503, 0.50741446, 0.50840384, 0.51116866, 0.5138738, 0.5102979, 0.5078196, 0.5084288, 0.50794166, 0.50715685, 0.5087099, 0.501432, 0.49992645, 0.49985966, 0.5003218, 0.5007945, 0.50019914, 0.50845915, 0.5117487, 0.5122729, 0.5149392, 0.51347995, 0.51324934, 0.513119, 0.5134497, 0.50810933, 0.5161531, 0.51610106, 0.514981, 0.509126, 0.516192, 0.5085664, 0.5153891, 0.51573336, 0.5082406, 0.5105421, 0.5102004, 0.51166093, 0.5082065, 0.50089073, 0.5004492, 0.51354706, 0.5113106, 0.502719, 0.5000023, 0.51354295, 0.5009371, 0.5143299, 0.50885785, 0.51444286, 0.51171154, 0.50157404, 0.4998968, 0.5158415, 0.509148, 0.5163574, 0.5134682, 0.5130283, 0.5076662, 0.5107751, 0.5115827, 0.5073913, 0.51311684, 0.5127333, 0.50914246, 0.507052, 0.5113377, 0.5074286, 0.5147087, 0.5147824, 0.50224644, 0.5015317, 0.51037735, 0.51110667, 0.5036581, 0.5013012, 0.5004241, 0.500575, 0.5007843, 0.5069856, 0.5091701, 0.5127013, 0.501558, 0.5033415, 0.51332533, 0.5092364, 0.5119783, 0.50260985, 0.5156628, 0.51636225, 0.5154119, 0.5089709, 0.50825846, 0.5116743, 0.51006263, 0.5098804, 0.509772, 0.49987516, 0.513246, 0.5133169, 0.51141334, 0.51146144, 0.50903803, 0.50124687, 0.51334363, 0.5140436, 0.51411617, 0.5117323, 0.51304704, 0.51563, 0.5133429, 0.51054335, 0.51073116, 0.51116955, 0.5100682, 0.5130072, 0.5104882, 0.5035432, 0.5026019, 0.51034355, 0.5128357, 0.51148194, 0.51325685, 0.5132514, 0.51348007, 0.5119504, 0.5112182, 0.50111425, 0.5164553, 0.5164457, 0.5163758, 0.50086623, 0.5033257, 0.5060495, 0.5057578, 0.51378536, 0.5093434, 0.5087285, 0.50632966, 0.51500463, 0.51505816, 0.51215225, 0.50784886, 0.5128862, 0.5137694, 0.5132166, 0.5163701, 0.5089135, 0.5081754, 0.50859386, 0.5130003, 0.5121371, 0.51220745, 0.5102643, 0.50790846, 0.50874954, 0.5105753, 0.5110148, 0.5101046, 0.5098147, 0.5087516, 0.5073654, 0.5020359, 0.5123758, 0.5118936, 0.50354445, 0.5038394, 0.511646, 0.5062748, 0.51036495, 0.5131489, 0.51281536, 0.5118025, 0.5107322, 0.5097059, 0.50682914, 0.5008049, 0.50069815, 0.5081757, 0.50978047, 0.50999486, 0.5063095, 0.5153879, 0.5134072, 0.51271856, 0.4997505, 0.50265205, 0.51251036, 0.511846, 0.5140685, 0.51030177, 0.51011693, 0.50993186, 0.49978295, 0.5027092, 0.5028769, 0.51487756, 0.51262414, 0.5131785, 0.51033705, 0.5086365, 0.50840485, 0.500274, 0.5088923, 0.51133376, 0.51459056, 0.5083351, 0.5122478, 0.5142809, 0.514386, 0.51535624, 0.5110918, 0.5149669, 0.51380414, 0.513111, 0.50426275, 0.51064265, 0.5137145, 0.50338674]
[0.5123403, 0.5126142, 0.5143039, 0.5112583, 0.5119325, 0.510587, 0.5095941, 0.51275796, 0.503428, 0.5024575, 0.5036087, 0.51058626, 0.512644, 0.50887686, 0.5056204, 0.51183724, 0.51023066, 0.5133477, 0.51261866, 0.5076276, 0.5083218, 0.51156473, 0.5134055, 0.5105172, 0.51425743, 0.5111953, 0.50944644, 0.50702906, 0.50112224, 0.50178707, 0.5132685, 0.5035756, 0.50752413, 0.5011519, 0.50539833, 0.5061137, 0.51383024, 0.5015799, 0.50075686, 0.51132, 0.5084807, 0.50855976, 0.5085636, 0.5081111, 0.51324385, 0.5126649, 0.5066592, 0.5095338, 0.50843656, 0.5081192, 0.5143219, 0.5119592, 0.50747514, 0.5122545, 0.5136455, 0.5098715, 0.51453817, 0.50723666, 0.51212037, 0.5124082, 0.5117433, 0.50827634, 0.50750977, 0.5058193, 0.5128146, 0.5108361, 0.5104493, 0.5005224, 0.50716144, 0.5078867, 0.5073015, 0.5078142, 0.51098186, 0.50418663, 0.50083643, 0.51164156, 0.51238465, 0.5108507, 0.5052871, 0.5073974, 0.51037836, 0.5121647, 0.5098082, 0.50669026, 0.50708115, 0.50706077, 0.50690293, 0.5074048, 0.50219786, 0.5003114, 0.50001514, 0.5009154, 0.5013994, 0.5012459, 0.5063616, 0.51046574, 0.5113144, 0.5132873, 0.5125091, 0.5113501, 0.5112381, 0.5118149, 0.5070076, 0.5142082, 0.5147915, 0.5134575, 0.50791717, 0.5146557, 0.5071971, 0.51398236, 0.513998, 0.5070426, 0.50922877, 0.50882673, 0.5106357, 0.5073105, 0.5014069, 0.50140923, 0.5120562, 0.5096704, 0.501182, 0.5002607, 0.5123008, 0.5028848, 0.5127625, 0.5081769, 0.5130278, 0.50933486, 0.5010135, 0.5006101, 0.5139895, 0.5082057, 0.5149099, 0.5126489, 0.51179016, 0.5060029, 0.50950575, 0.5097472, 0.50593835, 0.51174074, 0.5113856, 0.50767833, 0.5060526, 0.51030004, 0.50602543, 0.5132951, 0.5130201, 0.5019716, 0.50131965, 0.50925386, 0.5095109, 0.50496364, 0.50208193, 0.50077116, 0.5005908, 0.5019366, 0.50635576, 0.5083039, 0.5120756, 0.50120866, 0.5022056, 0.5123088, 0.508878, 0.5116229, 0.50257885, 0.5140024, 0.51457, 0.51378447, 0.50835073, 0.50753766, 0.5098688, 0.50936115, 0.5089801, 0.50851357, 0.5003129, 0.5113696, 0.51235056, 0.51111245, 0.5111074, 0.50724447, 0.50173396, 0.5122312, 0.51240396, 0.51296014, 0.51082313, 0.51197165, 0.5142566, 0.51221365, 0.50889647, 0.50905323, 0.5096499, 0.5090026, 0.512391, 0.5090641, 0.5029765, 0.5011976, 0.50936925, 0.51194555, 0.5099462, 0.5116466, 0.5120612, 0.5123631, 0.5100621, 0.5099542, 0.5015019, 0.51447326, 0.5147332, 0.5145661, 0.50047904, 0.50396574, 0.50407875, 0.5054983, 0.51223576, 0.50808007, 0.5077035, 0.50500464, 0.5136182, 0.5134323, 0.51073426, 0.5059426, 0.51140004, 0.511907, 0.5116188, 0.51466846, 0.507558, 0.5061846, 0.50674516, 0.5111453, 0.5106122, 0.51058257, 0.50872004, 0.50661397, 0.5077424, 0.5085905, 0.508881, 0.5088617, 0.50903744, 0.507878, 0.50717574, 0.5030417, 0.5107104, 0.51014477, 0.5025046, 0.5039504, 0.51076853, 0.50551844, 0.509067, 0.5118579, 0.5114477, 0.50989264, 0.508659, 0.5077124, 0.5054355, 0.5013449, 0.5017828, 0.50754225, 0.50910884, 0.50923145, 0.5035577, 0.51375407, 0.5119821, 0.51132685, 0.5007677, 0.5012529, 0.511215, 0.51043385, 0.5130938, 0.50864506, 0.50836366, 0.50826687, 0.5004097, 0.50362056, 0.50307715, 0.51349527, 0.5116488, 0.5116908, 0.5084537, 0.50778055, 0.5075099, 0.5004869, 0.507532, 0.51070774, 0.51320994, 0.50776297, 0.51125145, 0.51286346, 0.5129204, 0.5138294, 0.51004446, 0.51341003, 0.5125915, 0.51242733, 0.5037976, 0.50935686, 0.5128074, 0.50346905]
[0.51434344, 0.5152089, 0.51564986, 0.5122259, 0.513516, 0.51067513, 0.5097956, 0.5146735, 0.50430053, 0.5009621, 0.50189626, 0.5116657, 0.5136387, 0.50965756, 0.506585, 0.512673, 0.5117804, 0.51554537, 0.51414555, 0.50835437, 0.5092017, 0.5119368, 0.51507455, 0.5117684, 0.5162479, 0.51245856, 0.5106209, 0.50781375, 0.5029183, 0.5037858, 0.5150315, 0.5052669, 0.5083952, 0.5003307, 0.5052581, 0.50668424, 0.51554185, 0.5028236, 0.50259495, 0.51244104, 0.5103839, 0.51025635, 0.5101873, 0.5089835, 0.5145994, 0.5128024, 0.50648767, 0.5102802, 0.5093191, 0.5097556, 0.515921, 0.512606, 0.5092817, 0.51369554, 0.51538175, 0.5104766, 0.51578075, 0.5080317, 0.51384145, 0.51414794, 0.5139849, 0.5089165, 0.5093864, 0.5066696, 0.51440835, 0.5121935, 0.5119271, 0.50113845, 0.50787044, 0.50938845, 0.5084962, 0.5094783, 0.51300144, 0.50399196, 0.5004658, 0.51210105, 0.5141424, 0.5126427, 0.507171, 0.5082683, 0.5115347, 0.5137867, 0.5109284, 0.5077661, 0.50794375, 0.5078983, 0.50740415, 0.5088651, 0.50373226, 0.50142103, 0.501741, 0.50260836, 0.5029659, 0.5026896, 0.5075218, 0.5107293, 0.51236707, 0.51505077, 0.51406384, 0.51296693, 0.51281863, 0.51312464, 0.50772953, 0.51634514, 0.5163597, 0.5154266, 0.508855, 0.5171077, 0.5085159, 0.51589704, 0.5159029, 0.5080386, 0.5104243, 0.50944394, 0.5121417, 0.50865537, 0.5007707, 0.50281733, 0.5140529, 0.51140046, 0.5003909, 0.5018511, 0.51411384, 0.5003869, 0.5144408, 0.5090748, 0.51479465, 0.5106733, 0.50056016, 0.50128573, 0.5159526, 0.5082285, 0.51643014, 0.51411915, 0.51314336, 0.5072578, 0.5108322, 0.51134115, 0.5071483, 0.5127539, 0.51299304, 0.5078038, 0.5064921, 0.51097494, 0.50672466, 0.5150231, 0.5148448, 0.50145376, 0.50017273, 0.5104429, 0.51095855, 0.50708944, 0.5031412, 0.5016498, 0.5017253, 0.50030637, 0.50665456, 0.50912094, 0.51299787, 0.5013654, 0.5021936, 0.5134627, 0.50892925, 0.5115623, 0.50046706, 0.51585937, 0.5162637, 0.5154936, 0.50899726, 0.50779855, 0.51129514, 0.5099721, 0.50920826, 0.5098414, 0.5015477, 0.51282203, 0.51259345, 0.5115751, 0.5116526, 0.5085793, 0.5030923, 0.5138384, 0.51388603, 0.514418, 0.51129586, 0.51313055, 0.51590025, 0.5132984, 0.5098312, 0.5102971, 0.5108717, 0.51003695, 0.5124586, 0.51080304, 0.5032267, 0.5005103, 0.5103778, 0.5129338, 0.5114791, 0.5132428, 0.51305777, 0.51325697, 0.5114109, 0.511013, 0.5005031, 0.516665, 0.5164305, 0.51659495, 0.502248, 0.5054646, 0.50488853, 0.5049409, 0.5141584, 0.5095944, 0.5072384, 0.5048617, 0.5156111, 0.5147361, 0.5121261, 0.5067799, 0.5127086, 0.5134901, 0.51312363, 0.5169245, 0.50899637, 0.5077386, 0.5081906, 0.513233, 0.5118707, 0.5118577, 0.50942254, 0.5065434, 0.5087585, 0.5099107, 0.5107781, 0.50921875, 0.509727, 0.5087627, 0.507851, 0.5007834, 0.51269466, 0.51172006, 0.5014667, 0.5039021, 0.5111542, 0.50586957, 0.5102546, 0.51337177, 0.5130168, 0.51155263, 0.51051223, 0.509346, 0.5067931, 0.5025659, 0.501359, 0.50842947, 0.5100656, 0.5101658, 0.50526404, 0.51588994, 0.5138325, 0.51295274, 0.5022606, 0.50026506, 0.5122967, 0.5122495, 0.5146382, 0.5100224, 0.5099887, 0.51025057, 0.5005797, 0.5048977, 0.5035016, 0.5151077, 0.51245487, 0.51349187, 0.51012826, 0.50782436, 0.5078343, 0.5024336, 0.5092876, 0.5115018, 0.51479596, 0.508375, 0.5123616, 0.51439965, 0.5152031, 0.51597977, 0.51114106, 0.51514965, 0.5146776, 0.51399654, 0.5023516, 0.5105677, 0.51336896, 0.50285864]
[0.5146258, 0.5161662, 0.5166398, 0.5135003, 0.5145748, 0.511502, 0.51107043, 0.51495093, 0.50246763, 0.50270075, 0.5026977, 0.51206267, 0.51498646, 0.51031387, 0.50580955, 0.51406395, 0.5128519, 0.5162164, 0.5150694, 0.50922906, 0.51028544, 0.5129182, 0.51592195, 0.5130361, 0.51704895, 0.5131259, 0.5112137, 0.50773525, 0.50202835, 0.5023039, 0.51593775, 0.50414497, 0.5093635, 0.5008679, 0.50432014, 0.50552475, 0.51631355, 0.5020413, 0.5016768, 0.5124047, 0.5113716, 0.51117504, 0.51046246, 0.5091275, 0.51582354, 0.51381457, 0.5056168, 0.5116167, 0.51061994, 0.5102141, 0.51679146, 0.51334405, 0.5094186, 0.51464635, 0.51581293, 0.5121532, 0.51678294, 0.50845236, 0.5145829, 0.51494676, 0.51416606, 0.5094953, 0.50969446, 0.50678027, 0.51502293, 0.51289016, 0.51294684, 0.50061214, 0.50791, 0.5098687, 0.50912356, 0.5098598, 0.5137659, 0.5044245, 0.5002271, 0.5135104, 0.5149103, 0.5133188, 0.50795555, 0.5090949, 0.5127282, 0.51464933, 0.5119784, 0.50793284, 0.5085729, 0.5083243, 0.5081108, 0.5090285, 0.50242716, 0.5011992, 0.50087005, 0.5013978, 0.5018567, 0.5018319, 0.5083042, 0.51195186, 0.51335335, 0.5158077, 0.51486623, 0.51339763, 0.51338303, 0.5140921, 0.50770813, 0.51705253, 0.51756775, 0.5160627, 0.50953114, 0.5177374, 0.5089081, 0.51685137, 0.5170045, 0.50861216, 0.5109356, 0.50943774, 0.51313066, 0.5094172, 0.5002454, 0.5023417, 0.514727, 0.5120113, 0.5004839, 0.5014318, 0.5152412, 0.50067097, 0.5151836, 0.50982636, 0.5153784, 0.51164836, 0.5005715, 0.5008019, 0.51689374, 0.50939214, 0.517468, 0.51492244, 0.5142926, 0.50830114, 0.5115415, 0.5112712, 0.5071592, 0.51408964, 0.5142031, 0.5082082, 0.5057372, 0.51194745, 0.50645924, 0.5157794, 0.5157379, 0.50053734, 0.50094134, 0.5109957, 0.51178205, 0.5045685, 0.5022003, 0.5013999, 0.50107145, 0.50096047, 0.50675225, 0.5099306, 0.5141406, 0.50131416, 0.5004143, 0.51455724, 0.51070887, 0.5130691, 0.50048804, 0.5165424, 0.5171733, 0.51633364, 0.50978804, 0.50890374, 0.5114973, 0.51129687, 0.51053125, 0.5106022, 0.50111836, 0.5136327, 0.5141087, 0.5130787, 0.5130741, 0.5091216, 0.5022696, 0.51483023, 0.5151467, 0.5150416, 0.51244456, 0.5140656, 0.51693696, 0.51430225, 0.51076156, 0.51080936, 0.51131, 0.51064914, 0.5137488, 0.511855, 0.50324905, 0.5006566, 0.5111821, 0.51388156, 0.5120981, 0.51355106, 0.5139848, 0.5141614, 0.5121319, 0.51147795, 0.50032604, 0.517465, 0.5177196, 0.5174483, 0.50120574, 0.5034201, 0.50480294, 0.5065313, 0.5145067, 0.51034796, 0.5078232, 0.50369304, 0.5165771, 0.5159466, 0.51350415, 0.5081475, 0.5136539, 0.5143253, 0.51362425, 0.5173879, 0.50996965, 0.5084036, 0.50881505, 0.5141436, 0.51298106, 0.51265806, 0.5101729, 0.506461, 0.50938225, 0.5105825, 0.5111067, 0.51028305, 0.51055706, 0.5093099, 0.5083006, 0.50091434, 0.51337427, 0.51291466, 0.5022784, 0.5044534, 0.51232594, 0.5067079, 0.51068836, 0.51429456, 0.5140523, 0.5125313, 0.51138765, 0.5101652, 0.5071564, 0.50158477, 0.50109434, 0.5090008, 0.5106297, 0.510955, 0.50348574, 0.5165296, 0.51469594, 0.51382536, 0.5014614, 0.50048685, 0.5131111, 0.5126872, 0.5153159, 0.51055557, 0.51046467, 0.5106011, 0.5006329, 0.5033634, 0.5035539, 0.5154963, 0.5135583, 0.514245, 0.5109049, 0.50895727, 0.5084976, 0.50147486, 0.5098703, 0.51248854, 0.51558685, 0.50954205, 0.5130945, 0.5148814, 0.5162476, 0.5165712, 0.51206696, 0.51561654, 0.5156352, 0.51505375, 0.50470173, 0.5112561, 0.5148776, 0.5035922]
[0.5113889, 0.51259613, 0.5129304, 0.5109939, 0.5109665, 0.50940084, 0.5077965, 0.51183033, 0.50212574, 0.5017756, 0.502833, 0.50912184, 0.5116419, 0.5080861, 0.50440544, 0.5117361, 0.5101007, 0.5130452, 0.51192576, 0.505824, 0.50718427, 0.5104938, 0.51297224, 0.5099826, 0.5135768, 0.5103603, 0.508183, 0.5049257, 0.5050768, 0.5053651, 0.51255804, 0.50324714, 0.5067731, 0.5018518, 0.5021519, 0.5045565, 0.5130929, 0.505384, 0.5043917, 0.50980234, 0.5091245, 0.50851965, 0.5080231, 0.50798285, 0.5124421, 0.5108498, 0.5039425, 0.50907, 0.5081793, 0.50799704, 0.5135299, 0.5105234, 0.50716776, 0.5113564, 0.51283354, 0.50896394, 0.51353234, 0.5064205, 0.5115813, 0.5118085, 0.5116351, 0.5070018, 0.5070494, 0.50452834, 0.51158196, 0.509943, 0.50983626, 0.50303435, 0.50549924, 0.50743425, 0.50703454, 0.50783867, 0.510836, 0.50329494, 0.50082195, 0.51087314, 0.5118904, 0.5104518, 0.50639397, 0.5075628, 0.5096165, 0.51100135, 0.508869, 0.50642914, 0.50667787, 0.50587296, 0.50462186, 0.5066944, 0.5058285, 0.5026405, 0.5028707, 0.5034794, 0.5042851, 0.50392, 0.50569487, 0.5096654, 0.51000184, 0.512646, 0.51147157, 0.51099473, 0.51089644, 0.51112974, 0.5062553, 0.51406264, 0.5140436, 0.5129379, 0.5069062, 0.5143948, 0.5063613, 0.5133013, 0.5133326, 0.50559044, 0.50775105, 0.5073909, 0.5097128, 0.50658786, 0.5014766, 0.5048994, 0.5114361, 0.5090253, 0.50164056, 0.50418615, 0.51123464, 0.50165325, 0.51187885, 0.507013, 0.511873, 0.5086322, 0.5010151, 0.50264215, 0.51334924, 0.50711805, 0.5143465, 0.5119478, 0.51066226, 0.50504124, 0.5078219, 0.5090116, 0.50518745, 0.51147234, 0.5108934, 0.5058897, 0.5034797, 0.5091898, 0.5058588, 0.512688, 0.5133772, 0.501155, 0.50283307, 0.508493, 0.50895023, 0.5097825, 0.50580645, 0.504552, 0.504106, 0.5016892, 0.5034047, 0.5076056, 0.5107523, 0.5046599, 0.5018813, 0.51159966, 0.5078273, 0.5102654, 0.5021313, 0.51350474, 0.5136912, 0.5124407, 0.50751424, 0.50658196, 0.5093137, 0.50805074, 0.5081209, 0.50802463, 0.50405735, 0.5103705, 0.51063377, 0.5096137, 0.5097523, 0.506579, 0.5054867, 0.5116702, 0.5120486, 0.51210195, 0.5093412, 0.51084965, 0.5134646, 0.51142, 0.5082483, 0.50822836, 0.50855404, 0.50795364, 0.51068795, 0.50916386, 0.50312215, 0.5017275, 0.50850576, 0.5106888, 0.50860804, 0.51127607, 0.5104347, 0.5109395, 0.5100376, 0.5088532, 0.5018685, 0.51382005, 0.51404107, 0.51395696, 0.50345117, 0.5080041, 0.5027915, 0.5039829, 0.5121041, 0.5078084, 0.50642055, 0.5040385, 0.5130549, 0.5125957, 0.5103495, 0.50594765, 0.5108964, 0.5113215, 0.51046836, 0.5139794, 0.5067295, 0.50619054, 0.5066406, 0.5110688, 0.5092232, 0.5092428, 0.5078573, 0.50465906, 0.5071315, 0.5075295, 0.5080931, 0.50759095, 0.50766164, 0.5073093, 0.50566804, 0.5009402, 0.51039225, 0.5098424, 0.50176775, 0.5027963, 0.5096084, 0.50495714, 0.5081875, 0.51138693, 0.5110266, 0.5095484, 0.5086697, 0.5078309, 0.50467986, 0.5044683, 0.5016107, 0.50645196, 0.5083167, 0.50853574, 0.50332206, 0.5133327, 0.51187336, 0.5110052, 0.5031288, 0.5008618, 0.5099209, 0.510045, 0.5119336, 0.5089617, 0.5087339, 0.50778574, 0.5021511, 0.5071424, 0.50170135, 0.51257676, 0.5100095, 0.510903, 0.50791204, 0.50661474, 0.50545263, 0.50314003, 0.5076292, 0.5089329, 0.5126754, 0.5070619, 0.5103209, 0.5121589, 0.51273376, 0.513249, 0.50897926, 0.5122065, 0.5129546, 0.51236117, 0.5033386, 0.50845903, 0.5118843, 0.5028509]
[0.51480997, 0.5159324, 0.5173013, 0.513732, 0.51400334, 0.5123054, 0.5111643, 0.5153663, 0.5022383, 0.50056636, 0.5026608, 0.5115184, 0.5150201, 0.510237, 0.5057256, 0.51511645, 0.5124376, 0.51621604, 0.5152335, 0.50815725, 0.5094513, 0.51414984, 0.51604164, 0.51276934, 0.517291, 0.51332533, 0.51114345, 0.5080742, 0.50497854, 0.5048626, 0.5162291, 0.50301546, 0.50875247, 0.50251025, 0.504489, 0.5059669, 0.5167344, 0.5049665, 0.5041681, 0.51186204, 0.5099176, 0.51031774, 0.5098613, 0.5096068, 0.5161227, 0.5150296, 0.5072509, 0.51150244, 0.5101209, 0.5103309, 0.5174942, 0.51344246, 0.50920594, 0.51445043, 0.5164148, 0.511706, 0.5174934, 0.5084089, 0.5150696, 0.51535344, 0.5143527, 0.5093769, 0.50880635, 0.50623304, 0.51500726, 0.5128384, 0.5125688, 0.503183, 0.5081867, 0.5094532, 0.508742, 0.5096584, 0.5129516, 0.5035154, 0.5022459, 0.5138633, 0.5151516, 0.51313955, 0.50662386, 0.5093586, 0.5122608, 0.5146326, 0.51198804, 0.5074002, 0.5084417, 0.507454, 0.50697994, 0.50844747, 0.5058316, 0.5030141, 0.5030986, 0.50387657, 0.5039739, 0.50389344, 0.5081547, 0.5123235, 0.51323366, 0.51611125, 0.5153639, 0.5138166, 0.5136276, 0.5140606, 0.5085015, 0.51788145, 0.51791084, 0.5164943, 0.5094208, 0.5182747, 0.5083406, 0.5171499, 0.5169574, 0.5078795, 0.51053214, 0.50983685, 0.512767, 0.5088585, 0.50273365, 0.50532204, 0.5149772, 0.5118034, 0.501207, 0.5035242, 0.514738, 0.5012751, 0.5154625, 0.50942034, 0.51569307, 0.51132923, 0.5016157, 0.5030052, 0.5174255, 0.50958335, 0.51769483, 0.51499194, 0.5142708, 0.50743806, 0.51080227, 0.5117417, 0.507454, 0.5146305, 0.5140326, 0.5084695, 0.5057275, 0.51164764, 0.5067819, 0.5159034, 0.5160224, 0.5008907, 0.5020113, 0.51095563, 0.51140875, 0.50873315, 0.5059816, 0.5046013, 0.50496507, 0.50172323, 0.5072641, 0.509447, 0.5146579, 0.5036339, 0.50131494, 0.5149001, 0.5110405, 0.514121, 0.5019798, 0.5170694, 0.5175728, 0.5167415, 0.5096959, 0.50837487, 0.51186186, 0.5109537, 0.50990885, 0.51003534, 0.5039767, 0.51347625, 0.51488316, 0.51311404, 0.51311207, 0.5084758, 0.505345, 0.5146378, 0.5153272, 0.5154002, 0.5128171, 0.51434386, 0.51698905, 0.514867, 0.5106083, 0.510754, 0.5110761, 0.5103503, 0.51431847, 0.5109788, 0.5016911, 0.5019686, 0.51117235, 0.5139765, 0.5110318, 0.51392686, 0.5142642, 0.5143466, 0.5118637, 0.5116989, 0.501561, 0.51781386, 0.5178189, 0.5173802, 0.5035749, 0.5076991, 0.50391227, 0.50649995, 0.5148687, 0.50939405, 0.5088881, 0.50394994, 0.51677257, 0.5162294, 0.51327777, 0.507677, 0.513772, 0.5147481, 0.5136731, 0.5179414, 0.5090445, 0.5073132, 0.5080915, 0.51388675, 0.5128645, 0.5126248, 0.5100725, 0.5078649, 0.5092885, 0.51015, 0.5108225, 0.5103807, 0.5105499, 0.50952923, 0.5087255, 0.501408, 0.513156, 0.51235014, 0.50067806, 0.5032335, 0.51285404, 0.5068547, 0.5107246, 0.5142798, 0.5137331, 0.51193017, 0.5105606, 0.5093322, 0.50634027, 0.50476, 0.50121915, 0.5083649, 0.5102972, 0.5105053, 0.50447273, 0.516592, 0.5145692, 0.5135613, 0.5036698, 0.50098777, 0.51346296, 0.5125682, 0.51549107, 0.51083297, 0.51036835, 0.50982165, 0.50222385, 0.5070045, 0.50126237, 0.5159292, 0.51391643, 0.51415753, 0.510358, 0.50852674, 0.5086086, 0.5039337, 0.5094342, 0.5118947, 0.5161552, 0.50867915, 0.5131786, 0.5156669, 0.51613563, 0.51664025, 0.5120436, 0.5160027, 0.5159114, 0.51513743, 0.50209373, 0.5112182, 0.51564807, 0.5026511]
[0.517931, 0.51938015, 0.5213532, 0.516508, 0.51723236, 0.5150835, 0.5139245, 0.51906973, 0.5045542, 0.5010353, 0.501516, 0.5152186, 0.5186448, 0.5131408, 0.50680614, 0.5176781, 0.5154155, 0.52066433, 0.5191231, 0.51076204, 0.5117459, 0.5165741, 0.52054363, 0.51540077, 0.52167577, 0.51600933, 0.51281804, 0.509385, 0.50023675, 0.5008739, 0.5197357, 0.504287, 0.5108648, 0.49875838, 0.50652593, 0.50929743, 0.52081794, 0.5006409, 0.5000298, 0.5156248, 0.51253843, 0.5126438, 0.51212156, 0.51113546, 0.51966, 0.51806164, 0.50787306, 0.5136966, 0.51258254, 0.5115356, 0.5212931, 0.5175136, 0.5110051, 0.5186622, 0.520299, 0.51470166, 0.5218658, 0.5100926, 0.518066, 0.51853555, 0.51775676, 0.5111908, 0.5111832, 0.5077509, 0.51881564, 0.51579607, 0.5156066, 0.49876377, 0.50937724, 0.5118142, 0.51052195, 0.5115948, 0.51628155, 0.50609726, 0.50020045, 0.51696926, 0.5187309, 0.51643664, 0.50791425, 0.51005566, 0.5149195, 0.5181039, 0.51377773, 0.5094492, 0.5099953, 0.5097527, 0.5089932, 0.51064676, 0.50091904, 0.49928707, 0.49926382, 0.4999637, 0.50039685, 0.50029266, 0.508452, 0.51496464, 0.5165315, 0.5198081, 0.5185332, 0.51689047, 0.5166496, 0.51759464, 0.509945, 0.5217669, 0.52238995, 0.5204907, 0.5107639, 0.52245957, 0.5107603, 0.5210145, 0.5214422, 0.5096865, 0.5131771, 0.51274043, 0.5159343, 0.5109444, 0.4996024, 0.50037736, 0.51780075, 0.5146258, 0.5000946, 0.49910003, 0.5187575, 0.50151896, 0.51926965, 0.51137847, 0.5191359, 0.5136079, 0.49984413, 0.49871057, 0.52120453, 0.5112277, 0.5224107, 0.51872873, 0.5176019, 0.50871885, 0.514105, 0.51431555, 0.50817627, 0.51747835, 0.5172394, 0.51035917, 0.5075724, 0.51405025, 0.508039, 0.52006394, 0.52055633, 0.5013468, 0.50102895, 0.51369065, 0.5144047, 0.50311077, 0.5008486, 0.49993658, 0.49947116, 0.5005441, 0.50750947, 0.5118363, 0.5180974, 0.4993647, 0.5003348, 0.5183029, 0.51251155, 0.5168624, 0.50118035, 0.52124316, 0.5220289, 0.5202774, 0.51125675, 0.51068294, 0.5146588, 0.5135105, 0.5123382, 0.5127524, 0.4995687, 0.5172774, 0.51799, 0.5158988, 0.5162118, 0.5100347, 0.50032187, 0.51837754, 0.518502, 0.5191745, 0.5154786, 0.5176952, 0.5214119, 0.517645, 0.5134654, 0.513152, 0.5136517, 0.5126454, 0.51732206, 0.5136222, 0.50287044, 0.50090194, 0.5135525, 0.51715785, 0.5148606, 0.5174494, 0.51754177, 0.51791435, 0.5156049, 0.514848, 0.4999739, 0.5221891, 0.5223792, 0.52212805, 0.49950328, 0.5023054, 0.5059614, 0.5070511, 0.51862586, 0.51205194, 0.50994176, 0.50647193, 0.52046007, 0.52033174, 0.5163192, 0.50838, 0.5166257, 0.51755524, 0.5174036, 0.5224012, 0.51089096, 0.50946933, 0.5099152, 0.5173548, 0.51529765, 0.51525176, 0.51230025, 0.5086954, 0.5113079, 0.5129471, 0.513647, 0.5124585, 0.5123771, 0.5109648, 0.50950044, 0.501358, 0.5157839, 0.5149201, 0.5023575, 0.5046267, 0.51504195, 0.50714195, 0.5127356, 0.5178578, 0.51708275, 0.51507705, 0.5132809, 0.5116868, 0.50744915, 0.50006694, 0.50024927, 0.51065904, 0.51294434, 0.51343405, 0.5048948, 0.52080995, 0.5180619, 0.5168587, 0.49967226, 0.4999099, 0.5158709, 0.515713, 0.519365, 0.51288235, 0.5127227, 0.51243573, 0.49888834, 0.50213164, 0.5037044, 0.52013797, 0.5160802, 0.5173997, 0.51254535, 0.5105268, 0.50963914, 0.49997026, 0.5113469, 0.5148543, 0.51983637, 0.510818, 0.51668507, 0.51875514, 0.5197858, 0.5208733, 0.5146636, 0.51986706, 0.51914936, 0.5182204, 0.5054882, 0.5138659, 0.51861185, 0.5034968]
[0.5113283, 0.5125613, 0.51328886, 0.51112145, 0.5108095, 0.5094236, 0.5081469, 0.511835, 0.5014031, 0.501999, 0.5022437, 0.50890225, 0.51178914, 0.5078405, 0.5027851, 0.51165146, 0.5100478, 0.5127823, 0.5124698, 0.5061355, 0.50729764, 0.5111793, 0.51293707, 0.5101413, 0.5130211, 0.5104202, 0.5085702, 0.50560033, 0.50381726, 0.50478804, 0.51255023, 0.5027099, 0.50691146, 0.501139, 0.5026857, 0.5039988, 0.5129005, 0.5043628, 0.503778, 0.5099417, 0.5084698, 0.50862086, 0.5073305, 0.507486, 0.5126474, 0.5115445, 0.5053879, 0.5093759, 0.50820816, 0.5077458, 0.51324326, 0.51052046, 0.50712776, 0.51166856, 0.5128633, 0.5091257, 0.5135448, 0.50517976, 0.5115798, 0.51203066, 0.5111467, 0.50737065, 0.5067825, 0.5040229, 0.5114484, 0.5101201, 0.5098208, 0.50288457, 0.5052167, 0.50762844, 0.506954, 0.5074579, 0.51073724, 0.50353485, 0.50065523, 0.5110982, 0.51179737, 0.51043004, 0.50479776, 0.5075899, 0.5097578, 0.5110654, 0.5094118, 0.5053996, 0.506306, 0.5060687, 0.5051264, 0.5069317, 0.5047759, 0.50250316, 0.50154155, 0.50314593, 0.5036977, 0.50403047, 0.50613135, 0.5097888, 0.5101585, 0.512444, 0.51193637, 0.51080215, 0.51075745, 0.5110281, 0.5057936, 0.5138716, 0.5139798, 0.5128738, 0.50698495, 0.5141691, 0.50658286, 0.5132364, 0.5131536, 0.50644326, 0.508015, 0.5067264, 0.51009864, 0.5076183, 0.50235635, 0.5042394, 0.51164126, 0.5098005, 0.5014437, 0.5030395, 0.51149994, 0.5010556, 0.5121156, 0.5072622, 0.5116154, 0.50872695, 0.50091785, 0.5022116, 0.5133484, 0.50733566, 0.51404184, 0.5121379, 0.51094186, 0.5055255, 0.5076256, 0.5085677, 0.5051889, 0.5112397, 0.5108993, 0.5058445, 0.50354284, 0.5089645, 0.50468135, 0.5121945, 0.51258165, 0.50183976, 0.5022201, 0.508507, 0.50901675, 0.5073606, 0.5054392, 0.50384957, 0.5038834, 0.50075465, 0.50443184, 0.5076616, 0.5115419, 0.50454456, 0.5014854, 0.51171803, 0.50814354, 0.5110905, 0.50137925, 0.5131007, 0.51356214, 0.51245624, 0.50769496, 0.50721866, 0.50939935, 0.508548, 0.50790554, 0.5082441, 0.50332624, 0.51042753, 0.5113581, 0.5102333, 0.51032424, 0.50660944, 0.5054043, 0.5121084, 0.51192987, 0.5119703, 0.5098078, 0.5109832, 0.5132575, 0.5115234, 0.5080998, 0.5080293, 0.50769335, 0.50819415, 0.51098055, 0.50861424, 0.5010867, 0.5008348, 0.5084324, 0.5106839, 0.50873977, 0.5112603, 0.51101935, 0.5110417, 0.5100346, 0.5087327, 0.5013869, 0.5136985, 0.51379406, 0.51370233, 0.5018835, 0.5062173, 0.50154996, 0.5044081, 0.5117321, 0.5074629, 0.50643384, 0.5034948, 0.51293385, 0.5126801, 0.51062876, 0.50621736, 0.510958, 0.51139605, 0.5108986, 0.51397413, 0.50586694, 0.5060741, 0.50646913, 0.5110823, 0.5095012, 0.50928205, 0.50779426, 0.5045027, 0.5074566, 0.5070778, 0.5078594, 0.5073217, 0.50790393, 0.5072108, 0.50642604, 0.50042033, 0.510169, 0.509697, 0.5010844, 0.5024382, 0.5097333, 0.50461495, 0.50818586, 0.5113479, 0.5110167, 0.5096939, 0.5087387, 0.50779176, 0.5046836, 0.5043482, 0.5009599, 0.5070903, 0.50872815, 0.508875, 0.5016942, 0.51328444, 0.51171887, 0.5109388, 0.50391173, 0.50169396, 0.509645, 0.5099227, 0.51237094, 0.5085009, 0.508235, 0.5076944, 0.5007095, 0.50615895, 0.50212365, 0.5126981, 0.51007974, 0.5109034, 0.507326, 0.5068716, 0.5064863, 0.502313, 0.5078583, 0.50962174, 0.51274407, 0.50699884, 0.5105898, 0.5119911, 0.5128124, 0.5132458, 0.5094625, 0.51241314, 0.51247287, 0.51201516, 0.503285, 0.5085757, 0.5115387, 0.5015124]
[0.5146585, 0.51678866, 0.51747644, 0.51458925, 0.51445055, 0.5119771, 0.51017356, 0.51599014, 0.50133663, 0.50172573, 0.5014436, 0.5119266, 0.5159588, 0.5107291, 0.50346863, 0.51558065, 0.5130546, 0.5174372, 0.5163921, 0.5082796, 0.50997674, 0.514153, 0.5176232, 0.5132365, 0.517981, 0.5135324, 0.51081055, 0.5068356, 0.500239, 0.50042903, 0.516347, 0.5036008, 0.50825965, 0.49901894, 0.5027482, 0.50639415, 0.5174258, 0.5002125, 0.4999264, 0.5127979, 0.51072186, 0.5109854, 0.5101581, 0.5101633, 0.5166975, 0.51437426, 0.50676167, 0.51176745, 0.5101532, 0.50975305, 0.5179457, 0.51423275, 0.5094969, 0.5150075, 0.517159, 0.5116305, 0.5182557, 0.5072734, 0.5149709, 0.5154825, 0.5149269, 0.50941527, 0.5088444, 0.50581914, 0.51524276, 0.51291883, 0.51306105, 0.49964073, 0.50666016, 0.5099128, 0.50892454, 0.5103937, 0.5143732, 0.5039408, 0.49951744, 0.5142303, 0.5152856, 0.51346827, 0.50814193, 0.5097721, 0.5131179, 0.5147733, 0.51209235, 0.50849676, 0.5086305, 0.5081026, 0.5066827, 0.5088686, 0.50046176, 0.49949077, 0.49960384, 0.49989918, 0.50012064, 0.5000487, 0.50745267, 0.5126112, 0.51304245, 0.5166965, 0.51608485, 0.514514, 0.51440847, 0.5150181, 0.50678045, 0.5188808, 0.5189722, 0.5173359, 0.5088548, 0.5190873, 0.5088242, 0.5180857, 0.5176755, 0.50782806, 0.5108799, 0.5095212, 0.51303613, 0.5094454, 0.49897042, 0.500061, 0.51528573, 0.51218784, 0.49901935, 0.49955836, 0.51536953, 0.49900255, 0.51602834, 0.50908196, 0.5159096, 0.5111733, 0.49919865, 0.49909338, 0.5182842, 0.5086694, 0.51897293, 0.5158057, 0.5139993, 0.5074839, 0.51047766, 0.51136494, 0.5061164, 0.51525635, 0.5143698, 0.507538, 0.5042718, 0.5117427, 0.5070432, 0.5164753, 0.5172596, 0.49951553, 0.4993087, 0.51067823, 0.5114649, 0.50200355, 0.50037193, 0.49982548, 0.49982768, 0.49894115, 0.5044415, 0.50998014, 0.5147999, 0.5003265, 0.49920282, 0.51538205, 0.5103823, 0.5137768, 0.49910086, 0.5176448, 0.51841277, 0.51659536, 0.5097351, 0.5089728, 0.51248586, 0.5111575, 0.50992024, 0.51067364, 0.49974847, 0.5136164, 0.51477504, 0.51294476, 0.5133707, 0.50837684, 0.50030965, 0.5161626, 0.5156645, 0.5160416, 0.5119472, 0.51421136, 0.5181808, 0.51525015, 0.51096815, 0.5109136, 0.51092845, 0.51084, 0.5145893, 0.51149267, 0.5011108, 0.49926218, 0.51145226, 0.51422745, 0.5115627, 0.51430374, 0.5143592, 0.514488, 0.5131494, 0.51193374, 0.49907142, 0.51860505, 0.51855236, 0.51857775, 0.4998556, 0.50123906, 0.50320524, 0.50485957, 0.51596004, 0.5093549, 0.50834656, 0.50399494, 0.51744074, 0.5165551, 0.51350695, 0.5076956, 0.5144406, 0.5146767, 0.51379246, 0.51866245, 0.50881, 0.5081961, 0.5089635, 0.51442885, 0.51197076, 0.51152587, 0.5097365, 0.50539434, 0.50939244, 0.5099389, 0.5105355, 0.50958216, 0.5099264, 0.5089029, 0.50767857, 0.49945402, 0.5134534, 0.51229584, 0.5005054, 0.50282204, 0.5125987, 0.5049621, 0.5106931, 0.51497483, 0.51453984, 0.51237315, 0.5111357, 0.5098283, 0.5069012, 0.49999833, 0.49943376, 0.50856465, 0.51098424, 0.5111564, 0.50271434, 0.5177253, 0.51543975, 0.51454616, 0.49989286, 0.49924743, 0.5127581, 0.5128576, 0.51585275, 0.5110491, 0.51074505, 0.50976, 0.4993996, 0.5010916, 0.50193614, 0.5166304, 0.51291764, 0.5143909, 0.5100248, 0.50862855, 0.50797147, 0.49949667, 0.5098442, 0.5116803, 0.5165997, 0.50891215, 0.51339185, 0.5158364, 0.51716626, 0.51750433, 0.51202273, 0.51630497, 0.5174665, 0.5169531, 0.50441164, 0.51127297, 0.51565546, 0.5030511]
[0.51276195, 0.51349556, 0.51439655, 0.51179767, 0.51225066, 0.51044375, 0.5096018, 0.513086, 0.5048673, 0.50326186, 0.5031022, 0.51124203, 0.5128638, 0.5092957, 0.50504774, 0.51234645, 0.5108309, 0.51424927, 0.51267076, 0.5081158, 0.50876087, 0.5113601, 0.51408, 0.51073694, 0.51474124, 0.5113951, 0.5102558, 0.5073202, 0.499286, 0.49945843, 0.5137762, 0.5041092, 0.50759995, 0.5019543, 0.50531524, 0.5063302, 0.5145045, 0.49911797, 0.49972185, 0.5112884, 0.50961107, 0.5097514, 0.50947887, 0.5083592, 0.51376635, 0.5123688, 0.5053186, 0.51021135, 0.5093135, 0.50898695, 0.5149065, 0.51194954, 0.5085286, 0.512879, 0.5140356, 0.51005405, 0.5148555, 0.507773, 0.5126379, 0.51295227, 0.5126247, 0.5082799, 0.50844306, 0.5064226, 0.5132487, 0.5113047, 0.5107523, 0.5011952, 0.5075792, 0.5085937, 0.5082102, 0.50873584, 0.5119696, 0.5047353, 0.501461, 0.5118457, 0.5129139, 0.5118187, 0.50654817, 0.5078727, 0.5110012, 0.5127505, 0.5099369, 0.5073618, 0.5077934, 0.50746244, 0.50684685, 0.508271, 0.49974263, 0.50077796, 0.5002061, 0.49945492, 0.4991182, 0.4990542, 0.50723386, 0.5107768, 0.5115753, 0.5139372, 0.5131275, 0.5123122, 0.51214206, 0.5126162, 0.5075382, 0.5150522, 0.5154453, 0.51409227, 0.50832886, 0.5155022, 0.5077721, 0.51468545, 0.5144945, 0.507493, 0.50958914, 0.50891364, 0.5112196, 0.50781333, 0.5016865, 0.49936768, 0.5127449, 0.5105739, 0.50268537, 0.50062376, 0.5129941, 0.50194925, 0.51326704, 0.50815594, 0.51339597, 0.5101213, 0.5017065, 0.5009658, 0.5150677, 0.5086661, 0.5154523, 0.51279056, 0.5119851, 0.5066037, 0.50981, 0.51051533, 0.50612366, 0.5125805, 0.5120412, 0.5076171, 0.5062702, 0.51046985, 0.5069117, 0.513998, 0.51343274, 0.502431, 0.501624, 0.50971556, 0.51027036, 0.5025669, 0.49935532, 0.49962252, 0.5000832, 0.5024521, 0.5064124, 0.50881255, 0.5118976, 0.5015223, 0.50288427, 0.5126902, 0.5090208, 0.5112087, 0.5019007, 0.5147446, 0.5152414, 0.51442146, 0.5087624, 0.5078389, 0.5108317, 0.5095387, 0.50910455, 0.50915, 0.5004564, 0.51228744, 0.5121319, 0.51095533, 0.51099956, 0.50809276, 0.49904066, 0.5124733, 0.5129018, 0.51341444, 0.51097846, 0.51220065, 0.51468545, 0.5126396, 0.50955075, 0.5096256, 0.510101, 0.5095984, 0.5121616, 0.51000595, 0.50395393, 0.5025424, 0.5098657, 0.5120143, 0.5106798, 0.5123719, 0.5124069, 0.51225126, 0.51068604, 0.51071435, 0.5015468, 0.51536435, 0.5154379, 0.5150665, 0.4999717, 0.50151175, 0.50586754, 0.5056337, 0.5130352, 0.5087432, 0.5075798, 0.505268, 0.5143528, 0.51395315, 0.51130366, 0.5074146, 0.5121377, 0.51286435, 0.51207113, 0.51550585, 0.5084075, 0.50738394, 0.5075989, 0.51191956, 0.51125455, 0.5113165, 0.50955534, 0.5068892, 0.5080274, 0.5101466, 0.5103543, 0.50921196, 0.509294, 0.5083337, 0.507373, 0.5023654, 0.5117739, 0.510952, 0.5035414, 0.5045084, 0.51069283, 0.5056388, 0.509585, 0.5121539, 0.5118633, 0.51087815, 0.50986147, 0.5085182, 0.50588447, 0.4992009, 0.50222343, 0.5076213, 0.50932395, 0.5094663, 0.5051023, 0.514643, 0.5127605, 0.5120678, 0.4996965, 0.5023461, 0.51154345, 0.5112251, 0.51339597, 0.50934446, 0.50928265, 0.50912905, 0.5014197, 0.50117415, 0.50425935, 0.51372623, 0.5120775, 0.512414, 0.5096202, 0.50780886, 0.5074941, 0.5000144, 0.5079772, 0.510657, 0.5136363, 0.50799197, 0.51140004, 0.5134034, 0.5138218, 0.5146276, 0.5103989, 0.5138302, 0.5135914, 0.5130841, 0.5046297, 0.5098597, 0.513122, 0.50367284]
[0.51204646, 0.5131456, 0.51356536, 0.51134825, 0.5116364, 0.5100415, 0.5090313, 0.51261526, 0.50501543, 0.5032108, 0.50364715, 0.51048666, 0.51220894, 0.508808, 0.50535166, 0.512102, 0.51056474, 0.51350695, 0.51261836, 0.50774443, 0.50861907, 0.5108864, 0.5133245, 0.5109529, 0.51390815, 0.51103497, 0.50946933, 0.50697106, 0.50067395, 0.5009638, 0.5129818, 0.50448275, 0.5074728, 0.5014063, 0.50461364, 0.5064445, 0.5136114, 0.50078875, 0.5003725, 0.5104882, 0.5093576, 0.50952464, 0.5093285, 0.5089361, 0.51298773, 0.51122624, 0.5059002, 0.50965387, 0.5089703, 0.5087769, 0.51368207, 0.5114726, 0.50836146, 0.5120864, 0.51335603, 0.50976807, 0.51390153, 0.5075419, 0.5121358, 0.5124077, 0.51206046, 0.5079067, 0.5083232, 0.50607854, 0.51243836, 0.51081264, 0.5105652, 0.50039995, 0.5071148, 0.50841945, 0.50795627, 0.50874853, 0.5118125, 0.5048358, 0.50170726, 0.5110405, 0.5123828, 0.51101816, 0.5076122, 0.50840634, 0.5105791, 0.5121712, 0.5098052, 0.50754124, 0.5073886, 0.50696075, 0.5061473, 0.5079142, 0.50105953, 0.50057477, 0.5004256, 0.4999227, 0.50029176, 0.5000726, 0.50704676, 0.5102872, 0.5109468, 0.5132058, 0.5123646, 0.5115003, 0.5115447, 0.51188934, 0.5070536, 0.5142394, 0.5145474, 0.5135724, 0.5081188, 0.5146273, 0.5076309, 0.5136617, 0.51392806, 0.50743425, 0.5092066, 0.50818616, 0.510662, 0.5076939, 0.50165755, 0.4999761, 0.51219225, 0.5104662, 0.50175285, 0.49980932, 0.5123269, 0.5020033, 0.51248634, 0.50799, 0.51272553, 0.5096473, 0.5029129, 0.501122, 0.5141337, 0.5077792, 0.51450187, 0.51273197, 0.51140493, 0.50648504, 0.5091566, 0.5100083, 0.506266, 0.5117685, 0.5118652, 0.50751823, 0.5052786, 0.5100092, 0.5072535, 0.51296294, 0.5132647, 0.5026873, 0.50099224, 0.5091264, 0.509351, 0.50312394, 0.5007031, 0.49975199, 0.49986157, 0.5017284, 0.50550246, 0.50833756, 0.5111829, 0.49965423, 0.5018892, 0.5122056, 0.5086536, 0.51068985, 0.5013761, 0.51381767, 0.5142849, 0.51350707, 0.50807446, 0.5077459, 0.51042175, 0.5093257, 0.5089986, 0.5089835, 0.4998402, 0.51151514, 0.5116141, 0.51043457, 0.5106074, 0.50769013, 0.50112313, 0.5123591, 0.5124407, 0.51256853, 0.5100971, 0.51144433, 0.5140596, 0.51203936, 0.50962377, 0.50947803, 0.50953037, 0.5089566, 0.51165205, 0.5098569, 0.504553, 0.5013595, 0.5096327, 0.51141065, 0.50996494, 0.5113019, 0.5114123, 0.5116908, 0.5107003, 0.51007617, 0.5009964, 0.51426995, 0.5143397, 0.51438755, 0.49987808, 0.5024293, 0.5046466, 0.5053488, 0.51265115, 0.5086134, 0.50769085, 0.5056342, 0.513767, 0.5134139, 0.51111275, 0.50739163, 0.51151115, 0.51201534, 0.51115704, 0.51441467, 0.5081189, 0.50738615, 0.5076298, 0.5116963, 0.51056284, 0.5102484, 0.5089461, 0.5062372, 0.5078865, 0.50867534, 0.50917983, 0.5085857, 0.5085164, 0.5080373, 0.5072133, 0.5029047, 0.5111989, 0.5108559, 0.5032501, 0.50460845, 0.5102931, 0.5059941, 0.5092431, 0.5117373, 0.5117015, 0.5104373, 0.50965136, 0.50864077, 0.50632596, 0.5001938, 0.50169975, 0.5074817, 0.50897473, 0.50918996, 0.5053626, 0.5140208, 0.51237065, 0.51167446, 0.49964738, 0.50161093, 0.51083755, 0.51063186, 0.5126647, 0.50928664, 0.5092779, 0.50875324, 0.5012819, 0.5018487, 0.50444347, 0.51296335, 0.5110942, 0.51176566, 0.50926834, 0.507587, 0.5071366, 0.4997929, 0.5082347, 0.5098158, 0.51284707, 0.50791097, 0.51112515, 0.51254326, 0.51316935, 0.51348525, 0.51007295, 0.5129303, 0.5134287, 0.5129762, 0.5053002, 0.50935954, 0.51203215, 0.504977]
[0.51484984, 0.51540005, 0.5157978, 0.51322, 0.5140399, 0.51109576, 0.50972265, 0.51431173, 0.5034492, 0.5034151, 0.5042098, 0.5118723, 0.5137923, 0.5090689, 0.5051519, 0.5133021, 0.5121618, 0.5153022, 0.5143743, 0.5076048, 0.50849116, 0.51222235, 0.5151462, 0.5122242, 0.5162003, 0.5134244, 0.511385, 0.50673455, 0.50152856, 0.501768, 0.5154466, 0.5047512, 0.5082811, 0.5014627, 0.5039133, 0.50513643, 0.5154914, 0.50125366, 0.5006595, 0.5123457, 0.51037735, 0.509992, 0.5110716, 0.50755405, 0.51496917, 0.51373214, 0.5049795, 0.5111733, 0.50999814, 0.5099525, 0.51598895, 0.5127912, 0.50822014, 0.51425475, 0.5153596, 0.51106066, 0.51593924, 0.5070898, 0.5145615, 0.5145504, 0.5131945, 0.50746876, 0.50909716, 0.5047867, 0.5145768, 0.5121197, 0.5119676, 0.50195897, 0.5070397, 0.5081199, 0.5070251, 0.5078498, 0.5132697, 0.50412923, 0.50164276, 0.5130195, 0.51509625, 0.51345754, 0.506082, 0.5078779, 0.51132, 0.5135307, 0.5111145, 0.5061408, 0.5072832, 0.5066387, 0.5065062, 0.50806224, 0.50205594, 0.5007705, 0.50071985, 0.50058955, 0.50079083, 0.5002794, 0.5068352, 0.511219, 0.51280844, 0.51516914, 0.51432765, 0.5130633, 0.51284933, 0.51355845, 0.5067431, 0.5164713, 0.5167829, 0.5156411, 0.5083608, 0.5172955, 0.507674, 0.5156353, 0.51605207, 0.50722516, 0.5099191, 0.50828236, 0.5125664, 0.50756747, 0.5017888, 0.5011901, 0.51437306, 0.5119924, 0.5013901, 0.50044125, 0.5142491, 0.50233805, 0.5148345, 0.5088012, 0.51450664, 0.5110533, 0.50158316, 0.50034237, 0.51603144, 0.50900924, 0.5167524, 0.5142964, 0.51394075, 0.5070174, 0.50966704, 0.5116367, 0.50658035, 0.51337594, 0.5130941, 0.50731146, 0.50557303, 0.51159734, 0.50580186, 0.5149159, 0.51515925, 0.5017195, 0.50050616, 0.5102843, 0.5112746, 0.5041888, 0.5020889, 0.50145763, 0.501222, 0.5018573, 0.50620925, 0.5085213, 0.51320755, 0.5002611, 0.5023291, 0.5141217, 0.50947857, 0.5120647, 0.5012522, 0.51584786, 0.51625204, 0.51552105, 0.50890416, 0.50790167, 0.51115245, 0.510594, 0.5103458, 0.50966525, 0.5005158, 0.51325196, 0.51402104, 0.5121581, 0.5121997, 0.50809175, 0.50159264, 0.5138464, 0.5147514, 0.51451266, 0.51173973, 0.51323754, 0.51655614, 0.51418525, 0.50928193, 0.5098607, 0.51008904, 0.50923264, 0.5129828, 0.5106722, 0.5029182, 0.5016529, 0.51009935, 0.51313144, 0.5105997, 0.5135006, 0.5129882, 0.5132607, 0.5114216, 0.51027167, 0.5013411, 0.51680577, 0.5165161, 0.5165195, 0.5004174, 0.5031907, 0.50322014, 0.50413626, 0.51441306, 0.5095476, 0.50733066, 0.5043124, 0.5156086, 0.5155809, 0.512814, 0.50671387, 0.5129766, 0.5139699, 0.51344657, 0.51712245, 0.50827444, 0.50658303, 0.5070271, 0.5134535, 0.5122984, 0.5119385, 0.5094794, 0.50651455, 0.50783706, 0.50836384, 0.50947213, 0.5092272, 0.50986266, 0.5083833, 0.50730485, 0.5024249, 0.51284844, 0.5122595, 0.5027291, 0.50360286, 0.5116868, 0.50514334, 0.5096757, 0.5140923, 0.51338196, 0.5119892, 0.510652, 0.509006, 0.50548, 0.50121444, 0.5021939, 0.5078016, 0.51007146, 0.51042736, 0.5039869, 0.5160225, 0.51429766, 0.5134553, 0.50069493, 0.5020255, 0.51264095, 0.5124698, 0.5148391, 0.51061314, 0.5103697, 0.5096796, 0.50223815, 0.5028458, 0.502757, 0.51496273, 0.51353943, 0.51334757, 0.50921583, 0.5074908, 0.5070473, 0.5003569, 0.50945103, 0.51260257, 0.51512706, 0.50815827, 0.51272357, 0.51483124, 0.5148805, 0.515919, 0.5119125, 0.5151996, 0.5149981, 0.5142466, 0.50332195, 0.5100341, 0.51384395, 0.503104]
[0.51452065, 0.5148639, 0.51679415, 0.5127798, 0.51375407, 0.5118623, 0.51047665, 0.5151131, 0.5045203, 0.50245184, 0.50363827, 0.5127252, 0.5141708, 0.51010644, 0.50580335, 0.51354533, 0.5122258, 0.51605767, 0.5140549, 0.50827074, 0.508458, 0.5130331, 0.5154972, 0.5118212, 0.51723534, 0.5132637, 0.51081836, 0.5074532, 0.500968, 0.5011249, 0.51588213, 0.50373113, 0.508451, 0.5003216, 0.5048336, 0.5059545, 0.51644063, 0.50043464, 0.4998069, 0.5134828, 0.5107403, 0.51036215, 0.510375, 0.5083609, 0.5154235, 0.5146962, 0.5056793, 0.5110052, 0.50917524, 0.5094983, 0.5168507, 0.5134709, 0.50881183, 0.51478577, 0.51599276, 0.5107587, 0.5171547, 0.5093698, 0.5146722, 0.5149826, 0.5142243, 0.5090932, 0.5097023, 0.50548804, 0.5154433, 0.51279634, 0.5118417, 0.5014911, 0.5083824, 0.50847137, 0.5077621, 0.5085038, 0.51290864, 0.5028784, 0.5009422, 0.51317203, 0.5149375, 0.5133955, 0.5063411, 0.5073151, 0.5114343, 0.5143908, 0.51045597, 0.5070389, 0.5080768, 0.5076287, 0.5073989, 0.50833404, 0.5014806, 0.49961406, 0.49978134, 0.4998931, 0.5003899, 0.49999094, 0.508067, 0.5120334, 0.5130152, 0.5156553, 0.5141624, 0.5135386, 0.513392, 0.5141726, 0.5081101, 0.5168561, 0.5171738, 0.5157892, 0.50898075, 0.5174402, 0.5077628, 0.5166473, 0.5167011, 0.5073957, 0.51056576, 0.51047873, 0.5122596, 0.5076186, 0.5012997, 0.5001697, 0.5146184, 0.5112048, 0.5007472, 0.49968806, 0.5142153, 0.5013455, 0.5151377, 0.50885326, 0.5153994, 0.51204145, 0.50096726, 0.49942726, 0.5167194, 0.5097828, 0.51749235, 0.51422894, 0.5142927, 0.5073526, 0.5112793, 0.512461, 0.50762904, 0.5136974, 0.5133558, 0.5088638, 0.5067393, 0.51185375, 0.505874, 0.51608294, 0.5155614, 0.5012554, 0.5007396, 0.5108317, 0.51143825, 0.50332683, 0.5011965, 0.5002792, 0.5004132, 0.5014172, 0.50751895, 0.50953496, 0.51342255, 0.5013077, 0.5021699, 0.5140169, 0.50929135, 0.51255953, 0.50244135, 0.5169664, 0.5173345, 0.51618975, 0.50881326, 0.50761974, 0.5114678, 0.51063615, 0.5099261, 0.5095238, 0.5001366, 0.513611, 0.5139909, 0.5119226, 0.51176804, 0.5084741, 0.5005913, 0.5136846, 0.5150588, 0.51521325, 0.51218545, 0.51390046, 0.5171032, 0.51380277, 0.51029927, 0.51078826, 0.5120532, 0.51026285, 0.51379013, 0.5105219, 0.5028564, 0.5011247, 0.51077825, 0.5133656, 0.5117611, 0.51378024, 0.5139349, 0.51423997, 0.51185465, 0.51118773, 0.5007633, 0.51744723, 0.51768446, 0.5174732, 0.50044745, 0.5027352, 0.50424963, 0.5043697, 0.51449615, 0.50930023, 0.5083403, 0.5043575, 0.5156522, 0.5158733, 0.5126956, 0.5062865, 0.5134638, 0.5140715, 0.51385236, 0.51748574, 0.50887376, 0.5063817, 0.5065829, 0.5137567, 0.5127388, 0.51261055, 0.51030433, 0.50750446, 0.5082078, 0.5104617, 0.5109786, 0.5108343, 0.51050246, 0.50878507, 0.50745445, 0.50222737, 0.51308054, 0.51212186, 0.50233084, 0.5033099, 0.51232445, 0.5059096, 0.51029104, 0.5142007, 0.51339704, 0.51185817, 0.51048106, 0.5093073, 0.50468504, 0.5006174, 0.5008562, 0.5081295, 0.51017356, 0.51051426, 0.50407505, 0.5159773, 0.5140277, 0.5131166, 0.4999838, 0.501834, 0.5131878, 0.51243716, 0.51527005, 0.5099386, 0.5097861, 0.5101425, 0.49938962, 0.5024016, 0.5022899, 0.5160317, 0.5135105, 0.51374125, 0.51002, 0.5083742, 0.5081739, 0.5002758, 0.5088745, 0.5118628, 0.5155564, 0.5085694, 0.5131385, 0.51504964, 0.5149468, 0.5160734, 0.5117011, 0.51605666, 0.5139478, 0.51348966, 0.50312096, 0.5103216, 0.5145994, 0.50215596]
[0.5165719, 0.5180666, 0.5198593, 0.51538366, 0.51635915, 0.51412743, 0.5124731, 0.5180164, 0.5028541, 0.50223583, 0.5032739, 0.5138853, 0.5176201, 0.51164466, 0.5051283, 0.5169819, 0.51468056, 0.51912564, 0.51774997, 0.5092072, 0.51154435, 0.51683855, 0.51877904, 0.514565, 0.51997346, 0.5150138, 0.51247466, 0.50755084, 0.5028717, 0.50350356, 0.5187656, 0.50357914, 0.5094937, 0.5005411, 0.5050593, 0.5074613, 0.5194268, 0.5021298, 0.50165176, 0.51478463, 0.5121066, 0.51213187, 0.51115805, 0.5118335, 0.51836896, 0.5166623, 0.5076485, 0.5138021, 0.51214045, 0.511644, 0.5198548, 0.51599365, 0.51058525, 0.51670486, 0.5191495, 0.51339793, 0.52054065, 0.5085036, 0.51664406, 0.5172472, 0.5166661, 0.5100542, 0.5098189, 0.50721514, 0.51778746, 0.51493865, 0.514505, 0.50091857, 0.5079295, 0.5110226, 0.5103045, 0.51101035, 0.5157214, 0.50515956, 0.50037694, 0.51619613, 0.517245, 0.51532173, 0.508365, 0.5102582, 0.5145171, 0.5165216, 0.5136418, 0.50887376, 0.50941426, 0.50937515, 0.5070863, 0.5099602, 0.5033416, 0.50092196, 0.5010072, 0.5016986, 0.5022115, 0.50193673, 0.507607, 0.51438755, 0.5148312, 0.51914513, 0.51766986, 0.51608235, 0.51576465, 0.51653486, 0.50832045, 0.5203803, 0.52114415, 0.5194216, 0.51030034, 0.52058625, 0.5090194, 0.5202176, 0.51938385, 0.5087155, 0.5122275, 0.51198465, 0.5149228, 0.5099768, 0.5003387, 0.5023815, 0.51692104, 0.51376444, 0.5007543, 0.50077766, 0.5175163, 0.50019604, 0.5174215, 0.5102252, 0.51823866, 0.5127678, 0.50024927, 0.5005375, 0.52007544, 0.51022005, 0.5211525, 0.51829445, 0.51625293, 0.50611717, 0.5123803, 0.5127766, 0.5072444, 0.51694536, 0.51601046, 0.5086865, 0.50593156, 0.5132678, 0.50880647, 0.51881784, 0.51880324, 0.50104874, 0.50091016, 0.5124073, 0.5132277, 0.5059193, 0.5028464, 0.50179774, 0.5014276, 0.50103295, 0.5068089, 0.5112597, 0.5169359, 0.5022817, 0.50077564, 0.5173233, 0.51238644, 0.5162069, 0.5003498, 0.5196395, 0.5204895, 0.5193493, 0.51092094, 0.5092154, 0.51380813, 0.51272756, 0.51128155, 0.51209277, 0.50174403, 0.5159663, 0.516653, 0.51451176, 0.5146165, 0.5099869, 0.5023198, 0.5173948, 0.51732385, 0.51826584, 0.5144949, 0.5162601, 0.5197462, 0.5167846, 0.51215684, 0.5119477, 0.5128075, 0.51208955, 0.5167914, 0.51282644, 0.5033206, 0.50048536, 0.5131487, 0.5162062, 0.51363385, 0.5162837, 0.5163121, 0.5163164, 0.51475763, 0.51356536, 0.5005101, 0.5206947, 0.52091044, 0.5208107, 0.501732, 0.504719, 0.5062083, 0.505409, 0.5173822, 0.51107115, 0.5100142, 0.5061308, 0.51964474, 0.5190521, 0.515344, 0.50947803, 0.5156474, 0.51675785, 0.51549286, 0.52066994, 0.50994116, 0.50891066, 0.50985545, 0.5158355, 0.5145916, 0.514504, 0.51180685, 0.50750434, 0.5105952, 0.5123435, 0.5126963, 0.5112305, 0.51204, 0.5102944, 0.5089551, 0.5014841, 0.5149587, 0.5137009, 0.5015917, 0.50385016, 0.5146682, 0.50586957, 0.5121334, 0.51650983, 0.5164514, 0.5143611, 0.51285344, 0.51114225, 0.50571847, 0.502472, 0.50052124, 0.5091191, 0.5120535, 0.51238, 0.5053714, 0.51998746, 0.517205, 0.51599324, 0.5017692, 0.49997318, 0.51517755, 0.51497036, 0.51726204, 0.51218665, 0.5123391, 0.5112514, 0.50123054, 0.5045347, 0.5032914, 0.51852095, 0.515125, 0.5164921, 0.51213986, 0.50952494, 0.5082429, 0.5016513, 0.5097864, 0.51395893, 0.5185676, 0.5103464, 0.5153623, 0.51757544, 0.51830894, 0.5195932, 0.51381063, 0.51840264, 0.5184083, 0.51779056, 0.50478816, 0.512799, 0.5176759, 0.5035752]
[0.5149081, 0.5162386, 0.5166774, 0.5146007, 0.5148744, 0.5129473, 0.51125616, 0.515479, 0.50564164, 0.5051552, 0.5047281, 0.51264715, 0.5152649, 0.51144505, 0.50645393, 0.51569057, 0.5138055, 0.5168653, 0.51567835, 0.5097035, 0.51123506, 0.513943, 0.5167854, 0.51362765, 0.5173003, 0.5138565, 0.5117234, 0.5073266, 0.5008246, 0.5011838, 0.5161987, 0.50594336, 0.5092939, 0.5028028, 0.5059311, 0.50808847, 0.5170287, 0.50105953, 0.500416, 0.51337504, 0.512255, 0.51199543, 0.51167464, 0.511208, 0.5161, 0.5143069, 0.50705457, 0.51274306, 0.51191896, 0.5111474, 0.51711845, 0.5140513, 0.5103707, 0.51498985, 0.51672447, 0.5124154, 0.51720846, 0.5090758, 0.51479936, 0.5152863, 0.51498675, 0.50992197, 0.50993603, 0.5079251, 0.5151674, 0.51338935, 0.51339686, 0.50037146, 0.5086356, 0.5110419, 0.5102963, 0.51136094, 0.5148461, 0.50711673, 0.5025677, 0.51464933, 0.5153215, 0.5139306, 0.5095116, 0.5110298, 0.5140161, 0.5148713, 0.5124908, 0.51032823, 0.51013017, 0.51001185, 0.5070557, 0.50977516, 0.5009487, 0.5013235, 0.50157976, 0.5004422, 0.50014657, 0.50002617, 0.50880086, 0.5134203, 0.5132421, 0.51649165, 0.515569, 0.51481545, 0.51478344, 0.51513964, 0.5091514, 0.51779807, 0.51801634, 0.51668954, 0.5100739, 0.51791316, 0.5097472, 0.5171858, 0.5168518, 0.5092436, 0.5114632, 0.5109926, 0.5132479, 0.51035833, 0.5022567, 0.50021684, 0.5149812, 0.51294917, 0.50300306, 0.500213, 0.5150299, 0.50126684, 0.515472, 0.5095956, 0.5157165, 0.5120424, 0.50446236, 0.50236297, 0.5175655, 0.5104896, 0.51828736, 0.5159061, 0.5143045, 0.50817907, 0.510715, 0.51198274, 0.5074106, 0.5153389, 0.51467973, 0.5090718, 0.5056059, 0.5124904, 0.50929934, 0.51638836, 0.51680434, 0.5030432, 0.5017713, 0.5116963, 0.5124192, 0.5032889, 0.50109595, 0.50039595, 0.500025, 0.50297165, 0.50638115, 0.51108474, 0.5141195, 0.5006939, 0.5009637, 0.5155246, 0.51136994, 0.5140174, 0.5008151, 0.5172265, 0.5178188, 0.51649743, 0.5104617, 0.5093943, 0.51320577, 0.5116348, 0.51128054, 0.51147026, 0.50002515, 0.5140947, 0.5142861, 0.5130678, 0.5132451, 0.51011413, 0.5008039, 0.51542324, 0.515554, 0.5158584, 0.5128679, 0.5142669, 0.5172892, 0.51515526, 0.5121957, 0.51138216, 0.51155126, 0.51164705, 0.51473236, 0.51251125, 0.50573164, 0.50261796, 0.51224196, 0.5142681, 0.51218766, 0.5150572, 0.5139621, 0.51425064, 0.5143016, 0.51251185, 0.5020229, 0.5177206, 0.5178355, 0.5175668, 0.5000283, 0.502396, 0.5060528, 0.5075205, 0.5160092, 0.5107273, 0.5097073, 0.5075464, 0.5172252, 0.5164936, 0.51389647, 0.5095342, 0.51452875, 0.51544607, 0.51347, 0.51772517, 0.51029277, 0.5097851, 0.51012623, 0.5146068, 0.51299554, 0.5128827, 0.5110842, 0.5077003, 0.51055866, 0.5109357, 0.5116467, 0.5104372, 0.5106362, 0.50995284, 0.5087584, 0.50269693, 0.513886, 0.51345724, 0.5038975, 0.50598705, 0.51301146, 0.5073558, 0.51105034, 0.5146777, 0.5146659, 0.5131054, 0.5121617, 0.5109767, 0.5071136, 0.5001512, 0.50198406, 0.5098318, 0.51165766, 0.5119241, 0.50608957, 0.5175413, 0.515614, 0.5148921, 0.5000447, 0.5023449, 0.51320016, 0.513492, 0.51555604, 0.5120478, 0.5117215, 0.5112785, 0.501621, 0.5019309, 0.5054053, 0.5161295, 0.513058, 0.51454884, 0.51120925, 0.5094924, 0.5088288, 0.5009583, 0.51030475, 0.5121444, 0.51607716, 0.5098511, 0.5141527, 0.51563233, 0.51660544, 0.51693714, 0.51203763, 0.51604396, 0.51667064, 0.5163122, 0.5070288, 0.5116407, 0.5152045, 0.5057222]
[0.5123508, 0.5130697, 0.51402754, 0.511146, 0.51183736, 0.50968224, 0.5084155, 0.51304066, 0.5031275, 0.5016263, 0.502582, 0.5097269, 0.5124039, 0.50813377, 0.50359327, 0.51211244, 0.51010376, 0.5135667, 0.5124536, 0.50686055, 0.50754213, 0.5111294, 0.5135065, 0.5104303, 0.5140982, 0.51080155, 0.50866926, 0.5058813, 0.49871033, 0.49910492, 0.5132883, 0.50396407, 0.5071803, 0.5013135, 0.5039594, 0.50522375, 0.51382285, 0.49920383, 0.49932012, 0.51041, 0.50855476, 0.5082117, 0.50806767, 0.5074729, 0.51298624, 0.51165795, 0.50554883, 0.5095389, 0.508489, 0.50812995, 0.514322, 0.51134384, 0.50746965, 0.5120471, 0.5132926, 0.50969493, 0.51444674, 0.5063285, 0.5118065, 0.5123198, 0.5118509, 0.5066498, 0.5069113, 0.5051965, 0.51248753, 0.5105786, 0.5102899, 0.5007103, 0.5058462, 0.50777, 0.5069349, 0.507655, 0.51103306, 0.5039119, 0.50090665, 0.5116334, 0.5125376, 0.51102823, 0.50603265, 0.50692725, 0.51027113, 0.5118476, 0.5094097, 0.50630605, 0.5065415, 0.5061343, 0.5065395, 0.5068838, 0.4994794, 0.5001363, 0.49963382, 0.49894935, 0.499127, 0.49879366, 0.5059202, 0.50999445, 0.51085263, 0.51336396, 0.512531, 0.51152396, 0.51135087, 0.5119347, 0.50601745, 0.51501644, 0.51485425, 0.51351184, 0.5072732, 0.5152176, 0.5069747, 0.5143768, 0.51430225, 0.50603735, 0.5086087, 0.50814664, 0.51063746, 0.50676036, 0.5010173, 0.4989725, 0.51210034, 0.50897086, 0.50157845, 0.4996812, 0.5122258, 0.50139, 0.51274586, 0.50773644, 0.5131851, 0.5088662, 0.5008944, 0.5000048, 0.5141302, 0.5074632, 0.51508796, 0.51270896, 0.511444, 0.5057942, 0.5087566, 0.509353, 0.5053994, 0.5119057, 0.5112356, 0.5062822, 0.5046536, 0.50939435, 0.5056377, 0.5133546, 0.51374716, 0.5010307, 0.5003261, 0.5087245, 0.50962126, 0.5020212, 0.49921423, 0.4995009, 0.4998727, 0.5014901, 0.5048693, 0.5076077, 0.5116402, 0.49964067, 0.50175446, 0.51233894, 0.50827, 0.5108718, 0.50117236, 0.51416475, 0.5145923, 0.5134038, 0.5077187, 0.50674146, 0.5097196, 0.5089551, 0.50826794, 0.50821567, 0.49977836, 0.51086724, 0.5116777, 0.5104592, 0.5105063, 0.5068534, 0.49921814, 0.5126571, 0.5125142, 0.5126023, 0.5098698, 0.51146424, 0.51422215, 0.5120412, 0.5083879, 0.5084247, 0.5089956, 0.5084809, 0.51136553, 0.50921345, 0.5032584, 0.50090855, 0.50897676, 0.51150906, 0.5092987, 0.51139206, 0.5115715, 0.51195014, 0.510144, 0.50953674, 0.50138307, 0.5146111, 0.5145752, 0.51471657, 0.4996399, 0.5007656, 0.50405955, 0.50490654, 0.5124435, 0.5079815, 0.5067299, 0.5039711, 0.5138027, 0.5134667, 0.51085365, 0.50558907, 0.51109815, 0.51172155, 0.511447, 0.5149957, 0.506943, 0.50589097, 0.5062531, 0.51135963, 0.5102618, 0.5101528, 0.5079707, 0.50539553, 0.5074159, 0.5082887, 0.50846845, 0.50787824, 0.508461, 0.5075013, 0.5062086, 0.50231963, 0.5107783, 0.50994354, 0.5028788, 0.5033988, 0.5100115, 0.50474834, 0.50864863, 0.51165414, 0.511565, 0.5099924, 0.50897104, 0.5080102, 0.5056187, 0.49887684, 0.5014361, 0.5068782, 0.50871634, 0.5087563, 0.5038519, 0.5139638, 0.5120203, 0.5112936, 0.49921653, 0.5010078, 0.5108545, 0.5103293, 0.5126423, 0.5088947, 0.50861657, 0.5079824, 0.50052756, 0.50051105, 0.5030077, 0.51325774, 0.5108623, 0.51151574, 0.5082758, 0.5068177, 0.5061423, 0.4990773, 0.50749147, 0.50980836, 0.51321816, 0.5073051, 0.5106243, 0.51275724, 0.5133135, 0.5139831, 0.50946283, 0.513123, 0.5131413, 0.51267296, 0.5035194, 0.5090694, 0.5124718, 0.50297683]
[0.5111702, 0.51181436, 0.51270276, 0.51039475, 0.51055664, 0.5089518, 0.50849205, 0.5113795, 0.50356627, 0.5022488, 0.5023805, 0.5091371, 0.5111632, 0.5077002, 0.5042275, 0.51086587, 0.5093923, 0.5121065, 0.5116177, 0.50705534, 0.50751066, 0.5102195, 0.5121251, 0.5097903, 0.51254344, 0.5099266, 0.50843585, 0.5062331, 0.50230336, 0.5027198, 0.5119204, 0.5036844, 0.5068376, 0.50148684, 0.5036106, 0.50562847, 0.51217705, 0.5023783, 0.5015128, 0.5093863, 0.5081167, 0.5079973, 0.5080737, 0.5074926, 0.51201814, 0.5108962, 0.5060823, 0.50882804, 0.5080009, 0.5076613, 0.5126018, 0.5103327, 0.50701797, 0.51117074, 0.5118519, 0.50922716, 0.5127994, 0.5067357, 0.51102644, 0.5112967, 0.51060027, 0.50703794, 0.50703406, 0.50547755, 0.511394, 0.50983256, 0.50966793, 0.50075364, 0.50623435, 0.50743014, 0.5068626, 0.5074524, 0.5101305, 0.5042763, 0.5007864, 0.5103844, 0.5113306, 0.5099747, 0.5056456, 0.50709033, 0.5093284, 0.5107144, 0.50896066, 0.50612634, 0.5061044, 0.50610906, 0.5059426, 0.5069818, 0.50302356, 0.5003207, 0.5004588, 0.5011486, 0.5017859, 0.5018902, 0.5062585, 0.50955534, 0.5099915, 0.5120404, 0.51149666, 0.5103362, 0.5101476, 0.51060224, 0.5064134, 0.5129758, 0.5133169, 0.51210016, 0.50736445, 0.51335007, 0.5066907, 0.5127535, 0.51264894, 0.5065923, 0.5082998, 0.5073875, 0.5097009, 0.5073877, 0.501487, 0.50166583, 0.51133406, 0.50902164, 0.5014472, 0.50059396, 0.5112825, 0.50172603, 0.5113951, 0.5073941, 0.51146734, 0.50856584, 0.5013577, 0.5005489, 0.512821, 0.5073202, 0.5133184, 0.5114715, 0.51059914, 0.5060451, 0.5084498, 0.5090155, 0.5062143, 0.51073784, 0.5106149, 0.5066635, 0.50482285, 0.5089907, 0.50534517, 0.5118798, 0.5119203, 0.5019296, 0.500904, 0.5082082, 0.50865024, 0.5061627, 0.5023465, 0.5005094, 0.50085217, 0.5016686, 0.50579643, 0.5074515, 0.5106524, 0.50063646, 0.50205487, 0.51106983, 0.5082251, 0.51032233, 0.5012921, 0.5124571, 0.51281494, 0.512181, 0.5075291, 0.5070292, 0.50877094, 0.508573, 0.50791097, 0.5079892, 0.5004108, 0.5099768, 0.51064134, 0.50987244, 0.51000196, 0.50668716, 0.5025889, 0.5111281, 0.51143914, 0.5115725, 0.5093464, 0.5106478, 0.5127124, 0.51112854, 0.50802433, 0.50787306, 0.50824344, 0.507838, 0.51064074, 0.5086974, 0.50324893, 0.50152385, 0.50855863, 0.510442, 0.50902855, 0.51029307, 0.5107181, 0.5109789, 0.50907373, 0.50890577, 0.5012824, 0.5131371, 0.51316565, 0.5131463, 0.50060695, 0.5044778, 0.50389504, 0.50530744, 0.5112658, 0.50757504, 0.5065603, 0.5043381, 0.5125129, 0.5121538, 0.51027, 0.50627273, 0.5102985, 0.5106967, 0.5104186, 0.5130244, 0.50717676, 0.50628304, 0.50644314, 0.51041615, 0.50972086, 0.5093075, 0.5077449, 0.50541604, 0.50726515, 0.5080583, 0.5083857, 0.5076202, 0.5079727, 0.5073859, 0.5065019, 0.50247735, 0.5100412, 0.5095477, 0.50305194, 0.5036885, 0.5096921, 0.50548494, 0.50814277, 0.51078725, 0.5104157, 0.5092622, 0.50829375, 0.50743675, 0.50554127, 0.5017601, 0.50164, 0.50678015, 0.50801516, 0.5082316, 0.5034518, 0.51257527, 0.51115733, 0.510455, 0.50133085, 0.50080633, 0.50983363, 0.50951296, 0.5117882, 0.50765276, 0.50778854, 0.5074306, 0.5006926, 0.50453246, 0.50342125, 0.51187605, 0.51020855, 0.5108145, 0.5077363, 0.5069973, 0.5063171, 0.5010692, 0.5072532, 0.5094284, 0.51178634, 0.5072357, 0.5098004, 0.51159453, 0.5119626, 0.51250273, 0.50902116, 0.5119452, 0.51196915, 0.5115015, 0.50403976, 0.5083032, 0.5112258, 0.50407356]
[0.51510125, 0.51660997, 0.5173974, 0.5141279, 0.51451826, 0.51189363, 0.5109495, 0.5156871, 0.5007125, 0.5006451, 0.50158507, 0.5117409, 0.5154923, 0.510295, 0.5028732, 0.5149546, 0.51276517, 0.51693606, 0.5158685, 0.50823903, 0.50925654, 0.51389736, 0.5167564, 0.513186, 0.5175547, 0.5136999, 0.51067716, 0.5066718, 0.5044405, 0.5057089, 0.51638865, 0.50354505, 0.5084443, 0.5020279, 0.50352275, 0.50492585, 0.51725, 0.5051364, 0.5038982, 0.51254344, 0.510468, 0.51034516, 0.5094024, 0.5089184, 0.5160922, 0.5153045, 0.50634176, 0.51168835, 0.51053214, 0.5098339, 0.5176051, 0.51415217, 0.50887316, 0.515123, 0.5167257, 0.5117688, 0.5179292, 0.5077145, 0.5153306, 0.5155337, 0.51457894, 0.50900906, 0.5082396, 0.50592375, 0.51511127, 0.51335955, 0.51270354, 0.503206, 0.50709635, 0.5101262, 0.50901544, 0.5099633, 0.51387787, 0.5029888, 0.5018723, 0.5148676, 0.51561844, 0.51350164, 0.50591147, 0.5089908, 0.51261574, 0.51441157, 0.5120557, 0.5076844, 0.50818735, 0.5078501, 0.5070059, 0.50889367, 0.50583583, 0.5032133, 0.5036913, 0.5048097, 0.5051744, 0.5045479, 0.5080098, 0.51270163, 0.5137189, 0.51636887, 0.5155371, 0.51406217, 0.5140527, 0.51449883, 0.50756687, 0.51840186, 0.5185222, 0.51668644, 0.5089335, 0.5186093, 0.50886667, 0.51718956, 0.51763093, 0.507392, 0.51081806, 0.5092107, 0.5133817, 0.5077847, 0.5023798, 0.5056742, 0.5152404, 0.5116549, 0.5023986, 0.5035396, 0.51497126, 0.50148356, 0.51600903, 0.5091246, 0.515681, 0.51111054, 0.50259393, 0.5031732, 0.51743615, 0.5094171, 0.5187123, 0.5159083, 0.51424456, 0.507328, 0.5106722, 0.5113657, 0.5056818, 0.5146511, 0.5138554, 0.5073486, 0.50482047, 0.5118657, 0.5066347, 0.5162966, 0.516964, 0.50258625, 0.50296205, 0.51108104, 0.5120761, 0.51032394, 0.5054954, 0.50434303, 0.504983, 0.50192696, 0.50515157, 0.5104619, 0.5150153, 0.50443524, 0.5014887, 0.5154488, 0.5106531, 0.5140348, 0.501018, 0.5175446, 0.51779824, 0.517017, 0.50957966, 0.5088624, 0.51155967, 0.510928, 0.51044786, 0.5102767, 0.50385135, 0.51330495, 0.5149909, 0.51323026, 0.51349616, 0.5081269, 0.50463855, 0.5153999, 0.515871, 0.5157174, 0.5126935, 0.5147082, 0.5173495, 0.51473075, 0.5101052, 0.51028794, 0.5102874, 0.51050174, 0.5146158, 0.51103216, 0.500528, 0.5011056, 0.51086426, 0.5141518, 0.5113725, 0.51452476, 0.5146309, 0.5149781, 0.5125878, 0.511618, 0.5015627, 0.51789415, 0.51835096, 0.51814353, 0.50389516, 0.50774986, 0.50225526, 0.50494707, 0.5151648, 0.50954795, 0.50827724, 0.5041615, 0.5169101, 0.51649684, 0.5133224, 0.5063138, 0.5141669, 0.51429266, 0.514228, 0.518643, 0.50804865, 0.50650233, 0.5073295, 0.514466, 0.5124154, 0.5119432, 0.50991404, 0.506169, 0.50990856, 0.510167, 0.51102954, 0.50993294, 0.5104839, 0.5094512, 0.50773364, 0.50055915, 0.5134052, 0.51238245, 0.5008544, 0.50213, 0.51273, 0.50471544, 0.5103512, 0.5148627, 0.5142651, 0.51243514, 0.51082647, 0.50985, 0.5061865, 0.5048001, 0.5011312, 0.5092465, 0.5112453, 0.5115407, 0.5019652, 0.5169927, 0.5153891, 0.5143573, 0.50398964, 0.5018142, 0.5134814, 0.5132327, 0.51604664, 0.5108553, 0.51055616, 0.5098971, 0.50255644, 0.5074896, 0.5015851, 0.51667035, 0.51322114, 0.51429904, 0.5099276, 0.5081381, 0.50785905, 0.50352246, 0.51012903, 0.5125768, 0.516777, 0.5086194, 0.5138474, 0.51624024, 0.5164475, 0.5173032, 0.5120235, 0.5162456, 0.51611865, 0.5154174, 0.50308794, 0.5116901, 0.5157998, 0.5012552]
[0.5118153, 0.51235455, 0.5131133, 0.51096207, 0.51129556, 0.5096762, 0.50876695, 0.5121788, 0.50310355, 0.5022936, 0.5033129, 0.51002055, 0.5117357, 0.5085971, 0.5045669, 0.51145536, 0.5101905, 0.5126635, 0.51204973, 0.5071272, 0.5082484, 0.510719, 0.51269585, 0.51035535, 0.5132974, 0.51078194, 0.50912726, 0.50626177, 0.50316036, 0.5035912, 0.51238835, 0.50300276, 0.5067127, 0.5012352, 0.5038491, 0.5052865, 0.51293147, 0.5032886, 0.502466, 0.5102254, 0.5086356, 0.5085394, 0.5085211, 0.5075597, 0.5123234, 0.51101536, 0.50545883, 0.5095195, 0.50880957, 0.50848496, 0.5132603, 0.51088715, 0.5077208, 0.5115293, 0.5124927, 0.5093224, 0.51324576, 0.5068892, 0.5115413, 0.5116959, 0.51126254, 0.50771457, 0.5075491, 0.50540555, 0.51188755, 0.5101739, 0.5100521, 0.5009829, 0.5067629, 0.5079323, 0.5070564, 0.5079198, 0.5108437, 0.50450605, 0.50122213, 0.51099855, 0.51172817, 0.5104174, 0.5060394, 0.50751245, 0.5101346, 0.5113012, 0.5096602, 0.5065209, 0.5069078, 0.50682217, 0.5060316, 0.50767404, 0.5042422, 0.5014792, 0.5013777, 0.50237757, 0.50280696, 0.5026531, 0.50658333, 0.51007575, 0.5106193, 0.5126295, 0.51182395, 0.5109203, 0.51083183, 0.51120114, 0.50689095, 0.51338977, 0.5136879, 0.51261216, 0.50770974, 0.5137768, 0.50739133, 0.5132456, 0.513066, 0.5068209, 0.5089803, 0.50786996, 0.51025766, 0.50732046, 0.5010112, 0.50373805, 0.51177883, 0.5099177, 0.5012219, 0.5024626, 0.5117747, 0.50165516, 0.51202124, 0.50771385, 0.5121316, 0.50908864, 0.50120676, 0.50097233, 0.5131658, 0.5076418, 0.5138074, 0.5119854, 0.5111178, 0.5061856, 0.5089356, 0.50933385, 0.50527406, 0.5115147, 0.5109463, 0.50668776, 0.5047085, 0.50972694, 0.5062333, 0.5124952, 0.5125913, 0.50139135, 0.50156945, 0.5092084, 0.5094589, 0.50725406, 0.5039822, 0.5027694, 0.5025719, 0.50154215, 0.5051444, 0.50779766, 0.5112243, 0.5023061, 0.5012316, 0.5117094, 0.5087029, 0.51066977, 0.50099057, 0.51320344, 0.51344925, 0.5128494, 0.5080138, 0.5071163, 0.5096294, 0.50908035, 0.5084107, 0.50853485, 0.50219727, 0.5109863, 0.511414, 0.5105136, 0.5104811, 0.5072929, 0.5034691, 0.51176006, 0.51185155, 0.51214373, 0.509973, 0.51119864, 0.51329225, 0.51160085, 0.5087183, 0.5087415, 0.50912464, 0.508702, 0.5112805, 0.5089622, 0.5026876, 0.5013871, 0.50917214, 0.51116306, 0.5094677, 0.51104546, 0.511157, 0.51126575, 0.509786, 0.5096747, 0.50095147, 0.51344466, 0.51368666, 0.5136477, 0.5015765, 0.50567985, 0.5040893, 0.5046513, 0.51167583, 0.5079602, 0.50706387, 0.5039239, 0.512841, 0.51255226, 0.51059085, 0.50657755, 0.5108394, 0.5114277, 0.5109935, 0.5135936, 0.50763935, 0.5065959, 0.5069834, 0.51090986, 0.51023114, 0.51008415, 0.50828576, 0.50603825, 0.5076969, 0.50836015, 0.50891775, 0.50848156, 0.50870895, 0.50775504, 0.5067387, 0.50142473, 0.5105184, 0.5099651, 0.50282764, 0.50402164, 0.5100769, 0.50514406, 0.5088285, 0.5110404, 0.51096606, 0.5098024, 0.50888455, 0.50813586, 0.5057049, 0.50300115, 0.50156474, 0.50704736, 0.50868165, 0.5088247, 0.50382817, 0.5130202, 0.5116, 0.5109742, 0.50211453, 0.50099736, 0.51049066, 0.51022905, 0.51193005, 0.50859225, 0.50855464, 0.50815964, 0.50107247, 0.5051924, 0.5034207, 0.5124084, 0.51058304, 0.51103085, 0.50855523, 0.5068343, 0.5069016, 0.5024628, 0.50791293, 0.5099159, 0.5123424, 0.5076812, 0.51037556, 0.5120683, 0.51249254, 0.5129275, 0.5096909, 0.5123959, 0.5124277, 0.51210845, 0.50372565, 0.5092626, 0.51180565, 0.5031014]
[0.51010233, 0.5104773, 0.5110127, 0.5092508, 0.5098432, 0.50832427, 0.5077489, 0.51020104, 0.5033378, 0.5037619, 0.5040987, 0.5086079, 0.5099022, 0.5073579, 0.5041825, 0.50947833, 0.5087089, 0.5105632, 0.5101493, 0.50662553, 0.50714743, 0.5091691, 0.5105553, 0.50886106, 0.51117545, 0.5093738, 0.5083548, 0.5062337, 0.501142, 0.5018217, 0.51062506, 0.50383955, 0.5067774, 0.5021243, 0.50416785, 0.5047704, 0.51076233, 0.5009072, 0.5005452, 0.50906396, 0.5076883, 0.50777483, 0.5079548, 0.5065285, 0.51036483, 0.50992787, 0.5055158, 0.5081468, 0.5074193, 0.50749886, 0.5111522, 0.509152, 0.5069841, 0.5098893, 0.51074004, 0.5080907, 0.5112278, 0.50624907, 0.5101751, 0.5102726, 0.5094614, 0.5065794, 0.5069246, 0.50491625, 0.5103356, 0.5090254, 0.5087851, 0.5017275, 0.50635, 0.5067937, 0.5063731, 0.5065989, 0.50940883, 0.5041873, 0.5016239, 0.50935215, 0.5102059, 0.50910443, 0.5056621, 0.5068011, 0.508587, 0.5096063, 0.50838655, 0.5056842, 0.5064634, 0.50602514, 0.50603557, 0.50678664, 0.50213975, 0.50132275, 0.5010756, 0.50075406, 0.50114423, 0.5003371, 0.50657624, 0.5082744, 0.5091997, 0.5106387, 0.50999266, 0.50939196, 0.5092618, 0.50950956, 0.50583214, 0.5113467, 0.5113786, 0.5107053, 0.5070966, 0.51162964, 0.50671136, 0.51084924, 0.5109822, 0.5065376, 0.5079247, 0.50707203, 0.50900805, 0.5064674, 0.5014954, 0.5015815, 0.5100985, 0.508278, 0.5017442, 0.50045604, 0.509933, 0.502389, 0.5103609, 0.5072076, 0.51022905, 0.50817144, 0.50143105, 0.5008839, 0.5109266, 0.5071062, 0.5114931, 0.5102639, 0.5095831, 0.5064654, 0.5078018, 0.50818616, 0.505507, 0.5094823, 0.5094259, 0.5064332, 0.5055403, 0.5084188, 0.50550616, 0.51056033, 0.51028705, 0.5020226, 0.5012366, 0.5078748, 0.50840783, 0.505525, 0.50192493, 0.50090396, 0.50115657, 0.50213975, 0.5058568, 0.5069168, 0.5095811, 0.5002835, 0.5021483, 0.5100533, 0.50734305, 0.5091865, 0.5020871, 0.5109543, 0.51123434, 0.51078117, 0.5071445, 0.50665677, 0.5084614, 0.5080969, 0.50736654, 0.50756896, 0.50083524, 0.50936544, 0.50977886, 0.5088306, 0.508866, 0.5068856, 0.5018467, 0.50988066, 0.5101319, 0.51023775, 0.5086911, 0.5094883, 0.51120245, 0.5100284, 0.5074353, 0.5075783, 0.5076066, 0.507448, 0.509521, 0.5077297, 0.5032849, 0.5023671, 0.5077129, 0.50952077, 0.50827515, 0.5094312, 0.50976825, 0.5098511, 0.5084258, 0.5081889, 0.5015764, 0.5112904, 0.5113146, 0.5114201, 0.50069153, 0.5039292, 0.50383127, 0.5045146, 0.50991523, 0.5073976, 0.50641114, 0.50433403, 0.5108387, 0.5105887, 0.509036, 0.50591725, 0.5093172, 0.5098368, 0.5095564, 0.5114537, 0.5068036, 0.5059767, 0.5061993, 0.50944793, 0.5090428, 0.50885147, 0.50740796, 0.5057701, 0.50673085, 0.507112, 0.5074463, 0.5073578, 0.50767326, 0.5068973, 0.5064241, 0.5030046, 0.50920445, 0.5086334, 0.5031954, 0.50391793, 0.50872505, 0.50475496, 0.507634, 0.50963056, 0.5094249, 0.5085522, 0.5078041, 0.50720227, 0.5054348, 0.50131226, 0.5027304, 0.5067852, 0.50776833, 0.50779337, 0.5037609, 0.5109638, 0.50989866, 0.50943935, 0.5003504, 0.50130796, 0.5090834, 0.50894535, 0.510368, 0.50772905, 0.50767636, 0.5071989, 0.50248224, 0.50327724, 0.5040208, 0.51048934, 0.5093237, 0.5094983, 0.5073314, 0.50627846, 0.50624835, 0.5008912, 0.5072125, 0.50906134, 0.51053226, 0.5069423, 0.5089973, 0.51034594, 0.5104332, 0.5110335, 0.5085955, 0.51062447, 0.51038563, 0.50997305, 0.50341225, 0.50779057, 0.5098487, 0.5031579]
[0.51608485, 0.5176993, 0.51926565, 0.51449394, 0.515269, 0.5127093, 0.5108186, 0.5179582, 0.50183505, 0.499503, 0.4991319, 0.51331836, 0.5165767, 0.5114629, 0.5035708, 0.51652616, 0.5131217, 0.5190627, 0.51614356, 0.50849146, 0.50972867, 0.51388097, 0.5186703, 0.5131015, 0.52006507, 0.5137742, 0.5107654, 0.50689906, 0.5010059, 0.5009626, 0.51782423, 0.50189793, 0.50785667, 0.49949744, 0.5028705, 0.50610924, 0.5192279, 0.50112134, 0.5005477, 0.5149146, 0.511959, 0.511992, 0.51102424, 0.51032865, 0.5179563, 0.5157209, 0.5060749, 0.51138294, 0.5095282, 0.5100001, 0.52016354, 0.51563764, 0.50989896, 0.51635945, 0.5183625, 0.5125704, 0.51985246, 0.5071517, 0.5160065, 0.51663053, 0.51637626, 0.50903285, 0.50868136, 0.5040685, 0.5170457, 0.5137562, 0.51332664, 0.500186, 0.50532657, 0.50943947, 0.5079963, 0.51009697, 0.5153582, 0.50197387, 0.49971476, 0.5146296, 0.51658046, 0.5146817, 0.50567, 0.50846463, 0.51336014, 0.51652396, 0.51142526, 0.5074876, 0.5081416, 0.50770134, 0.5075672, 0.50877845, 0.50141925, 0.5000054, 0.5007222, 0.50112766, 0.50122565, 0.5009674, 0.50703573, 0.51324844, 0.51394033, 0.51837826, 0.51672083, 0.51576036, 0.5155812, 0.5163344, 0.5066083, 0.5206395, 0.5206661, 0.51852584, 0.50922, 0.5212769, 0.50882554, 0.5196815, 0.5198821, 0.50659513, 0.5113585, 0.5108774, 0.5137886, 0.5088552, 0.49934462, 0.5007595, 0.516327, 0.5125643, 0.49944985, 0.5004705, 0.51692337, 0.49945503, 0.51752514, 0.50921744, 0.51797515, 0.51211756, 0.49895293, 0.49951065, 0.51966375, 0.5080526, 0.5203389, 0.51659685, 0.5153606, 0.5052809, 0.51195145, 0.5124255, 0.5050545, 0.5164159, 0.51492375, 0.5072776, 0.50309306, 0.51206833, 0.50395525, 0.5182345, 0.5189162, 0.50014734, 0.49915385, 0.5111851, 0.5119805, 0.50313896, 0.5010742, 0.5005397, 0.5004569, 0.49946544, 0.5016788, 0.5101089, 0.51518947, 0.4996513, 0.49977806, 0.5162859, 0.5095929, 0.5138583, 0.49918416, 0.51966673, 0.52048093, 0.5187866, 0.509524, 0.507161, 0.51336694, 0.51120263, 0.50998116, 0.51040345, 0.5004482, 0.51513016, 0.5153968, 0.51361775, 0.51391155, 0.5081534, 0.5012516, 0.51638466, 0.5168058, 0.5171213, 0.5126979, 0.5157824, 0.51937264, 0.5156884, 0.51170385, 0.5119746, 0.51250476, 0.51165915, 0.5156482, 0.5125012, 0.5006903, 0.49916527, 0.51145005, 0.5157166, 0.5129569, 0.5160937, 0.51530963, 0.51597863, 0.5140922, 0.51277727, 0.49934044, 0.52092886, 0.5209271, 0.52065873, 0.5009184, 0.5025273, 0.5033247, 0.50297266, 0.51737833, 0.5097632, 0.50803906, 0.5042779, 0.5192622, 0.5182842, 0.51397204, 0.50589216, 0.5147378, 0.5163323, 0.51547205, 0.52091396, 0.51030004, 0.50687456, 0.50834644, 0.5154218, 0.5133751, 0.5134296, 0.51026493, 0.50439495, 0.50862354, 0.5114523, 0.5118238, 0.510386, 0.51048726, 0.5085593, 0.5060616, 0.4996691, 0.51440394, 0.5135388, 0.4998442, 0.5007733, 0.51312685, 0.50187856, 0.51122874, 0.5159166, 0.5152382, 0.51364845, 0.51183975, 0.51023895, 0.5051363, 0.500676, 0.4994598, 0.5075395, 0.51092976, 0.5108462, 0.5038148, 0.5193791, 0.5162138, 0.51501685, 0.5005466, 0.49918783, 0.5145024, 0.51386803, 0.51751256, 0.5115446, 0.5111791, 0.5107043, 0.5000416, 0.5021444, 0.49964797, 0.5182276, 0.5148656, 0.51562184, 0.51145726, 0.5083959, 0.5078481, 0.5008775, 0.50974107, 0.5123798, 0.5179693, 0.5082462, 0.51453817, 0.5170307, 0.5183773, 0.5193494, 0.51252836, 0.51785856, 0.51771957, 0.5169791, 0.50212324, 0.51182157, 0.51680934, 0.5001066]
[0.51035196, 0.5104067, 0.5115438, 0.50876653, 0.5094711, 0.5080386, 0.507395, 0.510508, 0.5018578, 0.5004328, 0.50138074, 0.5089266, 0.50978196, 0.5069839, 0.5029086, 0.50919855, 0.50813293, 0.51098514, 0.5095949, 0.5055828, 0.50611496, 0.50890905, 0.51096696, 0.5084728, 0.5119746, 0.5089441, 0.50756633, 0.5046428, 0.503169, 0.50371295, 0.5111262, 0.50249636, 0.505306, 0.50062454, 0.5030902, 0.5041531, 0.51156723, 0.50294876, 0.5021836, 0.5090572, 0.50634414, 0.50601506, 0.5067168, 0.50588197, 0.51052505, 0.51003385, 0.5038636, 0.5074479, 0.50664604, 0.50620997, 0.51179314, 0.5095721, 0.50590605, 0.5101774, 0.5110287, 0.5073032, 0.5120084, 0.5053264, 0.5098368, 0.5099961, 0.50952995, 0.5057161, 0.50596315, 0.5033575, 0.5107749, 0.50864667, 0.5084205, 0.5005991, 0.5051814, 0.505835, 0.5050712, 0.505681, 0.50872254, 0.50214016, 0.5003389, 0.50879836, 0.5104108, 0.5090406, 0.50373936, 0.5050554, 0.507932, 0.509653, 0.5071954, 0.5045403, 0.5051435, 0.50512075, 0.50508374, 0.5053842, 0.5040093, 0.5016004, 0.5012366, 0.5023562, 0.50268054, 0.50270826, 0.5046609, 0.5083109, 0.5091187, 0.5109229, 0.50988704, 0.5091279, 0.5089447, 0.5094967, 0.5055413, 0.5116404, 0.51185125, 0.5110768, 0.50612, 0.51231706, 0.5052826, 0.5113104, 0.5116195, 0.5049234, 0.5071212, 0.5065831, 0.50858504, 0.5051471, 0.50051785, 0.5031579, 0.5100228, 0.5077613, 0.5005359, 0.50195336, 0.5099101, 0.50092906, 0.5103238, 0.5059948, 0.51069856, 0.5073508, 0.5009519, 0.50180984, 0.51143783, 0.50628614, 0.5125201, 0.5102606, 0.5095474, 0.5048417, 0.5077624, 0.50797635, 0.5044432, 0.50946647, 0.5092059, 0.5053582, 0.50441575, 0.50767297, 0.5038417, 0.51109385, 0.51060486, 0.50131214, 0.5002019, 0.50748354, 0.5078673, 0.5066911, 0.50407547, 0.50318986, 0.5024742, 0.50101846, 0.50493306, 0.50632405, 0.50946015, 0.5019599, 0.5008215, 0.5099336, 0.50658137, 0.50880456, 0.5010535, 0.5116979, 0.51247513, 0.5114231, 0.5060946, 0.50529766, 0.5079678, 0.5074431, 0.50664485, 0.5066024, 0.50201124, 0.5095516, 0.5095844, 0.5083769, 0.5083901, 0.505441, 0.50319034, 0.50961, 0.5097203, 0.5101764, 0.5083012, 0.5095472, 0.51178217, 0.509731, 0.5066875, 0.506866, 0.5077653, 0.50687087, 0.509509, 0.50726, 0.50153106, 0.50046265, 0.50742054, 0.50929844, 0.50797427, 0.5093779, 0.5097524, 0.50999725, 0.507846, 0.50794977, 0.5002979, 0.51197416, 0.51228744, 0.5121921, 0.5013406, 0.50521004, 0.5019883, 0.5022477, 0.51004374, 0.50632304, 0.50549376, 0.50319225, 0.51096565, 0.5110966, 0.50843763, 0.5037884, 0.508971, 0.50967, 0.50962764, 0.51218104, 0.50594896, 0.5040075, 0.50436014, 0.5090724, 0.5088233, 0.50869375, 0.5068635, 0.5050945, 0.50581276, 0.50677925, 0.50707126, 0.5069866, 0.50704646, 0.50613636, 0.5054747, 0.50120634, 0.5087351, 0.5078761, 0.50133, 0.50230986, 0.5083015, 0.5031242, 0.5071459, 0.5094458, 0.50903624, 0.5079966, 0.5069464, 0.50605124, 0.5034439, 0.503094, 0.50084084, 0.50551367, 0.50706494, 0.50693595, 0.5020312, 0.511067, 0.5096881, 0.5090744, 0.50239825, 0.5009726, 0.5092269, 0.5087837, 0.5106155, 0.50678754, 0.5067378, 0.506733, 0.500409, 0.5051048, 0.5013638, 0.5110283, 0.5094548, 0.50958055, 0.50647146, 0.505556, 0.5053222, 0.50316477, 0.5055812, 0.50832176, 0.5106009, 0.50582165, 0.5090172, 0.5103636, 0.5106048, 0.51147264, 0.5079757, 0.5110687, 0.509982, 0.5096909, 0.5024313, 0.5072193, 0.5101004, 0.50127065]
[0.5157938, 0.5175936, 0.5187258, 0.5155176, 0.5157379, 0.5133842, 0.5115776, 0.5173064, 0.4999286, 0.50097114, 0.50050384, 0.5132293, 0.5172534, 0.5115378, 0.5030993, 0.5169866, 0.5146659, 0.5190447, 0.5177953, 0.5087595, 0.51110613, 0.5152385, 0.5191107, 0.514441, 0.5197657, 0.51469433, 0.5104739, 0.50473744, 0.5034434, 0.5039596, 0.5178572, 0.50114036, 0.5073642, 0.50143796, 0.5033762, 0.5076237, 0.51943725, 0.5035922, 0.5030749, 0.5136779, 0.5113186, 0.510972, 0.51072514, 0.51076764, 0.517838, 0.5158168, 0.5056449, 0.5125444, 0.5111843, 0.5100969, 0.519759, 0.5156658, 0.5101186, 0.51625633, 0.51886725, 0.5130548, 0.51972866, 0.5077175, 0.51612574, 0.5167271, 0.5166095, 0.5098084, 0.5085118, 0.50659627, 0.51670355, 0.51436293, 0.5143669, 0.50229156, 0.507118, 0.5115267, 0.5099535, 0.5109933, 0.51534116, 0.5028184, 0.5012809, 0.5152636, 0.5166612, 0.5146337, 0.5072544, 0.50983, 0.51412654, 0.5162102, 0.5127519, 0.50964427, 0.5096629, 0.50909144, 0.50558025, 0.5083078, 0.50409186, 0.501795, 0.502269, 0.5028795, 0.50329775, 0.5032526, 0.50651723, 0.5142593, 0.5141833, 0.5184334, 0.51720804, 0.5157731, 0.5159336, 0.516238, 0.50849867, 0.52014554, 0.5201819, 0.51897013, 0.50852656, 0.5208141, 0.50971484, 0.51936233, 0.5192105, 0.5077935, 0.51207066, 0.5106882, 0.5139387, 0.5095187, 0.5017327, 0.50327444, 0.51664895, 0.51376224, 0.5009223, 0.50260264, 0.5165686, 0.5014434, 0.5173727, 0.50914896, 0.51740366, 0.51243246, 0.5012962, 0.5020083, 0.5195131, 0.50862116, 0.52088207, 0.51757425, 0.51585937, 0.5056889, 0.51153433, 0.5121523, 0.50395614, 0.51661384, 0.51616925, 0.50722224, 0.50190747, 0.51267076, 0.5075036, 0.51807976, 0.518998, 0.5004412, 0.5011124, 0.51187795, 0.51292235, 0.5062868, 0.50351954, 0.50300264, 0.5029029, 0.501086, 0.5022564, 0.51104194, 0.51596165, 0.5040103, 0.5021734, 0.5171772, 0.5113317, 0.5152627, 0.50176376, 0.5197836, 0.5203904, 0.5182914, 0.5098381, 0.5092049, 0.51343936, 0.51223856, 0.5102262, 0.5117452, 0.50263405, 0.5153931, 0.51572883, 0.5146123, 0.51485234, 0.5079765, 0.5038068, 0.5170431, 0.51732504, 0.51763785, 0.5132252, 0.51588184, 0.51987505, 0.51590604, 0.51203483, 0.51153845, 0.511821, 0.5119613, 0.51574206, 0.51278156, 0.49986652, 0.5012008, 0.5127672, 0.5152943, 0.51294893, 0.51556456, 0.51603335, 0.51630515, 0.5143271, 0.5132948, 0.5017484, 0.5200924, 0.5203592, 0.5205745, 0.5025262, 0.5050886, 0.502655, 0.5030036, 0.5174971, 0.5102233, 0.5088819, 0.5032865, 0.5188501, 0.5184305, 0.51487464, 0.50837725, 0.51548845, 0.5163776, 0.5150238, 0.5202737, 0.50871634, 0.50804996, 0.5090893, 0.5156244, 0.5133089, 0.5129902, 0.5109207, 0.50544226, 0.5108477, 0.510691, 0.51199853, 0.5106938, 0.51091707, 0.50939804, 0.5070282, 0.5009722, 0.5142893, 0.5133907, 0.50032157, 0.5007635, 0.51377666, 0.5035522, 0.5116348, 0.51586854, 0.51558846, 0.5136696, 0.5120383, 0.5106564, 0.5043831, 0.50310266, 0.5015548, 0.5086831, 0.5117211, 0.51211476, 0.50172746, 0.5193281, 0.51667386, 0.51573336, 0.50265807, 0.5014575, 0.51377517, 0.5141347, 0.51722, 0.5124116, 0.51190585, 0.510789, 0.50199413, 0.5049393, 0.5012537, 0.51807743, 0.5139834, 0.51574695, 0.5107895, 0.50819814, 0.5067945, 0.50273067, 0.51008666, 0.5122596, 0.5179217, 0.50852776, 0.5146773, 0.51720756, 0.5182793, 0.51913166, 0.51248074, 0.51803726, 0.518362, 0.51785105, 0.5016402, 0.51270425, 0.5169048, 0.5006176]
[0.5096106, 0.5105521, 0.5110626, 0.5092843, 0.5094519, 0.50855196, 0.5070876, 0.5102814, 0.5030988, 0.5022905, 0.5028899, 0.50817406, 0.50999355, 0.5074127, 0.50420105, 0.5102138, 0.50885814, 0.5113219, 0.51010174, 0.50588214, 0.50676525, 0.50930107, 0.510981, 0.50845414, 0.5115217, 0.50890213, 0.50702316, 0.50406665, 0.5009579, 0.50138235, 0.5107968, 0.5038865, 0.5056362, 0.5010428, 0.5041115, 0.5052961, 0.51137125, 0.50073457, 0.5000527, 0.5087171, 0.5077097, 0.50772196, 0.50681496, 0.50719136, 0.5106625, 0.5093321, 0.50417936, 0.50769943, 0.50717735, 0.5066632, 0.5114531, 0.5093683, 0.5068542, 0.5095886, 0.51114637, 0.50783056, 0.511639, 0.5057451, 0.5096657, 0.5100127, 0.50998026, 0.506542, 0.5061768, 0.50501317, 0.5101205, 0.5087755, 0.50848126, 0.50041384, 0.50516444, 0.5070914, 0.5065334, 0.507331, 0.5094341, 0.50408804, 0.5014265, 0.50958246, 0.51012397, 0.50935614, 0.5057087, 0.5067574, 0.508906, 0.50982994, 0.5077185, 0.50651, 0.50636774, 0.50588226, 0.5041787, 0.50592923, 0.5014113, 0.50080985, 0.50026053, 0.5000291, 0.5005831, 0.5004483, 0.5053738, 0.5083758, 0.5085722, 0.5109144, 0.50982755, 0.50955594, 0.5096176, 0.509824, 0.5055649, 0.511942, 0.5119314, 0.51108146, 0.5060463, 0.5120772, 0.5059475, 0.51159745, 0.5113843, 0.50531656, 0.50719523, 0.507369, 0.5085173, 0.50566727, 0.501508, 0.5004907, 0.50958127, 0.50776255, 0.50189394, 0.5004877, 0.509745, 0.501313, 0.51007533, 0.5057592, 0.51050895, 0.50763005, 0.501702, 0.50073034, 0.51172096, 0.5063282, 0.5122863, 0.5104686, 0.5092574, 0.50423425, 0.5071189, 0.50793296, 0.5038391, 0.51013666, 0.50953674, 0.5056187, 0.50387067, 0.50790364, 0.50581723, 0.5109395, 0.5113231, 0.50226295, 0.50143874, 0.5076432, 0.50806105, 0.5042501, 0.5010496, 0.5003383, 0.49999326, 0.5011697, 0.5034991, 0.5072027, 0.50951195, 0.5007844, 0.5010442, 0.5101281, 0.5068233, 0.50911015, 0.50097495, 0.51169324, 0.5117962, 0.5108861, 0.506411, 0.50560296, 0.5084582, 0.50715905, 0.5070296, 0.50717497, 0.5002182, 0.50927436, 0.5094781, 0.5082023, 0.5082747, 0.50585216, 0.50028104, 0.50997883, 0.5101958, 0.51052433, 0.5084763, 0.50965995, 0.511545, 0.50959367, 0.5077613, 0.5074226, 0.5074822, 0.50728345, 0.5095393, 0.50797695, 0.50336826, 0.5018024, 0.50776774, 0.5092814, 0.5081129, 0.5096921, 0.50933886, 0.5093893, 0.50933886, 0.5080303, 0.50110257, 0.5118637, 0.512014, 0.51182294, 0.5002048, 0.5028693, 0.5042457, 0.5042182, 0.5103628, 0.5067865, 0.50638705, 0.5048536, 0.5110968, 0.5109342, 0.5088275, 0.50594133, 0.5094308, 0.5098934, 0.50891334, 0.5119768, 0.5060137, 0.5057354, 0.50604665, 0.5095623, 0.5082454, 0.50821984, 0.5069451, 0.5047812, 0.50661665, 0.50721604, 0.5074722, 0.5068093, 0.50676936, 0.50623995, 0.50510347, 0.50158966, 0.5089032, 0.5083463, 0.50215423, 0.50371593, 0.5084389, 0.50406, 0.50718707, 0.5095928, 0.50954145, 0.5086627, 0.5079291, 0.5071279, 0.50417364, 0.50040555, 0.50147504, 0.5058463, 0.5072927, 0.5076534, 0.50411713, 0.5114105, 0.51013935, 0.5096042, 0.50020003, 0.502168, 0.5084951, 0.50873977, 0.51005864, 0.5079526, 0.5077558, 0.50707793, 0.50024515, 0.5027291, 0.50261307, 0.5105858, 0.50835747, 0.50957036, 0.5073463, 0.50551444, 0.5051831, 0.50017774, 0.5064238, 0.5074032, 0.5109243, 0.5058502, 0.50910765, 0.510317, 0.510916, 0.5112314, 0.5076384, 0.51049984, 0.5108148, 0.5105187, 0.50400233, 0.50751734, 0.51005685, 0.50339764]
[0.51189554, 0.51290864, 0.5135877, 0.51083, 0.51161355, 0.5091966, 0.50887907, 0.5122825, 0.5022841, 0.5029915, 0.5031762, 0.5095113, 0.51202404, 0.5083402, 0.5043093, 0.51104397, 0.5101622, 0.5132012, 0.51242405, 0.5070241, 0.50795245, 0.5110312, 0.5131313, 0.51046866, 0.51370883, 0.510793, 0.5086174, 0.50647366, 0.5022249, 0.50362307, 0.51249576, 0.5047565, 0.507202, 0.5019122, 0.5046796, 0.50584364, 0.51356745, 0.50172204, 0.5012672, 0.5098626, 0.50850666, 0.50828546, 0.5079329, 0.507308, 0.5125219, 0.51140594, 0.5056509, 0.5091256, 0.50835055, 0.5080776, 0.5134938, 0.51097697, 0.50758755, 0.51185644, 0.51299787, 0.5093726, 0.51367444, 0.50621253, 0.5119702, 0.51222426, 0.5116162, 0.507244, 0.5073382, 0.5057639, 0.5118516, 0.5103961, 0.51067835, 0.5014569, 0.5061299, 0.50832224, 0.50755316, 0.5077127, 0.51104826, 0.5046715, 0.5024524, 0.51094234, 0.512112, 0.5106822, 0.50568813, 0.50698817, 0.51022947, 0.5115199, 0.50984836, 0.50660187, 0.5064441, 0.50669134, 0.5061045, 0.5070593, 0.5028571, 0.5009267, 0.50107366, 0.5008533, 0.50174797, 0.50194687, 0.50662816, 0.5096363, 0.5105609, 0.5128529, 0.5121757, 0.510773, 0.510812, 0.51118135, 0.50633985, 0.51384425, 0.5141279, 0.5131514, 0.50709, 0.5143918, 0.5068926, 0.51350063, 0.5133899, 0.5068434, 0.50889814, 0.5072934, 0.5103889, 0.5074198, 0.50088817, 0.5026721, 0.5119758, 0.5096864, 0.50122976, 0.5007643, 0.51219094, 0.5019454, 0.51232505, 0.50775063, 0.5121141, 0.50882274, 0.50102514, 0.50064266, 0.5136914, 0.50738335, 0.5141462, 0.51233625, 0.51147753, 0.50635546, 0.50880647, 0.5089149, 0.5051966, 0.51113397, 0.51151943, 0.50611126, 0.50524765, 0.5091936, 0.50574386, 0.5127469, 0.5128608, 0.50146705, 0.5006581, 0.5089524, 0.509629, 0.5064173, 0.50296295, 0.5016715, 0.5009696, 0.5031192, 0.505929, 0.50802237, 0.5118964, 0.5031277, 0.50113326, 0.51177377, 0.5083202, 0.5108779, 0.5013841, 0.51365983, 0.51377904, 0.5129342, 0.50775576, 0.50729454, 0.50888455, 0.5088684, 0.50794303, 0.50863904, 0.5007526, 0.51043, 0.5114206, 0.5104875, 0.51050436, 0.5070097, 0.501747, 0.5121002, 0.51216406, 0.51223403, 0.50990707, 0.5115352, 0.5139968, 0.5115337, 0.50807995, 0.5077874, 0.5080857, 0.50819254, 0.511137, 0.50873685, 0.5030707, 0.5022405, 0.5091077, 0.51078194, 0.5096115, 0.5109978, 0.5112553, 0.511222, 0.5095551, 0.5092944, 0.501136, 0.51404506, 0.51413417, 0.5141951, 0.50060076, 0.5042778, 0.50381, 0.5048036, 0.51197785, 0.50817996, 0.50632304, 0.5042096, 0.513037, 0.5127069, 0.5107737, 0.5060977, 0.5110559, 0.5114257, 0.51117873, 0.5141012, 0.50681716, 0.5061991, 0.506665, 0.51136416, 0.50962645, 0.50938654, 0.50787747, 0.50557244, 0.50801283, 0.50833464, 0.5089792, 0.5080591, 0.50830764, 0.507332, 0.5063479, 0.50227344, 0.51054186, 0.5100982, 0.5035381, 0.5043635, 0.5098927, 0.5044931, 0.50835305, 0.5115446, 0.5112661, 0.5098684, 0.50873744, 0.5079853, 0.50548595, 0.5020735, 0.5031996, 0.507648, 0.5089179, 0.50899404, 0.5026182, 0.5131552, 0.51190704, 0.51127666, 0.5018768, 0.5012553, 0.5100213, 0.51024306, 0.5126501, 0.50842685, 0.50842637, 0.50839525, 0.5015674, 0.5044957, 0.5047284, 0.51289064, 0.5101247, 0.5112857, 0.5077807, 0.5070365, 0.5065212, 0.5007451, 0.5079163, 0.5099222, 0.51300853, 0.50730646, 0.510752, 0.5121456, 0.5129123, 0.51348704, 0.50985706, 0.51276577, 0.51280016, 0.51238924, 0.5044942, 0.50897485, 0.5116588, 0.5032046]
[0.511164, 0.5121799, 0.51306564, 0.51002854, 0.5108525, 0.50883895, 0.5081376, 0.51174694, 0.50307506, 0.5007981, 0.5007798, 0.5097738, 0.51141864, 0.50786656, 0.5038934, 0.5111705, 0.5097415, 0.51298624, 0.511128, 0.5064034, 0.5069463, 0.50939393, 0.51257885, 0.5095561, 0.51361847, 0.50959706, 0.5084002, 0.50550413, 0.502733, 0.50296277, 0.5123634, 0.5024455, 0.50602543, 0.50045973, 0.5024576, 0.5050908, 0.5130669, 0.50318134, 0.5023806, 0.5098718, 0.50859344, 0.5083298, 0.50806844, 0.50708336, 0.5123414, 0.5105147, 0.50351924, 0.5082012, 0.50767714, 0.50712806, 0.51327145, 0.51061815, 0.50691307, 0.51142234, 0.51231384, 0.5089786, 0.51347834, 0.50654095, 0.5113221, 0.51161516, 0.51130337, 0.5068476, 0.5071628, 0.5040704, 0.5120253, 0.50982904, 0.5092354, 0.5012757, 0.50508887, 0.5069878, 0.5065458, 0.50728947, 0.51038927, 0.5033425, 0.50052595, 0.51007676, 0.51160485, 0.51033664, 0.5050281, 0.5063989, 0.50932246, 0.51161623, 0.5083095, 0.50595295, 0.5062331, 0.50595117, 0.50548494, 0.5064784, 0.50345004, 0.5011303, 0.50189644, 0.5025133, 0.5032461, 0.5027259, 0.5053501, 0.5092779, 0.5102272, 0.5125054, 0.51128685, 0.51062876, 0.5103949, 0.511123, 0.50608724, 0.51341784, 0.51379085, 0.51266086, 0.50668645, 0.5140963, 0.50639725, 0.5129708, 0.51353467, 0.5056177, 0.5080456, 0.50753623, 0.5100093, 0.5067208, 0.50034684, 0.5027607, 0.5113713, 0.5092465, 0.5011258, 0.5022072, 0.51169235, 0.5010258, 0.51194364, 0.5068082, 0.512087, 0.50913906, 0.5008846, 0.5007487, 0.5134412, 0.5064173, 0.51382124, 0.51115984, 0.51087993, 0.5049027, 0.5087536, 0.50924975, 0.50493646, 0.5111831, 0.5107614, 0.506049, 0.50330865, 0.5089093, 0.50405747, 0.51231045, 0.512651, 0.50196236, 0.5008955, 0.5081658, 0.50870115, 0.50619537, 0.50320977, 0.5023798, 0.501683, 0.5002152, 0.502998, 0.5068338, 0.5102442, 0.50042206, 0.5010972, 0.51110005, 0.5073395, 0.50949866, 0.500689, 0.5133106, 0.51399577, 0.51313114, 0.50690687, 0.50582874, 0.5093219, 0.5079, 0.5074709, 0.50753653, 0.5019217, 0.5114217, 0.5106258, 0.50969714, 0.5098745, 0.5062844, 0.5035123, 0.5107955, 0.51168615, 0.5118083, 0.50926447, 0.5106384, 0.5133381, 0.5111891, 0.5085751, 0.5085516, 0.50891554, 0.50801754, 0.51042587, 0.50906837, 0.5023352, 0.50071406, 0.5085131, 0.51059395, 0.5091597, 0.5107897, 0.51098835, 0.511176, 0.5093769, 0.509207, 0.5006148, 0.5140533, 0.51422393, 0.51391417, 0.50188583, 0.5054883, 0.5039342, 0.50391346, 0.5117944, 0.5076445, 0.50594604, 0.5037282, 0.5129672, 0.51276964, 0.5103092, 0.50537604, 0.5105329, 0.51142466, 0.5106743, 0.51398337, 0.5073039, 0.5059283, 0.5064143, 0.51086795, 0.51002574, 0.5099812, 0.507885, 0.50480115, 0.50655705, 0.5081908, 0.508355, 0.5081179, 0.50770515, 0.50687015, 0.5051921, 0.50101024, 0.51023054, 0.5098959, 0.5014868, 0.5027139, 0.5093078, 0.50427884, 0.507895, 0.5109389, 0.51064503, 0.509547, 0.50871027, 0.5072851, 0.5039496, 0.50278956, 0.500445, 0.50563085, 0.5073323, 0.5077279, 0.5034686, 0.5133332, 0.51127183, 0.5105682, 0.5021047, 0.50037134, 0.510448, 0.5098334, 0.5119836, 0.50824964, 0.50824046, 0.5080292, 0.50075716, 0.50497526, 0.5016865, 0.5118911, 0.5107941, 0.5109519, 0.50831395, 0.50614643, 0.50542915, 0.5025873, 0.50680643, 0.50887984, 0.5119949, 0.5064314, 0.5098523, 0.5116597, 0.5125695, 0.5131106, 0.50894284, 0.5126631, 0.51225275, 0.5117092, 0.5031911, 0.50847054, 0.51183766, 0.50270444]
[0.51547176, 0.5162295, 0.517105, 0.51398796, 0.51444536, 0.5121206, 0.5111164, 0.515627, 0.50331295, 0.50361073, 0.503662, 0.51242197, 0.5152713, 0.510221, 0.5032099, 0.5147021, 0.5125072, 0.5162993, 0.5157339, 0.5086823, 0.50915396, 0.5134786, 0.51638955, 0.51303804, 0.51721615, 0.5138621, 0.5119708, 0.5089299, 0.5019358, 0.5024307, 0.51623416, 0.5043781, 0.50940484, 0.5012749, 0.50407314, 0.50470334, 0.5163242, 0.5025493, 0.50165206, 0.5130054, 0.51089764, 0.51100665, 0.5107801, 0.5085258, 0.51589525, 0.5153536, 0.50634545, 0.51178074, 0.5103736, 0.51024854, 0.51732874, 0.513733, 0.5091718, 0.51533824, 0.5163492, 0.5123286, 0.51734775, 0.5080959, 0.51547545, 0.51553404, 0.5143674, 0.5090214, 0.50891346, 0.50533473, 0.51522845, 0.5130984, 0.5127251, 0.50021845, 0.50698763, 0.5093149, 0.5078951, 0.50886834, 0.5135273, 0.5033144, 0.5003744, 0.514169, 0.51590127, 0.51397145, 0.50500345, 0.5086482, 0.51251996, 0.51479733, 0.51177025, 0.5067086, 0.5077975, 0.5078639, 0.5084713, 0.509004, 0.5027023, 0.5005357, 0.5005178, 0.50148284, 0.50203204, 0.50174695, 0.5081094, 0.512387, 0.51370215, 0.51612395, 0.51559204, 0.5141029, 0.51381004, 0.5141693, 0.5073859, 0.51763755, 0.5179296, 0.5165231, 0.50927037, 0.5183217, 0.5090398, 0.5167575, 0.51708424, 0.50849396, 0.511012, 0.5091759, 0.5132819, 0.50928, 0.50014395, 0.50266826, 0.5152233, 0.51273745, 0.50034857, 0.5011294, 0.5153792, 0.5017738, 0.51600766, 0.5099807, 0.5153252, 0.5117815, 0.5002001, 0.50096834, 0.5170472, 0.5100259, 0.5177694, 0.515265, 0.51495194, 0.50864565, 0.5109537, 0.51146346, 0.5069768, 0.5145922, 0.51384413, 0.5081386, 0.5061246, 0.51204884, 0.5042797, 0.5158159, 0.5161971, 0.49999475, 0.5007306, 0.51120293, 0.51207733, 0.5051859, 0.5026151, 0.5018429, 0.5017984, 0.5009825, 0.5071669, 0.50943136, 0.5148042, 0.50007284, 0.5022178, 0.51521844, 0.51060176, 0.5137414, 0.5017628, 0.5166256, 0.51735103, 0.51670945, 0.5095053, 0.50879705, 0.5119777, 0.51105183, 0.5107067, 0.5103017, 0.50096977, 0.51347184, 0.5149945, 0.51340324, 0.51345503, 0.50886035, 0.5027077, 0.5150225, 0.51553535, 0.5155136, 0.51299024, 0.51449496, 0.5170331, 0.5150855, 0.510123, 0.51029855, 0.51047134, 0.51023775, 0.5145602, 0.51073647, 0.50134915, 0.5009268, 0.5109067, 0.51446074, 0.5114571, 0.51443726, 0.51419204, 0.5143268, 0.5119283, 0.5114737, 0.50095546, 0.5178562, 0.51803213, 0.51751864, 0.50061834, 0.50418437, 0.5022974, 0.50514, 0.5150172, 0.5100454, 0.5077636, 0.50381356, 0.51669776, 0.5165821, 0.5135877, 0.5060133, 0.5139543, 0.51464236, 0.51451087, 0.5181941, 0.5091867, 0.5066623, 0.5070785, 0.5144269, 0.5130215, 0.51281524, 0.5102075, 0.50633603, 0.5089945, 0.5103317, 0.5110468, 0.510221, 0.5103599, 0.50883085, 0.508014, 0.5029492, 0.5134143, 0.51292473, 0.5022367, 0.5027547, 0.512785, 0.5060734, 0.5108116, 0.5148314, 0.51430506, 0.5125535, 0.5112772, 0.5096661, 0.5066972, 0.50193346, 0.50291944, 0.5091907, 0.5109674, 0.51108015, 0.5028849, 0.5169546, 0.515187, 0.5142184, 0.5014633, 0.500861, 0.5133306, 0.5131714, 0.5164988, 0.510897, 0.51059717, 0.51028615, 0.50180274, 0.50397784, 0.5027797, 0.5164046, 0.5143747, 0.51434624, 0.5099167, 0.5083228, 0.5085749, 0.5005356, 0.5103741, 0.51307267, 0.5161006, 0.50880605, 0.51384974, 0.51573217, 0.515964, 0.5170714, 0.5128092, 0.51610315, 0.51566434, 0.51503164, 0.5029128, 0.51119095, 0.51472026, 0.502056]
[0.51569206, 0.5162805, 0.51715493, 0.51416725, 0.5152725, 0.51281166, 0.5119803, 0.5159965, 0.5066252, 0.5055068, 0.50664264, 0.51374775, 0.51546043, 0.51108575, 0.50696605, 0.5143507, 0.5131706, 0.51657397, 0.515953, 0.5100705, 0.51101965, 0.513824, 0.51666224, 0.5135444, 0.51761377, 0.51406026, 0.5123667, 0.50972205, 0.50021374, 0.50035614, 0.5165637, 0.50741494, 0.51022065, 0.504253, 0.5068741, 0.5083999, 0.5169535, 0.50000584, 0.50064915, 0.5135987, 0.5114811, 0.5111191, 0.5120501, 0.510115, 0.51626027, 0.5151828, 0.5084569, 0.51220125, 0.51137567, 0.511053, 0.5174765, 0.5145227, 0.51043975, 0.5155137, 0.5166532, 0.512709, 0.51761264, 0.50975883, 0.5156436, 0.5158688, 0.5146849, 0.5099914, 0.51082605, 0.50821084, 0.5160969, 0.5138768, 0.51341605, 0.5036833, 0.50958854, 0.51066214, 0.50957537, 0.51021224, 0.51411635, 0.5067459, 0.5041455, 0.5141989, 0.5158777, 0.5141204, 0.50863457, 0.50988144, 0.5129995, 0.51510996, 0.5123527, 0.5088673, 0.50952244, 0.5096033, 0.5098972, 0.50994986, 0.5005156, 0.5025922, 0.5025434, 0.50106287, 0.500442, 0.50092983, 0.50918365, 0.51293075, 0.51446635, 0.5163599, 0.5152841, 0.51391274, 0.513923, 0.514641, 0.5094597, 0.5177058, 0.5179365, 0.51689255, 0.5103117, 0.51844376, 0.5101856, 0.51701385, 0.5173557, 0.50964427, 0.51178265, 0.51096773, 0.51394194, 0.5103636, 0.5036961, 0.5000362, 0.51555246, 0.5131989, 0.50292414, 0.50078595, 0.5156247, 0.5052673, 0.51586497, 0.51082987, 0.5160055, 0.5123509, 0.50288635, 0.5018985, 0.51703346, 0.5108295, 0.51823884, 0.51603574, 0.5149955, 0.5097374, 0.5123291, 0.5127085, 0.5092816, 0.5144902, 0.5147798, 0.50938934, 0.50889766, 0.5130455, 0.50819814, 0.5168119, 0.5165163, 0.50428337, 0.50285494, 0.5117235, 0.5122933, 0.50287503, 0.5003986, 0.5004075, 0.50148124, 0.5050826, 0.50894415, 0.51048106, 0.5145007, 0.5014561, 0.50320685, 0.51543057, 0.5113201, 0.514038, 0.5040384, 0.5171719, 0.51798564, 0.5168785, 0.5108327, 0.5105375, 0.51281565, 0.51214623, 0.5117723, 0.5113059, 0.5020591, 0.5147967, 0.51503104, 0.5139113, 0.51402074, 0.5099494, 0.5005096, 0.5151527, 0.5155007, 0.51583934, 0.51308644, 0.51466614, 0.5176565, 0.5151326, 0.5115499, 0.51144934, 0.5117304, 0.511065, 0.5147773, 0.51204973, 0.5055829, 0.5033863, 0.5122742, 0.51463413, 0.512814, 0.5141542, 0.5149783, 0.5150765, 0.5129835, 0.51210606, 0.50311685, 0.51779807, 0.51834875, 0.5181394, 0.5029294, 0.50146884, 0.5067603, 0.5075319, 0.5155379, 0.51122147, 0.50929695, 0.5065935, 0.51669586, 0.5166262, 0.5140834, 0.50833964, 0.5144324, 0.51485634, 0.5148773, 0.5181955, 0.5103541, 0.5084015, 0.50860965, 0.51470554, 0.51346296, 0.5134375, 0.51136756, 0.50926965, 0.5101464, 0.51091486, 0.5114271, 0.511519, 0.51161903, 0.51046443, 0.509529, 0.5065156, 0.5138812, 0.51303416, 0.505722, 0.5064752, 0.5133161, 0.50847787, 0.51176625, 0.5150689, 0.5147066, 0.5130964, 0.5120467, 0.5108741, 0.5086936, 0.5003362, 0.50475603, 0.5101708, 0.51185834, 0.51193225, 0.5062091, 0.5170481, 0.515255, 0.5145032, 0.5012926, 0.50280195, 0.513838, 0.5135794, 0.51642245, 0.51158094, 0.5116709, 0.5114432, 0.50448734, 0.50129527, 0.50624275, 0.5164762, 0.514618, 0.5148934, 0.51114565, 0.51012444, 0.5097279, 0.5010891, 0.51090306, 0.5134645, 0.51618475, 0.5105593, 0.51380354, 0.5155249, 0.5160702, 0.5168998, 0.51320046, 0.5167503, 0.5160746, 0.5155613, 0.50712144, 0.51199925, 0.51528853, 0.5066804]
[0.5139206, 0.51473933, 0.5156506, 0.51281565, 0.5134284, 0.51131064, 0.50996554, 0.5140442, 0.50337154, 0.5030648, 0.5035249, 0.51136905, 0.5138858, 0.5097897, 0.5045943, 0.513532, 0.5120061, 0.5151538, 0.51408446, 0.5079623, 0.5092294, 0.51242757, 0.51502293, 0.51209027, 0.51599234, 0.5125619, 0.5105981, 0.5073446, 0.50137687, 0.5016463, 0.5147947, 0.5041182, 0.50799495, 0.50086594, 0.503319, 0.5056016, 0.5154133, 0.5013414, 0.50095814, 0.5119353, 0.51077545, 0.5103546, 0.51011854, 0.5086511, 0.5148189, 0.51328516, 0.50477797, 0.5109982, 0.5098841, 0.5096845, 0.51569897, 0.51277936, 0.50863415, 0.5138007, 0.5152157, 0.5109113, 0.5157732, 0.5077961, 0.51386, 0.5142988, 0.51330024, 0.5087252, 0.50901926, 0.50574183, 0.5141394, 0.5121715, 0.5118604, 0.49998248, 0.50690997, 0.5091945, 0.5084279, 0.5092662, 0.51314455, 0.50379646, 0.50054646, 0.51284283, 0.51415265, 0.51258236, 0.5072006, 0.5087885, 0.51191807, 0.51336133, 0.5109693, 0.5076917, 0.5076573, 0.50741464, 0.5068556, 0.5085429, 0.50176144, 0.5002566, 0.50023943, 0.50066507, 0.5010684, 0.50083804, 0.5075648, 0.5117304, 0.5124884, 0.51494014, 0.514194, 0.51299417, 0.512892, 0.5132537, 0.5065635, 0.51594144, 0.5164261, 0.5149789, 0.5084385, 0.51667494, 0.5080408, 0.5154983, 0.5156621, 0.50735325, 0.5100415, 0.5090031, 0.5122922, 0.50848836, 0.500911, 0.5011595, 0.5137878, 0.5110666, 0.5001826, 0.50062007, 0.5138969, 0.5007966, 0.5141921, 0.5085531, 0.51435477, 0.5108084, 0.50074977, 0.5000234, 0.51584, 0.5091743, 0.5165247, 0.5140321, 0.5130571, 0.50769067, 0.5102301, 0.511462, 0.50664127, 0.5136532, 0.51321274, 0.5072487, 0.5052187, 0.5114559, 0.5064244, 0.5147896, 0.51515776, 0.5003274, 0.5003751, 0.51005983, 0.51078147, 0.50368726, 0.5014924, 0.500733, 0.5007799, 0.5017564, 0.5059677, 0.5092231, 0.51292324, 0.5008313, 0.5004758, 0.5138424, 0.5097008, 0.5125966, 0.50067055, 0.5156015, 0.51589394, 0.5150362, 0.50879717, 0.50815284, 0.5110327, 0.51037496, 0.51001227, 0.509845, 0.5004821, 0.5126366, 0.51303434, 0.51171464, 0.5120034, 0.5086302, 0.5011951, 0.5136342, 0.5143295, 0.5141892, 0.51165164, 0.5131173, 0.5160471, 0.5137278, 0.50988173, 0.5098168, 0.50993323, 0.5092825, 0.51292723, 0.5108932, 0.5032634, 0.5010585, 0.5105256, 0.5127118, 0.5110126, 0.5130902, 0.5130122, 0.51336807, 0.511733, 0.51101536, 0.5003803, 0.5162833, 0.5163488, 0.51662517, 0.50069296, 0.50263864, 0.5029946, 0.50492156, 0.51405567, 0.50934047, 0.50711757, 0.50340146, 0.5153692, 0.51487887, 0.5126978, 0.50692445, 0.512964, 0.5136823, 0.5129801, 0.5162175, 0.5087538, 0.5077637, 0.5082873, 0.51314676, 0.5118585, 0.5116586, 0.5094622, 0.5061575, 0.508696, 0.5094501, 0.5101572, 0.50942236, 0.5095428, 0.5086316, 0.5067506, 0.50157166, 0.5126411, 0.51225674, 0.5024239, 0.50345206, 0.51169753, 0.505707, 0.50996083, 0.5134879, 0.51328284, 0.5117723, 0.51056254, 0.5094905, 0.50578296, 0.50080305, 0.50149065, 0.5082974, 0.51004136, 0.5102075, 0.5036418, 0.5156043, 0.51400334, 0.5132724, 0.50070095, 0.5008474, 0.51231104, 0.5117879, 0.51448727, 0.5098536, 0.5098834, 0.5093013, 0.5002843, 0.50245106, 0.50353724, 0.51476294, 0.51259667, 0.5131312, 0.5096335, 0.50795543, 0.5070082, 0.50053495, 0.50907993, 0.51175666, 0.5147714, 0.5083112, 0.51236707, 0.51434237, 0.51495004, 0.51544374, 0.5113285, 0.51478446, 0.51465136, 0.5142058, 0.50380546, 0.5106379, 0.5136991, 0.5034326]
[0.5130874, 0.51416427, 0.51570785, 0.5123774, 0.5131116, 0.5110553, 0.5101386, 0.51439697, 0.50281096, 0.500848, 0.5019074, 0.51121044, 0.5136829, 0.5095394, 0.50541407, 0.51334804, 0.51125264, 0.5150878, 0.5136943, 0.5078524, 0.50860214, 0.5123423, 0.51519483, 0.5115892, 0.51617295, 0.5120965, 0.5096048, 0.5070216, 0.50580674, 0.5068401, 0.51465875, 0.5042605, 0.50779516, 0.5017243, 0.5042895, 0.50683486, 0.5158906, 0.5047786, 0.5039259, 0.5118892, 0.50942427, 0.5091137, 0.50952667, 0.50905085, 0.5144579, 0.513281, 0.5068235, 0.51043177, 0.5091375, 0.5090051, 0.5158417, 0.5127497, 0.5086602, 0.5136246, 0.5150295, 0.51067823, 0.51594824, 0.50682455, 0.5135622, 0.51397353, 0.5136226, 0.50850135, 0.50823766, 0.50569427, 0.5138252, 0.5119452, 0.51139754, 0.5021968, 0.5068832, 0.5091653, 0.5083026, 0.50881505, 0.51249677, 0.5033699, 0.5008088, 0.51207376, 0.5138464, 0.5121443, 0.5055391, 0.5077913, 0.5110181, 0.51330286, 0.51036763, 0.50772905, 0.5076149, 0.50765294, 0.507261, 0.50769305, 0.5069112, 0.50267357, 0.5026154, 0.50387484, 0.504776, 0.50394225, 0.5069895, 0.51115644, 0.5118598, 0.515043, 0.5137477, 0.5127455, 0.5125555, 0.51279336, 0.5072754, 0.5162465, 0.51605463, 0.5150202, 0.50827444, 0.51679784, 0.50772285, 0.5154013, 0.515354, 0.50690025, 0.50968456, 0.5094417, 0.511693, 0.5085379, 0.50086874, 0.5043887, 0.51374245, 0.5110002, 0.5008542, 0.50322634, 0.51339686, 0.50046486, 0.5142588, 0.5080608, 0.5140847, 0.5100831, 0.50128144, 0.5029588, 0.5156373, 0.50858784, 0.51649714, 0.51412624, 0.5132037, 0.5067178, 0.51053774, 0.5109335, 0.50688344, 0.51333976, 0.51287895, 0.5070355, 0.50576097, 0.5102742, 0.5058615, 0.51506865, 0.51494735, 0.50232583, 0.50052744, 0.51000935, 0.5109281, 0.5111246, 0.506668, 0.505015, 0.50438464, 0.5008363, 0.50602067, 0.5093507, 0.5131565, 0.50529146, 0.5016281, 0.5136891, 0.5088943, 0.51235354, 0.50187486, 0.5160876, 0.5160316, 0.51494265, 0.50867707, 0.5076658, 0.51104397, 0.5103269, 0.5086233, 0.5099077, 0.5036577, 0.51254565, 0.5129947, 0.5118822, 0.5119174, 0.5076092, 0.50533456, 0.5136766, 0.5138363, 0.5140466, 0.51139957, 0.5131303, 0.5158187, 0.5131814, 0.5098182, 0.5097119, 0.5099011, 0.5097094, 0.5127994, 0.51041466, 0.50209486, 0.5007322, 0.5105614, 0.51240706, 0.510896, 0.5130693, 0.513141, 0.5133738, 0.5110658, 0.5105067, 0.50149167, 0.5163857, 0.5163448, 0.5163447, 0.50290376, 0.50862753, 0.50400776, 0.5041881, 0.51406395, 0.5087654, 0.5076618, 0.5052595, 0.51499313, 0.51482904, 0.51195604, 0.50722235, 0.5123564, 0.5136629, 0.5126294, 0.5165026, 0.5083399, 0.5073521, 0.50785434, 0.51295537, 0.51123536, 0.51111335, 0.50920385, 0.506437, 0.50875753, 0.5090722, 0.509643, 0.5094366, 0.5092991, 0.50864595, 0.50726986, 0.5022904, 0.51174587, 0.5112603, 0.5014198, 0.50343424, 0.5115503, 0.5056648, 0.50963116, 0.51320344, 0.51274437, 0.5110651, 0.50997293, 0.5088432, 0.50529194, 0.50492543, 0.500397, 0.50777906, 0.50969064, 0.51005954, 0.5037439, 0.51522243, 0.51332915, 0.5125072, 0.5036896, 0.5007491, 0.5118581, 0.5118337, 0.5145636, 0.5098709, 0.50994724, 0.5090388, 0.5025361, 0.50876236, 0.5029386, 0.51515603, 0.51200175, 0.5128152, 0.5089281, 0.5081436, 0.50718784, 0.5037981, 0.5085731, 0.51120716, 0.5147313, 0.50800186, 0.5120163, 0.514012, 0.51477563, 0.51550084, 0.51076305, 0.5147951, 0.514627, 0.514002, 0.504173, 0.51016515, 0.5137581, 0.502521]
[0.5141048, 0.5149832, 0.51687783, 0.51324207, 0.514286, 0.51149213, 0.51177335, 0.51479834, 0.50153446, 0.5012775, 0.5025205, 0.51179165, 0.5148275, 0.51024365, 0.5049171, 0.51286453, 0.5124364, 0.5154205, 0.51508135, 0.50886786, 0.50969976, 0.51326823, 0.5160117, 0.5131803, 0.5167249, 0.5130749, 0.51057696, 0.508491, 0.50333005, 0.5039971, 0.51545924, 0.50419116, 0.50850266, 0.5008418, 0.5056142, 0.5068303, 0.5166249, 0.50294363, 0.50239426, 0.51161426, 0.5088969, 0.5084593, 0.50982356, 0.5090704, 0.51532584, 0.515063, 0.5080833, 0.5112637, 0.5101789, 0.51000834, 0.5169253, 0.5137388, 0.5087262, 0.5146688, 0.5157939, 0.51201373, 0.51688546, 0.50780016, 0.51427406, 0.51448673, 0.5136525, 0.50958085, 0.50861037, 0.5066649, 0.5148509, 0.5128753, 0.5124603, 0.5006658, 0.507915, 0.5102821, 0.5090116, 0.50916034, 0.5124676, 0.50407094, 0.501017, 0.51320136, 0.51455617, 0.5124522, 0.50422704, 0.5078551, 0.51205546, 0.5137962, 0.5117138, 0.5070482, 0.5081674, 0.5080875, 0.5082101, 0.5082826, 0.5040323, 0.5013749, 0.50091755, 0.50227207, 0.5030169, 0.5032731, 0.5060975, 0.51242214, 0.5134559, 0.51561254, 0.5149222, 0.5134927, 0.5133834, 0.513776, 0.50822604, 0.5169213, 0.5173978, 0.5162524, 0.5085482, 0.5172927, 0.50882775, 0.516364, 0.5160537, 0.50878733, 0.5110176, 0.5093428, 0.51289827, 0.5090987, 0.5009051, 0.50323516, 0.514476, 0.5119057, 0.50057626, 0.5020251, 0.5148235, 0.50172865, 0.515376, 0.5098617, 0.5149071, 0.51031023, 0.50115436, 0.5020345, 0.5162122, 0.50908595, 0.5173828, 0.51520926, 0.5142905, 0.5069007, 0.51142246, 0.5108506, 0.506534, 0.5130839, 0.51363647, 0.5080056, 0.5053153, 0.5113114, 0.5059871, 0.5148867, 0.515136, 0.5016105, 0.50113827, 0.51092935, 0.5118345, 0.5066624, 0.5042556, 0.5034223, 0.5027746, 0.5014635, 0.50697494, 0.5100591, 0.5146587, 0.50320303, 0.5006682, 0.5148058, 0.511036, 0.5134398, 0.50093603, 0.5165788, 0.51681596, 0.5162387, 0.51031005, 0.50965625, 0.5111501, 0.51108885, 0.5095428, 0.5102281, 0.5021724, 0.51295274, 0.5143526, 0.51352394, 0.5135032, 0.5081159, 0.5033474, 0.51493967, 0.5141574, 0.51450735, 0.5119941, 0.51394475, 0.51679844, 0.5139844, 0.50967103, 0.50973105, 0.5106442, 0.5105139, 0.51384795, 0.51011896, 0.501276, 0.50062114, 0.5111432, 0.5136946, 0.5115963, 0.5134502, 0.5143134, 0.51459426, 0.5111905, 0.51189536, 0.5005829, 0.5170098, 0.5171346, 0.51700586, 0.50074464, 0.5054666, 0.50384414, 0.50569123, 0.51436967, 0.50966996, 0.50821686, 0.50435174, 0.51611, 0.5156596, 0.512832, 0.5069088, 0.5137412, 0.5136613, 0.51362216, 0.5171351, 0.5072511, 0.5057884, 0.50657934, 0.51321316, 0.51234347, 0.5115016, 0.5098388, 0.5073911, 0.5099837, 0.5099123, 0.51069874, 0.51044625, 0.5109722, 0.50941116, 0.50851536, 0.5019297, 0.51243556, 0.51194745, 0.50211763, 0.50313705, 0.512308, 0.5049669, 0.51043284, 0.51406354, 0.5134384, 0.51156497, 0.5101334, 0.5086519, 0.5058294, 0.50350076, 0.50272095, 0.5095886, 0.5114554, 0.51151735, 0.5014795, 0.51602906, 0.51402503, 0.5130633, 0.502689, 0.50093114, 0.51299965, 0.51245314, 0.51567173, 0.5101338, 0.5100704, 0.51035553, 0.500475, 0.5055651, 0.5040906, 0.5157684, 0.51293653, 0.5136124, 0.5090371, 0.5088569, 0.5088865, 0.50148416, 0.5090196, 0.5122173, 0.51526874, 0.5090804, 0.51334476, 0.5149598, 0.5153371, 0.5164059, 0.5121348, 0.5158729, 0.51561123, 0.5148607, 0.502897, 0.5118475, 0.51497394, 0.5028293]
[0.5120295, 0.5128361, 0.513574, 0.5106089, 0.5112508, 0.5097141, 0.5088842, 0.51230526, 0.5043978, 0.5031916, 0.5035546, 0.5101857, 0.5119072, 0.50829136, 0.5043816, 0.51163846, 0.5101267, 0.51308674, 0.51226836, 0.5072686, 0.5074685, 0.5107149, 0.512946, 0.5102002, 0.51367337, 0.51043206, 0.50914806, 0.50672126, 0.50022054, 0.5010461, 0.51273453, 0.5041776, 0.50729144, 0.502103, 0.5046452, 0.50578547, 0.5131717, 0.5007952, 0.5005863, 0.5106744, 0.50888485, 0.5086129, 0.5086012, 0.5077061, 0.51271886, 0.51137197, 0.50546515, 0.5092239, 0.508252, 0.50812113, 0.5135085, 0.5109121, 0.5073214, 0.51191133, 0.5128326, 0.5094031, 0.51388615, 0.5069456, 0.5118408, 0.5121736, 0.51147735, 0.50719446, 0.5076909, 0.50528616, 0.51239294, 0.51031834, 0.50990003, 0.5017415, 0.5065551, 0.5075248, 0.5067845, 0.507384, 0.510803, 0.50433064, 0.5014944, 0.51105505, 0.5120586, 0.5108208, 0.5059093, 0.50709325, 0.5099331, 0.5116114, 0.50929093, 0.50628114, 0.50650424, 0.506538, 0.5065114, 0.5073358, 0.50115067, 0.501313, 0.5010388, 0.5003607, 0.500719, 0.5006966, 0.5063524, 0.50976276, 0.51073754, 0.5129027, 0.51200604, 0.5110019, 0.5108075, 0.5114157, 0.5066694, 0.51401836, 0.51431185, 0.5131198, 0.50744665, 0.5144948, 0.5068773, 0.513704, 0.51372135, 0.5063938, 0.5086101, 0.5082768, 0.51066357, 0.507199, 0.5024132, 0.5003309, 0.5117258, 0.5097, 0.5021191, 0.5008336, 0.512018, 0.50263256, 0.51225835, 0.50766706, 0.5126218, 0.50919735, 0.5026961, 0.5016269, 0.5136621, 0.5075316, 0.51435494, 0.512077, 0.5114914, 0.50604564, 0.5090758, 0.50955963, 0.5063721, 0.51156837, 0.51117516, 0.50681245, 0.50546485, 0.509515, 0.505473, 0.5125805, 0.51305205, 0.50276965, 0.5017927, 0.50893104, 0.5092912, 0.50423914, 0.5009084, 0.5002861, 0.50076336, 0.50230193, 0.50533533, 0.5077939, 0.511401, 0.50205004, 0.50309783, 0.5117229, 0.5080048, 0.51049256, 0.5029361, 0.5134059, 0.5141104, 0.5134198, 0.50777406, 0.5069482, 0.5094594, 0.50883764, 0.50859284, 0.50838244, 0.5007407, 0.51098865, 0.5117752, 0.5102175, 0.51035863, 0.5072447, 0.5012555, 0.5116592, 0.5121335, 0.51229596, 0.51009035, 0.5113997, 0.5135563, 0.51174927, 0.5085374, 0.50871974, 0.5090668, 0.50830525, 0.5112631, 0.5092453, 0.50373065, 0.50251126, 0.5090995, 0.51107895, 0.5093269, 0.51118237, 0.5111339, 0.5114598, 0.50975686, 0.5094023, 0.5022164, 0.51409024, 0.5142106, 0.514087, 0.50107545, 0.50323546, 0.5042068, 0.5051439, 0.51191145, 0.5081514, 0.50716275, 0.5048009, 0.51328593, 0.51299447, 0.5107245, 0.5061751, 0.51087695, 0.5115069, 0.51112723, 0.5142449, 0.50751626, 0.5061128, 0.5064757, 0.5111161, 0.5105087, 0.5104149, 0.508381, 0.50603515, 0.5071056, 0.5086515, 0.5087378, 0.5082472, 0.50835764, 0.50748867, 0.50673026, 0.503803, 0.5106407, 0.5099724, 0.5033058, 0.50365436, 0.5101808, 0.50563717, 0.50867146, 0.5114863, 0.51123846, 0.50985795, 0.5090448, 0.507795, 0.5053673, 0.5005035, 0.5023509, 0.506975, 0.50850797, 0.50864285, 0.50447124, 0.5133714, 0.51182026, 0.51111126, 0.50049686, 0.5018649, 0.5108204, 0.5102693, 0.51240706, 0.50833935, 0.50835276, 0.5081295, 0.50222355, 0.5027653, 0.5033796, 0.512662, 0.5110494, 0.5115108, 0.50858384, 0.5071179, 0.5066013, 0.5002172, 0.5076111, 0.51007515, 0.51256746, 0.5073378, 0.5106909, 0.5121819, 0.51255643, 0.51320904, 0.50959563, 0.5127265, 0.51231676, 0.51194865, 0.50460535, 0.50880116, 0.51185375, 0.5036641]
[0.51352227, 0.51454467, 0.5156672, 0.5127667, 0.5129641, 0.5116579, 0.51059157, 0.51402336, 0.504079, 0.50285006, 0.50335145, 0.51133955, 0.5140869, 0.51040775, 0.50723016, 0.5140711, 0.5117445, 0.51521677, 0.514106, 0.508924, 0.50983423, 0.5133927, 0.51509386, 0.511832, 0.5159536, 0.5121007, 0.51025426, 0.50703657, 0.5022261, 0.50264215, 0.51469266, 0.5043827, 0.5085294, 0.5006322, 0.50599444, 0.5081837, 0.5153316, 0.5021959, 0.5013666, 0.5116554, 0.5102149, 0.51023304, 0.5095438, 0.5101604, 0.51469725, 0.51338714, 0.5077263, 0.51106745, 0.510335, 0.5094577, 0.51548237, 0.51324654, 0.5090853, 0.5135912, 0.5150227, 0.51124203, 0.51616085, 0.5085763, 0.5135314, 0.5138346, 0.51346475, 0.50936353, 0.5086543, 0.5074371, 0.51385486, 0.5121633, 0.51202136, 0.5004375, 0.50814, 0.5097985, 0.5093127, 0.5098325, 0.5125298, 0.5061623, 0.50059915, 0.5129272, 0.5138922, 0.51247, 0.5076187, 0.5090484, 0.51193166, 0.5135042, 0.51115763, 0.50864893, 0.5086069, 0.5085524, 0.5072296, 0.50863206, 0.50277966, 0.50064313, 0.50057095, 0.5017028, 0.50228155, 0.5024602, 0.50765616, 0.51241636, 0.5125109, 0.5148088, 0.5141697, 0.5128386, 0.5129169, 0.51329154, 0.5085207, 0.51602995, 0.5164107, 0.51517725, 0.509228, 0.51651156, 0.50842065, 0.5158346, 0.51567817, 0.5079732, 0.5104624, 0.51014256, 0.5119756, 0.5090179, 0.50076, 0.50238055, 0.5134521, 0.5110934, 0.50163996, 0.50095445, 0.51385957, 0.50200146, 0.51413786, 0.5093638, 0.5144601, 0.5106212, 0.5008183, 0.5002478, 0.5158218, 0.5089154, 0.5164263, 0.51415956, 0.51322323, 0.5070349, 0.5108508, 0.5111409, 0.507228, 0.5138901, 0.51307136, 0.5086114, 0.5058069, 0.5110683, 0.50774866, 0.51482135, 0.5153536, 0.5015908, 0.50101584, 0.5105513, 0.5109674, 0.50575674, 0.50286347, 0.50171053, 0.5011154, 0.5018621, 0.5065456, 0.50975513, 0.5135492, 0.5016149, 0.50132173, 0.51395506, 0.510434, 0.5133571, 0.50135785, 0.5156131, 0.51604146, 0.5151592, 0.5094571, 0.5089426, 0.5114123, 0.51067156, 0.50990766, 0.5102237, 0.5012258, 0.5125802, 0.51352817, 0.51196754, 0.5120479, 0.5086365, 0.5025693, 0.51368123, 0.51413125, 0.51442736, 0.5118389, 0.5133539, 0.5158768, 0.5135141, 0.5104129, 0.51026314, 0.5109063, 0.51012766, 0.51335007, 0.5107081, 0.50451225, 0.5014774, 0.51102465, 0.51321024, 0.51139635, 0.5132904, 0.5131933, 0.51341105, 0.51190776, 0.51147133, 0.5009567, 0.5162446, 0.5164099, 0.5162168, 0.5007245, 0.50459486, 0.505938, 0.5073154, 0.5139674, 0.5094106, 0.50895154, 0.50665385, 0.5151226, 0.5149532, 0.51245046, 0.5083253, 0.5128893, 0.513403, 0.5127448, 0.51608825, 0.50910383, 0.50830245, 0.5086741, 0.51299906, 0.5119156, 0.5116184, 0.5099547, 0.50744224, 0.50964344, 0.51015526, 0.5105282, 0.5099622, 0.5101546, 0.50934285, 0.50827223, 0.50232744, 0.51213473, 0.51159835, 0.5031647, 0.5054326, 0.51201034, 0.50738657, 0.51031226, 0.5132249, 0.51305395, 0.51145077, 0.51041275, 0.5094857, 0.50659287, 0.50215864, 0.5020382, 0.5084906, 0.5100446, 0.5103079, 0.50577515, 0.51540583, 0.51358706, 0.5129487, 0.5017233, 0.500668, 0.5127212, 0.5120804, 0.5143247, 0.51026976, 0.51011896, 0.5097624, 0.50037426, 0.5042537, 0.5045898, 0.5148614, 0.51228595, 0.51314646, 0.50972104, 0.50914407, 0.5084316, 0.5010041, 0.5091435, 0.51149195, 0.5145621, 0.5088406, 0.51276916, 0.5143093, 0.5148742, 0.5152305, 0.51123554, 0.51461804, 0.5147066, 0.5142324, 0.5069517, 0.5107339, 0.5141555, 0.50576854]
[0.5131829, 0.51421374, 0.51491284, 0.51218045, 0.51263285, 0.5104855, 0.50979996, 0.51363057, 0.50387955, 0.5033482, 0.503676, 0.5106307, 0.51330924, 0.5094334, 0.504606, 0.51281774, 0.5113554, 0.5145479, 0.5136101, 0.5080361, 0.5088221, 0.51211256, 0.51442593, 0.51186347, 0.5152769, 0.5120305, 0.51012653, 0.5061668, 0.5003608, 0.5011722, 0.51435757, 0.5047658, 0.507612, 0.5012235, 0.50494796, 0.50542337, 0.51485944, 0.49996078, 0.5001375, 0.5111943, 0.50946844, 0.5101102, 0.509235, 0.50826705, 0.51401794, 0.51291794, 0.50565386, 0.51021177, 0.5093746, 0.5089263, 0.5150884, 0.51207596, 0.50802034, 0.51323813, 0.5143435, 0.51009125, 0.515234, 0.5073793, 0.51332545, 0.5135968, 0.51285416, 0.5077343, 0.50833637, 0.5057023, 0.5133143, 0.5115839, 0.5114665, 0.5008653, 0.5071407, 0.50873613, 0.5081102, 0.50858086, 0.5122317, 0.50460017, 0.5015891, 0.5125492, 0.51345557, 0.5119292, 0.5058481, 0.50845176, 0.51136154, 0.51291895, 0.51058066, 0.50707495, 0.5077531, 0.5072237, 0.506615, 0.50808257, 0.5015594, 0.5002521, 0.5002614, 0.50029093, 0.5004189, 0.50001633, 0.5074246, 0.5107645, 0.5115562, 0.5141913, 0.51339346, 0.51221186, 0.5122826, 0.5128782, 0.5070578, 0.5156564, 0.51592803, 0.51434404, 0.50830686, 0.51594055, 0.5077409, 0.5150127, 0.51494354, 0.5071196, 0.5096251, 0.5083528, 0.5114718, 0.50821084, 0.5014368, 0.50051165, 0.5132367, 0.5106008, 0.5015389, 0.5005205, 0.51329565, 0.50123507, 0.51378393, 0.50849706, 0.51347035, 0.51033694, 0.5016289, 0.5012427, 0.5150174, 0.50851077, 0.5158326, 0.513559, 0.5127803, 0.5068817, 0.5095058, 0.51018214, 0.5060604, 0.51265794, 0.512603, 0.5072527, 0.50545615, 0.51037705, 0.5058005, 0.51424587, 0.51395816, 0.5015113, 0.50073177, 0.5099485, 0.51023495, 0.50457776, 0.5009319, 0.4996475, 0.49963096, 0.50233126, 0.5060827, 0.50906444, 0.5125224, 0.49961156, 0.5018302, 0.5131396, 0.5091984, 0.51217175, 0.50228375, 0.51510525, 0.5154869, 0.51438093, 0.5083226, 0.50772697, 0.5103677, 0.5102622, 0.5090068, 0.50931275, 0.4999243, 0.5120866, 0.51290786, 0.5116176, 0.51157916, 0.5080817, 0.5003027, 0.51313597, 0.5137436, 0.51384467, 0.5112497, 0.51273173, 0.5152562, 0.51299876, 0.50937134, 0.5093827, 0.5094365, 0.5095407, 0.51267546, 0.5099414, 0.50382555, 0.5019237, 0.50980633, 0.51236665, 0.510368, 0.5123242, 0.5124111, 0.5126276, 0.5110919, 0.51026106, 0.5014686, 0.51577437, 0.5157509, 0.51563025, 0.49973956, 0.50311214, 0.5040248, 0.50563794, 0.51317513, 0.50912654, 0.5075209, 0.5045854, 0.5148531, 0.51440066, 0.5118746, 0.5068829, 0.51230454, 0.51299113, 0.5119225, 0.515729, 0.50797313, 0.50673026, 0.5072991, 0.5126253, 0.5113997, 0.5111625, 0.50910044, 0.5062992, 0.50848347, 0.50932914, 0.5098584, 0.5090133, 0.5091645, 0.5081457, 0.5074072, 0.5023516, 0.5121096, 0.51111275, 0.50309664, 0.50467175, 0.51122373, 0.5051002, 0.50943595, 0.5128628, 0.51254916, 0.5112516, 0.50988775, 0.50871557, 0.506028, 0.49990538, 0.50308686, 0.5081547, 0.5098239, 0.5098587, 0.50408894, 0.5148273, 0.51326865, 0.5125238, 0.49971882, 0.50187576, 0.5113541, 0.5115933, 0.513959, 0.5095676, 0.5093858, 0.5090273, 0.5007593, 0.50261205, 0.5040194, 0.5141928, 0.51198137, 0.51247334, 0.5093641, 0.50797695, 0.50762504, 0.500123, 0.5090762, 0.51120484, 0.5143305, 0.5085826, 0.5120099, 0.51356727, 0.51418805, 0.5148219, 0.5107878, 0.5140275, 0.51393855, 0.5134582, 0.504499, 0.50963736, 0.5133005, 0.5032533]
[0.5170348, 0.5184773, 0.5201687, 0.5163108, 0.5168831, 0.51432776, 0.5131102, 0.51846963, 0.5032745, 0.5015559, 0.50223595, 0.514477, 0.5175562, 0.5130553, 0.50507456, 0.5178106, 0.5151947, 0.5200146, 0.5179118, 0.5106236, 0.51150167, 0.51608044, 0.5196776, 0.515047, 0.52069515, 0.5154061, 0.5125641, 0.50778836, 0.5039765, 0.5045086, 0.51898503, 0.5039674, 0.5092144, 0.5014173, 0.50499064, 0.50841445, 0.5201741, 0.50377333, 0.50290626, 0.51477045, 0.5127941, 0.5126582, 0.5120817, 0.5119595, 0.5188756, 0.5167985, 0.50644594, 0.51331407, 0.5119445, 0.5113215, 0.5207387, 0.5167401, 0.51105654, 0.51752526, 0.51960486, 0.5135501, 0.52074665, 0.509748, 0.5176285, 0.51808894, 0.5175388, 0.51097137, 0.5100174, 0.50719386, 0.5177978, 0.51567423, 0.51524514, 0.5021479, 0.50917345, 0.51182485, 0.51082087, 0.5118353, 0.5161246, 0.5047059, 0.5012415, 0.51655954, 0.51789653, 0.51556003, 0.50862956, 0.51115793, 0.51508385, 0.51728976, 0.5134223, 0.5099506, 0.5101739, 0.5098202, 0.5074359, 0.5098792, 0.5044247, 0.50205314, 0.5024127, 0.5030362, 0.503599, 0.50347316, 0.5094326, 0.51481754, 0.5153332, 0.5195444, 0.5175649, 0.5166272, 0.5168052, 0.5172669, 0.50961065, 0.52103645, 0.52161765, 0.51961035, 0.5104592, 0.52156687, 0.5099629, 0.52052027, 0.5206692, 0.50900126, 0.51300734, 0.5120547, 0.51487905, 0.51024765, 0.50131637, 0.5031988, 0.5176732, 0.5137637, 0.5003446, 0.5025552, 0.5173251, 0.5013648, 0.51818234, 0.5105159, 0.5186973, 0.51334, 0.50045466, 0.5015643, 0.520804, 0.5109186, 0.5218299, 0.51837486, 0.5163899, 0.5073767, 0.51309514, 0.51356375, 0.50707847, 0.51740545, 0.51679355, 0.5097254, 0.5048992, 0.51373845, 0.5087811, 0.5192671, 0.51978403, 0.50035185, 0.5006765, 0.5129877, 0.5136025, 0.50764257, 0.50415397, 0.50318825, 0.50296694, 0.50059444, 0.5059022, 0.511992, 0.5165099, 0.5034274, 0.50107473, 0.51787, 0.511891, 0.51621294, 0.50117147, 0.52052784, 0.52136403, 0.5197978, 0.510946, 0.5096311, 0.5141286, 0.51297665, 0.51185596, 0.5121696, 0.50300974, 0.516004, 0.51671016, 0.5147266, 0.5148552, 0.5099551, 0.5038536, 0.5175896, 0.51793444, 0.5187204, 0.51497436, 0.5173231, 0.5209622, 0.5174126, 0.5127542, 0.5127227, 0.5128372, 0.5126086, 0.51710844, 0.5130451, 0.50268835, 0.5005733, 0.5136518, 0.5166849, 0.5140413, 0.516773, 0.51645017, 0.5170565, 0.51544327, 0.51431465, 0.5011127, 0.5214988, 0.5218754, 0.52161944, 0.5028846, 0.5060073, 0.50400996, 0.5059401, 0.51816994, 0.5115998, 0.51024747, 0.50580674, 0.5197477, 0.5192607, 0.5157163, 0.5082409, 0.51656586, 0.51705873, 0.51599437, 0.521164, 0.51023424, 0.5085045, 0.5091658, 0.5165054, 0.5147689, 0.51448625, 0.51216257, 0.50774974, 0.5111776, 0.51279193, 0.51348984, 0.51192534, 0.51185036, 0.5105408, 0.50876176, 0.5010719, 0.51560384, 0.51459986, 0.50109327, 0.50366336, 0.51477915, 0.506388, 0.5125392, 0.5169348, 0.51651305, 0.5145567, 0.51284075, 0.51151866, 0.50651443, 0.5033206, 0.50073576, 0.5100899, 0.5126621, 0.5127585, 0.5038677, 0.52011234, 0.51795703, 0.5167296, 0.50244236, 0.50047415, 0.5150573, 0.51512045, 0.51860744, 0.5129309, 0.5127304, 0.5120996, 0.5021003, 0.50593907, 0.50271463, 0.519333, 0.51494133, 0.5167639, 0.5120982, 0.5102573, 0.50936115, 0.5029021, 0.5105337, 0.5136764, 0.5191357, 0.5101638, 0.5159739, 0.51827455, 0.5192262, 0.5198993, 0.51367253, 0.5190341, 0.5187924, 0.51832795, 0.50486845, 0.51332855, 0.5180096, 0.50311655]
[0.51409185, 0.51530445, 0.51585215, 0.5133114, 0.5137913, 0.5116722, 0.5101754, 0.5146428, 0.502184, 0.5026013, 0.50292337, 0.51121086, 0.5147171, 0.5097943, 0.5019948, 0.51443136, 0.51217383, 0.5153403, 0.5149044, 0.50779545, 0.50941706, 0.5133402, 0.51564896, 0.5123708, 0.51591206, 0.5128903, 0.5106969, 0.5071346, 0.50450486, 0.50532687, 0.5152984, 0.50352716, 0.5085138, 0.5017343, 0.50264794, 0.50447994, 0.515691, 0.50435287, 0.50360894, 0.51223916, 0.5104017, 0.5104707, 0.5100115, 0.5086586, 0.5149396, 0.51396513, 0.5053967, 0.5113081, 0.509951, 0.5100208, 0.5160264, 0.513453, 0.5088919, 0.5138592, 0.51545894, 0.5116138, 0.51669985, 0.5067904, 0.51434195, 0.5146897, 0.5138408, 0.50839967, 0.5080522, 0.50491774, 0.5143386, 0.51237386, 0.5122113, 0.5025522, 0.5055935, 0.5090927, 0.50797087, 0.50906736, 0.51315594, 0.5028579, 0.5019242, 0.5136965, 0.51456964, 0.51294595, 0.50554615, 0.508276, 0.51261735, 0.513876, 0.5115453, 0.5073699, 0.5074127, 0.50763434, 0.5072526, 0.5086396, 0.5048472, 0.502286, 0.5027799, 0.50383544, 0.5043715, 0.50437653, 0.5075087, 0.51160234, 0.5125544, 0.5153863, 0.5143398, 0.5132447, 0.51320165, 0.51372164, 0.50581545, 0.51669836, 0.51700234, 0.5156492, 0.50798243, 0.5172792, 0.50795805, 0.51597863, 0.516102, 0.5072118, 0.50985724, 0.5092405, 0.51268333, 0.5087191, 0.5019095, 0.5040018, 0.5140696, 0.5114038, 0.5024381, 0.5026511, 0.5140951, 0.5015809, 0.51472634, 0.5086004, 0.5147896, 0.5109953, 0.50204945, 0.5033918, 0.5162359, 0.50915605, 0.5169784, 0.51489145, 0.51363605, 0.5073809, 0.5096427, 0.5108173, 0.50595075, 0.5142029, 0.5133756, 0.5068948, 0.50448, 0.5114334, 0.5059153, 0.515141, 0.5154646, 0.502214, 0.5024044, 0.51016665, 0.5111097, 0.5082291, 0.50526434, 0.5043392, 0.50338674, 0.5013675, 0.50553185, 0.50955105, 0.51393306, 0.5041485, 0.5020918, 0.5143679, 0.5101396, 0.51327896, 0.50184697, 0.51601213, 0.51620936, 0.5153929, 0.5092618, 0.50836104, 0.51127887, 0.5104453, 0.5106638, 0.50988, 0.5030369, 0.5128179, 0.5140268, 0.5122989, 0.5123008, 0.50859344, 0.50427437, 0.5146971, 0.5146416, 0.5146432, 0.5121928, 0.5136707, 0.5163609, 0.51421994, 0.50981957, 0.50956553, 0.5096739, 0.50968665, 0.513813, 0.51078874, 0.5020341, 0.50165325, 0.5107797, 0.5137502, 0.51101863, 0.51334995, 0.5132861, 0.5134822, 0.5120312, 0.5107234, 0.5019642, 0.5165445, 0.5167244, 0.5169628, 0.5029997, 0.5066994, 0.50182104, 0.5038644, 0.514356, 0.50972253, 0.5069172, 0.5037669, 0.51595324, 0.5155082, 0.5127517, 0.50678027, 0.5130958, 0.5136859, 0.5130895, 0.51691586, 0.50785065, 0.5061564, 0.50673324, 0.513438, 0.5119053, 0.51171875, 0.5096478, 0.5047965, 0.5087263, 0.5090991, 0.5097839, 0.509257, 0.51008236, 0.5087938, 0.50763875, 0.5017492, 0.5128597, 0.51185703, 0.50140285, 0.5027375, 0.5120712, 0.50459665, 0.5100287, 0.5139376, 0.5136725, 0.5120937, 0.5108815, 0.5096141, 0.5053272, 0.50430065, 0.50093544, 0.5086352, 0.5104229, 0.510605, 0.5018546, 0.51599944, 0.51430565, 0.5135366, 0.5039327, 0.502008, 0.51226896, 0.51211715, 0.51484805, 0.51070005, 0.51041, 0.50939035, 0.5017219, 0.50614625, 0.50189114, 0.515442, 0.5128991, 0.51346004, 0.50956047, 0.50831604, 0.5072086, 0.5025615, 0.5095726, 0.5121887, 0.51530063, 0.5090049, 0.51270986, 0.5145218, 0.5151731, 0.5158674, 0.51182324, 0.51492685, 0.5151925, 0.5147098, 0.5034716, 0.51065916, 0.51380265, 0.502181]
[0.5130993, 0.5140969, 0.51537836, 0.5116734, 0.5125614, 0.51102006, 0.51040787, 0.51398575, 0.5056322, 0.50172865, 0.5022522, 0.5119271, 0.51357925, 0.5098413, 0.50619894, 0.51273537, 0.51140165, 0.51534814, 0.5133209, 0.50849056, 0.5089633, 0.5113491, 0.51508343, 0.51133573, 0.5162687, 0.51151633, 0.5099587, 0.5074728, 0.5006392, 0.50121826, 0.5142799, 0.5051634, 0.5080842, 0.49981672, 0.5056418, 0.50756764, 0.51526034, 0.50114465, 0.50068355, 0.5122466, 0.5100134, 0.5098899, 0.5092477, 0.50906175, 0.51427776, 0.51305246, 0.50590205, 0.50936735, 0.50865436, 0.507988, 0.51569676, 0.5130654, 0.50871915, 0.51358896, 0.51487356, 0.5105061, 0.5160488, 0.5082615, 0.51331276, 0.51360315, 0.51343477, 0.50871634, 0.50885206, 0.5062018, 0.5143908, 0.51190686, 0.5111673, 0.49987856, 0.50729233, 0.5082976, 0.5078936, 0.50883657, 0.5120808, 0.50414395, 0.49976057, 0.51198083, 0.5136071, 0.5121434, 0.50674504, 0.5076095, 0.5112513, 0.5134126, 0.5097349, 0.508005, 0.507867, 0.5078016, 0.5073142, 0.5081337, 0.5014844, 0.49967888, 0.50056815, 0.5007802, 0.50139415, 0.501021, 0.50695163, 0.5109108, 0.5119791, 0.514335, 0.5133273, 0.51254064, 0.51263416, 0.5133121, 0.5074212, 0.51568925, 0.51651675, 0.5148393, 0.5082933, 0.5166403, 0.50793433, 0.51526314, 0.51618195, 0.5072373, 0.50991225, 0.509995, 0.51177865, 0.50828177, 0.50203294, 0.5007173, 0.51292735, 0.5108513, 0.5006238, 0.49967512, 0.5137825, 0.5012484, 0.5140407, 0.5084805, 0.51454747, 0.51071745, 0.5008479, 0.4998841, 0.51573426, 0.50836897, 0.5164525, 0.5132313, 0.5127688, 0.5065626, 0.51072127, 0.51142055, 0.5068508, 0.5128354, 0.5130002, 0.5081916, 0.506518, 0.51059437, 0.5063327, 0.5150987, 0.51484066, 0.5035324, 0.5015752, 0.50979686, 0.5102839, 0.5035845, 0.5010551, 0.50047743, 0.49990776, 0.50080675, 0.5056185, 0.5090959, 0.5124422, 0.5011097, 0.50202954, 0.5132236, 0.5087064, 0.5111243, 0.5030879, 0.51553524, 0.51632804, 0.5152549, 0.50841683, 0.50782573, 0.5111071, 0.5100429, 0.5093566, 0.50939465, 0.5000481, 0.5133153, 0.5127422, 0.5114413, 0.51168764, 0.5079576, 0.5011798, 0.51316506, 0.5135517, 0.5141018, 0.511626, 0.51316375, 0.51576746, 0.5129413, 0.51012695, 0.51032233, 0.51102614, 0.50981796, 0.5130403, 0.51047736, 0.50380975, 0.50051665, 0.51026684, 0.5129918, 0.5110707, 0.51267636, 0.51312196, 0.51307106, 0.5114626, 0.51118475, 0.5001028, 0.51627046, 0.5166193, 0.5165135, 0.5004042, 0.5028163, 0.50520813, 0.506108, 0.51384604, 0.50880325, 0.5081959, 0.50636756, 0.5153403, 0.5149255, 0.51149535, 0.5067557, 0.5124235, 0.5132501, 0.51266223, 0.5164405, 0.5089469, 0.507307, 0.5075699, 0.51278216, 0.5117762, 0.5115747, 0.509373, 0.50658774, 0.5077648, 0.50960237, 0.50982726, 0.5099769, 0.5091354, 0.5083202, 0.5068818, 0.5017516, 0.51207805, 0.511703, 0.50168425, 0.5041932, 0.511265, 0.50641453, 0.5095284, 0.51305515, 0.51247776, 0.51110184, 0.50997645, 0.50873804, 0.5059526, 0.50082654, 0.50047714, 0.5071811, 0.50909925, 0.50944525, 0.5049752, 0.51523817, 0.51315445, 0.5123801, 0.50027823, 0.5009743, 0.51230234, 0.5116028, 0.5145395, 0.50961703, 0.50954056, 0.5096345, 0.5002862, 0.50277275, 0.5021621, 0.51496685, 0.5124942, 0.5129616, 0.5095234, 0.5084795, 0.5077792, 0.5005656, 0.50861526, 0.51104456, 0.5141257, 0.50830853, 0.51241136, 0.51335865, 0.5141193, 0.51505625, 0.5107986, 0.51479554, 0.51375157, 0.5135463, 0.5056751, 0.5101104, 0.5135909, 0.5046636]
[0.5130331, 0.51461434, 0.515434, 0.51303846, 0.51284146, 0.51145154, 0.5100628, 0.5138663, 0.5029295, 0.50214165, 0.5025786, 0.5108274, 0.51420724, 0.51004034, 0.50493616, 0.5140434, 0.5117187, 0.5149135, 0.51467246, 0.5077747, 0.50949347, 0.51335466, 0.515363, 0.5121324, 0.51562786, 0.5121197, 0.5098931, 0.5074789, 0.5007961, 0.5009379, 0.5143499, 0.50402284, 0.5082809, 0.5004745, 0.50519514, 0.507227, 0.5152033, 0.5012105, 0.500888, 0.5113764, 0.509811, 0.5098251, 0.5088749, 0.50987744, 0.5147693, 0.51301926, 0.50772774, 0.51115066, 0.5098707, 0.50913996, 0.51560843, 0.5129967, 0.50902086, 0.5133866, 0.51497376, 0.511078, 0.51595247, 0.50727737, 0.51307225, 0.513586, 0.51322, 0.5094679, 0.5080556, 0.50702536, 0.51340955, 0.5117701, 0.5116685, 0.50036114, 0.5066316, 0.5097842, 0.5087084, 0.50964874, 0.51244366, 0.50573087, 0.5009177, 0.5133179, 0.5134628, 0.511835, 0.5071337, 0.5090801, 0.5118695, 0.51286095, 0.51113117, 0.5079128, 0.5081827, 0.5079671, 0.5069062, 0.5088111, 0.50129443, 0.4999386, 0.4999634, 0.500554, 0.5010766, 0.501056, 0.5071257, 0.5121777, 0.5120115, 0.5147261, 0.5138985, 0.5129351, 0.51297516, 0.51344776, 0.5076301, 0.51631707, 0.5165122, 0.5152545, 0.5088752, 0.5162222, 0.508605, 0.5158893, 0.51532304, 0.5080145, 0.5098893, 0.5091198, 0.5119402, 0.5089074, 0.49980208, 0.50123143, 0.51328504, 0.5112485, 0.5012539, 0.4999064, 0.51351976, 0.5005591, 0.5139713, 0.508803, 0.514104, 0.51011884, 0.5009037, 0.5001345, 0.5156505, 0.5086436, 0.5165558, 0.5143494, 0.5126928, 0.50659573, 0.5096119, 0.509999, 0.50606734, 0.5137517, 0.5127347, 0.50730896, 0.50456935, 0.5108581, 0.50753814, 0.51427674, 0.5151053, 0.5009806, 0.5005099, 0.51035655, 0.51078606, 0.5029564, 0.5014215, 0.50085497, 0.5005886, 0.500226, 0.5048113, 0.5095269, 0.513523, 0.5012696, 0.50004786, 0.5141531, 0.51032853, 0.51321256, 0.5001195, 0.5154246, 0.5160784, 0.51465106, 0.5093995, 0.5089396, 0.5111556, 0.5102804, 0.5097217, 0.5100369, 0.50072163, 0.512207, 0.5136672, 0.512303, 0.5124978, 0.5081531, 0.5013282, 0.51426804, 0.5138505, 0.51411825, 0.5117202, 0.51314765, 0.51560587, 0.5137061, 0.51008904, 0.50995743, 0.51005787, 0.5102052, 0.51326406, 0.5102072, 0.5025367, 0.5006729, 0.5105623, 0.51317173, 0.5107131, 0.51323, 0.5129008, 0.5133328, 0.511975, 0.5111392, 0.5006947, 0.5159139, 0.51607984, 0.5160764, 0.49995828, 0.5022003, 0.50488645, 0.50698435, 0.51402557, 0.50883174, 0.5084274, 0.50599843, 0.51514757, 0.51476645, 0.51255137, 0.508205, 0.5129115, 0.51316255, 0.5128053, 0.51603055, 0.50764364, 0.5076618, 0.5080838, 0.512635, 0.5109354, 0.5107533, 0.50955427, 0.50644654, 0.5091969, 0.50959176, 0.50977254, 0.50934464, 0.5096363, 0.5090456, 0.50814396, 0.50036466, 0.51167566, 0.5109568, 0.50234866, 0.5039288, 0.5115938, 0.5063712, 0.5099494, 0.5131506, 0.5130381, 0.51134795, 0.5103244, 0.5093929, 0.506927, 0.50087416, 0.5006711, 0.50864816, 0.5105149, 0.51075166, 0.50440097, 0.51538974, 0.51375246, 0.5129662, 0.50081336, 0.5000988, 0.51181155, 0.5119097, 0.5140348, 0.51026034, 0.50995564, 0.5092091, 0.50011724, 0.5020755, 0.5032718, 0.5146702, 0.5116493, 0.5127829, 0.50942206, 0.508618, 0.5078313, 0.50009423, 0.5092698, 0.511083, 0.5146743, 0.5084941, 0.51227975, 0.5140314, 0.51495254, 0.5153505, 0.51125157, 0.51431215, 0.5149654, 0.51456434, 0.50617635, 0.510897, 0.51381326, 0.5043604]
[0.5161081, 0.51662654, 0.51789623, 0.5140557, 0.5147626, 0.5128692, 0.5119908, 0.5163161, 0.5035019, 0.4996437, 0.5007719, 0.51418215, 0.51579374, 0.5119751, 0.50622046, 0.51489484, 0.51330644, 0.5176915, 0.51536053, 0.50984126, 0.510077, 0.51341677, 0.5170523, 0.51332444, 0.51854765, 0.51392233, 0.51254267, 0.50975335, 0.50026655, 0.50077754, 0.516893, 0.5034381, 0.5101689, 0.49960572, 0.50385976, 0.5061978, 0.51753175, 0.5013288, 0.5008091, 0.5145934, 0.5120503, 0.51222265, 0.5122578, 0.5099226, 0.51703405, 0.51591295, 0.50679797, 0.51205486, 0.5106663, 0.5103418, 0.5187205, 0.51508224, 0.5103934, 0.51600057, 0.5171943, 0.5125389, 0.51823103, 0.5105127, 0.51587, 0.51624864, 0.5157381, 0.51063424, 0.51175666, 0.50540775, 0.51666737, 0.51388305, 0.5134266, 0.50046164, 0.5082426, 0.5101121, 0.5090631, 0.5107489, 0.51448035, 0.50282425, 0.49964988, 0.5141772, 0.5162457, 0.5145568, 0.5067795, 0.50894785, 0.512733, 0.5159812, 0.51208067, 0.50874543, 0.5094529, 0.5089627, 0.5092043, 0.5097441, 0.5013487, 0.50007486, 0.50071746, 0.50127757, 0.50134933, 0.5011893, 0.5090885, 0.51318, 0.51461446, 0.5169245, 0.51573, 0.51486593, 0.5147035, 0.51554674, 0.50885457, 0.5183505, 0.51879936, 0.51701605, 0.5108989, 0.5190976, 0.50986624, 0.51766396, 0.51856595, 0.5093375, 0.5121465, 0.51144767, 0.5136943, 0.510063, 0.49931762, 0.50126046, 0.5159835, 0.51334065, 0.4995749, 0.5004337, 0.5162538, 0.50119376, 0.5166772, 0.5105426, 0.51684237, 0.5130185, 0.49979326, 0.49976838, 0.51804966, 0.5102884, 0.51849395, 0.5154545, 0.51533127, 0.50890195, 0.51279086, 0.5135024, 0.50784165, 0.51497644, 0.51519215, 0.5096861, 0.50810564, 0.5129933, 0.5045983, 0.5170407, 0.51681125, 0.4998931, 0.49933416, 0.51164633, 0.51203966, 0.5030203, 0.5011304, 0.50046754, 0.5004688, 0.49926224, 0.507145, 0.51024103, 0.5142885, 0.5018663, 0.5019443, 0.51535064, 0.51027346, 0.5132223, 0.5037983, 0.5179539, 0.5191314, 0.5179168, 0.51040864, 0.5096515, 0.513044, 0.5122449, 0.5113668, 0.51060325, 0.5003881, 0.51563936, 0.5150923, 0.5135178, 0.51374066, 0.50955755, 0.5015298, 0.51539415, 0.515921, 0.51654595, 0.5135145, 0.51532954, 0.5181417, 0.5157482, 0.5118308, 0.5123061, 0.51299477, 0.511757, 0.51527953, 0.5123201, 0.5015396, 0.49936554, 0.5123067, 0.51499957, 0.5132059, 0.5149266, 0.5152837, 0.5155713, 0.51342815, 0.51322025, 0.49997878, 0.518781, 0.5191936, 0.5186118, 0.5006166, 0.50269186, 0.50342673, 0.50674206, 0.5163209, 0.5109533, 0.50920534, 0.505086, 0.5176085, 0.51715297, 0.51413697, 0.5055498, 0.5149533, 0.51601464, 0.5154222, 0.51889646, 0.5110447, 0.50833917, 0.5091711, 0.5152658, 0.51422215, 0.51432425, 0.511493, 0.507954, 0.5095098, 0.5118266, 0.51226604, 0.5122075, 0.5112458, 0.51026577, 0.508732, 0.50106543, 0.5142021, 0.51386124, 0.50106126, 0.5032014, 0.51335007, 0.50664085, 0.51199734, 0.5152025, 0.5144983, 0.51345235, 0.51193213, 0.51053244, 0.507089, 0.50099266, 0.4992867, 0.5091447, 0.51133233, 0.5113861, 0.5050666, 0.5182604, 0.515508, 0.5147743, 0.50067157, 0.50022656, 0.5148072, 0.51403767, 0.51727945, 0.5115283, 0.51149714, 0.5117766, 0.49952802, 0.50207394, 0.50076586, 0.5169431, 0.5151719, 0.5154876, 0.51210415, 0.5097482, 0.51014113, 0.50098103, 0.510596, 0.5130123, 0.51660806, 0.5099326, 0.5144799, 0.5161085, 0.5165754, 0.5176785, 0.5130011, 0.5173177, 0.51611537, 0.5156791, 0.50221586, 0.511906, 0.51630396, 0.501492]
[0.51153576, 0.5122627, 0.51311547, 0.51089376, 0.5109337, 0.5095523, 0.5088545, 0.511784, 0.5028848, 0.5032533, 0.5038961, 0.5093, 0.51163155, 0.50828123, 0.5037737, 0.5113469, 0.5099477, 0.5124613, 0.5117848, 0.507023, 0.5077348, 0.51099193, 0.5126715, 0.5102333, 0.5129843, 0.5105837, 0.509012, 0.50680137, 0.50166935, 0.50316644, 0.51232815, 0.5042357, 0.50691986, 0.5013921, 0.50478375, 0.50560254, 0.5127738, 0.5011612, 0.4999994, 0.5095203, 0.507945, 0.5078585, 0.50803256, 0.5071972, 0.5122554, 0.51168513, 0.5058699, 0.5093219, 0.50845534, 0.5083008, 0.51327175, 0.5105833, 0.50725555, 0.511614, 0.5124801, 0.509187, 0.5134621, 0.50712895, 0.51169306, 0.5118885, 0.51100075, 0.5074686, 0.5070741, 0.50556916, 0.51172364, 0.51019996, 0.50992846, 0.5012043, 0.50682706, 0.50790983, 0.5070995, 0.50759935, 0.51038796, 0.5043585, 0.5014529, 0.5110595, 0.5118191, 0.5102744, 0.505175, 0.5072612, 0.5097342, 0.5112371, 0.5092685, 0.5062331, 0.5068521, 0.5066451, 0.50646955, 0.50731045, 0.5030547, 0.50011516, 0.5003437, 0.5010802, 0.50125796, 0.50150305, 0.50695175, 0.51005656, 0.5105281, 0.5123275, 0.51189655, 0.51067513, 0.510592, 0.5110591, 0.5071535, 0.5135153, 0.5138896, 0.5124873, 0.50747836, 0.51375574, 0.5070825, 0.5130166, 0.5129106, 0.5069073, 0.50870645, 0.5074886, 0.510072, 0.5073812, 0.50043684, 0.5021376, 0.51153946, 0.5092571, 0.5009163, 0.50008935, 0.51148134, 0.5020106, 0.512017, 0.5078599, 0.5118601, 0.50865334, 0.50088257, 0.50039655, 0.5129472, 0.5080216, 0.51374, 0.5121077, 0.5110814, 0.50668657, 0.508698, 0.50904495, 0.50619304, 0.5111985, 0.5107704, 0.5069525, 0.505519, 0.509344, 0.505584, 0.5122054, 0.5122548, 0.5009907, 0.5007942, 0.50892186, 0.5092253, 0.5066239, 0.5029269, 0.50110596, 0.5009652, 0.50251424, 0.5065366, 0.507871, 0.51138127, 0.5008465, 0.50206727, 0.5115117, 0.50861645, 0.5110506, 0.50177723, 0.51293814, 0.51331556, 0.51253015, 0.5080954, 0.50750965, 0.50899816, 0.50896025, 0.50806916, 0.5081802, 0.49997473, 0.51023185, 0.5114156, 0.5102333, 0.51024497, 0.5070971, 0.50177085, 0.5114845, 0.51202595, 0.51185393, 0.50993735, 0.51107895, 0.51318437, 0.5116615, 0.5077492, 0.50789744, 0.50836617, 0.5082139, 0.51107323, 0.50836384, 0.5021183, 0.5017413, 0.5087252, 0.5109192, 0.5090724, 0.51084876, 0.5111064, 0.5112867, 0.5094472, 0.50900495, 0.5014739, 0.5135288, 0.5137146, 0.5133507, 0.5003461, 0.50472146, 0.5036603, 0.5058567, 0.5114132, 0.5079236, 0.5068046, 0.50455475, 0.5125593, 0.512635, 0.5106068, 0.5057163, 0.5108566, 0.5110017, 0.5108418, 0.51356304, 0.5069111, 0.5055787, 0.5059943, 0.51080585, 0.5099674, 0.5096908, 0.50812423, 0.50638103, 0.507841, 0.50820416, 0.50858027, 0.50815606, 0.5086154, 0.50776124, 0.507183, 0.5039781, 0.51041096, 0.5097636, 0.5030509, 0.5040204, 0.5099221, 0.50542, 0.50841683, 0.511244, 0.5107977, 0.50946677, 0.5085499, 0.50753784, 0.5057827, 0.50159657, 0.503527, 0.5074208, 0.50871503, 0.508815, 0.5032243, 0.51287305, 0.5115685, 0.51084036, 0.5013617, 0.5011869, 0.51028055, 0.5098932, 0.51237476, 0.5082535, 0.5082179, 0.50804925, 0.5016286, 0.5045895, 0.50416917, 0.5124819, 0.5103606, 0.51106936, 0.5079455, 0.50724566, 0.50706166, 0.5004434, 0.5076643, 0.5098062, 0.5124147, 0.5075402, 0.51066047, 0.51213706, 0.5122938, 0.5129907, 0.50958854, 0.512187, 0.51200825, 0.51163405, 0.504538, 0.50881577, 0.5118293, 0.5029383]
[0.5124837, 0.51300025, 0.5141364, 0.5116052, 0.512084, 0.510443, 0.50968134, 0.5129797, 0.50385803, 0.50220305, 0.5028082, 0.5106266, 0.5124897, 0.50891167, 0.5052302, 0.5116691, 0.51069134, 0.51364696, 0.5125211, 0.50806296, 0.50822836, 0.5113257, 0.5134537, 0.51094526, 0.51397276, 0.511456, 0.5096444, 0.5072367, 0.5019894, 0.50310796, 0.51334363, 0.50451684, 0.5079044, 0.50047636, 0.50519896, 0.506982, 0.5139519, 0.5019387, 0.50153834, 0.51092744, 0.50916475, 0.5081977, 0.5089999, 0.50815445, 0.51327366, 0.51244825, 0.5063935, 0.50996387, 0.50909966, 0.50890136, 0.5142265, 0.5115886, 0.50787914, 0.51249397, 0.51355475, 0.5100158, 0.514416, 0.5074667, 0.5124379, 0.5125668, 0.5120156, 0.50838333, 0.50801504, 0.5063504, 0.5129952, 0.5109607, 0.5106802, 0.50086766, 0.50727785, 0.50872296, 0.50766134, 0.50825053, 0.51108956, 0.5042228, 0.501101, 0.51178867, 0.5128038, 0.51142937, 0.5050775, 0.507194, 0.5104066, 0.51218855, 0.51021653, 0.50656, 0.50702435, 0.5072555, 0.50698495, 0.5077694, 0.5026436, 0.50024897, 0.50046873, 0.50130326, 0.50221705, 0.5017246, 0.507022, 0.5106862, 0.5115022, 0.51362485, 0.5126398, 0.51161706, 0.5114255, 0.5118022, 0.5073163, 0.51450276, 0.5144244, 0.5135732, 0.5081508, 0.51475126, 0.50769126, 0.51381236, 0.5140028, 0.50756985, 0.5095555, 0.5091966, 0.5110006, 0.5079129, 0.5010618, 0.5013213, 0.51256436, 0.51024634, 0.5009347, 0.5002297, 0.51228625, 0.50196815, 0.51285446, 0.5084908, 0.5129071, 0.5096767, 0.5002475, 0.49997282, 0.51389736, 0.5086951, 0.51485735, 0.5130023, 0.511996, 0.5065792, 0.50982594, 0.5102446, 0.5063513, 0.51176196, 0.51174545, 0.50778913, 0.5062374, 0.50986737, 0.5062894, 0.51317835, 0.51320934, 0.5013158, 0.5009455, 0.5094744, 0.5103432, 0.50587016, 0.5024812, 0.5012683, 0.50116426, 0.50166327, 0.506701, 0.5087326, 0.51236135, 0.5012818, 0.50117606, 0.51247054, 0.5091518, 0.5116444, 0.5015517, 0.5141001, 0.51431745, 0.51366436, 0.50856763, 0.5078951, 0.51010996, 0.5094512, 0.50890523, 0.50896764, 0.5009447, 0.5115437, 0.5122846, 0.5111354, 0.51116323, 0.507864, 0.5019852, 0.5123015, 0.5127457, 0.51257414, 0.510753, 0.5119365, 0.5141565, 0.5122063, 0.50914997, 0.50924927, 0.50927055, 0.508955, 0.511737, 0.5096008, 0.50262123, 0.50176, 0.50974417, 0.51177466, 0.51013345, 0.5118486, 0.5122941, 0.5123909, 0.5101343, 0.51019627, 0.5009643, 0.514325, 0.51466274, 0.51452345, 0.5004612, 0.50432914, 0.5043838, 0.50558543, 0.51232177, 0.50855726, 0.50763416, 0.5048931, 0.5135146, 0.51365954, 0.5110912, 0.5063259, 0.5117871, 0.51219565, 0.51191, 0.51478726, 0.5074795, 0.5060122, 0.506551, 0.51168007, 0.5109094, 0.51049864, 0.5089419, 0.50664884, 0.50853586, 0.5089226, 0.50951725, 0.5091818, 0.5094084, 0.5083387, 0.5074089, 0.5030426, 0.51084214, 0.51043487, 0.50251967, 0.50360805, 0.51086396, 0.5059713, 0.50928795, 0.511894, 0.51174045, 0.51060027, 0.5095533, 0.5085639, 0.50579196, 0.50185704, 0.50185084, 0.508168, 0.50957763, 0.50978005, 0.5035187, 0.5138625, 0.5120874, 0.51147556, 0.5010959, 0.5008026, 0.51143783, 0.5109788, 0.51295185, 0.5092989, 0.50931144, 0.508827, 0.5005569, 0.5045006, 0.5034449, 0.51344424, 0.5115401, 0.51190084, 0.50873744, 0.50774676, 0.5075779, 0.50071853, 0.5082369, 0.51054215, 0.5132339, 0.5080144, 0.511512, 0.51300246, 0.51324713, 0.5138848, 0.510286, 0.5134311, 0.5130249, 0.5124432, 0.5037275, 0.5099799, 0.5126244, 0.50349146]
[0.51590604, 0.51811343, 0.51976335, 0.51608586, 0.5158645, 0.5140221, 0.51204544, 0.51780456, 0.5017351, 0.5007291, 0.4998844, 0.5133845, 0.5177558, 0.5123248, 0.5034256, 0.5176069, 0.5148527, 0.51942444, 0.51826197, 0.5087552, 0.5111095, 0.51617974, 0.51982033, 0.51491785, 0.5201312, 0.5148588, 0.51120293, 0.50721097, 0.5042474, 0.5049827, 0.5185523, 0.5027526, 0.5081566, 0.5012841, 0.5054113, 0.5092298, 0.52013236, 0.5039343, 0.50335926, 0.51428205, 0.5107813, 0.51089495, 0.51060444, 0.51192397, 0.51821434, 0.51606214, 0.5085735, 0.5132316, 0.5117476, 0.5107343, 0.5201124, 0.51626134, 0.51065356, 0.5168849, 0.5194418, 0.5130615, 0.5207128, 0.50888896, 0.51667285, 0.51737815, 0.5171243, 0.51081556, 0.5093684, 0.5074547, 0.51723886, 0.5150549, 0.5143348, 0.50277644, 0.5077615, 0.5118634, 0.5109693, 0.5119723, 0.51570714, 0.5048085, 0.50087565, 0.51588064, 0.5173823, 0.51496613, 0.5083305, 0.5102193, 0.5143555, 0.5169355, 0.5130548, 0.5106055, 0.5099275, 0.5099005, 0.5056331, 0.5096659, 0.5048005, 0.5023681, 0.50240314, 0.50308174, 0.5038171, 0.50407946, 0.5059885, 0.5149745, 0.5144869, 0.518918, 0.51761717, 0.5166523, 0.5162246, 0.5165273, 0.5093475, 0.52095765, 0.52138, 0.51941425, 0.50934154, 0.52110887, 0.5097545, 0.52032006, 0.51938254, 0.5091111, 0.5125017, 0.5115068, 0.514384, 0.5103272, 0.50164956, 0.5033641, 0.5169299, 0.51412886, 0.5006637, 0.5023056, 0.51687306, 0.500808, 0.5172059, 0.5099262, 0.5181685, 0.51189613, 0.50129586, 0.5020194, 0.52055407, 0.5099794, 0.52200943, 0.5177853, 0.5157839, 0.50500184, 0.51209354, 0.5124663, 0.5065346, 0.5171451, 0.5167775, 0.50826824, 0.50338435, 0.5128817, 0.5088282, 0.51879215, 0.51942277, 0.5003912, 0.5009517, 0.51257056, 0.51288205, 0.50753564, 0.50446916, 0.5031873, 0.50283456, 0.5005383, 0.50470865, 0.5115243, 0.5164885, 0.50391304, 0.5023544, 0.51781183, 0.51153827, 0.5159205, 0.50216424, 0.52065027, 0.52093446, 0.5188996, 0.510989, 0.50993776, 0.51404613, 0.512247, 0.51044434, 0.5123045, 0.50322545, 0.5154331, 0.5159148, 0.5150251, 0.51518524, 0.50923103, 0.504382, 0.5176438, 0.51707095, 0.51806694, 0.5142362, 0.5164765, 0.5200735, 0.5166127, 0.5121816, 0.5117545, 0.51272285, 0.51253355, 0.51688236, 0.512877, 0.500424, 0.5016085, 0.5134623, 0.5155918, 0.5133503, 0.5165464, 0.51622325, 0.5165695, 0.5150968, 0.51410335, 0.5015718, 0.5208768, 0.52113193, 0.52099663, 0.50286573, 0.5062979, 0.50446045, 0.50650257, 0.51829743, 0.51062435, 0.51019377, 0.50583845, 0.5191827, 0.5189825, 0.51528746, 0.509664, 0.51635766, 0.51679826, 0.5152312, 0.5207325, 0.5089483, 0.50837564, 0.50908536, 0.51571286, 0.51352507, 0.51354426, 0.51142466, 0.5069222, 0.5112631, 0.5121352, 0.51296824, 0.5108892, 0.51147354, 0.5102698, 0.50869316, 0.5001471, 0.5146548, 0.51366794, 0.50010926, 0.50265867, 0.5145757, 0.5047078, 0.5121204, 0.5163168, 0.51626074, 0.513801, 0.5123456, 0.51075304, 0.5055818, 0.50354016, 0.50127345, 0.5091102, 0.51233083, 0.51267105, 0.5023229, 0.5198799, 0.5172713, 0.51629007, 0.5035477, 0.5015966, 0.5141412, 0.5144182, 0.5176833, 0.51183045, 0.51195145, 0.5109246, 0.5025968, 0.50622636, 0.50315654, 0.5190361, 0.5142028, 0.516428, 0.51130104, 0.50982887, 0.50828314, 0.5032797, 0.50942224, 0.5127453, 0.51842237, 0.50961375, 0.51538336, 0.5179654, 0.5190062, 0.5198118, 0.51323724, 0.51825875, 0.51930237, 0.51875836, 0.50586736, 0.51273334, 0.5182449, 0.50294983]
[0.5141865, 0.51469773, 0.51603997, 0.5130412, 0.51351744, 0.5120238, 0.51100326, 0.5147606, 0.50468504, 0.50389624, 0.5043304, 0.5120278, 0.5141324, 0.510329, 0.50665873, 0.513588, 0.5121978, 0.51560026, 0.51437753, 0.50888675, 0.509329, 0.51275754, 0.515312, 0.5121879, 0.51634306, 0.5128096, 0.5110859, 0.5086578, 0.50058943, 0.5010484, 0.5155229, 0.5054882, 0.50954235, 0.5014718, 0.5049978, 0.50650954, 0.51577735, 0.50145155, 0.5007425, 0.51273227, 0.5107203, 0.5110088, 0.510525, 0.5096831, 0.5148758, 0.5141879, 0.5065131, 0.51107347, 0.51009566, 0.5100182, 0.5162581, 0.51337224, 0.50968325, 0.5139557, 0.51556176, 0.51099837, 0.51635957, 0.5090792, 0.5143591, 0.5144449, 0.5140349, 0.5093002, 0.5097751, 0.50613755, 0.5146898, 0.512715, 0.5120715, 0.50124973, 0.5081637, 0.50968266, 0.5092211, 0.5096762, 0.51300794, 0.50458306, 0.50212115, 0.51327443, 0.5143157, 0.5130621, 0.5076321, 0.5089231, 0.51192695, 0.5140981, 0.51121205, 0.5077995, 0.5085269, 0.50803334, 0.50806904, 0.5085699, 0.5016664, 0.50095093, 0.5001621, 0.5007264, 0.5008709, 0.5001816, 0.5086659, 0.51186883, 0.51310647, 0.51514083, 0.51397437, 0.513221, 0.5132453, 0.51360047, 0.5081192, 0.51668704, 0.51672304, 0.51561505, 0.5094393, 0.5170772, 0.50880283, 0.5158942, 0.5163896, 0.50821537, 0.5107795, 0.5103246, 0.5125147, 0.5087006, 0.5018921, 0.5013164, 0.51395535, 0.51151794, 0.50188935, 0.5008018, 0.5141295, 0.5030226, 0.5147269, 0.50950557, 0.51507914, 0.51171833, 0.5021737, 0.5008998, 0.5163294, 0.509283, 0.5166973, 0.5143618, 0.5136609, 0.5078367, 0.51104695, 0.51181954, 0.5076956, 0.5135616, 0.5133832, 0.5085179, 0.50766593, 0.51156396, 0.5068089, 0.51546186, 0.51537204, 0.5019672, 0.50165147, 0.5107734, 0.51141834, 0.5045086, 0.50132394, 0.5001528, 0.5007293, 0.5021732, 0.5073354, 0.50978106, 0.5134596, 0.50188017, 0.5035666, 0.5141668, 0.51005274, 0.51297385, 0.5038417, 0.51588047, 0.5166923, 0.5159396, 0.5097736, 0.5088424, 0.5115017, 0.5106231, 0.51041776, 0.50990486, 0.50026745, 0.51348346, 0.51413393, 0.51237583, 0.5121814, 0.50902814, 0.50156146, 0.5140137, 0.5144553, 0.51473296, 0.51239073, 0.51391697, 0.51621324, 0.51373935, 0.51092064, 0.51125884, 0.51124316, 0.51042897, 0.513572, 0.5112317, 0.5046817, 0.5024162, 0.5109089, 0.5132452, 0.511732, 0.5136614, 0.5137588, 0.51364267, 0.5120823, 0.5116725, 0.50152636, 0.51676786, 0.5168481, 0.51659864, 0.50047797, 0.50368863, 0.50496787, 0.5055886, 0.5143125, 0.5101988, 0.5087083, 0.5051055, 0.5156207, 0.5154906, 0.51248413, 0.5071835, 0.51329184, 0.51419085, 0.51337373, 0.51688445, 0.5091493, 0.5071784, 0.50796723, 0.5133575, 0.5126518, 0.51247275, 0.51052916, 0.5075567, 0.5092812, 0.5106337, 0.51116306, 0.51062673, 0.51027876, 0.50938636, 0.50819117, 0.50300354, 0.5127736, 0.51215464, 0.5033289, 0.5044557, 0.5120403, 0.5070455, 0.51060796, 0.5135973, 0.51328325, 0.51205784, 0.51085365, 0.5098555, 0.5066636, 0.5008042, 0.50292987, 0.5089888, 0.5103807, 0.51063627, 0.5059025, 0.5161147, 0.5140249, 0.51318544, 0.5004565, 0.50283587, 0.5129431, 0.51233584, 0.51501274, 0.51083565, 0.5108212, 0.5105844, 0.50125974, 0.5029332, 0.5033623, 0.5154223, 0.51310337, 0.51367545, 0.5106131, 0.50880504, 0.50890046, 0.50062853, 0.5096872, 0.51220363, 0.5153402, 0.50833803, 0.513074, 0.5145291, 0.5149551, 0.51560414, 0.51174134, 0.5152301, 0.51451474, 0.5139837, 0.50396377, 0.5108605, 0.51458555, 0.50459695]
[0.5113934, 0.51246524, 0.51289654, 0.5107938, 0.510999, 0.5093316, 0.508008, 0.5115733, 0.50085086, 0.5014909, 0.50212115, 0.5092534, 0.5114982, 0.5077943, 0.5021996, 0.51082677, 0.5098811, 0.51261264, 0.5115308, 0.5055962, 0.5069397, 0.5104607, 0.51280355, 0.5099299, 0.51311296, 0.5103065, 0.50846446, 0.5054505, 0.5043586, 0.5054967, 0.51251376, 0.50194997, 0.5061065, 0.5012908, 0.50218356, 0.5034292, 0.5126457, 0.50443304, 0.5034883, 0.50991833, 0.5079203, 0.50782037, 0.50791794, 0.5065696, 0.5123991, 0.5108432, 0.5028596, 0.50918055, 0.5080405, 0.50752366, 0.5132143, 0.5105135, 0.5067412, 0.5112641, 0.51268107, 0.50863844, 0.51356786, 0.50570667, 0.51131004, 0.51166165, 0.5110074, 0.5068851, 0.50703055, 0.5037938, 0.5117946, 0.509898, 0.5093613, 0.5015189, 0.50568277, 0.50709516, 0.506071, 0.5070844, 0.5105812, 0.50205624, 0.5003903, 0.51047117, 0.51174587, 0.5102544, 0.50453514, 0.50639784, 0.50953454, 0.5109218, 0.5088947, 0.50509655, 0.5055258, 0.5050081, 0.5040038, 0.5063885, 0.5052205, 0.50266916, 0.5020346, 0.503406, 0.5038178, 0.5034903, 0.5054962, 0.50949156, 0.5101798, 0.5124285, 0.5114216, 0.5106514, 0.5106923, 0.5110365, 0.5059462, 0.5136906, 0.5137683, 0.51272124, 0.50673586, 0.51389825, 0.50631195, 0.5130025, 0.51324314, 0.50613946, 0.50811344, 0.5071178, 0.5098288, 0.50570685, 0.50185597, 0.50459015, 0.51124924, 0.50920767, 0.50208104, 0.50294983, 0.51121616, 0.50137615, 0.51179796, 0.5066255, 0.5119657, 0.50844646, 0.50167435, 0.5030341, 0.51298666, 0.50686395, 0.5139462, 0.51182175, 0.5103874, 0.5043164, 0.5078834, 0.508549, 0.5042939, 0.510791, 0.51050705, 0.5057864, 0.50363326, 0.50909024, 0.50503683, 0.5123395, 0.5125386, 0.50192297, 0.5022559, 0.5085339, 0.50920683, 0.5090472, 0.50542605, 0.50437945, 0.5036386, 0.50098467, 0.50367117, 0.50696814, 0.5106844, 0.5039031, 0.50174373, 0.5115349, 0.50740504, 0.5100502, 0.50173587, 0.5128999, 0.51366574, 0.512629, 0.5075645, 0.5068213, 0.50942796, 0.5079471, 0.5076918, 0.50768846, 0.5031717, 0.51042145, 0.51103115, 0.5094533, 0.509546, 0.5064439, 0.504327, 0.5116008, 0.51150984, 0.511892, 0.50953203, 0.5108742, 0.5135167, 0.51151323, 0.507951, 0.50796896, 0.50827587, 0.5077753, 0.5105814, 0.50828075, 0.5007135, 0.501121, 0.50818545, 0.5102782, 0.5084153, 0.51117206, 0.51093733, 0.5111784, 0.50949705, 0.50877756, 0.5010413, 0.5132649, 0.51328206, 0.5132152, 0.502642, 0.50711304, 0.5014816, 0.50324863, 0.51179993, 0.50720656, 0.5057325, 0.5024434, 0.5125429, 0.5126829, 0.5099122, 0.5051145, 0.51084685, 0.5110444, 0.51072705, 0.5139395, 0.5056764, 0.5052469, 0.50551206, 0.51057625, 0.509775, 0.50954425, 0.5078074, 0.50500304, 0.5067115, 0.50726646, 0.507672, 0.5072033, 0.5076976, 0.5068384, 0.50585574, 0.50058633, 0.5099714, 0.50914556, 0.5003316, 0.5015941, 0.5094324, 0.5037787, 0.50810987, 0.51094455, 0.51052004, 0.5094422, 0.50849515, 0.5072522, 0.50394416, 0.5042585, 0.50001013, 0.5067299, 0.5084418, 0.5086099, 0.50130785, 0.5130743, 0.5113963, 0.51069844, 0.50308853, 0.500879, 0.51009095, 0.50972843, 0.5118559, 0.50842565, 0.50808907, 0.5075804, 0.50074595, 0.50683594, 0.5008332, 0.5122641, 0.51004285, 0.51057124, 0.50749296, 0.50597334, 0.5056704, 0.5032508, 0.50671357, 0.5088981, 0.51226425, 0.50656587, 0.51021844, 0.51204765, 0.51230836, 0.5132088, 0.5090761, 0.5123434, 0.51242995, 0.5119097, 0.50177246, 0.5084522, 0.51148134, 0.5008532]
[0.5187024, 0.5202342, 0.52105826, 0.5174965, 0.5181018, 0.5150223, 0.5138519, 0.51933604, 0.5059084, 0.50652134, 0.50653684, 0.51569223, 0.51901215, 0.513344, 0.5065364, 0.5183958, 0.5158235, 0.52052927, 0.51944137, 0.51137316, 0.5127299, 0.51702374, 0.52040434, 0.5161545, 0.52195215, 0.51715404, 0.5148396, 0.5111154, 0.5014599, 0.5022639, 0.5200086, 0.50766414, 0.51167965, 0.5011256, 0.50715226, 0.50791544, 0.52050847, 0.5014645, 0.50064176, 0.5164037, 0.5139022, 0.51444453, 0.5133289, 0.5122595, 0.5199756, 0.51843786, 0.5082121, 0.51462704, 0.5132325, 0.51310056, 0.5215338, 0.5178595, 0.5122908, 0.5184017, 0.52063525, 0.51486754, 0.52168006, 0.51058525, 0.5190275, 0.51938826, 0.5180864, 0.5116056, 0.51164174, 0.5087431, 0.51901746, 0.5167847, 0.5162252, 0.499715, 0.51050407, 0.512336, 0.5111769, 0.5121873, 0.5177401, 0.5063394, 0.5003339, 0.51757354, 0.5191199, 0.51673484, 0.5089375, 0.5120792, 0.5161067, 0.51839846, 0.5150315, 0.5100977, 0.5108553, 0.51070523, 0.51021403, 0.5118589, 0.5022073, 0.50003684, 0.5001545, 0.50102717, 0.5013701, 0.50110936, 0.5108788, 0.5152131, 0.5165316, 0.5200546, 0.5187461, 0.517616, 0.51755863, 0.5177117, 0.5099169, 0.5217731, 0.5226732, 0.5204837, 0.512066, 0.52268094, 0.5115306, 0.5212078, 0.52131176, 0.51072454, 0.51393986, 0.5122593, 0.51679224, 0.51184857, 0.50100833, 0.50158364, 0.5187959, 0.5153138, 0.5008267, 0.49995857, 0.51895183, 0.5018963, 0.51970464, 0.51181483, 0.5190841, 0.5146402, 0.50077254, 0.5001354, 0.52179945, 0.51230305, 0.522383, 0.51936215, 0.5182999, 0.51048946, 0.5133837, 0.5145225, 0.5092186, 0.51820195, 0.5176727, 0.51053435, 0.5097005, 0.5151763, 0.50912505, 0.5202491, 0.519915, 0.5011233, 0.4998614, 0.51339245, 0.5145188, 0.50456136, 0.5020032, 0.50121164, 0.5008976, 0.50171417, 0.5099027, 0.512631, 0.5182028, 0.5007936, 0.5012031, 0.5188417, 0.51309174, 0.5170598, 0.50252575, 0.52084506, 0.5218257, 0.5208161, 0.5124276, 0.51119405, 0.5153832, 0.5141918, 0.51325, 0.5135346, 0.50040555, 0.5171982, 0.5183493, 0.5160391, 0.51628333, 0.5117603, 0.5015433, 0.5188563, 0.51922846, 0.5198559, 0.51580966, 0.51815903, 0.5211883, 0.5189786, 0.5133529, 0.51321083, 0.5132692, 0.51357293, 0.5182116, 0.5138168, 0.50425065, 0.5014683, 0.5140151, 0.5179342, 0.51529115, 0.51744986, 0.5179506, 0.51797616, 0.51555, 0.5145617, 0.5015777, 0.52236307, 0.5225658, 0.52229774, 0.5004057, 0.50337815, 0.5046134, 0.5081441, 0.51879084, 0.51284456, 0.51082355, 0.50799036, 0.5211049, 0.5202081, 0.51687485, 0.510264, 0.51743984, 0.51789504, 0.5173328, 0.52230185, 0.5113324, 0.5096684, 0.51024914, 0.5181485, 0.51575994, 0.51574373, 0.5134712, 0.509135, 0.5119029, 0.51292616, 0.5136137, 0.51310307, 0.51313615, 0.5118322, 0.5108563, 0.50343025, 0.5172712, 0.51601285, 0.5036837, 0.5056703, 0.5161066, 0.5084598, 0.5135797, 0.5181896, 0.5177698, 0.5157295, 0.51410735, 0.51274663, 0.50962365, 0.50125355, 0.50380003, 0.5116419, 0.51395214, 0.5140024, 0.5055449, 0.52109474, 0.5188576, 0.5177137, 0.50104606, 0.50216746, 0.5164881, 0.51642233, 0.52009237, 0.51386315, 0.5139851, 0.5129793, 0.49976397, 0.50314784, 0.5052863, 0.52031654, 0.5170105, 0.5177244, 0.51305383, 0.51184565, 0.5112335, 0.50058895, 0.51285356, 0.51641023, 0.5202484, 0.51189405, 0.51647615, 0.51921284, 0.5200945, 0.52094996, 0.51566404, 0.52024275, 0.5196172, 0.5188687, 0.5069389, 0.5139326, 0.5181715, 0.5050275]
[0.51407766, 0.5148248, 0.51692694, 0.5132168, 0.5137242, 0.5118474, 0.5104578, 0.5149385, 0.50283056, 0.5013254, 0.5024881, 0.51140517, 0.5148932, 0.5102585, 0.50405556, 0.5137337, 0.5124152, 0.51664144, 0.514532, 0.50760424, 0.5087615, 0.5132334, 0.5167116, 0.51222634, 0.5175352, 0.5124815, 0.5096157, 0.50638264, 0.50447714, 0.50589347, 0.515784, 0.5038184, 0.50779146, 0.501764, 0.50450397, 0.50713766, 0.516845, 0.5047355, 0.50403696, 0.512585, 0.509902, 0.5097659, 0.5095179, 0.5092672, 0.515429, 0.5142335, 0.5061708, 0.51100916, 0.50903445, 0.50853604, 0.51677287, 0.513754, 0.5089185, 0.514599, 0.51654327, 0.5107959, 0.5176564, 0.50782824, 0.5143976, 0.51485187, 0.51410586, 0.50878614, 0.508372, 0.50459886, 0.51517594, 0.5128317, 0.5119779, 0.5012706, 0.5069434, 0.50883746, 0.50833535, 0.50902987, 0.51339585, 0.5029262, 0.5010059, 0.51301265, 0.51490545, 0.51289916, 0.50709033, 0.5082737, 0.51200294, 0.5140584, 0.5101581, 0.50813276, 0.5078441, 0.5073599, 0.5053548, 0.5076414, 0.5059985, 0.50237983, 0.5035278, 0.5040336, 0.5045576, 0.50381994, 0.5060379, 0.51196134, 0.51254106, 0.5156287, 0.5145951, 0.51370156, 0.51370335, 0.5141383, 0.50772053, 0.51743364, 0.51775426, 0.5163351, 0.50741976, 0.5182436, 0.50739294, 0.51693755, 0.51685333, 0.50725365, 0.50989306, 0.50963366, 0.51227456, 0.5082029, 0.5011554, 0.50409913, 0.51403075, 0.5110258, 0.5006468, 0.50242513, 0.5141113, 0.5000191, 0.5149795, 0.5083068, 0.51556724, 0.51025885, 0.5011414, 0.50280404, 0.5173065, 0.50848615, 0.5183004, 0.5150329, 0.51346505, 0.5055172, 0.51034635, 0.51101315, 0.5059151, 0.51391286, 0.5138298, 0.50723207, 0.5047895, 0.51110905, 0.5054219, 0.51608217, 0.516179, 0.5013783, 0.5003047, 0.5099263, 0.5109752, 0.51020354, 0.5053357, 0.5043292, 0.5034093, 0.50021243, 0.5048563, 0.50954556, 0.5136581, 0.5034675, 0.5011882, 0.5143345, 0.5087999, 0.51269734, 0.5000699, 0.5169175, 0.5179234, 0.5162588, 0.5090962, 0.5075497, 0.51155597, 0.5103904, 0.5097942, 0.50940996, 0.50361335, 0.5132568, 0.5134949, 0.5114, 0.51177603, 0.5077221, 0.5048552, 0.5148499, 0.5149954, 0.51519656, 0.5119519, 0.51398635, 0.51752806, 0.51417863, 0.5102628, 0.5101738, 0.51073784, 0.5098027, 0.5140048, 0.5104994, 0.5026024, 0.5009176, 0.51122135, 0.5130594, 0.5113329, 0.51404, 0.51355106, 0.513947, 0.5123778, 0.5115401, 0.50134087, 0.51715755, 0.51745325, 0.5175353, 0.5037583, 0.5082739, 0.501764, 0.5047161, 0.5152957, 0.5090423, 0.5078257, 0.5046744, 0.5161753, 0.5160543, 0.512431, 0.50613064, 0.51356316, 0.5140435, 0.513381, 0.5172733, 0.5077807, 0.5071523, 0.50766945, 0.5134841, 0.51164395, 0.51140434, 0.5092317, 0.50581264, 0.5084212, 0.5091589, 0.5096263, 0.50915104, 0.5091056, 0.50801957, 0.5067162, 0.5009923, 0.51264626, 0.51176953, 0.5008752, 0.5022058, 0.511928, 0.5048176, 0.5100009, 0.5141899, 0.51351124, 0.5119932, 0.5104975, 0.509309, 0.50442165, 0.50478446, 0.5004794, 0.5076941, 0.51007813, 0.5103895, 0.5024148, 0.5165602, 0.51441324, 0.5136317, 0.502692, 0.5010018, 0.512573, 0.51237977, 0.51549375, 0.51028305, 0.5099752, 0.50935465, 0.502714, 0.5082968, 0.5018421, 0.51600355, 0.5122953, 0.51367265, 0.50908184, 0.50835806, 0.50695115, 0.50411415, 0.50821793, 0.51092035, 0.5156111, 0.5083333, 0.5132573, 0.51494896, 0.51521784, 0.51639426, 0.51096, 0.51581794, 0.51551515, 0.51497275, 0.50378436, 0.51007384, 0.51472634, 0.50218403]
[0.5116838, 0.5124843, 0.5131134, 0.510618, 0.5112269, 0.5093923, 0.50855213, 0.5117251, 0.5030733, 0.5026478, 0.50257164, 0.5098282, 0.5117783, 0.508089, 0.50315565, 0.51118135, 0.5099854, 0.51273566, 0.511917, 0.5069578, 0.5073726, 0.5104766, 0.51253235, 0.50987834, 0.5134302, 0.5103317, 0.5089987, 0.50633264, 0.5026746, 0.5032643, 0.5126135, 0.5030283, 0.50706846, 0.50077623, 0.50319874, 0.5043994, 0.5129156, 0.5029942, 0.50202376, 0.5102378, 0.5089001, 0.50898325, 0.5082639, 0.5070198, 0.512279, 0.51134217, 0.50487375, 0.5090847, 0.5081993, 0.50788194, 0.5133698, 0.5107554, 0.5074823, 0.511433, 0.5127381, 0.50931257, 0.5134398, 0.50640655, 0.51160353, 0.5119002, 0.51116526, 0.50684285, 0.5072886, 0.504785, 0.5117134, 0.51029015, 0.50978786, 0.5010389, 0.50552964, 0.5074497, 0.5068739, 0.5072585, 0.51091874, 0.5036141, 0.5011148, 0.5109111, 0.51197284, 0.51072973, 0.50525624, 0.5070594, 0.50982994, 0.51129663, 0.5090547, 0.50624037, 0.5066601, 0.5065329, 0.5065172, 0.50707746, 0.5029607, 0.500917, 0.50127316, 0.5025826, 0.50332147, 0.5032369, 0.5063543, 0.5094496, 0.51029205, 0.5125877, 0.51119846, 0.5110031, 0.5109061, 0.51120174, 0.5058534, 0.51365465, 0.5139132, 0.51269186, 0.50736636, 0.51402795, 0.5069943, 0.51302785, 0.5132333, 0.5065773, 0.50829786, 0.50729185, 0.5104481, 0.5068277, 0.5004869, 0.5030477, 0.51147306, 0.5092987, 0.5008201, 0.50167525, 0.51180995, 0.5008678, 0.5120977, 0.5072488, 0.51202375, 0.5089361, 0.5008483, 0.50112534, 0.51335275, 0.5073559, 0.5140534, 0.5119502, 0.5110357, 0.5060609, 0.5084976, 0.5089762, 0.5054588, 0.51120704, 0.51068103, 0.5064978, 0.50441456, 0.5093899, 0.50513387, 0.5124197, 0.5127122, 0.5004255, 0.5017011, 0.50867164, 0.5091809, 0.5060336, 0.5034541, 0.50302416, 0.50240386, 0.5005441, 0.504786, 0.507501, 0.5109836, 0.5017974, 0.5008104, 0.51151764, 0.5083164, 0.5104127, 0.5005755, 0.5132359, 0.51374185, 0.5130607, 0.50746816, 0.50663173, 0.50943124, 0.50852364, 0.5085779, 0.50830233, 0.5018119, 0.5107957, 0.5114232, 0.5098846, 0.50986016, 0.5071113, 0.50288206, 0.5113854, 0.51192886, 0.5121553, 0.51012176, 0.5113317, 0.5135355, 0.5115372, 0.5081194, 0.5080304, 0.50825197, 0.50806576, 0.5110416, 0.5088724, 0.50265455, 0.50129646, 0.5085464, 0.51100826, 0.5091672, 0.51097375, 0.51102173, 0.5111242, 0.5096506, 0.5089741, 0.5006652, 0.5136788, 0.51387286, 0.5137716, 0.5016041, 0.50507617, 0.5032645, 0.5040266, 0.5118346, 0.50815976, 0.5062876, 0.50417906, 0.51308703, 0.51280296, 0.5102825, 0.50610673, 0.5107163, 0.5114024, 0.5108387, 0.5139307, 0.5073081, 0.5059027, 0.5061639, 0.51111764, 0.510088, 0.5098905, 0.50826925, 0.5053256, 0.50710994, 0.5084408, 0.5087458, 0.50812334, 0.50822055, 0.50717497, 0.5059185, 0.50181204, 0.51057637, 0.5099293, 0.502379, 0.5030454, 0.5097117, 0.50470746, 0.50846285, 0.51132864, 0.5110694, 0.5098838, 0.5088215, 0.50770575, 0.5054972, 0.5027806, 0.5018308, 0.5069021, 0.5083472, 0.5086062, 0.5033462, 0.5132451, 0.5116544, 0.5110383, 0.5023748, 0.50042236, 0.51031333, 0.51007634, 0.5121428, 0.5085797, 0.50842685, 0.50801456, 0.50063694, 0.50472826, 0.5028402, 0.5124588, 0.5107756, 0.51108325, 0.5081712, 0.50698334, 0.5060897, 0.50200003, 0.5077156, 0.5101656, 0.51251847, 0.50688064, 0.5103486, 0.51198596, 0.5120987, 0.51322794, 0.50960785, 0.51247066, 0.51222605, 0.5117209, 0.50351685, 0.50873417, 0.5112832, 0.5026749]
[0.5108017, 0.51205677, 0.5126781, 0.51043844, 0.51062244, 0.5085411, 0.5078727, 0.5115786, 0.5026861, 0.50114995, 0.5018511, 0.5089571, 0.51159364, 0.50779325, 0.5035752, 0.5114187, 0.5096501, 0.51245636, 0.511809, 0.5062825, 0.50724506, 0.5102802, 0.512621, 0.50980604, 0.5130373, 0.50997084, 0.5078931, 0.5057199, 0.50443393, 0.5053571, 0.5118371, 0.50391376, 0.50664407, 0.50078315, 0.503514, 0.5054788, 0.51310366, 0.5045244, 0.50356376, 0.5093713, 0.50796473, 0.50797474, 0.5073502, 0.5072958, 0.51216674, 0.51054245, 0.50547993, 0.5087024, 0.5076819, 0.50721496, 0.5129872, 0.51045364, 0.50732887, 0.51122576, 0.5125385, 0.5088366, 0.51310587, 0.5052749, 0.51115423, 0.5114094, 0.5112442, 0.5069597, 0.5062795, 0.50496465, 0.5110014, 0.5099661, 0.5097662, 0.50241256, 0.5051833, 0.50752556, 0.5068736, 0.5075083, 0.51049775, 0.5041847, 0.5009869, 0.5101075, 0.5115502, 0.5101469, 0.50501215, 0.50707704, 0.509423, 0.51095074, 0.50880945, 0.5062765, 0.5063202, 0.50652796, 0.5058467, 0.50676113, 0.5052061, 0.50249887, 0.50242555, 0.5033461, 0.5042801, 0.5040604, 0.50573105, 0.50949055, 0.5097321, 0.51229507, 0.5116464, 0.51058537, 0.5106081, 0.5106017, 0.50592124, 0.51331604, 0.51363295, 0.51244223, 0.5068164, 0.51370937, 0.5066385, 0.5128535, 0.5127192, 0.50627095, 0.5080476, 0.50702256, 0.5095652, 0.50718933, 0.5014363, 0.50390863, 0.511396, 0.50950134, 0.5008172, 0.5027765, 0.51125664, 0.500477, 0.5114494, 0.5067255, 0.51147115, 0.50816786, 0.5017257, 0.5022908, 0.51302797, 0.5063457, 0.5138396, 0.5115786, 0.51074034, 0.50583166, 0.5078342, 0.5083142, 0.5052908, 0.5112208, 0.5108921, 0.50553435, 0.50386935, 0.5084381, 0.50539494, 0.511984, 0.5122306, 0.5006647, 0.50235003, 0.50814253, 0.50861996, 0.508732, 0.5050408, 0.5036507, 0.5037611, 0.50074494, 0.50482064, 0.5073332, 0.5106473, 0.5039103, 0.5006064, 0.5115039, 0.50780135, 0.5102391, 0.5008262, 0.5131914, 0.51320624, 0.5121223, 0.50718755, 0.50645155, 0.5092282, 0.5084257, 0.5071655, 0.5081927, 0.5029737, 0.51021177, 0.51051265, 0.5098798, 0.5100644, 0.5062403, 0.5051286, 0.5114547, 0.51149106, 0.5116468, 0.5092956, 0.5107044, 0.51300764, 0.51109487, 0.50791377, 0.50792027, 0.5078724, 0.50794816, 0.510571, 0.5085189, 0.5017594, 0.5009278, 0.5087082, 0.5104687, 0.5084562, 0.51063085, 0.5106819, 0.5109363, 0.50917447, 0.50894165, 0.50072414, 0.51352286, 0.5134437, 0.51354027, 0.50251126, 0.5068121, 0.50273275, 0.50472045, 0.51165175, 0.50731707, 0.5059871, 0.5038836, 0.5127752, 0.51233727, 0.510283, 0.50607467, 0.51068205, 0.5110946, 0.51030725, 0.5136462, 0.50664836, 0.5063113, 0.5066213, 0.5107786, 0.5091005, 0.5089127, 0.50731575, 0.50486934, 0.5073008, 0.5073365, 0.5079014, 0.50731343, 0.5076974, 0.5072057, 0.50632125, 0.50125194, 0.5099245, 0.5094402, 0.50217456, 0.5029058, 0.5096565, 0.50495076, 0.5080563, 0.5108366, 0.5107933, 0.5091918, 0.5082592, 0.50744563, 0.50521594, 0.5047349, 0.50061166, 0.5062335, 0.5078847, 0.5081678, 0.5022886, 0.51281977, 0.51132154, 0.5107118, 0.50366706, 0.5014776, 0.5096336, 0.50971603, 0.51166755, 0.50802034, 0.50791246, 0.5072716, 0.5015877, 0.50671, 0.5033116, 0.51234555, 0.5096153, 0.5108639, 0.507349, 0.5065483, 0.50565016, 0.50286216, 0.5074177, 0.50921005, 0.51197255, 0.50659406, 0.5099159, 0.51168764, 0.5124057, 0.51260316, 0.50922036, 0.51189315, 0.5126507, 0.51211554, 0.50369644, 0.5083979, 0.5111915, 0.5027998]
[0.50993466, 0.5101749, 0.51084477, 0.5088839, 0.5096108, 0.50787807, 0.5076134, 0.51008314, 0.5031514, 0.50226194, 0.50319904, 0.5087065, 0.5096921, 0.5072081, 0.5041309, 0.50909406, 0.5083205, 0.51046044, 0.50980484, 0.5063509, 0.50676304, 0.5087254, 0.5103673, 0.5085027, 0.5110821, 0.5088946, 0.5078131, 0.50621784, 0.5016459, 0.5026468, 0.51049376, 0.5043126, 0.5063593, 0.5012658, 0.50399745, 0.50518125, 0.5107877, 0.5010987, 0.5005569, 0.5088049, 0.50751996, 0.5071494, 0.5074297, 0.5063021, 0.5101273, 0.50948024, 0.5044784, 0.5077641, 0.50715864, 0.5070767, 0.511089, 0.5092048, 0.5065301, 0.50963163, 0.5105071, 0.5079393, 0.5109735, 0.5057063, 0.5095604, 0.509732, 0.509272, 0.5064917, 0.50660807, 0.5049954, 0.51006305, 0.50859493, 0.5086219, 0.50096315, 0.5057813, 0.50658125, 0.50597584, 0.5063877, 0.5089421, 0.5032593, 0.5013135, 0.5088838, 0.50988287, 0.5086987, 0.5051428, 0.5061424, 0.50826883, 0.50951725, 0.50789267, 0.50551105, 0.5059955, 0.50601137, 0.5061033, 0.506533, 0.50249135, 0.5005211, 0.500601, 0.5012261, 0.50193185, 0.50160336, 0.5056928, 0.50793684, 0.5089802, 0.51042145, 0.50975364, 0.5089662, 0.50883526, 0.5091476, 0.50571036, 0.5109355, 0.5110691, 0.51064044, 0.50642365, 0.51155186, 0.50629526, 0.5108677, 0.5107604, 0.50609666, 0.50741947, 0.50696546, 0.508657, 0.5063427, 0.5014603, 0.5019523, 0.50986624, 0.5079988, 0.5007963, 0.5008805, 0.5099582, 0.5023657, 0.50999385, 0.5066355, 0.5100992, 0.5076704, 0.50077635, 0.50120735, 0.51090026, 0.50659305, 0.5114754, 0.5100563, 0.50957274, 0.5058941, 0.5078181, 0.50796556, 0.5050998, 0.5092861, 0.5091762, 0.5058374, 0.5052857, 0.5078579, 0.50536114, 0.5104389, 0.51027185, 0.5015578, 0.50036734, 0.5075984, 0.50802934, 0.5050867, 0.50217867, 0.50136125, 0.5003521, 0.501666, 0.5056113, 0.5066531, 0.5093305, 0.50028676, 0.5014727, 0.5096537, 0.5070738, 0.50857985, 0.5013297, 0.51082903, 0.5111834, 0.5107514, 0.50682515, 0.50631434, 0.50786203, 0.5076891, 0.50706697, 0.5071998, 0.5006293, 0.5090463, 0.5092634, 0.50880814, 0.5087578, 0.50638425, 0.50123453, 0.50956094, 0.5097477, 0.50998527, 0.50831103, 0.5094452, 0.5108571, 0.5095445, 0.5070363, 0.5071601, 0.5073002, 0.5071789, 0.5091703, 0.5075213, 0.5023198, 0.50110424, 0.50780845, 0.50922936, 0.50802857, 0.5090762, 0.50945914, 0.50938, 0.50788665, 0.50791216, 0.50101584, 0.5112199, 0.51132435, 0.5112827, 0.50053245, 0.5037049, 0.50386065, 0.5040195, 0.50954676, 0.50704706, 0.505564, 0.5038762, 0.5106056, 0.5103971, 0.5087086, 0.50534976, 0.5089383, 0.5092678, 0.5093098, 0.5113532, 0.50663066, 0.5058017, 0.5058689, 0.50931835, 0.5085607, 0.5083349, 0.50704426, 0.5054443, 0.50639397, 0.5071711, 0.50753295, 0.5072119, 0.5073725, 0.5065082, 0.5059626, 0.5025772, 0.508745, 0.50835353, 0.50237674, 0.50357664, 0.50836873, 0.5043017, 0.5074569, 0.50927114, 0.50902826, 0.5082001, 0.5075138, 0.5067938, 0.50544065, 0.5013809, 0.5024491, 0.5063391, 0.50743926, 0.507478, 0.5031205, 0.51074207, 0.50952286, 0.5090115, 0.50153077, 0.5007693, 0.5087421, 0.50844324, 0.51015383, 0.5071175, 0.50719965, 0.5071744, 0.5016019, 0.5032458, 0.5037647, 0.5102074, 0.50915754, 0.50929064, 0.50713384, 0.50626075, 0.5060817, 0.5012793, 0.50668514, 0.50846833, 0.51024294, 0.50664675, 0.50861835, 0.509903, 0.51028013, 0.5108577, 0.5082123, 0.51040584, 0.5100241, 0.509644, 0.5031883, 0.50761867, 0.5094657, 0.50237566]
[0.51403403, 0.5152187, 0.5163041, 0.51277995, 0.51320565, 0.51098686, 0.5100521, 0.5147857, 0.50337946, 0.5009491, 0.50137347, 0.51165926, 0.51413584, 0.50895923, 0.5043582, 0.51418614, 0.5116392, 0.5157449, 0.51471436, 0.50750643, 0.5087398, 0.5128937, 0.5154618, 0.5120976, 0.5163234, 0.5125525, 0.5098277, 0.5061861, 0.5042436, 0.50419974, 0.51522225, 0.50334543, 0.5077168, 0.5015188, 0.50396734, 0.5062219, 0.5161289, 0.503664, 0.5028974, 0.5120776, 0.5100403, 0.5099382, 0.50921494, 0.50844604, 0.51507354, 0.51359856, 0.5056787, 0.51051664, 0.5095081, 0.5097013, 0.5161837, 0.513002, 0.5084711, 0.5141874, 0.51538277, 0.51127017, 0.5165507, 0.50632685, 0.5137072, 0.5141342, 0.51373774, 0.5078496, 0.5074493, 0.5047922, 0.5140932, 0.5119803, 0.5117481, 0.50211155, 0.50565934, 0.50871176, 0.50783306, 0.5087825, 0.51278543, 0.5028621, 0.50136447, 0.512583, 0.5144893, 0.5128365, 0.5049666, 0.50824946, 0.511634, 0.5138381, 0.51101553, 0.5068573, 0.5074207, 0.50775445, 0.50702053, 0.50759095, 0.5045911, 0.50212604, 0.5024823, 0.5032971, 0.5035323, 0.5034077, 0.5064774, 0.5113896, 0.5121721, 0.5154919, 0.5146042, 0.51285154, 0.5125358, 0.5132144, 0.5067454, 0.51700675, 0.5171073, 0.51575834, 0.5080004, 0.5173548, 0.5073336, 0.5161677, 0.51637775, 0.50646365, 0.50963676, 0.5087779, 0.5121932, 0.50842565, 0.5013945, 0.5034806, 0.5141947, 0.5112328, 0.50117165, 0.5031103, 0.51439947, 0.50094205, 0.5145457, 0.5080909, 0.51461005, 0.5104068, 0.500895, 0.50177026, 0.5162594, 0.5087883, 0.51711124, 0.5145815, 0.51379067, 0.5062635, 0.5101444, 0.5109249, 0.5061668, 0.5140853, 0.5130498, 0.50692546, 0.5044905, 0.51021385, 0.50495493, 0.51535904, 0.5156817, 0.5017959, 0.50128496, 0.5104681, 0.5108712, 0.5072908, 0.50429064, 0.5031012, 0.50307196, 0.50105333, 0.5046635, 0.5091784, 0.51381475, 0.5029829, 0.5014259, 0.5137015, 0.5099346, 0.51294684, 0.5018635, 0.51629865, 0.5167838, 0.515685, 0.50854087, 0.5074445, 0.5112812, 0.51020354, 0.50883883, 0.50957066, 0.502732, 0.5124323, 0.51378036, 0.5122473, 0.5124721, 0.5073015, 0.5038714, 0.5141265, 0.51449424, 0.5145282, 0.51157224, 0.51350737, 0.51630336, 0.5137749, 0.5098451, 0.50968504, 0.5099782, 0.50962657, 0.51307935, 0.5107047, 0.5023372, 0.501001, 0.51033175, 0.51290077, 0.5108423, 0.51324755, 0.5130848, 0.51326287, 0.5112667, 0.5104815, 0.5016532, 0.5171972, 0.51720023, 0.5167357, 0.502943, 0.5062649, 0.5036791, 0.5043455, 0.5141903, 0.5093875, 0.5070841, 0.50477415, 0.5161623, 0.5152868, 0.5125633, 0.50693154, 0.5126428, 0.51359713, 0.5128706, 0.51749945, 0.5088912, 0.5070184, 0.5077081, 0.51329964, 0.51149744, 0.51149476, 0.50890344, 0.5052096, 0.50828344, 0.50986665, 0.5103064, 0.5091437, 0.50953865, 0.5082613, 0.5068609, 0.50189507, 0.5120085, 0.5117314, 0.5014816, 0.5024728, 0.5115162, 0.5046939, 0.50939244, 0.51371676, 0.5129598, 0.51139206, 0.51014656, 0.5085936, 0.5047474, 0.5036037, 0.5011444, 0.50714254, 0.50938547, 0.50956136, 0.50327516, 0.5160707, 0.5140096, 0.513021, 0.50331527, 0.50108016, 0.5120673, 0.5118806, 0.5148731, 0.50985533, 0.5095692, 0.50926846, 0.50145036, 0.50559074, 0.502437, 0.51569986, 0.512448, 0.51368064, 0.5093068, 0.5075974, 0.506885, 0.50328267, 0.5090178, 0.5118483, 0.51510215, 0.50748473, 0.51291895, 0.5144465, 0.5154787, 0.515939, 0.51112115, 0.5150013, 0.51518565, 0.5144991, 0.5034694, 0.51026404, 0.5142927, 0.50150526]
[0.5131942, 0.5149508, 0.51503885, 0.51273227, 0.5130097, 0.5112044, 0.50960374, 0.513776, 0.5042514, 0.50248724, 0.50369954, 0.5112764, 0.51393753, 0.50990504, 0.5062516, 0.5140669, 0.51209605, 0.5155419, 0.51443756, 0.5084544, 0.50948244, 0.512258, 0.514974, 0.51192504, 0.51586473, 0.51222736, 0.51007557, 0.50606036, 0.50215065, 0.5031611, 0.5145385, 0.5055678, 0.508074, 0.5006663, 0.50408095, 0.5060294, 0.51537025, 0.5020968, 0.50129133, 0.51163924, 0.5107001, 0.51070386, 0.51010144, 0.5102259, 0.514622, 0.5124428, 0.5053648, 0.5106837, 0.5101701, 0.50915366, 0.5155767, 0.5126233, 0.50882876, 0.5131524, 0.51499337, 0.51078856, 0.5156934, 0.5074614, 0.51326954, 0.5136358, 0.51346296, 0.5084224, 0.5089778, 0.506687, 0.51362866, 0.5118675, 0.5118802, 0.50091565, 0.5071203, 0.5093435, 0.5087639, 0.5098629, 0.51324046, 0.50599235, 0.50068176, 0.51283014, 0.5135233, 0.5121384, 0.5084873, 0.5092543, 0.5120878, 0.5131986, 0.51112413, 0.50849843, 0.5086508, 0.5085517, 0.50654286, 0.50811833, 0.50250816, 0.5002482, 0.49980813, 0.5007195, 0.5013488, 0.5014416, 0.50780714, 0.511477, 0.51211894, 0.51476336, 0.5138825, 0.5125914, 0.51292753, 0.513294, 0.5071971, 0.5159298, 0.51650816, 0.51519394, 0.5082909, 0.5164493, 0.5079099, 0.5158901, 0.5155937, 0.50728345, 0.5097547, 0.5092611, 0.51168835, 0.5089617, 0.500825, 0.50109917, 0.51369387, 0.51136035, 0.50094813, 0.5004726, 0.51385224, 0.49971846, 0.5139531, 0.5084681, 0.51428074, 0.510529, 0.50259215, 0.5004552, 0.51604944, 0.5080995, 0.5167077, 0.51432395, 0.51271915, 0.5066819, 0.50905716, 0.51045465, 0.5065686, 0.5136863, 0.5135081, 0.5066554, 0.5051049, 0.5110418, 0.50828075, 0.5148785, 0.5155765, 0.50067496, 0.50004274, 0.51018715, 0.51015335, 0.5058459, 0.5021163, 0.5004602, 0.50028336, 0.5017925, 0.50512004, 0.5091685, 0.5124405, 0.5020737, 0.50013125, 0.5138804, 0.5094454, 0.51235497, 0.49993658, 0.51557624, 0.5164646, 0.5150674, 0.50858593, 0.50806034, 0.5113129, 0.5103782, 0.50944465, 0.5099035, 0.500443, 0.51276135, 0.5122584, 0.5112574, 0.5116061, 0.508493, 0.50200486, 0.51396334, 0.5143643, 0.5148841, 0.5113724, 0.512826, 0.51586694, 0.5134596, 0.5103375, 0.51000893, 0.5103945, 0.50984454, 0.5131129, 0.5111478, 0.50475776, 0.5002419, 0.5106633, 0.5128724, 0.5110012, 0.5125745, 0.51249284, 0.5127369, 0.51272005, 0.5110374, 0.49987182, 0.51619065, 0.5165656, 0.51660633, 0.5009244, 0.50394535, 0.50568986, 0.5053905, 0.5141299, 0.5093594, 0.50832444, 0.5046844, 0.5156635, 0.5147343, 0.5121715, 0.508228, 0.5128619, 0.51346, 0.5118647, 0.5160244, 0.5084943, 0.5082685, 0.508584, 0.5129877, 0.51144725, 0.5114595, 0.5096412, 0.5059309, 0.50878024, 0.50950575, 0.5102253, 0.50902796, 0.50925887, 0.50866324, 0.50773907, 0.500792, 0.5125263, 0.5117933, 0.503274, 0.5044689, 0.51198936, 0.50692445, 0.5092967, 0.5131315, 0.51324767, 0.51144075, 0.51058555, 0.509697, 0.5065921, 0.5010744, 0.500318, 0.508227, 0.50976044, 0.51007515, 0.5043947, 0.5158784, 0.51400137, 0.5131804, 0.50085175, 0.5004239, 0.5114989, 0.5116926, 0.51386404, 0.5104161, 0.51033753, 0.50972563, 0.49997437, 0.5038293, 0.5044349, 0.5144346, 0.51197815, 0.51281387, 0.5097414, 0.5084303, 0.50743914, 0.5008244, 0.50896835, 0.51034796, 0.5145016, 0.508715, 0.5123397, 0.5139602, 0.51514685, 0.5153105, 0.5108425, 0.5143234, 0.5152462, 0.514728, 0.50622106, 0.51014394, 0.51336557, 0.50519013]
[0.51505315, 0.51587415, 0.5175169, 0.51449656, 0.514765, 0.513157, 0.51185906, 0.51574254, 0.50207084, 0.5025778, 0.5034927, 0.5124297, 0.51522434, 0.5110631, 0.50464165, 0.5149774, 0.51324075, 0.5163679, 0.5157931, 0.50895137, 0.5098756, 0.51481, 0.5168138, 0.51319253, 0.517206, 0.51396626, 0.5115419, 0.50816333, 0.5015796, 0.5022468, 0.51656365, 0.5033692, 0.50849694, 0.5000309, 0.50422734, 0.5070076, 0.517164, 0.5013841, 0.50091743, 0.51267564, 0.5105966, 0.5103698, 0.51031655, 0.5100014, 0.51618004, 0.51558244, 0.5067231, 0.51241916, 0.5111827, 0.51092905, 0.5176431, 0.5140286, 0.50933945, 0.5151956, 0.5168177, 0.5119193, 0.51777506, 0.5085234, 0.5153098, 0.51564294, 0.5145978, 0.5098038, 0.50866705, 0.5066745, 0.5153959, 0.51359737, 0.51313394, 0.50047106, 0.5088823, 0.51047915, 0.5092673, 0.50974256, 0.5138986, 0.503858, 0.5001378, 0.51502293, 0.5154538, 0.5137924, 0.5060133, 0.5096708, 0.5130599, 0.51456285, 0.51256925, 0.5077157, 0.50846547, 0.50792456, 0.50701016, 0.5089933, 0.5022616, 0.5002584, 0.50034255, 0.5009806, 0.50139797, 0.50124395, 0.5077245, 0.513409, 0.5140615, 0.5167689, 0.51554936, 0.5143901, 0.51419944, 0.51457834, 0.50852865, 0.51792943, 0.5181463, 0.5168824, 0.50989854, 0.5182465, 0.5090135, 0.5174458, 0.51707447, 0.50846654, 0.5116319, 0.51042587, 0.51334727, 0.5084135, 0.50011855, 0.50191015, 0.51513356, 0.5120187, 0.50053704, 0.50073385, 0.51491183, 0.5018943, 0.5156999, 0.5100142, 0.51593095, 0.51139843, 0.50023437, 0.50034875, 0.5173749, 0.51011103, 0.5184162, 0.51640224, 0.5144209, 0.5063935, 0.5118316, 0.51208574, 0.5066189, 0.5149152, 0.5141856, 0.50876, 0.5052969, 0.51240426, 0.50806123, 0.5162112, 0.516394, 0.50033015, 0.5002959, 0.51175666, 0.51263106, 0.5039977, 0.5021341, 0.5016769, 0.501559, 0.50071126, 0.50714844, 0.5105937, 0.5153332, 0.5016168, 0.50011367, 0.5156764, 0.5114238, 0.5150198, 0.50008976, 0.51746905, 0.51775354, 0.5170414, 0.5105254, 0.50916946, 0.51238316, 0.51173586, 0.5106066, 0.51077396, 0.50112456, 0.5137438, 0.5153732, 0.51360327, 0.513466, 0.5090483, 0.501536, 0.51510626, 0.51556927, 0.5156899, 0.5133302, 0.5149219, 0.51746553, 0.51500535, 0.5105491, 0.5107902, 0.51107866, 0.5108029, 0.51492876, 0.5112861, 0.5029776, 0.50121385, 0.5118161, 0.51482743, 0.51217335, 0.51473117, 0.5148515, 0.5151402, 0.5126928, 0.51211333, 0.50084484, 0.51780677, 0.5180609, 0.5177187, 0.5004976, 0.5033237, 0.50397086, 0.50542045, 0.51532394, 0.5101092, 0.5092502, 0.5051265, 0.51644534, 0.516762, 0.51356053, 0.508194, 0.51433545, 0.51487535, 0.51423895, 0.51804143, 0.5082313, 0.5057254, 0.50655466, 0.5143519, 0.5133817, 0.5130402, 0.51111436, 0.5081487, 0.5102378, 0.5112348, 0.5118757, 0.51063484, 0.51134145, 0.51012915, 0.5086662, 0.5022457, 0.51328045, 0.5123887, 0.50235623, 0.5040672, 0.5133394, 0.50615686, 0.5111252, 0.5146856, 0.5144855, 0.5127461, 0.511545, 0.5103443, 0.5059772, 0.5015793, 0.5018654, 0.5098085, 0.51171756, 0.51199055, 0.5042295, 0.5169767, 0.5152773, 0.51434726, 0.5012182, 0.50037265, 0.5139742, 0.5133411, 0.51576614, 0.5114026, 0.51121515, 0.51039225, 0.5002517, 0.50295544, 0.50381017, 0.51646245, 0.51357675, 0.51456, 0.5107194, 0.5090191, 0.5084093, 0.5005, 0.50967324, 0.5131791, 0.5168217, 0.50927997, 0.5138846, 0.516175, 0.51632565, 0.51714134, 0.512992, 0.5164068, 0.5161009, 0.5156277, 0.5034814, 0.5119522, 0.516089, 0.5035834]
[0.51313573, 0.5144959, 0.5148503, 0.5123789, 0.51288414, 0.51079595, 0.5096371, 0.5138226, 0.5029453, 0.5015958, 0.50200737, 0.5105478, 0.51368135, 0.5092539, 0.5042133, 0.51342225, 0.5115797, 0.514732, 0.51433754, 0.5079893, 0.50884926, 0.5122092, 0.5148599, 0.511877, 0.51527274, 0.51175123, 0.50957704, 0.5064624, 0.5019673, 0.5023646, 0.5141287, 0.50428796, 0.50826615, 0.50084203, 0.50397515, 0.50684345, 0.51519036, 0.5021155, 0.5017478, 0.5114222, 0.510026, 0.509962, 0.50916654, 0.5091454, 0.5141723, 0.5125053, 0.50732344, 0.5105369, 0.50935864, 0.50922555, 0.5151799, 0.51227593, 0.50884515, 0.5131999, 0.51446575, 0.51107675, 0.5154794, 0.50637126, 0.5132224, 0.5135955, 0.5132269, 0.50790507, 0.5078351, 0.5061068, 0.51317906, 0.5117633, 0.5116916, 0.5010923, 0.5053886, 0.5091177, 0.5084238, 0.50927657, 0.512322, 0.504912, 0.50053036, 0.51217866, 0.5135813, 0.51219046, 0.50671965, 0.5082665, 0.51169795, 0.51310396, 0.5108742, 0.50775945, 0.5075342, 0.50823355, 0.5077702, 0.50798845, 0.50249094, 0.5002626, 0.5003881, 0.50167966, 0.50224864, 0.5021609, 0.50681055, 0.5108734, 0.5118182, 0.51456976, 0.5136796, 0.51247317, 0.5124624, 0.51265967, 0.506241, 0.51593703, 0.5160197, 0.51476175, 0.5080679, 0.5161936, 0.5078322, 0.5151111, 0.5151289, 0.507475, 0.509626, 0.5084557, 0.5115287, 0.5090097, 0.5000635, 0.5023368, 0.5132902, 0.5111776, 0.5008141, 0.50123686, 0.51369125, 0.500749, 0.51360077, 0.50841045, 0.5140459, 0.51011604, 0.50094575, 0.5002492, 0.5154422, 0.50828445, 0.5160206, 0.5140148, 0.5127535, 0.5071569, 0.5096531, 0.51015466, 0.50646293, 0.51321965, 0.5131874, 0.5061959, 0.5049716, 0.51036817, 0.50603914, 0.51441294, 0.51494837, 0.5014024, 0.49985173, 0.5098433, 0.51044285, 0.50519055, 0.5023632, 0.5012807, 0.5004994, 0.50116736, 0.5052112, 0.50901127, 0.51329225, 0.50276047, 0.5000146, 0.5136486, 0.5092599, 0.5121556, 0.49981743, 0.5152733, 0.5156409, 0.51446843, 0.50900924, 0.50799954, 0.5108514, 0.50997883, 0.5089447, 0.5098495, 0.5009554, 0.51216775, 0.51298106, 0.5117784, 0.51205045, 0.50776964, 0.5029637, 0.51395446, 0.51392305, 0.51403916, 0.5109176, 0.51278543, 0.51531816, 0.51320666, 0.50977015, 0.50940335, 0.509396, 0.5094814, 0.51256317, 0.51110727, 0.50338024, 0.5008732, 0.5106687, 0.5124585, 0.5105453, 0.51232743, 0.51249397, 0.5125562, 0.51122516, 0.51017356, 0.49996006, 0.5156186, 0.5155659, 0.5157629, 0.5001803, 0.50386363, 0.50402844, 0.5052205, 0.5138839, 0.5093481, 0.50741583, 0.504745, 0.5150767, 0.5144946, 0.5120997, 0.5072353, 0.5123678, 0.51322055, 0.51219875, 0.51585555, 0.508629, 0.5077122, 0.5080769, 0.51297736, 0.51123124, 0.5111308, 0.5089281, 0.50483596, 0.50863516, 0.5090208, 0.50973827, 0.50884867, 0.5093439, 0.508467, 0.50737464, 0.5014775, 0.5117658, 0.51148415, 0.50206363, 0.50403994, 0.5113835, 0.5062209, 0.50940114, 0.5130501, 0.51282597, 0.51127565, 0.5102265, 0.5093077, 0.5066078, 0.5020138, 0.50085413, 0.50756705, 0.509511, 0.5096735, 0.50286, 0.5150951, 0.51349616, 0.5128013, 0.5019372, 0.5001433, 0.51173145, 0.5118107, 0.5138138, 0.5099605, 0.5098114, 0.50905323, 0.50034845, 0.5037073, 0.50327766, 0.5143406, 0.5116675, 0.51284593, 0.5091208, 0.5081709, 0.50720227, 0.5012063, 0.5093085, 0.51119226, 0.5145403, 0.5080601, 0.5117367, 0.5135621, 0.5145533, 0.51501846, 0.5110852, 0.51388776, 0.514899, 0.5142957, 0.5050841, 0.5104038, 0.5136471, 0.50413424]
[0.5092199, 0.5099542, 0.51001656, 0.5084376, 0.5089388, 0.5076225, 0.50715, 0.50929844, 0.5037197, 0.50299877, 0.50346804, 0.5079888, 0.5092408, 0.5069629, 0.5044392, 0.5088851, 0.5081756, 0.51004046, 0.5090316, 0.50636214, 0.50627494, 0.5083476, 0.50973374, 0.5080804, 0.5106229, 0.5085303, 0.5076421, 0.5058427, 0.5033083, 0.5037819, 0.50985134, 0.5045984, 0.50648737, 0.5016764, 0.5033619, 0.5039425, 0.5100888, 0.50276697, 0.50171804, 0.50833464, 0.5077936, 0.5075583, 0.5072364, 0.50633717, 0.50976145, 0.5087993, 0.5041297, 0.5075224, 0.5071508, 0.5069847, 0.51031387, 0.5084111, 0.5064961, 0.50906664, 0.5098232, 0.50748897, 0.51025367, 0.505566, 0.50930333, 0.5094575, 0.50899917, 0.5061111, 0.50679606, 0.50420874, 0.5093456, 0.50830203, 0.50818646, 0.5012143, 0.50541115, 0.5063153, 0.50607497, 0.5065676, 0.50888383, 0.50357085, 0.50183, 0.50855213, 0.50947934, 0.5086611, 0.5053615, 0.50603986, 0.50780046, 0.50913256, 0.5073866, 0.50548315, 0.5056974, 0.50564367, 0.5056771, 0.50636303, 0.50405747, 0.5010888, 0.5015201, 0.50278956, 0.5032141, 0.5020858, 0.50595164, 0.50775385, 0.5083329, 0.50967515, 0.50923586, 0.5086577, 0.50859326, 0.5088487, 0.50539994, 0.5104706, 0.5105888, 0.50990814, 0.50640285, 0.5108787, 0.50601, 0.51013285, 0.5105046, 0.5057774, 0.50696534, 0.50650096, 0.508285, 0.50622076, 0.50183713, 0.50333786, 0.5092275, 0.5077772, 0.501437, 0.5009265, 0.5092902, 0.50194305, 0.5095591, 0.5061291, 0.5095529, 0.50778645, 0.50157845, 0.50122035, 0.51040953, 0.50650924, 0.5107181, 0.5092137, 0.5089167, 0.5056294, 0.50712895, 0.5079247, 0.505824, 0.5091116, 0.5087793, 0.5060059, 0.5051733, 0.50766563, 0.50447613, 0.50989443, 0.509888, 0.5015871, 0.50111556, 0.50697935, 0.5076294, 0.5080506, 0.5037116, 0.50293875, 0.50184566, 0.50205755, 0.5050137, 0.50669867, 0.5087433, 0.5010607, 0.50216675, 0.5091075, 0.5065818, 0.5082261, 0.50220835, 0.5102783, 0.5105254, 0.5100696, 0.5063048, 0.50573593, 0.50788534, 0.5072046, 0.50699633, 0.5070657, 0.5010536, 0.50874484, 0.5089606, 0.5078046, 0.5079518, 0.5064597, 0.5030209, 0.50889385, 0.5095953, 0.50955844, 0.5080264, 0.5088792, 0.51049596, 0.5090061, 0.50711733, 0.50716746, 0.5070848, 0.50686437, 0.50835556, 0.50752175, 0.5032656, 0.50251234, 0.50724304, 0.5085299, 0.50772876, 0.5089555, 0.5084733, 0.5085127, 0.50798196, 0.50743234, 0.50171304, 0.51067525, 0.5106794, 0.510718, 0.5021454, 0.5063064, 0.5034576, 0.50428987, 0.5094284, 0.5070844, 0.5057136, 0.5040013, 0.5102333, 0.50989324, 0.5083992, 0.50565547, 0.5085282, 0.5092231, 0.50870365, 0.5107745, 0.5064063, 0.5059757, 0.5060889, 0.50895417, 0.5083291, 0.50831205, 0.5069876, 0.50497514, 0.50595635, 0.507097, 0.5074395, 0.50700325, 0.5067547, 0.50599945, 0.5053344, 0.50257874, 0.508554, 0.50840044, 0.50248194, 0.5029544, 0.5077575, 0.50478786, 0.50691324, 0.50894, 0.50872916, 0.5081332, 0.5074837, 0.5067404, 0.5047299, 0.5025866, 0.50228316, 0.50617224, 0.5069654, 0.5071086, 0.5036381, 0.510284, 0.50925493, 0.5088479, 0.5017773, 0.50217366, 0.5083737, 0.5082825, 0.50958186, 0.50745785, 0.5073488, 0.5070357, 0.5016592, 0.5058984, 0.5032349, 0.509604, 0.5087665, 0.508684, 0.5070845, 0.5060071, 0.5058535, 0.50133675, 0.5068422, 0.5081304, 0.50968105, 0.5061321, 0.5084543, 0.50940436, 0.5097384, 0.51010174, 0.50777394, 0.5097941, 0.5096022, 0.5091595, 0.5034651, 0.50718415, 0.50893027, 0.5033108]
[0.5106361, 0.5109416, 0.512355, 0.50939643, 0.51021904, 0.5086105, 0.5085855, 0.5113703, 0.50172454, 0.5006191, 0.5018569, 0.5086744, 0.51094913, 0.5074474, 0.50375617, 0.50967187, 0.50864977, 0.51166826, 0.51100814, 0.50631315, 0.50675416, 0.50971454, 0.51190025, 0.50938344, 0.5123881, 0.5094763, 0.5077668, 0.5064445, 0.50213724, 0.50280374, 0.51152325, 0.5029117, 0.50697935, 0.50012493, 0.5035133, 0.5050615, 0.5121439, 0.5018075, 0.50135607, 0.50897807, 0.5072212, 0.50678426, 0.5070285, 0.5061491, 0.5112386, 0.5111048, 0.5055438, 0.508045, 0.50682765, 0.50695056, 0.5123909, 0.5102554, 0.5061822, 0.5107329, 0.5116721, 0.5088203, 0.5128237, 0.50595665, 0.5106639, 0.5108409, 0.5103758, 0.50638956, 0.5061091, 0.50413936, 0.51090753, 0.5093619, 0.5091485, 0.4999027, 0.505167, 0.50732964, 0.5062095, 0.5063284, 0.5091654, 0.5028455, 0.500222, 0.51001644, 0.5109597, 0.5093933, 0.5035038, 0.5052199, 0.50886804, 0.5103019, 0.5085465, 0.50503445, 0.505333, 0.5058197, 0.50650597, 0.5064645, 0.5029593, 0.50054085, 0.5012066, 0.502114, 0.50276136, 0.50265706, 0.50529647, 0.5086558, 0.51003736, 0.5116246, 0.5108055, 0.5098626, 0.509798, 0.5101493, 0.5054519, 0.5124537, 0.5128154, 0.51192087, 0.5061607, 0.5130695, 0.5063953, 0.5120142, 0.51222456, 0.5061213, 0.50783366, 0.5070631, 0.50968933, 0.5067004, 0.5000015, 0.5025315, 0.51059246, 0.50852066, 0.5001658, 0.5013226, 0.5109694, 0.50099075, 0.51113284, 0.5071074, 0.51107603, 0.5078352, 0.5009924, 0.50112575, 0.51194626, 0.506469, 0.51268137, 0.510958, 0.5106231, 0.5056456, 0.5082198, 0.5079087, 0.50500464, 0.50978917, 0.5098509, 0.50614405, 0.5045024, 0.5081449, 0.5031717, 0.51119304, 0.5115791, 0.5003051, 0.5000449, 0.50760245, 0.50836104, 0.505883, 0.5026759, 0.5018704, 0.5010291, 0.5005674, 0.5052124, 0.5070105, 0.51103836, 0.5016366, 0.5010506, 0.5105532, 0.50761914, 0.5099842, 0.5013355, 0.51211923, 0.51249427, 0.5118977, 0.5073547, 0.5064805, 0.50786954, 0.50800025, 0.50720006, 0.5071626, 0.5012905, 0.5093609, 0.5107953, 0.5097028, 0.5098837, 0.50609666, 0.5021498, 0.51068765, 0.5107204, 0.51083827, 0.50876355, 0.51038516, 0.5123371, 0.51023966, 0.5068128, 0.507057, 0.5076978, 0.5075671, 0.51033556, 0.5076542, 0.50046444, 0.50023186, 0.50815415, 0.51042205, 0.50848573, 0.5101402, 0.5104048, 0.5104866, 0.50822145, 0.5078918, 0.5006134, 0.5128748, 0.512937, 0.5128435, 0.5007185, 0.5041234, 0.50260776, 0.50466067, 0.51060706, 0.5073607, 0.50558704, 0.5034632, 0.511752, 0.51169777, 0.5095744, 0.50317705, 0.50988007, 0.51013774, 0.51035917, 0.512982, 0.50606674, 0.50333315, 0.50439316, 0.5098534, 0.5088142, 0.5085704, 0.50712305, 0.50478387, 0.50703055, 0.50740117, 0.5077087, 0.5078814, 0.5079545, 0.50689393, 0.5061639, 0.5020513, 0.5092122, 0.508855, 0.5013772, 0.5025823, 0.5090424, 0.5040456, 0.50777215, 0.51065177, 0.5102137, 0.50875723, 0.50764465, 0.50678235, 0.5044564, 0.5020072, 0.5014978, 0.5067469, 0.5080061, 0.508002, 0.50141466, 0.5117227, 0.51027966, 0.5096248, 0.50196844, 0.5005195, 0.5096583, 0.5090842, 0.51172984, 0.5074478, 0.50729316, 0.5076534, 0.50008816, 0.50428057, 0.5018088, 0.51178503, 0.5097812, 0.51036894, 0.507071, 0.50668305, 0.5064527, 0.50162524, 0.5069813, 0.50949967, 0.5117202, 0.506594, 0.50981325, 0.5107038, 0.5111246, 0.51213235, 0.5091291, 0.5115201, 0.5109942, 0.5105138, 0.50243574, 0.5084605, 0.51077807, 0.50140357]
[0.5135099, 0.51463133, 0.5152026, 0.5121352, 0.5131179, 0.5104778, 0.5096162, 0.51414615, 0.5021579, 0.50233215, 0.5024371, 0.5109798, 0.51349014, 0.5090466, 0.50354, 0.51309794, 0.51123863, 0.5147982, 0.5141362, 0.50775874, 0.50879365, 0.51218736, 0.5147264, 0.511628, 0.51564664, 0.51219964, 0.51000315, 0.5061828, 0.50037175, 0.5008323, 0.5144379, 0.50440854, 0.5081228, 0.50025976, 0.50327027, 0.50496924, 0.5151099, 0.49999797, 0.49948376, 0.5119312, 0.5098173, 0.5099371, 0.5092767, 0.5078835, 0.51426345, 0.51311076, 0.50560194, 0.510084, 0.5090914, 0.50885904, 0.5155554, 0.5125424, 0.50835234, 0.5133502, 0.51465654, 0.51076025, 0.51578826, 0.50620365, 0.51361185, 0.5138263, 0.5129688, 0.5072795, 0.5080847, 0.50528145, 0.5137375, 0.5117119, 0.5116588, 0.49915755, 0.5053871, 0.5086228, 0.50756866, 0.5083004, 0.51225245, 0.503709, 0.5002584, 0.5125781, 0.5137351, 0.5120804, 0.5061383, 0.50791395, 0.51139927, 0.51314205, 0.51067525, 0.5070465, 0.5076996, 0.5079818, 0.5076836, 0.50778484, 0.50083023, 0.49912903, 0.49918553, 0.49973932, 0.5001569, 0.50008845, 0.5068586, 0.51054126, 0.51179504, 0.51452124, 0.51345, 0.5123775, 0.5122349, 0.5128054, 0.5062333, 0.51598877, 0.5161934, 0.51494634, 0.5075024, 0.5166167, 0.5075955, 0.5153632, 0.5155687, 0.5068457, 0.5092465, 0.5082097, 0.51184136, 0.50878733, 0.5002397, 0.50022227, 0.5134363, 0.5110583, 0.49953693, 0.49924558, 0.5137862, 0.4997793, 0.5139387, 0.50816226, 0.5139899, 0.5098591, 0.49974865, 0.49897844, 0.5154335, 0.50848216, 0.5163114, 0.5139126, 0.51320696, 0.50720686, 0.50934863, 0.5101204, 0.5063046, 0.5130158, 0.5129631, 0.506238, 0.5051421, 0.51048076, 0.5053871, 0.51471233, 0.51462144, 0.50001866, 0.49917275, 0.5096641, 0.51022047, 0.50277674, 0.5005894, 0.4998269, 0.4994187, 0.5010646, 0.5052278, 0.5086013, 0.5132089, 0.50010985, 0.49984485, 0.5134973, 0.5091207, 0.5119528, 0.50016207, 0.5152768, 0.5158153, 0.5146335, 0.5083234, 0.50742495, 0.5105327, 0.50996643, 0.5089902, 0.509549, 0.49928504, 0.5118679, 0.512964, 0.5117925, 0.5120514, 0.5077002, 0.5003264, 0.5138075, 0.5138552, 0.5141029, 0.51122284, 0.51303697, 0.51547754, 0.51335204, 0.5090314, 0.5086734, 0.50892353, 0.5092298, 0.51279336, 0.510064, 0.50255185, 0.49987653, 0.50989664, 0.51279753, 0.5106003, 0.51246244, 0.51259166, 0.51273704, 0.511185, 0.5099672, 0.4998228, 0.51621586, 0.5163792, 0.51622385, 0.49917632, 0.501399, 0.50326955, 0.50453365, 0.5135081, 0.50887454, 0.506924, 0.5041411, 0.51520014, 0.51458454, 0.5118156, 0.50613046, 0.51212454, 0.5128305, 0.5124582, 0.5163992, 0.5081067, 0.50660247, 0.5071598, 0.51302093, 0.51099646, 0.51077867, 0.50859535, 0.5049179, 0.50825864, 0.50874, 0.5093778, 0.508846, 0.5088176, 0.50790894, 0.5067436, 0.50161654, 0.51186067, 0.5112205, 0.50157505, 0.50313413, 0.511294, 0.5055016, 0.50909346, 0.5132005, 0.5129829, 0.5110746, 0.5100427, 0.5087035, 0.50571215, 0.4999801, 0.5012026, 0.50797653, 0.509885, 0.50999135, 0.50274885, 0.51498777, 0.51348805, 0.5126158, 0.5000564, 0.49925214, 0.5114857, 0.5116535, 0.51437557, 0.5094835, 0.50942826, 0.5091262, 0.4993399, 0.5014285, 0.50295526, 0.51488644, 0.51194143, 0.51286167, 0.5089062, 0.5075983, 0.50699604, 0.49959132, 0.5089641, 0.5114423, 0.51442444, 0.5082011, 0.5121241, 0.5134991, 0.5143896, 0.5152048, 0.51099, 0.51446605, 0.51413286, 0.51356506, 0.5043291, 0.50956714, 0.5131054, 0.5020041]
[0.51153433, 0.51274395, 0.51357627, 0.51187354, 0.51150507, 0.5108295, 0.509651, 0.5125021, 0.5049467, 0.5056011, 0.50606567, 0.5099193, 0.5125744, 0.5094979, 0.5064655, 0.5121023, 0.5109384, 0.51307577, 0.5130343, 0.50805944, 0.50891787, 0.5121221, 0.51348895, 0.5111531, 0.51317006, 0.5111987, 0.5089554, 0.5072428, 0.5008285, 0.50173837, 0.5127965, 0.5064857, 0.5085029, 0.50313354, 0.50711954, 0.50812364, 0.5131744, 0.50068027, 0.5013342, 0.51062554, 0.5096462, 0.5092574, 0.50842494, 0.5094186, 0.5128051, 0.5119399, 0.50767624, 0.51064277, 0.50971586, 0.50890017, 0.51333845, 0.51145047, 0.50857407, 0.5119371, 0.51327145, 0.5103475, 0.51387775, 0.5072651, 0.511885, 0.51222664, 0.5117983, 0.5087567, 0.5078585, 0.5075117, 0.5119236, 0.51114523, 0.51118076, 0.50240743, 0.5077566, 0.5095565, 0.5087754, 0.5091643, 0.51130956, 0.50696445, 0.504445, 0.512132, 0.5124297, 0.5111307, 0.5075713, 0.5088803, 0.5110016, 0.5114532, 0.5104251, 0.50820404, 0.5085234, 0.5085821, 0.50731146, 0.50823003, 0.50139797, 0.502616, 0.5024314, 0.5014285, 0.5007166, 0.5009028, 0.507672, 0.51091355, 0.5107381, 0.5130366, 0.5124849, 0.5116109, 0.5116678, 0.5119226, 0.50782204, 0.5140616, 0.51423144, 0.5132624, 0.5081234, 0.5139469, 0.50821143, 0.5136224, 0.5133228, 0.5080787, 0.5089181, 0.5089313, 0.5109373, 0.5087204, 0.5031752, 0.50099224, 0.5118288, 0.50992435, 0.5036209, 0.5026436, 0.51200736, 0.5031085, 0.512384, 0.5087123, 0.51227504, 0.50902164, 0.50338495, 0.5026965, 0.513104, 0.50852144, 0.51451844, 0.51314294, 0.5113204, 0.5068421, 0.5091183, 0.5096586, 0.5069165, 0.511799, 0.5116406, 0.5079951, 0.5066646, 0.5099482, 0.50810605, 0.5127801, 0.51336527, 0.50319695, 0.50262886, 0.5100916, 0.5104569, 0.5043946, 0.5019704, 0.50086915, 0.50112665, 0.5039608, 0.5070188, 0.5095182, 0.51258796, 0.501032, 0.5021407, 0.51247936, 0.5096445, 0.51197904, 0.50263005, 0.5133286, 0.5135384, 0.5123474, 0.50920993, 0.5088766, 0.51016027, 0.5097675, 0.50902313, 0.5095912, 0.5014777, 0.5105625, 0.51187265, 0.5110118, 0.51113164, 0.50840974, 0.5013023, 0.513007, 0.5124056, 0.51243055, 0.51068085, 0.5118124, 0.5136171, 0.51204985, 0.50923944, 0.5089283, 0.50915056, 0.5096425, 0.51170886, 0.509734, 0.5055142, 0.503928, 0.50978434, 0.51134586, 0.5096025, 0.5119495, 0.5116575, 0.51197475, 0.5112666, 0.5098901, 0.5034836, 0.51341563, 0.5136482, 0.51387477, 0.50246596, 0.50247294, 0.5058201, 0.50734, 0.5123136, 0.5090046, 0.5083615, 0.5072486, 0.51295793, 0.5131243, 0.5111546, 0.50800335, 0.5115966, 0.5114772, 0.51134783, 0.5138314, 0.50751203, 0.50777805, 0.5080367, 0.5116908, 0.509718, 0.5093954, 0.50884354, 0.5072304, 0.5094049, 0.50874704, 0.5092285, 0.5090074, 0.5095079, 0.5088472, 0.5082033, 0.50375485, 0.51051486, 0.51014, 0.5049147, 0.5062032, 0.5110524, 0.5070576, 0.509383, 0.5121398, 0.5118081, 0.5105999, 0.5098408, 0.5092493, 0.50703317, 0.5008, 0.50430214, 0.5090317, 0.510645, 0.5108317, 0.5051108, 0.51336014, 0.512353, 0.5117876, 0.5012082, 0.5035981, 0.5104182, 0.5107871, 0.5125467, 0.50994736, 0.50961465, 0.5090218, 0.50286955, 0.5023505, 0.50594926, 0.5129922, 0.5101092, 0.5113588, 0.5084587, 0.5086989, 0.5080486, 0.5023857, 0.5089135, 0.5101524, 0.5131625, 0.508967, 0.51179403, 0.51272565, 0.5130368, 0.51338184, 0.51056176, 0.51261383, 0.51326114, 0.51282376, 0.50728756, 0.51007694, 0.5121285, 0.50541925]
[0.51366645, 0.51482373, 0.51548374, 0.51255566, 0.51327395, 0.5104453, 0.5098542, 0.51412827, 0.5014681, 0.5006796, 0.50110465, 0.5103187, 0.5138631, 0.5088423, 0.5026858, 0.51320225, 0.5108896, 0.51517534, 0.5144888, 0.5071159, 0.5080827, 0.512661, 0.5149419, 0.5112384, 0.5156114, 0.51196635, 0.509958, 0.50663203, 0.50467664, 0.5055459, 0.5146741, 0.50316167, 0.5084252, 0.5011513, 0.5034127, 0.50389713, 0.5151234, 0.50430214, 0.5031657, 0.5115145, 0.5094546, 0.5095386, 0.5087272, 0.5072779, 0.51447964, 0.51385957, 0.5054316, 0.50990653, 0.50838244, 0.5089092, 0.5156014, 0.51254344, 0.50774384, 0.5133891, 0.51492274, 0.5111562, 0.5160236, 0.5056895, 0.5135768, 0.51385474, 0.5126392, 0.506596, 0.50712293, 0.50443953, 0.51360834, 0.51141167, 0.5115392, 0.50279284, 0.5051162, 0.5078257, 0.5063444, 0.5075817, 0.51233655, 0.50282186, 0.50206923, 0.51278543, 0.5140617, 0.51242316, 0.5043872, 0.5074309, 0.51126194, 0.5128835, 0.5102677, 0.5057103, 0.5068372, 0.5064658, 0.5069749, 0.50730854, 0.5055619, 0.5030361, 0.5031521, 0.504472, 0.5046522, 0.50461316, 0.5067344, 0.51050997, 0.5120558, 0.51445365, 0.51426405, 0.5122542, 0.512232, 0.5126131, 0.50574535, 0.51644725, 0.5166488, 0.51518023, 0.507513, 0.5169345, 0.5078129, 0.5157269, 0.5156896, 0.5063506, 0.5092552, 0.50773025, 0.5117701, 0.5079189, 0.5023354, 0.50506115, 0.5134266, 0.5104036, 0.50199944, 0.5029195, 0.51394576, 0.5008065, 0.51431674, 0.5082022, 0.5140688, 0.5097075, 0.50173044, 0.5034468, 0.5157149, 0.5081822, 0.5165328, 0.514275, 0.5133547, 0.50710124, 0.509354, 0.50970805, 0.5052979, 0.51300746, 0.5123761, 0.5061531, 0.5046186, 0.5099729, 0.5039443, 0.51437926, 0.5147228, 0.5014494, 0.50269616, 0.5097646, 0.51089716, 0.50938153, 0.5057155, 0.5043853, 0.5040634, 0.50162774, 0.50497776, 0.5085193, 0.51396084, 0.5046633, 0.5013412, 0.51381516, 0.509242, 0.51240677, 0.50161386, 0.51539224, 0.5158921, 0.5151027, 0.50837463, 0.5068016, 0.5097714, 0.5098536, 0.5088149, 0.5088501, 0.5037707, 0.51175404, 0.5132012, 0.5118239, 0.5119406, 0.50730073, 0.50505155, 0.51399827, 0.513731, 0.51406705, 0.5110585, 0.5133146, 0.51566756, 0.5131926, 0.50829124, 0.50843513, 0.5086031, 0.50880617, 0.5128715, 0.5096829, 0.5008305, 0.5013582, 0.50955623, 0.5129392, 0.51016176, 0.51302254, 0.51254416, 0.5128133, 0.5107196, 0.50975615, 0.500741, 0.51629585, 0.5164537, 0.51611793, 0.5029468, 0.5071238, 0.50223935, 0.50419694, 0.5137173, 0.50886685, 0.50610614, 0.50389725, 0.51532537, 0.514691, 0.511874, 0.50464153, 0.5121796, 0.512737, 0.51271874, 0.5165788, 0.5077279, 0.5048116, 0.5060314, 0.5129306, 0.5109718, 0.5109002, 0.5081431, 0.5040055, 0.5078998, 0.5086711, 0.50958514, 0.5085469, 0.5090119, 0.50731295, 0.50648296, 0.5013432, 0.51147586, 0.5108047, 0.50099105, 0.50161874, 0.5111783, 0.50353557, 0.5092948, 0.51343566, 0.51255697, 0.5111961, 0.5097068, 0.50849336, 0.5049816, 0.5043391, 0.50119907, 0.5078338, 0.50977933, 0.5095888, 0.50180775, 0.51535636, 0.5135523, 0.5125127, 0.5043513, 0.50188345, 0.5119044, 0.5115816, 0.51468545, 0.5091844, 0.5088556, 0.50893843, 0.50171274, 0.507079, 0.5020174, 0.51485443, 0.5118707, 0.51304686, 0.50812, 0.5067639, 0.50696844, 0.5031396, 0.50876874, 0.5114287, 0.51499426, 0.50769925, 0.51221365, 0.5139906, 0.5144082, 0.515523, 0.5107353, 0.51445, 0.51428115, 0.5137231, 0.50261724, 0.50960916, 0.51339185, 0.50071114]
[0.5190622, 0.5202927, 0.5204366, 0.5161555, 0.5184246, 0.5138443, 0.51215464, 0.5188928, 0.5043365, 0.5020241, 0.5022964, 0.5154446, 0.51779693, 0.5120294, 0.5053522, 0.5167705, 0.5154927, 0.52019113, 0.51812524, 0.51007324, 0.5108284, 0.51561326, 0.5198067, 0.5152436, 0.5217365, 0.5166407, 0.5141806, 0.50917745, 0.50320345, 0.50375646, 0.5197949, 0.5063242, 0.51098526, 0.5002216, 0.50275034, 0.5061331, 0.5206963, 0.5030935, 0.50230104, 0.5160768, 0.5140311, 0.51335144, 0.5136632, 0.51019895, 0.51960427, 0.51701695, 0.50552815, 0.5139218, 0.51271486, 0.5124581, 0.52132875, 0.51634336, 0.5109017, 0.5179393, 0.5200111, 0.51397973, 0.5209162, 0.5093085, 0.5187038, 0.5189682, 0.5178495, 0.5101055, 0.5122396, 0.50612503, 0.51904446, 0.51562303, 0.5154538, 0.50117564, 0.50853217, 0.51071215, 0.51010853, 0.51108813, 0.5170788, 0.5045913, 0.5003215, 0.51668495, 0.5190223, 0.51707226, 0.50877625, 0.5099647, 0.5148793, 0.5180562, 0.51381767, 0.50882375, 0.5095638, 0.50957996, 0.50904816, 0.51088536, 0.503752, 0.50135595, 0.5016513, 0.50241375, 0.502863, 0.5023562, 0.50907826, 0.5140737, 0.5164047, 0.5197135, 0.5183949, 0.5164312, 0.5159358, 0.51688707, 0.50903577, 0.5218727, 0.52165854, 0.5203974, 0.51096785, 0.5226248, 0.5101687, 0.5208423, 0.5210654, 0.50916547, 0.5125636, 0.5112371, 0.51604503, 0.5106831, 0.5003511, 0.5029427, 0.5186217, 0.5148594, 0.5010847, 0.502308, 0.518722, 0.50020784, 0.51903737, 0.5108844, 0.5188865, 0.5138387, 0.5007014, 0.5022837, 0.52149355, 0.5114274, 0.5220333, 0.5184618, 0.51749575, 0.5096917, 0.5128119, 0.5149344, 0.50886375, 0.5172455, 0.5172045, 0.5088392, 0.50818723, 0.5144166, 0.50720793, 0.5197366, 0.51975685, 0.50088835, 0.5021923, 0.5127064, 0.5142828, 0.50678056, 0.5035738, 0.5024333, 0.5021445, 0.5001795, 0.5072816, 0.5108505, 0.5168274, 0.50196356, 0.5002233, 0.51764476, 0.51139945, 0.5148595, 0.5003757, 0.5208224, 0.5217867, 0.52044535, 0.51157904, 0.5100284, 0.5146813, 0.51281196, 0.5123271, 0.51229525, 0.50185156, 0.51756877, 0.5174006, 0.5150286, 0.5150834, 0.5106462, 0.50324386, 0.51749074, 0.5190721, 0.51898664, 0.5145302, 0.5170081, 0.5213446, 0.5177773, 0.5125778, 0.512578, 0.51298714, 0.5115629, 0.51610553, 0.51386976, 0.5035547, 0.5001419, 0.51316667, 0.5162929, 0.51424414, 0.5171056, 0.51659524, 0.51661426, 0.514411, 0.5134895, 0.5006762, 0.5221977, 0.5220322, 0.52184993, 0.5017304, 0.505549, 0.50363016, 0.50543666, 0.51845783, 0.51273346, 0.5087931, 0.50454175, 0.52033085, 0.51966584, 0.51639366, 0.5080669, 0.51623815, 0.5181672, 0.51718146, 0.5224561, 0.5110587, 0.5094984, 0.5100341, 0.51791966, 0.51579475, 0.5155823, 0.51231855, 0.50812656, 0.51030487, 0.5119722, 0.51289725, 0.51205355, 0.5124486, 0.5109113, 0.50908685, 0.50116247, 0.51662326, 0.51592475, 0.50188196, 0.5031602, 0.5150731, 0.50670177, 0.5123342, 0.5177907, 0.5171525, 0.51511014, 0.51364756, 0.5115955, 0.5075437, 0.5030614, 0.5012722, 0.51039964, 0.51272726, 0.51282334, 0.5048566, 0.52094185, 0.5182423, 0.51714, 0.5017901, 0.50026745, 0.5156486, 0.5155931, 0.5190442, 0.51344395, 0.51356375, 0.5123443, 0.5012521, 0.50469583, 0.50307703, 0.51891375, 0.51740605, 0.5175233, 0.51271886, 0.50975406, 0.5088854, 0.5019872, 0.5117186, 0.5153612, 0.51969784, 0.5104402, 0.5156814, 0.5186956, 0.5193011, 0.5207004, 0.51456165, 0.51966155, 0.5190844, 0.5181195, 0.5022078, 0.51280904, 0.5177534, 0.5035754]
[0.51731634, 0.5179727, 0.5191827, 0.5156771, 0.51679033, 0.51425797, 0.51298416, 0.5173238, 0.504399, 0.50406384, 0.50453293, 0.51510316, 0.51698077, 0.5119579, 0.50388104, 0.5154447, 0.514453, 0.5182383, 0.5173642, 0.5100901, 0.5114891, 0.51537335, 0.5183106, 0.51468414, 0.51955426, 0.51553965, 0.5135818, 0.5097788, 0.50073385, 0.5013723, 0.518352, 0.5043625, 0.51037073, 0.5002885, 0.5049822, 0.5069551, 0.5185595, 0.5006928, 0.5001579, 0.51513124, 0.5117158, 0.51175654, 0.5129081, 0.510463, 0.51796013, 0.5169551, 0.5059537, 0.5133997, 0.51235473, 0.5116155, 0.5192942, 0.51618266, 0.5109396, 0.51703185, 0.5186289, 0.5137958, 0.51991284, 0.5098821, 0.51679754, 0.51739943, 0.5156211, 0.510414, 0.51111704, 0.5064965, 0.51761335, 0.5150678, 0.51414376, 0.5009645, 0.5094616, 0.51031774, 0.5095441, 0.5101372, 0.5154655, 0.5037166, 0.49996924, 0.5155312, 0.5172249, 0.515386, 0.50771654, 0.50974387, 0.5140241, 0.5162881, 0.5132531, 0.50807714, 0.5093648, 0.5086907, 0.50822115, 0.5100188, 0.50126755, 0.49935877, 0.49949208, 0.5003504, 0.5007649, 0.50055444, 0.50800544, 0.5139369, 0.51563877, 0.5181865, 0.51675564, 0.5157381, 0.5155313, 0.51615757, 0.50929654, 0.51930344, 0.5200823, 0.51869476, 0.5106187, 0.52012235, 0.5099766, 0.5189785, 0.51923203, 0.5096675, 0.512411, 0.5115289, 0.5153568, 0.5098849, 0.50054705, 0.5005905, 0.51681304, 0.51391786, 0.49994045, 0.49981314, 0.5171063, 0.5025455, 0.5177816, 0.5110111, 0.51726437, 0.5129724, 0.49923265, 0.49972597, 0.51939344, 0.5112832, 0.52047557, 0.5173459, 0.5161777, 0.5084999, 0.5128851, 0.51385176, 0.5081022, 0.5160801, 0.5159538, 0.51009834, 0.5083911, 0.5139313, 0.5076859, 0.51801604, 0.5177938, 0.5015653, 0.50032884, 0.51289624, 0.51360434, 0.5034762, 0.50137126, 0.50095624, 0.4999997, 0.5007125, 0.5072196, 0.51028264, 0.51590747, 0.49918985, 0.50103724, 0.51705533, 0.5119217, 0.51500845, 0.5003231, 0.51863927, 0.5196011, 0.5187259, 0.5113591, 0.51053715, 0.51432717, 0.51300985, 0.5122825, 0.51187724, 0.4995467, 0.51654476, 0.5167693, 0.5151711, 0.51514965, 0.51022446, 0.5005591, 0.51669616, 0.51668036, 0.51743895, 0.5146569, 0.5161512, 0.51934814, 0.51733017, 0.5123603, 0.5122964, 0.51349103, 0.5119093, 0.516338, 0.5126355, 0.5024941, 0.49991003, 0.5126392, 0.51602817, 0.5134912, 0.5156864, 0.5166136, 0.5163736, 0.513981, 0.5136407, 0.5001302, 0.51951885, 0.5198968, 0.51993656, 0.49937126, 0.50267494, 0.5039176, 0.5052825, 0.51692814, 0.51128864, 0.5099766, 0.5054797, 0.51848704, 0.51862955, 0.51485956, 0.508789, 0.5158496, 0.51595175, 0.5161275, 0.520407, 0.5095163, 0.50798297, 0.50851166, 0.5156533, 0.515013, 0.5147034, 0.5123364, 0.5084591, 0.5097762, 0.5116997, 0.51190954, 0.51215446, 0.51219356, 0.51075715, 0.5094544, 0.50327426, 0.51497483, 0.5139268, 0.5017242, 0.5027036, 0.5144027, 0.5072911, 0.5122151, 0.5162393, 0.5159462, 0.51393116, 0.5129789, 0.51090366, 0.5073988, 0.5007566, 0.5005604, 0.5099717, 0.5124465, 0.51265115, 0.50300467, 0.5190765, 0.5165996, 0.5156423, 0.50010055, 0.5000066, 0.515496, 0.51455915, 0.5180574, 0.51240665, 0.5127033, 0.5115423, 0.5007523, 0.5023318, 0.50340676, 0.51811147, 0.51591337, 0.516055, 0.51202196, 0.5101611, 0.5095671, 0.50030327, 0.5105943, 0.5146757, 0.5174927, 0.5109208, 0.51519746, 0.51753306, 0.5175503, 0.5190426, 0.5139932, 0.51826215, 0.5175236, 0.51702416, 0.5055378, 0.51246196, 0.5170945, 0.5034407]
[0.5123919, 0.51314193, 0.51401293, 0.5115755, 0.51175255, 0.5100748, 0.50871664, 0.51290894, 0.5030902, 0.50114274, 0.5025116, 0.51046175, 0.5124466, 0.5091574, 0.5047232, 0.51273143, 0.5105579, 0.5137321, 0.5125418, 0.5073864, 0.50865465, 0.51145357, 0.5136145, 0.5107103, 0.5144114, 0.5112083, 0.5093298, 0.5067833, 0.5017856, 0.5022529, 0.51321036, 0.50346726, 0.50719285, 0.50035965, 0.5036082, 0.50587124, 0.5139671, 0.5015517, 0.50055826, 0.51070213, 0.50956553, 0.50938, 0.50874674, 0.50841475, 0.51338744, 0.5117001, 0.5061302, 0.5099604, 0.50898063, 0.50894237, 0.5145418, 0.5115443, 0.50816596, 0.51227564, 0.51370084, 0.50978196, 0.51424354, 0.50716275, 0.5121775, 0.5125721, 0.51226604, 0.508125, 0.50739884, 0.5060844, 0.5125613, 0.5108115, 0.510581, 0.50006807, 0.50679016, 0.50859064, 0.50780755, 0.5085934, 0.51182485, 0.5044214, 0.4999826, 0.51173735, 0.5124964, 0.51101875, 0.5067647, 0.5084111, 0.51059926, 0.5119815, 0.50987107, 0.50732297, 0.507848, 0.5071947, 0.5061964, 0.5081881, 0.5025455, 0.5002604, 0.5004086, 0.501052, 0.5018175, 0.5016209, 0.50701004, 0.51083344, 0.51087934, 0.513475, 0.51260734, 0.5119891, 0.51183134, 0.51193357, 0.5072459, 0.51472765, 0.514811, 0.51367354, 0.5082362, 0.51513606, 0.5078876, 0.5143683, 0.514101, 0.50709707, 0.5095177, 0.5083511, 0.51059675, 0.5078352, 0.5001984, 0.5019484, 0.51266646, 0.51019573, 0.50148934, 0.500609, 0.5123822, 0.5006145, 0.51292086, 0.5079765, 0.5129546, 0.50979185, 0.5005264, 0.49976754, 0.51440924, 0.50794953, 0.51513416, 0.51290584, 0.5116156, 0.5064269, 0.509286, 0.5094885, 0.50579506, 0.51262087, 0.51153827, 0.5069077, 0.50514233, 0.5100781, 0.5066583, 0.51330876, 0.513828, 0.5010419, 0.5000221, 0.5094028, 0.50971735, 0.5053499, 0.50200874, 0.50122577, 0.5008731, 0.50071084, 0.50553256, 0.50853246, 0.5116898, 0.50122076, 0.5007261, 0.51252687, 0.50902253, 0.51135385, 0.49990687, 0.5142891, 0.51468736, 0.51387554, 0.5083059, 0.50734025, 0.51045054, 0.5094576, 0.5085562, 0.5090322, 0.50071084, 0.5114282, 0.51177764, 0.5106736, 0.51082504, 0.5074388, 0.50155455, 0.5124067, 0.51288664, 0.5133055, 0.51022226, 0.5118473, 0.51424664, 0.51232076, 0.5091429, 0.50922525, 0.50946563, 0.50933546, 0.51213604, 0.5095463, 0.50283456, 0.5008681, 0.5096608, 0.5117822, 0.51005465, 0.51181537, 0.5117105, 0.51197106, 0.5108332, 0.510361, 0.5009013, 0.51490456, 0.5149977, 0.5148138, 0.5008086, 0.50392187, 0.5050023, 0.5050653, 0.512661, 0.50838166, 0.50742686, 0.5048887, 0.51401114, 0.5134599, 0.51098824, 0.5072186, 0.51155263, 0.5121309, 0.5115188, 0.5148741, 0.50815976, 0.5072566, 0.5077717, 0.5116947, 0.51058817, 0.51049805, 0.5087748, 0.5064132, 0.5081775, 0.50921774, 0.5095595, 0.50849706, 0.5088599, 0.5081448, 0.507185, 0.5017723, 0.5112006, 0.51038367, 0.5025968, 0.5041178, 0.51067334, 0.50486016, 0.50950146, 0.51191825, 0.51176333, 0.51046675, 0.509525, 0.50840837, 0.50649184, 0.50152844, 0.5005439, 0.5076192, 0.50922, 0.50922054, 0.50459796, 0.51420075, 0.5126117, 0.51180065, 0.5011197, 0.5010488, 0.5108521, 0.5108754, 0.5127008, 0.5094559, 0.50930524, 0.5084125, 0.4999416, 0.5035467, 0.5032597, 0.51341265, 0.51133084, 0.5118072, 0.5089982, 0.50765985, 0.50692374, 0.50109893, 0.5081532, 0.5100016, 0.5133379, 0.50776136, 0.5109366, 0.51301646, 0.5135937, 0.5141126, 0.51007074, 0.5131603, 0.5133792, 0.51311415, 0.5034882, 0.50971323, 0.51248795, 0.5032207]
[0.51343834, 0.51505095, 0.5150714, 0.5127458, 0.51280165, 0.5108017, 0.5096079, 0.5136285, 0.5024918, 0.50304735, 0.5036334, 0.51084715, 0.51372933, 0.5091787, 0.50331783, 0.51400024, 0.51146305, 0.5148529, 0.5143172, 0.50759417, 0.5088665, 0.5126919, 0.51490766, 0.51196474, 0.51534265, 0.5124667, 0.51016927, 0.50706965, 0.50186133, 0.502121, 0.5143285, 0.50367284, 0.50754136, 0.50080323, 0.5040075, 0.5056637, 0.5151986, 0.5018489, 0.5013844, 0.51125807, 0.5097535, 0.50975925, 0.5094512, 0.5085872, 0.5145024, 0.51288325, 0.5062263, 0.5109271, 0.5098866, 0.50955606, 0.5152705, 0.5123945, 0.5083859, 0.51328206, 0.51468575, 0.51061225, 0.51540786, 0.50692, 0.513288, 0.5135915, 0.51290303, 0.5083406, 0.50780094, 0.5066014, 0.51342505, 0.5115553, 0.51153696, 0.5007962, 0.50736696, 0.50890875, 0.5079366, 0.508641, 0.5128282, 0.5044986, 0.50012827, 0.5128749, 0.51379484, 0.5120992, 0.5063186, 0.50860614, 0.511623, 0.5127087, 0.510857, 0.507244, 0.5075512, 0.50716686, 0.50623804, 0.5085561, 0.5021938, 0.5006111, 0.5007164, 0.5012466, 0.50167114, 0.50152045, 0.5071772, 0.51150393, 0.5116631, 0.5145743, 0.51413476, 0.51261914, 0.5125271, 0.51298904, 0.50685143, 0.516262, 0.5162699, 0.5149076, 0.50813323, 0.51633996, 0.5082474, 0.51555485, 0.5151732, 0.50756013, 0.5098551, 0.50828767, 0.5117791, 0.50774795, 0.5004132, 0.501771, 0.5133217, 0.51090693, 0.5001531, 0.5011818, 0.513325, 0.50036323, 0.5139968, 0.50835544, 0.51371574, 0.5098519, 0.5003489, 0.5007668, 0.51548475, 0.5087294, 0.5165375, 0.51437855, 0.51237565, 0.50649595, 0.5090438, 0.51011044, 0.50602067, 0.51363385, 0.51234305, 0.5072615, 0.50531673, 0.5106348, 0.507331, 0.5141346, 0.51468307, 0.5001303, 0.500799, 0.5101785, 0.5107226, 0.5041824, 0.5024254, 0.5018073, 0.5016972, 0.50005776, 0.5058554, 0.5090995, 0.5130818, 0.50177896, 0.5005067, 0.5139763, 0.50964916, 0.5122683, 0.50041497, 0.5155797, 0.51576716, 0.5148142, 0.50886595, 0.508324, 0.5109754, 0.50975186, 0.50938165, 0.5096055, 0.50105697, 0.51194507, 0.51326764, 0.5117332, 0.5116758, 0.508107, 0.5019042, 0.51376885, 0.51407313, 0.51423556, 0.5113203, 0.51285267, 0.5155974, 0.5137667, 0.5094682, 0.50931764, 0.50954705, 0.509593, 0.5126485, 0.50996584, 0.50190514, 0.50071776, 0.5100619, 0.51257795, 0.5102341, 0.5128507, 0.5125649, 0.51279014, 0.51143163, 0.51053727, 0.50040126, 0.5158248, 0.51574916, 0.51579064, 0.50083774, 0.50339913, 0.50266784, 0.5052774, 0.513497, 0.5085733, 0.50778484, 0.5046911, 0.51524013, 0.51464164, 0.5120987, 0.5076506, 0.51239216, 0.51293176, 0.51224685, 0.51621675, 0.5078339, 0.50735575, 0.5075637, 0.5124288, 0.51115686, 0.5109198, 0.50919247, 0.5062813, 0.5087096, 0.5089673, 0.50954735, 0.5084496, 0.50944924, 0.5084519, 0.5076186, 0.501188, 0.5121177, 0.5111407, 0.5022261, 0.50285363, 0.5112062, 0.5052106, 0.5095327, 0.51309264, 0.5125382, 0.51105076, 0.51008075, 0.50895476, 0.5065117, 0.50191104, 0.5017076, 0.50845015, 0.5100074, 0.51022965, 0.5031238, 0.51542234, 0.51374847, 0.5128387, 0.5013164, 0.500381, 0.5115071, 0.51152265, 0.5136906, 0.5098272, 0.5095829, 0.50861204, 0.50029194, 0.50320685, 0.50318485, 0.5142933, 0.51187104, 0.51247233, 0.50899625, 0.5078233, 0.50704354, 0.5006608, 0.50885344, 0.5113404, 0.51457065, 0.508415, 0.5118486, 0.51412547, 0.51462436, 0.5153429, 0.51086605, 0.51418084, 0.5149474, 0.51448745, 0.5043816, 0.51024264, 0.5133973, 0.5028388]
[0.5138838, 0.5152921, 0.5160833, 0.5136528, 0.5136546, 0.5120095, 0.5098911, 0.51523465, 0.5033778, 0.5006632, 0.5010086, 0.51168746, 0.51448023, 0.51051205, 0.5029183, 0.5151485, 0.51282084, 0.5165794, 0.5152565, 0.5083851, 0.50943273, 0.51311034, 0.51605314, 0.5120584, 0.5165971, 0.5125393, 0.51026696, 0.5042218, 0.50279266, 0.5030292, 0.51560754, 0.50352514, 0.5080504, 0.5004785, 0.5018275, 0.5063879, 0.5165188, 0.5021172, 0.5015981, 0.51257265, 0.5115198, 0.51132524, 0.5105102, 0.5098048, 0.5153007, 0.5131089, 0.50421506, 0.51143354, 0.51005524, 0.5102376, 0.5164393, 0.51330805, 0.5098043, 0.51413184, 0.51597106, 0.5111971, 0.5164969, 0.50794125, 0.51410306, 0.5145667, 0.51457393, 0.5088321, 0.5084227, 0.50578314, 0.5143653, 0.5126224, 0.5124373, 0.5013689, 0.50612503, 0.50986814, 0.5088112, 0.510297, 0.51390666, 0.5037628, 0.50037557, 0.51366127, 0.5145474, 0.5135434, 0.5084837, 0.50981027, 0.51282716, 0.51437676, 0.5112552, 0.5091908, 0.50853366, 0.5083956, 0.5060545, 0.50862813, 0.50286084, 0.50087076, 0.5015874, 0.5019754, 0.5021705, 0.501998, 0.50820494, 0.5119821, 0.512471, 0.5157811, 0.51464844, 0.5137524, 0.513832, 0.5139845, 0.50683683, 0.51730186, 0.51734895, 0.51593333, 0.5085625, 0.5177486, 0.50838697, 0.5169308, 0.5163996, 0.5069336, 0.5106556, 0.5101833, 0.5119637, 0.5087527, 0.5003954, 0.5019649, 0.5144491, 0.5113928, 0.50025606, 0.5017243, 0.51434153, 0.5005559, 0.51477706, 0.5084387, 0.5151266, 0.5112316, 0.5007764, 0.50074136, 0.51716256, 0.508593, 0.5174628, 0.5150357, 0.51341856, 0.50611955, 0.51033723, 0.51145154, 0.5050917, 0.5145461, 0.51403093, 0.50762707, 0.5033985, 0.51126754, 0.5071614, 0.5157463, 0.51642406, 0.5001348, 0.50087017, 0.5109433, 0.5114583, 0.5052211, 0.50245863, 0.5014945, 0.5014733, 0.5003269, 0.5025474, 0.5100537, 0.513713, 0.50196064, 0.5002166, 0.51423794, 0.5095173, 0.5126947, 0.50115865, 0.5167368, 0.51706505, 0.51565546, 0.50906676, 0.50695306, 0.51214117, 0.5101906, 0.51000816, 0.51043326, 0.5014298, 0.51340514, 0.5133299, 0.51182634, 0.5121451, 0.5088257, 0.50240195, 0.51457554, 0.5152286, 0.51533586, 0.5117383, 0.51363647, 0.516797, 0.51394236, 0.5109262, 0.5106886, 0.5107692, 0.5102103, 0.51382285, 0.5118883, 0.50265664, 0.500217, 0.51141906, 0.51342964, 0.511445, 0.5138069, 0.5132423, 0.5132117, 0.5132002, 0.5115981, 0.50077015, 0.5172568, 0.5172882, 0.51720333, 0.50217295, 0.5044691, 0.5042832, 0.5031847, 0.51503575, 0.51005256, 0.50818056, 0.504483, 0.51620334, 0.51583195, 0.51319563, 0.50726914, 0.5133138, 0.5145638, 0.51293147, 0.5171227, 0.509247, 0.5078063, 0.50846314, 0.51407564, 0.51198643, 0.5119165, 0.510145, 0.5047051, 0.50932485, 0.5108974, 0.5115152, 0.50966537, 0.50985473, 0.508264, 0.50533867, 0.5001835, 0.51307523, 0.5123109, 0.50135976, 0.5025852, 0.5122362, 0.5039201, 0.5102302, 0.51418096, 0.5138153, 0.5125918, 0.51129484, 0.5103729, 0.5051524, 0.50220317, 0.5003073, 0.5071018, 0.5101426, 0.5101844, 0.50454324, 0.5166475, 0.5148529, 0.5141269, 0.50141656, 0.5000529, 0.512014, 0.5126025, 0.5145384, 0.511311, 0.51113975, 0.5099667, 0.5008316, 0.50389415, 0.50149935, 0.5152414, 0.5123492, 0.5139109, 0.5105977, 0.5078417, 0.5059349, 0.50155175, 0.50951105, 0.51080155, 0.51583165, 0.5082418, 0.51271874, 0.51479924, 0.51586044, 0.5161635, 0.51128304, 0.5149346, 0.5158297, 0.5153753, 0.50361615, 0.5107708, 0.5143625, 0.50228465]
[0.5154274, 0.51735556, 0.51830846, 0.5144597, 0.514555, 0.5125909, 0.51087135, 0.51711386, 0.5011842, 0.5009338, 0.50026876, 0.5121082, 0.5165047, 0.5108136, 0.5021066, 0.51609063, 0.5129427, 0.5185558, 0.5165301, 0.5077525, 0.5090979, 0.5145207, 0.51852375, 0.51283777, 0.51919264, 0.51316243, 0.51007026, 0.5054093, 0.5040992, 0.5042765, 0.5175215, 0.50224656, 0.5084967, 0.50158864, 0.50174123, 0.506133, 0.51864684, 0.5043896, 0.5034353, 0.51322013, 0.51173216, 0.5110499, 0.5100665, 0.51061636, 0.51727563, 0.51495206, 0.5060508, 0.5111862, 0.51004595, 0.5100027, 0.5191623, 0.5146976, 0.5088528, 0.51587355, 0.5179509, 0.512236, 0.51939106, 0.5072381, 0.5160843, 0.51663274, 0.5162376, 0.5084013, 0.50732803, 0.50456405, 0.5162952, 0.5140953, 0.51299626, 0.50328785, 0.5031648, 0.5098152, 0.5084628, 0.51044613, 0.5144657, 0.50245416, 0.50148594, 0.514777, 0.51650286, 0.5146038, 0.5049007, 0.5092556, 0.51321626, 0.5159996, 0.5113821, 0.50808275, 0.5078742, 0.5086214, 0.5073226, 0.50805026, 0.50504917, 0.50262517, 0.5033742, 0.50430554, 0.5045534, 0.50424415, 0.5062404, 0.51257867, 0.513545, 0.51771444, 0.51625216, 0.51510066, 0.5146994, 0.5155986, 0.50697213, 0.5199183, 0.5202889, 0.51823443, 0.5084135, 0.52072513, 0.508378, 0.51930344, 0.5193084, 0.5056224, 0.5102419, 0.5094213, 0.51343447, 0.5089867, 0.5010149, 0.50369126, 0.51550454, 0.5121951, 0.50112283, 0.50273967, 0.5158787, 0.501354, 0.5166281, 0.509213, 0.517283, 0.51111627, 0.50083154, 0.5022861, 0.5189677, 0.5085983, 0.5206043, 0.5170235, 0.5149025, 0.5057843, 0.5109236, 0.5114341, 0.50566804, 0.5156333, 0.5152103, 0.5067662, 0.5019972, 0.5115156, 0.5035889, 0.517608, 0.51906437, 0.49982893, 0.5014942, 0.5112408, 0.5117887, 0.5076937, 0.5041155, 0.5032345, 0.5028942, 0.50144047, 0.50220424, 0.51030576, 0.51528406, 0.50348777, 0.50142366, 0.51639205, 0.50965023, 0.51446676, 0.501202, 0.51886475, 0.519795, 0.5177007, 0.50931376, 0.5074476, 0.5127382, 0.5112781, 0.51033574, 0.5105365, 0.5034674, 0.5145024, 0.51534617, 0.51344305, 0.5140174, 0.5077244, 0.5044254, 0.51648647, 0.5168766, 0.5168349, 0.51241416, 0.51501805, 0.5188399, 0.5156618, 0.5112686, 0.5106146, 0.51129246, 0.5109694, 0.51519436, 0.51240814, 0.5005682, 0.5013023, 0.5116752, 0.515241, 0.5123601, 0.5153759, 0.51444703, 0.51516175, 0.5139435, 0.51163906, 0.501568, 0.52021784, 0.5203067, 0.52014476, 0.5034855, 0.50658256, 0.50260764, 0.5044187, 0.5172119, 0.51017624, 0.5078284, 0.50493574, 0.5189627, 0.51800597, 0.5140628, 0.50560594, 0.5147675, 0.5156048, 0.51456326, 0.5203932, 0.5090252, 0.50473267, 0.50618744, 0.51548773, 0.5127341, 0.5124061, 0.5098626, 0.5031822, 0.5088884, 0.51059437, 0.5111096, 0.5098862, 0.5095134, 0.50847733, 0.5061589, 0.50050414, 0.5138665, 0.5129939, 0.50025547, 0.50100565, 0.5131735, 0.50419724, 0.51048726, 0.51596224, 0.5157789, 0.51334333, 0.5117802, 0.5098213, 0.50448406, 0.5035577, 0.50107306, 0.50828856, 0.5111173, 0.5113902, 0.5019099, 0.5186453, 0.51631254, 0.5153015, 0.50396883, 0.5009692, 0.5137433, 0.5137661, 0.5173165, 0.51176167, 0.51148957, 0.51039815, 0.5023656, 0.50611347, 0.49999225, 0.5180579, 0.51409584, 0.5155484, 0.51040417, 0.50902325, 0.5069132, 0.5032197, 0.50992405, 0.5125064, 0.51755124, 0.5082825, 0.5147574, 0.51662296, 0.5177443, 0.5186094, 0.5123968, 0.5171959, 0.5175171, 0.5168377, 0.5039255, 0.51187885, 0.5163735, 0.5013248]
[0.51266325, 0.51321083, 0.513998, 0.51147914, 0.5121227, 0.51015943, 0.5095539, 0.5126832, 0.5039227, 0.5032876, 0.5039183, 0.51036114, 0.5124154, 0.50902116, 0.5053642, 0.51182485, 0.510476, 0.5133862, 0.51277685, 0.5078601, 0.50859904, 0.5115177, 0.51345074, 0.5109593, 0.51416135, 0.5115343, 0.509809, 0.50721735, 0.50219834, 0.5026222, 0.5131502, 0.50495523, 0.50801057, 0.50229436, 0.5046908, 0.5058589, 0.51381093, 0.5024974, 0.5014869, 0.5103439, 0.5092454, 0.50872606, 0.5087884, 0.50786716, 0.51285446, 0.51226985, 0.5061243, 0.5101951, 0.5090946, 0.5089675, 0.5141054, 0.5112582, 0.5078135, 0.51242054, 0.51330084, 0.51011705, 0.514128, 0.5068905, 0.512463, 0.5125182, 0.5117558, 0.50779164, 0.50775623, 0.5062384, 0.5125671, 0.51075137, 0.51107174, 0.5016107, 0.506924, 0.50843775, 0.50747854, 0.5079728, 0.5113707, 0.50474745, 0.5020916, 0.5117361, 0.51278037, 0.51124626, 0.5062348, 0.50768155, 0.5105306, 0.51169103, 0.51033694, 0.5065499, 0.50731474, 0.5069572, 0.50695735, 0.50804675, 0.50286084, 0.50110865, 0.50125057, 0.5009924, 0.5018594, 0.5017111, 0.5071006, 0.51050717, 0.51164234, 0.513364, 0.5127832, 0.511348, 0.5111498, 0.51156884, 0.5071121, 0.51440233, 0.514494, 0.51353383, 0.5082193, 0.5147939, 0.5077072, 0.5140267, 0.51393616, 0.507491, 0.5093536, 0.50812143, 0.51113355, 0.50782686, 0.5021116, 0.5023091, 0.5126221, 0.5103353, 0.50215286, 0.5007154, 0.5125326, 0.5026885, 0.5128642, 0.50837964, 0.51273036, 0.5095732, 0.50157243, 0.50087875, 0.51381254, 0.50845915, 0.5146416, 0.51287836, 0.5122241, 0.5072615, 0.5096081, 0.5095313, 0.50670916, 0.5120322, 0.5116035, 0.50689185, 0.5056633, 0.5101003, 0.50632, 0.5131019, 0.51320624, 0.5019235, 0.50109196, 0.5095465, 0.5101192, 0.5060638, 0.5025739, 0.5013772, 0.5014936, 0.50287855, 0.5066878, 0.50868976, 0.51218307, 0.5018827, 0.50207174, 0.51259536, 0.5093823, 0.51164836, 0.5020012, 0.51386523, 0.51427156, 0.51367044, 0.5087681, 0.5078263, 0.5098377, 0.5097873, 0.50875133, 0.50901484, 0.50081646, 0.5110494, 0.51217926, 0.51123345, 0.5112904, 0.50751764, 0.50260425, 0.512389, 0.51279145, 0.5126406, 0.5104931, 0.5118589, 0.5140623, 0.51238906, 0.50855196, 0.5087463, 0.5089549, 0.5086823, 0.5118536, 0.5095615, 0.50360143, 0.502295, 0.50970894, 0.5117765, 0.5099197, 0.5116518, 0.51203066, 0.51215315, 0.5098996, 0.5099352, 0.50238776, 0.5145901, 0.5144275, 0.5143481, 0.501295, 0.5042689, 0.50438863, 0.50591314, 0.5122082, 0.5085691, 0.50716996, 0.5045864, 0.51355964, 0.51327723, 0.5110698, 0.50672805, 0.51158154, 0.5118074, 0.5117465, 0.5145052, 0.50797206, 0.5066522, 0.506983, 0.51159745, 0.5107439, 0.51046854, 0.5087049, 0.50634545, 0.5082784, 0.50897247, 0.509534, 0.5089934, 0.5093609, 0.5083917, 0.50755686, 0.5035173, 0.51096195, 0.5104927, 0.5040477, 0.5045001, 0.5106873, 0.5058494, 0.5092867, 0.5120093, 0.5117352, 0.51033145, 0.50928056, 0.5082972, 0.5064786, 0.50212806, 0.5032061, 0.5081458, 0.50944865, 0.5095435, 0.50401527, 0.5136253, 0.5124057, 0.5116498, 0.5014574, 0.50162697, 0.51135176, 0.5109543, 0.5130343, 0.50904524, 0.50881714, 0.508575, 0.50199187, 0.5039429, 0.504361, 0.51315236, 0.5116201, 0.5118089, 0.5086551, 0.50785774, 0.5073666, 0.5008056, 0.5086145, 0.5107944, 0.5132427, 0.50810915, 0.51122797, 0.5127574, 0.51317894, 0.5138362, 0.5104074, 0.5130167, 0.5131005, 0.51268035, 0.5042229, 0.50966704, 0.51251405, 0.50406224]
[0.51146823, 0.51216495, 0.51335764, 0.5107239, 0.5109848, 0.5095127, 0.5088736, 0.51214147, 0.50406057, 0.5029541, 0.50363564, 0.5096115, 0.512212, 0.5087391, 0.50569654, 0.51169014, 0.50999457, 0.5130569, 0.5122171, 0.50723773, 0.5078955, 0.51115245, 0.51306343, 0.5104495, 0.51384354, 0.5105019, 0.5085298, 0.50672853, 0.5002886, 0.50106233, 0.51252925, 0.5049268, 0.5072834, 0.50227404, 0.5053391, 0.5064719, 0.5136624, 0.50036323, 0.50095665, 0.5099155, 0.5083104, 0.5079876, 0.5078302, 0.50813335, 0.5125111, 0.5117292, 0.50665563, 0.5091785, 0.5083141, 0.5079423, 0.5135971, 0.5110638, 0.5077014, 0.51171744, 0.51289976, 0.509916, 0.51375645, 0.50688744, 0.5115892, 0.5119411, 0.5116877, 0.50781953, 0.50684786, 0.50603586, 0.5116987, 0.51060194, 0.5103734, 0.5017821, 0.5064129, 0.508196, 0.50778204, 0.5081726, 0.5104392, 0.50489897, 0.5022143, 0.5109991, 0.51202375, 0.51058674, 0.5059294, 0.5070726, 0.51028943, 0.5113475, 0.50946504, 0.5071177, 0.507339, 0.507413, 0.50746506, 0.5073107, 0.50130695, 0.50162643, 0.5012472, 0.50055754, 0.5004371, 0.5003506, 0.50682145, 0.51003397, 0.51064503, 0.5127887, 0.5122033, 0.5110308, 0.5108827, 0.5112446, 0.5068626, 0.5136469, 0.51382774, 0.51307315, 0.5073318, 0.51418835, 0.5070788, 0.51335377, 0.5133285, 0.5065762, 0.50865334, 0.5084177, 0.5101562, 0.50764924, 0.50281626, 0.50049573, 0.5116144, 0.50934666, 0.5028933, 0.50138247, 0.51191205, 0.5028162, 0.51208156, 0.50778294, 0.51237595, 0.5090212, 0.50232, 0.5017897, 0.51320523, 0.5073884, 0.5142686, 0.5118155, 0.51178014, 0.50649565, 0.508949, 0.50926656, 0.50634176, 0.5117916, 0.51141477, 0.5064808, 0.50555915, 0.50919014, 0.50599545, 0.51284146, 0.51297575, 0.5036789, 0.5025211, 0.5086812, 0.5091315, 0.5037192, 0.5010254, 0.50032765, 0.5008199, 0.50286067, 0.5062818, 0.5085003, 0.5117786, 0.5004458, 0.50224185, 0.5118048, 0.50850815, 0.5111652, 0.50293374, 0.51388335, 0.51390415, 0.5131412, 0.5082245, 0.50753605, 0.50954413, 0.5092391, 0.5079368, 0.50875825, 0.50090414, 0.510569, 0.5114522, 0.5105548, 0.5107556, 0.506972, 0.50116044, 0.51193184, 0.5118417, 0.51205415, 0.50987947, 0.51143026, 0.5135687, 0.5113765, 0.5084178, 0.50821143, 0.5087604, 0.50848156, 0.5113379, 0.50916886, 0.5037307, 0.5024187, 0.5091945, 0.51120484, 0.509419, 0.510986, 0.51138383, 0.5114162, 0.50957406, 0.5095792, 0.50207067, 0.5139474, 0.514018, 0.51426005, 0.5013529, 0.502413, 0.50498605, 0.5058715, 0.51185083, 0.50788885, 0.5071158, 0.5052261, 0.51319677, 0.512838, 0.51070076, 0.5063616, 0.51097023, 0.51145273, 0.5110809, 0.5140846, 0.5075433, 0.5065068, 0.5068806, 0.5111259, 0.50994617, 0.50981873, 0.5081762, 0.5065565, 0.5079972, 0.5082979, 0.5087202, 0.50874853, 0.50875396, 0.50795573, 0.50713813, 0.5036962, 0.5106168, 0.51014453, 0.50367314, 0.50465465, 0.51044494, 0.50591516, 0.508719, 0.5116822, 0.51121867, 0.5096852, 0.50874496, 0.50786674, 0.5057042, 0.5004551, 0.5029378, 0.5074412, 0.5088473, 0.5089673, 0.50411147, 0.5131544, 0.5117527, 0.51107365, 0.5004628, 0.50234103, 0.5104629, 0.51012796, 0.51249576, 0.50886554, 0.50862694, 0.5082643, 0.50157714, 0.5027514, 0.50393873, 0.5130114, 0.5107323, 0.5112403, 0.5081427, 0.5075448, 0.5071466, 0.50070834, 0.5080563, 0.50997585, 0.5125701, 0.5074096, 0.51066756, 0.5119926, 0.5125776, 0.51310635, 0.50967574, 0.5124954, 0.5124641, 0.5121823, 0.5051893, 0.5091357, 0.5120481, 0.5043941]
[0.50963753, 0.510102, 0.5110982, 0.50887436, 0.50940144, 0.5075952, 0.506862, 0.510087, 0.5019354, 0.50210977, 0.50198454, 0.50820583, 0.5096125, 0.5067755, 0.5019031, 0.50912565, 0.5083896, 0.5108871, 0.5097764, 0.50565547, 0.50624764, 0.5085038, 0.5109442, 0.5081826, 0.5113071, 0.5086258, 0.5074997, 0.50441474, 0.5056081, 0.50644475, 0.51068723, 0.50207335, 0.5050128, 0.50190365, 0.5020955, 0.5035069, 0.5109888, 0.50491047, 0.50426215, 0.5086618, 0.5070132, 0.50711787, 0.507113, 0.50604546, 0.5104111, 0.5090804, 0.5027178, 0.50751543, 0.5066529, 0.5066163, 0.51132476, 0.5089614, 0.5060625, 0.5097218, 0.51080805, 0.50706905, 0.51141125, 0.5057582, 0.5097899, 0.51011884, 0.5093572, 0.5056124, 0.50620705, 0.5034903, 0.51028436, 0.5085968, 0.50822467, 0.5015401, 0.50513744, 0.5061622, 0.5056806, 0.50615484, 0.50916797, 0.5025058, 0.50155574, 0.5089034, 0.5099301, 0.50882953, 0.504999, 0.505821, 0.5084754, 0.5094866, 0.50752544, 0.5050292, 0.5052231, 0.504728, 0.5034545, 0.50559825, 0.50605816, 0.5028649, 0.5032163, 0.5044147, 0.50485176, 0.50389, 0.5047249, 0.50771296, 0.50869066, 0.51056296, 0.50987875, 0.5090217, 0.50888985, 0.50931597, 0.50475067, 0.51156706, 0.5118708, 0.5107979, 0.50558287, 0.51205057, 0.5051947, 0.5112955, 0.5111186, 0.50517637, 0.50709134, 0.50636035, 0.5082396, 0.5055605, 0.5019074, 0.5050434, 0.50969875, 0.507629, 0.5019815, 0.50344694, 0.5096439, 0.5010013, 0.5100719, 0.50569683, 0.5102568, 0.50748056, 0.5015719, 0.5026498, 0.51139975, 0.5061185, 0.51178616, 0.5100583, 0.50892615, 0.5044462, 0.50702053, 0.50773615, 0.50375, 0.5091709, 0.50929993, 0.50528944, 0.5038187, 0.5077062, 0.5047571, 0.5106503, 0.51041484, 0.50135756, 0.50267255, 0.5070334, 0.5076043, 0.5101307, 0.50565916, 0.5041625, 0.50430065, 0.5014262, 0.5038023, 0.50622284, 0.50886977, 0.50274056, 0.5011275, 0.5094587, 0.50616264, 0.5083695, 0.50191474, 0.5113272, 0.5116606, 0.5109124, 0.5062743, 0.5051531, 0.50798064, 0.50708956, 0.50678974, 0.50672483, 0.50352925, 0.5092137, 0.50907826, 0.5079996, 0.50803477, 0.5058618, 0.5051863, 0.5094303, 0.50993365, 0.51020855, 0.5080141, 0.50911146, 0.5114545, 0.5097521, 0.5070717, 0.5070694, 0.5070947, 0.5066921, 0.5088601, 0.5073264, 0.5020228, 0.5011665, 0.50732154, 0.50897706, 0.5076546, 0.5092014, 0.50908965, 0.50895184, 0.50814986, 0.50773233, 0.50254744, 0.51180434, 0.51186913, 0.511623, 0.50418466, 0.5084321, 0.5022928, 0.5025431, 0.5100206, 0.50657564, 0.5051419, 0.5025524, 0.5107668, 0.51063293, 0.5085452, 0.5045536, 0.50898546, 0.5098499, 0.5088509, 0.5118493, 0.5059399, 0.5046418, 0.5051526, 0.50925946, 0.5084409, 0.5082303, 0.50668114, 0.5043924, 0.50576943, 0.5066207, 0.50692105, 0.50620884, 0.50643617, 0.50561845, 0.50448406, 0.50090575, 0.5089253, 0.50831115, 0.50148386, 0.5022933, 0.50782734, 0.5032114, 0.50680643, 0.5094325, 0.5090713, 0.5081012, 0.507361, 0.5065133, 0.5032094, 0.50484926, 0.5009285, 0.5055502, 0.50693357, 0.50696486, 0.5022429, 0.51140743, 0.50982165, 0.50914776, 0.50356954, 0.5013275, 0.50841326, 0.50836396, 0.5101661, 0.5069779, 0.50711626, 0.5067079, 0.50165796, 0.5076775, 0.5018555, 0.5103475, 0.5089045, 0.5093787, 0.5067709, 0.50526965, 0.504789, 0.5033945, 0.5061617, 0.50790644, 0.5101952, 0.5056857, 0.5086317, 0.5100801, 0.51038045, 0.51121175, 0.507826, 0.5105237, 0.51034665, 0.5100183, 0.50238484, 0.5068988, 0.50986105, 0.5022776]
[0.51609707, 0.5175616, 0.5183855, 0.5144609, 0.5157904, 0.5124654, 0.511825, 0.51695883, 0.50060165, 0.5007176, 0.5023403, 0.51345277, 0.5165932, 0.5106896, 0.5047431, 0.5156702, 0.51338494, 0.5178032, 0.5166715, 0.5093411, 0.51039875, 0.5145632, 0.5177964, 0.5136833, 0.51899326, 0.51436526, 0.51144123, 0.5079263, 0.50233126, 0.5034416, 0.51762384, 0.5041552, 0.50952345, 0.50033224, 0.50327957, 0.506376, 0.51847315, 0.5022467, 0.5016838, 0.51411957, 0.5118375, 0.51098275, 0.5106937, 0.5094525, 0.5174486, 0.5153859, 0.50623274, 0.512368, 0.511709, 0.5106433, 0.5185858, 0.5153869, 0.5094873, 0.51573783, 0.5177257, 0.51307654, 0.519195, 0.5074605, 0.5156323, 0.51616776, 0.5154306, 0.50853634, 0.5091682, 0.50606155, 0.5165552, 0.51383287, 0.51394314, 0.5007654, 0.50657505, 0.50974727, 0.50857836, 0.50976133, 0.51466274, 0.50358754, 0.50078446, 0.51478153, 0.51611894, 0.51424944, 0.5070082, 0.50898314, 0.51341534, 0.5153714, 0.5124494, 0.5074972, 0.5083873, 0.508494, 0.5084532, 0.5093637, 0.5032013, 0.50137454, 0.5015866, 0.5021765, 0.5028969, 0.50251, 0.50775975, 0.51268053, 0.51446056, 0.51758254, 0.51654583, 0.51464766, 0.51434433, 0.51528925, 0.50680655, 0.51889014, 0.51945776, 0.5180254, 0.50889486, 0.52019936, 0.5088526, 0.5185551, 0.5186091, 0.5072661, 0.5110881, 0.5101937, 0.5145495, 0.5096338, 0.5000033, 0.50267714, 0.5161245, 0.5121415, 0.5004807, 0.50177693, 0.5168157, 0.5002589, 0.51677185, 0.5096362, 0.51723886, 0.51196784, 0.500656, 0.5011913, 0.51879716, 0.50964516, 0.5197657, 0.5169519, 0.51597345, 0.5075887, 0.511317, 0.5122394, 0.50776565, 0.51586974, 0.51517653, 0.50764877, 0.5057715, 0.512198, 0.506901, 0.5175896, 0.5179422, 0.49999332, 0.50086915, 0.5114092, 0.51238054, 0.5060508, 0.50299704, 0.5019442, 0.5014514, 0.4994809, 0.5065353, 0.51007557, 0.5157885, 0.50200534, 0.5004065, 0.5159495, 0.5112229, 0.51456386, 0.49931192, 0.51876265, 0.5194043, 0.51803887, 0.51012754, 0.50843066, 0.51249665, 0.51210964, 0.51044613, 0.51087075, 0.5011237, 0.5146046, 0.51570505, 0.5139879, 0.5141085, 0.5089648, 0.502469, 0.51615053, 0.51646, 0.5169182, 0.51307267, 0.5152822, 0.5187738, 0.51600355, 0.51089215, 0.5105444, 0.51120955, 0.51126593, 0.5148951, 0.5123206, 0.5011125, 0.49986896, 0.5117656, 0.5150766, 0.512583, 0.51478666, 0.5152762, 0.5153782, 0.5128868, 0.51193047, 0.50067276, 0.51951414, 0.51942885, 0.51961863, 0.50167334, 0.5044679, 0.5035384, 0.50458485, 0.51602143, 0.5104454, 0.5075627, 0.50342745, 0.51843256, 0.5175432, 0.51463234, 0.50776494, 0.51433647, 0.5152035, 0.51506156, 0.5196582, 0.51004666, 0.50834274, 0.50904393, 0.5153522, 0.513511, 0.5133088, 0.5103182, 0.5060963, 0.50928533, 0.5102022, 0.51091856, 0.51032054, 0.51097476, 0.5094226, 0.5077777, 0.5004258, 0.5143212, 0.5137616, 0.50022316, 0.50233686, 0.5133992, 0.5051003, 0.5109555, 0.51564485, 0.515389, 0.5133474, 0.51168776, 0.5103128, 0.50656646, 0.50217617, 0.4997071, 0.50862205, 0.5109179, 0.51128894, 0.5013548, 0.5182676, 0.51594853, 0.5148869, 0.5020812, 0.5004285, 0.5139253, 0.513724, 0.5169026, 0.51147455, 0.5112629, 0.51064587, 0.50131047, 0.50446063, 0.5013441, 0.5174106, 0.51463544, 0.51515555, 0.5107012, 0.5088581, 0.5081767, 0.5018116, 0.51044685, 0.51393664, 0.517489, 0.5098578, 0.5139013, 0.5161185, 0.5175334, 0.51843697, 0.51272553, 0.51739174, 0.51707375, 0.5162615, 0.5044248, 0.5120908, 0.51594263, 0.5015443]
[0.5094328, 0.51073736, 0.5112546, 0.50925785, 0.50917655, 0.5080554, 0.5069007, 0.51041085, 0.502601, 0.5022993, 0.50241333, 0.5076339, 0.5104926, 0.50645804, 0.5022282, 0.5098035, 0.50818837, 0.5112138, 0.51089436, 0.5042847, 0.5062139, 0.5093044, 0.5112955, 0.5085911, 0.5114842, 0.50868034, 0.50684917, 0.502886, 0.5059656, 0.50726146, 0.51053613, 0.5008333, 0.50517106, 0.5036094, 0.5015115, 0.50214005, 0.5111627, 0.50645864, 0.50590557, 0.50855166, 0.5068858, 0.5070536, 0.50620484, 0.5053589, 0.51066685, 0.50948304, 0.5035046, 0.50747097, 0.50621104, 0.5057986, 0.51140964, 0.5095275, 0.50583106, 0.50972337, 0.5108988, 0.50816625, 0.51184386, 0.5031848, 0.50983775, 0.5101811, 0.5096326, 0.50424707, 0.5045737, 0.50193083, 0.50964254, 0.5086761, 0.5084149, 0.50483584, 0.5013526, 0.5064089, 0.50491107, 0.5059066, 0.5090164, 0.5011028, 0.50357324, 0.50960034, 0.51015097, 0.50904775, 0.503205, 0.5047147, 0.5085968, 0.5095593, 0.5078823, 0.5041613, 0.5042011, 0.5046466, 0.5045117, 0.5051698, 0.50680906, 0.5046282, 0.50491905, 0.5059994, 0.5062465, 0.5062297, 0.503011, 0.5080022, 0.5087883, 0.51063174, 0.5101495, 0.5092356, 0.50933796, 0.509554, 0.5026256, 0.51199484, 0.5123003, 0.5111456, 0.5042781, 0.5122979, 0.5054821, 0.5113889, 0.5114287, 0.5040521, 0.50658464, 0.5057688, 0.50881267, 0.50570875, 0.50472164, 0.5067583, 0.5095946, 0.5077803, 0.5039593, 0.504955, 0.5101026, 0.5037607, 0.5103434, 0.50525874, 0.51032287, 0.50723535, 0.5041635, 0.50472707, 0.51131177, 0.505215, 0.51226735, 0.51034135, 0.5096178, 0.5040451, 0.50664943, 0.5071807, 0.5019598, 0.5096781, 0.5093643, 0.502698, 0.501455, 0.5076299, 0.502353, 0.5107903, 0.51127344, 0.503631, 0.50484365, 0.5069139, 0.50753736, 0.5103175, 0.5066289, 0.50583833, 0.5054623, 0.50394106, 0.5010921, 0.50598806, 0.50995415, 0.50657076, 0.50439227, 0.51006263, 0.50672024, 0.5093628, 0.5040474, 0.5114292, 0.5115574, 0.5106521, 0.50577706, 0.5057084, 0.50766844, 0.50713664, 0.50686544, 0.50689936, 0.5051709, 0.5086289, 0.50993097, 0.50868434, 0.5087506, 0.5041653, 0.50644356, 0.510501, 0.5103474, 0.5104032, 0.5080438, 0.5096019, 0.511477, 0.5097967, 0.50649387, 0.5063128, 0.506442, 0.5064055, 0.50965124, 0.50743395, 0.50230914, 0.50388795, 0.5071507, 0.50923455, 0.50788337, 0.50934154, 0.5093733, 0.50935763, 0.5084558, 0.50747794, 0.50414497, 0.5119413, 0.51188964, 0.51200044, 0.5047088, 0.50821835, 0.5015759, 0.50121534, 0.51019907, 0.50622725, 0.50374806, 0.5014695, 0.5111047, 0.5107844, 0.50879276, 0.50269055, 0.5090051, 0.509639, 0.5092027, 0.51220876, 0.5049542, 0.5033701, 0.5038644, 0.5094892, 0.5076531, 0.5076866, 0.50599545, 0.50097764, 0.5057564, 0.50562704, 0.5063807, 0.50603586, 0.5063068, 0.5048924, 0.5034948, 0.50300574, 0.5086282, 0.5082277, 0.50242794, 0.50131154, 0.50832963, 0.5011311, 0.5065336, 0.5097468, 0.509569, 0.50831556, 0.5073275, 0.50647885, 0.50219107, 0.5063256, 0.5028806, 0.50506496, 0.50715876, 0.50733155, 0.5015786, 0.5112703, 0.5100622, 0.5094438, 0.5062077, 0.5043476, 0.50837475, 0.5083552, 0.5104991, 0.5070489, 0.50691664, 0.5064019, 0.5044272, 0.5083594, 0.5012396, 0.5110652, 0.50843877, 0.50938153, 0.5059068, 0.50477767, 0.5027384, 0.50511366, 0.5067193, 0.50822294, 0.5109182, 0.50464475, 0.5087796, 0.5101113, 0.5106924, 0.5112727, 0.5080663, 0.51038057, 0.51074076, 0.5103508, 0.50163716, 0.5073971, 0.5099811, 0.50158614]
[0.5145219, 0.5157028, 0.5162866, 0.5129995, 0.5137614, 0.51145315, 0.51126456, 0.51508677, 0.5059921, 0.5029877, 0.5038618, 0.5118302, 0.51484436, 0.5103506, 0.50743055, 0.5141572, 0.51240724, 0.5161073, 0.5146095, 0.50936234, 0.5099046, 0.5127344, 0.5159036, 0.51280785, 0.5168211, 0.51293886, 0.51110774, 0.50863, 0.50014794, 0.50107014, 0.51563925, 0.5072051, 0.5096485, 0.5022971, 0.5070461, 0.5080872, 0.51641285, 0.5008904, 0.5003072, 0.5122487, 0.51092, 0.5106511, 0.51014584, 0.50973415, 0.51548845, 0.51434124, 0.50797546, 0.5110444, 0.51018786, 0.50975144, 0.51667076, 0.51358896, 0.50937074, 0.51463467, 0.515883, 0.5121221, 0.5168562, 0.5087537, 0.51451397, 0.5146297, 0.5144786, 0.509286, 0.50930023, 0.5075761, 0.5147516, 0.5128596, 0.5125262, 0.50079685, 0.50827855, 0.50976396, 0.5091176, 0.509831, 0.51311785, 0.5063273, 0.5024568, 0.51332456, 0.5148178, 0.513178, 0.5073102, 0.5088186, 0.5122847, 0.5143274, 0.51165205, 0.50825375, 0.5088572, 0.5087904, 0.5086909, 0.50931007, 0.5012075, 0.500569, 0.49988154, 0.50008947, 0.50076115, 0.5007502, 0.50868195, 0.5122038, 0.51324934, 0.5156573, 0.5149511, 0.51366067, 0.5135943, 0.5137468, 0.5082622, 0.51668054, 0.51722443, 0.516044, 0.50963557, 0.5176399, 0.5091294, 0.5164811, 0.5165802, 0.5085976, 0.5107516, 0.5100446, 0.51259726, 0.50957716, 0.5021878, 0.5007292, 0.51460356, 0.5120091, 0.5023218, 0.49973896, 0.515079, 0.50307614, 0.5151682, 0.50976425, 0.51523495, 0.5118282, 0.50174606, 0.50066304, 0.5163967, 0.5093217, 0.51697296, 0.51467156, 0.514274, 0.5087533, 0.5113934, 0.51171166, 0.5082154, 0.51426667, 0.5139019, 0.5084438, 0.5074255, 0.51144904, 0.5073044, 0.5155689, 0.5157837, 0.5031177, 0.5023782, 0.51079077, 0.51156163, 0.503413, 0.50090647, 0.49989018, 0.4999864, 0.5032402, 0.50780296, 0.5099047, 0.5139585, 0.5010306, 0.50551873, 0.5146435, 0.51036036, 0.5130335, 0.5051359, 0.5164652, 0.5171352, 0.51621675, 0.5099116, 0.5091621, 0.51150596, 0.5110629, 0.5097627, 0.51048636, 0.49996746, 0.51345974, 0.5137046, 0.5131932, 0.513254, 0.50889724, 0.501279, 0.5146803, 0.5149687, 0.51502, 0.51222605, 0.5138013, 0.5165207, 0.51399946, 0.51070863, 0.5105665, 0.51100796, 0.51052856, 0.51366264, 0.5114807, 0.50408256, 0.5028846, 0.5111719, 0.5138778, 0.5118083, 0.51365554, 0.5140797, 0.51436394, 0.51185405, 0.51128715, 0.5018042, 0.51733845, 0.51748365, 0.5172817, 0.49989048, 0.5023468, 0.5062505, 0.50737405, 0.5144279, 0.5099831, 0.50848967, 0.5069956, 0.5163502, 0.51583457, 0.5132563, 0.50787973, 0.5134634, 0.5140466, 0.5136709, 0.51756656, 0.5098449, 0.50851315, 0.5090332, 0.51389205, 0.51267326, 0.5122879, 0.5098281, 0.5076742, 0.50951684, 0.5102695, 0.51116973, 0.5103573, 0.5106563, 0.50958955, 0.5086564, 0.503837, 0.51309466, 0.5127539, 0.50425816, 0.5060199, 0.5127363, 0.50763524, 0.51070714, 0.51399755, 0.5139276, 0.51212615, 0.5109266, 0.50977075, 0.50816196, 0.50006783, 0.50371116, 0.5093988, 0.5106675, 0.51088285, 0.5061388, 0.5163323, 0.51420003, 0.51342785, 0.49980482, 0.50240237, 0.51331216, 0.5124932, 0.51536554, 0.510486, 0.51044166, 0.51062685, 0.5013769, 0.50217843, 0.5052996, 0.5158387, 0.5137092, 0.5142536, 0.5102128, 0.50909907, 0.50889355, 0.4998185, 0.510107, 0.51233286, 0.5154383, 0.50937384, 0.5131065, 0.514792, 0.51591676, 0.5162193, 0.5121009, 0.5156248, 0.5152986, 0.5147081, 0.5051683, 0.5112382, 0.5144579, 0.5050076]
[0.5155069, 0.51567703, 0.51792043, 0.51324266, 0.51439464, 0.51173776, 0.5111425, 0.5164998, 0.502474, 0.4996097, 0.5003577, 0.51386476, 0.5152058, 0.51061594, 0.5033468, 0.51471967, 0.51284677, 0.5176432, 0.51509607, 0.50778365, 0.5091878, 0.51332897, 0.5171374, 0.51247174, 0.5185988, 0.5131206, 0.5109811, 0.5067814, 0.50225425, 0.5027155, 0.5170797, 0.5017534, 0.5066186, 0.5004004, 0.50466377, 0.50693583, 0.5182129, 0.50156426, 0.5008091, 0.51385, 0.50950706, 0.5089388, 0.51027, 0.50908244, 0.5161709, 0.51485056, 0.50454557, 0.5107704, 0.509585, 0.5094311, 0.5187917, 0.5155282, 0.508989, 0.5157246, 0.5172888, 0.51150244, 0.5186521, 0.5082326, 0.51526946, 0.51566505, 0.51528955, 0.5083267, 0.5089118, 0.50417197, 0.5163801, 0.5134313, 0.5123139, 0.49949202, 0.5070754, 0.50876755, 0.507242, 0.50887537, 0.5135158, 0.5018681, 0.5000293, 0.51333964, 0.5155178, 0.51365143, 0.504972, 0.50697315, 0.51213264, 0.51555485, 0.51096994, 0.5063402, 0.50692743, 0.5068336, 0.50640494, 0.5072346, 0.5028408, 0.5003067, 0.5010515, 0.5018417, 0.5020505, 0.5015743, 0.5072446, 0.5122878, 0.51347846, 0.5171814, 0.5156421, 0.5149117, 0.5144252, 0.5146806, 0.50781864, 0.5182498, 0.51893723, 0.5173503, 0.5082945, 0.5194209, 0.50711197, 0.5178097, 0.51788247, 0.5068774, 0.51108813, 0.5103099, 0.51258826, 0.50735664, 0.49980506, 0.501511, 0.51580334, 0.51193833, 0.50014704, 0.50109357, 0.5152916, 0.5004254, 0.5162228, 0.50898194, 0.51684624, 0.51176137, 0.50040257, 0.50082695, 0.51821405, 0.5085833, 0.5192379, 0.5157116, 0.5146061, 0.50610214, 0.5120757, 0.51294184, 0.50578976, 0.5147162, 0.5143331, 0.5083449, 0.5056311, 0.5111188, 0.50513154, 0.5173812, 0.5165201, 0.5021916, 0.5006104, 0.5111081, 0.5116587, 0.50487953, 0.5023052, 0.5015362, 0.5013657, 0.49947542, 0.5050975, 0.50887465, 0.51433885, 0.49970573, 0.5016658, 0.51488966, 0.50956285, 0.5132084, 0.49990073, 0.51874113, 0.51918507, 0.51778966, 0.50882626, 0.5067953, 0.5126302, 0.51106805, 0.5090575, 0.50969684, 0.5010351, 0.51508296, 0.5141641, 0.51282465, 0.51301426, 0.5081769, 0.5021922, 0.5146527, 0.51503927, 0.5157587, 0.51259106, 0.5146351, 0.5182824, 0.51518923, 0.51097465, 0.5109751, 0.51219314, 0.5109708, 0.51489156, 0.511017, 0.50041664, 0.4995727, 0.511201, 0.51418024, 0.5123447, 0.5142693, 0.51489717, 0.51492023, 0.51208436, 0.5120036, 0.5002097, 0.51933306, 0.51946914, 0.5195068, 0.501331, 0.5043668, 0.5036944, 0.5020019, 0.5159195, 0.5092219, 0.5074331, 0.50385886, 0.51728344, 0.51746833, 0.5136472, 0.50555843, 0.5145169, 0.5152566, 0.51486695, 0.51926553, 0.5087281, 0.50593424, 0.50671715, 0.51424205, 0.5129641, 0.5130757, 0.5101927, 0.50631595, 0.50823915, 0.51077425, 0.5110126, 0.5104011, 0.51023984, 0.50891703, 0.5070165, 0.50162005, 0.5135907, 0.5123703, 0.49999654, 0.5012208, 0.512499, 0.5033487, 0.5103534, 0.5144766, 0.5138861, 0.51216406, 0.5106434, 0.50887376, 0.5044102, 0.50207794, 0.499551, 0.50688004, 0.50945854, 0.5096379, 0.50303376, 0.5177364, 0.51460016, 0.5133943, 0.5011376, 0.49968514, 0.513718, 0.51303196, 0.5163055, 0.51023614, 0.5104811, 0.5100674, 0.49994564, 0.5037035, 0.500891, 0.51705295, 0.51438755, 0.51523685, 0.5104358, 0.5077378, 0.5073968, 0.5020457, 0.50785416, 0.51231384, 0.51644987, 0.5079995, 0.5135928, 0.51593506, 0.51660144, 0.51812, 0.5118303, 0.5172015, 0.51590186, 0.515227, 0.5024854, 0.51095057, 0.5158489, 0.5012135]
[0.51118124, 0.512435, 0.51367676, 0.5108009, 0.51087445, 0.5090665, 0.508023, 0.5122349, 0.50085545, 0.5001603, 0.50065213, 0.50887305, 0.5116212, 0.50775564, 0.50189495, 0.5118754, 0.50980735, 0.5134529, 0.5121691, 0.5053744, 0.5072587, 0.5106131, 0.5132574, 0.5096192, 0.51377785, 0.509931, 0.5078628, 0.5040191, 0.5030576, 0.5038721, 0.51268464, 0.5020601, 0.5057144, 0.50110483, 0.5018239, 0.5043432, 0.51329625, 0.5027844, 0.5021192, 0.5100091, 0.50791276, 0.50823504, 0.5071544, 0.5072232, 0.51259416, 0.5110092, 0.5039721, 0.50865114, 0.5072049, 0.50714284, 0.5138344, 0.51105964, 0.5070262, 0.5115657, 0.5130915, 0.50885063, 0.51419765, 0.50498134, 0.5113322, 0.51185167, 0.51136017, 0.50627524, 0.50586873, 0.50308305, 0.51168364, 0.5097366, 0.50996685, 0.50131255, 0.5034141, 0.50697654, 0.50589937, 0.507195, 0.5106874, 0.5015595, 0.5003021, 0.5106762, 0.51189584, 0.5103155, 0.50436527, 0.50624996, 0.5097608, 0.5111701, 0.50854135, 0.5054523, 0.5059167, 0.5058422, 0.50448185, 0.505588, 0.5039161, 0.50175077, 0.5017192, 0.50244695, 0.50263214, 0.50245833, 0.50516206, 0.5091941, 0.5097607, 0.51271766, 0.5119527, 0.51096636, 0.5109476, 0.5109504, 0.5047745, 0.5143777, 0.51450205, 0.5131556, 0.5056876, 0.51476985, 0.50590587, 0.5137339, 0.5133191, 0.5048737, 0.5079197, 0.5069723, 0.509659, 0.50693387, 0.5007433, 0.5027749, 0.51172507, 0.508878, 0.5007484, 0.50171274, 0.5116145, 0.5003203, 0.51217264, 0.50625336, 0.512229, 0.5079916, 0.50095415, 0.501416, 0.514073, 0.5066839, 0.514746, 0.5119984, 0.51087844, 0.5045003, 0.50803924, 0.5082826, 0.5043739, 0.5114448, 0.510997, 0.5046182, 0.50262415, 0.5084623, 0.50341976, 0.51305175, 0.51322424, 0.5001692, 0.5009709, 0.5081341, 0.50875485, 0.50668204, 0.5034856, 0.50237894, 0.50188184, 0.5005864, 0.50288826, 0.5071088, 0.5115427, 0.50270647, 0.5005844, 0.5117534, 0.5072894, 0.5105501, 0.50099206, 0.5137163, 0.5139361, 0.51295936, 0.507115, 0.50517726, 0.50926256, 0.50816303, 0.50684786, 0.5078065, 0.5023035, 0.5103891, 0.5109753, 0.5096679, 0.5097931, 0.50535965, 0.5029131, 0.51185304, 0.5117106, 0.5123262, 0.5091425, 0.511103, 0.5137763, 0.5113679, 0.5082245, 0.5076792, 0.50781626, 0.5080715, 0.5110063, 0.50863177, 0.50051916, 0.50044286, 0.50861675, 0.510663, 0.50891256, 0.5111349, 0.51078206, 0.51080287, 0.5097703, 0.508749, 0.5011886, 0.5143886, 0.51453817, 0.51433146, 0.5023185, 0.505107, 0.50172853, 0.50245756, 0.5121218, 0.5071194, 0.5055079, 0.5029177, 0.5132445, 0.51287025, 0.51007307, 0.5042789, 0.51067835, 0.5111438, 0.5106502, 0.5145303, 0.5064283, 0.50483453, 0.5058917, 0.51097715, 0.5087172, 0.5087989, 0.50700575, 0.5028969, 0.50658715, 0.50742304, 0.5079578, 0.50692046, 0.5072821, 0.5060297, 0.50461745, 0.500048, 0.5098056, 0.5090843, 0.50017655, 0.50111425, 0.50945985, 0.50289077, 0.5076351, 0.5114677, 0.5107147, 0.50938, 0.5082248, 0.5071266, 0.50313336, 0.5025908, 0.50048035, 0.5052555, 0.5078859, 0.50788325, 0.5012009, 0.5134984, 0.5116316, 0.5107563, 0.5023204, 0.50031614, 0.50955576, 0.51018447, 0.5120246, 0.50817853, 0.5079274, 0.5071554, 0.5015257, 0.50496125, 0.50091285, 0.512855, 0.50971997, 0.5111612, 0.5071755, 0.50560933, 0.5050369, 0.5024775, 0.5069467, 0.50907063, 0.51293314, 0.50603664, 0.51036114, 0.5119691, 0.5126998, 0.51350373, 0.5088418, 0.51259744, 0.51303935, 0.5124608, 0.5026085, 0.50810933, 0.5120391, 0.50065607]
[0.5109579, 0.51226, 0.51328146, 0.51103806, 0.51103866, 0.50921404, 0.5081806, 0.5118178, 0.5004443, 0.5007985, 0.5002722, 0.5089239, 0.511868, 0.50804603, 0.5016355, 0.5114085, 0.5098656, 0.5128017, 0.5123108, 0.5056915, 0.50759846, 0.51094306, 0.5130602, 0.51005125, 0.5136509, 0.5103418, 0.50782496, 0.50446147, 0.5035209, 0.5041969, 0.51249564, 0.50138855, 0.50588715, 0.50177467, 0.5010195, 0.5031716, 0.5132488, 0.5036019, 0.50308895, 0.50944626, 0.50809616, 0.5077503, 0.5073652, 0.5073089, 0.5122708, 0.511199, 0.5036449, 0.5091604, 0.5078293, 0.5074546, 0.51359636, 0.51063144, 0.50674486, 0.5113032, 0.5129971, 0.5089706, 0.5136708, 0.5051285, 0.51114213, 0.5115757, 0.5112477, 0.507295, 0.50634766, 0.50364876, 0.5115092, 0.5098098, 0.51005894, 0.50291675, 0.505222, 0.5077168, 0.5068236, 0.50751686, 0.51082385, 0.50132686, 0.5016307, 0.51081836, 0.51150745, 0.5098606, 0.5045004, 0.50723135, 0.5098123, 0.5108286, 0.5091588, 0.5054909, 0.5063039, 0.5054646, 0.5028344, 0.50630486, 0.5041813, 0.5023053, 0.502248, 0.50298643, 0.5035401, 0.5037368, 0.50512576, 0.50955456, 0.509967, 0.5128464, 0.5117577, 0.5106793, 0.5106932, 0.5110866, 0.5054367, 0.513886, 0.5139731, 0.51287836, 0.5065674, 0.5140206, 0.5065791, 0.5134745, 0.51314676, 0.5058296, 0.5079989, 0.5070599, 0.5098307, 0.50633574, 0.5015757, 0.50413984, 0.51166415, 0.5091061, 0.5013694, 0.50255734, 0.5113852, 0.5014065, 0.51195395, 0.5064433, 0.5118846, 0.5082001, 0.50173014, 0.5024462, 0.51370156, 0.5062135, 0.5143655, 0.5124528, 0.51081866, 0.5035165, 0.50796384, 0.5080884, 0.5028515, 0.5110752, 0.5110242, 0.5043559, 0.50135237, 0.5089955, 0.50529724, 0.51233923, 0.51281345, 0.5013512, 0.50200987, 0.5082187, 0.5087537, 0.507166, 0.5044697, 0.5035977, 0.5029389, 0.50138515, 0.50244147, 0.50718856, 0.51124495, 0.5042501, 0.50250894, 0.5119714, 0.5080259, 0.51082265, 0.5015535, 0.5134356, 0.51390415, 0.5129542, 0.50730515, 0.5059841, 0.5091125, 0.5083268, 0.50720006, 0.50799423, 0.5030493, 0.5104141, 0.5111648, 0.5100116, 0.5101972, 0.50573796, 0.503797, 0.51182246, 0.51204616, 0.51242733, 0.50945854, 0.51098365, 0.51365596, 0.5112894, 0.5078864, 0.5075927, 0.5076689, 0.5079709, 0.51103014, 0.5085924, 0.5003933, 0.50140864, 0.5087722, 0.5108621, 0.50873375, 0.51086175, 0.5109189, 0.51107675, 0.50946206, 0.50898534, 0.50157595, 0.5137573, 0.5139023, 0.51386684, 0.5025015, 0.5054787, 0.5011836, 0.5024799, 0.511783, 0.5072167, 0.5053229, 0.50140774, 0.5130433, 0.5125965, 0.5102055, 0.50546306, 0.51088774, 0.51111126, 0.5104287, 0.5138172, 0.50498575, 0.5045613, 0.5057486, 0.5108304, 0.50930184, 0.5090802, 0.50758004, 0.50300455, 0.507367, 0.5073441, 0.5081081, 0.50759184, 0.50794923, 0.50671494, 0.50528586, 0.5011985, 0.5099766, 0.5092233, 0.5005862, 0.5010478, 0.50974756, 0.50219876, 0.5081446, 0.5110998, 0.51095396, 0.50936884, 0.50830585, 0.50749475, 0.50383925, 0.50337064, 0.50109076, 0.50645804, 0.508425, 0.508611, 0.50068337, 0.5132142, 0.51168203, 0.5110076, 0.5034084, 0.5021975, 0.50983596, 0.5098931, 0.5117466, 0.5084398, 0.50811297, 0.5073559, 0.502182, 0.50531715, 0.50070524, 0.5122189, 0.50967884, 0.5107157, 0.5076356, 0.5060955, 0.50426316, 0.5027502, 0.50719863, 0.50892985, 0.5128349, 0.506856, 0.5099028, 0.5118814, 0.5126874, 0.5132161, 0.50902075, 0.51249975, 0.5129873, 0.5124179, 0.50125706, 0.5086183, 0.51166755, 0.50074196]
[0.51332307, 0.5140422, 0.5154428, 0.51235056, 0.5127531, 0.5110386, 0.51073813, 0.51426136, 0.5042965, 0.50240594, 0.5035556, 0.5111747, 0.51393217, 0.5096165, 0.5053915, 0.5133863, 0.5112983, 0.5148077, 0.5139229, 0.5084956, 0.5090364, 0.5125532, 0.51514137, 0.5118912, 0.5154219, 0.5119195, 0.5098944, 0.50786954, 0.50088555, 0.50104785, 0.5142933, 0.5053911, 0.50817007, 0.5019886, 0.5059482, 0.5076404, 0.515359, 0.5003033, 0.5004048, 0.5114495, 0.509255, 0.5087534, 0.50930977, 0.50918025, 0.5144311, 0.5135636, 0.5076126, 0.51083386, 0.50941575, 0.50951654, 0.51547176, 0.5130747, 0.50886214, 0.5135957, 0.5146969, 0.51157236, 0.51594853, 0.5077031, 0.5133357, 0.5136612, 0.51291573, 0.5085927, 0.50761753, 0.5064279, 0.51348794, 0.51187044, 0.51144946, 0.5017026, 0.50685275, 0.50919706, 0.50830007, 0.50893384, 0.5118084, 0.50503117, 0.5019165, 0.5126357, 0.51380175, 0.51211274, 0.50649744, 0.50786513, 0.5111082, 0.51290673, 0.5108002, 0.50778663, 0.5082009, 0.50816923, 0.50820154, 0.50836676, 0.5012291, 0.5013442, 0.50108236, 0.50028884, 0.50047207, 0.50022477, 0.50691545, 0.51156855, 0.51227283, 0.5148357, 0.5139696, 0.5127614, 0.512422, 0.5126979, 0.5080481, 0.516025, 0.5160728, 0.51492333, 0.5085608, 0.51639116, 0.50854015, 0.5153693, 0.5150524, 0.50773007, 0.5100409, 0.5093384, 0.51191944, 0.50869495, 0.5022273, 0.5006694, 0.5134532, 0.51095074, 0.5031875, 0.5000937, 0.51350754, 0.50292087, 0.5143014, 0.5087977, 0.5140784, 0.5101695, 0.50139666, 0.50052667, 0.5150054, 0.5089767, 0.51619685, 0.51405245, 0.5131689, 0.5072437, 0.5106407, 0.5103628, 0.5071331, 0.513513, 0.51242435, 0.5078608, 0.50639445, 0.51021737, 0.50667995, 0.5143727, 0.5146751, 0.5042925, 0.5027519, 0.510363, 0.51112515, 0.50292885, 0.5009166, 0.5004822, 0.5003944, 0.5023352, 0.5063428, 0.50934654, 0.51369417, 0.5001632, 0.5025952, 0.51356494, 0.5098945, 0.5127076, 0.50123256, 0.5155753, 0.51572555, 0.51485497, 0.50944567, 0.5084983, 0.5110548, 0.5106898, 0.509339, 0.51005113, 0.500822, 0.5121803, 0.51345503, 0.51239794, 0.512628, 0.50813574, 0.50074726, 0.5138844, 0.5135539, 0.513576, 0.5114198, 0.5131284, 0.5153187, 0.5134501, 0.5097799, 0.5097047, 0.51019967, 0.510144, 0.5130621, 0.51036966, 0.50336784, 0.5021732, 0.5106247, 0.5127326, 0.51076305, 0.51281685, 0.5129759, 0.51296896, 0.5108036, 0.5107496, 0.50244105, 0.5160803, 0.51589304, 0.51595926, 0.501753, 0.5020672, 0.50540966, 0.50606096, 0.51369816, 0.5091835, 0.5081813, 0.5061756, 0.5147823, 0.51475245, 0.51215535, 0.50744516, 0.51256776, 0.5129763, 0.51279163, 0.5162871, 0.50871426, 0.5071352, 0.5076335, 0.5126961, 0.5110248, 0.5107288, 0.5093484, 0.50700897, 0.50892204, 0.5101131, 0.51023006, 0.5096239, 0.5100015, 0.50890696, 0.50815, 0.50449073, 0.5116031, 0.5110123, 0.5031842, 0.5043164, 0.5116912, 0.50570124, 0.5100694, 0.51330584, 0.5127366, 0.5113231, 0.5102108, 0.5090765, 0.5065539, 0.5006964, 0.50295734, 0.5081839, 0.51000786, 0.51014477, 0.50486344, 0.51501334, 0.51322335, 0.51252407, 0.49989942, 0.501867, 0.51220036, 0.5116517, 0.5142361, 0.5102597, 0.5101042, 0.509392, 0.5019811, 0.50194997, 0.5039787, 0.51487654, 0.51241523, 0.51301867, 0.50916404, 0.5084918, 0.5078472, 0.50015426, 0.5088405, 0.51158756, 0.51436305, 0.50858295, 0.5121477, 0.51374483, 0.5143625, 0.51512855, 0.51133764, 0.513984, 0.51439095, 0.5139422, 0.5050729, 0.5109354, 0.5137406, 0.5040853]
[0.509838, 0.5100964, 0.5114939, 0.508767, 0.50949496, 0.5080012, 0.5075998, 0.5101299, 0.5013968, 0.5011342, 0.50172865, 0.50848925, 0.50979555, 0.5064731, 0.5015841, 0.5089881, 0.5079884, 0.5106796, 0.5099809, 0.5054403, 0.50568014, 0.5086524, 0.5106748, 0.50839454, 0.51158357, 0.50892144, 0.5077561, 0.50598466, 0.50351375, 0.50398076, 0.5107803, 0.50243974, 0.50557095, 0.5009591, 0.5020611, 0.5023543, 0.5112918, 0.5037115, 0.5024812, 0.5080897, 0.5064378, 0.5057852, 0.50711685, 0.5050868, 0.51035696, 0.510793, 0.50359625, 0.5072987, 0.5060898, 0.5062778, 0.5116378, 0.50944024, 0.5055414, 0.510019, 0.51090443, 0.50760454, 0.51169187, 0.50530994, 0.5101011, 0.5101637, 0.5090906, 0.50564194, 0.5061293, 0.5021683, 0.51028436, 0.50855404, 0.508181, 0.5007816, 0.5051365, 0.5057453, 0.5047539, 0.50517535, 0.508615, 0.5012796, 0.50025004, 0.50912356, 0.510318, 0.5089114, 0.5031663, 0.5045225, 0.5074588, 0.509658, 0.5072122, 0.50334364, 0.50462323, 0.5041235, 0.5051436, 0.50518835, 0.5044195, 0.50116915, 0.50195295, 0.50304395, 0.5031467, 0.50259906, 0.50477576, 0.5077071, 0.50927365, 0.51057816, 0.50990075, 0.5090628, 0.5088035, 0.50908124, 0.5046491, 0.5113907, 0.5116166, 0.51079124, 0.5054288, 0.5122399, 0.5054111, 0.5108477, 0.5111787, 0.50496584, 0.50714254, 0.5063864, 0.508637, 0.5051954, 0.5001932, 0.50421405, 0.5099054, 0.50796276, 0.5006348, 0.5016682, 0.50984293, 0.50107896, 0.5106679, 0.50617945, 0.51027346, 0.50784147, 0.5016695, 0.5026484, 0.5112065, 0.5057486, 0.51168215, 0.5099604, 0.5098844, 0.50530386, 0.50767, 0.5080903, 0.5045621, 0.50908005, 0.5089548, 0.50519097, 0.5046003, 0.5077959, 0.5025257, 0.5104762, 0.5103498, 0.50035733, 0.5009504, 0.5069513, 0.5079022, 0.50854707, 0.504754, 0.5038995, 0.50338036, 0.50012404, 0.504833, 0.50595593, 0.5095291, 0.4998947, 0.5009123, 0.5098297, 0.5067242, 0.50909686, 0.50094044, 0.5113309, 0.5117765, 0.5112599, 0.50627196, 0.5052481, 0.5073823, 0.5070944, 0.50656784, 0.5059005, 0.5023921, 0.50963557, 0.5101483, 0.5087098, 0.50880176, 0.5054553, 0.5040318, 0.5095194, 0.5099521, 0.51011544, 0.5081491, 0.50945777, 0.5116287, 0.50956994, 0.50639653, 0.50686914, 0.50709325, 0.5062861, 0.5094955, 0.5066209, 0.50032735, 0.5004887, 0.5071145, 0.50903445, 0.50773543, 0.50898266, 0.50969744, 0.5095768, 0.50739264, 0.50737745, 0.50021017, 0.51193875, 0.5119032, 0.5115878, 0.502011, 0.5073414, 0.500951, 0.5023565, 0.5097719, 0.50643307, 0.5050004, 0.50109595, 0.51061565, 0.5109044, 0.5088702, 0.5032015, 0.5090721, 0.5095763, 0.5097196, 0.51211476, 0.50526506, 0.50309676, 0.503621, 0.5089058, 0.508782, 0.50846386, 0.506846, 0.5045749, 0.50560826, 0.5064882, 0.50718665, 0.5073125, 0.507122, 0.5058682, 0.5051865, 0.50239486, 0.5084623, 0.5080812, 0.5005536, 0.5011892, 0.508287, 0.5035118, 0.5067956, 0.5095254, 0.5090988, 0.50812155, 0.5068712, 0.5056291, 0.5034462, 0.50358677, 0.50137323, 0.5056545, 0.5068072, 0.5071054, 0.5016651, 0.5110908, 0.5095065, 0.50880915, 0.5017343, 0.5003403, 0.5090165, 0.5081678, 0.51087254, 0.5067285, 0.5066575, 0.5065689, 0.5006605, 0.5063305, 0.50113946, 0.5105623, 0.50947595, 0.50917715, 0.5062197, 0.50531447, 0.5053615, 0.5020091, 0.5059899, 0.5084888, 0.5106009, 0.50533926, 0.5085003, 0.5099252, 0.5101798, 0.51106125, 0.5081336, 0.5109257, 0.5100656, 0.5095368, 0.50082886, 0.50728106, 0.51023084, 0.5012515]
[0.5143357, 0.51506525, 0.51681364, 0.5133501, 0.5135755, 0.5122209, 0.5110918, 0.51519006, 0.50529444, 0.5041797, 0.50508523, 0.5125188, 0.51488423, 0.5107322, 0.50581855, 0.5142915, 0.51243424, 0.51561016, 0.5154636, 0.5086212, 0.51007, 0.513748, 0.51599544, 0.5127508, 0.5169159, 0.51351696, 0.5110891, 0.5090467, 0.50233394, 0.5030178, 0.51559514, 0.5045599, 0.5086344, 0.5020177, 0.5062682, 0.507478, 0.516269, 0.5021497, 0.5006906, 0.5126716, 0.51034, 0.5099028, 0.5102719, 0.509313, 0.5155103, 0.51490825, 0.5076121, 0.5116751, 0.51067305, 0.5101299, 0.516782, 0.51397854, 0.509528, 0.51480156, 0.51598966, 0.51166284, 0.51714295, 0.5083968, 0.51466125, 0.5148792, 0.5141851, 0.50942874, 0.5090193, 0.5069003, 0.51478744, 0.5128488, 0.5123656, 0.5021558, 0.50834376, 0.5101709, 0.50898445, 0.5095991, 0.51322377, 0.50531226, 0.50214094, 0.5136711, 0.51502025, 0.51323074, 0.50677997, 0.5091061, 0.51198864, 0.5145378, 0.51182866, 0.50838673, 0.5088707, 0.5087423, 0.50885504, 0.5091923, 0.50327367, 0.50118357, 0.50066084, 0.50099725, 0.50180036, 0.50121504, 0.50822157, 0.51268566, 0.5132697, 0.51584727, 0.51479256, 0.51396054, 0.51369864, 0.51424825, 0.5087671, 0.5169817, 0.51736784, 0.51616514, 0.5091585, 0.51767725, 0.50893694, 0.5159215, 0.5165734, 0.50853354, 0.51090986, 0.5098233, 0.5130634, 0.50946635, 0.5015465, 0.5017392, 0.5147277, 0.51246876, 0.50278366, 0.5006983, 0.5145635, 0.5027081, 0.51547426, 0.50998694, 0.5149259, 0.5115256, 0.5021753, 0.50152606, 0.5164046, 0.5095681, 0.5174358, 0.51503, 0.5141465, 0.50825524, 0.5109981, 0.51167774, 0.5078093, 0.514076, 0.51342297, 0.5090358, 0.5067673, 0.5117532, 0.50724036, 0.5155041, 0.5156528, 0.50275934, 0.5020106, 0.5112081, 0.5116974, 0.5067815, 0.5032643, 0.502132, 0.50192755, 0.50309575, 0.5074604, 0.5100934, 0.5140896, 0.50117725, 0.5029782, 0.5144405, 0.51077694, 0.51387995, 0.5030039, 0.5165792, 0.5174622, 0.51636994, 0.50954795, 0.5092785, 0.5121023, 0.5109331, 0.51060647, 0.50990474, 0.5009405, 0.5134804, 0.51469725, 0.513241, 0.51337385, 0.50880724, 0.50235957, 0.514649, 0.5145929, 0.5148691, 0.5121745, 0.51373494, 0.5167011, 0.51419747, 0.5105366, 0.51077074, 0.51106346, 0.51079476, 0.51462334, 0.51040065, 0.5038499, 0.502557, 0.51104975, 0.51385856, 0.51183325, 0.5139618, 0.51425624, 0.51463777, 0.5123868, 0.511769, 0.5021616, 0.5172607, 0.5175439, 0.51744395, 0.50075585, 0.50573367, 0.50498915, 0.506014, 0.514581, 0.5094959, 0.50904655, 0.50615454, 0.5158812, 0.516105, 0.5132939, 0.5073421, 0.5137602, 0.5139392, 0.5143218, 0.5175354, 0.50886095, 0.50758636, 0.5079768, 0.5136228, 0.512675, 0.51233625, 0.51071, 0.50792366, 0.50976115, 0.5099918, 0.5106796, 0.5106798, 0.5107063, 0.5098059, 0.5087394, 0.50433207, 0.512901, 0.5124734, 0.5036051, 0.50466466, 0.5126099, 0.50657564, 0.5107659, 0.51439995, 0.5138877, 0.5122383, 0.5111474, 0.50990945, 0.5072448, 0.5019965, 0.50355804, 0.5094312, 0.5110993, 0.5111874, 0.5057091, 0.516118, 0.5142879, 0.51351553, 0.50089484, 0.50293195, 0.5127856, 0.5125816, 0.51586217, 0.51074296, 0.5104224, 0.51038057, 0.5023786, 0.5046657, 0.5049591, 0.5162623, 0.5134057, 0.51372975, 0.5099912, 0.50900054, 0.50893325, 0.5003759, 0.5097353, 0.5127099, 0.5155288, 0.50934875, 0.51365495, 0.5150255, 0.5155006, 0.5162615, 0.5124026, 0.5157343, 0.514838, 0.5144124, 0.50578064, 0.5116567, 0.51446086, 0.5042586]
[0.51029927, 0.51132643, 0.5115978, 0.5099781, 0.5102701, 0.50842744, 0.5083775, 0.51065826, 0.50227344, 0.50230616, 0.50342053, 0.50831366, 0.5106885, 0.50762004, 0.5040903, 0.5102095, 0.50896585, 0.5113321, 0.5109889, 0.5066348, 0.50727797, 0.50987333, 0.51154536, 0.50956976, 0.51179403, 0.50959444, 0.5081166, 0.506219, 0.50359493, 0.50411946, 0.51095366, 0.5048282, 0.50690913, 0.5015922, 0.50472116, 0.5049598, 0.51140815, 0.5034283, 0.5026247, 0.50886935, 0.50751907, 0.5078142, 0.5074829, 0.50697803, 0.5111713, 0.5105354, 0.5056338, 0.5085681, 0.50769544, 0.5074185, 0.51155925, 0.5098088, 0.506992, 0.51036716, 0.5112468, 0.5089179, 0.51191133, 0.50567704, 0.5103741, 0.51051307, 0.51011026, 0.5067181, 0.50656116, 0.5050296, 0.510233, 0.50922096, 0.50921273, 0.5012999, 0.5058244, 0.50735253, 0.5067992, 0.50704384, 0.5094997, 0.5043976, 0.50180495, 0.5099149, 0.5106499, 0.50941116, 0.5051244, 0.5068511, 0.5090773, 0.5099769, 0.508581, 0.5057083, 0.50666237, 0.50644064, 0.50626844, 0.5066491, 0.5045613, 0.50167733, 0.5014357, 0.5028816, 0.50310844, 0.5034039, 0.5061063, 0.508732, 0.50949436, 0.5110397, 0.51083255, 0.50962126, 0.5097661, 0.50986844, 0.5060519, 0.5121887, 0.51220626, 0.51154834, 0.50675285, 0.51240677, 0.506877, 0.5118205, 0.51164573, 0.5061906, 0.5077977, 0.5067045, 0.50942534, 0.5070802, 0.5019939, 0.5043069, 0.51033396, 0.50871766, 0.5012857, 0.502378, 0.5105902, 0.50190294, 0.5110871, 0.50690335, 0.5105093, 0.50813043, 0.50114536, 0.5021678, 0.51174986, 0.5070029, 0.51216114, 0.51092714, 0.5104325, 0.5061729, 0.50773215, 0.50782686, 0.5058132, 0.51009834, 0.50973666, 0.5056925, 0.50490123, 0.5082874, 0.5053789, 0.5109541, 0.5112904, 0.5018238, 0.50129515, 0.50811976, 0.508722, 0.50761503, 0.50451607, 0.5031977, 0.50260764, 0.50212705, 0.5055665, 0.5075534, 0.5107865, 0.50445044, 0.50134605, 0.51070946, 0.50791985, 0.50994426, 0.50133127, 0.5116359, 0.51186734, 0.51143885, 0.5075127, 0.5069557, 0.50840586, 0.50822765, 0.50719666, 0.50786155, 0.50254375, 0.50928664, 0.510448, 0.5093824, 0.50946087, 0.50654167, 0.503813, 0.5108531, 0.51066965, 0.51075464, 0.50901073, 0.51023483, 0.5118151, 0.51028913, 0.50765264, 0.50756675, 0.5074155, 0.50768393, 0.5098594, 0.50815916, 0.50255454, 0.5015749, 0.5078166, 0.51006, 0.5083911, 0.51004374, 0.50985163, 0.5100998, 0.5085416, 0.50829977, 0.50155294, 0.5120776, 0.5121502, 0.5120819, 0.5010929, 0.50539356, 0.50381404, 0.50530094, 0.51044434, 0.5074528, 0.50623065, 0.5044069, 0.5117244, 0.5112805, 0.50945944, 0.5061141, 0.50970566, 0.5098624, 0.50989324, 0.5123494, 0.5065948, 0.5059677, 0.50635993, 0.50991863, 0.5088815, 0.508601, 0.507227, 0.5053384, 0.50715303, 0.5072088, 0.5078428, 0.50739133, 0.50790673, 0.5069194, 0.5062857, 0.50246614, 0.50928974, 0.50893295, 0.5027444, 0.5035958, 0.5090495, 0.5049884, 0.5078009, 0.510325, 0.5097488, 0.50885975, 0.50800794, 0.5072087, 0.5053925, 0.5028302, 0.5033477, 0.50682175, 0.5081396, 0.5082538, 0.50256246, 0.51145685, 0.51038665, 0.5097875, 0.5029264, 0.5014634, 0.50942117, 0.50922465, 0.5109738, 0.5080708, 0.5078182, 0.50758094, 0.5016476, 0.5058268, 0.5037927, 0.5112193, 0.5092878, 0.50979215, 0.5071045, 0.50680274, 0.50651085, 0.5020759, 0.5076561, 0.5090662, 0.5111612, 0.5068, 0.50932825, 0.5107679, 0.51112497, 0.51162064, 0.508704, 0.5110697, 0.5111822, 0.51079535, 0.5039656, 0.5081638, 0.510585, 0.5027556]
[0.51099277, 0.51185936, 0.5126296, 0.5097639, 0.51045537, 0.50865847, 0.5086657, 0.51187927, 0.50291485, 0.50104415, 0.5013574, 0.5092909, 0.5114041, 0.50805205, 0.50429094, 0.5102832, 0.5092154, 0.512222, 0.51141596, 0.506954, 0.5075633, 0.5101147, 0.51231045, 0.50976294, 0.5128562, 0.50985956, 0.5082364, 0.5066896, 0.50321805, 0.5037483, 0.51159286, 0.5040222, 0.5076908, 0.5012267, 0.50460035, 0.5057055, 0.51257414, 0.5031066, 0.50249875, 0.5097687, 0.50800127, 0.5082045, 0.50763613, 0.507513, 0.51166475, 0.51087034, 0.5064895, 0.5083065, 0.5076553, 0.5076749, 0.5126805, 0.51031625, 0.50763893, 0.51133376, 0.5120193, 0.5093545, 0.51279145, 0.50595856, 0.5113262, 0.511538, 0.51121414, 0.50678, 0.50700116, 0.50499266, 0.5112906, 0.5101598, 0.50985724, 0.5020484, 0.5051001, 0.50786763, 0.5073063, 0.5078518, 0.510022, 0.50360686, 0.5010995, 0.5100167, 0.51148206, 0.5102843, 0.50389326, 0.5068766, 0.5093509, 0.51125544, 0.50875926, 0.50644684, 0.50662327, 0.5071645, 0.50754523, 0.50684774, 0.504371, 0.50218797, 0.5025859, 0.50327647, 0.50382686, 0.50373095, 0.50614434, 0.50906867, 0.51023126, 0.5118982, 0.51135296, 0.5101935, 0.5100149, 0.510457, 0.5062612, 0.5127536, 0.51319355, 0.5122024, 0.5071538, 0.5136062, 0.5069581, 0.5123336, 0.5129095, 0.50650847, 0.5084162, 0.5074882, 0.51006114, 0.507921, 0.5011352, 0.5034232, 0.51118237, 0.50925773, 0.50106525, 0.5025122, 0.51162094, 0.5015203, 0.5115766, 0.5077849, 0.5115827, 0.5087148, 0.5009713, 0.50167173, 0.5125026, 0.5068404, 0.51306605, 0.51129705, 0.5110652, 0.5067058, 0.50897855, 0.5087763, 0.50546914, 0.5105059, 0.5107457, 0.5058781, 0.504832, 0.5084507, 0.50394243, 0.5120021, 0.51205397, 0.5023258, 0.50107473, 0.5084055, 0.5086745, 0.50748235, 0.50372016, 0.5020899, 0.50183916, 0.5013528, 0.5050224, 0.5079864, 0.51083136, 0.5027448, 0.5017311, 0.5110171, 0.50804555, 0.5101044, 0.50186247, 0.5126638, 0.5129737, 0.5122262, 0.5076416, 0.5072345, 0.509178, 0.5087927, 0.50740486, 0.5081946, 0.50204384, 0.5101424, 0.51058096, 0.51016575, 0.5103622, 0.50632155, 0.50340456, 0.51134115, 0.5111723, 0.51131207, 0.50920945, 0.51066136, 0.5124205, 0.5107557, 0.5081218, 0.5081813, 0.5083685, 0.5083565, 0.5104857, 0.5089796, 0.5022986, 0.50090533, 0.50877, 0.5105528, 0.5093786, 0.5103523, 0.5106929, 0.5108123, 0.50908107, 0.50890964, 0.5012201, 0.5132363, 0.51349545, 0.51341075, 0.50209194, 0.5054477, 0.5038802, 0.50496554, 0.51135784, 0.5081735, 0.50628006, 0.5046733, 0.51247275, 0.51189774, 0.5101989, 0.50481206, 0.51033145, 0.5107924, 0.5107615, 0.5135078, 0.5075543, 0.50600487, 0.50657725, 0.51099896, 0.5094378, 0.5092371, 0.5076459, 0.5044499, 0.50754005, 0.50827, 0.5086289, 0.5082341, 0.50813645, 0.5076092, 0.50665814, 0.502159, 0.5100934, 0.5098289, 0.502309, 0.5035588, 0.50956744, 0.5049495, 0.50818676, 0.5111278, 0.5108119, 0.5094264, 0.50847536, 0.50764287, 0.5054788, 0.5030212, 0.5018719, 0.5071652, 0.5085418, 0.5084601, 0.50287235, 0.512376, 0.51098037, 0.5104431, 0.5034336, 0.50100845, 0.5100583, 0.50989574, 0.5122469, 0.50827867, 0.5083873, 0.5084543, 0.5019275, 0.5055473, 0.50307614, 0.5122892, 0.5102178, 0.5109259, 0.50790787, 0.5072127, 0.50690484, 0.5031492, 0.5082353, 0.50974065, 0.5117402, 0.5073321, 0.51045865, 0.51119924, 0.5121181, 0.5123457, 0.5094737, 0.5119845, 0.5115772, 0.5111574, 0.503782, 0.508663, 0.5109831, 0.5026547]
[0.5145617, 0.5159011, 0.5164121, 0.5134288, 0.5138377, 0.511193, 0.5101145, 0.51497513, 0.5007695, 0.5015357, 0.50115883, 0.5108737, 0.5144743, 0.50962967, 0.5031225, 0.5140276, 0.51183736, 0.51607186, 0.51517504, 0.50801975, 0.5093082, 0.5130537, 0.515687, 0.512091, 0.51668084, 0.5130514, 0.5110575, 0.5076967, 0.5024018, 0.5028853, 0.5156444, 0.5048734, 0.50887, 0.50015473, 0.5027703, 0.50553495, 0.51623315, 0.50260735, 0.5021268, 0.5124171, 0.51047343, 0.5107602, 0.5098565, 0.5083583, 0.5154462, 0.51436675, 0.5068862, 0.5111937, 0.5095163, 0.5100463, 0.51690114, 0.513355, 0.50904894, 0.5142508, 0.51563317, 0.5114496, 0.5170866, 0.5075989, 0.51477563, 0.5149676, 0.51367307, 0.508564, 0.50855243, 0.50591874, 0.5147149, 0.5121923, 0.51223975, 0.5014699, 0.5063527, 0.5091078, 0.5079588, 0.5088042, 0.5134066, 0.50405866, 0.50036925, 0.5134804, 0.5148156, 0.51312417, 0.5067537, 0.5082392, 0.51207876, 0.5141466, 0.5117049, 0.5073367, 0.50821066, 0.5081517, 0.5081315, 0.50882065, 0.50302, 0.50100946, 0.50124186, 0.5022374, 0.50243, 0.50239486, 0.50836664, 0.51108074, 0.5129748, 0.515557, 0.51504934, 0.5129787, 0.5130695, 0.5132688, 0.5060514, 0.5172261, 0.51740706, 0.5160036, 0.5086697, 0.518029, 0.5086342, 0.51652104, 0.51657635, 0.50785977, 0.51027083, 0.5084758, 0.5124993, 0.509421, 0.5010141, 0.5030555, 0.5147328, 0.51172656, 0.5012688, 0.5018319, 0.51475966, 0.5002931, 0.5151137, 0.5090992, 0.5149389, 0.51093733, 0.5008934, 0.5016935, 0.51693195, 0.5094889, 0.5171034, 0.5146836, 0.5145689, 0.5085822, 0.51019526, 0.5105384, 0.50646454, 0.51380473, 0.5132493, 0.5071709, 0.50606126, 0.51109046, 0.5058987, 0.5154837, 0.51573914, 0.5012511, 0.50173026, 0.5101986, 0.5113324, 0.5057968, 0.50314456, 0.50180894, 0.5021328, 0.50045097, 0.50715625, 0.50923026, 0.5145281, 0.5027903, 0.5003495, 0.51450753, 0.5100318, 0.5131326, 0.5005165, 0.5164303, 0.5168533, 0.5156503, 0.5096059, 0.508044, 0.5108081, 0.51040924, 0.50985575, 0.50979674, 0.50180376, 0.51303655, 0.5144184, 0.5125426, 0.5125999, 0.5084889, 0.50323284, 0.5146646, 0.51513547, 0.5150197, 0.51193285, 0.5141632, 0.51637775, 0.514041, 0.50987506, 0.5099102, 0.50956714, 0.50958407, 0.51362, 0.51064914, 0.5003353, 0.50004977, 0.5107056, 0.51345885, 0.51122874, 0.5135143, 0.5135453, 0.5136487, 0.51154095, 0.5106828, 0.5002742, 0.51747197, 0.5174604, 0.5170954, 0.5010186, 0.50420225, 0.50190055, 0.50524193, 0.51433486, 0.5098083, 0.5073735, 0.50325894, 0.5161827, 0.51571906, 0.51326764, 0.5068208, 0.512959, 0.51400673, 0.51367366, 0.51756275, 0.50940233, 0.5073415, 0.50805825, 0.5139363, 0.51206076, 0.51187885, 0.50915504, 0.50504977, 0.5089504, 0.5095921, 0.5103638, 0.5093084, 0.5099084, 0.50866485, 0.50760204, 0.5001894, 0.5127107, 0.51223546, 0.50139946, 0.5028115, 0.51168925, 0.50533533, 0.5102965, 0.51415074, 0.5133225, 0.5119682, 0.51062, 0.5094589, 0.50719917, 0.5023953, 0.5012721, 0.50868016, 0.51007336, 0.5102979, 0.5022025, 0.51602614, 0.5143901, 0.5134179, 0.50247955, 0.50095165, 0.5123774, 0.51229477, 0.5154132, 0.5099664, 0.5099706, 0.50965875, 0.500515, 0.50412846, 0.5019881, 0.515694, 0.51309615, 0.51401424, 0.5094443, 0.5080077, 0.50789315, 0.5011507, 0.5097529, 0.5126883, 0.51633626, 0.50849473, 0.5122786, 0.5147357, 0.5157413, 0.516455, 0.5117138, 0.51515704, 0.51526093, 0.51451427, 0.5019193, 0.5106782, 0.514199, 0.5011101]
[0.51395035, 0.5152311, 0.51564544, 0.5131208, 0.51362336, 0.51107293, 0.5110379, 0.5146363, 0.5035729, 0.50273675, 0.5021039, 0.5118569, 0.5142712, 0.5107624, 0.50466883, 0.5136817, 0.5123648, 0.515741, 0.5142236, 0.50919145, 0.5098297, 0.5125365, 0.5153606, 0.512483, 0.51626545, 0.5123591, 0.5110464, 0.5075087, 0.50417846, 0.5054188, 0.5151924, 0.50466245, 0.50880206, 0.5011746, 0.5050911, 0.5056711, 0.5156707, 0.5042153, 0.5032476, 0.5123332, 0.51081836, 0.51141745, 0.51032335, 0.5095586, 0.514898, 0.51340294, 0.50598747, 0.51059353, 0.50972056, 0.5099256, 0.5158293, 0.51333773, 0.509752, 0.51395726, 0.51542467, 0.511329, 0.516061, 0.5080784, 0.5141172, 0.5143943, 0.51398134, 0.5084936, 0.5093649, 0.5065749, 0.5144288, 0.5126696, 0.51241904, 0.50218177, 0.5071377, 0.50978523, 0.5090445, 0.5099637, 0.5133539, 0.50448495, 0.5008959, 0.51292884, 0.51440096, 0.5129276, 0.5070867, 0.5093686, 0.5126271, 0.5138127, 0.51166165, 0.5085004, 0.5088131, 0.5087571, 0.50767446, 0.5086878, 0.5052894, 0.50259095, 0.5023728, 0.5035831, 0.50398344, 0.5037735, 0.50885296, 0.511106, 0.5126958, 0.51521254, 0.5142357, 0.5131555, 0.513361, 0.51348764, 0.50763047, 0.5162503, 0.5166316, 0.51543874, 0.509137, 0.51700443, 0.5085276, 0.5157072, 0.5158299, 0.50796723, 0.51088923, 0.5094842, 0.51264495, 0.5094968, 0.5011691, 0.50394434, 0.514188, 0.511603, 0.501385, 0.5028029, 0.5143431, 0.50097257, 0.51473564, 0.5090405, 0.51477736, 0.5111453, 0.5012373, 0.50185317, 0.51622623, 0.50898874, 0.5165704, 0.51464504, 0.5134781, 0.50814, 0.51095295, 0.5115148, 0.5069183, 0.5135527, 0.51378953, 0.5076429, 0.506087, 0.51119524, 0.5063497, 0.5152042, 0.51498705, 0.5016868, 0.50193334, 0.5105987, 0.51106584, 0.508921, 0.5049059, 0.50370723, 0.50254405, 0.5020281, 0.50602233, 0.5097612, 0.51372963, 0.50378406, 0.5010124, 0.5141598, 0.5098714, 0.5125836, 0.50103587, 0.51594895, 0.51625633, 0.51569474, 0.50938976, 0.5079002, 0.5116437, 0.5109433, 0.50944096, 0.5106598, 0.50316703, 0.513148, 0.51313406, 0.51194394, 0.5120652, 0.50879884, 0.5043377, 0.5139311, 0.514298, 0.5147333, 0.51219743, 0.51373535, 0.5160591, 0.513754, 0.51061296, 0.51037776, 0.5102601, 0.5104074, 0.5134119, 0.5112728, 0.50319076, 0.5011461, 0.5111405, 0.51333475, 0.51190835, 0.5132376, 0.5134098, 0.5134651, 0.5122211, 0.51132655, 0.50130177, 0.51673865, 0.5167593, 0.5167399, 0.5032165, 0.5069349, 0.5052073, 0.5054065, 0.5143206, 0.51031953, 0.50800145, 0.50508994, 0.5158365, 0.5152074, 0.51278436, 0.50728214, 0.5132978, 0.51364374, 0.51300824, 0.5166434, 0.50951487, 0.5083683, 0.5086953, 0.5138861, 0.5121899, 0.5122376, 0.510003, 0.50606215, 0.50941, 0.51023793, 0.5108059, 0.5100217, 0.51014054, 0.50892407, 0.50783956, 0.5017678, 0.51298773, 0.51221013, 0.501536, 0.504057, 0.5119318, 0.5064207, 0.5103771, 0.51391214, 0.51346457, 0.5121756, 0.5109779, 0.5099327, 0.50690955, 0.50354743, 0.5017915, 0.5086859, 0.51054895, 0.5105669, 0.5039383, 0.5156898, 0.5142337, 0.51347727, 0.5039949, 0.5019238, 0.51246834, 0.512637, 0.5148427, 0.5107134, 0.5107405, 0.5104869, 0.5018154, 0.5065557, 0.5041317, 0.5150757, 0.5129224, 0.5135208, 0.51048803, 0.5085123, 0.5083602, 0.5033879, 0.50978065, 0.5120306, 0.51494753, 0.5093783, 0.5128889, 0.5144564, 0.51520735, 0.5158637, 0.5116873, 0.5150013, 0.5150571, 0.51467896, 0.504985, 0.51055557, 0.51386344, 0.50319433]
