[0.4990631, 0.49928594, 0.5019354, 0.5007961, 0.4988165, 0.4990174, 0.5088916, 0.5005316, 0.5003343, 0.5013873, 0.50082266, 0.4998677, 0.50455874, 0.50966185, 0.50058746, 0.50129914, 0.5113419, 0.5003793, 0.50082237, 0.5117367, 0.51155925, 0.5006104, 0.50781083, 0.5064145, 0.49901918, 0.4997404, 0.5004086, 0.50026387, 0.49970418, 0.50186753, 0.5101756, 0.5003896, 0.49965805, 0.5007006, 0.51061577, 0.51106876, 0.501175, 0.508616, 0.50844496, 0.49987057, 0.50134116, 0.50121874, 0.50886023, 0.501544, 0.50087076, 0.5015695, 0.50198275, 0.50001216, 0.50356466, 0.50450224, 0.50319576, 0.49897453, 0.49904695, 0.5013516, 0.50135857, 0.4989499, 0.50080377, 0.49894652, 0.49976945, 0.5001484, 0.49982303, 0.5067484, 0.5095833, 0.49903527, 0.5092931, 0.49901322, 0.5049892, 0.50096786, 0.50149775, 0.49972656, 0.5134394, 0.50808907, 0.5067709, 0.5107124, 0.50807816, 0.50899255, 0.5086721, 0.50923437, 0.49918997, 0.49949816, 0.4994125, 0.5056727, 0.4991213, 0.5001966, 0.4990606, 0.512826, 0.5109517, 0.51122457, 0.5035772, 0.50218946, 0.50060546, 0.51111203, 0.5120032, 0.5047451, 0.5030253, 0.50560564, 0.5028905, 0.50049573, 0.5008846, 0.5053246, 0.5021975, 0.51177824, 0.5002063, 0.5003179, 0.51146454, 0.5114674, 0.5097861, 0.50230396, 0.49909768, 0.5023655, 0.51257926, 0.51084834, 0.49909267, 0.5001169, 0.49938968, 0.50310093, 0.50664616, 0.5049734, 0.50224787, 0.50268674, 0.50423545, 0.5001642, 0.49915943, 0.5050636, 0.49984038, 0.5016742, 0.50738025, 0.5121729, 0.5137092, 0.5002077, 0.5119521, 0.507954, 0.5044961, 0.5064781, 0.51255035, 0.5191501, 0.5172055, 0.51874703, 0.5161727, 0.5155424, 0.5164, 0.5197863, 0.5195169, 0.5193871, 0.5201516, 0.5188474, 0.5179439, 0.5182126, 0.5169356, 0.51685935, 0.51680213, 0.5191544, 0.51764816, 0.51805204, 0.5190721, 0.5194921, 0.51825273, 0.518796, 0.519272, 0.5179251, 0.5189544, 0.51971084, 0.51813227, 0.51716614, 0.5197428, 0.51755065, 0.5158631, 0.51915866, 0.5167749, 0.51768625, 0.5185235, 0.51821184, 0.5198364, 0.51837623, 0.52079093, 0.5176033, 0.51642346, 0.5164812, 0.520616, 0.51921535, 0.51713437, 0.51803446, 0.51837915, 0.5183398, 0.5141894, 0.5192237, 0.5171704, 0.517151, 0.5180988, 0.518245, 0.5189551, 0.5187706, 0.5172538, 0.5193965, 0.5178234, 0.5183024, 0.52076155, 0.5187323, 0.5185946, 0.5189599, 0.51864153, 0.51929367, 0.51762086, 0.5185254, 0.5223141, 0.517693, 0.5167213, 0.51816297, 0.5201921, 0.51736367, 0.51765865, 0.52024347, 0.519546, 0.5176519, 0.5189158, 0.51851827, 0.5188868, 0.5163507, 0.5177779, 0.51872987, 0.51573277, 0.51975626, 0.5166239, 0.51659006, 0.51906097, 0.52040195, 0.51817685, 0.518469, 0.51814073, 0.5198714, 0.5173083, 0.52072644, 0.5174777, 0.51851505, 0.51845306, 0.5172793, 0.5168771, 0.5190961, 0.5182631, 0.51975095, 0.5189813, 0.51830375, 0.51893115, 0.5180052, 0.51874757, 0.5199093, 0.51816064, 0.5188146, 0.5188864, 0.51826304, 0.5208032, 0.51973736, 0.5202811, 0.5200648, 0.51873374, 0.51849145, 0.51992244, 0.52268547, 0.51666635, 0.5157359, 0.52086663, 0.5179717, 0.5169403, 0.51679707, 0.51963574, 0.51850164, 0.5187334, 0.5204203, 0.5186849, 0.51814204, 0.51845425, 0.51819175, 0.52065146, 0.5211316, 0.51901466, 0.5163239, 0.5176893, 0.51896614]
[0.4990631, 0.49928594, 0.5019354, 0.5007961, 0.4988165, 0.4990174, 0.5088916, 0.5005316, 0.5003343, 0.5013873, 0.50082266, 0.4998677, 0.50455874, 0.50966185, 0.50058746, 0.50129914, 0.5113419, 0.5003793, 0.50082237, 0.5117367, 0.51155925, 0.5006104, 0.50781083, 0.5064145, 0.49901918, 0.4997404, 0.5004086, 0.50026387, 0.49970418, 0.50186753, 0.5101756, 0.5003896, 0.49965805, 0.5007006, 0.51061577, 0.51106876, 0.501175, 0.508616, 0.50844496, 0.49987057, 0.50134116, 0.50121874, 0.50886023, 0.501544, 0.50087076, 0.5015695, 0.50198275, 0.50001216, 0.50356466, 0.50450224, 0.50319576, 0.49897453, 0.49904695, 0.5013516, 0.50135857, 0.4989499, 0.50080377, 0.49894652, 0.49976945, 0.5001484, 0.49982303, 0.5067484, 0.5095833, 0.49903527, 0.5092931, 0.49901322, 0.5049892, 0.50096786, 0.50149775, 0.49972656, 0.5134394, 0.50808907, 0.5067709, 0.5107124, 0.50807816, 0.50899255, 0.5086721, 0.50923437, 0.49918997, 0.49949816, 0.4994125, 0.5056727, 0.4991213, 0.5001966, 0.4990606, 0.512826, 0.5109517, 0.51122457, 0.5035772, 0.50218946, 0.50060546, 0.51111203, 0.5120032, 0.5047451, 0.5030253, 0.50560564, 0.5028905, 0.50049573, 0.5008846, 0.5053246, 0.5021975, 0.51177824, 0.5002063, 0.5003179, 0.51146454, 0.5114674, 0.5097861, 0.50230396, 0.49909768, 0.5023655, 0.51257926, 0.51084834, 0.49909267, 0.5001169, 0.49938968, 0.50310093, 0.50664616, 0.5049734, 0.50224787, 0.50268674, 0.50423545, 0.5001642, 0.49915943, 0.5050636, 0.49984038, 0.5016742, 0.50738025, 0.5121729, 0.5137092, 0.5002077, 0.5119521, 0.507954, 0.5044961, 0.5064781, 0.51255035, 0.5191501, 0.5172055, 0.51874703, 0.5161727, 0.5155424, 0.5164, 0.5197863, 0.5195169, 0.5193871, 0.5201516, 0.5188474, 0.5179439, 0.5182126, 0.5169356, 0.51685935, 0.51680213, 0.5191544, 0.51764816, 0.51805204, 0.5190721, 0.5194921, 0.51825273, 0.518796, 0.519272, 0.5179251, 0.5189544, 0.51971084, 0.51813227, 0.51716614, 0.5197428, 0.51755065, 0.5158631, 0.51915866, 0.5167749, 0.51768625, 0.5185235, 0.51821184, 0.5198364, 0.51837623, 0.52079093, 0.5176033, 0.51642346, 0.5164812, 0.520616, 0.51921535, 0.51713437, 0.51803446, 0.51837915, 0.5183398, 0.5141894, 0.5192237, 0.5171704, 0.517151, 0.5180988, 0.518245, 0.5189551, 0.5187706, 0.5172538, 0.5193965, 0.5178234, 0.5183024, 0.52076155, 0.5187323, 0.5185946, 0.5189599, 0.51864153, 0.51929367, 0.51762086, 0.5185254, 0.5223141, 0.517693, 0.5167213, 0.51816297, 0.5201921, 0.51736367, 0.51765865, 0.52024347, 0.519546, 0.5176519, 0.5189158, 0.51851827, 0.5188868, 0.5163507, 0.5177779, 0.51872987, 0.51573277, 0.51975626, 0.5166239, 0.51659006, 0.51906097, 0.52040195, 0.51817685, 0.518469, 0.51814073, 0.5198714, 0.5173083, 0.52072644, 0.5174777, 0.51851505, 0.51845306, 0.5172793, 0.5168771, 0.5190961, 0.5182631, 0.51975095, 0.5189813, 0.51830375, 0.51893115, 0.5180052, 0.51874757, 0.5199093, 0.51816064, 0.5188146, 0.5188864, 0.51826304, 0.5208032, 0.51973736, 0.5202811, 0.5200648, 0.51873374, 0.51849145, 0.51992244, 0.52268547, 0.51666635, 0.5157359, 0.52086663, 0.5179717, 0.5169403, 0.51679707, 0.51963574, 0.51850164, 0.5187334, 0.5204203, 0.5186849, 0.51814204, 0.51845425, 0.51819175, 0.52065146, 0.5211316, 0.51901466, 0.5163239, 0.5176893, 0.51896614]
[0.4990631, 0.49928594, 0.5019354, 0.5007961, 0.4988165, 0.4990174, 0.5088916, 0.5005316, 0.5003343, 0.5013873, 0.50082266, 0.4998677, 0.50455874, 0.50966185, 0.50058746, 0.50129914, 0.5113419, 0.5003793, 0.50082237, 0.5117367, 0.51155925, 0.5006104, 0.50781083, 0.5064145, 0.49901918, 0.4997404, 0.5004086, 0.50026387, 0.49970418, 0.50186753, 0.5101756, 0.5003896, 0.49965805, 0.5007006, 0.51061577, 0.51106876, 0.501175, 0.508616, 0.50844496, 0.49987057, 0.50134116, 0.50121874, 0.50886023, 0.501544, 0.50087076, 0.5015695, 0.50198275, 0.50001216, 0.50356466, 0.50450224, 0.50319576, 0.49897453, 0.49904695, 0.5013516, 0.50135857, 0.4989499, 0.50080377, 0.49894652, 0.49976945, 0.5001484, 0.49982303, 0.5067484, 0.5095833, 0.49903527, 0.5092931, 0.49901322, 0.5049892, 0.50096786, 0.50149775, 0.49972656, 0.5134394, 0.50808907, 0.5067709, 0.5107124, 0.50807816, 0.50899255, 0.5086721, 0.50923437, 0.49918997, 0.49949816, 0.4994125, 0.5056727, 0.4991213, 0.5001966, 0.4990606, 0.512826, 0.5109517, 0.51122457, 0.5035772, 0.50218946, 0.50060546, 0.51111203, 0.5120032, 0.5047451, 0.5030253, 0.50560564, 0.5028905, 0.50049573, 0.5008846, 0.5053246, 0.5021975, 0.51177824, 0.5002063, 0.5003179, 0.51146454, 0.5114674, 0.5097861, 0.50230396, 0.49909768, 0.5023655, 0.51257926, 0.51084834, 0.49909267, 0.5001169, 0.49938968, 0.50310093, 0.50664616, 0.5049734, 0.50224787, 0.50268674, 0.50423545, 0.5001642, 0.49915943, 0.5050636, 0.49984038, 0.5016742, 0.50738025, 0.5121729, 0.5137092, 0.5002077, 0.5119521, 0.507954, 0.5044961, 0.5064781, 0.51255035, 0.5191501, 0.5172055, 0.51874703, 0.5161727, 0.5155424, 0.5164, 0.5197863, 0.5195169, 0.5193871, 0.5201516, 0.5188474, 0.5179439, 0.5182126, 0.5169356, 0.51685935, 0.51680213, 0.5191544, 0.51764816, 0.51805204, 0.5190721, 0.5194921, 0.51825273, 0.518796, 0.519272, 0.5179251, 0.5189544, 0.51971084, 0.51813227, 0.51716614, 0.5197428, 0.51755065, 0.5158631, 0.51915866, 0.5167749, 0.51768625, 0.5185235, 0.51821184, 0.5198364, 0.51837623, 0.52079093, 0.5176033, 0.51642346, 0.5164812, 0.520616, 0.51921535, 0.51713437, 0.51803446, 0.51837915, 0.5183398, 0.5141894, 0.5192237, 0.5171704, 0.517151, 0.5180988, 0.518245, 0.5189551, 0.5187706, 0.5172538, 0.5193965, 0.5178234, 0.5183024, 0.52076155, 0.5187323, 0.5185946, 0.5189599, 0.51864153, 0.51929367, 0.51762086, 0.5185254, 0.5223141, 0.517693, 0.5167213, 0.51816297, 0.5201921, 0.51736367, 0.51765865, 0.52024347, 0.519546, 0.5176519, 0.5189158, 0.51851827, 0.5188868, 0.5163507, 0.5177779, 0.51872987, 0.51573277, 0.51975626, 0.5166239, 0.51659006, 0.51906097, 0.52040195, 0.51817685, 0.518469, 0.51814073, 0.5198714, 0.5173083, 0.52072644, 0.5174777, 0.51851505, 0.51845306, 0.5172793, 0.5168771, 0.5190961, 0.5182631, 0.51975095, 0.5189813, 0.51830375, 0.51893115, 0.5180052, 0.51874757, 0.5199093, 0.51816064, 0.5188146, 0.5188864, 0.51826304, 0.5208032, 0.51973736, 0.5202811, 0.5200648, 0.51873374, 0.51849145, 0.51992244, 0.52268547, 0.51666635, 0.5157359, 0.52086663, 0.5179717, 0.5169403, 0.51679707, 0.51963574, 0.51850164, 0.5187334, 0.5204203, 0.5186849, 0.51814204, 0.51845425, 0.51819175, 0.52065146, 0.5211316, 0.51901466, 0.5163239, 0.5176893, 0.51896614]
[0.4990631, 0.49928594, 0.5019354, 0.5007961, 0.4988165, 0.4990174, 0.5088916, 0.5005316, 0.5003343, 0.5013873, 0.50082266, 0.4998677, 0.50455874, 0.50966185, 0.50058746, 0.50129914, 0.5113419, 0.5003793, 0.50082237, 0.5117367, 0.51155925, 0.5006104, 0.50781083, 0.5064145, 0.49901918, 0.4997404, 0.5004086, 0.50026387, 0.49970418, 0.50186753, 0.5101756, 0.5003896, 0.49965805, 0.5007006, 0.51061577, 0.51106876, 0.501175, 0.508616, 0.50844496, 0.49987057, 0.50134116, 0.50121874, 0.50886023, 0.501544, 0.50087076, 0.5015695, 0.50198275, 0.50001216, 0.50356466, 0.50450224, 0.50319576, 0.49897453, 0.49904695, 0.5013516, 0.50135857, 0.4989499, 0.50080377, 0.49894652, 0.49976945, 0.5001484, 0.49982303, 0.5067484, 0.5095833, 0.49903527, 0.5092931, 0.49901322, 0.5049892, 0.50096786, 0.50149775, 0.49972656, 0.5134394, 0.50808907, 0.5067709, 0.5107124, 0.50807816, 0.50899255, 0.5086721, 0.50923437, 0.49918997, 0.49949816, 0.4994125, 0.5056727, 0.4991213, 0.5001966, 0.4990606, 0.512826, 0.5109517, 0.51122457, 0.5035772, 0.50218946, 0.50060546, 0.51111203, 0.5120032, 0.5047451, 0.5030253, 0.50560564, 0.5028905, 0.50049573, 0.5008846, 0.5053246, 0.5021975, 0.51177824, 0.5002063, 0.5003179, 0.51146454, 0.5114674, 0.5097861, 0.50230396, 0.49909768, 0.5023655, 0.51257926, 0.51084834, 0.49909267, 0.5001169, 0.49938968, 0.50310093, 0.50664616, 0.5049734, 0.50224787, 0.50268674, 0.50423545, 0.5001642, 0.49915943, 0.5050636, 0.49984038, 0.5016742, 0.50738025, 0.5121729, 0.5137092, 0.5002077, 0.5119521, 0.507954, 0.5044961, 0.5064781, 0.51255035, 0.5191501, 0.5172055, 0.51874703, 0.5161727, 0.5155424, 0.5164, 0.5197863, 0.5195169, 0.5193871, 0.5201516, 0.5188474, 0.5179439, 0.5182126, 0.5169356, 0.51685935, 0.51680213, 0.5191544, 0.51764816, 0.51805204, 0.5190721, 0.5194921, 0.51825273, 0.518796, 0.519272, 0.5179251, 0.5189544, 0.51971084, 0.51813227, 0.51716614, 0.5197428, 0.51755065, 0.5158631, 0.51915866, 0.5167749, 0.51768625, 0.5185235, 0.51821184, 0.5198364, 0.51837623, 0.52079093, 0.5176033, 0.51642346, 0.5164812, 0.520616, 0.51921535, 0.51713437, 0.51803446, 0.51837915, 0.5183398, 0.5141894, 0.5192237, 0.5171704, 0.517151, 0.5180988, 0.518245, 0.5189551, 0.5187706, 0.5172538, 0.5193965, 0.5178234, 0.5183024, 0.52076155, 0.5187323, 0.5185946, 0.5189599, 0.51864153, 0.51929367, 0.51762086, 0.5185254, 0.5223141, 0.517693, 0.5167213, 0.51816297, 0.5201921, 0.51736367, 0.51765865, 0.52024347, 0.519546, 0.5176519, 0.5189158, 0.51851827, 0.5188868, 0.5163507, 0.5177779, 0.51872987, 0.51573277, 0.51975626, 0.5166239, 0.51659006, 0.51906097, 0.52040195, 0.51817685, 0.518469, 0.51814073, 0.5198714, 0.5173083, 0.52072644, 0.5174777, 0.51851505, 0.51845306, 0.5172793, 0.5168771, 0.5190961, 0.5182631, 0.51975095, 0.5189813, 0.51830375, 0.51893115, 0.5180052, 0.51874757, 0.5199093, 0.51816064, 0.5188146, 0.5188864, 0.51826304, 0.5208032, 0.51973736, 0.5202811, 0.5200648, 0.51873374, 0.51849145, 0.51992244, 0.52268547, 0.51666635, 0.5157359, 0.52086663, 0.5179717, 0.5169403, 0.51679707, 0.51963574, 0.51850164, 0.5187334, 0.5204203, 0.5186849, 0.51814204, 0.51845425, 0.51819175, 0.52065146, 0.5211316, 0.51901466, 0.5163239, 0.5176893, 0.51896614]
[0.5004334, 0.5005534, 0.50189084, 0.5023837, 0.49990955, 0.5007692, 0.50562704, 0.50136745, 0.501357, 0.50391984, 0.50236017, 0.5005938, 0.50296277, 0.5056201, 0.5000988, 0.5015978, 0.50679344, 0.50067276, 0.5024494, 0.50786555, 0.50800526, 0.5016791, 0.50270236, 0.5015587, 0.5011711, 0.5018758, 0.5002911, 0.5011045, 0.5005739, 0.5044281, 0.50598973, 0.5013789, 0.5006733, 0.50120324, 0.50560594, 0.504957, 0.50284564, 0.5030051, 0.50456387, 0.5008929, 0.5035284, 0.50047714, 0.50361, 0.50043243, 0.50342786, 0.50448585, 0.50498897, 0.5022711, 0.5010533, 0.500896, 0.50116104, 0.49986324, 0.4998547, 0.50319815, 0.5035063, 0.4999027, 0.5024985, 0.5009661, 0.5001312, 0.50134546, 0.4999764, 0.5039929, 0.5065906, 0.4999705, 0.50469196, 0.50041485, 0.5021679, 0.50338984, 0.503479, 0.49997818, 0.50969183, 0.503522, 0.5041972, 0.5060517, 0.5043436, 0.5039986, 0.5040629, 0.50485384, 0.50000644, 0.5001735, 0.50038403, 0.5029365, 0.49997127, 0.50196475, 0.50026536, 0.5081002, 0.50647986, 0.5068378, 0.5030735, 0.5020811, 0.5002599, 0.5057873, 0.50840086, 0.50242525, 0.50039524, 0.50115067, 0.5012556, 0.5023288, 0.50322974, 0.5030364, 0.5014624, 0.50730747, 0.5009849, 0.5020138, 0.50697964, 0.50655454, 0.50538677, 0.50082827, 0.5006729, 0.500465, 0.508237, 0.50661033, 0.5000892, 0.50153023, 0.5002846, 0.5015512, 0.50295556, 0.50158525, 0.5006514, 0.50106233, 0.50063026, 0.50137794, 0.4998528, 0.5028192, 0.50093836, 0.5008742, 0.5028867, 0.5085655, 0.5100558, 0.5011207, 0.50727504, 0.5030919, 0.5004998, 0.50022, 0.5060512, 0.5150438, 0.51335335, 0.5147231, 0.51235247, 0.51163536, 0.5127237, 0.5151421, 0.5154267, 0.5147117, 0.51496136, 0.5137998, 0.5128593, 0.5138006, 0.5122695, 0.5123507, 0.51222914, 0.51471543, 0.5139949, 0.51455224, 0.514232, 0.5156335, 0.5143862, 0.514597, 0.51505613, 0.51335484, 0.5147259, 0.5150572, 0.5146111, 0.5120052, 0.5147387, 0.51317614, 0.5121523, 0.5148941, 0.51259995, 0.51401156, 0.51446474, 0.5132076, 0.5150281, 0.5135788, 0.51611245, 0.5131546, 0.5132257, 0.51322633, 0.5158707, 0.51553285, 0.51276034, 0.5140603, 0.5143062, 0.51458615, 0.5097524, 0.51458114, 0.51351196, 0.5130213, 0.5133802, 0.51406485, 0.51483476, 0.5149376, 0.51198643, 0.5140437, 0.5139857, 0.5142532, 0.516379, 0.51418144, 0.51383185, 0.5144624, 0.51333225, 0.5144778, 0.513299, 0.51493573, 0.5174597, 0.5136788, 0.51281905, 0.5143747, 0.51512295, 0.51219314, 0.51253617, 0.51552224, 0.5153891, 0.5138442, 0.5143259, 0.5141909, 0.51367, 0.512021, 0.51351786, 0.51418364, 0.5113083, 0.5151451, 0.5126698, 0.5119962, 0.5151909, 0.5157331, 0.5135302, 0.5147469, 0.51287955, 0.51564974, 0.5135434, 0.51605, 0.51345265, 0.51473993, 0.5147791, 0.51303, 0.5132544, 0.51470804, 0.5138568, 0.51524085, 0.51407707, 0.51306695, 0.514704, 0.51429456, 0.5141169, 0.5149054, 0.513305, 0.5143824, 0.5147739, 0.51419723, 0.5165552, 0.51584095, 0.5158387, 0.5157541, 0.51437193, 0.51453143, 0.51575696, 0.5171912, 0.51290315, 0.5120019, 0.51600146, 0.5131255, 0.51281005, 0.51244766, 0.51571065, 0.5131658, 0.5139325, 0.5153241, 0.51320964, 0.51385283, 0.5140054, 0.5135043, 0.5157099, 0.51648337, 0.5147309, 0.51288366, 0.51424503, 0.5132816]
[0.5003577, 0.50109696, 0.5018363, 0.50193715, 0.49997413, 0.50004786, 0.5051106, 0.5015669, 0.5011425, 0.50462896, 0.5028688, 0.50112003, 0.50324, 0.506021, 0.5002497, 0.50113463, 0.5071978, 0.5012295, 0.5020277, 0.50785345, 0.5078439, 0.50208616, 0.50228506, 0.501311, 0.5006985, 0.50125134, 0.5013058, 0.50163656, 0.5010323, 0.5050477, 0.5064678, 0.501839, 0.50072306, 0.5014792, 0.5061053, 0.5059622, 0.50308865, 0.50396407, 0.50414175, 0.50118273, 0.50398546, 0.50072515, 0.504483, 0.5002335, 0.50350523, 0.5049311, 0.5053661, 0.50225246, 0.50230855, 0.50175846, 0.501836, 0.50051457, 0.5005769, 0.5032908, 0.5035442, 0.5000652, 0.50236535, 0.50010973, 0.50036967, 0.5021583, 0.5001028, 0.50423455, 0.50640804, 0.5000775, 0.50459915, 0.4999093, 0.50230384, 0.50437385, 0.5032283, 0.50158656, 0.51007366, 0.5040306, 0.5041208, 0.5062329, 0.50470066, 0.50384533, 0.50389713, 0.5046596, 0.50085896, 0.501174, 0.5012765, 0.50391895, 0.50050396, 0.5020267, 0.5005323, 0.5089289, 0.5069674, 0.5077106, 0.5027922, 0.5023024, 0.5001305, 0.5074, 0.507961, 0.5027229, 0.5016275, 0.50059587, 0.50191236, 0.50206655, 0.50346154, 0.504101, 0.50201017, 0.5072405, 0.5014423, 0.50298345, 0.5079639, 0.5066545, 0.50533855, 0.5011628, 0.50004643, 0.50091445, 0.5077489, 0.5058754, 0.49997467, 0.5010668, 0.5002161, 0.50146055, 0.5037125, 0.50288683, 0.5018674, 0.50202256, 0.50140876, 0.5019434, 0.5001819, 0.50256133, 0.5008758, 0.5018677, 0.504055, 0.5088626, 0.5099258, 0.50174254, 0.50742143, 0.50424147, 0.5014754, 0.5021157, 0.507547, 0.5137255, 0.51213163, 0.51392615, 0.5121492, 0.51199996, 0.5119392, 0.5136062, 0.51355135, 0.5137986, 0.51396126, 0.5133486, 0.5128737, 0.5131566, 0.51152134, 0.511915, 0.512693, 0.5138621, 0.5129186, 0.51355976, 0.514015, 0.51439005, 0.5134444, 0.51334786, 0.513614, 0.51272124, 0.5138774, 0.5140014, 0.51305956, 0.5120715, 0.51387507, 0.5125642, 0.51187664, 0.5140787, 0.5122064, 0.51363426, 0.51376694, 0.5127157, 0.5140537, 0.51247114, 0.515077, 0.5125638, 0.5122642, 0.5125443, 0.5144838, 0.5137949, 0.51244384, 0.5129963, 0.5133805, 0.5133721, 0.5106756, 0.513923, 0.51288927, 0.5125577, 0.51321334, 0.51324576, 0.514217, 0.5138054, 0.5119512, 0.51348203, 0.5130403, 0.5131094, 0.5149157, 0.51347727, 0.5133218, 0.5132283, 0.512578, 0.51357657, 0.5131076, 0.51426184, 0.51587087, 0.5132619, 0.5125028, 0.51272357, 0.51441616, 0.512217, 0.5124746, 0.51435304, 0.5144949, 0.5124566, 0.51405084, 0.51392496, 0.513504, 0.51159406, 0.51297134, 0.51353467, 0.5112873, 0.5145387, 0.5125865, 0.51209813, 0.51431286, 0.51409936, 0.51325047, 0.51333654, 0.51271933, 0.51461035, 0.5127229, 0.51489466, 0.51255935, 0.5134769, 0.51362884, 0.5118236, 0.5127435, 0.5140437, 0.5131508, 0.5141063, 0.51330584, 0.51259255, 0.5137694, 0.51301986, 0.5126924, 0.51452374, 0.5126689, 0.51325744, 0.5138089, 0.5131678, 0.5150254, 0.5144008, 0.5147319, 0.51432246, 0.51349574, 0.5138437, 0.51439637, 0.51621634, 0.5119685, 0.5117816, 0.5150643, 0.5129661, 0.5124905, 0.5123286, 0.51428026, 0.5128827, 0.5135611, 0.514433, 0.5136071, 0.51302546, 0.51329416, 0.5131506, 0.5145495, 0.5153962, 0.5133406, 0.5121662, 0.51293397, 0.5129218]
[0.50029063, 0.500486, 0.50155133, 0.5025889, 0.500688, 0.5006887, 0.5037375, 0.50214213, 0.50125444, 0.5049556, 0.5030955, 0.500656, 0.50186723, 0.50428843, 0.5008447, 0.50153476, 0.5051313, 0.5006021, 0.502575, 0.5054374, 0.5052913, 0.5024371, 0.5027525, 0.50174993, 0.50073254, 0.5015452, 0.50075233, 0.50204086, 0.5017909, 0.5051147, 0.5047861, 0.5010257, 0.5012053, 0.5006638, 0.5043713, 0.50461566, 0.5033221, 0.5030382, 0.5028111, 0.501854, 0.50436026, 0.5005243, 0.5028355, 0.50076866, 0.50348806, 0.50491893, 0.5050211, 0.50217164, 0.5008831, 0.50117934, 0.5009267, 0.50044113, 0.50032073, 0.50341326, 0.50371635, 0.5008465, 0.50259805, 0.50049764, 0.5009021, 0.5017679, 0.50118864, 0.5023761, 0.5042043, 0.5004085, 0.50277877, 0.5002902, 0.5018429, 0.5042548, 0.5037113, 0.50047857, 0.50646234, 0.50280035, 0.50363326, 0.50452733, 0.50322735, 0.5026919, 0.50310385, 0.50383526, 0.5003444, 0.5001992, 0.50077623, 0.50191724, 0.5007038, 0.5023363, 0.5008046, 0.5058069, 0.50511867, 0.5051691, 0.50204057, 0.50147545, 0.500432, 0.5049958, 0.5056145, 0.5017343, 0.50121844, 0.5016184, 0.5005157, 0.50305426, 0.50394106, 0.5015834, 0.50123215, 0.5054674, 0.50160575, 0.50277656, 0.50546104, 0.5047909, 0.5039818, 0.5008784, 0.5006308, 0.5002705, 0.5061034, 0.50495464, 0.50032467, 0.50159436, 0.5003849, 0.50151, 0.5017162, 0.50141495, 0.5004854, 0.5007055, 0.50106716, 0.50176597, 0.50030315, 0.5019801, 0.5011911, 0.50101954, 0.5026178, 0.506177, 0.5068243, 0.5015496, 0.50556034, 0.5034607, 0.5015656, 0.5016365, 0.5057343, 0.5097446, 0.50849426, 0.50955987, 0.5082367, 0.5083408, 0.50806737, 0.5097963, 0.5097091, 0.5095198, 0.5099441, 0.5091785, 0.50876296, 0.5089379, 0.5082155, 0.5083514, 0.50866365, 0.5098525, 0.50873804, 0.5093035, 0.50949746, 0.5100685, 0.5092624, 0.5093201, 0.50952107, 0.5087257, 0.50946975, 0.5099211, 0.5093324, 0.5083382, 0.5094042, 0.50854814, 0.50767195, 0.50952834, 0.50786716, 0.5089786, 0.5093604, 0.5089333, 0.5095367, 0.50876266, 0.5104126, 0.5090159, 0.50833493, 0.50835633, 0.5102397, 0.51013553, 0.5085799, 0.50949126, 0.509574, 0.5096072, 0.5070292, 0.50945777, 0.5088092, 0.5086236, 0.50894684, 0.50919807, 0.50983775, 0.50975513, 0.50835174, 0.50947005, 0.5089591, 0.50933397, 0.51047194, 0.5095919, 0.50938725, 0.50947934, 0.50923085, 0.5095201, 0.5087259, 0.5096167, 0.5110597, 0.50895524, 0.50850016, 0.50944495, 0.5097825, 0.5085108, 0.5084498, 0.51006436, 0.51007634, 0.5087468, 0.5096278, 0.50923926, 0.50953126, 0.5079903, 0.5087527, 0.509582, 0.50742143, 0.5100488, 0.50839335, 0.50794756, 0.5096098, 0.51012367, 0.50896454, 0.509142, 0.50877005, 0.510068, 0.5087573, 0.51036716, 0.50873584, 0.50923425, 0.50932056, 0.50810087, 0.5086175, 0.50962013, 0.50911456, 0.5099915, 0.50960946, 0.5092357, 0.50965774, 0.5091973, 0.5094189, 0.5098907, 0.508876, 0.5096673, 0.5095418, 0.5093426, 0.51060426, 0.51012385, 0.5102421, 0.51012814, 0.5093587, 0.50954527, 0.50996447, 0.51109934, 0.5081315, 0.50787747, 0.51046383, 0.5088342, 0.50850093, 0.5083177, 0.51005244, 0.50918275, 0.5094515, 0.51016104, 0.5090181, 0.5092719, 0.50933796, 0.50928676, 0.5101888, 0.51074547, 0.50917304, 0.50862086, 0.50924534, 0.50913256]
[0.50174546, 0.50278264, 0.5032688, 0.5036036, 0.5017862, 0.5015965, 0.50704736, 0.5001542, 0.50033677, 0.50219506, 0.5012445, 0.5016941, 0.5049279, 0.50708336, 0.50129694, 0.5029094, 0.5087926, 0.5037219, 0.5013841, 0.5088474, 0.508734, 0.5008314, 0.5057339, 0.5034181, 0.49993253, 0.5002144, 0.5016489, 0.5006972, 0.5014728, 0.50269926, 0.50742143, 0.50399786, 0.5002062, 0.5031107, 0.50779146, 0.5078904, 0.5018285, 0.5057712, 0.506869, 0.5007286, 0.5019956, 0.50390315, 0.5074419, 0.5027375, 0.50199306, 0.5027526, 0.50313836, 0.50096965, 0.5039181, 0.50445604, 0.5038175, 0.5011534, 0.50126165, 0.50152284, 0.5019262, 0.5020793, 0.50138396, 0.50029373, 0.5017605, 0.5004402, 0.50176746, 0.50726855, 0.5083487, 0.50081456, 0.50748634, 0.50162876, 0.50513315, 0.502013, 0.5020787, 0.5015932, 0.51058, 0.5062541, 0.50612307, 0.5081525, 0.50691754, 0.506999, 0.5067248, 0.5068271, 0.50104696, 0.5011071, 0.5016015, 0.50632685, 0.501599, 0.5007118, 0.5003476, 0.509504, 0.50774604, 0.50799143, 0.5051624, 0.50458187, 0.5012889, 0.507941, 0.50906295, 0.50599355, 0.5033515, 0.50282353, 0.505174, 0.5004238, 0.50153214, 0.5062776, 0.50456524, 0.5088154, 0.5006561, 0.5013074, 0.5085258, 0.5085447, 0.5078594, 0.50277704, 0.5009687, 0.5042871, 0.509395, 0.5084022, 0.5013595, 0.49999988, 0.5018011, 0.50410473, 0.5053856, 0.5050023, 0.50323063, 0.5037164, 0.5025808, 0.4998639, 0.5002832, 0.5052705, 0.49998802, 0.5037391, 0.50585824, 0.50972056, 0.51046056, 0.5003018, 0.50875795, 0.5063284, 0.5031698, 0.50269824, 0.5082685, 0.5147399, 0.51331925, 0.5141113, 0.5123823, 0.5119278, 0.51278096, 0.5146632, 0.5146861, 0.5144671, 0.5150306, 0.5142892, 0.51323503, 0.5138419, 0.51249945, 0.51249856, 0.51253104, 0.5145585, 0.5136593, 0.5135982, 0.51432586, 0.51460445, 0.5142107, 0.5143809, 0.5144999, 0.5133517, 0.51442873, 0.514793, 0.51397294, 0.5124656, 0.5147236, 0.5135925, 0.5126487, 0.5150992, 0.51325846, 0.51390696, 0.5142883, 0.5132612, 0.5146383, 0.5133607, 0.5157067, 0.51326865, 0.5130344, 0.5130349, 0.51541173, 0.5147689, 0.51269764, 0.51357275, 0.51381457, 0.51414573, 0.5108191, 0.5145952, 0.5130525, 0.51318747, 0.5136758, 0.5137383, 0.5146363, 0.51485443, 0.51275223, 0.51414603, 0.5134092, 0.5140687, 0.5159064, 0.5137997, 0.513568, 0.51405776, 0.5135088, 0.5142656, 0.5136175, 0.5143183, 0.5168416, 0.51338416, 0.5125399, 0.5142099, 0.5149458, 0.5126356, 0.513192, 0.5150135, 0.5147075, 0.5133183, 0.514424, 0.51394117, 0.51371145, 0.5123748, 0.51302505, 0.5136795, 0.51168174, 0.51472515, 0.51303035, 0.51277727, 0.5149708, 0.51529473, 0.5138258, 0.5144373, 0.51321477, 0.5148669, 0.51350725, 0.51570153, 0.5135651, 0.5140821, 0.5142026, 0.5133312, 0.51301, 0.51462674, 0.5138733, 0.51478696, 0.51412344, 0.5133488, 0.5144381, 0.5137266, 0.5138797, 0.51459354, 0.51335895, 0.51406753, 0.51457345, 0.5138264, 0.51573557, 0.5150136, 0.5154129, 0.5150823, 0.51413393, 0.51416, 0.5152797, 0.51697457, 0.5124382, 0.5121412, 0.5156081, 0.513533, 0.51278096, 0.512591, 0.515083, 0.5133003, 0.5138718, 0.51528, 0.5138766, 0.5136799, 0.5136623, 0.5134457, 0.5151766, 0.5158661, 0.51475745, 0.5124127, 0.5139469, 0.51348394]
[0.50080806, 0.50067604, 0.49983174, 0.4997545, 0.50094616, 0.50110227, 0.5040288, 0.5018575, 0.501713, 0.503366, 0.502412, 0.50077134, 0.5012253, 0.50628567, 0.5004593, 0.4995868, 0.5075766, 0.49982613, 0.5022709, 0.5091398, 0.50894475, 0.5017421, 0.50170845, 0.50167197, 0.50116944, 0.5015912, 0.5002407, 0.5017757, 0.50127643, 0.5033037, 0.5057011, 0.49983895, 0.5011776, 0.49976814, 0.5062486, 0.50672257, 0.5026649, 0.50361615, 0.5026185, 0.5015255, 0.50295836, 0.50007087, 0.50298023, 0.50035566, 0.5027286, 0.5036547, 0.50387025, 0.5020415, 0.49953574, 0.49955335, 0.49972787, 0.50070965, 0.50078344, 0.502941, 0.5030999, 0.50097644, 0.5022193, 0.5009157, 0.50082475, 0.5015361, 0.5011994, 0.5010184, 0.5064134, 0.50060093, 0.50354844, 0.5006759, 0.50027233, 0.5026592, 0.50300187, 0.5005783, 0.5106057, 0.5023072, 0.50294733, 0.50555843, 0.5031385, 0.50352395, 0.50366014, 0.50489444, 0.50078017, 0.50074315, 0.50060636, 0.49977592, 0.5009374, 0.50200194, 0.50111973, 0.5091387, 0.5074065, 0.5080042, 0.5014046, 0.4997718, 0.500542, 0.50753224, 0.5090596, 0.5008942, 0.49981087, 0.49999517, 0.4998788, 0.5021056, 0.5027242, 0.50044733, 0.49976695, 0.5083865, 0.50146884, 0.5023392, 0.5079244, 0.5078959, 0.5055851, 0.49959263, 0.5009668, 0.5001298, 0.5095811, 0.50757754, 0.50032794, 0.50141627, 0.50065416, 0.50042266, 0.501109, 0.49991876, 0.50010026, 0.4998795, 0.49993336, 0.5017243, 0.5012685, 0.49975163, 0.5015047, 0.50004005, 0.50125784, 0.5083479, 0.5104156, 0.5017393, 0.508597, 0.50356716, 0.50031406, 0.5010955, 0.50864476, 0.5160143, 0.51409525, 0.5156896, 0.51319593, 0.5128647, 0.51327944, 0.51620317, 0.515583, 0.515824, 0.5164979, 0.51518977, 0.51399, 0.51486325, 0.5123794, 0.5136233, 0.51400113, 0.515825, 0.51420945, 0.51501167, 0.51572853, 0.5160367, 0.51510143, 0.51537716, 0.5162279, 0.514753, 0.51558965, 0.5166139, 0.5154439, 0.5134767, 0.5158921, 0.5138122, 0.512269, 0.5156701, 0.51320887, 0.5144539, 0.515494, 0.5143151, 0.5159516, 0.51473004, 0.5176334, 0.5143268, 0.5133998, 0.5137413, 0.51699054, 0.5166991, 0.5142049, 0.5150818, 0.51539207, 0.51574534, 0.5104897, 0.5156215, 0.5145294, 0.5138596, 0.51478815, 0.51504433, 0.515984, 0.515785, 0.5138042, 0.5159083, 0.51455396, 0.5152249, 0.5176034, 0.51546526, 0.51516, 0.51525116, 0.51521426, 0.5160506, 0.5141009, 0.5153943, 0.5187906, 0.514608, 0.5134358, 0.5151229, 0.51635885, 0.5134379, 0.51357585, 0.5166602, 0.51644963, 0.5144738, 0.5154433, 0.5152977, 0.5154404, 0.51303846, 0.51447016, 0.5154489, 0.51201826, 0.5160891, 0.51311535, 0.51355064, 0.51577, 0.51703614, 0.51475495, 0.51516503, 0.51445216, 0.5168467, 0.5140993, 0.5170983, 0.5138318, 0.51516443, 0.51522785, 0.5136582, 0.51336014, 0.51581174, 0.5149388, 0.5164874, 0.5156147, 0.51463944, 0.51594985, 0.5149197, 0.51551706, 0.51636255, 0.51434684, 0.51532394, 0.5155, 0.51539195, 0.51794505, 0.5167515, 0.5172056, 0.5170466, 0.5151975, 0.515379, 0.5169879, 0.518884, 0.5137252, 0.5124972, 0.51735675, 0.5142783, 0.5134942, 0.51331794, 0.5164683, 0.51505005, 0.51514286, 0.5173468, 0.51458436, 0.514726, 0.5152225, 0.5148818, 0.51697576, 0.5180584, 0.5149409, 0.5134203, 0.51470953, 0.5152228]
[0.5025195, 0.50324726, 0.5043245, 0.50678325, 0.5017987, 0.5018002, 0.51078707, 0.50040895, 0.5005736, 0.501746, 0.50062066, 0.50347006, 0.50729835, 0.511604, 0.5022846, 0.5070461, 0.51278913, 0.5035886, 0.50114733, 0.5137286, 0.5136969, 0.5006342, 0.5088237, 0.5082096, 0.49982876, 0.5005551, 0.5023466, 0.50060153, 0.49996084, 0.5020276, 0.512367, 0.5037941, 0.5000216, 0.5031514, 0.5110486, 0.51231074, 0.501064, 0.509015, 0.5098937, 0.5002609, 0.5016249, 0.50452286, 0.51058406, 0.5042131, 0.5013668, 0.50197196, 0.5021648, 0.50056803, 0.5053342, 0.50658154, 0.5053712, 0.5023008, 0.5017305, 0.50124174, 0.50145084, 0.5009365, 0.50103694, 0.49980968, 0.49982208, 0.50037235, 0.5002978, 0.5082081, 0.5119374, 0.5016414, 0.510853, 0.50110716, 0.5071656, 0.5015489, 0.50158906, 0.5005808, 0.5157205, 0.5093796, 0.509665, 0.5123608, 0.50978297, 0.5103923, 0.51063263, 0.51037174, 0.50115895, 0.50065464, 0.5013979, 0.5073732, 0.500874, 0.5004195, 0.50127655, 0.5138383, 0.51266086, 0.5124046, 0.5080521, 0.5071582, 0.50085217, 0.5117544, 0.5141609, 0.50852054, 0.5044833, 0.5047713, 0.50469, 0.5007779, 0.5014438, 0.50686765, 0.5055787, 0.51335585, 0.5001104, 0.5006908, 0.5121936, 0.5130141, 0.51156926, 0.5044075, 0.50072956, 0.50463307, 0.5143329, 0.51279366, 0.50098884, 0.5002845, 0.50147057, 0.5054946, 0.5085923, 0.50748396, 0.50484806, 0.5050846, 0.50506705, 0.4999609, 0.50152177, 0.5068719, 0.4996719, 0.50553596, 0.50802606, 0.51372725, 0.5157681, 0.5000503, 0.512997, 0.509051, 0.50437975, 0.5037593, 0.5129456, 0.5208937, 0.5193333, 0.5201793, 0.51825744, 0.5175008, 0.51875633, 0.5214777, 0.52125263, 0.520608, 0.52120113, 0.52022994, 0.51931787, 0.5193664, 0.5188863, 0.5183693, 0.51868314, 0.5207341, 0.5198904, 0.5203659, 0.5204683, 0.52153254, 0.5204869, 0.5207924, 0.521194, 0.5195994, 0.5211226, 0.52140427, 0.520292, 0.5181399, 0.52122205, 0.5191958, 0.51757026, 0.5210045, 0.5186475, 0.51953846, 0.520114, 0.519661, 0.52103764, 0.5195807, 0.52245754, 0.5194962, 0.5190242, 0.5190624, 0.5225647, 0.52183706, 0.5188482, 0.5200157, 0.5204415, 0.52082884, 0.51566434, 0.5204913, 0.5190504, 0.5191153, 0.51983774, 0.52015364, 0.5209674, 0.52126926, 0.5185765, 0.5203218, 0.51969457, 0.5205276, 0.5225044, 0.52011067, 0.5197653, 0.5205943, 0.5198817, 0.52085865, 0.51932806, 0.5211903, 0.5235923, 0.51938564, 0.5190596, 0.5209749, 0.5215425, 0.51844186, 0.5188923, 0.52152073, 0.52145165, 0.5196678, 0.52061033, 0.52017766, 0.5197987, 0.51835024, 0.5193987, 0.5204502, 0.5174584, 0.5217585, 0.51853794, 0.5179597, 0.52129036, 0.52231777, 0.5201162, 0.5208201, 0.51959, 0.5218741, 0.51957506, 0.52241224, 0.51984066, 0.52060515, 0.5206333, 0.5191518, 0.51916116, 0.52052355, 0.5199946, 0.5214382, 0.5203354, 0.51920253, 0.52074647, 0.520359, 0.52076465, 0.5210077, 0.5195451, 0.5203877, 0.5210257, 0.5201332, 0.5226473, 0.52250624, 0.5226011, 0.52231675, 0.5205037, 0.52064264, 0.52217436, 0.5240707, 0.5185543, 0.5172677, 0.52245504, 0.5196737, 0.5186694, 0.5183787, 0.5218503, 0.5196034, 0.5200398, 0.5219536, 0.5198726, 0.51980835, 0.520038, 0.5199535, 0.5223583, 0.5229761, 0.521564, 0.5186493, 0.5205047, 0.51993763]
[0.50096375, 0.5005652, 0.5020697, 0.50203556, 0.5011477, 0.5015344, 0.50490785, 0.5003154, 0.50045425, 0.50395054, 0.5023896, 0.50037587, 0.5019707, 0.505247, 0.500718, 0.500997, 0.5079144, 0.5015325, 0.50201637, 0.50704986, 0.50705725, 0.50214916, 0.50223076, 0.50202495, 0.5009289, 0.50089663, 0.50167036, 0.5017812, 0.5004626, 0.50375766, 0.5068364, 0.50161046, 0.501104, 0.5016382, 0.5063713, 0.5063134, 0.5031156, 0.50535274, 0.50400144, 0.501463, 0.5037287, 0.50090307, 0.5044283, 0.5008778, 0.5027414, 0.5036499, 0.5037988, 0.5011858, 0.5012764, 0.5018195, 0.5010374, 0.5002015, 0.50042254, 0.50275046, 0.502842, 0.5011585, 0.50243104, 0.5005947, 0.50133365, 0.50052637, 0.5006374, 0.5052994, 0.507032, 0.5004171, 0.50355786, 0.5002527, 0.502409, 0.50342077, 0.50315017, 0.5007922, 0.5093553, 0.5034482, 0.506739, 0.5066215, 0.50348634, 0.503436, 0.5033737, 0.50500506, 0.5015583, 0.5013646, 0.50171816, 0.50250185, 0.500644, 0.50215364, 0.5009309, 0.50868994, 0.50691485, 0.5076007, 0.50232303, 0.5018949, 0.50045633, 0.5069255, 0.5075577, 0.501938, 0.5009283, 0.50181776, 0.50269747, 0.5015683, 0.5023026, 0.50334406, 0.5018676, 0.5072816, 0.5015324, 0.50266063, 0.5081722, 0.5069646, 0.50544435, 0.5008874, 0.5003771, 0.5015453, 0.50851274, 0.50744706, 0.50197303, 0.5010424, 0.50183034, 0.5036857, 0.50222135, 0.50185764, 0.5006795, 0.501115, 0.5020383, 0.5012755, 0.50033367, 0.5017289, 0.5012009, 0.5008926, 0.50308424, 0.5088122, 0.5098248, 0.5016081, 0.50706226, 0.5065456, 0.5045134, 0.50316876, 0.5080633, 0.5130782, 0.5115582, 0.51341087, 0.5118897, 0.51168144, 0.5110951, 0.5131006, 0.513, 0.5132897, 0.5137068, 0.51312476, 0.5123577, 0.51251286, 0.51071745, 0.5112252, 0.5123983, 0.51342326, 0.51197314, 0.5122859, 0.51281315, 0.5131581, 0.51290524, 0.51240635, 0.5127953, 0.5123914, 0.5129869, 0.51363426, 0.5127806, 0.5116361, 0.51321936, 0.512115, 0.5112327, 0.5132104, 0.5114155, 0.512625, 0.5130316, 0.511719, 0.51328653, 0.5121407, 0.5145444, 0.51209176, 0.51130176, 0.51171964, 0.5138907, 0.5129522, 0.51213634, 0.5123812, 0.5125232, 0.5129178, 0.51049894, 0.51346266, 0.5123804, 0.5120688, 0.5127271, 0.5126339, 0.5134673, 0.51324785, 0.51151294, 0.51295555, 0.512568, 0.5126032, 0.5141305, 0.51251477, 0.5124244, 0.51256275, 0.5124927, 0.5132087, 0.51279914, 0.5136393, 0.51510507, 0.5128077, 0.5119099, 0.51202965, 0.5137759, 0.5117204, 0.5119513, 0.51403576, 0.5133711, 0.5112548, 0.513466, 0.513033, 0.5134246, 0.51105094, 0.51230335, 0.51300794, 0.5105228, 0.51373756, 0.51183635, 0.511567, 0.51358443, 0.5132699, 0.51223415, 0.51256007, 0.5123023, 0.5137059, 0.51242924, 0.5140324, 0.5116649, 0.51285666, 0.51310575, 0.51141006, 0.51172465, 0.51367205, 0.5126896, 0.51380575, 0.5128849, 0.512407, 0.5134533, 0.5121922, 0.51224136, 0.5139782, 0.5121144, 0.51300615, 0.5126737, 0.512488, 0.5143571, 0.5136921, 0.5138602, 0.51400214, 0.5129559, 0.51340115, 0.51383007, 0.515413, 0.51119006, 0.5111533, 0.5144707, 0.5122519, 0.5117536, 0.5116914, 0.5135391, 0.51243496, 0.5128502, 0.5138409, 0.51298386, 0.5123976, 0.51241654, 0.5125551, 0.51376504, 0.51439834, 0.51254034, 0.51187944, 0.5123171, 0.512651]
[0.50113654, 0.50120413, 0.5009023, 0.5008106, 0.5020736, 0.50209683, 0.50620764, 0.5040935, 0.5041487, 0.5058384, 0.50467217, 0.50124073, 0.5023132, 0.5062846, 0.50171655, 0.5005362, 0.5080169, 0.50068986, 0.50456697, 0.5095833, 0.5092252, 0.503752, 0.50454247, 0.5019555, 0.502496, 0.5039754, 0.50129443, 0.5036671, 0.5027075, 0.50643253, 0.5067415, 0.5007171, 0.50208205, 0.50030303, 0.5063949, 0.50701845, 0.5047657, 0.50472516, 0.5026517, 0.50258493, 0.5055482, 0.5011201, 0.50353616, 0.50107366, 0.50524986, 0.5065603, 0.5069497, 0.5039339, 0.5007124, 0.50033194, 0.50068414, 0.5020236, 0.5022233, 0.5055037, 0.50519913, 0.5015593, 0.5045884, 0.5025277, 0.50209355, 0.5031308, 0.502888, 0.50274366, 0.5064167, 0.50156355, 0.50431293, 0.5012324, 0.5014953, 0.50498873, 0.5053548, 0.5019642, 0.5102619, 0.5038197, 0.50189555, 0.5070123, 0.5038091, 0.5045712, 0.50562197, 0.50551385, 0.5023485, 0.50208825, 0.50164956, 0.5025298, 0.50172913, 0.5033039, 0.50245535, 0.5094338, 0.5076367, 0.5079049, 0.50148726, 0.5007929, 0.50175226, 0.50749063, 0.5095939, 0.50315046, 0.5010129, 0.5007366, 0.50077397, 0.50422776, 0.5049941, 0.5015451, 0.5002527, 0.50827926, 0.50343466, 0.5039204, 0.5088455, 0.507708, 0.50581497, 0.50065297, 0.5016856, 0.50075626, 0.50940377, 0.50732774, 0.50177264, 0.50375175, 0.50230217, 0.5007088, 0.50244457, 0.50095373, 0.50072837, 0.50037223, 0.50056493, 0.50365186, 0.502031, 0.50082755, 0.5030763, 0.5004432, 0.5025615, 0.50908214, 0.5101457, 0.50370413, 0.50868666, 0.50445855, 0.5014796, 0.50205106, 0.50917476, 0.5148418, 0.5133028, 0.5144678, 0.5121742, 0.5124879, 0.5126485, 0.5149446, 0.51459485, 0.5146965, 0.5148126, 0.51431584, 0.5132627, 0.51408535, 0.51231414, 0.5132332, 0.51318735, 0.51464593, 0.51335305, 0.51400226, 0.5146425, 0.5152704, 0.51434374, 0.5145772, 0.5148423, 0.5137957, 0.51462466, 0.51512694, 0.5144071, 0.5131738, 0.51470935, 0.51327324, 0.512248, 0.514494, 0.5122628, 0.51370853, 0.51468694, 0.5139508, 0.5150989, 0.5138316, 0.51563716, 0.51382047, 0.51241434, 0.51236326, 0.51587534, 0.51531243, 0.5134116, 0.5137824, 0.51399964, 0.5142592, 0.51098305, 0.51467824, 0.5138702, 0.5131075, 0.5137224, 0.5141795, 0.51484895, 0.51472217, 0.51350963, 0.51491374, 0.51356286, 0.51432574, 0.51614517, 0.5147981, 0.51467496, 0.5141502, 0.5143988, 0.51508105, 0.51316, 0.51450115, 0.51676416, 0.51378393, 0.51298845, 0.51401746, 0.51531065, 0.5132241, 0.5132396, 0.5154397, 0.5149301, 0.5137242, 0.51436937, 0.51442116, 0.5144598, 0.5124664, 0.5141089, 0.51479363, 0.5117492, 0.51498276, 0.5127408, 0.51311517, 0.51445514, 0.51544267, 0.51385516, 0.5141472, 0.51375276, 0.51566005, 0.5133632, 0.5155787, 0.51340395, 0.514487, 0.51396626, 0.5126637, 0.51312697, 0.51491785, 0.51403785, 0.5150518, 0.5146319, 0.51413673, 0.51485103, 0.51350594, 0.5145424, 0.5153715, 0.51409215, 0.51418006, 0.51449156, 0.5140464, 0.5165583, 0.51548386, 0.515646, 0.51534927, 0.5143613, 0.5145089, 0.51546973, 0.5168424, 0.5126033, 0.5118827, 0.5158924, 0.5135212, 0.51293653, 0.51271874, 0.51514286, 0.51418465, 0.5145895, 0.5159361, 0.51381314, 0.5143277, 0.51438445, 0.5143144, 0.51564693, 0.51647866, 0.5141834, 0.51280487, 0.51370555, 0.5143559]
[0.50113463, 0.50202334, 0.5034361, 0.502408, 0.50029737, 0.5001299, 0.5064906, 0.50073504, 0.5005903, 0.5025699, 0.5014048, 0.5014598, 0.5046183, 0.5074018, 0.5010927, 0.5020411, 0.508372, 0.5025235, 0.501735, 0.50888634, 0.5088728, 0.50096637, 0.5055331, 0.5035194, 0.5003103, 0.500908, 0.5005727, 0.50092596, 0.49978206, 0.50302243, 0.5073632, 0.50410694, 0.5005209, 0.50288993, 0.5079977, 0.5080671, 0.5018844, 0.50469184, 0.50655407, 0.500209, 0.50265056, 0.5019838, 0.5058647, 0.5011935, 0.50236136, 0.50336766, 0.50362754, 0.50117975, 0.5032119, 0.5031696, 0.5023414, 0.4999224, 0.5002071, 0.50234175, 0.50224495, 0.50038373, 0.5017454, 0.49999487, 0.50047237, 0.5000256, 0.4998547, 0.5064481, 0.507457, 0.50118446, 0.50564104, 0.5017148, 0.50444084, 0.50176835, 0.5027451, 0.5005442, 0.5103602, 0.50469387, 0.50491685, 0.5071187, 0.5048999, 0.50554734, 0.50571734, 0.50703603, 0.5009395, 0.5004582, 0.50136405, 0.5040243, 0.49988326, 0.5006997, 0.50014466, 0.50920224, 0.5081402, 0.5084427, 0.50355476, 0.5025934, 0.50075907, 0.50881857, 0.5097093, 0.50399977, 0.50187075, 0.50339407, 0.50146216, 0.50170696, 0.50165147, 0.50509834, 0.50335544, 0.50868464, 0.5005802, 0.5011952, 0.50861555, 0.5084412, 0.50767714, 0.5019524, 0.5004042, 0.5019485, 0.50948507, 0.5080554, 0.5018808, 0.50010616, 0.50126153, 0.5037547, 0.50386626, 0.50303906, 0.5017223, 0.5023218, 0.50220555, 0.5006598, 0.50050884, 0.50367427, 0.5002141, 0.5015919, 0.5042619, 0.50933486, 0.51037645, 0.50117075, 0.5090145, 0.50570744, 0.50410414, 0.5035976, 0.50917304, 0.5155164, 0.51410806, 0.5155879, 0.513083, 0.51208436, 0.5129119, 0.5155322, 0.5156565, 0.5154815, 0.515578, 0.514644, 0.5137438, 0.51479405, 0.5126463, 0.513519, 0.51383835, 0.515144, 0.5138222, 0.5144118, 0.51476884, 0.51553607, 0.5148003, 0.5149833, 0.5155774, 0.5143679, 0.5152939, 0.51576865, 0.5148604, 0.5129934, 0.5152889, 0.51384926, 0.5129654, 0.51530194, 0.51303726, 0.5145271, 0.51502985, 0.513915, 0.5156295, 0.5146623, 0.5165654, 0.51390004, 0.51303786, 0.51315284, 0.5166541, 0.51570886, 0.51391006, 0.5148617, 0.51511526, 0.51521575, 0.5106198, 0.5149779, 0.51455843, 0.5136236, 0.5143826, 0.51445735, 0.51504433, 0.5152382, 0.51352394, 0.51521224, 0.51443577, 0.51546884, 0.5171242, 0.51505166, 0.5148332, 0.5149453, 0.51434565, 0.51551646, 0.5137215, 0.5151354, 0.5179734, 0.51433116, 0.51306796, 0.5143833, 0.5159297, 0.513501, 0.51334465, 0.5164012, 0.51586765, 0.5140843, 0.5152314, 0.5149345, 0.51477975, 0.51250535, 0.5141212, 0.51494443, 0.51176244, 0.5151061, 0.51347494, 0.5133657, 0.51566005, 0.5163061, 0.5136368, 0.5149085, 0.51377285, 0.516644, 0.51385933, 0.51661205, 0.51389617, 0.5150008, 0.5151262, 0.51372147, 0.51312035, 0.51554877, 0.51439255, 0.5156814, 0.51539487, 0.5145494, 0.515327, 0.51427716, 0.51496726, 0.51574165, 0.51415414, 0.515243, 0.5149173, 0.5144383, 0.51711386, 0.5159188, 0.51620406, 0.5160304, 0.51491785, 0.515033, 0.5159778, 0.51826125, 0.5131373, 0.51229936, 0.5165842, 0.5141811, 0.5132065, 0.51306576, 0.51596755, 0.5148528, 0.51524794, 0.51654303, 0.5142779, 0.5146692, 0.51464105, 0.51435345, 0.5162463, 0.5170399, 0.51498145, 0.513836, 0.5143626, 0.5145647]
[0.5008139, 0.5003869, 0.5010716, 0.5004457, 0.50049084, 0.50035495, 0.506358, 0.50216544, 0.50240594, 0.5038719, 0.5027045, 0.5004587, 0.50255257, 0.5057719, 0.5008887, 0.5002765, 0.5064882, 0.5000414, 0.50315577, 0.5079606, 0.508261, 0.5024865, 0.50123763, 0.5006796, 0.5014681, 0.5020764, 0.50082225, 0.5023493, 0.5020857, 0.5046195, 0.50496435, 0.5003693, 0.5012096, 0.50038445, 0.50607014, 0.5060063, 0.50343543, 0.50248563, 0.5046263, 0.5018192, 0.5039195, 0.50017744, 0.5035716, 0.5003571, 0.5036426, 0.5046042, 0.5047697, 0.5019955, 0.5002485, 0.5001586, 0.50020784, 0.50082386, 0.5006418, 0.5036947, 0.50342566, 0.5007084, 0.50297743, 0.5010913, 0.5014586, 0.5018825, 0.5009091, 0.50251955, 0.5070028, 0.50090206, 0.50576216, 0.5004555, 0.5028102, 0.50345415, 0.5039276, 0.500838, 0.5098292, 0.50304615, 0.5025402, 0.5061816, 0.50462985, 0.5047035, 0.50441587, 0.50490934, 0.50101155, 0.5008825, 0.5004468, 0.5013945, 0.50159925, 0.50220436, 0.50171345, 0.5076963, 0.5065392, 0.5069713, 0.5013996, 0.50102913, 0.50149226, 0.5059986, 0.5082887, 0.5017128, 0.5000488, 0.5006352, 0.5004075, 0.5030977, 0.50350016, 0.50216955, 0.50106424, 0.5074107, 0.50238466, 0.50280946, 0.5066914, 0.5065149, 0.50510633, 0.5000589, 0.50142366, 0.50039154, 0.5082089, 0.50700414, 0.5004717, 0.5016177, 0.5005626, 0.5014473, 0.5019624, 0.5012446, 0.5005468, 0.50097597, 0.5013603, 0.50197905, 0.5007646, 0.50124115, 0.5018744, 0.5008315, 0.5031331, 0.50859773, 0.50966996, 0.5024008, 0.5076023, 0.5021461, 0.5006034, 0.5005343, 0.5065826, 0.5141767, 0.512344, 0.5138666, 0.5111731, 0.5110861, 0.51193935, 0.5144133, 0.51417446, 0.513954, 0.51384795, 0.513188, 0.5123097, 0.5132122, 0.5115503, 0.5116507, 0.5112265, 0.5140442, 0.5132389, 0.5132225, 0.5130121, 0.5143563, 0.5131688, 0.5133063, 0.5141471, 0.5124334, 0.5138871, 0.51419145, 0.513334, 0.51161736, 0.5140399, 0.51267046, 0.51189375, 0.5139005, 0.5120387, 0.5132993, 0.51354396, 0.512784, 0.5142987, 0.5127613, 0.51492345, 0.5122627, 0.5123032, 0.51237595, 0.51470333, 0.51462036, 0.5122069, 0.51269644, 0.5130765, 0.51319814, 0.50936663, 0.5140239, 0.5126192, 0.51260203, 0.51254576, 0.5131456, 0.5134481, 0.51392525, 0.51202166, 0.5135795, 0.5128791, 0.5134867, 0.5150265, 0.51313937, 0.5128846, 0.5135308, 0.5129866, 0.51363695, 0.5125513, 0.51423657, 0.51597327, 0.5128048, 0.51182216, 0.5136299, 0.5138755, 0.51176655, 0.5118671, 0.5146941, 0.5143805, 0.5131707, 0.5135243, 0.51296973, 0.5130257, 0.5115843, 0.512189, 0.51298743, 0.51130325, 0.51424754, 0.5118174, 0.51156706, 0.51416993, 0.5148891, 0.51308995, 0.51384604, 0.51205444, 0.5143834, 0.5127128, 0.5148177, 0.5130292, 0.5135814, 0.51361954, 0.5122843, 0.512522, 0.5136338, 0.5133362, 0.5139172, 0.5132127, 0.5122452, 0.5137827, 0.5134539, 0.51342595, 0.51398075, 0.5126456, 0.5130037, 0.51371676, 0.51318336, 0.5151151, 0.5146733, 0.5147541, 0.5147302, 0.5131775, 0.5134533, 0.5146352, 0.5161853, 0.5120602, 0.5115465, 0.5148925, 0.51253635, 0.5121923, 0.5120667, 0.5146549, 0.51304173, 0.51310086, 0.5145525, 0.5130429, 0.5126584, 0.51299447, 0.51242566, 0.51460797, 0.5153575, 0.5137845, 0.5119588, 0.51330876, 0.51281923]
[0.50093967, 0.5023697, 0.5029824, 0.5045082, 0.5010599, 0.5018052, 0.5068903, 0.50216246, 0.5016103, 0.5047984, 0.5028167, 0.5014977, 0.50472635, 0.5079969, 0.5016889, 0.5039999, 0.5090311, 0.5021425, 0.5026558, 0.50966483, 0.5096871, 0.50221497, 0.5054887, 0.50412977, 0.500074, 0.5009904, 0.50088626, 0.5014077, 0.5010022, 0.504821, 0.5079773, 0.503491, 0.5002245, 0.50289124, 0.50841963, 0.508588, 0.5029041, 0.5052958, 0.5068994, 0.5012322, 0.5043915, 0.503751, 0.50769514, 0.5016776, 0.50360894, 0.5048361, 0.5052263, 0.50186634, 0.5035286, 0.5045413, 0.50310284, 0.50049514, 0.50065124, 0.50323147, 0.5033327, 0.5006284, 0.50253177, 0.50016654, 0.50014305, 0.5010813, 0.50059384, 0.5056128, 0.50869876, 0.5008965, 0.5072734, 0.5009215, 0.50536263, 0.50354147, 0.50375557, 0.50066376, 0.51122564, 0.50675523, 0.5053751, 0.5082781, 0.50715727, 0.5070551, 0.507073, 0.50726366, 0.50073236, 0.50030273, 0.5012161, 0.5054965, 0.5007823, 0.5022008, 0.50048316, 0.51030934, 0.5084837, 0.50856584, 0.50518656, 0.5044565, 0.50103825, 0.5082285, 0.50979656, 0.504926, 0.50324494, 0.5031846, 0.50305706, 0.5024277, 0.5035428, 0.5055542, 0.504605, 0.50922555, 0.50086033, 0.5023149, 0.5087811, 0.5088777, 0.5076487, 0.50350434, 0.50049454, 0.5024713, 0.51008314, 0.5085343, 0.5007678, 0.5016876, 0.5008181, 0.5031674, 0.50493646, 0.5039978, 0.50271785, 0.502686, 0.5027201, 0.50161064, 0.50081253, 0.50494444, 0.500393, 0.50326806, 0.5058908, 0.5098513, 0.51175773, 0.50121886, 0.5090326, 0.5049614, 0.50212824, 0.5026384, 0.5089023, 0.51652306, 0.51450664, 0.5157238, 0.5141695, 0.51325107, 0.5143199, 0.51687765, 0.5166257, 0.51643276, 0.51703537, 0.51561785, 0.5150578, 0.5151373, 0.5141393, 0.5141926, 0.5144163, 0.5165439, 0.5154216, 0.5157873, 0.516083, 0.516985, 0.515963, 0.51617116, 0.5167531, 0.51523864, 0.51631314, 0.51710725, 0.5158589, 0.51361924, 0.51674885, 0.5150583, 0.5134817, 0.51669705, 0.51475984, 0.5155731, 0.5156021, 0.51536345, 0.5165826, 0.5150535, 0.51832086, 0.51489574, 0.5150221, 0.51498437, 0.51778626, 0.5171362, 0.5143194, 0.51544684, 0.5159189, 0.51605517, 0.5116275, 0.5164425, 0.5144203, 0.51486313, 0.5153857, 0.51577604, 0.51649266, 0.51678634, 0.5145073, 0.51618105, 0.5152637, 0.51583654, 0.5183175, 0.51603127, 0.51534885, 0.5163632, 0.51513976, 0.51597947, 0.5150124, 0.5164922, 0.51925087, 0.51511025, 0.5142604, 0.51614577, 0.51692224, 0.5138738, 0.5145396, 0.51733017, 0.51692295, 0.51530033, 0.51626843, 0.5158775, 0.51576704, 0.51399773, 0.51526535, 0.5159862, 0.5131932, 0.51686096, 0.5142778, 0.51413727, 0.5172788, 0.517499, 0.51568747, 0.5164693, 0.51516145, 0.5173504, 0.514972, 0.5180689, 0.51511884, 0.515973, 0.5161649, 0.5148766, 0.51476336, 0.5159488, 0.51546764, 0.5171624, 0.51593196, 0.5152713, 0.51632327, 0.5163426, 0.5158603, 0.51660943, 0.5151952, 0.51610917, 0.5166749, 0.5153509, 0.5178959, 0.51717854, 0.5173567, 0.51749337, 0.51616144, 0.5160622, 0.5174613, 0.5194358, 0.51414835, 0.5132597, 0.5179875, 0.51535064, 0.5142074, 0.51391226, 0.5174507, 0.5153867, 0.515687, 0.517376, 0.51554334, 0.51560503, 0.5157043, 0.5154086, 0.5177206, 0.518377, 0.5166626, 0.51383156, 0.5160508, 0.51538575]
[0.5008417, 0.50091165, 0.50260836, 0.50298584, 0.50188434, 0.5016696, 0.5060661, 0.5027022, 0.50262314, 0.50527227, 0.50393814, 0.50079, 0.5036017, 0.5062982, 0.5008224, 0.5019499, 0.50667596, 0.50113976, 0.50376606, 0.5076485, 0.50775665, 0.5023243, 0.50479287, 0.5036261, 0.5014425, 0.5023114, 0.50108415, 0.50253797, 0.5019166, 0.50514466, 0.5065513, 0.5016699, 0.50120586, 0.5016118, 0.50600564, 0.506584, 0.50382435, 0.5044942, 0.50464255, 0.5020159, 0.50485444, 0.5014801, 0.50492305, 0.5010893, 0.5038973, 0.50523543, 0.50559133, 0.50280213, 0.50220436, 0.50246626, 0.5015286, 0.5010294, 0.5011622, 0.5045754, 0.504555, 0.50140387, 0.5034296, 0.5009138, 0.5011498, 0.5024371, 0.50192416, 0.50349915, 0.5059029, 0.50086874, 0.50515413, 0.5007913, 0.50319225, 0.5037239, 0.5043974, 0.50080127, 0.50844723, 0.5044199, 0.50406677, 0.5064642, 0.50459623, 0.50534487, 0.50527596, 0.5056246, 0.50108343, 0.500916, 0.5009844, 0.50282264, 0.5018879, 0.50291663, 0.501581, 0.5077225, 0.5069587, 0.5070379, 0.503633, 0.5024783, 0.5010608, 0.5067527, 0.5077288, 0.50370026, 0.5019703, 0.50218636, 0.5011116, 0.5032861, 0.5038555, 0.50270677, 0.5016538, 0.5071846, 0.5022058, 0.5032636, 0.5071323, 0.50667006, 0.50562984, 0.50203174, 0.50099766, 0.5012715, 0.50788534, 0.5069376, 0.50102377, 0.5022613, 0.5007693, 0.5026233, 0.5039239, 0.5029109, 0.5011123, 0.50175786, 0.50175035, 0.50244623, 0.5011825, 0.5025109, 0.5023628, 0.5016389, 0.5037747, 0.5074196, 0.5086189, 0.50228804, 0.50712293, 0.50491625, 0.50305045, 0.5036868, 0.5073992, 0.51171345, 0.51044863, 0.5116562, 0.5100665, 0.50994253, 0.5101297, 0.5119876, 0.5118471, 0.51165104, 0.5117719, 0.5111052, 0.51048803, 0.51093626, 0.5099347, 0.51057684, 0.5107901, 0.51172614, 0.51087993, 0.5114192, 0.511438, 0.5123397, 0.5114975, 0.5113816, 0.5117479, 0.5109147, 0.51170915, 0.51207036, 0.51160234, 0.51022667, 0.51144403, 0.51045007, 0.5096247, 0.51142985, 0.50983286, 0.511002, 0.511443, 0.5110123, 0.51178724, 0.51100206, 0.51258636, 0.5109574, 0.51030725, 0.5104699, 0.51241153, 0.51233613, 0.5108206, 0.5111069, 0.5114009, 0.5115098, 0.5084818, 0.5117639, 0.51095575, 0.5105892, 0.5110024, 0.5111029, 0.5118862, 0.51183856, 0.5102428, 0.5115487, 0.5111301, 0.5113822, 0.51280844, 0.51158035, 0.5112869, 0.5115722, 0.51125187, 0.5115246, 0.5106192, 0.5119073, 0.5134934, 0.5111224, 0.51041967, 0.5112003, 0.5120274, 0.5103094, 0.5102297, 0.5124384, 0.5119949, 0.51075524, 0.5114579, 0.51152736, 0.5115761, 0.5099132, 0.5110858, 0.5117642, 0.509229, 0.51195276, 0.5104674, 0.5101812, 0.5117819, 0.5124475, 0.5109734, 0.5111563, 0.51088953, 0.5126151, 0.5107993, 0.51252025, 0.5106811, 0.51146185, 0.5113448, 0.51024413, 0.5105219, 0.51171774, 0.51110816, 0.51208526, 0.5114291, 0.51097435, 0.5117992, 0.51134306, 0.5113989, 0.5123386, 0.5109648, 0.5114236, 0.5116135, 0.5111668, 0.51304126, 0.512324, 0.512597, 0.512486, 0.5112607, 0.51170826, 0.512322, 0.5133651, 0.51037174, 0.50974655, 0.5127607, 0.5107703, 0.5102613, 0.5101146, 0.5123034, 0.5112616, 0.5116345, 0.5125416, 0.5108707, 0.51137394, 0.511434, 0.51127017, 0.512343, 0.5132308, 0.5111057, 0.51055413, 0.51131374, 0.5112169]
[0.50261694, 0.50174993, 0.5017466, 0.5017358, 0.5026604, 0.5037558, 0.5042419, 0.50364274, 0.50326455, 0.5073956, 0.50548357, 0.5019387, 0.50204986, 0.5038742, 0.50197047, 0.50108653, 0.50509834, 0.50193584, 0.5051646, 0.5049515, 0.50497085, 0.50530773, 0.5024217, 0.50196993, 0.502802, 0.5036873, 0.5012975, 0.50482863, 0.5032691, 0.50798786, 0.50432545, 0.5014442, 0.50349164, 0.5011575, 0.5042479, 0.5043133, 0.50627935, 0.50307506, 0.5039943, 0.50383586, 0.5068339, 0.5012629, 0.5030936, 0.50106585, 0.5065839, 0.50796074, 0.5085744, 0.50480247, 0.50161195, 0.5013699, 0.5015023, 0.5019772, 0.502157, 0.5063177, 0.5068081, 0.5023026, 0.5057109, 0.50358367, 0.5010186, 0.5034665, 0.50314593, 0.5037592, 0.504561, 0.50232595, 0.5031549, 0.5015803, 0.5019182, 0.5068247, 0.50646347, 0.50111896, 0.5059331, 0.50300515, 0.50373447, 0.5046589, 0.5028079, 0.503136, 0.5036129, 0.5039697, 0.50134003, 0.5012559, 0.5013399, 0.5027201, 0.50225526, 0.50416803, 0.5031509, 0.5054583, 0.5047221, 0.5049025, 0.502249, 0.5021359, 0.5023813, 0.50481606, 0.50530815, 0.5020485, 0.5014234, 0.5016788, 0.5017361, 0.5045349, 0.50559705, 0.5026183, 0.50167286, 0.50499874, 0.5040977, 0.5054598, 0.50521517, 0.50480014, 0.50427395, 0.501357, 0.50252205, 0.5010514, 0.5055557, 0.5047738, 0.50127506, 0.5025755, 0.50115395, 0.50185025, 0.502506, 0.5020137, 0.50145775, 0.5015373, 0.50163424, 0.504035, 0.50149953, 0.5020684, 0.5032551, 0.501016, 0.5024005, 0.50559205, 0.50603706, 0.5044076, 0.50496227, 0.5041019, 0.50302976, 0.5022706, 0.50519055, 0.50800824, 0.5074553, 0.5084194, 0.5073457, 0.5071519, 0.5069483, 0.5081868, 0.508143, 0.50820494, 0.5083656, 0.50798684, 0.5076541, 0.50801265, 0.5070017, 0.5071583, 0.5077449, 0.5082501, 0.50749195, 0.5077567, 0.5079959, 0.50836134, 0.5081244, 0.50802493, 0.5080283, 0.50768846, 0.5081567, 0.50846696, 0.5079555, 0.50736314, 0.50817144, 0.5076152, 0.5070536, 0.5083422, 0.5069995, 0.50777, 0.50805867, 0.5075486, 0.5083543, 0.50772625, 0.5088231, 0.5075776, 0.5071547, 0.50719535, 0.5088212, 0.5081262, 0.5075783, 0.50760293, 0.5078699, 0.5078429, 0.50663006, 0.508193, 0.50786084, 0.50742406, 0.5080352, 0.50785583, 0.50837827, 0.5082387, 0.5071081, 0.50808567, 0.507778, 0.50797606, 0.5089577, 0.5079473, 0.5078871, 0.50791544, 0.5076661, 0.5080907, 0.5077853, 0.50835854, 0.50931484, 0.5079345, 0.50747824, 0.50748706, 0.50856775, 0.5072507, 0.50736904, 0.5087811, 0.50832623, 0.5071525, 0.50828356, 0.5080997, 0.5081367, 0.50694513, 0.5077289, 0.5082408, 0.50664705, 0.5083771, 0.50750774, 0.50737786, 0.508251, 0.50844, 0.5077586, 0.5078643, 0.50773644, 0.5086526, 0.5075543, 0.50881314, 0.5073892, 0.508216, 0.5082216, 0.5072482, 0.50734717, 0.5083779, 0.50784355, 0.508456, 0.5081691, 0.5079266, 0.5082279, 0.50763965, 0.50760263, 0.50859046, 0.5076541, 0.50810444, 0.50798416, 0.5076155, 0.50895417, 0.5083651, 0.50858593, 0.5086121, 0.50811994, 0.5082725, 0.5084148, 0.5094721, 0.50702673, 0.5068657, 0.5089783, 0.50767034, 0.5073781, 0.50722903, 0.508495, 0.5078213, 0.508137, 0.50863373, 0.50790584, 0.5078713, 0.50788337, 0.50781745, 0.50864035, 0.5090234, 0.5080633, 0.5073777, 0.50777555, 0.5079546]
[0.49989477, 0.50038713, 0.5022018, 0.501361, 0.50038904, 0.50031805, 0.50602525, 0.49979296, 0.49961144, 0.50268114, 0.5016017, 0.5000317, 0.50298524, 0.5067481, 0.50009066, 0.5007466, 0.50913656, 0.5020823, 0.500927, 0.50876737, 0.5087903, 0.5008882, 0.5025344, 0.50139815, 0.50037974, 0.50029147, 0.5013738, 0.50069034, 0.500426, 0.503072, 0.50808555, 0.50188905, 0.49991602, 0.50207, 0.5073322, 0.50765735, 0.5017697, 0.5062524, 0.5059848, 0.50039226, 0.5027809, 0.50054103, 0.50523156, 0.49980482, 0.5025819, 0.5034916, 0.5033576, 0.501049, 0.50119567, 0.5010044, 0.50042236, 0.4998235, 0.49962068, 0.5022455, 0.5023486, 0.50034225, 0.50191855, 0.5000698, 0.5002226, 0.50056905, 0.49960786, 0.5067164, 0.5082743, 0.49969834, 0.5047173, 0.5000499, 0.5027626, 0.5019106, 0.5018771, 0.5015454, 0.51091504, 0.5046361, 0.5063901, 0.5078127, 0.50506234, 0.5045685, 0.50542295, 0.5067405, 0.50197524, 0.5024041, 0.50265604, 0.5050309, 0.49983984, 0.50044155, 0.49972013, 0.5097053, 0.50804365, 0.5090338, 0.5034699, 0.50253946, 0.49989137, 0.50874794, 0.50938004, 0.5032524, 0.50105417, 0.5018787, 0.5019415, 0.501048, 0.50154454, 0.5047767, 0.5027895, 0.50888836, 0.5007041, 0.5017654, 0.5094841, 0.5085225, 0.5071961, 0.50122106, 0.49980065, 0.50108534, 0.5096532, 0.50848144, 0.5012762, 0.49994344, 0.5010961, 0.50380886, 0.50319165, 0.50227183, 0.5009075, 0.50157183, 0.5015148, 0.5008142, 0.49978212, 0.50227153, 0.50071174, 0.5016132, 0.5044823, 0.51027083, 0.5114648, 0.5008842, 0.5088943, 0.5081161, 0.5063685, 0.50547, 0.5097741, 0.51551014, 0.5135471, 0.5158521, 0.51306725, 0.51333046, 0.5129039, 0.5151271, 0.51513034, 0.515384, 0.5155805, 0.5149917, 0.51394355, 0.5148819, 0.5121885, 0.51327014, 0.5145157, 0.51550305, 0.5135912, 0.5141678, 0.5151659, 0.51575476, 0.5147359, 0.51442134, 0.51474833, 0.5142866, 0.5149723, 0.5158227, 0.51484895, 0.5136172, 0.5151148, 0.51381844, 0.51318306, 0.5155447, 0.5131216, 0.51457137, 0.51539147, 0.513294, 0.51564276, 0.514121, 0.5166834, 0.51360273, 0.51302516, 0.51341313, 0.5160521, 0.5151203, 0.51387274, 0.51442045, 0.5144763, 0.5145941, 0.5121956, 0.51546293, 0.5144926, 0.5139877, 0.51465946, 0.5147052, 0.515501, 0.5154195, 0.513498, 0.5152024, 0.51451516, 0.5149333, 0.5167205, 0.51482606, 0.5147108, 0.5148732, 0.51422864, 0.51488453, 0.51460344, 0.51573056, 0.5176453, 0.5147443, 0.51336646, 0.5138442, 0.5158767, 0.5137393, 0.51376665, 0.5165223, 0.5156678, 0.5131928, 0.5154661, 0.51537186, 0.5154539, 0.5125292, 0.514214, 0.5149715, 0.5117467, 0.51535237, 0.5137384, 0.5139497, 0.5155048, 0.5154222, 0.51448494, 0.5146394, 0.5140634, 0.5162272, 0.51410234, 0.5165497, 0.513556, 0.51497257, 0.51520544, 0.5129259, 0.513592, 0.5157557, 0.51468855, 0.51588064, 0.51537365, 0.5147575, 0.51551706, 0.51427525, 0.5140267, 0.5165271, 0.51425177, 0.515078, 0.51488346, 0.51461715, 0.516795, 0.5157502, 0.51612186, 0.5158885, 0.51487476, 0.51541454, 0.5161487, 0.51821005, 0.5130358, 0.5129431, 0.51665676, 0.5145045, 0.5138036, 0.5136189, 0.51584196, 0.5144657, 0.5153211, 0.51623607, 0.5146426, 0.5147291, 0.5147153, 0.514749, 0.51624876, 0.51696205, 0.51440877, 0.51376534, 0.5142804, 0.514381]
[0.5012785, 0.5006672, 0.49991193, 0.500836, 0.5013361, 0.50123614, 0.5034271, 0.5022116, 0.5021448, 0.504264, 0.50312614, 0.5005173, 0.49978235, 0.5022687, 0.50149083, 0.4997923, 0.5042954, 0.5008491, 0.5034343, 0.5053195, 0.50548184, 0.5032908, 0.49992466, 0.49985984, 0.5020765, 0.5021732, 0.5007571, 0.5021583, 0.5018505, 0.50469327, 0.5032624, 0.5005863, 0.50202817, 0.5007198, 0.5027558, 0.50251615, 0.5036382, 0.50024307, 0.50130403, 0.50181353, 0.50420517, 0.50085247, 0.50061756, 0.50031203, 0.50300777, 0.5039132, 0.504171, 0.5018795, 0.50049776, 0.5006974, 0.5006668, 0.50118196, 0.5011759, 0.5032964, 0.5033727, 0.50151306, 0.50314176, 0.5015606, 0.50150704, 0.5020371, 0.5012192, 0.5005845, 0.5036739, 0.50136393, 0.5022993, 0.5009589, 0.5000818, 0.5038784, 0.503727, 0.50119, 0.507207, 0.5011401, 0.500826, 0.5029425, 0.5012198, 0.5015185, 0.5013051, 0.5017327, 0.5009755, 0.5017632, 0.5007203, 0.49980268, 0.50206935, 0.5030171, 0.5020843, 0.5056351, 0.5036306, 0.503913, 0.50029415, 0.5002046, 0.50140405, 0.5028754, 0.5059529, 0.49978712, 0.5008084, 0.500173, 0.50084686, 0.503264, 0.5035472, 0.4997524, 0.5006671, 0.5048526, 0.50247324, 0.50317764, 0.5041392, 0.5038672, 0.50200325, 0.50047725, 0.5020443, 0.50128293, 0.5058359, 0.5040917, 0.50090444, 0.50212735, 0.5007543, 0.50016224, 0.499744, 0.5001374, 0.5009346, 0.5007534, 0.5004582, 0.502056, 0.5006453, 0.50001985, 0.50193435, 0.50068045, 0.50008273, 0.50667834, 0.5075401, 0.5021755, 0.5044413, 0.49996066, 0.5008867, 0.50110346, 0.50264275, 0.5119274, 0.5100361, 0.51156735, 0.5095278, 0.5092138, 0.5098716, 0.5119098, 0.51212233, 0.51167744, 0.5120622, 0.51098526, 0.5103785, 0.51078564, 0.5095832, 0.5098102, 0.50949824, 0.51196265, 0.5111157, 0.5115134, 0.5109208, 0.5125682, 0.5112305, 0.51130694, 0.51166004, 0.51039815, 0.5115243, 0.51216304, 0.5114843, 0.50951195, 0.5113869, 0.5104911, 0.50941074, 0.5118542, 0.50996226, 0.51117295, 0.5113579, 0.51044446, 0.51205456, 0.5104008, 0.5128638, 0.51070064, 0.5102443, 0.5104361, 0.51243407, 0.51239705, 0.51018256, 0.5110181, 0.5112451, 0.51131284, 0.50730217, 0.51184726, 0.5103582, 0.51027805, 0.5103571, 0.5108717, 0.5117509, 0.5119524, 0.50957143, 0.51104856, 0.51094687, 0.5114944, 0.5128577, 0.51136994, 0.5109417, 0.5112761, 0.510704, 0.5112721, 0.51039886, 0.5117907, 0.51390165, 0.5108159, 0.5100839, 0.5112958, 0.51210135, 0.50964797, 0.5099241, 0.51286495, 0.51226246, 0.5103981, 0.51149696, 0.51085806, 0.5109941, 0.5094643, 0.5106515, 0.5114646, 0.5088291, 0.51230055, 0.50992346, 0.5089468, 0.5120224, 0.5123884, 0.51068294, 0.51142687, 0.51029885, 0.51236427, 0.5108698, 0.5128584, 0.51069736, 0.51147324, 0.5114887, 0.50992787, 0.51061684, 0.51145875, 0.51083475, 0.51207453, 0.51128364, 0.51056284, 0.5115801, 0.5114283, 0.5109974, 0.5119318, 0.510514, 0.511444, 0.5118256, 0.5110854, 0.5132544, 0.5124138, 0.5124209, 0.5125627, 0.5110997, 0.5114869, 0.512686, 0.51390845, 0.5100461, 0.5090016, 0.51279485, 0.5102948, 0.50977755, 0.509596, 0.51241153, 0.5104571, 0.51072145, 0.5121253, 0.51045656, 0.510954, 0.5109429, 0.51072127, 0.51214087, 0.5132948, 0.51148564, 0.5097977, 0.5112883, 0.5105562]
[0.5005726, 0.4998999, 0.50210625, 0.50091666, 0.5017928, 0.5016794, 0.5056827, 0.50330925, 0.50316226, 0.5058673, 0.5042009, 0.500394, 0.5025079, 0.5073673, 0.5007729, 0.5006291, 0.5082829, 0.50047135, 0.50424993, 0.5096948, 0.5095541, 0.50316536, 0.50389695, 0.50237685, 0.501177, 0.5027974, 0.50074977, 0.5027465, 0.50240535, 0.5059416, 0.5077879, 0.50137514, 0.5015104, 0.50011915, 0.50709206, 0.50806373, 0.50454164, 0.506032, 0.5039376, 0.50197154, 0.50574225, 0.50001425, 0.50519586, 0.5000616, 0.5055777, 0.5066576, 0.5067101, 0.50395733, 0.501076, 0.50139046, 0.5007274, 0.5017982, 0.50113225, 0.504793, 0.50509185, 0.5012281, 0.50380605, 0.50040096, 0.5021309, 0.50319636, 0.5026948, 0.5044531, 0.50746346, 0.5008506, 0.5047099, 0.5008977, 0.50247186, 0.5041636, 0.5052291, 0.5012728, 0.5111426, 0.5045355, 0.50518984, 0.50697064, 0.50486654, 0.5052248, 0.5051005, 0.50598526, 0.5007366, 0.5004461, 0.50004464, 0.5029734, 0.50099695, 0.5029232, 0.5009971, 0.51009166, 0.5078269, 0.5083505, 0.50264734, 0.50132024, 0.5002634, 0.50776374, 0.50910145, 0.50338817, 0.5012057, 0.50146335, 0.5006416, 0.50347716, 0.5044478, 0.50281435, 0.5012723, 0.50846916, 0.50252116, 0.50370425, 0.50912344, 0.5084498, 0.5068898, 0.50156987, 0.5016685, 0.50016004, 0.50952107, 0.5077438, 0.50136787, 0.50289845, 0.5016297, 0.5006638, 0.5035693, 0.5026672, 0.50040686, 0.50101966, 0.50120884, 0.5033339, 0.50129735, 0.5018686, 0.5024405, 0.5002508, 0.504127, 0.50938624, 0.51156735, 0.50265473, 0.50874716, 0.50527126, 0.5030788, 0.5026785, 0.5094417, 0.5164177, 0.513788, 0.51596725, 0.5134369, 0.51342577, 0.51375794, 0.5162348, 0.5157606, 0.5159945, 0.5164052, 0.51587313, 0.5146464, 0.51467496, 0.51322657, 0.5147325, 0.51490146, 0.5164385, 0.5143589, 0.51544976, 0.5162204, 0.5166074, 0.5156323, 0.5155718, 0.5160122, 0.51471823, 0.5162197, 0.516957, 0.51573205, 0.5143916, 0.5161505, 0.5144787, 0.5129189, 0.5159969, 0.5138159, 0.5152138, 0.515974, 0.51465636, 0.5168433, 0.51527816, 0.51781505, 0.5141265, 0.5135656, 0.5140916, 0.516997, 0.51622885, 0.51447606, 0.5152531, 0.5155734, 0.5159083, 0.51198775, 0.51648206, 0.5150605, 0.5144904, 0.5151861, 0.51505846, 0.51632464, 0.51620436, 0.5142774, 0.5158978, 0.5153577, 0.5154011, 0.5174966, 0.51566464, 0.5152691, 0.51585996, 0.51530087, 0.5160532, 0.5153466, 0.51630217, 0.5189093, 0.51498246, 0.5141066, 0.51511, 0.5169293, 0.5141277, 0.51390254, 0.5171684, 0.5164983, 0.51482373, 0.51587236, 0.51599467, 0.5163174, 0.5133624, 0.51516485, 0.5159413, 0.51214224, 0.5166341, 0.51427966, 0.51394415, 0.5165141, 0.51691073, 0.5149087, 0.51557386, 0.5149195, 0.5172357, 0.51496524, 0.5174652, 0.51420695, 0.51558447, 0.51569295, 0.51362795, 0.5142774, 0.5164466, 0.51517373, 0.51663816, 0.515883, 0.5151654, 0.5160614, 0.51566845, 0.5151036, 0.5175943, 0.51461023, 0.5155798, 0.51583976, 0.5158247, 0.517635, 0.5162827, 0.5170229, 0.5169371, 0.5155163, 0.51611876, 0.51759154, 0.51914746, 0.5140061, 0.51303166, 0.51790243, 0.51464, 0.5140658, 0.51404816, 0.516695, 0.51549375, 0.5160695, 0.5174584, 0.5155278, 0.5153864, 0.51569617, 0.515386, 0.5175496, 0.5188443, 0.515034, 0.5136479, 0.51510555, 0.5152164]
[0.50038266, 0.5016652, 0.5035521, 0.5029571, 0.50051904, 0.50085986, 0.50749683, 0.50208044, 0.5019629, 0.5052595, 0.50353366, 0.5012101, 0.5049978, 0.50832915, 0.50169826, 0.50261045, 0.5098078, 0.50339687, 0.50213057, 0.51014173, 0.5100557, 0.50167745, 0.50654745, 0.50575566, 0.50060475, 0.5014201, 0.5029265, 0.5019644, 0.50150096, 0.5053016, 0.5086633, 0.50246084, 0.5003804, 0.5023294, 0.50872195, 0.50878763, 0.50308573, 0.5074743, 0.506416, 0.50091916, 0.5043359, 0.5024322, 0.5070217, 0.5017697, 0.5038485, 0.5052883, 0.5055881, 0.5019247, 0.50377357, 0.5033298, 0.50284994, 0.5009708, 0.5007394, 0.50421214, 0.5040541, 0.5007446, 0.50283027, 0.5012292, 0.50114524, 0.50233597, 0.50207263, 0.5054807, 0.50822985, 0.50131375, 0.50655353, 0.5009255, 0.5043234, 0.50358236, 0.50434625, 0.5012095, 0.51129824, 0.50708526, 0.5061039, 0.5083358, 0.5062862, 0.5064355, 0.5075191, 0.50815564, 0.5013391, 0.50145435, 0.5015697, 0.50510937, 0.50055575, 0.50258046, 0.50104904, 0.5100643, 0.50907093, 0.5094142, 0.50447613, 0.5035656, 0.5024228, 0.50946105, 0.51010907, 0.5055744, 0.5035167, 0.5042083, 0.502103, 0.50267696, 0.5036086, 0.50382274, 0.5035022, 0.5095989, 0.50149703, 0.50268453, 0.5096925, 0.5093436, 0.50821227, 0.5033147, 0.501141, 0.50268507, 0.51058716, 0.5089953, 0.5016781, 0.5009794, 0.5011537, 0.50418395, 0.50601315, 0.5047816, 0.5027295, 0.50387174, 0.5029354, 0.5025248, 0.50060296, 0.503316, 0.50135255, 0.5028208, 0.50609136, 0.51006824, 0.51166415, 0.501628, 0.5095861, 0.5076866, 0.5050319, 0.5056809, 0.5107516, 0.5161189, 0.5142032, 0.51596534, 0.5131705, 0.51395905, 0.5135284, 0.51619565, 0.5157385, 0.5162063, 0.5160015, 0.5153354, 0.5142818, 0.5151818, 0.5132136, 0.51419514, 0.5148613, 0.51609933, 0.51470745, 0.5153385, 0.5158477, 0.5165727, 0.5154805, 0.5155345, 0.51607955, 0.51508844, 0.51604736, 0.51659703, 0.515669, 0.5141764, 0.5161088, 0.5147505, 0.5133746, 0.5157781, 0.5136875, 0.5149933, 0.51599866, 0.51473105, 0.51650697, 0.5150316, 0.51739776, 0.5146557, 0.5136234, 0.51370174, 0.51746565, 0.51658034, 0.514766, 0.51503783, 0.5154104, 0.5153912, 0.5119719, 0.51614505, 0.5149692, 0.5143491, 0.5150313, 0.51530194, 0.51636, 0.5161472, 0.5148099, 0.5163704, 0.5147664, 0.5155621, 0.5175028, 0.51594853, 0.5156946, 0.5154986, 0.5156525, 0.5162741, 0.51444435, 0.515984, 0.5183848, 0.5150978, 0.51406956, 0.5149675, 0.51668644, 0.51457095, 0.5145048, 0.516834, 0.51632935, 0.5146792, 0.51569605, 0.51610065, 0.51638407, 0.513531, 0.515089, 0.51601523, 0.51297224, 0.5165801, 0.5140824, 0.514243, 0.5161896, 0.51675504, 0.51514524, 0.5152461, 0.51525575, 0.5169914, 0.5145793, 0.51708466, 0.51401633, 0.5155188, 0.51542354, 0.51367927, 0.51418424, 0.51626176, 0.51531875, 0.51663923, 0.51606387, 0.51527745, 0.5161194, 0.5146371, 0.51563895, 0.51702976, 0.5150663, 0.5155377, 0.5157457, 0.51511264, 0.5176977, 0.51679957, 0.51713544, 0.5166168, 0.5156747, 0.5160422, 0.5169613, 0.51871884, 0.5135459, 0.513225, 0.5175627, 0.5149856, 0.5142839, 0.5139417, 0.51681226, 0.51534075, 0.5159189, 0.5172112, 0.5154461, 0.51562613, 0.5156076, 0.51586944, 0.5169202, 0.5179386, 0.51518, 0.51417994, 0.51489747, 0.51575345]
[0.5008722, 0.5012582, 0.50124794, 0.50283265, 0.50111157, 0.5012077, 0.5049684, 0.5015959, 0.50136137, 0.50405407, 0.5025521, 0.5010341, 0.5027017, 0.504497, 0.50053257, 0.50225466, 0.5056626, 0.50097805, 0.5028767, 0.5058123, 0.5059469, 0.5030058, 0.5023331, 0.50167996, 0.5006338, 0.50137746, 0.50043404, 0.50164163, 0.50125444, 0.50546396, 0.5043681, 0.50162715, 0.5010345, 0.50136596, 0.5051375, 0.50488496, 0.50308144, 0.5020016, 0.50392807, 0.50142586, 0.5042362, 0.5007164, 0.50353336, 0.50167924, 0.50306726, 0.5043149, 0.5047052, 0.50114065, 0.5012895, 0.50133073, 0.50108266, 0.50027215, 0.50034297, 0.5035046, 0.50310946, 0.500415, 0.50277203, 0.5008187, 0.50035733, 0.50064623, 0.5008241, 0.50363696, 0.50530213, 0.50008124, 0.50479263, 0.50043714, 0.502218, 0.5046835, 0.50327927, 0.50010526, 0.50778425, 0.50395423, 0.50364697, 0.5055141, 0.50460225, 0.5041452, 0.5043075, 0.5042747, 0.5002082, 0.50021696, 0.5006358, 0.5030815, 0.50048643, 0.5022084, 0.5006641, 0.5063599, 0.5049191, 0.50523984, 0.50284284, 0.502664, 0.50025874, 0.5047157, 0.506289, 0.50298303, 0.5008387, 0.50128734, 0.50183207, 0.50294614, 0.50416213, 0.50296175, 0.502644, 0.5060911, 0.50175035, 0.50301594, 0.5054412, 0.5057577, 0.5048749, 0.5009305, 0.5013664, 0.5005371, 0.50633174, 0.50540435, 0.5006267, 0.5006029, 0.50037867, 0.50173604, 0.5020716, 0.5017206, 0.5011827, 0.5011378, 0.5012785, 0.5008945, 0.5013534, 0.50275415, 0.50125265, 0.50175077, 0.50317585, 0.5069504, 0.5074732, 0.5015378, 0.5058917, 0.50241935, 0.5003861, 0.5004328, 0.5045873, 0.5113399, 0.5104937, 0.5114453, 0.5096661, 0.50889724, 0.5094882, 0.5111024, 0.5111955, 0.5112196, 0.51135033, 0.51070267, 0.5099742, 0.51088977, 0.5096286, 0.50933915, 0.50928706, 0.51097625, 0.51085985, 0.51078975, 0.51067877, 0.5118253, 0.5107372, 0.5108985, 0.511103, 0.51043415, 0.5109643, 0.5114668, 0.51092714, 0.50889826, 0.51138425, 0.51040584, 0.5099583, 0.511389, 0.5099914, 0.51042527, 0.5107861, 0.5099244, 0.51148766, 0.51018924, 0.5124328, 0.5098365, 0.51044637, 0.5102685, 0.51215214, 0.5116054, 0.5093032, 0.5102456, 0.51052725, 0.51057404, 0.5079762, 0.5108428, 0.5100413, 0.51023406, 0.51040435, 0.5107999, 0.51099324, 0.5115088, 0.5088579, 0.5109015, 0.51027304, 0.5107673, 0.51233953, 0.5105731, 0.51012903, 0.5110511, 0.50990844, 0.51059204, 0.51015395, 0.51094526, 0.51327276, 0.51053745, 0.5097207, 0.51052773, 0.51152974, 0.50940627, 0.50980157, 0.51204544, 0.5117717, 0.5106694, 0.51112324, 0.5105493, 0.5104231, 0.50946474, 0.51005286, 0.51066124, 0.50915176, 0.5114261, 0.5097448, 0.5095065, 0.511792, 0.51186526, 0.5108048, 0.51132464, 0.5098555, 0.5118522, 0.5100643, 0.5122878, 0.5104771, 0.5111897, 0.511297, 0.5101947, 0.50998944, 0.5110547, 0.51082957, 0.51154095, 0.5105726, 0.5097845, 0.51102364, 0.510794, 0.5105865, 0.510784, 0.5100124, 0.510734, 0.51131696, 0.5103146, 0.5123606, 0.5120218, 0.51183295, 0.51195693, 0.51104176, 0.5113341, 0.51184446, 0.51339805, 0.5099013, 0.5092183, 0.51233363, 0.5105386, 0.5097904, 0.5096847, 0.5118027, 0.50975215, 0.5102789, 0.511747, 0.51065356, 0.51048005, 0.5103837, 0.51012105, 0.51189727, 0.51256686, 0.511516, 0.5095568, 0.5109749, 0.51003677]
[0.5026965, 0.5017464, 0.501575, 0.50046587, 0.502606, 0.5027198, 0.5045972, 0.5040297, 0.5037862, 0.50653875, 0.5048979, 0.50212353, 0.5010217, 0.5050195, 0.50231963, 0.50131685, 0.5071829, 0.50149554, 0.50460106, 0.50758207, 0.5076571, 0.5042762, 0.5017098, 0.50114876, 0.5029962, 0.503583, 0.50210875, 0.50399816, 0.5034731, 0.5067852, 0.5057118, 0.50126535, 0.50329113, 0.50188625, 0.50635886, 0.50599724, 0.5049784, 0.5018111, 0.50352764, 0.5035271, 0.5059099, 0.5017106, 0.5039911, 0.50217575, 0.50540096, 0.5064942, 0.5068343, 0.5041673, 0.5010249, 0.5008228, 0.5011988, 0.5019921, 0.50216824, 0.50510347, 0.5053653, 0.5025754, 0.5048474, 0.50313216, 0.5031738, 0.5036935, 0.5026978, 0.5023355, 0.5059877, 0.5025783, 0.50477785, 0.50228775, 0.5012882, 0.50625044, 0.5051971, 0.50198257, 0.5093365, 0.50274056, 0.5011108, 0.5061844, 0.5027325, 0.5033859, 0.5038859, 0.50338644, 0.50222623, 0.5024388, 0.50210595, 0.5015068, 0.50228405, 0.5045714, 0.5030444, 0.5083469, 0.5062176, 0.5068766, 0.5020845, 0.50109476, 0.50234264, 0.5068155, 0.5081141, 0.500893, 0.5011846, 0.50164175, 0.501127, 0.5044744, 0.50548315, 0.5013455, 0.5006352, 0.5072523, 0.5038421, 0.5047266, 0.50743014, 0.50689113, 0.5047497, 0.50176275, 0.5030891, 0.50197816, 0.50820637, 0.5065122, 0.50256985, 0.5038248, 0.5028364, 0.50132436, 0.501762, 0.50070006, 0.5018481, 0.5011701, 0.50154537, 0.5039595, 0.50269246, 0.50117517, 0.50350595, 0.5008899, 0.5021273, 0.50792545, 0.50906, 0.5038367, 0.5067662, 0.50151676, 0.5017899, 0.5007522, 0.5076681, 0.5137732, 0.5122289, 0.51326644, 0.51120186, 0.51093274, 0.5114732, 0.5137562, 0.5136457, 0.5132791, 0.51419836, 0.51302874, 0.51237166, 0.5128031, 0.5113917, 0.511507, 0.5120944, 0.51350576, 0.51255006, 0.51320565, 0.51339066, 0.51433724, 0.5131861, 0.51323116, 0.51356035, 0.51244664, 0.51329803, 0.51391935, 0.5129968, 0.51157814, 0.51362795, 0.5121089, 0.51132417, 0.51425886, 0.51201797, 0.51269084, 0.51320493, 0.51284397, 0.51385784, 0.51253605, 0.5148686, 0.5123688, 0.5122146, 0.51234996, 0.514623, 0.5141793, 0.5119878, 0.5129024, 0.5132714, 0.5133241, 0.5096598, 0.5135907, 0.51192665, 0.51214737, 0.5126226, 0.5128091, 0.5140125, 0.51381004, 0.511724, 0.51332456, 0.5124182, 0.5130705, 0.51475143, 0.5132903, 0.5128214, 0.5129966, 0.5126306, 0.5134903, 0.51262033, 0.5138514, 0.51596683, 0.5124166, 0.5117509, 0.51307446, 0.51415193, 0.5118048, 0.512111, 0.5141642, 0.5140207, 0.5124186, 0.51354605, 0.51306206, 0.513097, 0.51135445, 0.512458, 0.5132337, 0.5108168, 0.5139951, 0.5121885, 0.51159936, 0.5138011, 0.5144643, 0.51301104, 0.5134364, 0.51267016, 0.5143998, 0.51242715, 0.51500505, 0.512436, 0.5130167, 0.51348233, 0.51190335, 0.512151, 0.51352286, 0.5129374, 0.5138762, 0.5136302, 0.5127812, 0.51354, 0.513146, 0.51305586, 0.5140052, 0.5126955, 0.51316863, 0.5138621, 0.5127677, 0.5149498, 0.5142612, 0.5145407, 0.5143067, 0.5131986, 0.51322657, 0.5146482, 0.516319, 0.51149565, 0.5111646, 0.51482165, 0.51281565, 0.51174194, 0.51142955, 0.5144574, 0.5126838, 0.5131811, 0.51459056, 0.5129557, 0.5130743, 0.5131449, 0.51288104, 0.5146449, 0.5154276, 0.51364076, 0.51149887, 0.513083, 0.51265615]
[0.50063175, 0.50108844, 0.5021055, 0.502753, 0.5011683, 0.50116503, 0.5056906, 0.5028006, 0.5029046, 0.5053587, 0.5036346, 0.50056255, 0.50307524, 0.50716645, 0.50076365, 0.5018152, 0.5083305, 0.5013762, 0.5036772, 0.5085786, 0.5084477, 0.5026088, 0.50514823, 0.502659, 0.5017353, 0.50245816, 0.5007964, 0.50254214, 0.5019493, 0.50554675, 0.50772375, 0.5019005, 0.5017541, 0.5014787, 0.50688374, 0.5072008, 0.50349873, 0.5048887, 0.5049852, 0.50222427, 0.50487244, 0.500557, 0.5049188, 0.5014012, 0.5044484, 0.5056416, 0.5059447, 0.5034435, 0.50199187, 0.5029403, 0.50182354, 0.50068265, 0.50072557, 0.5043414, 0.5044335, 0.5012401, 0.5038475, 0.50173944, 0.5012839, 0.50245124, 0.5020493, 0.50540066, 0.50708836, 0.5005619, 0.5049677, 0.50052553, 0.5030338, 0.50426644, 0.5044861, 0.500887, 0.51062465, 0.50510526, 0.5045701, 0.5074701, 0.5048438, 0.5041293, 0.5052217, 0.5066715, 0.50067085, 0.50078493, 0.50093997, 0.5042325, 0.50134915, 0.50325274, 0.5013569, 0.50917804, 0.50803596, 0.5083292, 0.5035034, 0.5022642, 0.50060827, 0.50797963, 0.50922763, 0.50365126, 0.5020329, 0.50185734, 0.5020933, 0.50313026, 0.504344, 0.5034453, 0.5018092, 0.50866026, 0.5020677, 0.5030543, 0.508607, 0.50832206, 0.5068971, 0.5020442, 0.5013979, 0.50111264, 0.5095362, 0.50788933, 0.5010551, 0.5025086, 0.5013216, 0.50187486, 0.50351185, 0.50277627, 0.5009744, 0.501517, 0.50126296, 0.502491, 0.50107384, 0.50255466, 0.502056, 0.50151163, 0.50412536, 0.5094935, 0.510855, 0.5022337, 0.5083286, 0.5055665, 0.5028093, 0.50219524, 0.5087406, 0.5152831, 0.5139025, 0.5153396, 0.5131158, 0.51283216, 0.5129113, 0.515266, 0.5155298, 0.51504135, 0.5155433, 0.51470417, 0.51387817, 0.51434916, 0.51324654, 0.51319855, 0.5141598, 0.515359, 0.5142331, 0.5148351, 0.5155329, 0.5158388, 0.5151562, 0.515246, 0.51526994, 0.5142586, 0.5152143, 0.5155675, 0.5150167, 0.5130537, 0.51541215, 0.5138353, 0.51254034, 0.51549447, 0.5131979, 0.5147094, 0.51515454, 0.51446384, 0.515355, 0.5141873, 0.51652575, 0.51398563, 0.51364136, 0.51373, 0.51641196, 0.5159462, 0.5137348, 0.51474494, 0.51500857, 0.51505893, 0.5112179, 0.5150046, 0.513979, 0.5135738, 0.51462597, 0.51485854, 0.51562953, 0.5155707, 0.5130859, 0.5150591, 0.5143571, 0.5148248, 0.51699877, 0.51501656, 0.5147175, 0.5148658, 0.5141651, 0.51535755, 0.51407635, 0.51600814, 0.51780766, 0.51448274, 0.5136685, 0.51444495, 0.51610994, 0.5134422, 0.51368964, 0.51614606, 0.51590806, 0.51384515, 0.5152496, 0.5153245, 0.51512027, 0.51290786, 0.51457787, 0.5152871, 0.5118846, 0.5158227, 0.5134955, 0.51301444, 0.51573575, 0.51631206, 0.51438373, 0.51476806, 0.51429904, 0.5163659, 0.5139778, 0.51667124, 0.5140994, 0.51495856, 0.5148976, 0.5133884, 0.5139353, 0.5157174, 0.51462007, 0.515983, 0.5152944, 0.51449585, 0.51548296, 0.5147826, 0.51490796, 0.51587814, 0.51422983, 0.51521116, 0.5152917, 0.5144322, 0.5169806, 0.5161769, 0.516656, 0.5160248, 0.51518035, 0.5154741, 0.5162944, 0.5183037, 0.5131644, 0.5122038, 0.5170241, 0.51444006, 0.51386553, 0.51356614, 0.51620805, 0.5142835, 0.5149328, 0.5164326, 0.51476264, 0.5150258, 0.51489365, 0.51493204, 0.5161507, 0.517276, 0.5151964, 0.5137771, 0.5148792, 0.514403]
[0.5007774, 0.5013121, 0.5024459, 0.50176215, 0.5006698, 0.50084484, 0.5047893, 0.5019938, 0.50139, 0.5042094, 0.5027923, 0.5008469, 0.50352085, 0.5057905, 0.50141984, 0.5011901, 0.5065197, 0.5013924, 0.5024714, 0.50714386, 0.507071, 0.50174344, 0.5041086, 0.50332326, 0.5011233, 0.5005539, 0.501048, 0.5013655, 0.5011629, 0.50447774, 0.5052643, 0.501953, 0.5003051, 0.5018354, 0.50616604, 0.50619495, 0.50253075, 0.50334203, 0.5044386, 0.50063795, 0.50416, 0.50157523, 0.50448537, 0.5011567, 0.5032352, 0.5043072, 0.50468343, 0.5014424, 0.50245845, 0.5022396, 0.5019957, 0.5006446, 0.50046635, 0.50347054, 0.50339943, 0.50078464, 0.50254023, 0.50037897, 0.500825, 0.50198126, 0.5008001, 0.5036253, 0.50528044, 0.50122416, 0.5042823, 0.50102603, 0.50237083, 0.5027666, 0.5027944, 0.50201094, 0.5083002, 0.5044558, 0.50348425, 0.5058695, 0.5040456, 0.50466144, 0.5046748, 0.5054659, 0.5004668, 0.50054425, 0.50117725, 0.5027853, 0.50043243, 0.5014534, 0.5004561, 0.5078248, 0.5061648, 0.50643647, 0.502728, 0.5021157, 0.50126815, 0.5067539, 0.5075742, 0.5034764, 0.50347537, 0.5029398, 0.5015564, 0.5018307, 0.50286007, 0.5029519, 0.5021636, 0.5071631, 0.5015255, 0.5020947, 0.5072929, 0.50643116, 0.50566876, 0.50282425, 0.50048554, 0.5014188, 0.5078263, 0.50640893, 0.5003107, 0.5017408, 0.5003286, 0.5016992, 0.5032007, 0.5023862, 0.5016342, 0.5018826, 0.50174105, 0.5012247, 0.50039685, 0.5025058, 0.50118905, 0.5021489, 0.5039913, 0.5075764, 0.50831693, 0.5007585, 0.5073879, 0.5043152, 0.5027855, 0.5041864, 0.50777626, 0.51229674, 0.5112753, 0.51207036, 0.51020324, 0.50986344, 0.5106112, 0.51254934, 0.5122454, 0.5124476, 0.5127374, 0.51190543, 0.5113259, 0.5120079, 0.5106133, 0.5108694, 0.5109381, 0.5123182, 0.5109551, 0.5117743, 0.512347, 0.51269203, 0.5119128, 0.512337, 0.5124756, 0.5113315, 0.5122411, 0.5126864, 0.51172614, 0.5108432, 0.51265216, 0.51110333, 0.51027125, 0.5124246, 0.51025236, 0.5116567, 0.51209396, 0.51170224, 0.5126589, 0.51173455, 0.5135106, 0.51091784, 0.51051456, 0.51048285, 0.5134834, 0.512302, 0.51112336, 0.51185286, 0.51212865, 0.5120469, 0.50901914, 0.5124134, 0.5111596, 0.5108905, 0.5117577, 0.5118933, 0.51256144, 0.5124455, 0.5109553, 0.5125075, 0.5112541, 0.51211417, 0.51372486, 0.5124188, 0.5121538, 0.51202506, 0.51189417, 0.51233745, 0.51133657, 0.51197314, 0.514463, 0.5113212, 0.5105871, 0.5115284, 0.512759, 0.5109933, 0.5112243, 0.5130365, 0.51254624, 0.51115865, 0.5123464, 0.51206744, 0.5121671, 0.5104654, 0.5115534, 0.51223385, 0.5098604, 0.5125742, 0.5106353, 0.5107866, 0.5123119, 0.5132117, 0.5116367, 0.5119906, 0.51142097, 0.5130516, 0.5110012, 0.5135145, 0.51117766, 0.5118908, 0.5119191, 0.5107116, 0.5109027, 0.5125118, 0.5116211, 0.5127486, 0.51269025, 0.51202536, 0.5124514, 0.51171154, 0.5120095, 0.5126271, 0.51179993, 0.51232606, 0.512488, 0.51169616, 0.51355964, 0.51263034, 0.51303065, 0.51300365, 0.5121589, 0.511927, 0.51307285, 0.5147197, 0.5102341, 0.50960827, 0.5137537, 0.51150185, 0.5107117, 0.5105398, 0.5130964, 0.5118739, 0.5120898, 0.5134289, 0.51184535, 0.51167244, 0.5121042, 0.5115822, 0.51307935, 0.5140812, 0.51221085, 0.51056844, 0.5115989, 0.5118706]
[0.5016775, 0.5029561, 0.50411755, 0.50562793, 0.50195855, 0.5001691, 0.509822, 0.4989109, 0.4996017, 0.500381, 0.49956033, 0.5034711, 0.50679827, 0.5098891, 0.5024085, 0.50280845, 0.5113956, 0.50349146, 0.49922657, 0.51196533, 0.51161945, 0.4988791, 0.5078267, 0.507615, 0.50157565, 0.49909922, 0.5047452, 0.49883863, 0.4987901, 0.5009084, 0.5112228, 0.50411236, 0.5007703, 0.5031939, 0.50988257, 0.5101191, 0.49985662, 0.5079624, 0.5097034, 0.49878547, 0.5001166, 0.50314766, 0.50849766, 0.5037077, 0.49972418, 0.5005701, 0.50076944, 0.49917662, 0.5043332, 0.5040736, 0.5040152, 0.5018562, 0.5018205, 0.49989447, 0.5001536, 0.5006886, 0.49932346, 0.50052994, 0.50010896, 0.49909696, 0.4989763, 0.5091362, 0.5099773, 0.50190145, 0.5081829, 0.50061995, 0.5042916, 0.49988064, 0.499854, 0.5045488, 0.5133971, 0.5072549, 0.508321, 0.5104535, 0.5072842, 0.50893754, 0.5094181, 0.50941753, 0.5024395, 0.50148183, 0.5032259, 0.50774103, 0.502116, 0.49897447, 0.5016379, 0.512718, 0.5112038, 0.5115354, 0.5068652, 0.50488496, 0.5032082, 0.5111286, 0.5126583, 0.506199, 0.5054067, 0.50612324, 0.5032282, 0.4993023, 0.50000614, 0.50779283, 0.5057382, 0.5116854, 0.49934366, 0.49917772, 0.512269, 0.5110471, 0.51017433, 0.50325227, 0.5000467, 0.5020106, 0.5126928, 0.51079047, 0.50181794, 0.49865928, 0.5016047, 0.50451404, 0.50725514, 0.5063597, 0.50388294, 0.50459903, 0.5044802, 0.4987397, 0.5008267, 0.5070344, 0.50019294, 0.503618, 0.5074283, 0.5127087, 0.51350206, 0.4991801, 0.5114312, 0.50970036, 0.5074576, 0.50755596, 0.51247305, 0.51895565, 0.5173371, 0.52015495, 0.5170101, 0.5165298, 0.51596636, 0.5190973, 0.5192528, 0.5192883, 0.5191676, 0.5181668, 0.51763654, 0.5188954, 0.5171502, 0.51666516, 0.51817167, 0.51951987, 0.51752746, 0.5185939, 0.5193579, 0.5202472, 0.5186563, 0.51895326, 0.51924527, 0.51809937, 0.5192292, 0.5200293, 0.51878357, 0.51731014, 0.51964843, 0.51774955, 0.5163079, 0.5190528, 0.515727, 0.5181525, 0.5189662, 0.5179225, 0.51966655, 0.51823384, 0.52068484, 0.51776665, 0.5167984, 0.516633, 0.52155095, 0.5195439, 0.5176124, 0.5183179, 0.5185997, 0.5186285, 0.51502186, 0.5190753, 0.5186857, 0.517241, 0.51889414, 0.5184536, 0.5197928, 0.51957273, 0.51647097, 0.5192548, 0.51849204, 0.5189172, 0.52121407, 0.519034, 0.51866376, 0.5194208, 0.51839936, 0.51923156, 0.5179995, 0.51897365, 0.5222286, 0.5185748, 0.5173582, 0.5171763, 0.5202507, 0.5170773, 0.5174131, 0.5208678, 0.51959205, 0.51719105, 0.5189776, 0.5190945, 0.51939994, 0.51607895, 0.51815134, 0.519341, 0.51513124, 0.51965904, 0.5176355, 0.5173449, 0.51925606, 0.52060604, 0.5182901, 0.5186509, 0.51840854, 0.5206726, 0.5169767, 0.5212976, 0.5172546, 0.51918596, 0.5191903, 0.5168625, 0.51711243, 0.5199715, 0.51807857, 0.51991, 0.51922035, 0.51838356, 0.51936924, 0.51793844, 0.51794946, 0.52091414, 0.5183846, 0.51906085, 0.51901776, 0.5180668, 0.5208507, 0.51960033, 0.52084446, 0.5200564, 0.5190119, 0.5196624, 0.520052, 0.5226455, 0.51644987, 0.51561785, 0.5212237, 0.5180923, 0.5172736, 0.5166058, 0.5201202, 0.5186258, 0.5193663, 0.52089185, 0.5188626, 0.5186883, 0.5190299, 0.5185918, 0.52031887, 0.52201205, 0.5187426, 0.51747835, 0.51783615, 0.5186083]
[0.501172, 0.5008839, 0.50045466, 0.50056076, 0.5014268, 0.50142235, 0.5017401, 0.50225914, 0.5022641, 0.5036866, 0.50275403, 0.50100535, 0.5008945, 0.5062459, 0.50107956, 0.50085986, 0.508669, 0.5007691, 0.50278044, 0.50954324, 0.5099907, 0.5023286, 0.50055856, 0.49996817, 0.5018168, 0.5020852, 0.50070685, 0.502304, 0.5015992, 0.5037864, 0.50653064, 0.50030345, 0.5013488, 0.5003614, 0.5061917, 0.5069762, 0.5029629, 0.50202924, 0.5020239, 0.5018539, 0.5035668, 0.500611, 0.5035612, 0.50090796, 0.50345653, 0.50419325, 0.50451314, 0.50273365, 0.50025165, 0.5002998, 0.5004755, 0.50123525, 0.5013564, 0.50330174, 0.50347227, 0.5014777, 0.5027767, 0.5017495, 0.501632, 0.50203836, 0.5016188, 0.50085807, 0.5050927, 0.50107056, 0.5030292, 0.50125587, 0.49995196, 0.50316346, 0.50325423, 0.50094485, 0.5117144, 0.501957, 0.5012893, 0.50578713, 0.50188184, 0.5022243, 0.50227165, 0.5036258, 0.50134975, 0.5012495, 0.5012077, 0.50163674, 0.5009601, 0.50224984, 0.50129175, 0.51039594, 0.50701755, 0.5088151, 0.4997629, 0.5002285, 0.50101864, 0.5077443, 0.50974303, 0.49987212, 0.50029266, 0.5004691, 0.49993968, 0.5022016, 0.5028628, 0.5000056, 0.4998009, 0.5091166, 0.5019752, 0.5025228, 0.51006055, 0.5079446, 0.50518316, 0.500611, 0.5014686, 0.50052243, 0.5102266, 0.50641173, 0.50148815, 0.50241524, 0.5015167, 0.5006847, 0.5004098, 0.50014144, 0.50063235, 0.5005929, 0.5007866, 0.50205964, 0.50165564, 0.49994415, 0.5017911, 0.5003534, 0.5019307, 0.51016974, 0.5116611, 0.5019766, 0.5093207, 0.50237715, 0.5002988, 0.50004977, 0.5097013, 0.51802087, 0.51593405, 0.5174247, 0.5146752, 0.51469207, 0.5148955, 0.51752466, 0.5171774, 0.51765853, 0.5181926, 0.517026, 0.5160397, 0.516725, 0.5150921, 0.5152665, 0.5157575, 0.51797277, 0.51593035, 0.5172037, 0.5176948, 0.51871717, 0.51698184, 0.5174512, 0.5179704, 0.5162882, 0.5176758, 0.518022, 0.51646334, 0.51526815, 0.5180003, 0.5154424, 0.5143261, 0.5177878, 0.5147745, 0.516584, 0.51747555, 0.5166159, 0.51785576, 0.5164659, 0.51958895, 0.5159929, 0.51518565, 0.5152588, 0.5191408, 0.51822394, 0.51586705, 0.5166223, 0.51722354, 0.51719964, 0.51318157, 0.5173552, 0.51614976, 0.51549006, 0.51674354, 0.51687366, 0.5185515, 0.51780623, 0.51562583, 0.5179999, 0.5163369, 0.5165967, 0.51971513, 0.51763064, 0.51739377, 0.5171797, 0.5166312, 0.51756877, 0.5159313, 0.51747924, 0.52097565, 0.51633924, 0.51496315, 0.51627505, 0.51812416, 0.51536703, 0.5160718, 0.5186597, 0.5183458, 0.5165302, 0.51779115, 0.517539, 0.5173237, 0.51451564, 0.51605666, 0.517598, 0.51415306, 0.5183442, 0.5149984, 0.5150596, 0.51731217, 0.5186337, 0.51683754, 0.51717156, 0.5163429, 0.51881695, 0.51571965, 0.51958823, 0.5158637, 0.5172369, 0.517056, 0.51498675, 0.51560074, 0.5178162, 0.5166115, 0.5181291, 0.5177073, 0.5165773, 0.51789695, 0.51661587, 0.5169483, 0.51847184, 0.516632, 0.5174679, 0.5176114, 0.51680535, 0.51957977, 0.5184614, 0.5191085, 0.5184853, 0.5173245, 0.51750404, 0.5183792, 0.5209599, 0.51429325, 0.5140405, 0.5194421, 0.51625043, 0.5153362, 0.5152, 0.5185682, 0.51698864, 0.51730883, 0.51921636, 0.51735836, 0.5168164, 0.5172477, 0.51693994, 0.51882094, 0.520242, 0.5172153, 0.5151566, 0.51641923, 0.5165178]
[0.5018169, 0.5019592, 0.5025258, 0.5029344, 0.5018785, 0.5014654, 0.5037957, 0.50561917, 0.5052835, 0.5095215, 0.50653917, 0.5018286, 0.5028919, 0.50406784, 0.5019494, 0.50255567, 0.50404763, 0.5021612, 0.5077821, 0.5046584, 0.50453156, 0.50527936, 0.50309145, 0.503071, 0.50408816, 0.50506866, 0.5019872, 0.50444216, 0.50447935, 0.5100583, 0.50413424, 0.5021781, 0.50323504, 0.5020713, 0.5036646, 0.50383896, 0.5071523, 0.5031763, 0.503273, 0.5046859, 0.5093101, 0.5019404, 0.5032783, 0.5018498, 0.50738305, 0.5093805, 0.5103111, 0.5054271, 0.50225586, 0.5021811, 0.50211775, 0.5016798, 0.5017163, 0.50842375, 0.50842124, 0.5035626, 0.50656277, 0.5031543, 0.5032108, 0.50525856, 0.5037711, 0.50271434, 0.5037229, 0.50186217, 0.50335205, 0.50218904, 0.5028083, 0.50925165, 0.5087443, 0.50176674, 0.5047185, 0.5032981, 0.50348836, 0.5038562, 0.50306743, 0.5034242, 0.50347966, 0.5036905, 0.5017014, 0.5020962, 0.50188196, 0.50230575, 0.5018443, 0.5057336, 0.5031941, 0.50454944, 0.504223, 0.5043066, 0.502906, 0.5025007, 0.50183773, 0.5040763, 0.50470644, 0.50301105, 0.5022338, 0.50243837, 0.50189173, 0.5068304, 0.50815076, 0.50281763, 0.5023681, 0.50427896, 0.5041215, 0.5058305, 0.50427365, 0.5039329, 0.5035703, 0.50212806, 0.50378084, 0.5019322, 0.50459373, 0.50405914, 0.50166667, 0.5046053, 0.50175077, 0.50266916, 0.5030626, 0.5025944, 0.50197244, 0.50208104, 0.50212306, 0.5051303, 0.5019498, 0.5026649, 0.5037524, 0.5021664, 0.50311446, 0.50450814, 0.504917, 0.504738, 0.50425285, 0.503071, 0.5024439, 0.5022394, 0.50443393, 0.50646317, 0.50578, 0.50653446, 0.5057422, 0.5055492, 0.5058308, 0.5066272, 0.5064667, 0.50640196, 0.5064734, 0.50613725, 0.50591695, 0.50615656, 0.5057932, 0.50590426, 0.50603604, 0.50662464, 0.50598496, 0.50643903, 0.50639063, 0.5067486, 0.5062702, 0.50629276, 0.50652176, 0.50596386, 0.50643146, 0.5066185, 0.50634235, 0.5058191, 0.5064751, 0.50581986, 0.5053239, 0.5061812, 0.5054728, 0.5060623, 0.50634706, 0.505954, 0.5063393, 0.5060656, 0.5069485, 0.506025, 0.5056625, 0.50569105, 0.50683075, 0.5067122, 0.5061075, 0.5062455, 0.50629795, 0.50649625, 0.50488013, 0.5064362, 0.5060739, 0.5058188, 0.5061758, 0.5062263, 0.5065589, 0.5064427, 0.50576574, 0.50636196, 0.506353, 0.5061553, 0.50696206, 0.5062803, 0.5061423, 0.50637126, 0.5062436, 0.5065184, 0.50593185, 0.506379, 0.5072591, 0.50625604, 0.5058991, 0.5061492, 0.5064783, 0.5058111, 0.50571746, 0.50670415, 0.5065176, 0.50609463, 0.50632906, 0.5063592, 0.5063977, 0.5055971, 0.5060577, 0.5064995, 0.5053587, 0.5066218, 0.50575835, 0.50563616, 0.5065453, 0.50686955, 0.50614196, 0.50622153, 0.5059855, 0.5067936, 0.5060403, 0.5069028, 0.50585604, 0.50634485, 0.5063715, 0.5057498, 0.50600153, 0.50638086, 0.50609076, 0.506681, 0.50639355, 0.50601363, 0.5065529, 0.5062299, 0.50638026, 0.5067763, 0.50604373, 0.506461, 0.5064463, 0.5062823, 0.50704277, 0.50673354, 0.5068167, 0.50687355, 0.506308, 0.5064621, 0.5065635, 0.50720733, 0.50581753, 0.50545216, 0.5068683, 0.5058809, 0.50589275, 0.5057248, 0.5067469, 0.50622326, 0.506292, 0.5067638, 0.50607574, 0.5061355, 0.5063186, 0.5061167, 0.5067612, 0.50701916, 0.50622827, 0.50597703, 0.5062228, 0.5062694]
[0.49962318, 0.500375, 0.50218076, 0.5015977, 0.50055873, 0.4998599, 0.5063053, 0.50032973, 0.5003559, 0.50402397, 0.5024497, 0.49970573, 0.503401, 0.5066345, 0.49974298, 0.5012701, 0.50804424, 0.5009572, 0.502178, 0.5084892, 0.5079677, 0.50185895, 0.50162107, 0.50038445, 0.50137687, 0.5011653, 0.49938872, 0.50107276, 0.50130016, 0.50467885, 0.50676703, 0.5006201, 0.5001408, 0.5005921, 0.5067521, 0.50617373, 0.502637, 0.5032997, 0.505179, 0.5013106, 0.50419855, 0.5004765, 0.5041007, 0.49945235, 0.50290173, 0.50432163, 0.50466025, 0.5014556, 0.49988255, 0.50095177, 0.49977705, 0.4996088, 0.499974, 0.50328904, 0.5029262, 0.5005005, 0.50315666, 0.5004957, 0.49989298, 0.50074345, 0.4996296, 0.50555813, 0.5076334, 0.49982327, 0.5047849, 0.49986985, 0.5032642, 0.50372434, 0.5036054, 0.49975115, 0.5105255, 0.50483274, 0.506403, 0.5063871, 0.5046537, 0.5046606, 0.5045741, 0.5060681, 0.50040716, 0.50028604, 0.5007404, 0.5016029, 0.500865, 0.5022377, 0.5006703, 0.5091683, 0.50785077, 0.5086619, 0.502103, 0.50162417, 0.4998415, 0.507739, 0.508841, 0.5028099, 0.5003085, 0.50085944, 0.50045866, 0.5021942, 0.50292885, 0.5038959, 0.5021598, 0.50822425, 0.5011834, 0.5025729, 0.5081874, 0.5074093, 0.5064838, 0.49997115, 0.50018924, 0.50124085, 0.50926316, 0.5078145, 0.5006634, 0.49971822, 0.5011491, 0.5050322, 0.50228083, 0.5011439, 0.50014096, 0.50117904, 0.5016793, 0.50083673, 0.49963525, 0.50159955, 0.5017005, 0.5021422, 0.5049365, 0.5096955, 0.5114106, 0.5013199, 0.5086261, 0.5049941, 0.50240105, 0.50129926, 0.50853276, 0.5156841, 0.5136357, 0.51588356, 0.5131183, 0.5128515, 0.5134655, 0.51597583, 0.51560616, 0.5155651, 0.5156168, 0.51494706, 0.513858, 0.5148372, 0.5129607, 0.51284343, 0.5133394, 0.51631796, 0.5143741, 0.514806, 0.515232, 0.51577383, 0.5151947, 0.51441145, 0.51540846, 0.51366794, 0.51535684, 0.5160896, 0.514934, 0.51331025, 0.5157904, 0.5138077, 0.5128119, 0.5153233, 0.51329005, 0.51490384, 0.51542014, 0.51392174, 0.51585865, 0.5141077, 0.5172246, 0.51364106, 0.51334196, 0.5135119, 0.51633394, 0.5157792, 0.51410997, 0.51493007, 0.51498634, 0.51539177, 0.5107476, 0.5157291, 0.51420945, 0.5140414, 0.5144741, 0.51481736, 0.5152641, 0.5155134, 0.51352215, 0.5147479, 0.5145799, 0.5150621, 0.51700884, 0.5144843, 0.5141104, 0.5153887, 0.5143282, 0.51510966, 0.51449674, 0.515912, 0.5182626, 0.5147963, 0.5133336, 0.51489556, 0.51581544, 0.5134971, 0.5134345, 0.51645124, 0.51617974, 0.51366293, 0.5155853, 0.51507014, 0.51522774, 0.51277643, 0.51374686, 0.51485276, 0.5124189, 0.51613057, 0.513065, 0.5130175, 0.5160858, 0.5161531, 0.5144484, 0.5149397, 0.51334447, 0.51621664, 0.5144844, 0.51674455, 0.5141545, 0.5148994, 0.5153476, 0.5133269, 0.5139986, 0.51579183, 0.5148144, 0.51613855, 0.5146798, 0.5137209, 0.5158875, 0.5146389, 0.51500034, 0.51635367, 0.51409566, 0.5153487, 0.5157, 0.5149736, 0.5171004, 0.5162497, 0.51662415, 0.5161901, 0.5150668, 0.5153367, 0.5163551, 0.51828146, 0.5130956, 0.51334685, 0.51692015, 0.5142164, 0.5137956, 0.5136913, 0.51640975, 0.51466674, 0.5148029, 0.5165018, 0.51473886, 0.5144278, 0.5146243, 0.5141626, 0.51642257, 0.51688147, 0.5147369, 0.51403356, 0.51491874, 0.5144481]
[0.5000771, 0.5007994, 0.50344914, 0.5025421, 0.5004023, 0.49982655, 0.506061, 0.500317, 0.49994785, 0.50304073, 0.5019945, 0.5006607, 0.50398016, 0.50662, 0.5017246, 0.5018118, 0.50761324, 0.50246406, 0.50085515, 0.507939, 0.50787324, 0.50053865, 0.50546783, 0.50469357, 0.5003718, 0.500132, 0.501637, 0.4997193, 0.50019866, 0.5031491, 0.5070554, 0.50107425, 0.49974835, 0.5017703, 0.5062623, 0.5067334, 0.5014868, 0.5053334, 0.5051842, 0.49997753, 0.50236493, 0.50117683, 0.5050822, 0.50233215, 0.5012436, 0.50243187, 0.5024481, 0.49961126, 0.5030101, 0.5019839, 0.5016824, 0.5001856, 0.50014865, 0.50248253, 0.5023349, 0.49970907, 0.5015599, 0.5000914, 0.4996318, 0.50030696, 0.500257, 0.5035976, 0.5057508, 0.50150234, 0.5043807, 0.50146943, 0.5037588, 0.5019174, 0.5019796, 0.5009602, 0.50811166, 0.50539285, 0.5042754, 0.50656706, 0.5047217, 0.50533813, 0.50592893, 0.506543, 0.50043845, 0.50006825, 0.5015771, 0.50300765, 0.4997168, 0.5011896, 0.49966288, 0.50767976, 0.50725204, 0.5071297, 0.5039429, 0.50273484, 0.502091, 0.5071944, 0.50798726, 0.50401, 0.5032986, 0.50439334, 0.5005718, 0.5017474, 0.50190514, 0.5028259, 0.50114274, 0.50741684, 0.5002496, 0.5009036, 0.507309, 0.50699735, 0.50630605, 0.503097, 0.49979708, 0.50066453, 0.5081561, 0.5070474, 0.50165516, 0.4996223, 0.501769, 0.50298876, 0.5047468, 0.5035907, 0.5018288, 0.50168335, 0.5010288, 0.50069207, 0.500077, 0.5027949, 0.5000024, 0.50084853, 0.50410724, 0.5073973, 0.5084569, 0.4998191, 0.5076011, 0.5057578, 0.50444, 0.50535154, 0.5080576, 0.5124127, 0.51061064, 0.5122317, 0.5097328, 0.5099475, 0.5103052, 0.51286674, 0.51242197, 0.5125464, 0.51261294, 0.5117794, 0.5108555, 0.5117242, 0.51027596, 0.51098156, 0.5110287, 0.5123503, 0.51111704, 0.51142514, 0.51187164, 0.5127546, 0.51188743, 0.51239306, 0.51293236, 0.51135623, 0.5124579, 0.5129312, 0.5122763, 0.5108852, 0.5124341, 0.51073956, 0.5095662, 0.511742, 0.5098601, 0.51141745, 0.51220703, 0.5117866, 0.5127113, 0.511788, 0.51325715, 0.5117613, 0.5100942, 0.509867, 0.51380354, 0.51328015, 0.5113918, 0.5119946, 0.5119627, 0.5121137, 0.5082362, 0.51253116, 0.5116776, 0.510946, 0.5112507, 0.51189166, 0.5122121, 0.51229143, 0.5111785, 0.5127929, 0.51123667, 0.51193905, 0.5137756, 0.51241237, 0.5122726, 0.5122964, 0.51208, 0.5127962, 0.5104849, 0.5116578, 0.5143509, 0.5115307, 0.5109057, 0.5116287, 0.5128905, 0.51113564, 0.5108965, 0.51338494, 0.51286966, 0.5114961, 0.51180303, 0.51203567, 0.5124571, 0.51053107, 0.5117605, 0.5123759, 0.50971, 0.51248145, 0.510098, 0.5106013, 0.51235765, 0.5134594, 0.5114619, 0.51169527, 0.5116942, 0.5131809, 0.51093036, 0.513313, 0.5108732, 0.5118758, 0.51145756, 0.51061684, 0.5107881, 0.51255506, 0.51172316, 0.51300156, 0.5126346, 0.5121806, 0.51254725, 0.5113579, 0.512784, 0.512974, 0.51177686, 0.5125352, 0.51240796, 0.511846, 0.51403123, 0.5132161, 0.5133797, 0.51332694, 0.51226926, 0.5120992, 0.512721, 0.5143508, 0.5106076, 0.5093709, 0.5135795, 0.5114037, 0.5108145, 0.5104763, 0.5128726, 0.51197094, 0.51206857, 0.5136456, 0.5112921, 0.51199746, 0.5122597, 0.511932, 0.51296383, 0.5139682, 0.51172036, 0.51087195, 0.5116849, 0.51243854]
[0.50063396, 0.49993718, 0.50017744, 0.5001025, 0.50017536, 0.5007406, 0.50190395, 0.5022157, 0.5018078, 0.50298625, 0.5022635, 0.50036675, 0.49944124, 0.50535417, 0.5003603, 0.49987414, 0.509298, 0.49986884, 0.50230426, 0.5105348, 0.5103155, 0.50159025, 0.5006675, 0.5008463, 0.5011674, 0.501716, 0.5004866, 0.50194865, 0.5012148, 0.50352657, 0.50744444, 0.49958193, 0.5010687, 0.49971953, 0.50719863, 0.5077936, 0.5024297, 0.5001154, 0.50377315, 0.50126314, 0.50272936, 0.4996316, 0.5045525, 0.4998832, 0.5027106, 0.50358516, 0.50393, 0.50224745, 0.49901882, 0.4992262, 0.49953955, 0.50072604, 0.50091016, 0.50284886, 0.50318277, 0.5010204, 0.50218296, 0.50099826, 0.50096565, 0.5018673, 0.50168884, 0.50230277, 0.50706893, 0.5007294, 0.5054312, 0.5004679, 0.49951053, 0.50297475, 0.50307804, 0.5003599, 0.51350605, 0.50326574, 0.50038165, 0.5076447, 0.5033199, 0.502135, 0.50437015, 0.5041283, 0.5005678, 0.5007934, 0.50063777, 0.50290525, 0.49987546, 0.5014162, 0.50042415, 0.5117338, 0.50833595, 0.50940025, 0.49906737, 0.49951708, 0.50038844, 0.5094596, 0.51142275, 0.5007655, 0.5001604, 0.49972335, 0.49928838, 0.5016884, 0.50249964, 0.50136125, 0.49915528, 0.5096574, 0.5013987, 0.5017428, 0.5092555, 0.50959325, 0.5070364, 0.4995971, 0.5003783, 0.49916777, 0.5108325, 0.50731474, 0.5009375, 0.5019243, 0.50120133, 0.5001743, 0.49991038, 0.49993706, 0.49951863, 0.49944672, 0.4996963, 0.5014781, 0.50105405, 0.4993987, 0.50112385, 0.4998621, 0.5008369, 0.5109155, 0.5133983, 0.50150657, 0.51001, 0.5013409, 0.49975824, 0.4995918, 0.50966245, 0.52093583, 0.5189663, 0.5212112, 0.5173619, 0.51575994, 0.51715106, 0.52146214, 0.5209668, 0.5210843, 0.5215542, 0.52029675, 0.5187014, 0.52011746, 0.5168148, 0.5181733, 0.518743, 0.52086776, 0.5197373, 0.52016973, 0.5203861, 0.52204543, 0.5200794, 0.52056545, 0.5214807, 0.52006906, 0.52117467, 0.5218553, 0.5201859, 0.5173581, 0.5214479, 0.5187841, 0.5169287, 0.52153194, 0.51865643, 0.51991326, 0.52047014, 0.5185949, 0.5220562, 0.51979405, 0.52380496, 0.5183913, 0.51815057, 0.51849145, 0.5236286, 0.52167267, 0.5181256, 0.51907384, 0.51990944, 0.5205642, 0.5143189, 0.5208367, 0.51926833, 0.51816285, 0.52035934, 0.5202859, 0.5217411, 0.52125585, 0.5176677, 0.52091664, 0.5197767, 0.5203149, 0.52398777, 0.5202736, 0.51990503, 0.5198468, 0.51911527, 0.52087295, 0.5190965, 0.5213639, 0.5259754, 0.5193122, 0.5173182, 0.51902604, 0.5222749, 0.51801664, 0.5187472, 0.5227721, 0.52157235, 0.51937115, 0.5205156, 0.5211907, 0.52013874, 0.5168792, 0.51978326, 0.52047, 0.51665795, 0.52164924, 0.51781994, 0.5180373, 0.52241766, 0.5225895, 0.51978636, 0.5211232, 0.519568, 0.52302575, 0.51845944, 0.5238422, 0.51890814, 0.5204583, 0.52099454, 0.5189518, 0.51809174, 0.52105004, 0.5196858, 0.5219922, 0.5208956, 0.51964587, 0.5211949, 0.5200723, 0.51968104, 0.5222708, 0.5190571, 0.5204747, 0.5212699, 0.5192565, 0.52390456, 0.5227665, 0.5232, 0.5230529, 0.5205617, 0.5213553, 0.52255064, 0.52601343, 0.5176363, 0.5165078, 0.52353275, 0.51931566, 0.5180726, 0.5176879, 0.52216774, 0.5194066, 0.52040565, 0.5235329, 0.5204308, 0.52005863, 0.5202164, 0.5199588, 0.5228056, 0.5244256, 0.52132267, 0.51784027, 0.5196074, 0.5197047]
[0.50105834, 0.5005972, 0.502073, 0.5021538, 0.50177306, 0.501869, 0.5051617, 0.50178504, 0.50172687, 0.505894, 0.50375116, 0.50067085, 0.50205314, 0.50498784, 0.5013707, 0.50091994, 0.5065038, 0.50129056, 0.5035083, 0.5066122, 0.5063727, 0.50350726, 0.50301677, 0.50115126, 0.50187665, 0.5028512, 0.5014597, 0.5027641, 0.50170743, 0.50593376, 0.50577235, 0.5008724, 0.50246507, 0.5009352, 0.50487393, 0.5052372, 0.5045685, 0.50404453, 0.5038399, 0.5026422, 0.5053446, 0.50062686, 0.50377816, 0.50065833, 0.50527513, 0.506488, 0.5064712, 0.5035584, 0.50170434, 0.5011151, 0.50146824, 0.50046086, 0.5005771, 0.50501287, 0.5051037, 0.50142395, 0.50409347, 0.5006807, 0.50081646, 0.50252473, 0.5011964, 0.5048015, 0.5058626, 0.5007708, 0.5033585, 0.5010118, 0.5019356, 0.50468284, 0.5050767, 0.50067323, 0.5079099, 0.5030394, 0.5055165, 0.5054027, 0.5029538, 0.5034629, 0.5038247, 0.50422287, 0.50071067, 0.50057375, 0.5014153, 0.5025756, 0.5018113, 0.5032759, 0.50183964, 0.5070241, 0.50548494, 0.5061463, 0.50246626, 0.5019415, 0.5013494, 0.5057557, 0.5066575, 0.5022521, 0.5012559, 0.5011476, 0.50140125, 0.50351083, 0.50429505, 0.50275034, 0.5012473, 0.50614184, 0.50260526, 0.5042685, 0.50653553, 0.50576353, 0.50446516, 0.50041777, 0.50170034, 0.5006253, 0.5071135, 0.5064383, 0.5008058, 0.50161207, 0.50061494, 0.5023502, 0.5027184, 0.5018659, 0.50091565, 0.5013698, 0.5010486, 0.50320697, 0.50130105, 0.50201595, 0.5026629, 0.50054216, 0.50290585, 0.5072144, 0.5081511, 0.50303894, 0.5061565, 0.50554734, 0.50387657, 0.50280184, 0.506585, 0.5106617, 0.50976306, 0.51093644, 0.50970125, 0.50960296, 0.50916165, 0.5106625, 0.5107274, 0.51067716, 0.51069695, 0.51035565, 0.5099031, 0.5102718, 0.5091359, 0.5094435, 0.5099611, 0.5109213, 0.5099344, 0.51029533, 0.51062244, 0.5112603, 0.51081616, 0.51049274, 0.51051664, 0.51006335, 0.5107426, 0.5108832, 0.5106632, 0.50957704, 0.51062274, 0.5097631, 0.50915563, 0.51077336, 0.5092114, 0.5102422, 0.5105932, 0.51004887, 0.5108467, 0.5099597, 0.5115723, 0.5099418, 0.5095607, 0.5097775, 0.5111413, 0.51105803, 0.50997263, 0.5101527, 0.5103825, 0.5104289, 0.50865316, 0.51087725, 0.51012856, 0.51001984, 0.51014656, 0.51019275, 0.5108424, 0.5108663, 0.5092945, 0.5104424, 0.5103806, 0.51036733, 0.5116182, 0.5105002, 0.51029116, 0.5104492, 0.509995, 0.5105395, 0.510054, 0.5111277, 0.512232, 0.5103107, 0.5097864, 0.51012856, 0.51109725, 0.50959873, 0.5094674, 0.5113939, 0.51097023, 0.50945807, 0.5107224, 0.5106033, 0.5106499, 0.50896615, 0.5101796, 0.51079714, 0.508533, 0.5110444, 0.50984603, 0.5094216, 0.51090735, 0.511126, 0.5100767, 0.5104305, 0.51019317, 0.5114182, 0.5099441, 0.51150566, 0.50976604, 0.5105822, 0.5105213, 0.5092317, 0.5097685, 0.5109208, 0.51028705, 0.5111042, 0.5104817, 0.51005983, 0.5107904, 0.51030624, 0.510208, 0.51135945, 0.5099774, 0.51055485, 0.5105898, 0.51019716, 0.5117249, 0.51119703, 0.5113703, 0.5111036, 0.51041615, 0.5109375, 0.51118124, 0.5125138, 0.50931543, 0.5088474, 0.511803, 0.51022, 0.50969136, 0.50959283, 0.5112004, 0.51006687, 0.5107582, 0.5110786, 0.51022923, 0.51034987, 0.51035464, 0.51031137, 0.5113424, 0.511852, 0.510447, 0.509693, 0.5103892, 0.5101144]
[0.5026584, 0.5018536, 0.5010566, 0.501772, 0.5023798, 0.5021405, 0.5031175, 0.5044401, 0.504037, 0.50608945, 0.5047951, 0.5020514, 0.5016273, 0.50426143, 0.5027472, 0.50156087, 0.5048592, 0.50222266, 0.50590783, 0.5062485, 0.5060627, 0.50477785, 0.50133914, 0.5015485, 0.5036684, 0.50404525, 0.50151926, 0.50428075, 0.50359356, 0.50672996, 0.5047159, 0.5022577, 0.5034074, 0.5016806, 0.5038584, 0.5039179, 0.5056999, 0.5020607, 0.50254464, 0.50414616, 0.5061578, 0.5017575, 0.5019215, 0.5016499, 0.50609064, 0.50728995, 0.5077602, 0.50494325, 0.5010139, 0.50111705, 0.50112563, 0.50211316, 0.5018629, 0.5061491, 0.5062022, 0.5032749, 0.5052705, 0.5033732, 0.5031264, 0.5036129, 0.5030535, 0.50293714, 0.5043309, 0.5026278, 0.50270534, 0.5030909, 0.500827, 0.5058425, 0.50684047, 0.50279313, 0.50732267, 0.5022684, 0.5021717, 0.5045888, 0.50259715, 0.5029001, 0.50254416, 0.5039416, 0.50239146, 0.50225246, 0.50216967, 0.502272, 0.50190765, 0.50439, 0.5025969, 0.5063801, 0.5046607, 0.50533617, 0.5007501, 0.50084525, 0.50251716, 0.50437796, 0.50621563, 0.50086296, 0.5018951, 0.5013051, 0.50134057, 0.5045816, 0.5051331, 0.50073844, 0.5006386, 0.5055205, 0.5038249, 0.50465196, 0.50568056, 0.5052225, 0.5036323, 0.5018186, 0.5028306, 0.5007447, 0.50627387, 0.5046967, 0.5021671, 0.5039025, 0.5025669, 0.5013396, 0.5015856, 0.50078166, 0.5015132, 0.5012507, 0.50086, 0.50390136, 0.5023267, 0.500651, 0.503456, 0.50161016, 0.50160843, 0.50604063, 0.5074094, 0.50419587, 0.5055347, 0.50199586, 0.50094223, 0.50121003, 0.50471485, 0.5111541, 0.5103979, 0.51135963, 0.5094252, 0.5087867, 0.5097958, 0.5112226, 0.51116204, 0.5113802, 0.51144916, 0.5107522, 0.5100379, 0.51039815, 0.50975853, 0.5102136, 0.50966376, 0.5111677, 0.51053387, 0.5107219, 0.51125, 0.5116017, 0.51080644, 0.5108013, 0.51113105, 0.5106095, 0.51126903, 0.5114748, 0.5108894, 0.50953096, 0.5114629, 0.509619, 0.5088361, 0.51102024, 0.5097314, 0.5105087, 0.5109519, 0.5100085, 0.51199496, 0.51042783, 0.51249063, 0.5102408, 0.5095438, 0.5097429, 0.5120224, 0.51155543, 0.5098762, 0.51038766, 0.51088417, 0.5108209, 0.50779897, 0.51114804, 0.510296, 0.5100795, 0.5105581, 0.5108841, 0.5111948, 0.5111177, 0.50935215, 0.5112729, 0.51081675, 0.5106501, 0.51232845, 0.5108989, 0.5107273, 0.5109623, 0.5101826, 0.51069325, 0.5101369, 0.511176, 0.513491, 0.5107189, 0.5097388, 0.5104699, 0.51176167, 0.50959, 0.50974727, 0.51247257, 0.5119369, 0.5104054, 0.5107816, 0.5110024, 0.5108438, 0.5091559, 0.5107282, 0.51112354, 0.50896394, 0.51197654, 0.50919944, 0.5094984, 0.5115999, 0.51213783, 0.51051855, 0.5109624, 0.51014555, 0.51186204, 0.509936, 0.5126143, 0.5104165, 0.5109986, 0.5110797, 0.5099974, 0.5098474, 0.5113785, 0.51061636, 0.51179826, 0.51064146, 0.5100223, 0.5109659, 0.51071817, 0.51059705, 0.5118166, 0.50982505, 0.510627, 0.5109898, 0.5107525, 0.5124049, 0.51181376, 0.51205724, 0.51198053, 0.5111178, 0.5113018, 0.5115825, 0.51358795, 0.51002, 0.5087394, 0.5125123, 0.51025367, 0.5098194, 0.50966007, 0.5116572, 0.51039964, 0.51057935, 0.51214737, 0.51069367, 0.5105125, 0.5105698, 0.5106403, 0.5120072, 0.5129797, 0.51105964, 0.5097536, 0.5103468, 0.5102437]
[0.50102997, 0.50103265, 0.50324315, 0.5029339, 0.49952802, 0.49948674, 0.5062886, 0.49998045, 0.5004166, 0.5033875, 0.50125384, 0.50084764, 0.5035343, 0.5072756, 0.50003576, 0.50281835, 0.50861853, 0.5025659, 0.5020301, 0.5083184, 0.5084388, 0.50097924, 0.5054249, 0.5038705, 0.5004668, 0.49988988, 0.5029038, 0.50076807, 0.5006598, 0.5034309, 0.5077596, 0.50325423, 0.50005054, 0.5026353, 0.50728434, 0.5073929, 0.50197995, 0.50677705, 0.5055904, 0.49971372, 0.5032737, 0.5013539, 0.5054224, 0.501507, 0.5027955, 0.5040675, 0.50430274, 0.50088644, 0.5036183, 0.50368714, 0.5035519, 0.500999, 0.50058377, 0.502777, 0.502888, 0.5002536, 0.5019491, 0.5002769, 0.50124985, 0.50032264, 0.5001197, 0.50676036, 0.5075326, 0.50095063, 0.50517404, 0.5008675, 0.50424826, 0.50264907, 0.5023104, 0.5022091, 0.5105468, 0.5055895, 0.5067478, 0.5077304, 0.5057499, 0.5042904, 0.5050233, 0.50681496, 0.50211835, 0.5022105, 0.5027413, 0.50470954, 0.5011897, 0.50120014, 0.50003487, 0.5092404, 0.5076203, 0.5082826, 0.5039792, 0.5033789, 0.50155765, 0.50824803, 0.5088533, 0.5045971, 0.50219625, 0.50311244, 0.5031865, 0.5012284, 0.5011243, 0.5037856, 0.5034493, 0.50837415, 0.49989948, 0.5014133, 0.5094831, 0.5082254, 0.5069177, 0.50260633, 0.5010506, 0.5020751, 0.50939447, 0.5082166, 0.5028379, 0.50074947, 0.50195885, 0.5041982, 0.5047518, 0.503652, 0.50230664, 0.50265855, 0.502163, 0.5001384, 0.5007274, 0.503214, 0.4998016, 0.5014959, 0.5042262, 0.5096499, 0.51050574, 0.50090504, 0.5082817, 0.50726485, 0.5056013, 0.5052288, 0.50862104, 0.514385, 0.5132409, 0.5151811, 0.51301533, 0.512789, 0.5125499, 0.5143939, 0.51440245, 0.5148537, 0.51550007, 0.5145539, 0.5137731, 0.5139541, 0.51213956, 0.51291776, 0.5136732, 0.51492894, 0.51292753, 0.5136996, 0.5149127, 0.51487494, 0.51415163, 0.51416093, 0.5140811, 0.513835, 0.5143824, 0.51504254, 0.51435816, 0.5129794, 0.5144938, 0.51324725, 0.5126275, 0.5148921, 0.51238716, 0.5140131, 0.51471823, 0.51327014, 0.5149671, 0.5137513, 0.5161736, 0.5136579, 0.51239616, 0.51275605, 0.51548874, 0.51433724, 0.5136811, 0.5140155, 0.5140433, 0.5144584, 0.5115481, 0.51464474, 0.51395214, 0.51356167, 0.5144257, 0.5139897, 0.5148066, 0.51479477, 0.51270777, 0.51493055, 0.51407844, 0.5141894, 0.51592046, 0.51448697, 0.51437765, 0.5139156, 0.5136774, 0.5147539, 0.51416063, 0.5149657, 0.5169386, 0.5142043, 0.5132155, 0.5133395, 0.515582, 0.5130016, 0.5132714, 0.5159884, 0.5152036, 0.51267564, 0.5149055, 0.51448536, 0.51472056, 0.5120481, 0.51383424, 0.51494837, 0.5110686, 0.514905, 0.5134022, 0.5128197, 0.51443857, 0.5153015, 0.5134413, 0.51373965, 0.51373076, 0.5155738, 0.5134693, 0.51564133, 0.5128235, 0.514294, 0.5145462, 0.51251966, 0.5128825, 0.51537955, 0.51411146, 0.5154082, 0.5147134, 0.514193, 0.5148422, 0.5136455, 0.5137147, 0.51564777, 0.513543, 0.51436186, 0.5139358, 0.51412284, 0.5163352, 0.51497716, 0.51542014, 0.51534903, 0.5144431, 0.5147475, 0.51527625, 0.5173027, 0.5123866, 0.5120391, 0.51633394, 0.51363075, 0.5130726, 0.51272297, 0.5152627, 0.51371634, 0.51475185, 0.5155401, 0.51430285, 0.51417047, 0.51415044, 0.5143685, 0.5154842, 0.51627773, 0.5140259, 0.5130569, 0.5135668, 0.514131]
[0.49929544, 0.499472, 0.502609, 0.5022771, 0.50037, 0.5004759, 0.50764817, 0.49962336, 0.50011814, 0.5025233, 0.50141937, 0.49968904, 0.5026021, 0.50775045, 0.50063413, 0.50077796, 0.5101667, 0.500986, 0.50161535, 0.5101527, 0.5103913, 0.5013906, 0.5018977, 0.5014125, 0.50107044, 0.50089365, 0.50178987, 0.5011133, 0.49912155, 0.5024942, 0.50901246, 0.50162965, 0.49986723, 0.50117797, 0.5072348, 0.5065385, 0.5018836, 0.5057701, 0.5056796, 0.4999385, 0.5025201, 0.49946293, 0.504498, 0.49982816, 0.50219876, 0.5029304, 0.50335276, 0.50143325, 0.50051403, 0.50056535, 0.5000377, 0.49995327, 0.49986306, 0.50219417, 0.50224745, 0.5003712, 0.5016717, 0.5003391, 0.5007154, 0.49909827, 0.49943796, 0.5077598, 0.5085199, 0.49957895, 0.50570816, 0.4991719, 0.50221163, 0.50181514, 0.50204027, 0.50018257, 0.511862, 0.5050389, 0.508526, 0.50778747, 0.50456923, 0.5044244, 0.5044277, 0.5067868, 0.5003092, 0.50076956, 0.50094366, 0.5028101, 0.49935377, 0.5014235, 0.5001272, 0.511342, 0.5082299, 0.5098002, 0.502906, 0.50275326, 0.4997592, 0.5082368, 0.51070106, 0.502468, 0.49993145, 0.50091314, 0.50246143, 0.50047266, 0.5008887, 0.5036663, 0.5009007, 0.5100321, 0.50060034, 0.50174403, 0.51085484, 0.5087628, 0.50734913, 0.50051594, 0.5000183, 0.5002614, 0.51104647, 0.5088969, 0.50092727, 0.49946663, 0.5002891, 0.5031511, 0.50341284, 0.5017924, 0.4993117, 0.50019616, 0.49995625, 0.5001214, 0.49951124, 0.5017847, 0.50042933, 0.49965954, 0.5026474, 0.51201683, 0.51308984, 0.50087994, 0.5095889, 0.50787723, 0.50466365, 0.50255597, 0.50982904, 0.5188469, 0.516614, 0.5191302, 0.5162612, 0.5160337, 0.5161242, 0.5186318, 0.5185604, 0.51866674, 0.5194905, 0.5180834, 0.5166692, 0.51778513, 0.51507145, 0.5159991, 0.5170678, 0.5196, 0.51666313, 0.5180955, 0.5187358, 0.5196926, 0.518692, 0.51780325, 0.5181465, 0.51689523, 0.51814115, 0.519392, 0.51796466, 0.5168677, 0.51891327, 0.51632935, 0.51519394, 0.51866317, 0.5155066, 0.5179127, 0.51857513, 0.5169079, 0.51877934, 0.5169391, 0.5207689, 0.51748985, 0.51570916, 0.5164293, 0.51936084, 0.519226, 0.51732224, 0.51771957, 0.5181657, 0.5186145, 0.513965, 0.5189736, 0.5176661, 0.51682884, 0.51786375, 0.5177265, 0.5193332, 0.51898324, 0.51571774, 0.51820755, 0.51825213, 0.51804966, 0.5203253, 0.51809776, 0.5178315, 0.518072, 0.5171473, 0.51840067, 0.51777434, 0.5191473, 0.5222095, 0.5182607, 0.51650274, 0.51750326, 0.5191267, 0.51599944, 0.5161677, 0.51994187, 0.5191869, 0.51582086, 0.5188062, 0.5181538, 0.5184413, 0.5149678, 0.5171284, 0.5189949, 0.5140969, 0.51967627, 0.5161587, 0.51573217, 0.5189315, 0.51941806, 0.5170315, 0.5179124, 0.51638544, 0.5198272, 0.517523, 0.5202518, 0.51689225, 0.5181801, 0.51862335, 0.51552796, 0.5164301, 0.51951224, 0.5172341, 0.5196505, 0.51821107, 0.5170401, 0.5190918, 0.51731014, 0.5173552, 0.51984465, 0.51722115, 0.5185343, 0.5182396, 0.5179525, 0.5207687, 0.51960486, 0.5200899, 0.51999104, 0.51835144, 0.5184618, 0.5195352, 0.52166474, 0.5158111, 0.51557225, 0.52074033, 0.5168796, 0.51629865, 0.5160667, 0.51972437, 0.5175261, 0.5182883, 0.51994514, 0.5176619, 0.5178477, 0.5178959, 0.51765126, 0.5195857, 0.5207501, 0.51745194, 0.51679134, 0.5182051, 0.5175368]
[0.5010555, 0.50003415, 0.49956438, 0.499445, 0.5013777, 0.5016973, 0.50440395, 0.50178677, 0.5013367, 0.50377536, 0.5027865, 0.50051546, 0.50144595, 0.50666994, 0.5000483, 0.49999893, 0.50760573, 0.50049293, 0.50222653, 0.50939006, 0.5096681, 0.5017875, 0.502699, 0.5001803, 0.5006726, 0.5011297, 0.4996675, 0.5016452, 0.5019485, 0.50369835, 0.5068152, 0.4997456, 0.5011573, 0.4999584, 0.5066093, 0.5070685, 0.502257, 0.5017299, 0.5043266, 0.5017443, 0.5029771, 0.5002368, 0.50216204, 0.50099206, 0.5030005, 0.5036211, 0.5039547, 0.5021394, 0.49959764, 0.4993026, 0.49973783, 0.5005754, 0.50082934, 0.50313705, 0.5031735, 0.5012239, 0.50236744, 0.5011388, 0.50149554, 0.5020467, 0.5017449, 0.50245595, 0.50412124, 0.5001658, 0.50301504, 0.50083405, 0.4993659, 0.5030428, 0.5026141, 0.49983346, 0.5110372, 0.5014713, 0.50193065, 0.5071339, 0.50170547, 0.5027627, 0.50433403, 0.50485927, 0.5007218, 0.50049114, 0.50013846, 0.49961096, 0.50089514, 0.5022211, 0.50085384, 0.5098528, 0.50743747, 0.5084516, 0.49949256, 0.50005686, 0.49973175, 0.50826985, 0.5103025, 0.5005883, 0.49936613, 0.49926284, 0.50016594, 0.5021399, 0.50286424, 0.50086033, 0.4993981, 0.5094522, 0.50139636, 0.50211126, 0.50934154, 0.5072935, 0.5059892, 0.4996318, 0.5008146, 0.50021654, 0.5104262, 0.50743824, 0.500986, 0.5017964, 0.50085205, 0.49946687, 0.5010485, 0.5003961, 0.50006086, 0.49979886, 0.49992406, 0.5020923, 0.5014851, 0.4997505, 0.50174206, 0.49947804, 0.50224125, 0.50964934, 0.51124847, 0.5016872, 0.508986, 0.50404435, 0.5010154, 0.5018424, 0.50977653, 0.5171692, 0.5151508, 0.517162, 0.5145277, 0.5136194, 0.5144302, 0.51741624, 0.5170757, 0.5170538, 0.51765096, 0.5163407, 0.515513, 0.5165919, 0.514644, 0.5147414, 0.51532584, 0.5172898, 0.5152354, 0.51659405, 0.5171489, 0.5179419, 0.51652795, 0.51673496, 0.5175603, 0.51582557, 0.51675975, 0.5176738, 0.5168139, 0.5149096, 0.51728374, 0.5148123, 0.51361907, 0.51684314, 0.5139279, 0.5160465, 0.5167594, 0.5162296, 0.51751375, 0.5162858, 0.5186146, 0.5155588, 0.5144231, 0.51459223, 0.51922125, 0.5172697, 0.5155022, 0.5161839, 0.5166468, 0.5167778, 0.51194334, 0.51724595, 0.5159449, 0.51538223, 0.5164454, 0.51611245, 0.51742357, 0.517123, 0.5145591, 0.51730293, 0.5160387, 0.5164871, 0.51922286, 0.516881, 0.516636, 0.5169327, 0.5163469, 0.5173887, 0.51569873, 0.5170502, 0.52049845, 0.51606715, 0.5148054, 0.5159503, 0.51789236, 0.5149119, 0.51496, 0.5183637, 0.51755464, 0.5158403, 0.5167781, 0.51682925, 0.51705736, 0.51410204, 0.515437, 0.5173096, 0.513304, 0.51732665, 0.5149186, 0.5146484, 0.5169361, 0.51861066, 0.5162299, 0.51654804, 0.51616347, 0.5183473, 0.51513594, 0.5185673, 0.5149993, 0.51681143, 0.5167626, 0.51490796, 0.5148741, 0.517141, 0.5164181, 0.5177911, 0.5172664, 0.516267, 0.5173536, 0.51610595, 0.51652086, 0.51832306, 0.5161333, 0.516891, 0.5170858, 0.5164574, 0.51894784, 0.5181921, 0.5185833, 0.51832193, 0.5170281, 0.5170457, 0.5181706, 0.5205974, 0.51439565, 0.5138029, 0.51891106, 0.5160492, 0.5147472, 0.5144946, 0.5182001, 0.51670504, 0.5173359, 0.51890934, 0.516644, 0.51630896, 0.51652974, 0.516303, 0.51859987, 0.519609, 0.5167697, 0.5151734, 0.51606214, 0.5163352]
[0.50074595, 0.50141865, 0.5019306, 0.50373673, 0.501047, 0.50002307, 0.5059656, 0.5013369, 0.5010935, 0.5031792, 0.5022008, 0.50098366, 0.50310224, 0.5066289, 0.5008925, 0.5021863, 0.50803643, 0.502153, 0.5020347, 0.50872654, 0.50857073, 0.50155497, 0.5047778, 0.50397027, 0.49997616, 0.5009361, 0.5005279, 0.5009627, 0.5006102, 0.5040747, 0.50648415, 0.50195456, 0.50069284, 0.50145274, 0.5067577, 0.50670534, 0.5024851, 0.5034419, 0.5050051, 0.50090826, 0.5034, 0.501548, 0.50469303, 0.501991, 0.5024308, 0.50366354, 0.50399756, 0.50184304, 0.50225216, 0.5026957, 0.50202, 0.50050604, 0.50047505, 0.5026792, 0.50322807, 0.50083464, 0.50210285, 0.5005718, 0.50023365, 0.50147337, 0.5004324, 0.503756, 0.5068102, 0.5001957, 0.5052176, 0.50064653, 0.50285935, 0.5033334, 0.50280327, 0.5005385, 0.5101262, 0.5046646, 0.5047212, 0.50708723, 0.5046916, 0.50480384, 0.5051153, 0.5060879, 0.5000826, 0.4998869, 0.50032455, 0.5036533, 0.50049937, 0.50129527, 0.5000082, 0.5089444, 0.5074089, 0.5074774, 0.50370014, 0.5028259, 0.5004702, 0.5072823, 0.5090523, 0.50374466, 0.5019242, 0.50234145, 0.50204796, 0.50193995, 0.50306803, 0.50383633, 0.5022805, 0.5083243, 0.5008389, 0.5015436, 0.5074975, 0.5076027, 0.5063158, 0.5017836, 0.5001646, 0.5010734, 0.50889677, 0.5071645, 0.5000963, 0.5013244, 0.49997854, 0.50173634, 0.50347763, 0.50294787, 0.5014571, 0.50182796, 0.501505, 0.50086755, 0.50055677, 0.5035517, 0.50052536, 0.501575, 0.50381297, 0.5090551, 0.5104578, 0.5005112, 0.508064, 0.5037077, 0.5012691, 0.50162244, 0.5078211, 0.51507175, 0.51378155, 0.51473016, 0.51285946, 0.51221037, 0.5129043, 0.51554227, 0.51542795, 0.5148685, 0.5152457, 0.51441246, 0.51346636, 0.5142199, 0.5133835, 0.51305854, 0.51336104, 0.51504976, 0.51428807, 0.5145414, 0.5145418, 0.5158152, 0.5147731, 0.51500964, 0.51553386, 0.5139538, 0.5151872, 0.515802, 0.51453334, 0.5126138, 0.5152241, 0.5138439, 0.51230067, 0.51493835, 0.5130315, 0.5139781, 0.5143409, 0.51392907, 0.51523685, 0.51403457, 0.51667583, 0.5136394, 0.51358926, 0.5134296, 0.5165012, 0.515583, 0.51304775, 0.5144002, 0.5144921, 0.5149716, 0.5106487, 0.51484793, 0.5134083, 0.5131831, 0.514108, 0.5148233, 0.5152883, 0.5154335, 0.51290494, 0.5144275, 0.51434606, 0.5144648, 0.5167155, 0.51465285, 0.51407474, 0.5147314, 0.5139795, 0.5149233, 0.5137913, 0.5149948, 0.5177181, 0.5138606, 0.5134248, 0.5144944, 0.5156936, 0.51288354, 0.5134725, 0.5160329, 0.5154778, 0.5140386, 0.5147492, 0.51460856, 0.5144032, 0.51282805, 0.51391953, 0.5147415, 0.5121216, 0.5154284, 0.5130257, 0.51223624, 0.5157294, 0.5160074, 0.51421124, 0.51504713, 0.5137678, 0.516112, 0.5136271, 0.51664734, 0.51382476, 0.5149446, 0.5150356, 0.5135362, 0.51341134, 0.51513845, 0.51445633, 0.51577175, 0.5149258, 0.5139652, 0.51538366, 0.5146198, 0.5144962, 0.51536375, 0.51398265, 0.5151178, 0.51529807, 0.5143955, 0.5167143, 0.5161227, 0.5163144, 0.5162312, 0.5150365, 0.5150192, 0.5158957, 0.5177633, 0.5128301, 0.51217663, 0.5166619, 0.514135, 0.5134747, 0.51329017, 0.5159455, 0.5138666, 0.5142793, 0.5158314, 0.5142263, 0.5143246, 0.514469, 0.5138875, 0.51604545, 0.5169373, 0.51525563, 0.5131094, 0.514539, 0.5142963]
[0.500449, 0.50022626, 0.50030273, 0.5014942, 0.50089735, 0.5007707, 0.50535035, 0.5011089, 0.502019, 0.5044584, 0.50284934, 0.50112545, 0.5016034, 0.5052496, 0.5009108, 0.5006116, 0.50852853, 0.5002694, 0.50283176, 0.509158, 0.5085589, 0.5029344, 0.50127345, 0.50090307, 0.50280267, 0.5027352, 0.5004411, 0.50286365, 0.5006372, 0.504886, 0.50742984, 0.5008569, 0.50156075, 0.5004126, 0.5046103, 0.50392777, 0.50352263, 0.5034987, 0.5038898, 0.5017392, 0.50436276, 0.5001921, 0.50424135, 0.5005467, 0.5045816, 0.5056023, 0.50613326, 0.5035251, 0.5004281, 0.50051963, 0.5005529, 0.50096315, 0.5011815, 0.5037366, 0.504022, 0.50154495, 0.50375473, 0.5017014, 0.5009558, 0.5017099, 0.5001796, 0.5066558, 0.5076932, 0.5014488, 0.5042476, 0.5007558, 0.5014256, 0.5047049, 0.5043383, 0.5004925, 0.51146054, 0.5040987, 0.5065337, 0.5073576, 0.5041423, 0.50384814, 0.5040285, 0.504475, 0.5005016, 0.5006307, 0.5005063, 0.50176674, 0.50088644, 0.50279355, 0.50128, 0.5104564, 0.50660527, 0.50792634, 0.5017449, 0.5011381, 0.5015583, 0.5066193, 0.50897807, 0.5023184, 0.5005279, 0.5006527, 0.5015167, 0.5021153, 0.50342584, 0.5030309, 0.5010887, 0.50857115, 0.50200045, 0.50349766, 0.5092895, 0.506899, 0.50481874, 0.5008317, 0.501507, 0.50051624, 0.5094927, 0.50722355, 0.50086325, 0.5019314, 0.50025856, 0.501275, 0.5014097, 0.50042063, 0.5008304, 0.5004749, 0.50088143, 0.5018401, 0.5011935, 0.5017415, 0.5019469, 0.50033927, 0.50281596, 0.5107584, 0.51172394, 0.50200975, 0.5083613, 0.5060366, 0.50207454, 0.50072646, 0.5066243, 0.51764524, 0.515259, 0.51847386, 0.5151835, 0.5147226, 0.51489526, 0.51715136, 0.5173439, 0.5177579, 0.5178117, 0.5168821, 0.5157725, 0.5169689, 0.5143958, 0.51455855, 0.51529276, 0.51850635, 0.51642346, 0.51743245, 0.5178474, 0.5183905, 0.5171374, 0.5169115, 0.5171721, 0.51576775, 0.51724726, 0.5181112, 0.5169033, 0.51507246, 0.517671, 0.5158561, 0.5144154, 0.517665, 0.5151889, 0.5170716, 0.5180175, 0.51518583, 0.51774156, 0.5153288, 0.519862, 0.5158801, 0.51463354, 0.5151963, 0.5183402, 0.5178167, 0.5153001, 0.5154999, 0.51593685, 0.51632124, 0.513288, 0.51760495, 0.5159938, 0.51587814, 0.5166028, 0.5168258, 0.5187188, 0.517925, 0.5146882, 0.51712173, 0.5166211, 0.51569486, 0.5197915, 0.51689786, 0.5169057, 0.5170105, 0.51592696, 0.51668787, 0.5162105, 0.51757544, 0.52085525, 0.5170452, 0.515425, 0.5153312, 0.5180828, 0.5147993, 0.51570904, 0.5188878, 0.5177057, 0.5147865, 0.5174469, 0.5174533, 0.51728743, 0.5141038, 0.5160859, 0.51724035, 0.5134416, 0.51824385, 0.5155379, 0.515109, 0.5182061, 0.5177314, 0.51604724, 0.5170694, 0.5156569, 0.5181596, 0.5161562, 0.5193002, 0.51563746, 0.51719815, 0.5171325, 0.5148889, 0.5155558, 0.51824903, 0.51660264, 0.5184218, 0.5169154, 0.5155821, 0.51801765, 0.5159214, 0.51605296, 0.5188133, 0.5156712, 0.5173234, 0.51794297, 0.51654834, 0.51957554, 0.51791435, 0.5184414, 0.5179303, 0.5174499, 0.5177123, 0.51847667, 0.5206757, 0.514338, 0.514121, 0.5191349, 0.51629615, 0.5155418, 0.51514965, 0.5185161, 0.51572967, 0.5166801, 0.5185063, 0.51660216, 0.51631904, 0.5167501, 0.5164834, 0.5181261, 0.51934046, 0.5165997, 0.5151107, 0.5164381, 0.5156955]
[0.5006133, 0.50115365, 0.50173867, 0.50242245, 0.49986222, 0.4997832, 0.50458115, 0.499959, 0.50049454, 0.5025125, 0.50099915, 0.5008749, 0.5026522, 0.50474983, 0.50017285, 0.5012994, 0.505447, 0.5008563, 0.5016408, 0.5059211, 0.5062364, 0.50088334, 0.502705, 0.5015464, 0.5003639, 0.5003203, 0.501148, 0.5005259, 0.49976552, 0.5032884, 0.5055191, 0.5013285, 0.49970794, 0.50107086, 0.50489104, 0.50471324, 0.50144696, 0.5023963, 0.5036323, 0.5002017, 0.5029569, 0.50095004, 0.5036621, 0.50036025, 0.50206935, 0.50294304, 0.5035687, 0.50101256, 0.5006872, 0.5008753, 0.5005537, 0.50060207, 0.5007087, 0.5019273, 0.5022018, 0.4995611, 0.5018869, 0.5002727, 0.4996575, 0.50040084, 0.4999684, 0.50470155, 0.50478804, 0.49982053, 0.504192, 0.49974865, 0.50186133, 0.5024068, 0.5022853, 0.5006426, 0.5072489, 0.5039708, 0.504277, 0.5049052, 0.5030231, 0.5038273, 0.50383085, 0.5042676, 0.5005779, 0.5006708, 0.5006856, 0.5033163, 0.5009442, 0.5005551, 0.50048244, 0.5067611, 0.50515866, 0.50563496, 0.50224835, 0.5017289, 0.4999832, 0.5050587, 0.5063547, 0.5021618, 0.50084585, 0.5008073, 0.50142527, 0.5010311, 0.5021266, 0.5030401, 0.50215876, 0.5056325, 0.4998664, 0.50117457, 0.50585693, 0.5051564, 0.5039217, 0.5004897, 0.5002369, 0.5008924, 0.5060207, 0.5045424, 0.4995839, 0.50053847, 0.49981833, 0.50119096, 0.5018322, 0.50117266, 0.50028133, 0.50057167, 0.5009029, 0.4999205, 0.5000495, 0.5020579, 0.50021446, 0.5013878, 0.5029581, 0.5065769, 0.5074851, 0.4997567, 0.50526935, 0.5031118, 0.50094473, 0.5006096, 0.50519276, 0.5105458, 0.509604, 0.51063603, 0.509235, 0.50892454, 0.50887835, 0.5101387, 0.5103425, 0.5103557, 0.51050967, 0.5100175, 0.50944686, 0.5099463, 0.5092996, 0.5092574, 0.5093554, 0.51057094, 0.5099143, 0.5103764, 0.51032674, 0.5111595, 0.5104103, 0.5101672, 0.51044196, 0.50976205, 0.51028866, 0.51080686, 0.5099278, 0.50902426, 0.5105658, 0.50957096, 0.5088177, 0.51039904, 0.509278, 0.5099157, 0.5102757, 0.5095396, 0.5107232, 0.509488, 0.5117159, 0.50959057, 0.50939876, 0.50952643, 0.5109377, 0.51076746, 0.5093822, 0.50954866, 0.5098965, 0.5099941, 0.5081075, 0.5103786, 0.50968957, 0.50952226, 0.51010567, 0.5100342, 0.5108687, 0.51065946, 0.50906646, 0.51001763, 0.51012826, 0.5098488, 0.5115294, 0.5101571, 0.509938, 0.51009995, 0.50933576, 0.50995886, 0.5099352, 0.5107731, 0.51221627, 0.5099277, 0.50932676, 0.50932276, 0.5107532, 0.50897413, 0.50940895, 0.5109705, 0.51075965, 0.50966835, 0.51026016, 0.51043445, 0.5101069, 0.50881976, 0.50977194, 0.5103716, 0.5086586, 0.5109778, 0.50929207, 0.50908595, 0.5108377, 0.5106252, 0.50976974, 0.51023066, 0.50964487, 0.5110021, 0.50959814, 0.51143754, 0.50973916, 0.51044416, 0.5105957, 0.5092136, 0.50948864, 0.51053023, 0.5099038, 0.5109756, 0.510054, 0.5094365, 0.51048213, 0.5099288, 0.50965565, 0.5109831, 0.5095516, 0.5102705, 0.5104779, 0.5096056, 0.5114277, 0.5109814, 0.5110922, 0.5109495, 0.51027936, 0.510606, 0.5108901, 0.51223844, 0.5090001, 0.5088726, 0.5114345, 0.509876, 0.5093943, 0.5092113, 0.5109785, 0.5095704, 0.5099354, 0.5109639, 0.5100345, 0.50997454, 0.5101044, 0.5099899, 0.51071405, 0.51175475, 0.5102066, 0.50948787, 0.50992817, 0.509532]
[0.49915707, 0.49960133, 0.5014578, 0.50223476, 0.50187856, 0.50064856, 0.50681424, 0.50160056, 0.50122637, 0.50281966, 0.5017629, 0.5001043, 0.5028053, 0.5065978, 0.49952176, 0.5014482, 0.508809, 0.5012748, 0.5019932, 0.5091106, 0.50892437, 0.50180835, 0.50395656, 0.5029555, 0.4993503, 0.50099593, 0.4997327, 0.501251, 0.49906614, 0.50375026, 0.5047565, 0.50069886, 0.49985698, 0.5011078, 0.5076753, 0.50804424, 0.5025472, 0.5040762, 0.50499946, 0.49995202, 0.5025345, 0.5002985, 0.5047974, 0.50271195, 0.50220925, 0.50322956, 0.503761, 0.50046116, 0.5025288, 0.50162005, 0.5022265, 0.49972162, 0.4992979, 0.50249153, 0.5025575, 0.499623, 0.50161076, 0.4999376, 0.5006198, 0.49899578, 0.4991585, 0.5046032, 0.50829905, 0.49917012, 0.50645316, 0.5000296, 0.5035557, 0.5030054, 0.5029825, 0.49913567, 0.5118113, 0.50558484, 0.5051679, 0.50788957, 0.5062686, 0.50559294, 0.5063699, 0.5057687, 0.4997115, 0.49964905, 0.4989865, 0.5046802, 0.4993968, 0.50122947, 0.49959967, 0.50928843, 0.50743544, 0.5075792, 0.5031407, 0.5027378, 0.49948806, 0.5069923, 0.5090335, 0.50456035, 0.5009149, 0.5015115, 0.50178754, 0.5011806, 0.5023597, 0.50209963, 0.5020939, 0.50947404, 0.5006238, 0.5014884, 0.5078237, 0.5087504, 0.50767934, 0.50127745, 0.4991996, 0.5016143, 0.51006407, 0.5082609, 0.50094783, 0.49999088, 0.4993748, 0.5008211, 0.5039287, 0.5031947, 0.5014915, 0.50179243, 0.50182486, 0.5000325, 0.5004946, 0.50340664, 0.4991547, 0.50112754, 0.5037165, 0.50979704, 0.5116303, 0.5005179, 0.50928944, 0.50384206, 0.5010409, 0.5005042, 0.5077959, 0.5173982, 0.51617116, 0.5165154, 0.5137964, 0.51349604, 0.5146608, 0.51791996, 0.5173823, 0.5176898, 0.5185426, 0.5174213, 0.5158849, 0.5162889, 0.515089, 0.51447916, 0.5139382, 0.51725554, 0.51675624, 0.51637095, 0.5157718, 0.51780516, 0.51670367, 0.51711065, 0.51801133, 0.5161661, 0.5175352, 0.51821053, 0.516754, 0.5141491, 0.5181243, 0.5161638, 0.5149022, 0.5177294, 0.5156487, 0.51582664, 0.5169985, 0.51585513, 0.51842284, 0.51660997, 0.5191331, 0.5154233, 0.5152473, 0.51493436, 0.5192919, 0.51806474, 0.51400363, 0.5162569, 0.5165948, 0.51687866, 0.5113486, 0.517049, 0.5150591, 0.5155236, 0.5155411, 0.51702666, 0.5169976, 0.51821846, 0.5149259, 0.5168447, 0.51525533, 0.51680255, 0.51890707, 0.516519, 0.5160641, 0.5170784, 0.51634103, 0.5173312, 0.5152148, 0.51642627, 0.5208593, 0.5153243, 0.5147656, 0.5174985, 0.5180302, 0.5151068, 0.515935, 0.5185516, 0.5181379, 0.516524, 0.5170347, 0.51575774, 0.5163153, 0.5145152, 0.5154063, 0.51622015, 0.5142007, 0.5178043, 0.5147354, 0.5138768, 0.5176717, 0.51857, 0.51680696, 0.51794505, 0.51554453, 0.5178112, 0.5157947, 0.5189493, 0.51624966, 0.5172854, 0.5171792, 0.5163197, 0.51517195, 0.5168919, 0.51723605, 0.517752, 0.5168714, 0.5157723, 0.5175599, 0.5165792, 0.51771575, 0.5166945, 0.51563627, 0.5168526, 0.5173016, 0.5164785, 0.51938003, 0.5188676, 0.51899403, 0.5185363, 0.51737046, 0.5166085, 0.51870036, 0.5207492, 0.51460147, 0.5133433, 0.51911205, 0.51584536, 0.51511014, 0.51490915, 0.51840395, 0.51563805, 0.516197, 0.51830125, 0.51604116, 0.51627845, 0.5160785, 0.5159754, 0.51873785, 0.51936257, 0.5179796, 0.51426345, 0.5161534, 0.51634425]
[0.50125927, 0.50090384, 0.5017469, 0.50263786, 0.5011704, 0.500781, 0.50397414, 0.50417376, 0.5036213, 0.5057606, 0.5041649, 0.5010507, 0.5025502, 0.50497955, 0.5013444, 0.5021799, 0.5055478, 0.5013668, 0.5049416, 0.50593835, 0.50592583, 0.50303775, 0.5040521, 0.5033896, 0.502838, 0.5042505, 0.50142676, 0.5040944, 0.50220907, 0.5064385, 0.50460035, 0.50133115, 0.5013428, 0.5017013, 0.50462145, 0.5049906, 0.5047654, 0.50347286, 0.50376564, 0.50298023, 0.5054863, 0.5013934, 0.5037401, 0.50208366, 0.5047936, 0.50649714, 0.50732887, 0.50414604, 0.5021835, 0.502141, 0.501615, 0.50107086, 0.5013788, 0.505436, 0.50563383, 0.50115865, 0.50413096, 0.502649, 0.5014045, 0.50257915, 0.5029237, 0.50314367, 0.50465614, 0.5009994, 0.5039878, 0.5013906, 0.50223786, 0.50553477, 0.5061649, 0.5023397, 0.50632364, 0.5036407, 0.50317216, 0.505027, 0.50379485, 0.5034929, 0.50420904, 0.5042951, 0.50217515, 0.50185794, 0.5017398, 0.5030794, 0.501098, 0.5038611, 0.5017604, 0.50598794, 0.50547063, 0.50541174, 0.50303125, 0.50250477, 0.5016321, 0.50506, 0.50593615, 0.503505, 0.5020607, 0.50204355, 0.50189155, 0.50410306, 0.5054754, 0.5018076, 0.50199074, 0.50574917, 0.50269705, 0.50352275, 0.5059571, 0.50550485, 0.5047043, 0.5016722, 0.50172234, 0.5010972, 0.50611925, 0.50512385, 0.5008558, 0.50379384, 0.50198627, 0.50111306, 0.5028727, 0.5024173, 0.5013588, 0.5012089, 0.5015682, 0.5026602, 0.50151145, 0.50239986, 0.50199324, 0.5012889, 0.50271165, 0.50597245, 0.50653154, 0.50276047, 0.5057547, 0.5034523, 0.50159967, 0.501604, 0.5055864, 0.5091452, 0.50853527, 0.50907886, 0.50779766, 0.5077872, 0.50793743, 0.50914985, 0.50903744, 0.50896984, 0.50930434, 0.508649, 0.50822854, 0.5087061, 0.5080037, 0.5083852, 0.5083911, 0.5091675, 0.508377, 0.5089282, 0.50909346, 0.5095174, 0.50877935, 0.5091256, 0.5092692, 0.508821, 0.50898033, 0.5092485, 0.5089492, 0.5080323, 0.5091727, 0.5083833, 0.5076633, 0.5089623, 0.5079197, 0.50849986, 0.5089017, 0.5085893, 0.509047, 0.5086724, 0.5098543, 0.5086644, 0.50806284, 0.50803167, 0.50974697, 0.5094583, 0.5084322, 0.5085995, 0.5088095, 0.5090124, 0.5069009, 0.5088805, 0.50853324, 0.5078448, 0.50870407, 0.5087312, 0.50947374, 0.50927097, 0.50814044, 0.509278, 0.5085413, 0.50884026, 0.50992656, 0.5092684, 0.5090804, 0.5087474, 0.50881994, 0.50904644, 0.50813264, 0.5088471, 0.51039606, 0.50855446, 0.5080705, 0.5085092, 0.5094424, 0.50803715, 0.5083673, 0.5096314, 0.5092975, 0.5085927, 0.50891507, 0.5090858, 0.50902915, 0.5076016, 0.50859594, 0.5093542, 0.5074117, 0.5091475, 0.5078258, 0.50807154, 0.5091446, 0.50955576, 0.5085679, 0.5087946, 0.5085029, 0.50964326, 0.50816, 0.5097461, 0.50812566, 0.5090055, 0.50884527, 0.50809836, 0.5082171, 0.5090159, 0.5084921, 0.50942713, 0.50919205, 0.5087234, 0.5092845, 0.5087835, 0.508869, 0.5094887, 0.5083977, 0.5089629, 0.50892305, 0.50859195, 0.5100367, 0.50956625, 0.50971955, 0.50947124, 0.50903654, 0.50904715, 0.509477, 0.5103021, 0.5079595, 0.50742394, 0.5097965, 0.5084722, 0.50805473, 0.5078445, 0.50944453, 0.5088227, 0.5089932, 0.5098443, 0.50842166, 0.50895685, 0.5089247, 0.5089034, 0.5094495, 0.51011467, 0.5087119, 0.5082996, 0.5086216, 0.5086168]
[0.5027933, 0.501417, 0.50203526, 0.5015577, 0.5029696, 0.5031529, 0.50629014, 0.5049805, 0.5048346, 0.50707084, 0.50540435, 0.50285333, 0.5020167, 0.50640166, 0.5029438, 0.502169, 0.5084039, 0.5014821, 0.50677925, 0.5086777, 0.50882137, 0.50564885, 0.50099903, 0.50154287, 0.5042435, 0.5055894, 0.5031132, 0.50589824, 0.50429994, 0.5088325, 0.50536025, 0.5013138, 0.50360656, 0.50163275, 0.5067695, 0.5061386, 0.5069241, 0.50057, 0.5057186, 0.5054563, 0.507806, 0.5022053, 0.50257194, 0.502404, 0.50775605, 0.5093744, 0.5097406, 0.506162, 0.5018036, 0.50168073, 0.50208557, 0.5028813, 0.5028654, 0.50743204, 0.5077096, 0.5031292, 0.5062506, 0.5044117, 0.5037195, 0.5050085, 0.50364864, 0.5056071, 0.5079734, 0.5042127, 0.50461066, 0.50401247, 0.5007696, 0.5078643, 0.5078457, 0.50359356, 0.51142085, 0.5030085, 0.5027374, 0.50652164, 0.5036964, 0.50377125, 0.5037966, 0.5041714, 0.5022259, 0.5019991, 0.50241315, 0.5022121, 0.5026368, 0.50435334, 0.5035131, 0.5098413, 0.5058509, 0.5085842, 0.50141174, 0.5011024, 0.5045193, 0.50741285, 0.50928766, 0.50121576, 0.5028272, 0.50142574, 0.500961, 0.5057807, 0.50698227, 0.5026798, 0.50181204, 0.50869465, 0.5051334, 0.5061418, 0.50787985, 0.5074955, 0.50548875, 0.50272346, 0.50401956, 0.5010362, 0.5093916, 0.50742936, 0.5035063, 0.50479215, 0.503322, 0.5011207, 0.50093216, 0.50117385, 0.5021791, 0.5020982, 0.5015991, 0.5043835, 0.50298804, 0.50100213, 0.50440687, 0.50165445, 0.502448, 0.50992143, 0.5117278, 0.5050807, 0.5084033, 0.5023365, 0.501844, 0.5034435, 0.50630593, 0.5161756, 0.5150719, 0.5166909, 0.514071, 0.5134941, 0.5136897, 0.516252, 0.51674885, 0.51609576, 0.51602304, 0.51542133, 0.5143726, 0.51560384, 0.51422185, 0.5140167, 0.5136507, 0.5165008, 0.5158979, 0.51589143, 0.51556504, 0.51750135, 0.5161087, 0.51563925, 0.5163229, 0.51524323, 0.51634055, 0.5165146, 0.51585305, 0.5132622, 0.51657385, 0.51497966, 0.5137773, 0.5163704, 0.5144072, 0.515198, 0.5157895, 0.51458126, 0.5166184, 0.51505816, 0.51807946, 0.5144083, 0.51468503, 0.5147452, 0.51744473, 0.51650906, 0.5140691, 0.5148778, 0.5152811, 0.51574033, 0.5119483, 0.5161715, 0.5148642, 0.51482624, 0.51517844, 0.51576734, 0.5164547, 0.5167726, 0.51366097, 0.51536024, 0.5153091, 0.51563925, 0.5178934, 0.5152958, 0.51475513, 0.5157368, 0.5144652, 0.51559585, 0.5151996, 0.51689565, 0.51955706, 0.51565015, 0.5143891, 0.5153505, 0.5165964, 0.5137367, 0.5142436, 0.5175974, 0.51706344, 0.5152157, 0.5160727, 0.51588464, 0.5152468, 0.5134973, 0.51516014, 0.51589316, 0.5137721, 0.51704556, 0.51447755, 0.51387286, 0.51728296, 0.5167272, 0.51557237, 0.51651835, 0.51445055, 0.5173247, 0.5150994, 0.5181625, 0.51556516, 0.51664746, 0.51662433, 0.5147189, 0.5147969, 0.51636326, 0.5154454, 0.5169997, 0.51549476, 0.51444775, 0.5163364, 0.51590025, 0.5153405, 0.5167171, 0.51473594, 0.51576984, 0.51625144, 0.51539063, 0.51781523, 0.5172981, 0.5174292, 0.51740587, 0.51587325, 0.51655084, 0.5169668, 0.5193858, 0.51410174, 0.5132279, 0.5178971, 0.5153406, 0.5145039, 0.51433676, 0.5173588, 0.5144889, 0.5151715, 0.51704144, 0.51563543, 0.5153595, 0.51517177, 0.514914, 0.5173204, 0.51799685, 0.51650167, 0.514496, 0.5159393, 0.5146235]
[0.5031421, 0.50350314, 0.5050263, 0.5062313, 0.50283134, 0.50264204, 0.5084712, 0.50120664, 0.5015181, 0.5037566, 0.5014935, 0.5035736, 0.50552213, 0.50772005, 0.5029488, 0.50470805, 0.5091614, 0.50382966, 0.50148404, 0.5094652, 0.50913244, 0.5015563, 0.5058447, 0.5045581, 0.50089484, 0.5010422, 0.5034348, 0.5008248, 0.50161195, 0.5045452, 0.5080238, 0.50416076, 0.50155276, 0.50435317, 0.5082907, 0.5080882, 0.50255215, 0.5063554, 0.5072451, 0.5013543, 0.50330675, 0.5033927, 0.50686175, 0.50412303, 0.50194633, 0.5034202, 0.5043121, 0.50054806, 0.50353867, 0.50286645, 0.5033807, 0.5030991, 0.5031674, 0.5018372, 0.5021734, 0.5021441, 0.50193447, 0.5018874, 0.50341773, 0.5012769, 0.50295055, 0.50721467, 0.5087209, 0.5025246, 0.50730765, 0.5024593, 0.50546706, 0.5035073, 0.5033959, 0.5022469, 0.51107126, 0.5067917, 0.5077765, 0.5084858, 0.5068479, 0.5071263, 0.50732434, 0.5077913, 0.50318605, 0.5032418, 0.5036636, 0.5060883, 0.5021581, 0.5008324, 0.50132185, 0.5098766, 0.5087516, 0.5091317, 0.5053507, 0.505184, 0.5017159, 0.50869983, 0.5096234, 0.50584537, 0.5032436, 0.5039372, 0.50429523, 0.50125957, 0.502642, 0.5058249, 0.50440115, 0.5094855, 0.5008098, 0.50139695, 0.5091822, 0.508671, 0.5078608, 0.5031389, 0.501744, 0.50388855, 0.5097988, 0.50887066, 0.50358975, 0.5020317, 0.50336385, 0.5051062, 0.5052025, 0.5043491, 0.50308, 0.5041081, 0.5041187, 0.50183785, 0.5034244, 0.5056313, 0.5015297, 0.50395405, 0.5063268, 0.51040053, 0.5112373, 0.5012292, 0.5090406, 0.5073288, 0.5052712, 0.5034197, 0.5085009, 0.51483333, 0.51361364, 0.5152122, 0.51310295, 0.51310563, 0.51273984, 0.51482236, 0.51508987, 0.51480156, 0.51457185, 0.5140898, 0.51339865, 0.51417345, 0.512807, 0.51275754, 0.51297796, 0.51523304, 0.5142934, 0.5145106, 0.51413137, 0.51568747, 0.51452035, 0.51425225, 0.5145617, 0.5137266, 0.5145421, 0.51517946, 0.51460683, 0.51294494, 0.51458335, 0.5137351, 0.5128699, 0.51487595, 0.513094, 0.5141466, 0.514549, 0.5135075, 0.5149189, 0.5135753, 0.5161685, 0.513608, 0.5131995, 0.5134351, 0.5152983, 0.5154428, 0.5132465, 0.51389444, 0.51415735, 0.5141986, 0.51142955, 0.51477194, 0.5134999, 0.5134558, 0.5136867, 0.514235, 0.51491845, 0.51519805, 0.51284015, 0.5142304, 0.51398623, 0.5143884, 0.5159281, 0.5141831, 0.51386976, 0.51434195, 0.5136651, 0.5142818, 0.5136548, 0.51505876, 0.51682854, 0.5141075, 0.5133818, 0.5141623, 0.5151029, 0.51309294, 0.5132872, 0.51542157, 0.5151682, 0.5136315, 0.5147735, 0.5143755, 0.5143906, 0.5126097, 0.5138919, 0.5144361, 0.5125396, 0.5153888, 0.5132252, 0.51254773, 0.51528084, 0.5153618, 0.51410353, 0.5144713, 0.5133355, 0.515312, 0.5139526, 0.51586616, 0.51379806, 0.51473385, 0.514791, 0.5130556, 0.51369154, 0.5145635, 0.5142655, 0.51541084, 0.51439804, 0.51379, 0.5149835, 0.51420164, 0.51423174, 0.5152038, 0.51363057, 0.51461613, 0.51490283, 0.51406133, 0.5160906, 0.51558805, 0.51572376, 0.51541114, 0.51451665, 0.5146842, 0.51554626, 0.5168377, 0.51307315, 0.51293504, 0.5158037, 0.51403314, 0.5135294, 0.51329124, 0.5156389, 0.51379997, 0.5139913, 0.51534694, 0.5137814, 0.5143651, 0.5142117, 0.51408964, 0.5152205, 0.51610136, 0.5144611, 0.513436, 0.5144851, 0.5138542]
[0.50140584, 0.50091493, 0.50003016, 0.4999111, 0.50090903, 0.5009817, 0.50377613, 0.50285864, 0.5026501, 0.50433856, 0.50310975, 0.500754, 0.50090677, 0.50516677, 0.50109917, 0.50033766, 0.50578016, 0.5007778, 0.50363904, 0.5076656, 0.50753075, 0.5029872, 0.50080484, 0.50052696, 0.50200444, 0.5019957, 0.5009753, 0.5026056, 0.502043, 0.5045636, 0.5047454, 0.5004895, 0.5019351, 0.5007038, 0.5053255, 0.50546646, 0.50342524, 0.50159186, 0.5028687, 0.50214994, 0.5041398, 0.5000512, 0.5036493, 0.5004775, 0.50334775, 0.5044101, 0.50485235, 0.502542, 0.50026923, 0.50053596, 0.49994516, 0.5012749, 0.50126565, 0.50357413, 0.50380635, 0.5013263, 0.50310946, 0.50159764, 0.5015259, 0.50206894, 0.5014565, 0.5011256, 0.50494766, 0.50121915, 0.5048846, 0.50135285, 0.50130785, 0.50386095, 0.50421643, 0.50131446, 0.5087772, 0.502531, 0.50181764, 0.5053103, 0.50368035, 0.50368816, 0.502827, 0.5030141, 0.5012993, 0.5015426, 0.5011341, 0.50025463, 0.50150156, 0.502891, 0.50172395, 0.50772226, 0.50617665, 0.50650257, 0.5011656, 0.50050884, 0.50101095, 0.5060385, 0.5076181, 0.5012256, 0.50028914, 0.49999046, 0.50014323, 0.5030226, 0.5033824, 0.50033545, 0.4999012, 0.50665945, 0.5024209, 0.50296694, 0.5057611, 0.5058488, 0.5044855, 0.4999572, 0.5013739, 0.4998559, 0.50758564, 0.50606453, 0.50076115, 0.5021802, 0.5010404, 0.50016224, 0.5016322, 0.5008001, 0.4998069, 0.49986163, 0.49980566, 0.5022586, 0.50115836, 0.5003207, 0.50207376, 0.49991265, 0.50162005, 0.50695765, 0.5089018, 0.5024797, 0.50713867, 0.50077295, 0.50044876, 0.50023353, 0.506892, 0.5129356, 0.5117491, 0.512368, 0.5106115, 0.5100678, 0.5110169, 0.51322013, 0.5131103, 0.51262057, 0.51318437, 0.5123688, 0.51159966, 0.5119862, 0.5110808, 0.5109446, 0.5107792, 0.5128137, 0.5120487, 0.5122811, 0.5124345, 0.51335865, 0.51242876, 0.51270205, 0.5130822, 0.5117924, 0.51260746, 0.5131291, 0.51222974, 0.510708, 0.5131039, 0.5113995, 0.51036763, 0.512891, 0.5114559, 0.5119125, 0.51219, 0.51190686, 0.5132515, 0.5120844, 0.51401985, 0.51161146, 0.51147187, 0.5114692, 0.5137131, 0.5132865, 0.5113903, 0.51212543, 0.5124011, 0.51273924, 0.50843734, 0.51255876, 0.5114005, 0.5115528, 0.5117427, 0.5120294, 0.51271075, 0.5128875, 0.5112276, 0.51248354, 0.5117798, 0.5122266, 0.51428616, 0.5123428, 0.51200706, 0.51229084, 0.5120133, 0.51269567, 0.51167154, 0.51294756, 0.5153593, 0.51177835, 0.51100385, 0.51273525, 0.5130673, 0.5109935, 0.51111794, 0.51331425, 0.513276, 0.5117782, 0.51259977, 0.5124168, 0.512113, 0.51068616, 0.5118635, 0.5122709, 0.5102866, 0.5132181, 0.5108121, 0.5107993, 0.5132826, 0.5139445, 0.5119993, 0.51268023, 0.5116187, 0.5135816, 0.5117548, 0.5140048, 0.5120992, 0.51240623, 0.51263815, 0.511817, 0.5112787, 0.5124058, 0.5120137, 0.5131717, 0.5124509, 0.5115817, 0.51275134, 0.51251495, 0.5125182, 0.51293874, 0.51184547, 0.51236826, 0.51292086, 0.51226145, 0.5142746, 0.51363736, 0.51385444, 0.5139655, 0.512322, 0.5123943, 0.51362884, 0.51534694, 0.5112702, 0.5103301, 0.51398283, 0.5118019, 0.5109597, 0.51086575, 0.51352626, 0.5120552, 0.5122867, 0.51387197, 0.51227707, 0.51173294, 0.51211816, 0.51180315, 0.51368433, 0.51470923, 0.51304966, 0.5108477, 0.512289, 0.51202387]
[0.50066483, 0.50090516, 0.5011382, 0.5021557, 0.50123465, 0.50092435, 0.5043396, 0.50272626, 0.50298744, 0.5053539, 0.5037909, 0.5006602, 0.5021982, 0.50492895, 0.50081766, 0.50081134, 0.50648355, 0.5013464, 0.50367737, 0.50628823, 0.5066571, 0.5038077, 0.50236255, 0.502079, 0.50211966, 0.50260156, 0.50094354, 0.5036085, 0.5020018, 0.50563455, 0.5039068, 0.50096875, 0.5014113, 0.5010893, 0.5056083, 0.5057237, 0.5044232, 0.5032864, 0.50446224, 0.5022131, 0.50487185, 0.50129926, 0.5042972, 0.50113416, 0.5042524, 0.5058196, 0.5062396, 0.5029955, 0.50136995, 0.5015101, 0.5009045, 0.5008449, 0.5011165, 0.50407094, 0.5042831, 0.50086606, 0.50375557, 0.5022403, 0.5006604, 0.5011534, 0.5007843, 0.5036154, 0.5060099, 0.50121826, 0.50463873, 0.5005619, 0.5026863, 0.5049146, 0.5053813, 0.5012167, 0.5076859, 0.50321233, 0.50273204, 0.5052978, 0.504549, 0.503759, 0.50393677, 0.5041884, 0.5009619, 0.5003745, 0.50034916, 0.50192964, 0.50186956, 0.50301164, 0.5017034, 0.5068484, 0.50502473, 0.5061227, 0.501973, 0.5016671, 0.50126714, 0.5059426, 0.5066665, 0.5023036, 0.5004298, 0.5014834, 0.50061285, 0.5033561, 0.504145, 0.5020779, 0.50141835, 0.50678605, 0.50297123, 0.5037641, 0.50596243, 0.506167, 0.50530314, 0.5009092, 0.5014438, 0.50129944, 0.5073012, 0.5061316, 0.5005355, 0.5020407, 0.50063246, 0.5017908, 0.501554, 0.5012256, 0.5004854, 0.5007767, 0.5011303, 0.50181514, 0.5011627, 0.5019728, 0.5022028, 0.5007493, 0.5026777, 0.5071415, 0.50832254, 0.50292826, 0.5066824, 0.5030851, 0.50116104, 0.50094056, 0.5064782, 0.51190853, 0.5104775, 0.51149344, 0.509464, 0.50949156, 0.5098416, 0.51211566, 0.5118064, 0.51170254, 0.51205313, 0.51151764, 0.5107085, 0.5110757, 0.50986636, 0.51001596, 0.50966537, 0.5116426, 0.5108176, 0.5111662, 0.5109236, 0.5120002, 0.5110943, 0.5112675, 0.51174444, 0.5105939, 0.5113651, 0.51211125, 0.5112207, 0.50995, 0.51160043, 0.51063555, 0.50953054, 0.5116259, 0.5100963, 0.51064634, 0.51109004, 0.51070905, 0.51181847, 0.51072097, 0.51258516, 0.5104324, 0.5098662, 0.50993246, 0.51245195, 0.51194084, 0.50986415, 0.5109194, 0.5111602, 0.51128423, 0.5078963, 0.5116252, 0.5102512, 0.51035994, 0.51061004, 0.5110354, 0.51147705, 0.5116879, 0.510007, 0.511133, 0.5104167, 0.5112749, 0.5125706, 0.5110503, 0.5108727, 0.5113254, 0.5109093, 0.5113344, 0.51034206, 0.51134354, 0.51353663, 0.51075524, 0.5096263, 0.5114881, 0.51169497, 0.5101373, 0.5102955, 0.5121282, 0.5120737, 0.51080966, 0.5115006, 0.5108381, 0.5111947, 0.50966495, 0.51041234, 0.51125056, 0.5094933, 0.5118448, 0.5098734, 0.5094887, 0.5114494, 0.51213247, 0.5107411, 0.51142734, 0.5101825, 0.5118156, 0.51052445, 0.5124792, 0.51066136, 0.511277, 0.51116425, 0.51013994, 0.5100202, 0.51139766, 0.5111313, 0.5118084, 0.5112809, 0.5107442, 0.51169914, 0.5107667, 0.5114352, 0.5114316, 0.51069677, 0.51128715, 0.5114629, 0.51095235, 0.51267284, 0.5121439, 0.5122044, 0.5122664, 0.5112652, 0.51114655, 0.51204425, 0.5135643, 0.5096427, 0.5091845, 0.51260644, 0.5105904, 0.510078, 0.50989264, 0.5121788, 0.5107617, 0.5110517, 0.51216054, 0.51071006, 0.5107737, 0.51078475, 0.51055735, 0.51234436, 0.5127381, 0.5114482, 0.5096005, 0.5107557, 0.51083595]
[0.50119805, 0.5014559, 0.50151163, 0.50169265, 0.50089675, 0.50090265, 0.50269467, 0.5018553, 0.501479, 0.50439745, 0.50304335, 0.5011253, 0.50196964, 0.5030111, 0.5012072, 0.50132704, 0.5036252, 0.5015472, 0.50299114, 0.50381136, 0.5037828, 0.5024889, 0.5023636, 0.5020634, 0.5009971, 0.5017917, 0.5011884, 0.5026481, 0.5008449, 0.5046295, 0.5034096, 0.50165766, 0.50098455, 0.5015237, 0.5032602, 0.503287, 0.5034832, 0.50229514, 0.50279677, 0.50142485, 0.5039581, 0.50161636, 0.5027827, 0.50163037, 0.5029691, 0.50451165, 0.5052929, 0.5022958, 0.5017367, 0.50196564, 0.50164074, 0.5011081, 0.5010522, 0.50369143, 0.50393206, 0.501044, 0.50307846, 0.50097626, 0.50119364, 0.50079244, 0.50090384, 0.5030502, 0.50347817, 0.5010814, 0.5028791, 0.5012924, 0.50206816, 0.50359356, 0.5044063, 0.5012214, 0.5045665, 0.50247145, 0.5024746, 0.50335884, 0.5025563, 0.50241727, 0.5025109, 0.5029268, 0.5012588, 0.50122154, 0.5012036, 0.5021959, 0.50113124, 0.5024025, 0.50105006, 0.5043461, 0.50360054, 0.50384897, 0.5020498, 0.50171393, 0.5012603, 0.50370795, 0.50417805, 0.50209075, 0.50129265, 0.50158787, 0.5017012, 0.50225717, 0.50308496, 0.50217915, 0.5017938, 0.5038032, 0.50153106, 0.5025843, 0.5038535, 0.50382006, 0.50325245, 0.50153494, 0.5012339, 0.5018246, 0.5041096, 0.5034175, 0.5011998, 0.5014079, 0.5011715, 0.5016849, 0.5019237, 0.50170505, 0.50129145, 0.5015018, 0.5014875, 0.5009861, 0.5009561, 0.502048, 0.50117207, 0.50139505, 0.5021751, 0.5042706, 0.5046464, 0.5013437, 0.5039094, 0.5027279, 0.5021389, 0.5016419, 0.5036045, 0.50637364, 0.5058615, 0.5063961, 0.5056177, 0.5052747, 0.505564, 0.506298, 0.50631505, 0.5063323, 0.50646466, 0.5061739, 0.50580806, 0.50616497, 0.50555414, 0.50556934, 0.50570196, 0.5062473, 0.5058768, 0.5060235, 0.50633126, 0.50645334, 0.5060505, 0.5060998, 0.5062968, 0.5060695, 0.506091, 0.50633264, 0.50610936, 0.50542396, 0.5063195, 0.5057633, 0.50552094, 0.50647366, 0.5056997, 0.506003, 0.5061744, 0.50578505, 0.5064138, 0.5059027, 0.5067876, 0.50572526, 0.505769, 0.5058818, 0.506692, 0.5061933, 0.5056601, 0.5059364, 0.5058967, 0.506115, 0.5048432, 0.506304, 0.505841, 0.50587326, 0.50611556, 0.50608313, 0.5063697, 0.5062442, 0.5055171, 0.5062008, 0.5060086, 0.5062106, 0.5068805, 0.50609803, 0.5060277, 0.5060584, 0.5058029, 0.5061087, 0.50590074, 0.506221, 0.5072791, 0.50598764, 0.505569, 0.5057491, 0.50648284, 0.5055421, 0.50573593, 0.50666493, 0.5063205, 0.50565577, 0.5062475, 0.5062682, 0.5060473, 0.505375, 0.5058515, 0.5060697, 0.5052083, 0.50629836, 0.50566417, 0.50571555, 0.50655276, 0.5064874, 0.5059148, 0.50614667, 0.50581867, 0.50651, 0.5057983, 0.5067414, 0.50588346, 0.50615996, 0.5062795, 0.5057674, 0.5056119, 0.50635713, 0.5059846, 0.5064289, 0.50615865, 0.5058871, 0.50636077, 0.5061426, 0.50596094, 0.50642425, 0.5058679, 0.50616884, 0.50628, 0.5059903, 0.50672567, 0.50642693, 0.5065543, 0.5065105, 0.50622976, 0.5062934, 0.5065537, 0.50730425, 0.50556815, 0.5053151, 0.50675666, 0.5058915, 0.50566834, 0.50557286, 0.50643003, 0.5059299, 0.5061353, 0.5067244, 0.50605077, 0.5059468, 0.5060373, 0.5059102, 0.5065069, 0.50682014, 0.506252, 0.5057518, 0.5060703, 0.50585806]
[0.5015936, 0.5028451, 0.5034292, 0.5033015, 0.5012322, 0.50105286, 0.50572985, 0.5002266, 0.50035024, 0.5024894, 0.50088316, 0.50251865, 0.5045993, 0.50633395, 0.5028076, 0.5038232, 0.50713956, 0.5035672, 0.5004214, 0.5075054, 0.5074751, 0.50037813, 0.50552714, 0.50504214, 0.50144124, 0.5005837, 0.50178576, 0.5003617, 0.50084317, 0.50244355, 0.50639963, 0.5031669, 0.5020353, 0.50359523, 0.5066522, 0.50677776, 0.50113964, 0.5054469, 0.50541645, 0.50078034, 0.50191027, 0.5033487, 0.5058272, 0.503198, 0.50060546, 0.5021707, 0.50294906, 0.5005196, 0.50393295, 0.5041935, 0.50362575, 0.5021443, 0.50211394, 0.50143516, 0.50123864, 0.50182265, 0.5006504, 0.5018251, 0.5013701, 0.5005738, 0.5008404, 0.5047903, 0.5059751, 0.5025563, 0.50554556, 0.50245595, 0.50462466, 0.50150615, 0.50192577, 0.5026446, 0.5084275, 0.5053068, 0.5047238, 0.5060742, 0.50526255, 0.50555015, 0.5057084, 0.5062587, 0.50133395, 0.5017092, 0.5024423, 0.50376594, 0.50102174, 0.49981767, 0.5014024, 0.5077753, 0.50654083, 0.50714034, 0.5043535, 0.5038588, 0.50291306, 0.50724256, 0.50784075, 0.5044903, 0.5037864, 0.503897, 0.5026117, 0.4999807, 0.500727, 0.5040095, 0.50392425, 0.5074928, 0.5000359, 0.5002534, 0.5072275, 0.5067096, 0.50622135, 0.50361025, 0.50236493, 0.5033811, 0.5081278, 0.5069539, 0.5028009, 0.5006213, 0.5016173, 0.5045446, 0.50433934, 0.5038278, 0.5027268, 0.50337076, 0.50385374, 0.5002793, 0.50147766, 0.50406367, 0.500337, 0.503659, 0.50511867, 0.5076968, 0.50894374, 0.50041074, 0.50750697, 0.5051141, 0.5032244, 0.50457126, 0.5079975, 0.51302534, 0.5113749, 0.5128068, 0.51053214, 0.5106341, 0.5107855, 0.51302886, 0.51280063, 0.5126807, 0.51320916, 0.5123878, 0.5114856, 0.51244104, 0.5109071, 0.5112225, 0.51124585, 0.5128832, 0.51140124, 0.5121925, 0.512906, 0.5131352, 0.51222247, 0.51241076, 0.5128414, 0.5116464, 0.5123929, 0.51323605, 0.5123467, 0.5111807, 0.51281357, 0.5110888, 0.5104143, 0.51274997, 0.51056397, 0.5115607, 0.51246434, 0.5120073, 0.5128203, 0.5121432, 0.5140385, 0.5119201, 0.51069874, 0.51079607, 0.5137841, 0.5133753, 0.5117073, 0.5122907, 0.51230484, 0.51252705, 0.50892955, 0.512538, 0.5113589, 0.51143444, 0.5121107, 0.51204926, 0.51288086, 0.51281244, 0.5114219, 0.5128652, 0.5117535, 0.51231384, 0.5140592, 0.5127484, 0.5125163, 0.51233184, 0.5123633, 0.5130749, 0.51140517, 0.5124994, 0.5149303, 0.5118593, 0.5108043, 0.51217693, 0.5132818, 0.5114971, 0.51142645, 0.51338804, 0.5131426, 0.5117126, 0.5125699, 0.5123566, 0.51278, 0.5106793, 0.5114172, 0.5128318, 0.50982475, 0.51306236, 0.510773, 0.5110679, 0.5124635, 0.5137656, 0.5121025, 0.51217943, 0.51166266, 0.51331574, 0.511472, 0.51375335, 0.51144755, 0.5121054, 0.51219803, 0.5108178, 0.51092166, 0.5127271, 0.5120611, 0.5131848, 0.51275337, 0.5120332, 0.51288, 0.51174355, 0.5129864, 0.5131974, 0.5121657, 0.5126379, 0.5126389, 0.5122733, 0.5142302, 0.5134931, 0.51379013, 0.51362145, 0.512231, 0.51239616, 0.5133112, 0.5151721, 0.5107447, 0.51031446, 0.5139773, 0.5119789, 0.5110488, 0.51082313, 0.513371, 0.5122633, 0.51265925, 0.5139897, 0.51214844, 0.51247317, 0.512319, 0.5121981, 0.5136886, 0.5143783, 0.512216, 0.5112172, 0.51208085, 0.5124505]
[0.50148875, 0.50154084, 0.50367475, 0.5032304, 0.5016504, 0.5016176, 0.50597364, 0.5001421, 0.50011265, 0.5028383, 0.5013975, 0.5030809, 0.5050031, 0.50744706, 0.5022426, 0.5033865, 0.508143, 0.5042708, 0.50077766, 0.507989, 0.50811726, 0.5003154, 0.5051123, 0.50467515, 0.5013151, 0.50085634, 0.50264513, 0.500098, 0.50231576, 0.50253636, 0.50620043, 0.50387025, 0.5017135, 0.5042813, 0.50771576, 0.5077392, 0.5013049, 0.5063033, 0.5059529, 0.5009513, 0.5017335, 0.5036046, 0.5063933, 0.50345975, 0.5015916, 0.5026242, 0.50347567, 0.5003558, 0.5050548, 0.50520825, 0.50479394, 0.50204253, 0.5019411, 0.5016573, 0.50160867, 0.50269014, 0.50060517, 0.50167364, 0.50404984, 0.502995, 0.50223726, 0.50589377, 0.5076986, 0.5023449, 0.50672376, 0.50260234, 0.5054555, 0.50183135, 0.5024158, 0.50202584, 0.50947315, 0.50549036, 0.5060595, 0.5069653, 0.5064642, 0.50566006, 0.50574994, 0.5062422, 0.5013349, 0.5018835, 0.50240976, 0.5049747, 0.5014481, 0.5008025, 0.50118566, 0.50839555, 0.5075654, 0.5079639, 0.50459415, 0.5042041, 0.5024389, 0.50759923, 0.507939, 0.50546926, 0.504067, 0.50381804, 0.50474006, 0.5002307, 0.5010696, 0.5045155, 0.50454485, 0.508277, 0.50016457, 0.50051993, 0.5080902, 0.50814575, 0.5074532, 0.5041069, 0.50261754, 0.50419694, 0.50889766, 0.50778157, 0.50397027, 0.50215083, 0.50309163, 0.5052067, 0.50540537, 0.50503135, 0.50391465, 0.5042491, 0.50408155, 0.5003727, 0.50189924, 0.5044995, 0.5007304, 0.5038289, 0.50491816, 0.5085529, 0.51005137, 0.5003342, 0.5084282, 0.50624794, 0.504491, 0.5043054, 0.50833195, 0.51358384, 0.51232445, 0.5127794, 0.5111452, 0.51089424, 0.51182014, 0.51366764, 0.51308614, 0.51330763, 0.5145071, 0.51373345, 0.51263684, 0.51262605, 0.5111701, 0.51152194, 0.5115845, 0.5133472, 0.5120769, 0.5125444, 0.51332754, 0.513048, 0.51287276, 0.5127199, 0.51359457, 0.5123915, 0.51317596, 0.51373744, 0.5124752, 0.51162404, 0.513776, 0.5121951, 0.5118303, 0.5135071, 0.51175207, 0.51247835, 0.5131765, 0.512069, 0.5138483, 0.51303643, 0.5144797, 0.51201546, 0.5114341, 0.5117317, 0.51398224, 0.5130933, 0.51165605, 0.5129658, 0.513025, 0.51330364, 0.5097116, 0.5133502, 0.5122358, 0.5120945, 0.5128705, 0.5130764, 0.5129613, 0.51335853, 0.5119293, 0.51315403, 0.5123693, 0.51301515, 0.5142757, 0.51272964, 0.5128345, 0.5129758, 0.51309687, 0.5137343, 0.5126, 0.5130387, 0.51529473, 0.51232487, 0.51115096, 0.51323456, 0.513628, 0.5120359, 0.5122277, 0.51374555, 0.5136285, 0.51242965, 0.5136334, 0.5123849, 0.51310843, 0.51138026, 0.5117693, 0.5125461, 0.51087284, 0.5135221, 0.5119919, 0.51159906, 0.5130177, 0.513647, 0.5126205, 0.5131158, 0.5120735, 0.5134841, 0.51237774, 0.5140304, 0.51215535, 0.5128906, 0.512963, 0.51214075, 0.51149523, 0.5135107, 0.5132034, 0.5135003, 0.51306933, 0.51240706, 0.51345986, 0.5124778, 0.51333255, 0.51323736, 0.512377, 0.51298106, 0.5128563, 0.51320475, 0.5143038, 0.51392114, 0.51413673, 0.51394606, 0.5130255, 0.51285696, 0.51415485, 0.51552796, 0.5111549, 0.5108026, 0.5144754, 0.5122913, 0.5117184, 0.5116994, 0.51362145, 0.51229256, 0.51293993, 0.5142991, 0.5126568, 0.5122831, 0.512312, 0.51246506, 0.5144158, 0.5144699, 0.5132589, 0.5116052, 0.51212347, 0.51309466]
[0.50105745, 0.50216985, 0.50178784, 0.5024532, 0.50135654, 0.5011053, 0.5047822, 0.5021842, 0.5022739, 0.50342745, 0.5019209, 0.5009337, 0.50291115, 0.5057008, 0.5013804, 0.50181705, 0.5066384, 0.50147384, 0.5027219, 0.50695395, 0.50695854, 0.5016138, 0.5047141, 0.50255764, 0.5007465, 0.5018023, 0.5013366, 0.50213885, 0.50149035, 0.5039648, 0.5060423, 0.5016096, 0.50079286, 0.50152683, 0.5057945, 0.50582945, 0.50244516, 0.5031293, 0.50422186, 0.5008764, 0.50361276, 0.50228614, 0.5052923, 0.5015939, 0.5031265, 0.5041531, 0.5044337, 0.5020365, 0.5020032, 0.502241, 0.5018804, 0.5012678, 0.5010031, 0.50313574, 0.5033272, 0.50102323, 0.50226605, 0.5010228, 0.5019472, 0.5018476, 0.50135666, 0.50404483, 0.50549537, 0.50113535, 0.5052727, 0.50112826, 0.50274897, 0.5033689, 0.50345427, 0.50092936, 0.50789285, 0.50499994, 0.5029468, 0.506041, 0.50442874, 0.50452626, 0.50530094, 0.50559264, 0.50078624, 0.50077814, 0.501014, 0.5038632, 0.50157607, 0.5016709, 0.50106645, 0.5073896, 0.505898, 0.506386, 0.50315523, 0.5025233, 0.5010606, 0.5062046, 0.5070181, 0.5035198, 0.50245285, 0.50227165, 0.5019022, 0.5021461, 0.50329983, 0.502402, 0.5027848, 0.5067066, 0.5013368, 0.5020941, 0.5065432, 0.5063214, 0.5052586, 0.5019088, 0.5006537, 0.50199854, 0.5073596, 0.5063194, 0.50068533, 0.5022077, 0.50106865, 0.501541, 0.5026317, 0.5021244, 0.5014222, 0.5013803, 0.5016097, 0.5017979, 0.5007799, 0.50283414, 0.5011893, 0.50202215, 0.50363857, 0.50705063, 0.508057, 0.5013781, 0.5068713, 0.50282264, 0.50112826, 0.50207686, 0.5067205, 0.5111989, 0.5101843, 0.51098907, 0.5095554, 0.5093145, 0.50976205, 0.5112333, 0.51125807, 0.5111018, 0.51126015, 0.5105225, 0.51000786, 0.5106981, 0.5099322, 0.5099732, 0.5098479, 0.51117796, 0.5105813, 0.5108621, 0.51108015, 0.5119364, 0.5111115, 0.51116085, 0.51137483, 0.5104593, 0.5111442, 0.511619, 0.51083344, 0.5096084, 0.5113074, 0.5104771, 0.5094981, 0.51143837, 0.5101366, 0.5106737, 0.51085496, 0.5107255, 0.5112891, 0.510468, 0.5122901, 0.5103549, 0.51013505, 0.5101599, 0.51202756, 0.5118476, 0.50999224, 0.51070744, 0.5106096, 0.511085, 0.5086166, 0.51122063, 0.51017314, 0.51002073, 0.5104467, 0.5107926, 0.5116571, 0.511512, 0.5101786, 0.51128894, 0.51028186, 0.5107584, 0.5123619, 0.5111286, 0.51088727, 0.5109096, 0.5103443, 0.5108841, 0.51017797, 0.51130813, 0.512943, 0.5103328, 0.50984436, 0.51073325, 0.5117472, 0.5097752, 0.51029843, 0.5117747, 0.51154065, 0.5104828, 0.51081824, 0.5110521, 0.51091224, 0.50972533, 0.5106767, 0.5111712, 0.5091473, 0.51139116, 0.50974584, 0.5098075, 0.51150626, 0.5117563, 0.5108761, 0.51116884, 0.51075745, 0.51193804, 0.5101401, 0.5122885, 0.51038426, 0.5110587, 0.51078874, 0.509972, 0.51025134, 0.51106924, 0.5106575, 0.5115754, 0.51118076, 0.51048326, 0.51124305, 0.510807, 0.510902, 0.51162136, 0.5105857, 0.5110686, 0.5113206, 0.5103223, 0.512347, 0.5118422, 0.51195073, 0.51163703, 0.5111725, 0.51112986, 0.5118874, 0.513098, 0.509509, 0.50919104, 0.512249, 0.5106213, 0.50993097, 0.50996435, 0.5118538, 0.5106373, 0.51100653, 0.51208246, 0.5107475, 0.51100415, 0.5109217, 0.5108621, 0.51173365, 0.5127049, 0.51113373, 0.509825, 0.51086235, 0.51043254]
[0.4996828, 0.49948847, 0.5007443, 0.4993298, 0.49933177, 0.49974537, 0.50515974, 0.5008683, 0.5007862, 0.5019536, 0.5012849, 0.4991649, 0.50234795, 0.5072603, 0.499663, 0.49963012, 0.5079889, 0.49939182, 0.5009482, 0.51018256, 0.5096452, 0.50048923, 0.5057056, 0.50395113, 0.49988273, 0.50013775, 0.4993377, 0.5005024, 0.5003401, 0.50197184, 0.5078803, 0.49933475, 0.4997997, 0.49998903, 0.50734913, 0.5084561, 0.5010743, 0.5045531, 0.5040081, 0.49996567, 0.5014787, 0.5002848, 0.50558233, 0.50005454, 0.5012989, 0.5018672, 0.50229853, 0.500606, 0.5015783, 0.5006913, 0.5003303, 0.49927318, 0.4994618, 0.5016901, 0.5016067, 0.49968717, 0.50088245, 0.49944618, 0.4999467, 0.5004809, 0.5001799, 0.5018436, 0.5069205, 0.49923906, 0.50541997, 0.49935836, 0.5019835, 0.5012876, 0.50100523, 0.49963275, 0.5112328, 0.50473887, 0.501863, 0.5080736, 0.50570935, 0.50512046, 0.5058888, 0.5062587, 0.50024503, 0.49999416, 0.49971193, 0.5032612, 0.49936554, 0.5009576, 0.49970394, 0.509582, 0.50873584, 0.5084118, 0.5014913, 0.50080264, 0.49908793, 0.50828975, 0.5100809, 0.5030351, 0.500979, 0.5002737, 0.49988654, 0.5007829, 0.5013745, 0.499332, 0.49995792, 0.5093419, 0.5002775, 0.5006434, 0.50854474, 0.50876695, 0.5070293, 0.5016617, 0.49952242, 0.5000126, 0.51031345, 0.50804937, 0.49964318, 0.5007746, 0.499645, 0.4991911, 0.50316197, 0.5017965, 0.5002123, 0.5000553, 0.49985233, 0.5005549, 0.49994105, 0.5016731, 0.49999166, 0.4999488, 0.50328916, 0.50892705, 0.5112352, 0.50038344, 0.5098211, 0.50373006, 0.50047404, 0.5026934, 0.51018447, 0.5173864, 0.5156227, 0.5165663, 0.5133563, 0.51367396, 0.51464427, 0.5176083, 0.5171343, 0.51691025, 0.51789534, 0.5166629, 0.51536644, 0.5161295, 0.5144271, 0.514824, 0.51434284, 0.51642144, 0.51536834, 0.516611, 0.51703346, 0.5176591, 0.5160432, 0.51713884, 0.5175342, 0.51591754, 0.51691896, 0.5177824, 0.5164039, 0.5140994, 0.51703465, 0.51496184, 0.5138408, 0.5173891, 0.51458234, 0.5158716, 0.5167191, 0.5158041, 0.5174132, 0.5159952, 0.5184207, 0.51559645, 0.51461375, 0.5146741, 0.51879567, 0.5180209, 0.5147677, 0.5161417, 0.5167224, 0.5164958, 0.5114019, 0.51614124, 0.51475453, 0.51427484, 0.5153736, 0.5164903, 0.5172464, 0.5169516, 0.51477736, 0.5173336, 0.51519495, 0.5163563, 0.5187975, 0.51720554, 0.51692426, 0.5166164, 0.5166357, 0.51744515, 0.5146178, 0.5159987, 0.52011216, 0.5149741, 0.5141674, 0.5166136, 0.51786023, 0.5151413, 0.51541847, 0.51756877, 0.51752555, 0.51565146, 0.51653224, 0.5162433, 0.5166947, 0.5139393, 0.51564944, 0.5165814, 0.5130817, 0.51735747, 0.51434267, 0.5141941, 0.51672715, 0.51848906, 0.51593316, 0.5166985, 0.51625687, 0.51779675, 0.5149349, 0.51841533, 0.5151765, 0.51624334, 0.51595783, 0.51495665, 0.5145913, 0.51680857, 0.5162452, 0.51753366, 0.51692647, 0.5160877, 0.5174025, 0.5160786, 0.5172993, 0.51742834, 0.51581544, 0.51664287, 0.51688063, 0.51629084, 0.5192496, 0.51799977, 0.51882195, 0.5177256, 0.51648027, 0.5162126, 0.51801735, 0.52027386, 0.5141923, 0.51294637, 0.51842797, 0.51536244, 0.51492923, 0.51417774, 0.51755977, 0.5161951, 0.5165476, 0.5183933, 0.5151662, 0.5163724, 0.51634896, 0.51640743, 0.5181184, 0.51992846, 0.51678014, 0.5142677, 0.51551974, 0.51635456]
[0.50199634, 0.5022972, 0.50299996, 0.5028113, 0.50207037, 0.50201875, 0.5057299, 0.5017417, 0.5013664, 0.5049628, 0.50294584, 0.50169516, 0.5038137, 0.5057743, 0.5013195, 0.5027915, 0.50694084, 0.5032981, 0.503612, 0.50689244, 0.5068951, 0.5033079, 0.5034765, 0.5036766, 0.50168955, 0.50261253, 0.5022777, 0.5032244, 0.50200677, 0.50556934, 0.5060698, 0.5032311, 0.5013331, 0.5030983, 0.50597024, 0.5059195, 0.5043133, 0.5052683, 0.5055189, 0.5015175, 0.5052998, 0.50258565, 0.50493926, 0.50232184, 0.505449, 0.5072151, 0.50696933, 0.5035258, 0.50306267, 0.50332785, 0.5028378, 0.5014333, 0.50137305, 0.5047711, 0.5049166, 0.5018138, 0.5037365, 0.50171036, 0.50275373, 0.50197923, 0.502168, 0.5054752, 0.5067311, 0.5015728, 0.5054603, 0.50203294, 0.5037555, 0.5044323, 0.5056544, 0.5015183, 0.50829154, 0.5049277, 0.50542194, 0.5064478, 0.5055993, 0.50478464, 0.50513816, 0.5054903, 0.50277525, 0.50252753, 0.5030563, 0.5047566, 0.5019543, 0.501872, 0.50122625, 0.5073701, 0.50610477, 0.5064605, 0.50393593, 0.5034915, 0.5012693, 0.50631243, 0.507033, 0.5041396, 0.5017114, 0.50339144, 0.5042241, 0.50262237, 0.50322527, 0.5044146, 0.5038362, 0.50694466, 0.5020168, 0.503882, 0.50688714, 0.5067172, 0.5059327, 0.50272036, 0.5015474, 0.5031175, 0.50750256, 0.5068873, 0.5030487, 0.5016534, 0.50280005, 0.50358725, 0.5039729, 0.5035838, 0.50272787, 0.5029276, 0.5030506, 0.5016708, 0.5019303, 0.5039985, 0.50118864, 0.5022598, 0.5042043, 0.5077453, 0.5082193, 0.50285304, 0.50684106, 0.5056211, 0.5043923, 0.5028587, 0.50635755, 0.5104617, 0.509635, 0.5106888, 0.5098575, 0.5094479, 0.50938326, 0.51055086, 0.5105989, 0.5106769, 0.5105203, 0.51033074, 0.50978947, 0.51008236, 0.5090854, 0.50930494, 0.5095057, 0.5106456, 0.51003283, 0.5103719, 0.51023185, 0.51062244, 0.51035583, 0.5101916, 0.5103234, 0.50997555, 0.5104886, 0.5106863, 0.5103842, 0.50922614, 0.5105399, 0.51000184, 0.5094545, 0.51058626, 0.5096767, 0.5100963, 0.51041454, 0.5093981, 0.51072407, 0.5097591, 0.5113188, 0.50966686, 0.5095833, 0.50975025, 0.5109022, 0.51072764, 0.5096067, 0.50975364, 0.50996363, 0.510198, 0.508512, 0.5106031, 0.5100844, 0.5099625, 0.51008004, 0.50996906, 0.51054597, 0.51080626, 0.5092195, 0.51034266, 0.51020515, 0.51020753, 0.5112161, 0.5100278, 0.50986856, 0.51021343, 0.5098474, 0.5102242, 0.5101004, 0.5107955, 0.51178336, 0.5101982, 0.50979203, 0.5101516, 0.5108291, 0.50949335, 0.509672, 0.51113224, 0.510676, 0.5096446, 0.51058716, 0.51036507, 0.5100957, 0.509015, 0.5099133, 0.5103683, 0.50887114, 0.5108218, 0.5098008, 0.5094892, 0.51084894, 0.5106691, 0.50976026, 0.5105308, 0.5097814, 0.51088923, 0.5099415, 0.51105785, 0.5100017, 0.51059544, 0.5105163, 0.5096804, 0.5096331, 0.5106629, 0.5101785, 0.5109314, 0.5101672, 0.50976855, 0.51054955, 0.5099997, 0.5098257, 0.51081717, 0.50969034, 0.51024324, 0.51027507, 0.51017106, 0.5112279, 0.51093215, 0.5108545, 0.5108581, 0.5102861, 0.51084906, 0.51093495, 0.51187754, 0.50947, 0.50919527, 0.51122725, 0.50992244, 0.50959444, 0.50946087, 0.5108685, 0.5096061, 0.5101106, 0.5108821, 0.5102681, 0.5100728, 0.51003677, 0.50997293, 0.51089424, 0.5112964, 0.5104108, 0.5095038, 0.5101854, 0.50989246]
[0.5014569, 0.50247204, 0.5033604, 0.50302714, 0.5012295, 0.50129616, 0.50658447, 0.50002885, 0.49995863, 0.5011483, 0.500498, 0.5017152, 0.5042748, 0.50666106, 0.50225246, 0.50242364, 0.5074465, 0.5016105, 0.5004045, 0.5088587, 0.50878733, 0.50006264, 0.5054376, 0.50443745, 0.5007035, 0.5002341, 0.50184673, 0.50006616, 0.50008, 0.5012641, 0.50763893, 0.50263757, 0.5010092, 0.502288, 0.5069826, 0.50683695, 0.5006329, 0.50422734, 0.50552475, 0.5004983, 0.50105166, 0.5020772, 0.5053113, 0.5018134, 0.50088763, 0.5014725, 0.5017076, 0.50017565, 0.50285023, 0.50215226, 0.5026902, 0.5015435, 0.50138825, 0.50084466, 0.50107044, 0.50059366, 0.50030065, 0.50112784, 0.500339, 0.50024056, 0.5006058, 0.504352, 0.5063085, 0.50159687, 0.50577354, 0.50129914, 0.5034128, 0.5007375, 0.50079596, 0.50191087, 0.50964475, 0.5051947, 0.5047366, 0.50665754, 0.5050307, 0.5058634, 0.50580335, 0.50588715, 0.5013385, 0.50098574, 0.50171065, 0.5041422, 0.50122124, 0.49998438, 0.501474, 0.50894576, 0.5074107, 0.50803053, 0.50452614, 0.50338954, 0.50228703, 0.5076166, 0.5091058, 0.5041076, 0.50287896, 0.5029273, 0.50208604, 0.50016826, 0.50076956, 0.5043129, 0.5029788, 0.5079033, 0.500069, 0.50016636, 0.50841576, 0.50707704, 0.5057417, 0.502395, 0.500768, 0.50157607, 0.50875616, 0.5069695, 0.50074005, 0.5001304, 0.50106066, 0.50301397, 0.5042756, 0.50346494, 0.50212634, 0.50254476, 0.5025942, 0.49997282, 0.50074303, 0.50412333, 0.500292, 0.50260013, 0.504934, 0.5086566, 0.50971323, 0.50025785, 0.5080779, 0.50535786, 0.50266784, 0.50407, 0.50872505, 0.5139258, 0.51217324, 0.513832, 0.5115328, 0.51156116, 0.51178086, 0.51407397, 0.51392674, 0.51357996, 0.5134933, 0.51266295, 0.51233906, 0.5130321, 0.5117598, 0.5122351, 0.5128899, 0.5139241, 0.5126912, 0.5135757, 0.51354295, 0.5143283, 0.51318944, 0.513479, 0.5138007, 0.5128078, 0.51365906, 0.51390696, 0.5133023, 0.5122009, 0.51378727, 0.5124296, 0.5112549, 0.5133746, 0.5115143, 0.51301616, 0.51353526, 0.5128235, 0.5136436, 0.5127637, 0.51469177, 0.5124898, 0.51221555, 0.5121975, 0.5147364, 0.5146078, 0.5127124, 0.5131865, 0.51343685, 0.5134761, 0.5099809, 0.5135883, 0.5126574, 0.51231414, 0.5127574, 0.5128998, 0.51409715, 0.5137349, 0.5122045, 0.51352483, 0.513121, 0.5133317, 0.51488197, 0.51353997, 0.51330805, 0.51339835, 0.5131923, 0.5135617, 0.5125762, 0.51367646, 0.5156863, 0.5128944, 0.5119874, 0.51285976, 0.51405007, 0.5119823, 0.512211, 0.51436377, 0.5138227, 0.51271987, 0.51321715, 0.5136964, 0.51360387, 0.51151556, 0.51285255, 0.5137015, 0.51099604, 0.51409125, 0.51195616, 0.51209354, 0.514083, 0.514777, 0.51301706, 0.51339686, 0.5128741, 0.5146803, 0.512209, 0.514851, 0.51246333, 0.51330686, 0.5132966, 0.5119075, 0.5124699, 0.5137548, 0.5126399, 0.51405656, 0.5136639, 0.5129646, 0.5137511, 0.5132048, 0.5132818, 0.51461196, 0.51289034, 0.5135932, 0.5138606, 0.51307887, 0.5150407, 0.51424885, 0.5145664, 0.51449513, 0.5133474, 0.5134765, 0.5143454, 0.5156099, 0.5119272, 0.5115515, 0.5147529, 0.5125946, 0.5121605, 0.51190907, 0.51451534, 0.5133528, 0.5134979, 0.5147432, 0.5130984, 0.51336306, 0.513708, 0.51313853, 0.5143481, 0.5152541, 0.5132199, 0.51219225, 0.51326305, 0.5129107]
[0.5023428, 0.50105006, 0.5015132, 0.5016719, 0.50197995, 0.5023021, 0.5063257, 0.502957, 0.50355357, 0.50693804, 0.50534886, 0.50120145, 0.5022532, 0.50564265, 0.50101686, 0.50068355, 0.50785965, 0.50068855, 0.5043948, 0.5083336, 0.50810325, 0.5038854, 0.50362724, 0.5019259, 0.50235647, 0.5036088, 0.5009927, 0.5037266, 0.50383663, 0.5071813, 0.5069646, 0.50074244, 0.5019407, 0.50038373, 0.5062767, 0.50615734, 0.50511855, 0.50296277, 0.5045679, 0.50266105, 0.5059841, 0.5003926, 0.50455624, 0.500652, 0.5046763, 0.50625074, 0.5066422, 0.50252473, 0.5006705, 0.50043917, 0.50044394, 0.50173503, 0.5016856, 0.5059319, 0.505696, 0.5027163, 0.50463253, 0.5020107, 0.50224805, 0.503386, 0.5027781, 0.504283, 0.5067622, 0.5013357, 0.5045356, 0.5008156, 0.5020195, 0.5057187, 0.5063303, 0.50167483, 0.5092127, 0.5037339, 0.503733, 0.50644654, 0.5038057, 0.50413907, 0.50489753, 0.5051848, 0.50165236, 0.5021589, 0.5006577, 0.50071555, 0.50332206, 0.50479513, 0.5027744, 0.50861526, 0.5068594, 0.5076039, 0.50189006, 0.50148773, 0.50086033, 0.5065754, 0.5087046, 0.50251865, 0.50081277, 0.5018612, 0.5015623, 0.504792, 0.5053945, 0.50174814, 0.50048393, 0.50786024, 0.50335443, 0.5040952, 0.5073619, 0.50712156, 0.50580716, 0.5005296, 0.50260556, 0.5009181, 0.508837, 0.5074844, 0.5004257, 0.5017214, 0.50132376, 0.5033106, 0.50234216, 0.50142765, 0.5009059, 0.5003201, 0.5004529, 0.5035338, 0.50185215, 0.5016137, 0.5031318, 0.5006117, 0.5029011, 0.50882846, 0.50991356, 0.50383663, 0.5076685, 0.5041585, 0.50212485, 0.5023439, 0.50803095, 0.51459914, 0.5124979, 0.51405895, 0.51174945, 0.51145786, 0.51199406, 0.5146665, 0.5146235, 0.51423687, 0.51429254, 0.513425, 0.51229227, 0.5134177, 0.5121111, 0.51205176, 0.51227134, 0.5144968, 0.5131056, 0.5134536, 0.51381314, 0.5146791, 0.51387453, 0.51392996, 0.5142624, 0.51275665, 0.5140827, 0.5145978, 0.5139967, 0.51227367, 0.51422185, 0.5127529, 0.5116499, 0.5140585, 0.5117875, 0.5133849, 0.5139211, 0.5131443, 0.5143529, 0.5132806, 0.5152359, 0.5129181, 0.5121494, 0.5122151, 0.51554495, 0.5148655, 0.5129384, 0.5137118, 0.51361847, 0.5138803, 0.5096206, 0.5144708, 0.51304704, 0.5129394, 0.5131196, 0.5133747, 0.5140502, 0.51435846, 0.51228976, 0.51377517, 0.51326525, 0.5140455, 0.51571155, 0.51382965, 0.513531, 0.514076, 0.51349485, 0.51419985, 0.51268226, 0.5143159, 0.51652294, 0.5132212, 0.51228446, 0.5135368, 0.5146592, 0.51215345, 0.5124621, 0.5150594, 0.5144878, 0.5128042, 0.5137983, 0.5136716, 0.5138485, 0.5116679, 0.5129302, 0.51399535, 0.5107786, 0.51431996, 0.5122227, 0.51224095, 0.514446, 0.51532483, 0.5131835, 0.51362306, 0.51276445, 0.5149565, 0.51298016, 0.5152875, 0.513009, 0.51404405, 0.51371706, 0.51218134, 0.5127527, 0.5143282, 0.51340437, 0.5145137, 0.5138474, 0.51310825, 0.5145301, 0.5134423, 0.5141992, 0.5149196, 0.51330954, 0.5141083, 0.51431173, 0.5135428, 0.51591974, 0.51487947, 0.5151731, 0.51501197, 0.5137277, 0.5140003, 0.51505744, 0.51653576, 0.51206523, 0.51170355, 0.51536477, 0.51303315, 0.51234317, 0.5120478, 0.5149496, 0.5136478, 0.51387304, 0.5152459, 0.5130742, 0.5136865, 0.513656, 0.51328564, 0.51490504, 0.5156601, 0.5135628, 0.5128595, 0.51383984, 0.5134024]
[0.50335985, 0.50188315, 0.50096554, 0.50090706, 0.5023193, 0.5023421, 0.5039734, 0.5053999, 0.504417, 0.5082186, 0.5064218, 0.5020718, 0.5020487, 0.5042166, 0.50236976, 0.5011596, 0.50544745, 0.5010474, 0.50590193, 0.505791, 0.50568, 0.5056355, 0.50186044, 0.50160784, 0.50366014, 0.5046564, 0.5020743, 0.50541794, 0.5046481, 0.50849086, 0.50385815, 0.50179857, 0.50427556, 0.5018554, 0.50472057, 0.5043911, 0.50666696, 0.5018309, 0.50362265, 0.5050848, 0.5075801, 0.50216496, 0.5024329, 0.50104, 0.5064721, 0.5081543, 0.50877285, 0.50485635, 0.50101906, 0.5010095, 0.5010448, 0.50207067, 0.50223285, 0.50660735, 0.5068235, 0.5031752, 0.50567114, 0.5037341, 0.50338846, 0.5049673, 0.503784, 0.50189567, 0.50466174, 0.5027117, 0.50334644, 0.5025095, 0.50147843, 0.50776184, 0.5072652, 0.5028575, 0.5067837, 0.5025366, 0.50218713, 0.50459903, 0.50271654, 0.5026974, 0.5029209, 0.5034197, 0.5029545, 0.50278026, 0.5021954, 0.5017106, 0.50346094, 0.5055225, 0.50428903, 0.505981, 0.5048246, 0.50509375, 0.5015746, 0.5012782, 0.5026556, 0.5047934, 0.50606835, 0.5016818, 0.50120723, 0.5011173, 0.5018241, 0.5060865, 0.5071437, 0.5017307, 0.50130075, 0.5054133, 0.5049344, 0.5056758, 0.5049212, 0.5049937, 0.5039714, 0.50171995, 0.5038672, 0.50233376, 0.5061208, 0.50499386, 0.5024007, 0.5043173, 0.5028826, 0.5007965, 0.50174236, 0.5012985, 0.5013172, 0.5009804, 0.5010895, 0.5046459, 0.5026412, 0.50154006, 0.50399774, 0.5009628, 0.502592, 0.5059499, 0.50693005, 0.5045484, 0.50563246, 0.50212824, 0.5014452, 0.5015057, 0.5051273, 0.5097351, 0.5087429, 0.50950366, 0.5081721, 0.5077921, 0.50830746, 0.50986975, 0.5097592, 0.50973463, 0.5097025, 0.5091809, 0.5086942, 0.50915974, 0.5083176, 0.50838405, 0.5085346, 0.50967103, 0.5092493, 0.5092697, 0.50918233, 0.51004434, 0.5092965, 0.5093239, 0.5098554, 0.50904226, 0.50955164, 0.5099806, 0.50933695, 0.50810647, 0.50973886, 0.5089788, 0.50815344, 0.50959796, 0.5085307, 0.509115, 0.50934166, 0.50881493, 0.5099012, 0.50898254, 0.51031387, 0.5087152, 0.5087455, 0.50867516, 0.510451, 0.50991714, 0.5085029, 0.5090468, 0.5092757, 0.5092913, 0.50695956, 0.5097385, 0.50890684, 0.5088013, 0.5089662, 0.5091633, 0.50945395, 0.5096806, 0.50864875, 0.50935996, 0.50894594, 0.50925916, 0.5106006, 0.50927144, 0.5090302, 0.509449, 0.509003, 0.509344, 0.50860876, 0.5097861, 0.5110933, 0.5090646, 0.5084795, 0.5091123, 0.50986093, 0.50832, 0.50854677, 0.51022524, 0.5099031, 0.5090382, 0.5094479, 0.5093154, 0.509182, 0.50830936, 0.5088524, 0.5092924, 0.5080904, 0.5100354, 0.5083615, 0.50824267, 0.5099319, 0.5103257, 0.5092121, 0.5095714, 0.5087699, 0.5101925, 0.5087084, 0.510468, 0.5088704, 0.50938475, 0.50957155, 0.5085899, 0.5086339, 0.5094912, 0.5092636, 0.5098491, 0.5094028, 0.5089016, 0.50960904, 0.5095029, 0.50929594, 0.50978243, 0.5089624, 0.5094258, 0.50971293, 0.5091075, 0.51057196, 0.51021516, 0.5102615, 0.51019573, 0.5094746, 0.50947547, 0.5101328, 0.51133764, 0.50839674, 0.5080505, 0.51047647, 0.5089499, 0.5084618, 0.5083789, 0.510084, 0.50894886, 0.50910217, 0.5101629, 0.50932395, 0.5090849, 0.5091905, 0.5089698, 0.51008755, 0.51074463, 0.50964093, 0.5084119, 0.5091227, 0.50906223]
[0.49958098, 0.49950838, 0.5035058, 0.5006324, 0.49967358, 0.50096375, 0.5078458, 0.50133264, 0.50115955, 0.5018984, 0.50103605, 0.4996868, 0.5046448, 0.50845903, 0.50037265, 0.50231516, 0.5074305, 0.49905077, 0.50184643, 0.5110216, 0.510339, 0.5009608, 0.5061952, 0.50490594, 0.4997418, 0.5003068, 0.4991591, 0.5008788, 0.5006051, 0.5026997, 0.50866246, 0.49904564, 0.500268, 0.49974906, 0.5088993, 0.50838566, 0.5015097, 0.5045361, 0.506007, 0.50028443, 0.50215554, 0.5005743, 0.5067233, 0.500312, 0.50167406, 0.50238854, 0.5027031, 0.5004019, 0.5019254, 0.50086135, 0.5007848, 0.4992112, 0.4990802, 0.5017653, 0.50181276, 0.49900883, 0.50111794, 0.49914613, 0.49999368, 0.5007552, 0.49984902, 0.50336075, 0.5081335, 0.49928713, 0.50817806, 0.49908435, 0.50429547, 0.5015655, 0.50210005, 0.49933624, 0.5121391, 0.5063664, 0.504475, 0.50862193, 0.5069522, 0.50735325, 0.50641906, 0.5079917, 0.49995792, 0.50021476, 0.49938813, 0.5039654, 0.49945068, 0.50063634, 0.49916807, 0.51086164, 0.50964653, 0.5096083, 0.5026312, 0.5020344, 0.4991902, 0.5087013, 0.5105781, 0.5039337, 0.50085074, 0.5010271, 0.4990728, 0.5010877, 0.5015316, 0.50177497, 0.50064415, 0.5098157, 0.5004653, 0.5005524, 0.5087297, 0.50906515, 0.50778246, 0.50116795, 0.49950826, 0.5011921, 0.5103747, 0.50828826, 0.49942482, 0.50086504, 0.4995405, 0.5009209, 0.5045623, 0.5029926, 0.50107604, 0.5020226, 0.50234383, 0.49999583, 0.49920484, 0.5036785, 0.50018775, 0.5029075, 0.50612676, 0.5097729, 0.51235974, 0.5004708, 0.51080304, 0.50303096, 0.4996769, 0.50134325, 0.5103767, 0.5181668, 0.5160676, 0.5176982, 0.51423025, 0.5143499, 0.51564056, 0.5188382, 0.51846874, 0.5182447, 0.51782477, 0.5170656, 0.51602304, 0.51673794, 0.51592034, 0.51526564, 0.51520956, 0.5182263, 0.5169147, 0.5174431, 0.51754415, 0.5187433, 0.5169642, 0.51773524, 0.51850826, 0.5165221, 0.51797634, 0.5184234, 0.5169947, 0.51489586, 0.51841295, 0.5160181, 0.51395607, 0.5177315, 0.5158818, 0.51686805, 0.51738197, 0.5169583, 0.518388, 0.516286, 0.51982105, 0.5161682, 0.51610523, 0.51610434, 0.51951957, 0.51859444, 0.5151948, 0.51691747, 0.5173548, 0.5175202, 0.5124188, 0.51752496, 0.5155208, 0.5157707, 0.5163943, 0.5175223, 0.51808715, 0.5176596, 0.51563036, 0.5178288, 0.51636213, 0.51718843, 0.519624, 0.5177269, 0.5171931, 0.51758826, 0.5168386, 0.51736933, 0.5159237, 0.51775986, 0.5208809, 0.51658094, 0.5156213, 0.5175126, 0.5185141, 0.51543385, 0.5158039, 0.5187206, 0.5186095, 0.5169485, 0.51697993, 0.5174394, 0.5170845, 0.5154264, 0.516628, 0.51704186, 0.5149735, 0.5187448, 0.51426524, 0.5149691, 0.5191486, 0.5197415, 0.517019, 0.5180264, 0.5159437, 0.5189776, 0.51600254, 0.5198751, 0.5168285, 0.5171652, 0.5174085, 0.5161792, 0.5164723, 0.51775694, 0.51689345, 0.5185735, 0.5173995, 0.51628596, 0.5177862, 0.5178942, 0.5177177, 0.51820236, 0.5162283, 0.5176713, 0.518281, 0.51711804, 0.5200123, 0.51884925, 0.5193659, 0.5188385, 0.5175507, 0.51704645, 0.51883477, 0.5211059, 0.515682, 0.5148097, 0.5195357, 0.51640993, 0.5163471, 0.51635337, 0.5188088, 0.51708394, 0.5167483, 0.51929444, 0.51681435, 0.5170864, 0.5171751, 0.51672596, 0.5189627, 0.5205152, 0.5180778, 0.51511896, 0.517164, 0.5166744]
[0.50058085, 0.5010255, 0.5019545, 0.50201863, 0.5005014, 0.50043845, 0.5041922, 0.5019746, 0.50314134, 0.50564706, 0.5036787, 0.50123066, 0.50301325, 0.5044566, 0.50086606, 0.50228393, 0.5052932, 0.5014121, 0.5043778, 0.5059225, 0.5058191, 0.5028997, 0.50307155, 0.5018988, 0.5020399, 0.5023241, 0.50092834, 0.50312936, 0.5017412, 0.506591, 0.50541675, 0.5012004, 0.50168633, 0.50090975, 0.50439173, 0.5046022, 0.50434697, 0.50306946, 0.5039746, 0.5024434, 0.506016, 0.5012343, 0.50393224, 0.50159067, 0.50477076, 0.5065396, 0.5073299, 0.5034757, 0.50179505, 0.5018427, 0.50175154, 0.5007984, 0.50107914, 0.5049978, 0.50571185, 0.500608, 0.5046452, 0.50160897, 0.5009617, 0.50240344, 0.50113094, 0.50418687, 0.50496876, 0.50055844, 0.5042708, 0.50055474, 0.50252795, 0.5053106, 0.50553477, 0.500552, 0.5068799, 0.5039808, 0.50356656, 0.5049028, 0.50358576, 0.50379527, 0.50383174, 0.50442064, 0.50070184, 0.5005067, 0.50058144, 0.5028448, 0.5006745, 0.502867, 0.50031525, 0.5062078, 0.5050595, 0.5055593, 0.5031652, 0.50229126, 0.50058544, 0.504714, 0.506165, 0.50263524, 0.5016699, 0.50152606, 0.50159013, 0.503606, 0.504557, 0.5031162, 0.5019774, 0.50570536, 0.5017519, 0.5039182, 0.50536084, 0.5052484, 0.50444466, 0.50132185, 0.50099427, 0.50146335, 0.50608563, 0.50511044, 0.50041646, 0.5021742, 0.50063354, 0.5021667, 0.5028254, 0.5023103, 0.5014133, 0.5015351, 0.501584, 0.50171256, 0.50068265, 0.50234175, 0.5028495, 0.50199616, 0.50320524, 0.5061319, 0.5072268, 0.5024783, 0.5055771, 0.5033707, 0.5017456, 0.5013903, 0.50515056, 0.51041144, 0.50928146, 0.51050365, 0.50887966, 0.508322, 0.50899434, 0.5105138, 0.5107163, 0.5104546, 0.51052123, 0.50990015, 0.5093125, 0.50981605, 0.5093145, 0.5086676, 0.50872284, 0.51060826, 0.5098142, 0.5100326, 0.51013035, 0.5110082, 0.510172, 0.51029974, 0.5104885, 0.5093613, 0.51051265, 0.5107571, 0.50977015, 0.5087219, 0.5105535, 0.5091997, 0.5084852, 0.5106802, 0.5091085, 0.5097624, 0.5101602, 0.5097939, 0.51042855, 0.50949675, 0.51149046, 0.5094548, 0.5092573, 0.50924104, 0.51132995, 0.51075083, 0.5091584, 0.5100054, 0.51002043, 0.5102347, 0.50728357, 0.5101608, 0.50932235, 0.5093285, 0.50984937, 0.509932, 0.51060146, 0.51071876, 0.50908124, 0.5100942, 0.5098448, 0.51005065, 0.5116069, 0.51018846, 0.5098924, 0.51043594, 0.50948125, 0.5099659, 0.5092993, 0.51041853, 0.5123968, 0.5097531, 0.5091387, 0.5097751, 0.5107317, 0.5087392, 0.5091674, 0.51125586, 0.5109188, 0.50942665, 0.51018876, 0.51017714, 0.50963, 0.5086977, 0.50955385, 0.51012427, 0.50832075, 0.5108786, 0.50870943, 0.5085625, 0.51101, 0.5111328, 0.5098611, 0.5102602, 0.50942284, 0.51113755, 0.5094244, 0.5116674, 0.5098641, 0.51019746, 0.5102056, 0.509315, 0.50932175, 0.5104102, 0.5098247, 0.5108684, 0.50989735, 0.50930136, 0.51049757, 0.5100814, 0.51001036, 0.51067555, 0.50934964, 0.51030135, 0.51045346, 0.5096625, 0.511475, 0.51104677, 0.51114565, 0.511054, 0.51031107, 0.5103145, 0.51079834, 0.51223993, 0.5088112, 0.50851315, 0.51148444, 0.50971746, 0.5091768, 0.509043, 0.5112322, 0.50960076, 0.5098112, 0.5110722, 0.5099039, 0.5098413, 0.5099576, 0.50983137, 0.5112121, 0.51193756, 0.5105342, 0.50904834, 0.5101455, 0.50946355]
[0.50074846, 0.50091845, 0.50208014, 0.5020409, 0.50084317, 0.50075257, 0.50465024, 0.50336075, 0.5029517, 0.50549084, 0.5040804, 0.5009501, 0.50334865, 0.5058835, 0.500962, 0.5025108, 0.50646317, 0.501138, 0.50472736, 0.50725746, 0.5071641, 0.5032574, 0.5029568, 0.5026294, 0.50260746, 0.5025472, 0.5009131, 0.5031974, 0.502182, 0.5062028, 0.50551075, 0.50127435, 0.50196755, 0.5012275, 0.5058186, 0.5061103, 0.50436133, 0.5036946, 0.50426525, 0.50242186, 0.5060513, 0.5016104, 0.50484586, 0.5012428, 0.5046583, 0.50612456, 0.50676227, 0.50358856, 0.5019535, 0.5027038, 0.50149554, 0.5014925, 0.5012348, 0.5049896, 0.5052662, 0.5016947, 0.5044662, 0.50180376, 0.5008732, 0.50201344, 0.5014767, 0.50345, 0.50546855, 0.5008965, 0.5048188, 0.5012377, 0.50308853, 0.5052402, 0.505523, 0.50116247, 0.5083673, 0.50432855, 0.5037394, 0.5059375, 0.5045439, 0.50438887, 0.50456077, 0.50511926, 0.50088644, 0.5013379, 0.50102466, 0.50244355, 0.500716, 0.50365955, 0.50120676, 0.5073797, 0.50623596, 0.5062272, 0.50261986, 0.5023748, 0.50106245, 0.50602823, 0.50748575, 0.50337523, 0.50165087, 0.50181323, 0.50177276, 0.5039582, 0.50455123, 0.50236434, 0.5017175, 0.5068339, 0.5028333, 0.5040676, 0.5063062, 0.50669044, 0.5055853, 0.50202173, 0.50178725, 0.50149035, 0.5077242, 0.5063368, 0.5010245, 0.5022233, 0.50095344, 0.50243086, 0.50347036, 0.50269425, 0.50162274, 0.5018473, 0.50147384, 0.5029533, 0.5010348, 0.5025871, 0.5028002, 0.50200826, 0.50368804, 0.5069335, 0.50855756, 0.5027704, 0.50704455, 0.5031638, 0.50164866, 0.5021107, 0.50683534, 0.5122175, 0.5109043, 0.51193434, 0.51022625, 0.5098287, 0.51070243, 0.51248693, 0.5121789, 0.51220685, 0.5127508, 0.5120317, 0.511267, 0.51137567, 0.5104036, 0.51061076, 0.5106827, 0.5123113, 0.51117784, 0.51148933, 0.5119402, 0.5124318, 0.51190305, 0.5119227, 0.51244944, 0.5110626, 0.5121518, 0.5125395, 0.5116053, 0.5104724, 0.5123399, 0.51093674, 0.5099056, 0.5119021, 0.51052094, 0.5114784, 0.5118862, 0.5112339, 0.5122336, 0.5111667, 0.51323724, 0.51107556, 0.51052237, 0.510565, 0.51315296, 0.51246583, 0.5109126, 0.51186484, 0.5119837, 0.5122083, 0.50822425, 0.5121101, 0.5111381, 0.5110549, 0.51134133, 0.5116628, 0.5119143, 0.5122356, 0.51067924, 0.5119873, 0.5113875, 0.5117545, 0.5133936, 0.51183116, 0.5115205, 0.5121454, 0.51176757, 0.512423, 0.5110363, 0.5122268, 0.5142157, 0.5111482, 0.5106505, 0.51205844, 0.5126833, 0.5109213, 0.51086956, 0.51288044, 0.51253474, 0.5111179, 0.5121556, 0.5116275, 0.5117476, 0.5102774, 0.5113315, 0.51186395, 0.5095987, 0.5124993, 0.51054525, 0.51041716, 0.5124379, 0.5130147, 0.51115966, 0.5118056, 0.510894, 0.51287574, 0.51108277, 0.5131787, 0.5110343, 0.51171046, 0.51196104, 0.5109599, 0.51078427, 0.5121542, 0.5114464, 0.51267123, 0.5119527, 0.51139796, 0.5122217, 0.5117299, 0.51193327, 0.5125295, 0.51118, 0.5120338, 0.5122208, 0.51190233, 0.5137115, 0.51282567, 0.51304734, 0.5129974, 0.5118064, 0.51195, 0.512928, 0.51433885, 0.5106249, 0.50976163, 0.51326466, 0.51120377, 0.5105591, 0.51030844, 0.51276636, 0.5115517, 0.5118538, 0.51310694, 0.5112654, 0.51153153, 0.5117417, 0.51152265, 0.51312053, 0.51370096, 0.51235145, 0.5106852, 0.511534, 0.51189125]
[0.5003284, 0.5009189, 0.5028709, 0.503545, 0.5001197, 0.5004419, 0.5062927, 0.50037384, 0.5002394, 0.50366366, 0.5021359, 0.5011181, 0.5033333, 0.5063192, 0.50045276, 0.5024034, 0.50779814, 0.5022396, 0.5019331, 0.50770193, 0.5079517, 0.50141346, 0.50393, 0.50348145, 0.50067616, 0.5012802, 0.5023157, 0.5011624, 0.50011164, 0.5036959, 0.50678253, 0.50278336, 0.5000312, 0.50142354, 0.50638974, 0.5064669, 0.50225216, 0.5046022, 0.5053481, 0.50087667, 0.50319314, 0.5020766, 0.50475913, 0.5012355, 0.5027248, 0.503675, 0.50387436, 0.5013686, 0.5023325, 0.50227946, 0.5018359, 0.5007683, 0.5003865, 0.502922, 0.50287575, 0.5006452, 0.50213766, 0.5002826, 0.5012085, 0.5003455, 0.5004847, 0.5057273, 0.5065989, 0.5008, 0.5047367, 0.50051373, 0.50306183, 0.50270575, 0.50314504, 0.5006671, 0.509085, 0.50458753, 0.5063804, 0.50653917, 0.50446594, 0.50455654, 0.50492483, 0.5055009, 0.5019128, 0.5013763, 0.5021104, 0.50327903, 0.5001259, 0.5018478, 0.50039434, 0.5078557, 0.5069623, 0.50736946, 0.50340766, 0.50354517, 0.5009964, 0.5069581, 0.507991, 0.50408447, 0.50187474, 0.5028315, 0.50238746, 0.5017611, 0.50203973, 0.5035903, 0.5026443, 0.50760263, 0.5006996, 0.50207657, 0.5076419, 0.50696564, 0.5060155, 0.50159705, 0.500037, 0.50162786, 0.50874263, 0.5074639, 0.5031286, 0.5014489, 0.50211877, 0.50453985, 0.5039098, 0.5035359, 0.5014607, 0.50232106, 0.50273424, 0.5010721, 0.5008043, 0.5030429, 0.500649, 0.50126696, 0.5041812, 0.50848037, 0.50949794, 0.5009976, 0.50717586, 0.50599957, 0.5044969, 0.5042245, 0.5080508, 0.5130669, 0.5118985, 0.51338094, 0.51146954, 0.51142305, 0.5112054, 0.5135268, 0.51330453, 0.5133069, 0.5132818, 0.5127795, 0.51179785, 0.5124401, 0.5108665, 0.51152533, 0.51226634, 0.51347, 0.51205516, 0.51247513, 0.5127855, 0.5138132, 0.5130755, 0.5126235, 0.51292336, 0.5120271, 0.5131427, 0.51372814, 0.51303434, 0.5117452, 0.51288986, 0.51210505, 0.5110763, 0.513042, 0.51095515, 0.5124611, 0.51296264, 0.512062, 0.5132655, 0.5122209, 0.51447797, 0.51240444, 0.511282, 0.5115721, 0.513894, 0.5138125, 0.51252216, 0.5125464, 0.51277524, 0.5131128, 0.5098967, 0.51340646, 0.51262385, 0.5120633, 0.5124338, 0.51237947, 0.513274, 0.5133846, 0.5114568, 0.51286846, 0.51251274, 0.5129128, 0.51411057, 0.5128204, 0.5125766, 0.51268697, 0.512393, 0.5132442, 0.51255447, 0.513695, 0.5152102, 0.51266706, 0.5117101, 0.51269394, 0.51366156, 0.51163626, 0.51176804, 0.5141542, 0.51346827, 0.5116546, 0.5130392, 0.5128432, 0.51331097, 0.5108535, 0.5122502, 0.51343334, 0.5101239, 0.5135342, 0.51182675, 0.5114007, 0.5132768, 0.513712, 0.51222837, 0.5124289, 0.51207185, 0.51414555, 0.51236373, 0.51414263, 0.5117482, 0.5130453, 0.5130225, 0.5112289, 0.5117042, 0.513357, 0.5125382, 0.5137873, 0.51277345, 0.5124842, 0.5133328, 0.512384, 0.5127039, 0.5140329, 0.51228327, 0.51305455, 0.512771, 0.51262105, 0.51458883, 0.5141014, 0.51405877, 0.5142057, 0.5127259, 0.5133906, 0.5140802, 0.51523787, 0.51141006, 0.5109461, 0.5145833, 0.5123081, 0.5116918, 0.511439, 0.51384664, 0.512507, 0.51306784, 0.51388866, 0.512556, 0.5128011, 0.5126304, 0.5125415, 0.5140979, 0.51465887, 0.51267344, 0.51202965, 0.51266026, 0.5127021]
[0.50186205, 0.5023938, 0.50441724, 0.5037874, 0.5018789, 0.50131667, 0.5064495, 0.50164783, 0.5013589, 0.50471824, 0.5032432, 0.50199497, 0.50360024, 0.5055581, 0.5021662, 0.5031965, 0.50708157, 0.50265896, 0.50311583, 0.50756073, 0.5074283, 0.5028858, 0.50403357, 0.50393754, 0.5014569, 0.5014138, 0.5024562, 0.50243706, 0.50145346, 0.505279, 0.50679415, 0.5033628, 0.50133055, 0.50283664, 0.5067723, 0.50684, 0.50378853, 0.5043712, 0.5059932, 0.50163037, 0.50458586, 0.5028132, 0.5056036, 0.5027285, 0.5037997, 0.50516057, 0.5051565, 0.5016162, 0.5038286, 0.5032455, 0.50338733, 0.5022165, 0.5023485, 0.50429505, 0.50426096, 0.5013379, 0.5034428, 0.50164646, 0.50211006, 0.501233, 0.5013303, 0.5056138, 0.5065801, 0.5017385, 0.5057695, 0.50185794, 0.5038646, 0.5035032, 0.50459296, 0.5026973, 0.50848854, 0.50521934, 0.5058468, 0.5068642, 0.5050877, 0.5057726, 0.50560933, 0.50614, 0.5025975, 0.50233996, 0.50288695, 0.5044959, 0.5013527, 0.50198793, 0.5014857, 0.50792056, 0.50712883, 0.507339, 0.5046801, 0.5041274, 0.5022483, 0.5072017, 0.5080231, 0.5042782, 0.5026359, 0.50427437, 0.5029273, 0.50312674, 0.503311, 0.5052731, 0.50322884, 0.50734246, 0.5021549, 0.50284, 0.5073136, 0.50708085, 0.5062587, 0.50309956, 0.5014762, 0.502594, 0.50796175, 0.5070568, 0.5029605, 0.5016351, 0.5033406, 0.50503355, 0.5046538, 0.5041734, 0.50294435, 0.5039226, 0.5044908, 0.5015607, 0.5018916, 0.5043167, 0.5013283, 0.5033563, 0.505294, 0.5080327, 0.50861835, 0.50222206, 0.507354, 0.5058262, 0.5048453, 0.50460166, 0.5076865, 0.5113677, 0.51048064, 0.5116291, 0.51017195, 0.50985783, 0.5097528, 0.5116202, 0.51163954, 0.51142037, 0.51148224, 0.51091325, 0.5104408, 0.51092273, 0.51009715, 0.5100856, 0.51024836, 0.5114453, 0.5106932, 0.5109278, 0.51097065, 0.5117228, 0.5109406, 0.51109594, 0.51119417, 0.5104543, 0.5112734, 0.5114512, 0.5112297, 0.51016515, 0.51127166, 0.5104275, 0.5096854, 0.5111873, 0.509826, 0.51083326, 0.51104707, 0.51053995, 0.5114512, 0.5106425, 0.5121835, 0.5105057, 0.5098967, 0.5098828, 0.5119482, 0.5115928, 0.5105032, 0.510894, 0.5111477, 0.51110744, 0.5088253, 0.5113032, 0.51054126, 0.51035523, 0.51058525, 0.51098347, 0.51144284, 0.511396, 0.51003224, 0.51133144, 0.5109126, 0.51138306, 0.512194, 0.51100564, 0.5108125, 0.51111495, 0.51091975, 0.5111678, 0.51058733, 0.5114257, 0.5128702, 0.5109995, 0.5103005, 0.5108465, 0.51171, 0.51029974, 0.510362, 0.512081, 0.51154965, 0.5103707, 0.51134217, 0.5112602, 0.511183, 0.50975835, 0.5107595, 0.51120317, 0.5096715, 0.5115419, 0.5102212, 0.5102171, 0.5118091, 0.512154, 0.5108078, 0.5110459, 0.5103934, 0.5120354, 0.51058525, 0.5121935, 0.5106595, 0.5110132, 0.51127183, 0.5101227, 0.510286, 0.5114422, 0.5108519, 0.51171464, 0.51127857, 0.5108542, 0.511552, 0.51087195, 0.5109865, 0.51195335, 0.51074106, 0.51128465, 0.51146346, 0.51101494, 0.5123268, 0.5116433, 0.51186496, 0.5118234, 0.51090765, 0.5111861, 0.51168406, 0.5129727, 0.51026136, 0.5099354, 0.51212233, 0.51066834, 0.5104771, 0.51028997, 0.51169753, 0.5111689, 0.5112256, 0.5119037, 0.5109984, 0.5108996, 0.5112364, 0.51066065, 0.5118671, 0.51256037, 0.51107997, 0.51025933, 0.51105475, 0.5108706]
[0.5003566, 0.5010881, 0.5025205, 0.5033036, 0.5007804, 0.5003877, 0.5057186, 0.5020964, 0.5015587, 0.5051741, 0.5035268, 0.5008766, 0.5024976, 0.5051603, 0.50099576, 0.5021802, 0.5073884, 0.502208, 0.5030841, 0.50708914, 0.50692606, 0.5028011, 0.5042504, 0.50316834, 0.5007574, 0.5020741, 0.5012197, 0.5020536, 0.5004869, 0.50521135, 0.50533634, 0.50179076, 0.5010422, 0.5016925, 0.50601864, 0.5061775, 0.5035888, 0.50375336, 0.50508076, 0.5006982, 0.5043541, 0.5013725, 0.5046234, 0.5021155, 0.50346667, 0.5046404, 0.5051705, 0.5016762, 0.50228316, 0.5021965, 0.50203604, 0.5006197, 0.5004622, 0.5037511, 0.50371295, 0.50071055, 0.5030851, 0.5007582, 0.5012087, 0.50040185, 0.50037587, 0.503925, 0.5064929, 0.5006861, 0.50450957, 0.5016309, 0.5035538, 0.5037584, 0.50453144, 0.5005506, 0.5085969, 0.5044895, 0.50419647, 0.5061787, 0.50457966, 0.50479186, 0.5050004, 0.50519615, 0.50040764, 0.50037706, 0.50098497, 0.5030573, 0.50090164, 0.5028436, 0.50099295, 0.50764954, 0.506533, 0.5068998, 0.5034508, 0.5031525, 0.5006329, 0.5064237, 0.50755554, 0.50281227, 0.5015888, 0.50288, 0.5017935, 0.5033176, 0.5037322, 0.5029471, 0.50155437, 0.50752014, 0.50200593, 0.50291055, 0.5068354, 0.50711554, 0.5062245, 0.5019642, 0.5007194, 0.50143063, 0.50796735, 0.5068152, 0.5017598, 0.50086385, 0.50137126, 0.50263315, 0.5032002, 0.5023826, 0.501531, 0.5018975, 0.5015569, 0.5011648, 0.5006975, 0.5030917, 0.5008969, 0.5014716, 0.50312567, 0.50788504, 0.5090144, 0.5018057, 0.5074126, 0.5045363, 0.5028442, 0.5025638, 0.5069657, 0.5123207, 0.5110795, 0.5122233, 0.5105489, 0.51020104, 0.51049113, 0.5125969, 0.51249593, 0.512311, 0.51277435, 0.51191896, 0.5112832, 0.5117206, 0.51064706, 0.51042396, 0.5105866, 0.5123732, 0.5114554, 0.5114247, 0.5116485, 0.5123049, 0.51176035, 0.512176, 0.5121598, 0.511428, 0.512052, 0.5127562, 0.51190436, 0.5106353, 0.51238716, 0.5111883, 0.5101077, 0.51260597, 0.51077324, 0.51149803, 0.51195043, 0.511271, 0.51237017, 0.5115641, 0.51339257, 0.51132095, 0.5107591, 0.51081973, 0.5131116, 0.51256657, 0.51078236, 0.51190466, 0.51200885, 0.5120658, 0.50877714, 0.5120404, 0.510932, 0.5108507, 0.5113025, 0.5119252, 0.51216793, 0.51257885, 0.5105872, 0.5119729, 0.5113802, 0.51214635, 0.51343024, 0.51195693, 0.5117026, 0.51200473, 0.5114508, 0.512053, 0.5109921, 0.5119666, 0.51423925, 0.51139534, 0.51070774, 0.51204133, 0.51253796, 0.5105017, 0.51095843, 0.5130174, 0.5126263, 0.51117766, 0.5121852, 0.5115051, 0.5118156, 0.510467, 0.51118827, 0.5118722, 0.5097878, 0.51242936, 0.510479, 0.5105286, 0.5125325, 0.5130601, 0.5114136, 0.51192033, 0.5111807, 0.512716, 0.5111331, 0.5132926, 0.51130825, 0.5119056, 0.51175624, 0.5109375, 0.5108809, 0.5123581, 0.5117612, 0.51261276, 0.5123475, 0.51181996, 0.51223105, 0.51180303, 0.51225996, 0.51215386, 0.5113989, 0.512194, 0.51217794, 0.5116762, 0.5136437, 0.5128768, 0.5128946, 0.51280737, 0.5119504, 0.51189464, 0.51282674, 0.51452434, 0.51066655, 0.51004654, 0.51330894, 0.5112739, 0.5109822, 0.5108318, 0.51290697, 0.51146215, 0.5117019, 0.5129938, 0.51109374, 0.5117162, 0.51170987, 0.51137865, 0.51303834, 0.51346093, 0.5120996, 0.51057726, 0.5117738, 0.51168215]
[0.50109655, 0.50172627, 0.5015482, 0.5021243, 0.50050706, 0.50069034, 0.503915, 0.50045246, 0.50030667, 0.5026698, 0.50106454, 0.5014092, 0.5027407, 0.5049692, 0.5012922, 0.5022803, 0.50570875, 0.50151837, 0.5015048, 0.50656533, 0.5060913, 0.5002792, 0.50379217, 0.50264156, 0.50053823, 0.5006511, 0.501539, 0.5003367, 0.5000487, 0.50297517, 0.5051386, 0.50173753, 0.5001236, 0.5017562, 0.5046291, 0.5052829, 0.50173044, 0.5043029, 0.50349444, 0.50022066, 0.5029855, 0.5011995, 0.5039666, 0.5013084, 0.50258726, 0.503563, 0.50388956, 0.5016443, 0.50205934, 0.50244105, 0.5019195, 0.5010623, 0.50112617, 0.5023919, 0.5024936, 0.5005682, 0.50171113, 0.5004782, 0.5003477, 0.5009753, 0.5003177, 0.5038153, 0.50459844, 0.50089985, 0.5032983, 0.50059813, 0.5024031, 0.50199586, 0.5022478, 0.5008447, 0.50740105, 0.50406086, 0.5037752, 0.50481176, 0.50352436, 0.5037193, 0.5041813, 0.5043903, 0.50101876, 0.5012483, 0.50131744, 0.503491, 0.5015638, 0.5005738, 0.50122285, 0.5066567, 0.5050683, 0.5054808, 0.5026199, 0.5020058, 0.50127566, 0.5052853, 0.50598043, 0.50328434, 0.50237614, 0.5020167, 0.5020203, 0.50108767, 0.501949, 0.50263333, 0.5024996, 0.50581616, 0.50017625, 0.50109893, 0.5058828, 0.50566244, 0.50466776, 0.50185674, 0.5003565, 0.5015655, 0.5064346, 0.50517225, 0.5007345, 0.5002882, 0.50029904, 0.5014836, 0.50302863, 0.5024047, 0.50148624, 0.5016716, 0.5015773, 0.5007386, 0.50089294, 0.5023554, 0.5003199, 0.5018238, 0.50342333, 0.5061518, 0.50745493, 0.500313, 0.5058849, 0.50388354, 0.50241816, 0.5021603, 0.5058796, 0.5104345, 0.5092564, 0.51031, 0.5087257, 0.5087209, 0.5090215, 0.51047146, 0.5102748, 0.51043177, 0.5106753, 0.5100444, 0.5096559, 0.5097474, 0.50924957, 0.5092203, 0.5095797, 0.5105509, 0.5096055, 0.51010233, 0.51065433, 0.5107506, 0.5100202, 0.5102851, 0.51028305, 0.5098735, 0.51038367, 0.5107978, 0.51010317, 0.50925964, 0.5105226, 0.50950605, 0.5084517, 0.5106658, 0.5092682, 0.5096244, 0.5102938, 0.5096615, 0.51058316, 0.50969577, 0.5115234, 0.50975686, 0.5091055, 0.509131, 0.51124066, 0.5106016, 0.5094054, 0.50993794, 0.51005155, 0.5103546, 0.507887, 0.5102843, 0.5094007, 0.5092516, 0.5099434, 0.5101716, 0.5106256, 0.5105519, 0.5094429, 0.5105326, 0.5098281, 0.50990915, 0.51141083, 0.51043195, 0.5100283, 0.5104071, 0.5097948, 0.51051086, 0.5096319, 0.51045626, 0.5122054, 0.5097537, 0.50931233, 0.509811, 0.5109785, 0.5090962, 0.5094438, 0.51093566, 0.5108652, 0.5096025, 0.5102019, 0.51066333, 0.510555, 0.508725, 0.5100495, 0.5104821, 0.5084119, 0.5108023, 0.50913024, 0.50891066, 0.51091266, 0.510943, 0.5098082, 0.5103141, 0.50988716, 0.5111505, 0.5096174, 0.5114152, 0.5094355, 0.51005125, 0.51021564, 0.5091595, 0.50942713, 0.510463, 0.5097133, 0.5108832, 0.5103287, 0.5098253, 0.51038384, 0.51004636, 0.5099941, 0.5110471, 0.509604, 0.5103267, 0.5103264, 0.50992346, 0.51133573, 0.5109728, 0.5113752, 0.5109586, 0.5103953, 0.5102035, 0.510877, 0.51243585, 0.50895226, 0.5084597, 0.511297, 0.5099036, 0.5093324, 0.5090846, 0.5109096, 0.5100218, 0.5102704, 0.51120263, 0.51023614, 0.5102032, 0.51010835, 0.51029086, 0.51132035, 0.5118195, 0.51009667, 0.5091873, 0.5098265, 0.5099269]
[0.50283825, 0.5032882, 0.5042788, 0.5044485, 0.5023253, 0.50303066, 0.5062267, 0.50133765, 0.5007752, 0.49953896, 0.50068945, 0.5034981, 0.5050856, 0.50725645, 0.50225204, 0.5036998, 0.50772035, 0.50335515, 0.49978766, 0.5081838, 0.5079331, 0.5001639, 0.50447065, 0.5039638, 0.50151515, 0.501385, 0.5032876, 0.5008737, 0.5015012, 0.5001756, 0.5070303, 0.5040343, 0.50183195, 0.5038471, 0.5069781, 0.5072153, 0.49931443, 0.50597215, 0.50544465, 0.5018832, 0.49967465, 0.50409365, 0.5065902, 0.5028591, 0.4993294, 0.50004417, 0.50041014, 0.50083315, 0.50406504, 0.50396454, 0.5037068, 0.5024011, 0.50257, 0.49956396, 0.49950078, 0.5027735, 0.50005615, 0.5024991, 0.5027833, 0.501841, 0.50354326, 0.5057372, 0.50753695, 0.50257796, 0.5066237, 0.5028892, 0.5056508, 0.4993389, 0.49951804, 0.5034845, 0.5095772, 0.5062843, 0.50599825, 0.50706744, 0.5064923, 0.5060959, 0.5061367, 0.5067199, 0.50267196, 0.50216085, 0.50295097, 0.50539947, 0.5027953, 0.50082064, 0.50254554, 0.5086916, 0.5074855, 0.50743705, 0.5047567, 0.50484306, 0.50265616, 0.5072679, 0.50788957, 0.50496507, 0.503913, 0.5039183, 0.5039757, 0.5005261, 0.4999129, 0.50543153, 0.5044992, 0.5079648, 0.50103945, 0.50013965, 0.50766826, 0.5074841, 0.5067302, 0.5041494, 0.5017163, 0.5040774, 0.5081433, 0.5069478, 0.50270754, 0.5013431, 0.5031809, 0.5045675, 0.5051176, 0.50463873, 0.50398475, 0.50430804, 0.5038308, 0.50216997, 0.5031356, 0.50499177, 0.50171185, 0.5042701, 0.5057611, 0.5086509, 0.50986636, 0.5013023, 0.5082141, 0.50553966, 0.50378364, 0.5038893, 0.50774235, 0.5134537, 0.5117973, 0.5130015, 0.51100653, 0.51095015, 0.51159245, 0.51362175, 0.51328504, 0.5133908, 0.5137686, 0.51293266, 0.51221156, 0.5124868, 0.51139, 0.5113237, 0.5115615, 0.51362616, 0.51265794, 0.5127824, 0.5127785, 0.5138342, 0.51277953, 0.51305544, 0.51334727, 0.51202613, 0.5132683, 0.5138083, 0.51268846, 0.51142406, 0.5133946, 0.5122037, 0.51124525, 0.51374507, 0.5120859, 0.5128207, 0.5132114, 0.5122019, 0.51343805, 0.51205593, 0.5144778, 0.5119951, 0.5120934, 0.5120863, 0.51403695, 0.51356035, 0.5114564, 0.5129021, 0.5127953, 0.51319647, 0.5098829, 0.5135185, 0.5119744, 0.5119529, 0.5123379, 0.5128676, 0.51329494, 0.51338506, 0.5120561, 0.5129437, 0.5123196, 0.5128526, 0.51448643, 0.51284385, 0.51265717, 0.5129525, 0.5123368, 0.51289964, 0.5123765, 0.5134389, 0.51526946, 0.51228005, 0.5115231, 0.5130788, 0.513586, 0.5114311, 0.5119831, 0.51388216, 0.51388556, 0.5124514, 0.5131709, 0.51266795, 0.5128756, 0.511488, 0.5121612, 0.5126728, 0.5112939, 0.51399595, 0.5116693, 0.5113456, 0.51378536, 0.51404476, 0.5126783, 0.51334983, 0.5118867, 0.51368225, 0.5124491, 0.5145915, 0.5126355, 0.512602, 0.5131429, 0.5119818, 0.5122042, 0.5131297, 0.51275843, 0.5136447, 0.5131848, 0.5122962, 0.51324517, 0.51304895, 0.51294065, 0.51343584, 0.5123029, 0.5132348, 0.51356596, 0.51269275, 0.5145531, 0.5138666, 0.5138804, 0.51390404, 0.5131435, 0.5127984, 0.5143165, 0.5152661, 0.5115018, 0.51111245, 0.5144561, 0.51211596, 0.51173955, 0.511675, 0.51407164, 0.5125309, 0.5126561, 0.51411915, 0.5125748, 0.5127194, 0.5128329, 0.5126803, 0.5141788, 0.51457304, 0.51329213, 0.5116305, 0.5129472, 0.5126054]
[0.50013095, 0.5006983, 0.5022065, 0.50200146, 0.50039095, 0.500259, 0.50782645, 0.50096613, 0.5009587, 0.5026122, 0.501781, 0.50083464, 0.5049766, 0.50938296, 0.50203156, 0.50200903, 0.510823, 0.5015283, 0.50137204, 0.5117268, 0.5117033, 0.50115013, 0.5070372, 0.5048891, 0.49996907, 0.5007009, 0.50113076, 0.5009841, 0.5008855, 0.5024264, 0.5095382, 0.50075495, 0.50036067, 0.5016271, 0.5095883, 0.51061493, 0.50185, 0.50787383, 0.50758845, 0.50042975, 0.50207543, 0.5018557, 0.5080511, 0.5025486, 0.50144637, 0.50222224, 0.5024783, 0.50025123, 0.5036658, 0.50250536, 0.50363314, 0.50020033, 0.50026685, 0.5017006, 0.50176597, 0.5000171, 0.5011808, 0.4999138, 0.50006175, 0.5011904, 0.50073445, 0.5049206, 0.509536, 0.5003938, 0.50749344, 0.49969137, 0.50515735, 0.50221795, 0.5018699, 0.5004667, 0.51299214, 0.5065029, 0.5052834, 0.5095207, 0.5072042, 0.5073996, 0.50863314, 0.50804913, 0.5000105, 0.50003403, 0.5000727, 0.5042444, 0.50016165, 0.5013262, 0.5003055, 0.5119751, 0.5099922, 0.51053613, 0.50431776, 0.5027168, 0.5016222, 0.5102001, 0.5117043, 0.50551337, 0.50317013, 0.50318235, 0.5027349, 0.50101745, 0.5017883, 0.5034228, 0.5028255, 0.5108942, 0.5008747, 0.5010889, 0.5105278, 0.51030415, 0.5095353, 0.5033698, 0.50005203, 0.50237274, 0.5123483, 0.51047146, 0.4998602, 0.50082666, 0.4998085, 0.5030774, 0.505879, 0.50432676, 0.50253534, 0.5029995, 0.5033746, 0.50075257, 0.5001917, 0.5049506, 0.5005453, 0.50256294, 0.50671744, 0.51167446, 0.513831, 0.50062037, 0.5112273, 0.5068963, 0.5023281, 0.5030419, 0.51138866, 0.5185938, 0.5165228, 0.5175694, 0.5153793, 0.5151058, 0.51582193, 0.519097, 0.5184441, 0.5181271, 0.5193619, 0.51803935, 0.5173537, 0.51715904, 0.51650727, 0.51618075, 0.5160474, 0.51853055, 0.51704997, 0.5179769, 0.5183639, 0.5188874, 0.51779246, 0.51807994, 0.5189603, 0.51714087, 0.518275, 0.51868385, 0.5176073, 0.5158728, 0.51906127, 0.51679444, 0.5151968, 0.5184668, 0.5158958, 0.5171508, 0.5181602, 0.51776505, 0.5187733, 0.5173122, 0.519818, 0.5165781, 0.516259, 0.5162221, 0.52022564, 0.51861924, 0.5162166, 0.5176972, 0.5177653, 0.5183809, 0.5132841, 0.5184597, 0.5164277, 0.51677614, 0.5173033, 0.517382, 0.5187892, 0.5188217, 0.5166791, 0.5181248, 0.5169851, 0.5175788, 0.5202796, 0.51779854, 0.5176427, 0.5180338, 0.5177226, 0.518853, 0.5168255, 0.5181587, 0.52133495, 0.5169381, 0.5160064, 0.5179263, 0.5188948, 0.5166345, 0.5166539, 0.5190055, 0.5189197, 0.5173759, 0.518348, 0.51805145, 0.5180326, 0.51572853, 0.5167663, 0.51811993, 0.51509005, 0.5190897, 0.516216, 0.5156986, 0.5180148, 0.5195347, 0.5178886, 0.5181324, 0.5174851, 0.5190918, 0.5167818, 0.51995975, 0.51682395, 0.5180233, 0.5179515, 0.5164958, 0.51641244, 0.5181054, 0.51763743, 0.5188217, 0.51804465, 0.517214, 0.5185049, 0.5175694, 0.51849073, 0.5191365, 0.517655, 0.5183126, 0.518395, 0.5178249, 0.51990217, 0.5195549, 0.52001584, 0.5197451, 0.51816446, 0.51807725, 0.51972014, 0.521551, 0.51563233, 0.5150851, 0.5201047, 0.5169044, 0.5161502, 0.5155599, 0.51947063, 0.51766133, 0.5182455, 0.5198225, 0.51785475, 0.517407, 0.5176658, 0.5175524, 0.5196094, 0.5205814, 0.5186304, 0.51599246, 0.517565, 0.51799726]
[0.49988928, 0.49967977, 0.50206095, 0.50080854, 0.50045675, 0.5004651, 0.50800496, 0.501432, 0.5018343, 0.50340736, 0.50207824, 0.49993443, 0.5062038, 0.5090896, 0.49971318, 0.5002227, 0.5094629, 0.5016172, 0.50192046, 0.51048464, 0.51043576, 0.50129426, 0.50592846, 0.5040616, 0.50013334, 0.5007951, 0.50111604, 0.50155884, 0.5006471, 0.50358653, 0.5094354, 0.5010224, 0.49994504, 0.5011999, 0.50853825, 0.50950724, 0.50255394, 0.50734025, 0.5066617, 0.50077146, 0.5027602, 0.50189745, 0.5076754, 0.4996931, 0.5035492, 0.50415593, 0.5045065, 0.50208014, 0.50360256, 0.5032179, 0.5026186, 0.5000597, 0.50030434, 0.50319535, 0.5031666, 0.50019944, 0.5022376, 0.500365, 0.50037396, 0.50104016, 0.5010266, 0.5069301, 0.50824594, 0.50002205, 0.5075532, 0.49993396, 0.5044201, 0.5023859, 0.5030757, 0.4997568, 0.51200414, 0.50670725, 0.5064409, 0.50855696, 0.5065004, 0.50699204, 0.50786954, 0.5084144, 0.50034463, 0.4996522, 0.49968794, 0.5057352, 0.499683, 0.5014096, 0.4993993, 0.5103848, 0.5090869, 0.509609, 0.50325626, 0.50209856, 0.50060153, 0.5094208, 0.5105492, 0.50546926, 0.5038769, 0.50193816, 0.501247, 0.5014127, 0.5023526, 0.503836, 0.50250345, 0.50990987, 0.5013004, 0.5020638, 0.5105525, 0.5096139, 0.5087012, 0.50236523, 0.49964377, 0.5022548, 0.5107944, 0.5090606, 0.4996809, 0.50138223, 0.5005301, 0.5019861, 0.50690144, 0.5055246, 0.50338805, 0.5033544, 0.5024911, 0.501703, 0.5007269, 0.5016913, 0.5014469, 0.5012861, 0.5055485, 0.5104749, 0.5121983, 0.5016735, 0.5101248, 0.5076816, 0.50518435, 0.5051861, 0.5108905, 0.51712555, 0.5152931, 0.51668155, 0.5141308, 0.51406825, 0.5147622, 0.5173734, 0.5167406, 0.5168605, 0.5174333, 0.5166613, 0.51571584, 0.5162168, 0.5145535, 0.5151767, 0.5154075, 0.51749295, 0.5153009, 0.5159545, 0.5171149, 0.5175053, 0.51648664, 0.5168972, 0.5171548, 0.5155308, 0.5171612, 0.5175281, 0.51665854, 0.5154437, 0.517437, 0.5150415, 0.514041, 0.5171615, 0.5145645, 0.51609945, 0.517262, 0.5161393, 0.5176861, 0.5163347, 0.5183877, 0.51540756, 0.51436955, 0.5146501, 0.51844555, 0.5171233, 0.515585, 0.5162697, 0.5167778, 0.5166458, 0.51257974, 0.5174723, 0.5163261, 0.51548666, 0.5163356, 0.51620084, 0.5174043, 0.5169509, 0.5151724, 0.5174138, 0.5157642, 0.5163327, 0.51865715, 0.5166882, 0.5167586, 0.5168698, 0.51624024, 0.51718897, 0.5156774, 0.5166612, 0.5199165, 0.5160929, 0.51459134, 0.5162087, 0.51765954, 0.51532793, 0.51574796, 0.5179092, 0.5173451, 0.515814, 0.51668257, 0.51652616, 0.51689094, 0.5144128, 0.516022, 0.51708823, 0.51362187, 0.5171866, 0.5147744, 0.515144, 0.5168575, 0.5180484, 0.5160318, 0.516675, 0.5160515, 0.51816356, 0.5152533, 0.51840025, 0.5151696, 0.51659596, 0.51621145, 0.51492965, 0.5148844, 0.5174932, 0.5162142, 0.51743835, 0.5167868, 0.5159933, 0.51710165, 0.5156595, 0.51672506, 0.5179829, 0.51593024, 0.51668376, 0.5168652, 0.5164963, 0.5189912, 0.51758647, 0.5184464, 0.5174951, 0.516834, 0.5168219, 0.5182544, 0.520116, 0.51439404, 0.5135355, 0.51851946, 0.51578933, 0.51485443, 0.514473, 0.5176525, 0.51636016, 0.51687634, 0.51863354, 0.5168621, 0.51616687, 0.516512, 0.5166162, 0.5184104, 0.5193143, 0.5163578, 0.51448745, 0.51545715, 0.51663595]
[0.5015916, 0.50130343, 0.50044453, 0.5012033, 0.5016528, 0.5017124, 0.50440836, 0.5037003, 0.50396156, 0.5054296, 0.50395346, 0.5022468, 0.50124556, 0.50618875, 0.50205934, 0.50105554, 0.50731605, 0.50200665, 0.5049758, 0.50928307, 0.50938106, 0.5041109, 0.5008438, 0.5007558, 0.50296676, 0.5036516, 0.5011621, 0.5034004, 0.5034565, 0.5061719, 0.5071671, 0.50128865, 0.5028005, 0.50117254, 0.50594735, 0.5063102, 0.50445884, 0.50388134, 0.5015903, 0.50317144, 0.50635165, 0.5017249, 0.5022906, 0.50234455, 0.50562185, 0.5068392, 0.50681657, 0.5045965, 0.50039196, 0.500877, 0.50100505, 0.50252837, 0.50229496, 0.505374, 0.50551903, 0.5027477, 0.5045961, 0.50273436, 0.5030075, 0.5036388, 0.5030089, 0.5017266, 0.50587034, 0.50206435, 0.5036445, 0.50210106, 0.501389, 0.5052297, 0.5052129, 0.5018085, 0.51186985, 0.5043089, 0.5032635, 0.50669515, 0.50357044, 0.5032175, 0.5044275, 0.5062419, 0.5014032, 0.5016764, 0.5018577, 0.5036192, 0.500564, 0.50310284, 0.5023611, 0.5094311, 0.50758034, 0.5080364, 0.5009203, 0.5001163, 0.5023199, 0.50696903, 0.50954884, 0.5011545, 0.50136244, 0.5009786, 0.5005795, 0.50417376, 0.5050911, 0.5010958, 0.5002792, 0.5080879, 0.50298893, 0.50389934, 0.5082986, 0.5073992, 0.50406635, 0.5007663, 0.50262713, 0.50091994, 0.5091656, 0.50618786, 0.5028993, 0.50403607, 0.50266725, 0.5014656, 0.50157064, 0.50037736, 0.50080603, 0.50043714, 0.50099254, 0.5033544, 0.5019837, 0.50039715, 0.5032522, 0.50095874, 0.5020856, 0.50936764, 0.51148033, 0.5029217, 0.5079732, 0.5030628, 0.50048923, 0.5006307, 0.5075982, 0.5175743, 0.5155813, 0.51739717, 0.5140558, 0.5140772, 0.5148381, 0.51763153, 0.5172785, 0.5176547, 0.517889, 0.5167207, 0.51595485, 0.5164997, 0.5139227, 0.51555866, 0.5156481, 0.517773, 0.51650506, 0.5177015, 0.51726806, 0.51865077, 0.5166465, 0.516658, 0.5180891, 0.5162664, 0.51758385, 0.51832086, 0.5166313, 0.51425165, 0.51748836, 0.5157666, 0.51431996, 0.5177912, 0.51563656, 0.51678514, 0.517532, 0.5153535, 0.5183306, 0.515634, 0.519711, 0.5155179, 0.515244, 0.5156774, 0.5189239, 0.51841956, 0.51536614, 0.51627105, 0.51662225, 0.5167811, 0.5118709, 0.5180521, 0.5162505, 0.5160104, 0.51595324, 0.51697654, 0.5177396, 0.5173687, 0.5155441, 0.51779985, 0.516753, 0.51678777, 0.5197363, 0.5170013, 0.5164015, 0.5164411, 0.51578236, 0.5176066, 0.5163834, 0.5184825, 0.5208556, 0.51587063, 0.5150929, 0.5167566, 0.5184463, 0.5152198, 0.51530814, 0.5188486, 0.5184054, 0.51648957, 0.5173149, 0.5173723, 0.51751715, 0.51425433, 0.5168936, 0.5171007, 0.51399523, 0.5185814, 0.5156198, 0.5152303, 0.51849014, 0.51859117, 0.5164603, 0.51747054, 0.5166268, 0.51915574, 0.51596355, 0.51942116, 0.5158187, 0.51740754, 0.5177336, 0.5155004, 0.51595193, 0.5176413, 0.5169026, 0.51830184, 0.5172982, 0.51596355, 0.51752657, 0.51700276, 0.51660943, 0.51914275, 0.5156602, 0.516754, 0.51758003, 0.5165425, 0.5200248, 0.51862365, 0.5190014, 0.5187332, 0.51743054, 0.5180438, 0.51905155, 0.5212295, 0.5149754, 0.5140102, 0.51969844, 0.5160135, 0.5151864, 0.51489156, 0.5187309, 0.5164611, 0.5170891, 0.5189559, 0.5169664, 0.5167414, 0.51721585, 0.51698375, 0.5186614, 0.52038103, 0.5176228, 0.5154494, 0.51652265, 0.5168262]
[0.50027055, 0.5006963, 0.50280344, 0.50284165, 0.5005986, 0.5003856, 0.50615764, 0.5023153, 0.5018148, 0.5045341, 0.5029341, 0.5005559, 0.5028385, 0.50668246, 0.5002505, 0.5018919, 0.5077989, 0.5017911, 0.50295144, 0.50805336, 0.50783825, 0.5019689, 0.50379604, 0.50343704, 0.5014342, 0.50229126, 0.5003263, 0.5024059, 0.5011496, 0.50465834, 0.5069059, 0.50214064, 0.50087523, 0.5019269, 0.50678444, 0.50667894, 0.5032739, 0.5045322, 0.5058042, 0.5008598, 0.50421673, 0.501335, 0.5053558, 0.5016928, 0.503799, 0.5049272, 0.5051634, 0.50257236, 0.5021745, 0.5020569, 0.50134134, 0.5004967, 0.50066155, 0.5037776, 0.5037998, 0.5010029, 0.5027114, 0.50088096, 0.5004079, 0.50185966, 0.5010182, 0.5046439, 0.5068238, 0.50059664, 0.50515914, 0.5007107, 0.50277597, 0.5037343, 0.5038592, 0.5001867, 0.5091777, 0.50436306, 0.5048113, 0.5067403, 0.5050355, 0.5043896, 0.5051615, 0.50574654, 0.5003554, 0.50033754, 0.50077003, 0.50278836, 0.50045305, 0.5026504, 0.5008211, 0.50830114, 0.5071366, 0.50762546, 0.50355214, 0.5028536, 0.5004971, 0.50731206, 0.5081676, 0.5035202, 0.5013004, 0.5027001, 0.50172603, 0.5026298, 0.5035701, 0.5031978, 0.5017064, 0.50811094, 0.5017386, 0.50263894, 0.5077687, 0.5073253, 0.50633603, 0.5019643, 0.50090873, 0.5010215, 0.50866055, 0.50755686, 0.5012175, 0.50162286, 0.50038886, 0.502298, 0.50393236, 0.50289464, 0.50130975, 0.50172615, 0.50114703, 0.5018736, 0.500667, 0.50325096, 0.501054, 0.50102407, 0.5041902, 0.50849384, 0.50962436, 0.5018868, 0.50800097, 0.50496215, 0.50281405, 0.50222707, 0.50804293, 0.5132201, 0.5117009, 0.51296794, 0.51108515, 0.5111388, 0.5112225, 0.5135757, 0.5134236, 0.513033, 0.5133753, 0.5127115, 0.51164097, 0.5122838, 0.51097983, 0.51151985, 0.5119774, 0.51344204, 0.51216376, 0.51259047, 0.5126453, 0.5136734, 0.5127925, 0.5128566, 0.5132097, 0.5121092, 0.513017, 0.513526, 0.5130735, 0.51133716, 0.5129795, 0.51187384, 0.5107451, 0.5129555, 0.51114035, 0.51233476, 0.5127795, 0.5121449, 0.5133269, 0.5124254, 0.5141929, 0.51209164, 0.5114143, 0.5115221, 0.5139334, 0.5139125, 0.5119075, 0.51280165, 0.513039, 0.51294816, 0.5094983, 0.51320225, 0.51212543, 0.5115698, 0.5121469, 0.51254046, 0.51328075, 0.51339275, 0.51150054, 0.5128525, 0.5123022, 0.51287705, 0.5142161, 0.5128749, 0.5126604, 0.5128334, 0.51256007, 0.51297516, 0.51171935, 0.51314807, 0.51508784, 0.5123503, 0.51156974, 0.51273304, 0.5135291, 0.51165074, 0.51163167, 0.5137237, 0.5135189, 0.51193106, 0.5130691, 0.5127202, 0.5128645, 0.51101875, 0.51212376, 0.51300055, 0.5104019, 0.51336473, 0.51153636, 0.5110633, 0.5135307, 0.51390594, 0.51219386, 0.5127004, 0.5119159, 0.5138469, 0.5121152, 0.5140875, 0.51191473, 0.512726, 0.51272565, 0.5113798, 0.51182437, 0.5129614, 0.5125256, 0.51361465, 0.51301515, 0.51242995, 0.5134126, 0.5124963, 0.5129234, 0.51343215, 0.51222086, 0.5131547, 0.5130396, 0.5125541, 0.51456255, 0.5137691, 0.514014, 0.51394916, 0.5127452, 0.5128559, 0.5138049, 0.51523435, 0.51138204, 0.5108025, 0.51407415, 0.51204664, 0.51154995, 0.5113926, 0.51382494, 0.5124672, 0.5127152, 0.51392996, 0.5120232, 0.51278365, 0.5127346, 0.5124909, 0.5139108, 0.5144585, 0.5125621, 0.5115686, 0.51278514, 0.5125945]
[0.5022342, 0.5037066, 0.5035653, 0.50297564, 0.501814, 0.50133854, 0.50613165, 0.5020706, 0.50175637, 0.5031463, 0.501536, 0.5021044, 0.5050991, 0.50672185, 0.50204647, 0.50321746, 0.50735164, 0.50221795, 0.5025298, 0.50778925, 0.50762856, 0.5013952, 0.5059212, 0.50554156, 0.50157034, 0.50072753, 0.50248545, 0.50105846, 0.5008654, 0.5040381, 0.5068319, 0.50337523, 0.5006538, 0.5025365, 0.5068927, 0.5070672, 0.5023016, 0.50530505, 0.5064301, 0.5006776, 0.5039846, 0.50330305, 0.5063024, 0.50197065, 0.50345427, 0.50461674, 0.50493073, 0.50278926, 0.5044007, 0.50409037, 0.5042677, 0.5019838, 0.5022854, 0.5033044, 0.50361955, 0.50138676, 0.50252587, 0.50126, 0.50143164, 0.50165343, 0.500527, 0.50540197, 0.50669855, 0.5015899, 0.5064352, 0.50115734, 0.50470465, 0.50309294, 0.5029846, 0.50242704, 0.50837135, 0.5062098, 0.5054558, 0.50697905, 0.5056019, 0.50647706, 0.5063245, 0.5064702, 0.50109893, 0.5009631, 0.50168055, 0.5054814, 0.5026806, 0.50061744, 0.5022086, 0.5080251, 0.5069413, 0.5071329, 0.50521094, 0.5041499, 0.50198907, 0.50717384, 0.50788677, 0.5050095, 0.5039231, 0.50442797, 0.50289893, 0.50199723, 0.502734, 0.5054031, 0.5047459, 0.5074007, 0.5003476, 0.5011124, 0.50738597, 0.5073498, 0.50683635, 0.5032846, 0.5010306, 0.50333667, 0.50790685, 0.50696045, 0.5010245, 0.5018878, 0.5005668, 0.50258684, 0.5051397, 0.5048015, 0.50323206, 0.5035828, 0.50396895, 0.5009888, 0.5012192, 0.5051421, 0.50045073, 0.50359714, 0.5057404, 0.50744665, 0.5083322, 0.50097543, 0.5073927, 0.50531644, 0.5038249, 0.50437284, 0.5077033, 0.511451, 0.5103577, 0.51107836, 0.50977063, 0.5094682, 0.50984764, 0.5116889, 0.5112298, 0.51134115, 0.5113746, 0.51082224, 0.5102557, 0.5108207, 0.5098551, 0.5104792, 0.5104571, 0.5111616, 0.51053154, 0.5109286, 0.5109548, 0.511649, 0.5108098, 0.51095384, 0.51145214, 0.51057714, 0.51123065, 0.51165164, 0.5107544, 0.5100865, 0.5112982, 0.510424, 0.50947183, 0.5113422, 0.5100993, 0.5105082, 0.5111198, 0.51067924, 0.5114972, 0.5107133, 0.51213956, 0.5101674, 0.51009977, 0.5100493, 0.5122138, 0.5116862, 0.510329, 0.5105115, 0.510789, 0.5108253, 0.5088275, 0.51139045, 0.5103582, 0.51036376, 0.5105969, 0.51084226, 0.51131046, 0.5112713, 0.5103014, 0.51121724, 0.5107886, 0.51078016, 0.5122358, 0.5110375, 0.51088417, 0.5111004, 0.5106929, 0.51116544, 0.51043385, 0.51122916, 0.5127731, 0.5105277, 0.50996226, 0.5106026, 0.51155365, 0.51007104, 0.51022434, 0.5117958, 0.51141244, 0.5106797, 0.5109198, 0.5108867, 0.5111632, 0.50986904, 0.5108679, 0.51107407, 0.5095506, 0.5114995, 0.5100853, 0.510119, 0.51153964, 0.51197475, 0.51069486, 0.51120424, 0.51082, 0.5119017, 0.510138, 0.512301, 0.5104326, 0.5108684, 0.51112616, 0.51028854, 0.51006, 0.5112691, 0.5106455, 0.511573, 0.5111352, 0.5107181, 0.5110757, 0.5109918, 0.5108855, 0.51182455, 0.51067847, 0.5109994, 0.51125836, 0.5108945, 0.5121101, 0.5116151, 0.5117301, 0.511724, 0.5110549, 0.51105857, 0.51164293, 0.5129849, 0.5098309, 0.5094359, 0.5122092, 0.5107351, 0.51009864, 0.510112, 0.5116634, 0.5110218, 0.5109638, 0.512118, 0.5110506, 0.5108965, 0.5111454, 0.5107291, 0.512095, 0.512634, 0.5111448, 0.50987196, 0.5105386, 0.51102674]
[0.50097203, 0.5025857, 0.5043362, 0.50462776, 0.5006442, 0.5018698, 0.5084381, 0.49959144, 0.49956995, 0.5013074, 0.50041556, 0.50254506, 0.5065125, 0.50957, 0.50163484, 0.5040603, 0.5111338, 0.50447565, 0.50019544, 0.5115074, 0.51134396, 0.49961382, 0.5067945, 0.5054528, 0.50064, 0.49916765, 0.50272924, 0.4994994, 0.49921897, 0.50125223, 0.50943893, 0.5056002, 0.50047696, 0.5039822, 0.5106643, 0.5107791, 0.5004196, 0.50780016, 0.5087655, 0.49925372, 0.50077784, 0.5047286, 0.5087038, 0.50310516, 0.5006181, 0.50139755, 0.50168335, 0.49925736, 0.50477946, 0.5056528, 0.5043294, 0.50131243, 0.5015373, 0.5006799, 0.50048065, 0.50191355, 0.49989524, 0.5018743, 0.50098306, 0.50005114, 0.5009362, 0.50818443, 0.5105602, 0.5016044, 0.50876534, 0.50199026, 0.50684154, 0.5004763, 0.50107193, 0.50093263, 0.5135396, 0.50742465, 0.50724125, 0.50978386, 0.5082567, 0.5072998, 0.50797075, 0.50874084, 0.5018416, 0.50169635, 0.50307584, 0.5056317, 0.49999595, 0.49982268, 0.49986872, 0.51194936, 0.5102418, 0.5104475, 0.5062297, 0.50525504, 0.50188005, 0.51070386, 0.5119637, 0.50679314, 0.5045135, 0.5045142, 0.50402284, 0.4999117, 0.5002516, 0.50676906, 0.5052999, 0.51144326, 0.49953422, 0.49985138, 0.5111112, 0.51086307, 0.5098371, 0.503958, 0.50175154, 0.5045918, 0.51250476, 0.51096296, 0.5035209, 0.50041664, 0.50287294, 0.5066634, 0.506185, 0.5058058, 0.5035577, 0.50468177, 0.5049373, 0.49939194, 0.50163525, 0.5054782, 0.49926883, 0.5048226, 0.5074792, 0.5123276, 0.51425385, 0.4996463, 0.51142824, 0.50766677, 0.5061774, 0.50627697, 0.51171523, 0.5198166, 0.51731896, 0.5188425, 0.5165271, 0.51622576, 0.5167628, 0.52001303, 0.5197882, 0.5193838, 0.51963913, 0.5188225, 0.51761305, 0.51825196, 0.5164722, 0.51684266, 0.51737916, 0.51964474, 0.5179861, 0.5183424, 0.518876, 0.51988375, 0.5188435, 0.5186979, 0.519461, 0.5176531, 0.51917386, 0.51996726, 0.51901305, 0.5166772, 0.519461, 0.5172749, 0.51594645, 0.51948726, 0.51691175, 0.5183618, 0.5186833, 0.5181146, 0.5198571, 0.5182286, 0.52112573, 0.5176665, 0.51710093, 0.51740575, 0.52050865, 0.5196551, 0.5174893, 0.5186751, 0.5189634, 0.51919764, 0.5140267, 0.5195914, 0.51779395, 0.5175767, 0.5179681, 0.5184622, 0.51915383, 0.5193268, 0.5173371, 0.5188732, 0.5180627, 0.5191364, 0.5209277, 0.5187046, 0.5183588, 0.51903313, 0.5184515, 0.51927435, 0.5177764, 0.51983124, 0.5222829, 0.5182108, 0.51663667, 0.51912266, 0.51999944, 0.5173256, 0.51707697, 0.52039206, 0.5198609, 0.5178027, 0.5193294, 0.51880324, 0.519056, 0.5162251, 0.51763535, 0.51894724, 0.5153626, 0.51964843, 0.5168811, 0.51666254, 0.5199416, 0.52064824, 0.51824945, 0.5188841, 0.51748735, 0.52042925, 0.51814175, 0.5208037, 0.5177338, 0.5184534, 0.5187278, 0.51687634, 0.5171599, 0.5192132, 0.5185241, 0.5197879, 0.51895463, 0.51815295, 0.5195752, 0.5186395, 0.5190711, 0.5198538, 0.5182328, 0.5192026, 0.5191092, 0.5186906, 0.5213483, 0.5199398, 0.5203578, 0.52040637, 0.5185276, 0.5190663, 0.52051187, 0.52284706, 0.51637065, 0.5161762, 0.52111053, 0.5179867, 0.51708347, 0.5169858, 0.5200601, 0.51846194, 0.51908207, 0.5204599, 0.5186229, 0.51842, 0.5185445, 0.51811135, 0.5206155, 0.52141935, 0.51887405, 0.51685536, 0.51858175, 0.51834697]
[0.4991541, 0.5003487, 0.50087464, 0.5013732, 0.49926698, 0.4992034, 0.5069337, 0.49979416, 0.49988666, 0.5011765, 0.50033873, 0.49968562, 0.5034572, 0.50735456, 0.4993137, 0.50076425, 0.51011753, 0.50078154, 0.50040907, 0.5104033, 0.5104692, 0.49990973, 0.50403094, 0.50149745, 0.4994345, 0.4998179, 0.5007532, 0.49998188, 0.49947917, 0.501338, 0.50868726, 0.5014191, 0.49942523, 0.50065005, 0.50758153, 0.5081737, 0.5005354, 0.50435615, 0.5055429, 0.49951088, 0.5009118, 0.50098175, 0.5062236, 0.5001153, 0.5009412, 0.5014574, 0.5015562, 0.5000476, 0.5022619, 0.50179154, 0.50164276, 0.49968514, 0.49969655, 0.50064754, 0.50071526, 0.4992747, 0.5003045, 0.49922195, 0.49926296, 0.49983788, 0.499402, 0.5061168, 0.50790757, 0.49959907, 0.50572395, 0.49974394, 0.50276023, 0.5008025, 0.50083596, 0.49968025, 0.51259935, 0.50489765, 0.5052538, 0.5086088, 0.5047081, 0.5048165, 0.50636166, 0.50663906, 0.49919546, 0.49929932, 0.4999354, 0.5037181, 0.49941626, 0.5001079, 0.49924594, 0.5109793, 0.50904447, 0.5097337, 0.50323933, 0.5024728, 0.49994034, 0.5088302, 0.5108783, 0.5034542, 0.5013547, 0.50105953, 0.50158674, 0.5000475, 0.50055045, 0.50291455, 0.501915, 0.5096438, 0.49991217, 0.50034946, 0.51069254, 0.50911254, 0.50749606, 0.5007769, 0.4992551, 0.50093544, 0.5116101, 0.5089657, 0.49936107, 0.4996676, 0.49927235, 0.50147945, 0.5037062, 0.5030155, 0.5010399, 0.50123906, 0.5012034, 0.4997514, 0.49929538, 0.50218266, 0.49973127, 0.5006471, 0.50407064, 0.5113948, 0.51265866, 0.49977192, 0.50971687, 0.50594586, 0.5026755, 0.502388, 0.510496, 0.51842463, 0.5166272, 0.518455, 0.5158123, 0.51544523, 0.51552325, 0.5185503, 0.51833224, 0.5183304, 0.51868963, 0.5177439, 0.5167216, 0.5174556, 0.515532, 0.51618123, 0.517119, 0.51868284, 0.5167735, 0.5176957, 0.5187416, 0.5190217, 0.5182228, 0.51825833, 0.5184519, 0.51688004, 0.5184836, 0.5189008, 0.5181212, 0.5164166, 0.51848525, 0.5169213, 0.51533854, 0.51879716, 0.5155921, 0.5174898, 0.51833135, 0.51735073, 0.51867443, 0.5173548, 0.5199445, 0.5168809, 0.51602197, 0.5162909, 0.5199181, 0.51885486, 0.51692975, 0.51749915, 0.51789886, 0.51798713, 0.5137583, 0.51850677, 0.5172555, 0.5165184, 0.5176981, 0.5176858, 0.5191914, 0.51887393, 0.51599956, 0.51834714, 0.5173593, 0.5177654, 0.5202626, 0.5181872, 0.51791465, 0.517908, 0.51747525, 0.5185092, 0.5172994, 0.51878506, 0.5212663, 0.5172982, 0.5162034, 0.51709694, 0.5192224, 0.5162005, 0.5162909, 0.51942796, 0.5187675, 0.5165333, 0.51831156, 0.51822156, 0.51833695, 0.5152849, 0.5172012, 0.5185153, 0.51417047, 0.51880354, 0.51649755, 0.5160814, 0.5185237, 0.51944095, 0.5173475, 0.51789385, 0.517386, 0.51975346, 0.5167845, 0.52011293, 0.51651144, 0.5179159, 0.517814, 0.51595604, 0.5164489, 0.51875216, 0.5174202, 0.5190021, 0.51844674, 0.517594, 0.5185706, 0.5175185, 0.51744914, 0.51974064, 0.5172215, 0.5179089, 0.51831347, 0.5174312, 0.520379, 0.5188982, 0.519741, 0.5192503, 0.5180102, 0.51835734, 0.5196321, 0.5219375, 0.51555914, 0.5147395, 0.52025765, 0.51724356, 0.51606417, 0.5156907, 0.5193314, 0.517542, 0.5183029, 0.51986074, 0.5179801, 0.51775825, 0.5181409, 0.517715, 0.5194742, 0.52102584, 0.518034, 0.51619965, 0.5174952, 0.5175137]
[0.5021104, 0.5035385, 0.50560075, 0.5055252, 0.50049275, 0.5010114, 0.508961, 0.49979028, 0.5001202, 0.503407, 0.50161165, 0.5023248, 0.5063146, 0.5090406, 0.5024598, 0.5047777, 0.5103558, 0.5040562, 0.50175095, 0.5114123, 0.5110915, 0.50110435, 0.5060615, 0.5061104, 0.5001343, 0.5004652, 0.50441533, 0.50052524, 0.501339, 0.5037127, 0.50950867, 0.5045091, 0.50090235, 0.5047522, 0.50906265, 0.5097648, 0.50224996, 0.5076338, 0.50797, 0.5006684, 0.5032097, 0.50426435, 0.50830466, 0.50370336, 0.50325364, 0.50428116, 0.50450885, 0.5015196, 0.50557536, 0.50530624, 0.5050396, 0.5014866, 0.50191957, 0.5029047, 0.5031433, 0.50040954, 0.5014984, 0.5008669, 0.50319606, 0.50022155, 0.50110835, 0.5079013, 0.5097873, 0.501397, 0.5081414, 0.5022381, 0.50656444, 0.50227755, 0.50335073, 0.50222826, 0.5129101, 0.50774324, 0.5085579, 0.5094341, 0.50793177, 0.50792694, 0.50809157, 0.5084491, 0.5034452, 0.50342613, 0.50298434, 0.5070774, 0.50207794, 0.50099087, 0.50175315, 0.51141465, 0.51013404, 0.5106388, 0.5068403, 0.5066056, 0.50151235, 0.5097564, 0.51150846, 0.50703305, 0.50368315, 0.50543463, 0.50548166, 0.50075847, 0.502053, 0.5067129, 0.5049909, 0.51063454, 0.49992955, 0.5015378, 0.5105005, 0.5101798, 0.50933224, 0.50490993, 0.5012004, 0.50506306, 0.51186854, 0.5102913, 0.50382257, 0.5008901, 0.5038208, 0.50647044, 0.50730705, 0.5065048, 0.50506514, 0.50543344, 0.5055554, 0.50009143, 0.50187135, 0.5062846, 0.5002547, 0.50394356, 0.5071924, 0.5115912, 0.5138385, 0.5005844, 0.51066095, 0.5084028, 0.5068411, 0.5050797, 0.51086086, 0.51879, 0.5167292, 0.5186592, 0.5159277, 0.5154175, 0.51620674, 0.51942563, 0.51919407, 0.518561, 0.5191191, 0.51837534, 0.517084, 0.51723444, 0.5160231, 0.5161126, 0.51652694, 0.51922554, 0.5171978, 0.5178911, 0.51822805, 0.51951295, 0.51821834, 0.51827, 0.5185244, 0.51718676, 0.51885605, 0.5191316, 0.5183191, 0.51593715, 0.51866657, 0.5163757, 0.5152207, 0.51868874, 0.51627237, 0.5175258, 0.51808596, 0.51721835, 0.51901346, 0.51734656, 0.52042115, 0.5168765, 0.5160929, 0.5164388, 0.51979494, 0.5191691, 0.5164559, 0.51779264, 0.5184563, 0.51862687, 0.5134536, 0.5183125, 0.5168061, 0.51658136, 0.51754713, 0.51765275, 0.5190107, 0.5190161, 0.51571923, 0.5179582, 0.5176612, 0.5180608, 0.5201851, 0.5178346, 0.51749176, 0.518342, 0.5175579, 0.51842743, 0.51727784, 0.51898354, 0.5220917, 0.5175945, 0.5167719, 0.51834434, 0.5191393, 0.51647574, 0.51648575, 0.519701, 0.5192327, 0.51686734, 0.5186819, 0.518238, 0.51842636, 0.51545405, 0.5172106, 0.5186436, 0.51499426, 0.5195679, 0.5163255, 0.51563495, 0.51945776, 0.51966286, 0.5174111, 0.51834136, 0.5169348, 0.5195292, 0.5175129, 0.5203725, 0.5172436, 0.5183446, 0.5184902, 0.516789, 0.5168912, 0.5185647, 0.5177608, 0.51971847, 0.5182357, 0.5173258, 0.5189046, 0.51828516, 0.5180292, 0.51939595, 0.5169555, 0.5187722, 0.51866204, 0.5181191, 0.5208022, 0.5197675, 0.5202738, 0.5200337, 0.51829004, 0.51833075, 0.51998895, 0.52203476, 0.51645124, 0.51535463, 0.52033526, 0.5167388, 0.5168169, 0.5165373, 0.51967746, 0.51749843, 0.5180846, 0.51950896, 0.5173575, 0.51779056, 0.5179071, 0.517675, 0.5203102, 0.5209702, 0.51828706, 0.5166352, 0.5180014, 0.51750326]
[0.5020089, 0.50054246, 0.5013016, 0.5010314, 0.5020381, 0.50301075, 0.5040386, 0.503428, 0.5033524, 0.5073155, 0.5058917, 0.50048655, 0.50222874, 0.50409305, 0.50031644, 0.50045305, 0.50520957, 0.50109845, 0.50337666, 0.50540245, 0.5053317, 0.5040217, 0.5027226, 0.50211895, 0.50081426, 0.5019796, 0.50034565, 0.50382185, 0.503533, 0.5072662, 0.50476575, 0.5003507, 0.5021827, 0.5005579, 0.50419605, 0.5046242, 0.5050841, 0.50305605, 0.5028648, 0.50182605, 0.50599694, 0.5007139, 0.5031374, 0.50102, 0.5038671, 0.5056161, 0.5064767, 0.5004315, 0.5010938, 0.50116205, 0.5005688, 0.5016434, 0.5015128, 0.5058873, 0.5053842, 0.5017713, 0.5049615, 0.50114757, 0.5017968, 0.50341785, 0.503019, 0.50202394, 0.50367236, 0.5006765, 0.5025387, 0.5003332, 0.50180125, 0.5049925, 0.50558233, 0.50050557, 0.5061779, 0.50268495, 0.5024909, 0.5042155, 0.50224453, 0.5034881, 0.50345325, 0.50438786, 0.50137687, 0.5016056, 0.5004719, 0.50093985, 0.50320864, 0.504302, 0.5021249, 0.50561273, 0.5048787, 0.5048976, 0.501502, 0.50082076, 0.50098306, 0.50526774, 0.5059518, 0.50177026, 0.5016315, 0.50181127, 0.5010859, 0.5042112, 0.5050545, 0.50165385, 0.50043035, 0.50547826, 0.50285393, 0.503815, 0.5051933, 0.504793, 0.5039965, 0.5014067, 0.50118136, 0.5004716, 0.5060739, 0.5050709, 0.5003482, 0.5022086, 0.5006128, 0.5022391, 0.5021166, 0.501721, 0.50062686, 0.50110185, 0.5011966, 0.5033774, 0.5016575, 0.5013648, 0.5032352, 0.5010974, 0.50262636, 0.505752, 0.5064189, 0.5029795, 0.5056624, 0.50325084, 0.5022803, 0.5033781, 0.50666356, 0.5097665, 0.50812864, 0.50958186, 0.50771487, 0.50771534, 0.5079308, 0.50996, 0.50966066, 0.50969434, 0.509736, 0.5092113, 0.50862145, 0.5093435, 0.50801706, 0.508197, 0.50831676, 0.50968087, 0.5084835, 0.508774, 0.5092112, 0.509678, 0.5091298, 0.50953454, 0.50987023, 0.50862503, 0.50937223, 0.5099657, 0.50945437, 0.50861853, 0.50958085, 0.5083662, 0.50744534, 0.50925463, 0.5074591, 0.50902975, 0.5093234, 0.50919366, 0.5096219, 0.5088018, 0.5102947, 0.5088901, 0.50736904, 0.50734085, 0.51064724, 0.5096779, 0.50875056, 0.50938135, 0.5092672, 0.5094182, 0.50633395, 0.50965536, 0.50885636, 0.50840634, 0.5088692, 0.5089973, 0.50953734, 0.5095253, 0.5087654, 0.50962925, 0.50855017, 0.5095546, 0.5106161, 0.5095077, 0.5094763, 0.50944597, 0.50936383, 0.50978595, 0.50828683, 0.5091439, 0.5112002, 0.50887066, 0.5081684, 0.50890976, 0.50999194, 0.5087792, 0.50856984, 0.5101413, 0.5099011, 0.5086768, 0.50931823, 0.5091509, 0.50967824, 0.50810546, 0.5086189, 0.5095245, 0.5074546, 0.50966156, 0.50775737, 0.508222, 0.5095012, 0.51032007, 0.5088063, 0.508883, 0.50883216, 0.5100288, 0.50862455, 0.5102514, 0.5084932, 0.50906324, 0.50880075, 0.50800276, 0.5082907, 0.509828, 0.5090397, 0.5099314, 0.5096887, 0.50937366, 0.5098847, 0.50850606, 0.50985956, 0.5101043, 0.5092783, 0.50974214, 0.5096112, 0.5091195, 0.5108543, 0.51004446, 0.5103844, 0.51015925, 0.50943226, 0.5092814, 0.50993335, 0.5113408, 0.50783455, 0.5074209, 0.5104751, 0.5088175, 0.50843686, 0.5081767, 0.510099, 0.5094531, 0.50945807, 0.5105285, 0.5090749, 0.509117, 0.5094272, 0.5091027, 0.5100941, 0.51083046, 0.5091246, 0.5081959, 0.508902, 0.50961745]
[0.5021626, 0.5024764, 0.50289696, 0.50280017, 0.5013369, 0.50136507, 0.506229, 0.5015121, 0.5022189, 0.504732, 0.50292736, 0.5012644, 0.5044288, 0.50643075, 0.5020525, 0.5025568, 0.5082665, 0.50201035, 0.5032094, 0.5085413, 0.5086155, 0.5029326, 0.5034611, 0.50226825, 0.5023814, 0.50208336, 0.5018818, 0.50221694, 0.500674, 0.505561, 0.5067587, 0.50280285, 0.5010372, 0.50266296, 0.5074704, 0.50588, 0.5034499, 0.50439006, 0.5053894, 0.50171816, 0.5053084, 0.50211316, 0.5055605, 0.5013141, 0.50473493, 0.50595236, 0.5067215, 0.5037148, 0.5020191, 0.5022415, 0.50219727, 0.5015519, 0.5017272, 0.50397825, 0.5043736, 0.5008622, 0.5039831, 0.50163954, 0.5011458, 0.50185, 0.5019262, 0.5059394, 0.507466, 0.50131357, 0.50640464, 0.5009669, 0.50336075, 0.5055363, 0.5041833, 0.50234574, 0.5107203, 0.5055679, 0.50570166, 0.5073592, 0.5058163, 0.50549465, 0.50571454, 0.505778, 0.50176954, 0.5017343, 0.50189835, 0.505101, 0.5025487, 0.50194997, 0.50134027, 0.5097613, 0.5068715, 0.5080741, 0.5039914, 0.5033844, 0.50097966, 0.5074688, 0.50869226, 0.5039646, 0.5022503, 0.5016848, 0.50329226, 0.5023976, 0.50378984, 0.5047634, 0.5037254, 0.5084307, 0.50220317, 0.5035383, 0.508428, 0.5075377, 0.5061559, 0.5017907, 0.5012966, 0.5028971, 0.5087394, 0.5069409, 0.500933, 0.5021947, 0.500773, 0.50294745, 0.5030854, 0.50287795, 0.5019977, 0.5020937, 0.50203, 0.50170445, 0.5009767, 0.50337166, 0.50217307, 0.50307024, 0.50484544, 0.5095437, 0.5105791, 0.5016617, 0.50826836, 0.50523436, 0.5022008, 0.5018459, 0.5071284, 0.5149424, 0.51361066, 0.51510453, 0.51277536, 0.51252264, 0.51292926, 0.5145576, 0.51449496, 0.5147934, 0.51494503, 0.5140796, 0.513295, 0.5143154, 0.5125284, 0.51252806, 0.513026, 0.5150533, 0.51407045, 0.514504, 0.51479983, 0.5155956, 0.5144125, 0.5143464, 0.51476514, 0.5136515, 0.5145757, 0.51495564, 0.5137854, 0.51262563, 0.5148835, 0.51359594, 0.5127564, 0.5147868, 0.5134805, 0.5140778, 0.51460445, 0.51325834, 0.5149856, 0.5134187, 0.5164256, 0.5134124, 0.5134993, 0.51371527, 0.51530814, 0.51520723, 0.51321405, 0.51359016, 0.5139359, 0.51394975, 0.5113474, 0.5146142, 0.5134231, 0.51361334, 0.5138599, 0.5142261, 0.5149434, 0.51493955, 0.5128676, 0.51458716, 0.51391226, 0.51376307, 0.5162519, 0.51444274, 0.5142031, 0.5143282, 0.51331764, 0.5140278, 0.51378345, 0.51483035, 0.5172582, 0.5140363, 0.5131808, 0.513737, 0.5150795, 0.5128339, 0.51333594, 0.5155791, 0.5153054, 0.51364696, 0.5147808, 0.5147678, 0.5141971, 0.5126339, 0.5135015, 0.51395285, 0.51258326, 0.5154255, 0.512992, 0.5128543, 0.5153497, 0.5152973, 0.51425934, 0.5147973, 0.51321864, 0.51533747, 0.51356167, 0.5161973, 0.5136688, 0.51450807, 0.5148646, 0.51333094, 0.5134823, 0.5147368, 0.51406646, 0.5153101, 0.5143516, 0.5134819, 0.51477, 0.51424384, 0.5138236, 0.5152754, 0.51343566, 0.51445156, 0.51517934, 0.51407856, 0.5161298, 0.51530564, 0.515584, 0.5153782, 0.5145324, 0.51470816, 0.515305, 0.51706886, 0.5128618, 0.51271385, 0.51590294, 0.51402414, 0.51331496, 0.5132253, 0.51537395, 0.5135292, 0.51383096, 0.5157717, 0.5141975, 0.5140583, 0.51421, 0.5139475, 0.5153616, 0.5161444, 0.51441497, 0.5129932, 0.5142345, 0.5134154]
[0.50027674, 0.5004503, 0.50054884, 0.5001744, 0.5004348, 0.50021654, 0.50401753, 0.50218, 0.5020898, 0.50397426, 0.5025067, 0.5008695, 0.501985, 0.50479406, 0.5008904, 0.5009778, 0.50605434, 0.4999994, 0.5030992, 0.50653106, 0.5067831, 0.5022603, 0.5015631, 0.50175077, 0.50170547, 0.50187343, 0.5000355, 0.5019433, 0.50122, 0.5044677, 0.50542146, 0.49990115, 0.5012792, 0.500166, 0.50485164, 0.50505006, 0.50306094, 0.5021207, 0.5030441, 0.50103354, 0.5043562, 0.500592, 0.5035784, 0.5001959, 0.50349474, 0.5044219, 0.50479454, 0.50248367, 0.50100464, 0.5013235, 0.50013125, 0.50124943, 0.5013544, 0.5038345, 0.50394034, 0.5017447, 0.5033139, 0.5011687, 0.50134915, 0.5019803, 0.50138587, 0.50206953, 0.5040088, 0.500218, 0.50424486, 0.50000906, 0.5015397, 0.5035359, 0.5040315, 0.5002665, 0.50768363, 0.503937, 0.50316113, 0.5050497, 0.5035688, 0.5039915, 0.5043689, 0.50555754, 0.5002921, 0.5005458, 0.5002908, 0.50215554, 0.49992633, 0.5021097, 0.50009733, 0.50698674, 0.5053062, 0.50588256, 0.5024195, 0.50138694, 0.50018907, 0.5060657, 0.50705755, 0.5017818, 0.5005856, 0.5012188, 0.50080574, 0.50259924, 0.5030587, 0.5016302, 0.5007799, 0.50657696, 0.5018004, 0.502409, 0.50591344, 0.5063411, 0.5050358, 0.5007489, 0.50073934, 0.5007033, 0.50671226, 0.5050704, 0.5009703, 0.5022808, 0.50068986, 0.50015503, 0.5024037, 0.5012342, 0.5000845, 0.50001216, 0.500072, 0.50164986, 0.500727, 0.5014329, 0.5015955, 0.50008154, 0.50190645, 0.5065121, 0.507634, 0.50109124, 0.50650346, 0.5023718, 0.50053024, 0.5012313, 0.5062382, 0.51160604, 0.51031345, 0.51164013, 0.5096427, 0.5087672, 0.510172, 0.51175374, 0.5117223, 0.511599, 0.51212084, 0.5109389, 0.5101254, 0.51096916, 0.5097305, 0.5102083, 0.5101307, 0.5114969, 0.5107816, 0.51102203, 0.51118326, 0.51197964, 0.51105535, 0.51161516, 0.5118306, 0.51071995, 0.51160914, 0.5118461, 0.51124376, 0.50973535, 0.5116537, 0.51011556, 0.5092321, 0.51150185, 0.5100515, 0.5109876, 0.5112532, 0.510709, 0.5117973, 0.5109588, 0.51281756, 0.51090115, 0.5102381, 0.5103051, 0.51241285, 0.51232815, 0.51051986, 0.51082486, 0.5110159, 0.51119363, 0.5077851, 0.51149094, 0.5107161, 0.5102817, 0.51043695, 0.51086694, 0.51145846, 0.5115775, 0.5102813, 0.5118992, 0.5106151, 0.5109374, 0.5127494, 0.51144254, 0.51135683, 0.51139027, 0.5107634, 0.511651, 0.51034397, 0.5113108, 0.5137909, 0.51078236, 0.51001304, 0.5109219, 0.51213866, 0.5099927, 0.51044875, 0.51237303, 0.5120147, 0.5107178, 0.5112823, 0.51127744, 0.51122546, 0.50984603, 0.51074314, 0.5114371, 0.50919753, 0.51190037, 0.5094386, 0.5098436, 0.5120632, 0.512632, 0.51098305, 0.51132894, 0.5105828, 0.5124179, 0.51044196, 0.512682, 0.51047677, 0.5111385, 0.51104885, 0.5103457, 0.51034874, 0.51150066, 0.5107429, 0.51204884, 0.51177007, 0.5111687, 0.51156133, 0.51121724, 0.5113869, 0.5118664, 0.5105548, 0.51160294, 0.51198024, 0.5108626, 0.51311594, 0.5125245, 0.5126097, 0.51258457, 0.511563, 0.511394, 0.5121612, 0.51376724, 0.5101463, 0.5090699, 0.5126448, 0.5108463, 0.5100281, 0.50995624, 0.5123252, 0.51067936, 0.5108687, 0.51262754, 0.5107283, 0.51121026, 0.511425, 0.5111877, 0.51232547, 0.51308817, 0.5114164, 0.5101404, 0.5111397, 0.51119226]
[0.5016452, 0.50131744, 0.50055176, 0.5005572, 0.50197333, 0.50171787, 0.5035915, 0.50516826, 0.504973, 0.50737506, 0.5055638, 0.5023453, 0.5017908, 0.5048225, 0.5018136, 0.5005022, 0.50580335, 0.5014413, 0.5059668, 0.50689965, 0.50663584, 0.50514024, 0.5025581, 0.5018837, 0.50349027, 0.50525904, 0.5021997, 0.5047791, 0.5045842, 0.508153, 0.505591, 0.50220513, 0.50410825, 0.5014854, 0.5046041, 0.5052359, 0.50599635, 0.50253224, 0.5025816, 0.50416446, 0.5072167, 0.50176346, 0.5023403, 0.5008712, 0.50642323, 0.5081649, 0.5085166, 0.5053335, 0.5007775, 0.50061643, 0.50099456, 0.50265837, 0.5027938, 0.5069508, 0.50702405, 0.5023014, 0.5054628, 0.50264937, 0.50421846, 0.50508225, 0.5044499, 0.5009511, 0.5047492, 0.50239515, 0.50283915, 0.5015965, 0.50128436, 0.50660294, 0.5068281, 0.5025457, 0.5080926, 0.502667, 0.50071985, 0.50475454, 0.5027964, 0.50245214, 0.5027307, 0.5039595, 0.50311124, 0.5033305, 0.502246, 0.5013316, 0.5027803, 0.5053279, 0.5034117, 0.5066241, 0.5054319, 0.50593275, 0.5012348, 0.5005509, 0.50236833, 0.50521487, 0.5067592, 0.5016668, 0.50083524, 0.50073975, 0.5022912, 0.5060769, 0.50672305, 0.5007915, 0.50164205, 0.50581336, 0.50408614, 0.5055993, 0.5061112, 0.50553447, 0.50414246, 0.50080466, 0.50346845, 0.50220704, 0.5069582, 0.5054343, 0.5029745, 0.50510067, 0.5034094, 0.50143474, 0.5018676, 0.50089616, 0.5012768, 0.50081414, 0.5015446, 0.50495344, 0.50248826, 0.50086284, 0.5040656, 0.5014662, 0.5013733, 0.50676, 0.50842917, 0.50451225, 0.5062208, 0.50178087, 0.50091976, 0.5004718, 0.5061599, 0.5114533, 0.51042265, 0.5115891, 0.5094808, 0.50949585, 0.5098493, 0.51192355, 0.5118144, 0.5116724, 0.5116109, 0.5110826, 0.5105426, 0.5108689, 0.5101398, 0.51022005, 0.50997984, 0.51160383, 0.5109087, 0.5111618, 0.5112901, 0.5121345, 0.5111233, 0.5114121, 0.5118249, 0.5111007, 0.51158667, 0.5119642, 0.5113438, 0.5100007, 0.51166236, 0.5106299, 0.5093966, 0.5114662, 0.51003766, 0.5109659, 0.5110845, 0.51091295, 0.5117871, 0.5108109, 0.5125479, 0.5105366, 0.5103357, 0.51019776, 0.51268005, 0.512222, 0.51025665, 0.5108969, 0.5110837, 0.5112597, 0.5081581, 0.5111843, 0.5106297, 0.51041836, 0.51073986, 0.51136106, 0.51160026, 0.5117233, 0.51012427, 0.5116639, 0.5107594, 0.5113425, 0.5128844, 0.5113384, 0.5110872, 0.5113648, 0.5109882, 0.51134205, 0.5101962, 0.5114075, 0.51334965, 0.51084024, 0.51010305, 0.5110083, 0.51193565, 0.50996345, 0.51030034, 0.5123018, 0.51193094, 0.5108785, 0.5110832, 0.5114819, 0.511169, 0.50977963, 0.51088685, 0.51135653, 0.5094564, 0.5118636, 0.5096504, 0.5097372, 0.5118743, 0.5124573, 0.5110607, 0.5115658, 0.51089907, 0.51218164, 0.5103212, 0.5125311, 0.510781, 0.51114863, 0.511113, 0.5104197, 0.5103252, 0.5113558, 0.5109917, 0.5120537, 0.51134217, 0.5106644, 0.51147485, 0.51116014, 0.51153654, 0.51174027, 0.51059914, 0.51116204, 0.51154536, 0.51093876, 0.5127035, 0.51240367, 0.5125505, 0.51215017, 0.5113524, 0.51127833, 0.5119588, 0.5135069, 0.5101143, 0.508992, 0.5125579, 0.51071995, 0.5103616, 0.51015645, 0.51222676, 0.51075655, 0.5111046, 0.5123789, 0.510801, 0.51123726, 0.51118124, 0.5110127, 0.51210284, 0.5129273, 0.51144487, 0.509931, 0.51104623, 0.5107403]
[0.5004187, 0.5000163, 0.50188386, 0.5046257, 0.5006329, 0.50052994, 0.50644743, 0.5008195, 0.50069845, 0.50402135, 0.5026933, 0.5008115, 0.502545, 0.5060468, 0.50029564, 0.5006728, 0.5074882, 0.50083566, 0.5024791, 0.5080495, 0.5086557, 0.5026456, 0.5043303, 0.50264645, 0.50133324, 0.5020912, 0.501917, 0.50175416, 0.5008805, 0.504516, 0.507226, 0.5006691, 0.50076985, 0.5009193, 0.50645214, 0.5053429, 0.5032106, 0.5038854, 0.5042671, 0.50177217, 0.50395864, 0.5000407, 0.50294393, 0.5012691, 0.50289315, 0.5042721, 0.5045022, 0.5021466, 0.5007535, 0.50071496, 0.50059634, 0.50088906, 0.5006102, 0.503061, 0.50329906, 0.5001976, 0.5031536, 0.50146496, 0.50006926, 0.5011038, 0.5004715, 0.5052052, 0.50666225, 0.5003984, 0.5038917, 0.50066066, 0.5015181, 0.50393647, 0.50333726, 0.5005583, 0.5102621, 0.5041624, 0.5065232, 0.5073332, 0.5044879, 0.50386435, 0.5045613, 0.5063588, 0.5010507, 0.5005223, 0.50204283, 0.5033849, 0.50018007, 0.50156856, 0.50064963, 0.50889146, 0.507354, 0.5078297, 0.5032425, 0.502045, 0.50048476, 0.50705826, 0.5086766, 0.5025914, 0.5015314, 0.50229955, 0.5015673, 0.5023839, 0.5032927, 0.5028784, 0.50202036, 0.5079861, 0.50113803, 0.50244254, 0.50844234, 0.506539, 0.50542074, 0.5003443, 0.50107443, 0.50008047, 0.508987, 0.50736535, 0.5008106, 0.50078815, 0.50059295, 0.50217766, 0.50218755, 0.5012644, 0.5003024, 0.50051206, 0.50116646, 0.5013711, 0.50077033, 0.502938, 0.5012984, 0.50079876, 0.50359964, 0.5095103, 0.51048744, 0.5016161, 0.50768524, 0.50603473, 0.50381577, 0.5025018, 0.5076187, 0.51533157, 0.51377106, 0.5158646, 0.51342773, 0.51358175, 0.512765, 0.5148466, 0.5151727, 0.5151858, 0.51501983, 0.5144039, 0.5136024, 0.5145844, 0.5133374, 0.51317865, 0.513387, 0.5152646, 0.5140361, 0.5148719, 0.5151752, 0.51637197, 0.514747, 0.5147398, 0.5148387, 0.51413435, 0.5148746, 0.5154989, 0.5149438, 0.5132037, 0.5148823, 0.5133768, 0.5123659, 0.5147842, 0.512107, 0.51397187, 0.51482093, 0.5138332, 0.5152357, 0.51371586, 0.51683927, 0.51436657, 0.5134781, 0.51349443, 0.51603156, 0.51589984, 0.51386935, 0.51437443, 0.514359, 0.5147309, 0.5116992, 0.5151032, 0.51391923, 0.5139287, 0.5142277, 0.5147367, 0.515387, 0.5153943, 0.5125432, 0.5150085, 0.51470184, 0.51433915, 0.51659364, 0.51504564, 0.5146064, 0.5149579, 0.5139784, 0.5149829, 0.5139538, 0.515459, 0.5176939, 0.51477545, 0.5138062, 0.51416844, 0.51582456, 0.5132416, 0.51320994, 0.51658064, 0.5159004, 0.51356316, 0.5151316, 0.5148914, 0.5152904, 0.5122418, 0.51451945, 0.51559895, 0.5116652, 0.51588356, 0.51336443, 0.5128139, 0.5154113, 0.5161111, 0.5141309, 0.5145734, 0.5138448, 0.5162301, 0.5138724, 0.5163132, 0.51403606, 0.51516134, 0.5150478, 0.5125675, 0.5137392, 0.51555353, 0.5143999, 0.51612955, 0.5146838, 0.51412934, 0.5154822, 0.51465017, 0.5144208, 0.51615834, 0.5140191, 0.51505774, 0.5147844, 0.51448894, 0.5167323, 0.51606613, 0.51618636, 0.5160713, 0.5149364, 0.5156066, 0.5155374, 0.5173672, 0.513286, 0.5126309, 0.5166928, 0.51429826, 0.5137961, 0.51321375, 0.5159982, 0.514277, 0.51493734, 0.51582754, 0.5145103, 0.5149022, 0.5146654, 0.51464504, 0.5159387, 0.51678777, 0.51451033, 0.5140769, 0.5148507, 0.5144524]
[0.5003392, 0.5028543, 0.5036351, 0.50375897, 0.50069135, 0.50092185, 0.5089809, 0.50188345, 0.50136393, 0.5044076, 0.5029233, 0.5010633, 0.50460505, 0.5082377, 0.50148034, 0.50375044, 0.51083344, 0.50186306, 0.50303036, 0.51161605, 0.5111567, 0.5022128, 0.5056292, 0.5059935, 0.5012201, 0.50145054, 0.5019283, 0.5022261, 0.50130963, 0.50466394, 0.5099354, 0.5022043, 0.50081694, 0.5020718, 0.5085465, 0.5091475, 0.5037622, 0.50629777, 0.5074403, 0.5010614, 0.50408226, 0.50239146, 0.5075091, 0.5031844, 0.50316036, 0.5045664, 0.5046233, 0.5014213, 0.50289726, 0.50234765, 0.5018581, 0.5002594, 0.50041306, 0.5035956, 0.50404114, 0.5009813, 0.5026134, 0.5003924, 0.50051355, 0.50207156, 0.500927, 0.50646114, 0.5093075, 0.5002025, 0.508001, 0.50076765, 0.50355923, 0.50366867, 0.50391704, 0.50168496, 0.5133436, 0.5071259, 0.5080425, 0.5097084, 0.5076587, 0.507796, 0.50824493, 0.5083037, 0.5005737, 0.5011192, 0.50126857, 0.5049115, 0.5006442, 0.50205004, 0.50002015, 0.5122336, 0.5094269, 0.5102786, 0.5056278, 0.50422436, 0.5016835, 0.50999075, 0.51171446, 0.50472414, 0.50090015, 0.5043123, 0.50309086, 0.50216216, 0.5032266, 0.50584096, 0.5024143, 0.5114041, 0.502223, 0.50273603, 0.51040363, 0.50981706, 0.5082698, 0.5031021, 0.5005816, 0.50167406, 0.51205003, 0.5101129, 0.50082463, 0.50144887, 0.50160813, 0.5040954, 0.5053148, 0.5038843, 0.5015259, 0.5019196, 0.5030707, 0.5013187, 0.5006226, 0.50492585, 0.5012157, 0.50213456, 0.50561374, 0.5126327, 0.5136369, 0.5016132, 0.5108237, 0.50708425, 0.5035407, 0.50385803, 0.5107953, 0.519984, 0.51757103, 0.5204087, 0.5172694, 0.5168411, 0.51685995, 0.52045906, 0.5205642, 0.5196974, 0.51974994, 0.51881295, 0.51764894, 0.51897407, 0.5172254, 0.51702857, 0.51772827, 0.5205862, 0.5185734, 0.51952094, 0.5194087, 0.52093875, 0.5191025, 0.5192874, 0.5197966, 0.51832473, 0.5196902, 0.52059704, 0.51977056, 0.51728463, 0.5202203, 0.51777285, 0.51574385, 0.51984286, 0.51677305, 0.5188192, 0.51917756, 0.5178848, 0.5201743, 0.5182107, 0.5222066, 0.5179808, 0.5175066, 0.5175409, 0.5210029, 0.5208369, 0.5174962, 0.5187785, 0.5192221, 0.519421, 0.5146105, 0.51969314, 0.51813304, 0.5176571, 0.5184487, 0.518864, 0.5205242, 0.52033263, 0.51678556, 0.5195896, 0.51887715, 0.5191586, 0.5216975, 0.51888514, 0.5182687, 0.51956695, 0.5189587, 0.5192351, 0.518293, 0.5196685, 0.5233912, 0.5189411, 0.51759714, 0.51901937, 0.5202558, 0.51711756, 0.5175864, 0.52106047, 0.52012163, 0.5183036, 0.5194381, 0.51943475, 0.5190358, 0.5164495, 0.51813954, 0.51956016, 0.5159082, 0.52080375, 0.516799, 0.5163284, 0.52086836, 0.52131337, 0.5184378, 0.51960456, 0.517756, 0.52098715, 0.51813114, 0.52207935, 0.518561, 0.5194386, 0.5194831, 0.5172272, 0.5180327, 0.51949185, 0.518469, 0.5210645, 0.5198577, 0.51864177, 0.5202499, 0.51902926, 0.51876664, 0.5206897, 0.5181448, 0.52001524, 0.52040327, 0.51880205, 0.52186394, 0.5208105, 0.521237, 0.5212565, 0.51946914, 0.51961386, 0.5211502, 0.523242, 0.51716304, 0.5166328, 0.5217103, 0.5183712, 0.5173047, 0.51726574, 0.521249, 0.5188031, 0.5186978, 0.5212762, 0.5189857, 0.51873136, 0.51934135, 0.51819265, 0.52074486, 0.52227104, 0.51945335, 0.5170859, 0.51956475, 0.51875466]
[0.5019775, 0.50128365, 0.5013091, 0.5011313, 0.5026285, 0.5032387, 0.5075305, 0.5040982, 0.5032988, 0.5067365, 0.5052079, 0.50182027, 0.5031351, 0.5083271, 0.5013847, 0.50087357, 0.5090899, 0.5018209, 0.50487757, 0.50975484, 0.5098656, 0.5038653, 0.5051433, 0.50287855, 0.5024486, 0.50343364, 0.5005071, 0.503943, 0.50340515, 0.5072138, 0.5087916, 0.50092965, 0.5029596, 0.5009994, 0.50838524, 0.50885135, 0.5052115, 0.5057557, 0.50609714, 0.5033034, 0.5063796, 0.5010251, 0.50695765, 0.5010405, 0.5058626, 0.5070005, 0.507403, 0.5041158, 0.5010642, 0.50130224, 0.5007693, 0.502481, 0.502568, 0.50593835, 0.50611115, 0.50286025, 0.5049158, 0.50268537, 0.50286937, 0.5039489, 0.5037614, 0.5047218, 0.50752395, 0.5017668, 0.5057548, 0.50267303, 0.50197595, 0.5058254, 0.5060591, 0.5016167, 0.5111089, 0.50565404, 0.5061046, 0.50849104, 0.5057987, 0.50653535, 0.50676477, 0.50785005, 0.50190175, 0.5018805, 0.50123703, 0.50231636, 0.5023785, 0.50453657, 0.5025925, 0.5105287, 0.50886446, 0.50921905, 0.50213635, 0.5012106, 0.5012739, 0.50877315, 0.5100218, 0.5046957, 0.5018728, 0.5021111, 0.5004836, 0.5045993, 0.50562215, 0.5035505, 0.50088346, 0.5094483, 0.5034011, 0.50470245, 0.50954425, 0.5090951, 0.50790197, 0.5009269, 0.50263464, 0.5014403, 0.5103659, 0.5089025, 0.501809, 0.5034696, 0.50232434, 0.50194705, 0.5049252, 0.50262386, 0.5006423, 0.50060153, 0.5005424, 0.50405145, 0.50294405, 0.5017117, 0.503575, 0.5006911, 0.50531936, 0.5097714, 0.5112967, 0.50372505, 0.50969684, 0.50590175, 0.5032667, 0.50398535, 0.51060194, 0.5162653, 0.51398337, 0.51591134, 0.51329803, 0.5130041, 0.51405543, 0.51635677, 0.5162165, 0.51641095, 0.51653683, 0.51567215, 0.5148396, 0.5152373, 0.51359487, 0.51422, 0.5143945, 0.51628035, 0.5145274, 0.51508665, 0.5159165, 0.51635873, 0.5153428, 0.5158329, 0.5161586, 0.5146625, 0.5157759, 0.5166339, 0.51561296, 0.5146666, 0.5160818, 0.514673, 0.513007, 0.5158091, 0.5135618, 0.5150766, 0.51575583, 0.5151986, 0.51634705, 0.51509356, 0.5173546, 0.51470447, 0.5132645, 0.51337206, 0.51738, 0.5160324, 0.51457524, 0.5156125, 0.51558, 0.515703, 0.511641, 0.5160857, 0.5147675, 0.5144174, 0.5151398, 0.5153323, 0.5159932, 0.51599497, 0.51443696, 0.51617175, 0.51501596, 0.5155048, 0.5174601, 0.5157383, 0.5158523, 0.51612896, 0.51540744, 0.5163556, 0.5147021, 0.515636, 0.518457, 0.51500154, 0.5139535, 0.51505953, 0.5169727, 0.51434284, 0.5146565, 0.51707906, 0.516467, 0.51435083, 0.51588875, 0.51575243, 0.5161344, 0.5136879, 0.5148851, 0.51575696, 0.51261985, 0.5164963, 0.51416904, 0.5138863, 0.51622397, 0.51711696, 0.5149251, 0.51537, 0.5150289, 0.5169608, 0.51492864, 0.5173842, 0.51429766, 0.515351, 0.51557386, 0.51407313, 0.5143252, 0.5162741, 0.51519203, 0.51663834, 0.5160288, 0.51537514, 0.516227, 0.5150667, 0.515681, 0.516961, 0.51505613, 0.5158782, 0.5159566, 0.51552045, 0.51765496, 0.5163305, 0.5168829, 0.51671857, 0.51572603, 0.51548964, 0.5168294, 0.5188732, 0.51364, 0.51316607, 0.51746327, 0.5149115, 0.514156, 0.5139838, 0.51676756, 0.5156059, 0.51578087, 0.51721334, 0.51533884, 0.515416, 0.5155815, 0.5155937, 0.5172591, 0.5178814, 0.5157597, 0.5137417, 0.51461565, 0.5158159]
[0.50041354, 0.5013984, 0.5021745, 0.50342315, 0.5006804, 0.50085735, 0.5066996, 0.50253695, 0.5015635, 0.5064352, 0.5041818, 0.50077695, 0.50397444, 0.50829375, 0.5016939, 0.5029802, 0.509505, 0.5027785, 0.50332004, 0.5099328, 0.50967366, 0.5029624, 0.5059565, 0.50486404, 0.50123173, 0.502442, 0.50019157, 0.5031488, 0.5011798, 0.50625527, 0.50859314, 0.5024179, 0.5014078, 0.5021152, 0.50840497, 0.50899905, 0.50418025, 0.5063226, 0.5068604, 0.5019776, 0.5048406, 0.50181586, 0.5060157, 0.5011254, 0.50400245, 0.50589263, 0.50658184, 0.50273836, 0.5023182, 0.5031644, 0.5020536, 0.5005428, 0.5001657, 0.5043065, 0.50448287, 0.5005243, 0.5036176, 0.50054044, 0.50006616, 0.50197095, 0.5010826, 0.50539213, 0.5082157, 0.50048935, 0.5069354, 0.5008189, 0.50313145, 0.5058025, 0.50509495, 0.5013346, 0.511562, 0.5055825, 0.50610673, 0.50836694, 0.50618345, 0.50542367, 0.5064866, 0.50771964, 0.50049436, 0.5006674, 0.50184023, 0.50368565, 0.5013907, 0.50361216, 0.50176066, 0.51053745, 0.5086826, 0.50949854, 0.50407714, 0.5024626, 0.50093985, 0.50964326, 0.5104256, 0.5039958, 0.50219995, 0.50253284, 0.50214016, 0.5033965, 0.50473624, 0.5039496, 0.50323594, 0.50990015, 0.5024535, 0.50406337, 0.5095345, 0.5092367, 0.50797874, 0.5023995, 0.500712, 0.5014947, 0.5107053, 0.509269, 0.50099814, 0.5008923, 0.5001536, 0.5040396, 0.503837, 0.5032698, 0.5016196, 0.50214463, 0.50212854, 0.5024703, 0.5002275, 0.5040979, 0.50218534, 0.5023731, 0.5054199, 0.5105518, 0.5117567, 0.50269985, 0.50972855, 0.50714135, 0.5034655, 0.5044479, 0.51029706, 0.51666427, 0.51504344, 0.51647586, 0.514277, 0.5140802, 0.51398873, 0.5169956, 0.51675355, 0.5161775, 0.51701283, 0.51574385, 0.5151349, 0.51598656, 0.5142842, 0.51456416, 0.5150932, 0.5167591, 0.514968, 0.51595974, 0.5167526, 0.5172541, 0.5161978, 0.516623, 0.5167303, 0.51524866, 0.5164001, 0.5171623, 0.5159831, 0.5144664, 0.5165879, 0.51467353, 0.51369154, 0.51667583, 0.51392317, 0.51544243, 0.5161072, 0.515531, 0.51651967, 0.5154147, 0.518174, 0.5152426, 0.51450425, 0.5146503, 0.51779974, 0.5170216, 0.5149069, 0.5160102, 0.5161443, 0.51654893, 0.5120578, 0.5164182, 0.515011, 0.51489013, 0.5156778, 0.51581395, 0.5167614, 0.51685417, 0.5144858, 0.51624453, 0.51576763, 0.51625085, 0.51835024, 0.51635545, 0.5160447, 0.51624626, 0.51568985, 0.5167163, 0.51538146, 0.5167242, 0.5193576, 0.5154796, 0.51447994, 0.5158587, 0.516968, 0.5147365, 0.514803, 0.51727474, 0.51704717, 0.5152644, 0.51677537, 0.516225, 0.5163858, 0.51387614, 0.51515204, 0.5164974, 0.5131369, 0.5169362, 0.5143595, 0.5142412, 0.516808, 0.5178073, 0.5156972, 0.5162443, 0.51515234, 0.51760286, 0.5151853, 0.5181809, 0.514952, 0.51610357, 0.5162194, 0.5140979, 0.514814, 0.51667786, 0.515575, 0.5171269, 0.51678205, 0.5158258, 0.51665473, 0.51571816, 0.5163313, 0.51715523, 0.5156421, 0.5165788, 0.5164129, 0.51581776, 0.51802707, 0.5174693, 0.5177168, 0.5176055, 0.5161512, 0.5164427, 0.5174633, 0.5196114, 0.51408166, 0.5133904, 0.5181721, 0.5156032, 0.5144993, 0.5142611, 0.5173792, 0.51579136, 0.5166101, 0.51774144, 0.51597446, 0.5159984, 0.51624244, 0.5157623, 0.51766485, 0.51835626, 0.51630366, 0.5144379, 0.51605254, 0.5159589]
[0.50080436, 0.5002319, 0.50195485, 0.5021033, 0.5012421, 0.5007996, 0.5068866, 0.50400543, 0.5037374, 0.50582343, 0.5042053, 0.5011134, 0.5042063, 0.50774515, 0.5011736, 0.5017608, 0.5083016, 0.5002943, 0.50509983, 0.509823, 0.5097111, 0.50422966, 0.50463307, 0.50289416, 0.50308603, 0.50396675, 0.5009814, 0.50423133, 0.5020744, 0.5064009, 0.5072792, 0.50123835, 0.50156784, 0.50132513, 0.50762385, 0.5076824, 0.50491685, 0.50412774, 0.50555605, 0.5035465, 0.5058806, 0.5013963, 0.5061297, 0.5005024, 0.50530154, 0.50679815, 0.5072849, 0.50433975, 0.5008946, 0.5019557, 0.500276, 0.501711, 0.5013714, 0.50537926, 0.5054296, 0.501566, 0.5043311, 0.5020209, 0.5018461, 0.5026378, 0.5015852, 0.50418663, 0.5077742, 0.5018498, 0.5069798, 0.50119793, 0.50363165, 0.5053297, 0.50637686, 0.5024622, 0.5110404, 0.5058809, 0.50378495, 0.50768036, 0.5061684, 0.50547546, 0.5063341, 0.5057851, 0.50145894, 0.5017086, 0.5013748, 0.5030755, 0.50196624, 0.50383383, 0.5020431, 0.5094572, 0.50820786, 0.5088969, 0.5035041, 0.5026053, 0.50276566, 0.5076392, 0.5101145, 0.50390184, 0.5005833, 0.50079113, 0.50029427, 0.5045287, 0.50539273, 0.50230014, 0.502525, 0.50929505, 0.50328946, 0.5042524, 0.5082939, 0.50832266, 0.50712276, 0.50042117, 0.50214446, 0.50074434, 0.5098984, 0.5080866, 0.5014895, 0.503548, 0.50174993, 0.5013878, 0.5032696, 0.5021993, 0.50024074, 0.50120133, 0.5007058, 0.50314945, 0.50126636, 0.5026055, 0.5025569, 0.501528, 0.5044914, 0.5094668, 0.5118124, 0.5036064, 0.50931245, 0.5038759, 0.5008963, 0.50067556, 0.50890887, 0.5171775, 0.5152981, 0.51644754, 0.51390696, 0.5133855, 0.514556, 0.5174313, 0.51713127, 0.5168972, 0.5168145, 0.51606816, 0.5146652, 0.5156584, 0.5141351, 0.5148244, 0.5142606, 0.51694566, 0.51582384, 0.5163442, 0.5162194, 0.51772356, 0.5164505, 0.51648426, 0.5170399, 0.51566523, 0.51650566, 0.5174248, 0.51637214, 0.5139843, 0.5169043, 0.5149446, 0.51346546, 0.5168303, 0.51459473, 0.5158132, 0.51646006, 0.5153883, 0.51719373, 0.5157367, 0.5183156, 0.5150886, 0.5148299, 0.5149941, 0.5182737, 0.5179603, 0.51487345, 0.5157643, 0.5163886, 0.51649904, 0.5113381, 0.5164865, 0.51524645, 0.5150371, 0.5152636, 0.51623476, 0.51667464, 0.51695156, 0.51477814, 0.51639473, 0.51563597, 0.5164896, 0.5187122, 0.5163601, 0.516062, 0.51637745, 0.51576865, 0.51633847, 0.5147038, 0.51698095, 0.5197378, 0.51535666, 0.514225, 0.51657945, 0.5170878, 0.5144137, 0.5145325, 0.51765805, 0.51737124, 0.515752, 0.5163563, 0.5161745, 0.5159703, 0.5137746, 0.51544297, 0.51629925, 0.51333404, 0.5172672, 0.51407266, 0.51417005, 0.51746106, 0.518124, 0.51563084, 0.516594, 0.51517147, 0.5177718, 0.51522034, 0.5182383, 0.51563245, 0.51612663, 0.5164865, 0.5147393, 0.51499164, 0.51672137, 0.5159531, 0.51737535, 0.51642406, 0.5155569, 0.5170459, 0.51616997, 0.5166722, 0.5170316, 0.51532555, 0.51635844, 0.51686513, 0.51600033, 0.518725, 0.5180543, 0.5179033, 0.51789325, 0.5163942, 0.51660067, 0.5180993, 0.51960456, 0.5144225, 0.5133662, 0.5183021, 0.5154162, 0.5145489, 0.5144387, 0.5175855, 0.51549286, 0.5159333, 0.51803917, 0.5153176, 0.5160575, 0.5162148, 0.51568025, 0.5179134, 0.51883465, 0.5164972, 0.5145218, 0.5158923, 0.5155997]
[0.50076354, 0.50031155, 0.50121003, 0.5003269, 0.5013859, 0.50122553, 0.5048053, 0.50193155, 0.5015117, 0.50423837, 0.50304586, 0.5002432, 0.50186825, 0.5056839, 0.5011653, 0.50015813, 0.5077417, 0.5016546, 0.50316525, 0.50768167, 0.5073308, 0.5026257, 0.50169826, 0.50186676, 0.50137234, 0.5020984, 0.5008495, 0.50289464, 0.5010731, 0.50468385, 0.50636077, 0.50104845, 0.5013508, 0.50088847, 0.5065601, 0.50652725, 0.5033765, 0.50479376, 0.5046587, 0.50180316, 0.5041555, 0.5002273, 0.504012, 0.50046104, 0.5043154, 0.50526714, 0.5052567, 0.5029529, 0.5012801, 0.5022461, 0.50127095, 0.50151014, 0.5012099, 0.5039796, 0.5041637, 0.5011627, 0.50301844, 0.50090915, 0.5004999, 0.5011151, 0.50164413, 0.50533324, 0.5067262, 0.50130594, 0.50348955, 0.5012678, 0.5021512, 0.5035772, 0.5042274, 0.50120753, 0.509517, 0.50398004, 0.5044894, 0.50597227, 0.50397617, 0.503296, 0.503753, 0.50506705, 0.5007248, 0.50073934, 0.5006788, 0.50345445, 0.5003086, 0.50221735, 0.5015199, 0.5084059, 0.50596035, 0.50674605, 0.5022382, 0.50114685, 0.50082654, 0.50684565, 0.5078597, 0.50215614, 0.5004605, 0.50110704, 0.5024303, 0.50254625, 0.5029683, 0.5032815, 0.501802, 0.50750715, 0.502005, 0.50309676, 0.5079808, 0.5074798, 0.5060832, 0.5009602, 0.50103456, 0.5007072, 0.50844336, 0.5068123, 0.5004683, 0.501618, 0.5002964, 0.50105345, 0.5031701, 0.50243884, 0.50132054, 0.50150186, 0.50129724, 0.502289, 0.5009259, 0.5019883, 0.5018462, 0.5003291, 0.50273925, 0.5091536, 0.5102685, 0.502755, 0.5072313, 0.50572497, 0.50358427, 0.50133497, 0.507801, 0.514575, 0.5124321, 0.514536, 0.51218283, 0.5122969, 0.51212436, 0.51440877, 0.5143167, 0.5146116, 0.51494956, 0.51445174, 0.5134657, 0.5135378, 0.5117264, 0.51268685, 0.5134139, 0.5144996, 0.51271844, 0.51320165, 0.51437944, 0.51444876, 0.5136397, 0.5138211, 0.51403624, 0.5135118, 0.5142482, 0.51502377, 0.51398504, 0.51257175, 0.5145349, 0.513162, 0.51190287, 0.51479787, 0.5126033, 0.51392114, 0.5143478, 0.51280344, 0.51496464, 0.5134553, 0.51582676, 0.5127062, 0.5122757, 0.512638, 0.5153216, 0.5140179, 0.5127134, 0.51350635, 0.5139288, 0.514216, 0.5110491, 0.51470804, 0.5136704, 0.5130155, 0.51405287, 0.5136984, 0.51456755, 0.51448923, 0.51250225, 0.5142911, 0.5138687, 0.5140943, 0.5157097, 0.51369053, 0.51328886, 0.5139263, 0.5132657, 0.51426166, 0.5138095, 0.51484865, 0.5168435, 0.513707, 0.51283383, 0.5131683, 0.51529205, 0.51270455, 0.5129371, 0.51565164, 0.5146334, 0.51268405, 0.51457953, 0.5143069, 0.5144605, 0.5117631, 0.5137741, 0.51406664, 0.5111095, 0.51488215, 0.5129861, 0.5128543, 0.51484376, 0.5147031, 0.5132797, 0.51399475, 0.5133039, 0.5152944, 0.5133037, 0.5157463, 0.51304424, 0.51391035, 0.5141553, 0.51273996, 0.5127817, 0.51491004, 0.51369834, 0.51502776, 0.5144039, 0.51367784, 0.51417124, 0.5137152, 0.5131763, 0.51531404, 0.513055, 0.51410204, 0.51405853, 0.513847, 0.51575035, 0.5147796, 0.5151827, 0.51502526, 0.51413286, 0.5145204, 0.51557094, 0.51743907, 0.51217633, 0.5119344, 0.5159455, 0.513289, 0.5128167, 0.5126672, 0.5148196, 0.5133518, 0.51419634, 0.51551414, 0.51454794, 0.513785, 0.5138358, 0.51378715, 0.51560825, 0.51606107, 0.5138514, 0.5124292, 0.51340514, 0.5136971]
[0.49942073, 0.49943393, 0.5012343, 0.5008611, 0.5000895, 0.50015336, 0.50673044, 0.50043976, 0.5005849, 0.5029259, 0.5016339, 0.49961895, 0.50229585, 0.5074125, 0.49989912, 0.5000569, 0.50831175, 0.49975532, 0.50155824, 0.50944096, 0.50940734, 0.501251, 0.50312245, 0.5011686, 0.50031936, 0.50107586, 0.4999962, 0.5009748, 0.5004693, 0.5032735, 0.50761324, 0.5003737, 0.5000176, 0.49981838, 0.5068789, 0.5072756, 0.5019218, 0.5044434, 0.5040135, 0.50063163, 0.5026266, 0.4995196, 0.5040417, 0.49912944, 0.502353, 0.50323343, 0.5037919, 0.50152004, 0.50030357, 0.5000842, 0.49968335, 0.4995657, 0.49968395, 0.5025243, 0.50246406, 0.50048167, 0.50185645, 0.5002926, 0.49939325, 0.50043267, 0.5002074, 0.5042242, 0.5077138, 0.49941704, 0.50485504, 0.49955907, 0.50226134, 0.5020519, 0.5025269, 0.49963942, 0.5115483, 0.50417334, 0.5054511, 0.50734854, 0.5038274, 0.5043724, 0.5053595, 0.50627166, 0.49930277, 0.499287, 0.4996812, 0.5025139, 0.5000746, 0.501252, 0.5004835, 0.5095115, 0.5079149, 0.50854087, 0.5016643, 0.5008265, 0.49978015, 0.50742847, 0.5098579, 0.5028743, 0.49978468, 0.49990997, 0.49963513, 0.50163424, 0.50209373, 0.5013533, 0.49977443, 0.50862795, 0.5005766, 0.5017508, 0.50835204, 0.50792384, 0.5063897, 0.49936876, 0.49989715, 0.49958846, 0.5101207, 0.5081886, 0.49990717, 0.50013894, 0.49927327, 0.50165486, 0.5035138, 0.50155956, 0.49978885, 0.50074345, 0.50013983, 0.5011393, 0.4998937, 0.50082654, 0.5005875, 0.4992769, 0.50209653, 0.50953996, 0.5121439, 0.5010219, 0.50856537, 0.5055183, 0.50312126, 0.5013546, 0.50907755, 0.51743287, 0.5153163, 0.5175601, 0.51430595, 0.5143231, 0.51444894, 0.51749486, 0.5170951, 0.5172643, 0.51764864, 0.51667523, 0.51542693, 0.51607203, 0.51405203, 0.51512605, 0.5153733, 0.51753366, 0.51573914, 0.51658225, 0.51676697, 0.51792926, 0.5169128, 0.5162929, 0.5170766, 0.51604015, 0.5169936, 0.5179519, 0.51704735, 0.51469076, 0.5170113, 0.51537234, 0.5138957, 0.51715773, 0.51429796, 0.51630807, 0.51695776, 0.5155543, 0.5176642, 0.515848, 0.5189498, 0.515544, 0.51457775, 0.51500475, 0.51840144, 0.51822543, 0.5158233, 0.51603985, 0.51678646, 0.5168561, 0.51205534, 0.51742387, 0.5161508, 0.51557416, 0.51600325, 0.51635, 0.51752245, 0.5175997, 0.51455295, 0.51696205, 0.51639855, 0.51681286, 0.519018, 0.516607, 0.5161893, 0.5165618, 0.516304, 0.51739913, 0.51597464, 0.5180312, 0.52041095, 0.516139, 0.51508754, 0.51636994, 0.51791066, 0.51507825, 0.5149023, 0.5182562, 0.517735, 0.5154924, 0.51698846, 0.51690114, 0.516976, 0.5136197, 0.5159623, 0.5170744, 0.51288116, 0.5177785, 0.51496375, 0.5145521, 0.51743746, 0.51792586, 0.51587355, 0.5165867, 0.51539487, 0.5183535, 0.5157717, 0.51873094, 0.5154949, 0.5167526, 0.5170745, 0.51452684, 0.51515967, 0.51739156, 0.516186, 0.51815856, 0.516697, 0.51603764, 0.5173291, 0.5161992, 0.51652807, 0.5183282, 0.5158228, 0.516807, 0.5167988, 0.516373, 0.5193739, 0.518502, 0.5187113, 0.5181484, 0.5165918, 0.5172696, 0.5184539, 0.5204914, 0.514801, 0.51390797, 0.519018, 0.51569694, 0.5151119, 0.5147608, 0.5180948, 0.51637256, 0.5171401, 0.51848817, 0.51588273, 0.5166617, 0.5166806, 0.5166981, 0.51856494, 0.51937246, 0.51645905, 0.51529765, 0.5164156, 0.5164315]
[0.5020254, 0.50209373, 0.5020272, 0.50388527, 0.5030651, 0.503148, 0.5052664, 0.5027737, 0.5026161, 0.50731677, 0.505568, 0.50122875, 0.50211465, 0.5041143, 0.50215274, 0.5022288, 0.50619805, 0.50125504, 0.50551546, 0.50624245, 0.50615424, 0.5050416, 0.5022593, 0.5021006, 0.5032809, 0.5031852, 0.50147736, 0.5043174, 0.5027105, 0.5083292, 0.50541866, 0.5020293, 0.50296324, 0.5014545, 0.50455236, 0.50469196, 0.50635725, 0.50341016, 0.5038877, 0.5040218, 0.5075247, 0.50123554, 0.5037996, 0.50186855, 0.5052402, 0.50706124, 0.50741553, 0.5034301, 0.5017542, 0.5014587, 0.5020198, 0.5012708, 0.5013106, 0.5061135, 0.506422, 0.5025763, 0.50552976, 0.50216067, 0.50151235, 0.50306994, 0.50181437, 0.5048175, 0.5055931, 0.5030242, 0.5037545, 0.5027844, 0.5020189, 0.5068795, 0.50675786, 0.5015477, 0.5072295, 0.5030951, 0.5052306, 0.50547403, 0.5041524, 0.50388163, 0.5036337, 0.5042463, 0.50144804, 0.50139046, 0.501689, 0.5018602, 0.50337887, 0.5047693, 0.502679, 0.5066476, 0.505534, 0.506036, 0.5024899, 0.5021236, 0.5014349, 0.50490713, 0.5063217, 0.50214654, 0.50143546, 0.50204813, 0.5021995, 0.50506026, 0.5057393, 0.50331384, 0.50249255, 0.5060543, 0.5039062, 0.5057531, 0.5058375, 0.5051652, 0.50438803, 0.5013189, 0.5032672, 0.50147545, 0.5068964, 0.50600094, 0.50186145, 0.5015883, 0.5020689, 0.503231, 0.5021738, 0.5016423, 0.5016651, 0.50119686, 0.5019377, 0.50313085, 0.5014339, 0.5029029, 0.5039104, 0.5016292, 0.50341165, 0.5072033, 0.50778484, 0.50383097, 0.50578326, 0.50402534, 0.5023428, 0.50165755, 0.50548315, 0.50985265, 0.5088258, 0.510185, 0.50905854, 0.50877285, 0.50878227, 0.5101085, 0.510298, 0.51002055, 0.5101145, 0.50965756, 0.5091362, 0.5093623, 0.50898236, 0.5085688, 0.5086869, 0.5103581, 0.50935864, 0.5097037, 0.50979775, 0.5104336, 0.5098168, 0.50942624, 0.50962025, 0.5087657, 0.5097878, 0.5103661, 0.50958383, 0.508909, 0.5099085, 0.50921303, 0.5085464, 0.5098656, 0.50869703, 0.50927943, 0.50972366, 0.5091082, 0.50989866, 0.5089601, 0.5110011, 0.5093085, 0.5090288, 0.5090354, 0.51028025, 0.5101249, 0.5090012, 0.50968826, 0.50957906, 0.5097862, 0.5078026, 0.5099818, 0.5090555, 0.5092739, 0.50947624, 0.5094795, 0.51007503, 0.51021606, 0.5084838, 0.5095714, 0.50966734, 0.5095805, 0.5104928, 0.50942457, 0.50916934, 0.5101196, 0.5093511, 0.5096569, 0.5095582, 0.5102178, 0.5112812, 0.509666, 0.5092597, 0.5096275, 0.5102169, 0.5087701, 0.5089785, 0.51052064, 0.5102458, 0.50887316, 0.5099863, 0.50951165, 0.5097938, 0.50851333, 0.5091172, 0.5099263, 0.5081427, 0.5105065, 0.5091952, 0.50842786, 0.5104109, 0.51032215, 0.50920606, 0.50970215, 0.50886554, 0.51032937, 0.50963145, 0.51063734, 0.5093933, 0.50984013, 0.51005304, 0.5087956, 0.50917166, 0.50989974, 0.5095222, 0.5104034, 0.50956947, 0.50908947, 0.5101523, 0.509565, 0.5095364, 0.51029557, 0.50906193, 0.50998336, 0.5099227, 0.5096356, 0.5107805, 0.5104221, 0.51045674, 0.5106249, 0.50959307, 0.5099519, 0.5105011, 0.5113495, 0.50879717, 0.5088644, 0.51064014, 0.50933486, 0.5089594, 0.5087768, 0.5104971, 0.50938165, 0.509467, 0.51007175, 0.5096218, 0.5093192, 0.50942886, 0.5092102, 0.5106057, 0.5108016, 0.50976706, 0.5089818, 0.50989306, 0.50937074]
[0.50247806, 0.50190884, 0.5008064, 0.5008386, 0.5027873, 0.50290316, 0.50346005, 0.5034217, 0.5032457, 0.50623983, 0.5046952, 0.50194836, 0.50124985, 0.5030472, 0.50169706, 0.50115067, 0.504806, 0.500844, 0.50391275, 0.5048026, 0.5045017, 0.5045084, 0.50146705, 0.50068736, 0.502751, 0.5032635, 0.50174934, 0.503767, 0.5031717, 0.50638497, 0.5041832, 0.5012864, 0.50295556, 0.5007093, 0.503579, 0.5034305, 0.50518143, 0.5016822, 0.5027036, 0.5033147, 0.5056591, 0.50122726, 0.50240576, 0.50150466, 0.50465906, 0.5058136, 0.50611204, 0.5029206, 0.5006491, 0.5010173, 0.5007172, 0.50129396, 0.50114334, 0.5049025, 0.5048633, 0.5023034, 0.5048043, 0.5026942, 0.50168854, 0.50294703, 0.50192076, 0.5022184, 0.5037532, 0.5021374, 0.5026015, 0.50177944, 0.50114584, 0.50590956, 0.5052383, 0.5008621, 0.5060963, 0.5018071, 0.50273764, 0.5038643, 0.5021077, 0.50233704, 0.5025811, 0.50303787, 0.5023743, 0.5021352, 0.5012389, 0.5012262, 0.5030629, 0.5041772, 0.503181, 0.5054486, 0.50387055, 0.5045744, 0.50128853, 0.5008606, 0.50190717, 0.504486, 0.504985, 0.50091565, 0.5006009, 0.50081897, 0.50125647, 0.5037545, 0.5051506, 0.5011676, 0.50090426, 0.50484836, 0.50401783, 0.5049102, 0.5048646, 0.50441515, 0.50334567, 0.5009095, 0.50227666, 0.5015522, 0.5054935, 0.5045095, 0.50096077, 0.50251937, 0.5014445, 0.5011529, 0.5013215, 0.50082254, 0.50118333, 0.50067574, 0.5008667, 0.5033261, 0.5022404, 0.50098526, 0.50349426, 0.5008363, 0.5024425, 0.5056521, 0.5063002, 0.503623, 0.5049453, 0.5027844, 0.5010286, 0.5007383, 0.5049014, 0.50898254, 0.5079877, 0.50897574, 0.5076447, 0.50753516, 0.5075156, 0.509128, 0.508977, 0.5088891, 0.5090422, 0.5084735, 0.508165, 0.5085221, 0.50772005, 0.5074276, 0.5078182, 0.50918937, 0.50834095, 0.5086099, 0.5086507, 0.5092567, 0.5086976, 0.5086822, 0.50889015, 0.5080803, 0.50875074, 0.5091083, 0.50856, 0.50770754, 0.50894064, 0.50784194, 0.5072352, 0.5090801, 0.5074774, 0.50837815, 0.5087439, 0.50834507, 0.50887966, 0.50808287, 0.50965095, 0.50804216, 0.5076378, 0.5076914, 0.509467, 0.5093408, 0.50805354, 0.50855064, 0.50854546, 0.5085725, 0.5065246, 0.5089774, 0.5079343, 0.5080846, 0.50840396, 0.50832874, 0.5090423, 0.5091381, 0.5076027, 0.50864714, 0.5083014, 0.5085516, 0.50981224, 0.5085689, 0.50844324, 0.5087724, 0.5084032, 0.50863516, 0.50806326, 0.50900126, 0.5103112, 0.50840855, 0.5079008, 0.5084432, 0.5091852, 0.5078685, 0.50791705, 0.5093604, 0.5091807, 0.5079454, 0.5089357, 0.50851953, 0.5086459, 0.5073881, 0.50805265, 0.5087103, 0.50723124, 0.50926423, 0.50760955, 0.50754577, 0.50913006, 0.5096227, 0.5084525, 0.50871426, 0.5079523, 0.50912845, 0.50819, 0.50975084, 0.50819767, 0.50858444, 0.50854766, 0.5077429, 0.50798243, 0.508949, 0.5084059, 0.5091073, 0.50873363, 0.50814635, 0.5090222, 0.50826395, 0.50870794, 0.50929195, 0.5082698, 0.5089119, 0.5090839, 0.5082971, 0.5096711, 0.5091634, 0.5093899, 0.5092533, 0.50879246, 0.5086647, 0.50930136, 0.51048934, 0.50740206, 0.50733685, 0.5097479, 0.50824255, 0.5078852, 0.50769866, 0.509443, 0.508515, 0.5086202, 0.5096614, 0.50851035, 0.50844896, 0.5087707, 0.5082949, 0.50942916, 0.5098735, 0.5085655, 0.5077504, 0.508745, 0.5082807]
[0.5007654, 0.50127167, 0.5044953, 0.50588566, 0.5000218, 0.5002151, 0.5090911, 0.4994852, 0.49983197, 0.5018313, 0.5007494, 0.50083244, 0.5053336, 0.50848556, 0.5019109, 0.50346476, 0.5093904, 0.5026567, 0.5004535, 0.5095991, 0.50999486, 0.5004372, 0.5063177, 0.5049813, 0.4994398, 0.4999429, 0.50217104, 0.5000778, 0.499224, 0.5019603, 0.5094419, 0.5007924, 0.499377, 0.5015519, 0.50876653, 0.5083345, 0.50102216, 0.50565314, 0.50722235, 0.4996347, 0.50140786, 0.5016546, 0.5072991, 0.50368273, 0.5007892, 0.5015372, 0.5018824, 0.49953, 0.5019358, 0.5019393, 0.50254655, 0.5024451, 0.50213957, 0.5010483, 0.5011353, 0.49926165, 0.5010048, 0.49928173, 0.5003666, 0.49937624, 0.50027233, 0.50659513, 0.508457, 0.50055385, 0.50795114, 0.49985033, 0.5042277, 0.50166994, 0.5014597, 0.50062233, 0.5115612, 0.5075553, 0.5078054, 0.50901395, 0.5073281, 0.5076675, 0.50803, 0.50830925, 0.5019181, 0.50145847, 0.50316226, 0.50563294, 0.50029767, 0.50019664, 0.4995987, 0.51032597, 0.50910175, 0.5096764, 0.50592154, 0.5053372, 0.50113404, 0.5090798, 0.5098716, 0.5050546, 0.5036497, 0.50358975, 0.50194407, 0.5004858, 0.5010268, 0.5035316, 0.5042147, 0.5103516, 0.49998283, 0.50094914, 0.5092398, 0.50858194, 0.50801605, 0.50231797, 0.49941847, 0.50185096, 0.51044416, 0.5093242, 0.502569, 0.5001618, 0.50253797, 0.5052933, 0.5058713, 0.5045418, 0.50222075, 0.5032035, 0.50379235, 0.49976295, 0.5024963, 0.503506, 0.4997941, 0.50249946, 0.50587094, 0.5101773, 0.5118193, 0.49984783, 0.50968623, 0.5069064, 0.5037536, 0.50332814, 0.50914884, 0.51551044, 0.5139006, 0.5161599, 0.5137786, 0.51368695, 0.51356244, 0.51564366, 0.5159484, 0.51564646, 0.5153456, 0.5147029, 0.5141372, 0.51463836, 0.5141712, 0.51363415, 0.51354367, 0.51580906, 0.514929, 0.51498395, 0.5152902, 0.51645494, 0.51556027, 0.51533574, 0.51519257, 0.5143827, 0.5155923, 0.51584935, 0.51502526, 0.51354146, 0.51562047, 0.51388353, 0.5129164, 0.5152618, 0.51342064, 0.5147729, 0.5153419, 0.51463133, 0.515634, 0.514438, 0.5170412, 0.5148638, 0.5140782, 0.514144, 0.5164145, 0.5162284, 0.5142785, 0.51473993, 0.5151127, 0.5149059, 0.51216006, 0.5154096, 0.5143094, 0.5144778, 0.5145423, 0.5150783, 0.5157126, 0.51586896, 0.5135954, 0.5152284, 0.51476574, 0.5151035, 0.516597, 0.5153024, 0.5147572, 0.51520085, 0.5145988, 0.515418, 0.5143167, 0.5157538, 0.51768064, 0.5151821, 0.514536, 0.5151397, 0.5159615, 0.5135283, 0.51391596, 0.51666373, 0.5162632, 0.5144015, 0.5152052, 0.5152513, 0.51510036, 0.51342964, 0.5146821, 0.51561195, 0.51313514, 0.5165582, 0.51346827, 0.5132694, 0.515843, 0.51646876, 0.515017, 0.5151242, 0.51431674, 0.5162101, 0.51441723, 0.5165287, 0.51472026, 0.5154573, 0.5151928, 0.51373863, 0.514606, 0.51565176, 0.51513344, 0.51634413, 0.51521057, 0.5143977, 0.5155861, 0.5150519, 0.5153195, 0.516018, 0.5143429, 0.51535195, 0.51563406, 0.5148666, 0.5169625, 0.5166621, 0.5166095, 0.51656955, 0.51530415, 0.51549333, 0.51575387, 0.5176487, 0.5141227, 0.5131503, 0.5168806, 0.5147198, 0.51442736, 0.51405984, 0.51640266, 0.5145563, 0.5147923, 0.5161854, 0.51489556, 0.51529425, 0.5151033, 0.5149297, 0.5161192, 0.51707184, 0.51524144, 0.5142986, 0.51526076, 0.5147792]
[0.5006388, 0.5010578, 0.5017546, 0.50348336, 0.50049967, 0.5007517, 0.50602484, 0.50099885, 0.500976, 0.5044548, 0.50224984, 0.5006316, 0.5026318, 0.5061388, 0.5003824, 0.50195, 0.50775206, 0.50164014, 0.5029784, 0.5071614, 0.50752246, 0.50261736, 0.502547, 0.5014931, 0.5017075, 0.5020401, 0.50090456, 0.5023335, 0.500431, 0.50451773, 0.5071687, 0.50212383, 0.50104886, 0.50204766, 0.50598294, 0.5054752, 0.5031248, 0.5040507, 0.505633, 0.50193083, 0.5038292, 0.5015917, 0.5047514, 0.5012514, 0.50385463, 0.50503564, 0.50518733, 0.502434, 0.5015813, 0.5017536, 0.5012879, 0.500785, 0.50091815, 0.5036402, 0.5038098, 0.5005535, 0.5029106, 0.50094664, 0.5005036, 0.5015693, 0.50042737, 0.5061536, 0.5071149, 0.5003072, 0.50496584, 0.500589, 0.5024384, 0.50447595, 0.5040449, 0.5007778, 0.5093946, 0.5044407, 0.50638384, 0.50703424, 0.5045192, 0.5047292, 0.50477374, 0.50565404, 0.5011041, 0.50164646, 0.50159085, 0.5034895, 0.50037587, 0.5021175, 0.50052065, 0.5083177, 0.50671744, 0.5073785, 0.5035654, 0.50252795, 0.50032246, 0.50678414, 0.5079665, 0.50378495, 0.50157166, 0.50175685, 0.50263214, 0.5019107, 0.5031792, 0.5037522, 0.5033134, 0.50790185, 0.5017233, 0.5031008, 0.50758284, 0.50711507, 0.50634, 0.5002856, 0.50090295, 0.50191224, 0.50844145, 0.5073422, 0.5016731, 0.50043505, 0.5013759, 0.5035839, 0.50250846, 0.50213265, 0.500651, 0.5011737, 0.50175035, 0.50131786, 0.5011455, 0.503136, 0.50150883, 0.5016624, 0.50404024, 0.50898147, 0.5098753, 0.5017283, 0.50728244, 0.50576293, 0.5033565, 0.5014532, 0.5064119, 0.5127518, 0.5120156, 0.51327133, 0.5117461, 0.5114437, 0.5112262, 0.5127383, 0.5130281, 0.5128365, 0.5128951, 0.512413, 0.5117278, 0.5124133, 0.5114169, 0.5111612, 0.5113265, 0.5132434, 0.5125336, 0.51270574, 0.5127913, 0.5137499, 0.5130099, 0.51255846, 0.51264524, 0.5120003, 0.512709, 0.51307184, 0.51253825, 0.5111424, 0.5129709, 0.51195896, 0.51139385, 0.51296353, 0.5114004, 0.5121753, 0.5126538, 0.5118493, 0.5127693, 0.5117982, 0.51416165, 0.5119215, 0.51169646, 0.51193446, 0.51359355, 0.51328194, 0.51173395, 0.5118781, 0.5121524, 0.5122714, 0.5102357, 0.5130883, 0.511777, 0.51208466, 0.5125157, 0.512269, 0.5130545, 0.5133705, 0.5109807, 0.5124786, 0.512452, 0.5124692, 0.5140358, 0.51227254, 0.51185006, 0.512826, 0.5117537, 0.5124773, 0.5123273, 0.5135735, 0.5150455, 0.5126721, 0.51208603, 0.51212317, 0.51347166, 0.51139003, 0.51170444, 0.51357347, 0.51329106, 0.51158625, 0.51314235, 0.5128372, 0.512552, 0.510951, 0.51215184, 0.51280546, 0.51083446, 0.5136661, 0.51171327, 0.5113221, 0.5133824, 0.51326865, 0.5123433, 0.5129454, 0.5117747, 0.51347375, 0.51222086, 0.5139369, 0.5120144, 0.5131587, 0.51311964, 0.5114444, 0.5118997, 0.51305085, 0.51237065, 0.5136313, 0.5124393, 0.51175064, 0.5130259, 0.51247036, 0.5122393, 0.51335675, 0.5119625, 0.5128609, 0.5128148, 0.5120418, 0.5139302, 0.51361084, 0.51375604, 0.5134725, 0.5128639, 0.51305073, 0.5134824, 0.5150279, 0.5111906, 0.51094586, 0.5142116, 0.5123789, 0.511764, 0.511498, 0.51365674, 0.51181513, 0.5123098, 0.5134831, 0.5125939, 0.51256907, 0.5122347, 0.5122233, 0.5135145, 0.51388514, 0.5128055, 0.5119145, 0.5130888, 0.51187515]
[0.50038415, 0.50107574, 0.50245714, 0.5030788, 0.49971336, 0.49974686, 0.50745434, 0.50066113, 0.5008385, 0.5024077, 0.5012859, 0.50041825, 0.5041095, 0.50767976, 0.50036895, 0.50212634, 0.5092074, 0.49998176, 0.5018795, 0.5106957, 0.510854, 0.50126904, 0.50257325, 0.5013372, 0.5008033, 0.5008252, 0.5003273, 0.5008785, 0.5005879, 0.5032587, 0.50808775, 0.5012786, 0.5002288, 0.5009828, 0.5080189, 0.50728756, 0.501596, 0.5032975, 0.5051443, 0.5010972, 0.50286204, 0.5005778, 0.5050928, 0.49994403, 0.502093, 0.5031019, 0.5035119, 0.50144166, 0.50032437, 0.5009534, 0.5002884, 0.49959812, 0.49974597, 0.50179285, 0.5020458, 0.49980614, 0.50157565, 0.50057405, 0.5000294, 0.501076, 0.4997636, 0.50527984, 0.5087622, 0.49989608, 0.5064856, 0.49967417, 0.50298816, 0.5026771, 0.5021736, 0.50021833, 0.5129422, 0.50560606, 0.506992, 0.50786304, 0.5058563, 0.50594825, 0.50573736, 0.506737, 0.499859, 0.49970526, 0.50046355, 0.5044039, 0.5000014, 0.50076836, 0.49986246, 0.511361, 0.5089999, 0.5096409, 0.50402266, 0.5024476, 0.500027, 0.508048, 0.51104105, 0.5038402, 0.5003292, 0.50037473, 0.5012249, 0.50132734, 0.50217235, 0.504644, 0.5023669, 0.50975233, 0.5005538, 0.50144494, 0.50958043, 0.50812995, 0.50653005, 0.50061464, 0.5001616, 0.50079376, 0.5106393, 0.5080989, 0.4999923, 0.5008421, 0.49999684, 0.5020525, 0.50317514, 0.5022243, 0.5003624, 0.50134426, 0.5014737, 0.5004146, 0.4998928, 0.5029938, 0.50074834, 0.5020968, 0.5052329, 0.5115383, 0.51359653, 0.50049853, 0.5097835, 0.5036063, 0.50022393, 0.49963775, 0.50805056, 0.51940733, 0.51754576, 0.5194609, 0.5161332, 0.5157497, 0.5162507, 0.51925296, 0.5194118, 0.51895875, 0.519071, 0.517888, 0.5170784, 0.5180839, 0.5164929, 0.516408, 0.5159693, 0.51973355, 0.5185941, 0.5191758, 0.5186635, 0.52073205, 0.5188796, 0.5183592, 0.5194405, 0.51718014, 0.5188752, 0.51972127, 0.51817304, 0.51588255, 0.5189243, 0.51758194, 0.5158803, 0.5188305, 0.51657796, 0.5181352, 0.5186053, 0.5173188, 0.5192058, 0.5168847, 0.5216352, 0.51713955, 0.51713586, 0.51734155, 0.5200362, 0.5201024, 0.51644486, 0.5178891, 0.51835996, 0.51869893, 0.5135263, 0.51879203, 0.5170368, 0.5171359, 0.517329, 0.5185853, 0.5197929, 0.5193717, 0.5160958, 0.5183965, 0.51836133, 0.51800203, 0.52122366, 0.518326, 0.51744735, 0.51845837, 0.51715857, 0.5181143, 0.51761574, 0.5197683, 0.52257603, 0.5180401, 0.5168367, 0.51797444, 0.5192398, 0.5160413, 0.51658094, 0.5201318, 0.5199644, 0.5178684, 0.518767, 0.51893353, 0.5183116, 0.5157535, 0.5176901, 0.51847935, 0.5158503, 0.5201447, 0.5168622, 0.5157137, 0.5201514, 0.52036124, 0.5180939, 0.51912624, 0.51674664, 0.52029866, 0.51778966, 0.52131814, 0.51804143, 0.51896185, 0.5195445, 0.5169993, 0.51762784, 0.5187678, 0.5179591, 0.52004147, 0.5179965, 0.5161975, 0.5193773, 0.51837176, 0.51780146, 0.5197817, 0.51693004, 0.5188148, 0.5196093, 0.5181604, 0.52116, 0.520131, 0.5204973, 0.52033615, 0.51861066, 0.51887137, 0.52024025, 0.5222734, 0.5165764, 0.516031, 0.52056473, 0.5174579, 0.5169503, 0.5167174, 0.52041084, 0.51730794, 0.51752394, 0.5200087, 0.51822245, 0.51777023, 0.51831424, 0.5175163, 0.51986617, 0.5214046, 0.51871634, 0.516613, 0.5186192, 0.5169782]
[0.50109375, 0.50146645, 0.50209755, 0.5024527, 0.50094604, 0.5007909, 0.5049936, 0.50250685, 0.50196254, 0.50457966, 0.50317454, 0.50094754, 0.50282913, 0.50504285, 0.5013216, 0.5024213, 0.5055436, 0.5010809, 0.5034398, 0.506303, 0.5060644, 0.5029509, 0.5035479, 0.502707, 0.501977, 0.5021137, 0.5013832, 0.501589, 0.5019926, 0.5054568, 0.5052947, 0.5012156, 0.5020907, 0.5018417, 0.5051617, 0.50506073, 0.5035205, 0.5033348, 0.5040647, 0.5019915, 0.5050404, 0.50135654, 0.5042037, 0.50087315, 0.50462747, 0.5059967, 0.50632805, 0.503712, 0.5016432, 0.5017209, 0.5015383, 0.5010139, 0.50104874, 0.5046116, 0.50504744, 0.5012539, 0.5036078, 0.5014321, 0.50168425, 0.50288177, 0.5009405, 0.50326204, 0.5050632, 0.5010111, 0.50450927, 0.501231, 0.5024329, 0.50424564, 0.50418276, 0.5011246, 0.5071229, 0.50478375, 0.5044131, 0.5056138, 0.50397706, 0.50431573, 0.5046674, 0.5052049, 0.5007893, 0.50072646, 0.5008919, 0.5032466, 0.5011811, 0.5024183, 0.50073135, 0.5066656, 0.50577354, 0.50591016, 0.50338495, 0.5026885, 0.5005649, 0.50546753, 0.5065598, 0.50301445, 0.5020635, 0.50208426, 0.5018744, 0.50322944, 0.50419396, 0.50305414, 0.5019667, 0.5060392, 0.50157195, 0.5027255, 0.5058144, 0.5057811, 0.50495744, 0.5016829, 0.50129646, 0.501417, 0.50635123, 0.5052494, 0.50079536, 0.503041, 0.5007443, 0.50148857, 0.5029499, 0.501772, 0.5009797, 0.5010756, 0.50113386, 0.50179845, 0.5009901, 0.50340414, 0.5013368, 0.5016928, 0.50354546, 0.50620997, 0.5072157, 0.501359, 0.50623465, 0.5039061, 0.5021375, 0.5022993, 0.5061323, 0.5098236, 0.50912714, 0.5096809, 0.5085207, 0.50821996, 0.5087102, 0.5099734, 0.509957, 0.50984716, 0.50986093, 0.5091331, 0.5088575, 0.5094349, 0.5087842, 0.5086454, 0.50859153, 0.5099281, 0.5094972, 0.5096133, 0.50957197, 0.5101489, 0.5095034, 0.5096718, 0.5098036, 0.5091137, 0.50968915, 0.5100496, 0.50940734, 0.5083511, 0.50984746, 0.5091258, 0.5082237, 0.509901, 0.50882304, 0.5092032, 0.5095848, 0.5088412, 0.5098081, 0.5089026, 0.5108524, 0.50898296, 0.5089581, 0.50898993, 0.5104586, 0.51017797, 0.5087726, 0.5094239, 0.5095156, 0.5095772, 0.507347, 0.5097783, 0.50863194, 0.5089418, 0.5090512, 0.5095147, 0.5098861, 0.50985277, 0.5085377, 0.5096938, 0.509076, 0.50936484, 0.5107102, 0.50958824, 0.5093666, 0.5096524, 0.5089493, 0.5093324, 0.50914216, 0.5096741, 0.5114374, 0.50918925, 0.50877154, 0.5093377, 0.51015013, 0.50855494, 0.5089178, 0.51035863, 0.51008266, 0.50914085, 0.5095603, 0.5097267, 0.5094696, 0.5085564, 0.50922763, 0.50960034, 0.5082622, 0.5101956, 0.50853664, 0.5084203, 0.5103297, 0.51035655, 0.5093572, 0.5098146, 0.5093297, 0.5104168, 0.50901276, 0.5106956, 0.509139, 0.5096994, 0.50970584, 0.5090532, 0.50905794, 0.50970143, 0.50933146, 0.51027787, 0.5096575, 0.50916463, 0.50984627, 0.50966555, 0.5095257, 0.5100305, 0.5091009, 0.509962, 0.5101949, 0.50915194, 0.51086587, 0.5103024, 0.5103199, 0.51028985, 0.509743, 0.509605, 0.5103733, 0.51144475, 0.50873303, 0.5082803, 0.5105678, 0.50930625, 0.5089134, 0.50871426, 0.51033, 0.50922924, 0.509276, 0.51029503, 0.5093264, 0.50943583, 0.50948906, 0.5092819, 0.51026756, 0.5107528, 0.50974023, 0.50863117, 0.5095859, 0.50905097]
[0.501639, 0.5014231, 0.50094426, 0.50022453, 0.5016924, 0.5016715, 0.50369066, 0.5033242, 0.502918, 0.50629485, 0.50445354, 0.5009717, 0.50117874, 0.50418895, 0.5013082, 0.50024426, 0.5055505, 0.5006415, 0.50454926, 0.50676763, 0.50646275, 0.5041693, 0.5020108, 0.5013099, 0.50197005, 0.5026807, 0.5006762, 0.50311726, 0.50267166, 0.5065816, 0.50556636, 0.5004908, 0.5024917, 0.5008089, 0.5043765, 0.5044652, 0.50486195, 0.50121504, 0.5023522, 0.5024037, 0.50589204, 0.50021136, 0.5028517, 0.5000671, 0.5045937, 0.50576806, 0.50614995, 0.5029544, 0.50084597, 0.5007366, 0.50056815, 0.501117, 0.50110686, 0.5052506, 0.5054882, 0.5016727, 0.5043246, 0.5018352, 0.5016564, 0.50295824, 0.5020351, 0.50173086, 0.504556, 0.50122184, 0.5027171, 0.50132513, 0.5011628, 0.50518614, 0.5053824, 0.50100774, 0.50791246, 0.5025371, 0.5023316, 0.5047013, 0.50247884, 0.50290936, 0.50275797, 0.5037272, 0.5010577, 0.50186586, 0.5006794, 0.501443, 0.5019872, 0.5041076, 0.50214773, 0.50682235, 0.5056203, 0.5051005, 0.501314, 0.5007318, 0.50111216, 0.5051859, 0.50702757, 0.50105566, 0.50016797, 0.50074714, 0.5004794, 0.5044201, 0.50495684, 0.50076735, 0.5004605, 0.50621057, 0.50294, 0.50369185, 0.50572723, 0.5058814, 0.50416815, 0.5004028, 0.5024408, 0.5012172, 0.5070943, 0.50549674, 0.5006887, 0.5025863, 0.5004304, 0.50058913, 0.5016035, 0.5009442, 0.50031465, 0.5002333, 0.50018084, 0.50302124, 0.50077564, 0.50100577, 0.5027301, 0.50027066, 0.5013245, 0.50681853, 0.50846064, 0.50274664, 0.50652796, 0.5018358, 0.50045854, 0.50088656, 0.5062971, 0.5128828, 0.51109725, 0.5122919, 0.51008946, 0.509744, 0.5109476, 0.5136101, 0.51337117, 0.5128299, 0.51352143, 0.5123577, 0.51154953, 0.5117605, 0.5107561, 0.5109053, 0.5108638, 0.51265645, 0.5115312, 0.51178664, 0.51226246, 0.513039, 0.5122474, 0.5125956, 0.51299685, 0.5115465, 0.51263523, 0.51344365, 0.5123465, 0.5104147, 0.51275945, 0.5112458, 0.50987697, 0.5129762, 0.51076907, 0.51199836, 0.512129, 0.51200324, 0.5130846, 0.5117129, 0.5139776, 0.51130384, 0.51106226, 0.5108755, 0.5139812, 0.5133107, 0.5107774, 0.51252484, 0.5125952, 0.5127125, 0.5078971, 0.51291496, 0.51128715, 0.5110306, 0.5115211, 0.5120606, 0.51239014, 0.5129072, 0.51078856, 0.5123923, 0.5118349, 0.5124095, 0.51427925, 0.51238006, 0.5120514, 0.5127415, 0.5117887, 0.5126798, 0.5111372, 0.51255405, 0.5152624, 0.5113252, 0.5108342, 0.51275, 0.51321834, 0.51094466, 0.5111675, 0.5136467, 0.5130853, 0.5113908, 0.51247776, 0.51196754, 0.51241404, 0.51062137, 0.5117081, 0.51201004, 0.50976664, 0.51301855, 0.51065195, 0.51050097, 0.51309144, 0.5142512, 0.5117685, 0.5123413, 0.51153123, 0.5134824, 0.5114309, 0.51402706, 0.5116189, 0.51222104, 0.51211256, 0.5113478, 0.51128745, 0.51254857, 0.5119928, 0.5132935, 0.5126612, 0.51202303, 0.5125113, 0.51251936, 0.5127218, 0.5128659, 0.5116524, 0.5128844, 0.5129426, 0.5121684, 0.5142525, 0.5134654, 0.513563, 0.51379144, 0.5124416, 0.5120301, 0.5136276, 0.5152447, 0.5107635, 0.5097668, 0.514115, 0.5115112, 0.5109007, 0.51071864, 0.51343036, 0.51218116, 0.51237506, 0.5136849, 0.5116588, 0.5120847, 0.51235706, 0.511864, 0.5138935, 0.51463175, 0.5127995, 0.5107157, 0.5122454, 0.51221937]
[0.501377, 0.50204575, 0.50233537, 0.5023859, 0.5008815, 0.5005988, 0.5050713, 0.50255716, 0.5018921, 0.50419456, 0.50283176, 0.50135404, 0.5043099, 0.506309, 0.5015893, 0.50168866, 0.50662524, 0.5018386, 0.50226516, 0.5071926, 0.5073337, 0.5016129, 0.50520325, 0.50390714, 0.50069404, 0.50144494, 0.5021282, 0.501637, 0.5009297, 0.50438356, 0.5062459, 0.5027073, 0.5009148, 0.50244385, 0.5061911, 0.5062926, 0.5026244, 0.5043274, 0.5056481, 0.50109375, 0.5037894, 0.5018507, 0.50519377, 0.5010896, 0.5042765, 0.50513005, 0.5057034, 0.5030058, 0.5025576, 0.50281316, 0.50216633, 0.5011359, 0.5011138, 0.5039192, 0.5040037, 0.50101906, 0.50278, 0.50046927, 0.501499, 0.5022234, 0.5012221, 0.5049959, 0.5056689, 0.5017146, 0.5054901, 0.5012218, 0.5021344, 0.5033559, 0.50283223, 0.5016724, 0.5087093, 0.50490713, 0.50479317, 0.5067096, 0.50456876, 0.50485694, 0.50521827, 0.50598055, 0.50094575, 0.50080425, 0.50133234, 0.50443995, 0.5015701, 0.50156814, 0.5013855, 0.5079591, 0.5068028, 0.50687474, 0.5033723, 0.50243723, 0.5014121, 0.5068684, 0.5076396, 0.5034828, 0.5031601, 0.5027004, 0.503017, 0.50207686, 0.5032277, 0.5039438, 0.50282633, 0.50748503, 0.50076187, 0.50224787, 0.5076499, 0.5068943, 0.5061103, 0.50154406, 0.50052524, 0.5016047, 0.5078309, 0.5063862, 0.50082344, 0.5021678, 0.50075275, 0.50134754, 0.5033107, 0.5027491, 0.5017459, 0.501772, 0.5014869, 0.5020145, 0.50132513, 0.50372404, 0.5007258, 0.50230545, 0.5046451, 0.50747794, 0.5080844, 0.50073093, 0.507198, 0.5054529, 0.5032657, 0.50381774, 0.50699145, 0.511801, 0.51101786, 0.5118834, 0.51057976, 0.5100937, 0.5098506, 0.51166785, 0.51158726, 0.51179427, 0.51192224, 0.51137, 0.5109075, 0.51164937, 0.5101068, 0.51052344, 0.5110829, 0.5116343, 0.5108222, 0.51175386, 0.5121019, 0.5120946, 0.5115497, 0.5119277, 0.5118773, 0.5113144, 0.51151794, 0.51207495, 0.5115789, 0.5102963, 0.511897, 0.51046216, 0.50983226, 0.51194024, 0.5102278, 0.51116717, 0.51164454, 0.511037, 0.5119866, 0.5111268, 0.51294005, 0.5109081, 0.51046664, 0.51048523, 0.5128723, 0.5120316, 0.51084095, 0.5106182, 0.5111992, 0.510953, 0.50936216, 0.5117, 0.510953, 0.5108025, 0.5116533, 0.51142466, 0.51219857, 0.51192474, 0.5100958, 0.5119205, 0.5111933, 0.5111742, 0.5131223, 0.51180184, 0.51163167, 0.5113896, 0.51081455, 0.51153666, 0.51078963, 0.51172113, 0.5137864, 0.51119447, 0.5106568, 0.5104757, 0.5123243, 0.5102593, 0.51058304, 0.5126517, 0.5119864, 0.5108779, 0.5117892, 0.5116231, 0.5114917, 0.5098749, 0.5112169, 0.5118021, 0.50966495, 0.512038, 0.51040816, 0.51074636, 0.51201516, 0.5121984, 0.51092446, 0.51160514, 0.51138514, 0.5124084, 0.5102493, 0.51285076, 0.5107668, 0.5117228, 0.5116335, 0.5104686, 0.510272, 0.5120028, 0.51122916, 0.512191, 0.51178634, 0.51126176, 0.51196265, 0.5110521, 0.5111218, 0.51229423, 0.5110306, 0.51149553, 0.511779, 0.51109445, 0.5130313, 0.5121165, 0.5124543, 0.5121588, 0.5117839, 0.51219803, 0.5123151, 0.5139381, 0.51019204, 0.50953996, 0.51288325, 0.5113584, 0.5106334, 0.5102641, 0.5122092, 0.51094526, 0.51136106, 0.512732, 0.5115237, 0.5114528, 0.51148826, 0.51151043, 0.51237047, 0.513283, 0.5116399, 0.51046413, 0.5109171, 0.5110714]
[0.50118244, 0.50023776, 0.5011275, 0.50054383, 0.50207907, 0.5020663, 0.50410753, 0.50394386, 0.5030804, 0.5051504, 0.50359714, 0.50183934, 0.5020096, 0.50580406, 0.5006062, 0.5006843, 0.5073645, 0.5007203, 0.50407046, 0.50778574, 0.507683, 0.50315684, 0.5027778, 0.5010368, 0.5022544, 0.5030997, 0.5006061, 0.50321114, 0.50240976, 0.5063866, 0.50542396, 0.5007775, 0.5020777, 0.5005193, 0.50577563, 0.5050368, 0.50449336, 0.50215185, 0.50435925, 0.50378984, 0.50606555, 0.5007918, 0.5035723, 0.50209135, 0.50646144, 0.50747705, 0.50775814, 0.5051777, 0.50031275, 0.5002965, 0.5006742, 0.5017203, 0.5018661, 0.5058104, 0.506252, 0.5021518, 0.5046498, 0.5021279, 0.50369483, 0.5044071, 0.50294745, 0.50479954, 0.505544, 0.5024493, 0.5040099, 0.50276273, 0.5006441, 0.50562954, 0.5050531, 0.50126827, 0.5097092, 0.5037949, 0.50303316, 0.50580037, 0.5027211, 0.50324833, 0.50395125, 0.5049257, 0.50104296, 0.5010326, 0.500656, 0.50343233, 0.50050503, 0.50305897, 0.501063, 0.50887734, 0.50562507, 0.50718415, 0.50164986, 0.5004117, 0.5019711, 0.5069849, 0.5078498, 0.50125575, 0.5005246, 0.5006423, 0.50099194, 0.5038487, 0.50502235, 0.5031042, 0.50291675, 0.50711393, 0.5028123, 0.5042437, 0.50773495, 0.5063103, 0.5040041, 0.5017653, 0.50267816, 0.5005101, 0.5075902, 0.50506085, 0.5031565, 0.50428516, 0.50312614, 0.50193113, 0.50026685, 0.5003202, 0.5015095, 0.50154364, 0.5010809, 0.5039494, 0.50218266, 0.50126773, 0.5026635, 0.500749, 0.5021858, 0.50748855, 0.5090531, 0.5030722, 0.50691575, 0.5031073, 0.50066113, 0.5005587, 0.5064931, 0.5140926, 0.5127454, 0.5150864, 0.5125911, 0.51217717, 0.5117382, 0.5137713, 0.51355875, 0.5142638, 0.51401997, 0.51329404, 0.51268053, 0.51360166, 0.51160496, 0.5125532, 0.5133334, 0.5142876, 0.5131255, 0.5141322, 0.51459914, 0.5151934, 0.51394427, 0.5140298, 0.51404023, 0.51355064, 0.5141139, 0.5147231, 0.5135817, 0.5122861, 0.51442814, 0.5129695, 0.51202655, 0.51445913, 0.51240593, 0.5132657, 0.5142135, 0.5122309, 0.51472175, 0.51328206, 0.5163616, 0.51288754, 0.5123486, 0.51266974, 0.5153705, 0.51435274, 0.5126257, 0.51270425, 0.513305, 0.5132812, 0.5115355, 0.5140931, 0.5133675, 0.51266944, 0.51359856, 0.51410025, 0.51492023, 0.51445425, 0.5120452, 0.5141997, 0.51369894, 0.51282114, 0.5160551, 0.5142867, 0.51387614, 0.51390123, 0.5127877, 0.5140429, 0.51325405, 0.5142067, 0.5169788, 0.5136955, 0.5127, 0.51179427, 0.51518637, 0.5119611, 0.51251906, 0.5156773, 0.51467675, 0.5125673, 0.5138983, 0.5143211, 0.5145168, 0.5115579, 0.5138095, 0.5144365, 0.51109934, 0.51503545, 0.512746, 0.5123957, 0.5147928, 0.5145229, 0.51333266, 0.5139481, 0.5136046, 0.51563823, 0.51267904, 0.51619667, 0.5123555, 0.51433104, 0.5145792, 0.5123069, 0.5126344, 0.5146032, 0.5134725, 0.51513493, 0.5139912, 0.51311517, 0.5142792, 0.5134104, 0.5122798, 0.51525974, 0.5128984, 0.5137828, 0.5141691, 0.5131356, 0.51570207, 0.514774, 0.51520693, 0.51490825, 0.5143224, 0.5149929, 0.5147346, 0.5173333, 0.51212126, 0.5112377, 0.51596886, 0.5136273, 0.51281554, 0.51240116, 0.5147197, 0.5129752, 0.51384467, 0.5150402, 0.5140893, 0.5139863, 0.51340705, 0.51402456, 0.51500237, 0.5164077, 0.51394224, 0.51259965, 0.5127667, 0.51353693]
[0.5021416, 0.5011557, 0.5006289, 0.50057995, 0.50185895, 0.50171715, 0.5031866, 0.50396067, 0.5032296, 0.5057892, 0.504358, 0.50163263, 0.50137824, 0.5056872, 0.5017617, 0.5008292, 0.50746804, 0.5006707, 0.504201, 0.5079154, 0.50777805, 0.50364864, 0.5011739, 0.5007672, 0.502237, 0.50339, 0.50171804, 0.5037357, 0.5030465, 0.5061105, 0.5046392, 0.5004812, 0.5025009, 0.5004752, 0.5070635, 0.5067675, 0.50410646, 0.5027286, 0.50359076, 0.50305027, 0.50518465, 0.50060195, 0.503764, 0.5016448, 0.50551105, 0.506644, 0.50667596, 0.50432163, 0.50070053, 0.50162387, 0.5004753, 0.5022151, 0.50239515, 0.5051521, 0.5052359, 0.5019651, 0.5040598, 0.5023877, 0.50248814, 0.5028796, 0.5028232, 0.50237846, 0.5069942, 0.50191265, 0.5039962, 0.5012583, 0.50133085, 0.5049798, 0.50494695, 0.50138986, 0.51001143, 0.5036441, 0.5016524, 0.5068361, 0.5043319, 0.5020599, 0.50333834, 0.5042995, 0.50174856, 0.5018215, 0.50134397, 0.5034632, 0.5010096, 0.50355726, 0.5022162, 0.5084469, 0.50672054, 0.5070799, 0.5012384, 0.5006782, 0.50194764, 0.5076271, 0.5086208, 0.5023278, 0.50018483, 0.5003957, 0.500242, 0.5042171, 0.50478536, 0.5024807, 0.50126034, 0.50789714, 0.50288016, 0.5036144, 0.50772005, 0.50789195, 0.5061973, 0.5001253, 0.5018801, 0.500601, 0.50855553, 0.50670195, 0.50158036, 0.5033879, 0.501675, 0.5002854, 0.5028138, 0.5012605, 0.5002805, 0.5001055, 0.5001922, 0.50358284, 0.5021198, 0.50096023, 0.5025252, 0.50028664, 0.5017681, 0.5087446, 0.51029116, 0.5040418, 0.5082604, 0.5033709, 0.50004053, 0.50161296, 0.5085478, 0.5154515, 0.5136333, 0.5148534, 0.51180595, 0.512063, 0.512735, 0.5154847, 0.5150906, 0.51513034, 0.51551443, 0.5145696, 0.51341546, 0.51412994, 0.51169544, 0.5130217, 0.5135414, 0.5148359, 0.51340324, 0.51398987, 0.51461905, 0.5153535, 0.5141668, 0.51424426, 0.51511246, 0.51394194, 0.5147469, 0.5154303, 0.5143569, 0.51219755, 0.5149804, 0.5136313, 0.5125837, 0.5153928, 0.51322806, 0.5143964, 0.51483405, 0.5132853, 0.5152909, 0.51376045, 0.51639885, 0.5128649, 0.51305264, 0.5134981, 0.51592785, 0.5156406, 0.51317734, 0.5143494, 0.5146988, 0.51503825, 0.5101811, 0.51513624, 0.51376784, 0.5133031, 0.51399523, 0.51415557, 0.5148425, 0.5148962, 0.5128251, 0.51494855, 0.5139577, 0.51504815, 0.51669097, 0.5143218, 0.51412445, 0.51388144, 0.5137272, 0.51492953, 0.5139804, 0.51544136, 0.51794195, 0.5137071, 0.5127023, 0.51432824, 0.5155299, 0.51317376, 0.5133051, 0.5162188, 0.5153973, 0.5139083, 0.5150146, 0.5149331, 0.514818, 0.5121474, 0.5138704, 0.51432824, 0.51176625, 0.51507556, 0.5130731, 0.5130295, 0.51580274, 0.51620245, 0.51423925, 0.5148618, 0.513431, 0.5160639, 0.5137225, 0.5164024, 0.51347744, 0.5144927, 0.5148354, 0.5131464, 0.5132216, 0.515163, 0.5143526, 0.5155391, 0.5152127, 0.51423895, 0.51501286, 0.51477355, 0.51434296, 0.51551193, 0.5139512, 0.5147316, 0.5147405, 0.5143246, 0.5167081, 0.51579994, 0.5159478, 0.5160359, 0.51452255, 0.5145903, 0.5160815, 0.5182382, 0.51268923, 0.51218796, 0.51657265, 0.51381654, 0.51290286, 0.5128684, 0.5155262, 0.514069, 0.5148644, 0.51616746, 0.5144219, 0.5145012, 0.5144863, 0.51405287, 0.51638705, 0.5167256, 0.5146122, 0.5129958, 0.51401263, 0.51422644]
[0.50098866, 0.50135505, 0.50182766, 0.5016992, 0.5008081, 0.50145525, 0.50384253, 0.5018721, 0.5015089, 0.5034445, 0.5017371, 0.5015363, 0.50270224, 0.50529665, 0.50076663, 0.5018242, 0.5063639, 0.5009875, 0.5026918, 0.507286, 0.5072506, 0.5014442, 0.50388575, 0.502906, 0.50031227, 0.50082844, 0.5011617, 0.50133747, 0.5002881, 0.5038701, 0.5060572, 0.5021394, 0.50029856, 0.50175965, 0.50592226, 0.506481, 0.502243, 0.5038091, 0.5037678, 0.500634, 0.5029494, 0.50159645, 0.5043798, 0.50155467, 0.5029888, 0.5041087, 0.5046996, 0.5023968, 0.5027576, 0.50233734, 0.50260687, 0.50110245, 0.50094897, 0.50246936, 0.5028745, 0.5012084, 0.5017089, 0.5003043, 0.50053966, 0.50029784, 0.5003879, 0.50389344, 0.50593984, 0.5006435, 0.5046122, 0.5010173, 0.5030133, 0.50234663, 0.50276375, 0.50078654, 0.50929534, 0.50349915, 0.5027709, 0.5059529, 0.5044899, 0.5037138, 0.5038397, 0.5047464, 0.5001706, 0.50053823, 0.50058466, 0.5038839, 0.50116765, 0.5012642, 0.5005946, 0.50744826, 0.5062624, 0.5059642, 0.502903, 0.5024839, 0.5006903, 0.50607973, 0.5077277, 0.50313014, 0.5018095, 0.5017956, 0.5018794, 0.50190043, 0.5025646, 0.50260806, 0.5025413, 0.50682145, 0.500798, 0.5014445, 0.50662005, 0.50719696, 0.50572217, 0.5016871, 0.50055313, 0.50159734, 0.50772697, 0.5062867, 0.5006306, 0.50150394, 0.50046784, 0.5017515, 0.5033287, 0.5027074, 0.5016298, 0.5020731, 0.50190467, 0.50088835, 0.5005978, 0.5024361, 0.5005141, 0.5020254, 0.50290334, 0.50745064, 0.5094095, 0.5013762, 0.5068398, 0.50358486, 0.50164074, 0.50187236, 0.50695163, 0.51387894, 0.512711, 0.51290405, 0.5110091, 0.51112247, 0.5113697, 0.51376253, 0.5139449, 0.51320577, 0.5139562, 0.51326215, 0.51234305, 0.51245344, 0.5115652, 0.5115308, 0.5115871, 0.5131924, 0.51241237, 0.51288795, 0.51333195, 0.51380396, 0.5125766, 0.5132586, 0.5133225, 0.5125193, 0.5130286, 0.51352584, 0.5128368, 0.51123416, 0.5135494, 0.51219887, 0.5115791, 0.5139429, 0.5121772, 0.51279694, 0.513039, 0.5123783, 0.51377136, 0.5125902, 0.51418906, 0.5120865, 0.51178247, 0.5118238, 0.51442605, 0.5137672, 0.51155525, 0.51265603, 0.51317185, 0.5132732, 0.5090896, 0.5127009, 0.5119541, 0.5118869, 0.51248324, 0.51272523, 0.51318616, 0.5135355, 0.5114754, 0.51307404, 0.51237446, 0.5134539, 0.51443696, 0.5130456, 0.5128704, 0.5128951, 0.5125842, 0.5131473, 0.51198065, 0.5135089, 0.5155721, 0.51213884, 0.5115639, 0.5132155, 0.51389027, 0.5118087, 0.5121858, 0.5140121, 0.51367694, 0.51265347, 0.513226, 0.5129487, 0.51275206, 0.5110381, 0.5121473, 0.512731, 0.5104719, 0.5136039, 0.51197153, 0.5113696, 0.5138171, 0.5143353, 0.5124737, 0.5133157, 0.51204795, 0.5141102, 0.5120223, 0.5146007, 0.5125729, 0.51280266, 0.51305676, 0.5120465, 0.5116473, 0.5132949, 0.51278704, 0.51353294, 0.51315576, 0.51241076, 0.5133419, 0.51295245, 0.5133113, 0.5132629, 0.5122865, 0.5129953, 0.51311314, 0.5130631, 0.5146614, 0.5140705, 0.5142966, 0.51380837, 0.5129123, 0.5129052, 0.51418114, 0.5157551, 0.5114623, 0.5106542, 0.51435035, 0.5121555, 0.51192594, 0.51184654, 0.51379085, 0.51231146, 0.5131377, 0.5141306, 0.5124422, 0.5128037, 0.5125557, 0.5128802, 0.51450145, 0.51499885, 0.5134962, 0.51135814, 0.5125904, 0.5122714]
[0.50028, 0.49980155, 0.501041, 0.50203854, 0.5004826, 0.5003148, 0.50706226, 0.5020521, 0.5012939, 0.50372, 0.5024606, 0.49956888, 0.50317997, 0.5083326, 0.49971762, 0.5016462, 0.5097811, 0.5003544, 0.50205076, 0.5108562, 0.51051575, 0.5017535, 0.50336, 0.5017048, 0.5005278, 0.5014268, 0.50006074, 0.5015443, 0.5010284, 0.50368553, 0.50662845, 0.5011313, 0.50064516, 0.50080085, 0.50921106, 0.5084604, 0.50211847, 0.5037221, 0.50612885, 0.5009037, 0.5029328, 0.49967965, 0.50466645, 0.5006819, 0.5024525, 0.50321746, 0.5034572, 0.5013137, 0.5011626, 0.50140464, 0.5009569, 0.50006795, 0.5002378, 0.5028458, 0.50271577, 0.50016147, 0.50199103, 0.5007563, 0.5001322, 0.5010378, 0.5007639, 0.505113, 0.50862646, 0.4998272, 0.50539994, 0.49950755, 0.50264525, 0.5028152, 0.502902, 0.5001226, 0.51377124, 0.5033311, 0.50388837, 0.50845844, 0.5055733, 0.5040528, 0.50540864, 0.50602096, 0.5005236, 0.49999022, 0.49969333, 0.50215733, 0.50087935, 0.50217044, 0.50099367, 0.51100004, 0.5084204, 0.5098839, 0.5023815, 0.5016926, 0.50016356, 0.50925606, 0.51102597, 0.50377584, 0.5000597, 0.5009852, 0.5000416, 0.5020544, 0.50275815, 0.50169, 0.5018983, 0.51138216, 0.50140774, 0.50208515, 0.5104154, 0.5098268, 0.5077692, 0.50078064, 0.5004154, 0.49974138, 0.5120329, 0.5100569, 0.50067407, 0.500645, 0.49994373, 0.5025237, 0.5028378, 0.5021243, 0.49982053, 0.50061923, 0.49996805, 0.5012407, 0.5000564, 0.5014904, 0.5010595, 0.50063246, 0.50413847, 0.5117918, 0.5146021, 0.5011853, 0.51075965, 0.50480556, 0.5010701, 0.5009234, 0.5098916, 0.5220167, 0.5194996, 0.5219837, 0.51746583, 0.5170585, 0.51835364, 0.5221105, 0.52206975, 0.52177745, 0.52215856, 0.5209901, 0.5192652, 0.52030015, 0.51843935, 0.51816434, 0.51851875, 0.5216823, 0.5196946, 0.52011675, 0.5214554, 0.5223563, 0.52098066, 0.5210497, 0.52196276, 0.51975113, 0.5215797, 0.522136, 0.52123356, 0.5178326, 0.5219807, 0.5192513, 0.5177579, 0.52180535, 0.5180063, 0.520193, 0.5210681, 0.5194567, 0.5221697, 0.520402, 0.52380115, 0.5193059, 0.5184388, 0.5186194, 0.5236474, 0.5222851, 0.5187937, 0.52109635, 0.5215826, 0.52145934, 0.51381665, 0.5209696, 0.51942, 0.5191134, 0.5201617, 0.5204307, 0.52109647, 0.52232665, 0.51808107, 0.5210142, 0.51962197, 0.52150667, 0.52377564, 0.52083665, 0.5201327, 0.5213103, 0.5201258, 0.521357, 0.51905084, 0.52151453, 0.52584046, 0.52003217, 0.5185588, 0.52079344, 0.5224805, 0.5189365, 0.51867443, 0.52305895, 0.52243435, 0.51976126, 0.521565, 0.5206955, 0.5208268, 0.5175621, 0.5191602, 0.5208748, 0.5160637, 0.522116, 0.5180986, 0.51755625, 0.52228075, 0.5235236, 0.51972526, 0.52111006, 0.5187953, 0.522942, 0.51931316, 0.5237468, 0.51954687, 0.5212318, 0.52137214, 0.51858395, 0.51867056, 0.5215755, 0.52076256, 0.5224443, 0.52117825, 0.52014273, 0.5217901, 0.5205417, 0.521569, 0.5215444, 0.5195976, 0.52172786, 0.5212992, 0.5204945, 0.5240575, 0.52318436, 0.52362674, 0.5229472, 0.52113897, 0.5209913, 0.5228793, 0.52640235, 0.51778805, 0.5163921, 0.52379435, 0.5194407, 0.51872826, 0.5183279, 0.52309465, 0.5198773, 0.52082163, 0.5232369, 0.5196813, 0.5207144, 0.5201466, 0.5200572, 0.52331406, 0.52437544, 0.521417, 0.5187102, 0.5206818, 0.5198543]
[0.5007024, 0.50009054, 0.5014731, 0.5014662, 0.50116795, 0.50147426, 0.5064998, 0.50139296, 0.5014573, 0.5044093, 0.50263333, 0.50034016, 0.50202006, 0.5067812, 0.5007944, 0.5003875, 0.508813, 0.49997413, 0.50252974, 0.5100976, 0.5102198, 0.5022737, 0.5028187, 0.50156236, 0.50151104, 0.5022739, 0.5013835, 0.50229204, 0.5011259, 0.5043606, 0.50855905, 0.50098836, 0.5013115, 0.49999, 0.5067221, 0.50715214, 0.5030339, 0.50445366, 0.5051571, 0.5017943, 0.503889, 0.5005341, 0.5052646, 0.5003665, 0.50401264, 0.5048929, 0.5049628, 0.5026809, 0.50097376, 0.50042874, 0.50034356, 0.5008375, 0.50062877, 0.5036838, 0.50374615, 0.50159395, 0.5027009, 0.50044715, 0.5010319, 0.5020992, 0.50137866, 0.5065657, 0.5084307, 0.500735, 0.50484926, 0.50062966, 0.5022096, 0.50351465, 0.5038909, 0.500638, 0.5122706, 0.5042823, 0.50637126, 0.507685, 0.5042337, 0.5053316, 0.5053264, 0.5055804, 0.5002224, 0.5004018, 0.50055134, 0.50276613, 0.50120413, 0.50214547, 0.50126874, 0.5105431, 0.5078383, 0.5089483, 0.50281453, 0.50193197, 0.50050044, 0.50759995, 0.51023597, 0.5033326, 0.5000119, 0.500587, 0.5009587, 0.50218844, 0.5031143, 0.502782, 0.5009581, 0.50901395, 0.5016474, 0.5030705, 0.509406, 0.5084886, 0.5059337, 0.5001881, 0.50096023, 0.50094056, 0.5106512, 0.5079223, 0.5001008, 0.5012088, 0.5001967, 0.5012806, 0.50319767, 0.5021418, 0.5002559, 0.5008, 0.501192, 0.50211143, 0.50108147, 0.50211686, 0.50140095, 0.50011164, 0.50312537, 0.51041615, 0.5127761, 0.5021833, 0.50855166, 0.50596, 0.5038183, 0.5017609, 0.50902176, 0.5176387, 0.5156798, 0.51792455, 0.5153734, 0.5151809, 0.5149959, 0.5176808, 0.51752794, 0.5176073, 0.5175764, 0.51692957, 0.51584417, 0.51631725, 0.5146733, 0.5154342, 0.51587445, 0.5180438, 0.5161836, 0.517335, 0.5172209, 0.5185907, 0.5173211, 0.5168098, 0.5171679, 0.516087, 0.51763034, 0.5181793, 0.5171913, 0.51541173, 0.51754224, 0.515761, 0.5143887, 0.51741606, 0.51511145, 0.51680285, 0.5173344, 0.5157475, 0.5180135, 0.5159927, 0.5193104, 0.515611, 0.5147117, 0.51536524, 0.5183052, 0.5181956, 0.5162205, 0.51616484, 0.5169692, 0.5168284, 0.51336604, 0.51765877, 0.51650244, 0.515837, 0.5166411, 0.5166051, 0.5182737, 0.5178837, 0.5151432, 0.51704633, 0.5170593, 0.51678264, 0.51901376, 0.5166939, 0.5165728, 0.5168661, 0.51647973, 0.51708686, 0.51644653, 0.5181276, 0.52048457, 0.5167621, 0.51563406, 0.51634234, 0.5180691, 0.5154302, 0.5154001, 0.5185457, 0.5179345, 0.515564, 0.5173652, 0.5174978, 0.5174972, 0.5144466, 0.5164905, 0.5174781, 0.51378846, 0.51838356, 0.5155732, 0.5151868, 0.5179859, 0.5177976, 0.51624644, 0.51694554, 0.5162468, 0.5185503, 0.5164171, 0.51921666, 0.5159406, 0.5172816, 0.51743567, 0.51507795, 0.51539356, 0.51792747, 0.51667243, 0.51832557, 0.51679003, 0.5157508, 0.51749015, 0.5163245, 0.5160309, 0.5189269, 0.5160309, 0.5169852, 0.5171986, 0.5166063, 0.51908463, 0.5181588, 0.51842636, 0.5182955, 0.5169703, 0.51791, 0.51853615, 0.5205705, 0.51496035, 0.5143089, 0.5189918, 0.5162482, 0.51572317, 0.51531994, 0.51835847, 0.5163895, 0.5171412, 0.51826215, 0.5169251, 0.51652795, 0.5167748, 0.51663, 0.5185655, 0.519738, 0.5167168, 0.51539034, 0.5165647, 0.5161488]
[0.50144273, 0.5025246, 0.5041749, 0.50385976, 0.50132376, 0.5011687, 0.506633, 0.5016819, 0.50192785, 0.50617003, 0.5038557, 0.5021565, 0.5047493, 0.5073225, 0.5023608, 0.50355005, 0.507588, 0.5016822, 0.50378007, 0.5086844, 0.5085306, 0.50274944, 0.50570416, 0.5035678, 0.5012363, 0.5025684, 0.5028305, 0.5021395, 0.5019999, 0.5063676, 0.5079956, 0.50212747, 0.5007671, 0.5023676, 0.50651366, 0.5063284, 0.50447065, 0.50620043, 0.50478995, 0.5015858, 0.5063342, 0.5020158, 0.50545174, 0.5024736, 0.5043099, 0.50575566, 0.50651836, 0.5022701, 0.50263697, 0.5026918, 0.502317, 0.5014631, 0.5015973, 0.5052584, 0.5051421, 0.50120914, 0.50458765, 0.5009193, 0.50129217, 0.5028667, 0.50192237, 0.5046614, 0.5061853, 0.50180995, 0.5044725, 0.50122815, 0.50398684, 0.5050047, 0.5052095, 0.5012684, 0.5090994, 0.50524175, 0.5064158, 0.5070547, 0.50512296, 0.5058187, 0.50604975, 0.50710976, 0.5012127, 0.50114805, 0.50234824, 0.5042848, 0.50105953, 0.5029601, 0.50101656, 0.50860506, 0.50789976, 0.5079741, 0.50410974, 0.5035381, 0.5029876, 0.50731665, 0.5082191, 0.50428784, 0.5035847, 0.50391454, 0.50210583, 0.50351024, 0.50503445, 0.5035399, 0.5022978, 0.50802237, 0.50214773, 0.50387186, 0.5080534, 0.5068122, 0.50586337, 0.5029532, 0.50193435, 0.50154406, 0.50850695, 0.5074253, 0.5012789, 0.5023553, 0.50157946, 0.50324875, 0.5037943, 0.5028996, 0.5016163, 0.5020336, 0.50218976, 0.50289476, 0.5015621, 0.5029755, 0.5028033, 0.5026872, 0.50559354, 0.50853616, 0.5094772, 0.5014581, 0.5080601, 0.50605804, 0.504055, 0.50426817, 0.5082889, 0.5131304, 0.5110127, 0.51298773, 0.51103276, 0.5111807, 0.51138866, 0.5132121, 0.5130118, 0.51290333, 0.51294994, 0.5123015, 0.5116261, 0.5121313, 0.5112641, 0.51149255, 0.5119779, 0.51349866, 0.5120509, 0.5128032, 0.5129085, 0.513724, 0.51261455, 0.5129114, 0.51322484, 0.5116653, 0.51301426, 0.51334196, 0.5127202, 0.5118319, 0.51282555, 0.51140916, 0.5105111, 0.5123967, 0.5106743, 0.51215595, 0.51286787, 0.512386, 0.5130868, 0.51218504, 0.5141258, 0.5122665, 0.51151615, 0.5114318, 0.51366794, 0.51369774, 0.5121034, 0.51280916, 0.512652, 0.5128897, 0.5095624, 0.5131111, 0.5120444, 0.5117926, 0.51205915, 0.5125165, 0.51308507, 0.5130095, 0.51193774, 0.5129693, 0.51211303, 0.51229155, 0.5140154, 0.5129774, 0.5127093, 0.51297903, 0.5125077, 0.5129898, 0.51155573, 0.5128595, 0.51479125, 0.5122251, 0.51154834, 0.51251143, 0.51323646, 0.51167023, 0.511665, 0.5134749, 0.5135652, 0.51189995, 0.51272154, 0.51254416, 0.5130894, 0.51102203, 0.51197004, 0.51310706, 0.51028234, 0.51339823, 0.5110373, 0.5108353, 0.51314336, 0.51372516, 0.5121972, 0.5124505, 0.51196885, 0.51389205, 0.51185757, 0.51374227, 0.5116813, 0.512581, 0.5123793, 0.51112837, 0.511932, 0.5129729, 0.5121093, 0.51354474, 0.5127758, 0.51231444, 0.5132284, 0.51247454, 0.5128458, 0.51374334, 0.51219106, 0.5131178, 0.512965, 0.51261616, 0.51421964, 0.5135079, 0.5139452, 0.51364803, 0.5127842, 0.51293355, 0.5134502, 0.51454914, 0.5113022, 0.5107084, 0.514112, 0.51174605, 0.51163614, 0.51130116, 0.51361436, 0.51272327, 0.51273435, 0.51372176, 0.5122332, 0.5125629, 0.51295257, 0.5126324, 0.513473, 0.51464605, 0.51240367, 0.5118944, 0.5125047, 0.51254964]
[0.50025064, 0.5007002, 0.5028499, 0.5027495, 0.49971953, 0.49960852, 0.5068605, 0.50091827, 0.5006458, 0.50239646, 0.50152946, 0.5006226, 0.5033701, 0.50735176, 0.50059897, 0.5025946, 0.5082996, 0.50020033, 0.5015606, 0.5095599, 0.50906473, 0.5004883, 0.5052704, 0.50405, 0.49992543, 0.5000985, 0.501114, 0.5004037, 0.5004059, 0.502636, 0.5078217, 0.5014035, 0.5000339, 0.5007966, 0.5076637, 0.507899, 0.5013595, 0.50442827, 0.505439, 0.50016725, 0.5024269, 0.5019082, 0.5062603, 0.50071585, 0.5019582, 0.5027484, 0.5029215, 0.50093496, 0.5016287, 0.5025464, 0.5011019, 0.49974442, 0.49968144, 0.50227237, 0.502297, 0.49993008, 0.50148886, 0.49994612, 0.50021327, 0.50074965, 0.5000319, 0.50464255, 0.50730646, 0.49993086, 0.50620157, 0.49996448, 0.5030636, 0.5015538, 0.50192004, 0.5004947, 0.5102932, 0.5059127, 0.5056226, 0.50733995, 0.5051953, 0.5060226, 0.5056754, 0.50692934, 0.4996636, 0.49968916, 0.5002929, 0.5028405, 0.4998371, 0.50110644, 0.49962392, 0.5092945, 0.5082509, 0.50799084, 0.5039253, 0.5028822, 0.5009243, 0.50785077, 0.509523, 0.5036909, 0.50184834, 0.50294524, 0.50101537, 0.5012763, 0.5015337, 0.5034448, 0.5016499, 0.50887394, 0.50042874, 0.501072, 0.5085123, 0.50815254, 0.50697696, 0.50206417, 0.49973002, 0.5009767, 0.5093628, 0.50788426, 0.4997548, 0.50079143, 0.49991465, 0.5018307, 0.50391316, 0.5023097, 0.5007355, 0.5010485, 0.50111115, 0.5006195, 0.49999344, 0.50298554, 0.5005948, 0.50166607, 0.50496405, 0.5093516, 0.5104941, 0.5003617, 0.5087961, 0.50420135, 0.50191844, 0.5035963, 0.50905675, 0.5153017, 0.5135525, 0.51463205, 0.51255625, 0.5122019, 0.51334244, 0.51554674, 0.5152351, 0.51489645, 0.5153233, 0.5142632, 0.5133074, 0.51395136, 0.51305544, 0.5131502, 0.5133227, 0.5153505, 0.5138527, 0.5143558, 0.5148458, 0.5156264, 0.5144368, 0.51500136, 0.5151659, 0.51363325, 0.51508224, 0.51557904, 0.51477623, 0.5131563, 0.51505494, 0.513537, 0.51222813, 0.51498437, 0.5128879, 0.51418203, 0.5145297, 0.51416874, 0.5152875, 0.5141931, 0.5165599, 0.51401174, 0.5132731, 0.51316756, 0.5159956, 0.5155941, 0.51363117, 0.51458585, 0.5146788, 0.51512563, 0.51055133, 0.51512885, 0.5135274, 0.5132534, 0.5140075, 0.51440454, 0.51519156, 0.51518786, 0.51347244, 0.51492864, 0.5141841, 0.51472634, 0.51640177, 0.51483625, 0.5145833, 0.51491976, 0.5144225, 0.5150578, 0.5134425, 0.51456857, 0.5174217, 0.5139024, 0.5131005, 0.5145465, 0.5155592, 0.51305205, 0.5133857, 0.5158266, 0.5153298, 0.5137193, 0.51452667, 0.5144614, 0.5148483, 0.51276094, 0.51392615, 0.51485, 0.511901, 0.5153748, 0.51291305, 0.51270473, 0.51557034, 0.5163123, 0.5139328, 0.5144977, 0.5137505, 0.5160086, 0.51381606, 0.51629883, 0.51356226, 0.51435894, 0.51450276, 0.51333576, 0.5136694, 0.51486486, 0.5138737, 0.51547784, 0.51499414, 0.5142304, 0.5151105, 0.5145042, 0.5146587, 0.5153815, 0.5139658, 0.51509464, 0.51516974, 0.5145267, 0.51675785, 0.51571697, 0.5159913, 0.5161247, 0.514679, 0.5145623, 0.51608205, 0.5174368, 0.5129992, 0.51222473, 0.5162283, 0.5136867, 0.51312584, 0.51301277, 0.5158016, 0.51444274, 0.5143647, 0.51614356, 0.51395583, 0.51448345, 0.51461124, 0.5142811, 0.51581496, 0.51687187, 0.5145836, 0.5131363, 0.51442295, 0.5144386]
[0.50179505, 0.5022536, 0.5029377, 0.50268584, 0.5016279, 0.50155413, 0.5060403, 0.501685, 0.50155544, 0.50391364, 0.5024324, 0.50196964, 0.50427645, 0.5060058, 0.50183564, 0.502704, 0.50650644, 0.50216854, 0.502638, 0.50757706, 0.5073885, 0.5017552, 0.5046147, 0.5029629, 0.50068206, 0.50151753, 0.5017592, 0.5014408, 0.5009093, 0.5046382, 0.5065288, 0.50272554, 0.5013785, 0.50238115, 0.5064069, 0.5061403, 0.502446, 0.50378215, 0.50519145, 0.5006522, 0.50382996, 0.50232786, 0.5053419, 0.50227803, 0.5037245, 0.5048188, 0.50531095, 0.5025303, 0.5027553, 0.5026059, 0.5022765, 0.5016059, 0.50163263, 0.50387466, 0.50401413, 0.5009295, 0.50285614, 0.50066173, 0.5007714, 0.5013455, 0.5009791, 0.50508267, 0.5063612, 0.5015347, 0.5052237, 0.5017946, 0.5038305, 0.5028607, 0.50370735, 0.50160736, 0.5086907, 0.50540894, 0.504655, 0.5064231, 0.5047482, 0.5049475, 0.50559497, 0.50593835, 0.501366, 0.5016394, 0.5015782, 0.5046364, 0.50200933, 0.5013815, 0.50139916, 0.507794, 0.5067372, 0.50707877, 0.5038825, 0.50323653, 0.5011288, 0.50653887, 0.5079256, 0.5042183, 0.50315005, 0.5025046, 0.5022678, 0.50208, 0.50338846, 0.50391644, 0.5034504, 0.50702626, 0.5007769, 0.5019958, 0.50716114, 0.50695986, 0.5060273, 0.5022331, 0.5008107, 0.5022354, 0.50768733, 0.50665164, 0.5016137, 0.50130045, 0.5014267, 0.50242484, 0.5042251, 0.50352263, 0.50229627, 0.50249577, 0.5025295, 0.501159, 0.5014824, 0.50334543, 0.50098854, 0.50253165, 0.5042258, 0.50750226, 0.50859714, 0.50125, 0.5071953, 0.50430965, 0.50295323, 0.50284135, 0.50677395, 0.5117335, 0.5109867, 0.511811, 0.51012325, 0.5096248, 0.5103447, 0.51161444, 0.51175433, 0.51156217, 0.5116962, 0.51097757, 0.5104448, 0.5110721, 0.51045066, 0.51019883, 0.51032865, 0.5116374, 0.51113707, 0.51109946, 0.51147133, 0.51203036, 0.5114183, 0.51180494, 0.5116231, 0.5110738, 0.5116012, 0.511892, 0.51127726, 0.5099624, 0.51169115, 0.51069295, 0.5101463, 0.5118992, 0.51041967, 0.51106006, 0.5114655, 0.51069343, 0.511779, 0.5109548, 0.51274806, 0.5107185, 0.5105321, 0.51056695, 0.5124321, 0.5120665, 0.5106191, 0.51118326, 0.51148295, 0.51128954, 0.5086929, 0.5113844, 0.510538, 0.5105458, 0.5109597, 0.51128733, 0.5117847, 0.5118144, 0.5102881, 0.5115899, 0.5109806, 0.51132655, 0.51289874, 0.5114903, 0.5112017, 0.51152074, 0.5107756, 0.5112625, 0.510483, 0.51157975, 0.51344097, 0.51102555, 0.51031023, 0.5109802, 0.51197964, 0.5102039, 0.5104212, 0.5122514, 0.5119123, 0.5108819, 0.5113743, 0.51156414, 0.5110321, 0.5100508, 0.51105875, 0.51133704, 0.509636, 0.5117453, 0.5101779, 0.5102223, 0.5121717, 0.5125845, 0.5110133, 0.51150423, 0.5108803, 0.5124596, 0.51061434, 0.51268977, 0.5110466, 0.51140463, 0.5115491, 0.51072246, 0.51057595, 0.51160616, 0.51107997, 0.51202023, 0.5112897, 0.5108042, 0.5116716, 0.51128656, 0.5114502, 0.51199985, 0.5106718, 0.5114332, 0.5118102, 0.5108404, 0.5128153, 0.51215, 0.51239234, 0.5120497, 0.51142216, 0.51146686, 0.5121409, 0.5136129, 0.5103799, 0.5096639, 0.5124661, 0.5109156, 0.51042587, 0.5102836, 0.51214945, 0.51097566, 0.5112806, 0.51238585, 0.5110595, 0.5112435, 0.5114008, 0.5111202, 0.51226544, 0.51290643, 0.5115101, 0.51022583, 0.51127523, 0.510837]
[0.50088114, 0.50074464, 0.5021679, 0.50230104, 0.50075334, 0.5016521, 0.5056252, 0.5019316, 0.50208735, 0.50478923, 0.50324476, 0.5010283, 0.5031851, 0.50540155, 0.50077605, 0.5014675, 0.50875086, 0.5021964, 0.50283885, 0.50788075, 0.50784683, 0.5023802, 0.50327027, 0.503541, 0.5008462, 0.50145847, 0.50124586, 0.50237304, 0.5011392, 0.5048014, 0.50566685, 0.5019229, 0.5007184, 0.5015988, 0.50773585, 0.5079473, 0.5035153, 0.5034397, 0.5051526, 0.5012238, 0.5039845, 0.5012627, 0.50516486, 0.50176793, 0.50350595, 0.50460035, 0.50490266, 0.5017129, 0.5026842, 0.50210434, 0.50278956, 0.5009456, 0.50056094, 0.5038813, 0.50379276, 0.5005793, 0.50297594, 0.50131565, 0.5009368, 0.5008773, 0.50101376, 0.50426984, 0.50694674, 0.50077343, 0.5047256, 0.5013577, 0.5030947, 0.50395525, 0.5037137, 0.5013737, 0.5098818, 0.50447416, 0.5044005, 0.5063144, 0.50475734, 0.50460297, 0.5052513, 0.50554717, 0.50058514, 0.50047934, 0.5007415, 0.5036005, 0.50052416, 0.50268555, 0.5007545, 0.5090953, 0.50765324, 0.5074604, 0.5036476, 0.50317913, 0.5009207, 0.50778663, 0.50840175, 0.5026184, 0.50239927, 0.5026484, 0.50184304, 0.50243354, 0.50325376, 0.50291747, 0.502151, 0.50870496, 0.50212324, 0.5027666, 0.50823843, 0.5083862, 0.5073151, 0.5025075, 0.50043595, 0.5009023, 0.5093209, 0.5073429, 0.50171036, 0.5008717, 0.501297, 0.5026009, 0.50397676, 0.5030353, 0.5018329, 0.5020171, 0.5018804, 0.50196797, 0.50043446, 0.502622, 0.5012214, 0.50123525, 0.503044, 0.5093899, 0.5103362, 0.5023597, 0.50908333, 0.50559944, 0.50279796, 0.5042637, 0.5093659, 0.5157, 0.5139923, 0.5153688, 0.51232773, 0.51231956, 0.51319474, 0.5159174, 0.51592404, 0.5153501, 0.5163731, 0.51493317, 0.5138583, 0.5144816, 0.5128701, 0.51284224, 0.5133343, 0.5154252, 0.51387763, 0.51436186, 0.5147432, 0.5155555, 0.514428, 0.5151323, 0.51524025, 0.51419663, 0.51534647, 0.5161139, 0.5146683, 0.5133511, 0.5154592, 0.5135888, 0.51262426, 0.51572186, 0.5129471, 0.51441985, 0.51502955, 0.5142928, 0.51560324, 0.5145513, 0.5167319, 0.51444244, 0.5131061, 0.5130977, 0.5170552, 0.5158174, 0.5137836, 0.51534647, 0.515388, 0.5153386, 0.51064193, 0.5151574, 0.51358867, 0.51319015, 0.51433754, 0.5144322, 0.5154826, 0.51575494, 0.513093, 0.5154471, 0.51412284, 0.5153087, 0.5165364, 0.5151866, 0.51493603, 0.51489276, 0.51449066, 0.5155964, 0.5140121, 0.51485896, 0.51830477, 0.51422226, 0.5129238, 0.5149191, 0.516, 0.5133058, 0.51379603, 0.51643085, 0.51600105, 0.5139004, 0.5152457, 0.51455253, 0.51531076, 0.5125743, 0.5137196, 0.5150205, 0.5120774, 0.51553565, 0.5131361, 0.51296115, 0.51523024, 0.5165804, 0.51458323, 0.51500463, 0.51403517, 0.5160218, 0.51391363, 0.51681536, 0.51376265, 0.51480657, 0.5146854, 0.51358277, 0.5134598, 0.51571196, 0.51451194, 0.5156311, 0.51577437, 0.51508266, 0.51552975, 0.5143777, 0.51533806, 0.515797, 0.5142402, 0.51549923, 0.5155478, 0.51452863, 0.51736534, 0.5160854, 0.516318, 0.51652735, 0.51511765, 0.5146695, 0.5162814, 0.5184612, 0.5129321, 0.5121694, 0.51691693, 0.51375717, 0.5131961, 0.5129989, 0.5160779, 0.5148403, 0.5149917, 0.51671624, 0.5142918, 0.5147787, 0.5148795, 0.5140684, 0.5166511, 0.51705706, 0.51502746, 0.5133607, 0.51475424, 0.5149409]
[0.5001043, 0.50081176, 0.5019025, 0.5017124, 0.5000801, 0.49996245, 0.5063306, 0.49999738, 0.4998813, 0.501304, 0.50025773, 0.50088996, 0.5052311, 0.50874925, 0.5018926, 0.5018783, 0.50922126, 0.50095767, 0.500113, 0.5102892, 0.5105628, 0.49981922, 0.50534046, 0.5034284, 0.49999785, 0.4994772, 0.50031626, 0.49980766, 0.49956158, 0.5015197, 0.5084384, 0.5021801, 0.4991929, 0.5016192, 0.5089914, 0.5091359, 0.5003587, 0.5060388, 0.5068306, 0.49950126, 0.5009946, 0.5020747, 0.50608313, 0.500761, 0.50079566, 0.50157416, 0.5017957, 0.5000059, 0.50248957, 0.50327575, 0.5015986, 0.49993634, 0.50027055, 0.5006899, 0.50065845, 0.50065243, 0.50013465, 0.49995857, 0.49929184, 0.49997455, 0.49927235, 0.5047178, 0.508172, 0.50087166, 0.50666994, 0.4998427, 0.50375706, 0.5012352, 0.5006515, 0.5009326, 0.51257485, 0.5062887, 0.5055025, 0.5088523, 0.50681114, 0.50662136, 0.50695807, 0.5077592, 0.4995442, 0.499954, 0.50035787, 0.50396985, 0.5005094, 0.49992025, 0.5003727, 0.5113707, 0.5093659, 0.5097539, 0.50321037, 0.50197065, 0.5010517, 0.5092685, 0.51061547, 0.5046805, 0.50374097, 0.5024063, 0.5025737, 0.49989912, 0.5006247, 0.5046083, 0.5038999, 0.5100867, 0.49971306, 0.5002055, 0.5103134, 0.509235, 0.50812733, 0.5025803, 0.5001338, 0.50215495, 0.5110919, 0.5089548, 0.4994183, 0.49968442, 0.4992519, 0.50242835, 0.5045697, 0.50368553, 0.5017663, 0.50147665, 0.50199705, 0.49972942, 0.49926853, 0.5045914, 0.49951512, 0.503314, 0.5060214, 0.51081693, 0.51242286, 0.4995254, 0.51055825, 0.5060877, 0.50252455, 0.50357515, 0.5106622, 0.518139, 0.515999, 0.5180903, 0.51540613, 0.5147682, 0.51534915, 0.51851016, 0.5178712, 0.5179563, 0.5184435, 0.51753205, 0.51664037, 0.5170861, 0.5157815, 0.5159168, 0.51609886, 0.5182312, 0.5164317, 0.5178716, 0.5185756, 0.51914066, 0.5176479, 0.5174663, 0.51857483, 0.5164991, 0.5179886, 0.5187207, 0.51735795, 0.51568466, 0.5185682, 0.5163067, 0.5145819, 0.5178475, 0.5154631, 0.5169567, 0.5176848, 0.5174252, 0.51838034, 0.5168621, 0.5198392, 0.5164629, 0.51594186, 0.5159287, 0.5198065, 0.5186122, 0.5160994, 0.51713103, 0.51754797, 0.5179272, 0.5129498, 0.51809174, 0.51631093, 0.51634496, 0.5171179, 0.5172631, 0.5182142, 0.51839226, 0.51603454, 0.51811063, 0.5171004, 0.51700896, 0.5201747, 0.51792264, 0.51738715, 0.518166, 0.5170491, 0.5183413, 0.5169053, 0.5183046, 0.5210586, 0.51695555, 0.51597303, 0.5172171, 0.51875293, 0.5161481, 0.51602364, 0.51898193, 0.518609, 0.5168918, 0.5181891, 0.5179513, 0.5180261, 0.51529026, 0.5166016, 0.51785225, 0.51453733, 0.5189534, 0.51540405, 0.51572245, 0.51847565, 0.51952803, 0.5173546, 0.51784307, 0.5169223, 0.5191687, 0.5162832, 0.51977104, 0.51642156, 0.517683, 0.51775676, 0.5158685, 0.51620024, 0.5181716, 0.5172723, 0.51871425, 0.5179422, 0.51678306, 0.5183659, 0.51732093, 0.5177541, 0.5188156, 0.5167214, 0.5178137, 0.5182278, 0.51742166, 0.5198488, 0.51889706, 0.51928306, 0.51918405, 0.51816976, 0.5179649, 0.5192116, 0.5216194, 0.5155103, 0.5147989, 0.5201284, 0.5173374, 0.515917, 0.5155445, 0.519364, 0.5174298, 0.5177157, 0.51957446, 0.5176775, 0.5172232, 0.5177485, 0.51723593, 0.51953524, 0.5205418, 0.517898, 0.5157618, 0.5174505, 0.51732767]
[0.5027648, 0.5042607, 0.50437254, 0.50741315, 0.5016462, 0.50133294, 0.51068604, 0.50055605, 0.5003895, 0.50218254, 0.5010278, 0.5026835, 0.5061964, 0.51008624, 0.50317574, 0.50474477, 0.51154953, 0.5026371, 0.50144553, 0.5124912, 0.5124257, 0.5011854, 0.50799847, 0.5063242, 0.5001304, 0.5006696, 0.50341403, 0.50048757, 0.50037134, 0.5030521, 0.51133704, 0.5017496, 0.50031525, 0.5021353, 0.50900185, 0.50949895, 0.5016458, 0.5055006, 0.5081656, 0.50070876, 0.5027211, 0.5019376, 0.50814974, 0.503382, 0.50187904, 0.50279665, 0.5030629, 0.5012997, 0.50442606, 0.5031097, 0.5043747, 0.5023383, 0.5016524, 0.5020095, 0.5023692, 0.5002823, 0.5017519, 0.50020146, 0.50046545, 0.5011473, 0.5002331, 0.5073673, 0.5101012, 0.5015512, 0.5084745, 0.5021191, 0.5053314, 0.50240767, 0.50201803, 0.5016648, 0.5136682, 0.5094137, 0.5079953, 0.5105065, 0.5077528, 0.509358, 0.50927675, 0.5102288, 0.5027915, 0.50178516, 0.5029803, 0.5079717, 0.5029465, 0.50060606, 0.50104845, 0.512758, 0.5111868, 0.5112536, 0.50804704, 0.5069791, 0.5011343, 0.51076865, 0.51266307, 0.50600004, 0.5044778, 0.5041958, 0.5035251, 0.5013949, 0.5021714, 0.50578463, 0.50407654, 0.51165843, 0.50022674, 0.501224, 0.5109286, 0.51075035, 0.5093565, 0.5026849, 0.50011146, 0.5023492, 0.5123367, 0.5102977, 0.50073624, 0.5009685, 0.49996126, 0.50196666, 0.50638384, 0.5048242, 0.5022005, 0.50299114, 0.5027235, 0.5001929, 0.5020228, 0.5064037, 0.5002701, 0.5024163, 0.5063919, 0.5121815, 0.51414704, 0.500353, 0.5115856, 0.5074628, 0.50321054, 0.50245744, 0.5104492, 0.51934814, 0.5174908, 0.5199136, 0.51706, 0.51680666, 0.5169408, 0.51936126, 0.5194619, 0.5194876, 0.5195725, 0.5183442, 0.51798964, 0.51862085, 0.5176592, 0.51706594, 0.51771367, 0.5199102, 0.5186965, 0.5193328, 0.5192809, 0.52076167, 0.51915735, 0.519448, 0.51941323, 0.5182439, 0.51955205, 0.52006125, 0.51888394, 0.51654625, 0.51944435, 0.5176569, 0.51609963, 0.5194311, 0.5170585, 0.5182527, 0.5190791, 0.5181349, 0.51976377, 0.51809865, 0.5215164, 0.5183581, 0.5178756, 0.5179734, 0.5207208, 0.5201713, 0.5174881, 0.5184875, 0.5187161, 0.5188375, 0.5149183, 0.518965, 0.5177027, 0.5178332, 0.51824373, 0.5192659, 0.5202923, 0.5200334, 0.5169059, 0.5191162, 0.51861686, 0.5183892, 0.52143335, 0.5195884, 0.518965, 0.5190728, 0.51791716, 0.51866394, 0.51782054, 0.5195849, 0.5225619, 0.51883954, 0.51787215, 0.5177818, 0.52004665, 0.5166576, 0.5173373, 0.5209778, 0.52039194, 0.5178694, 0.5189984, 0.51931924, 0.51922184, 0.5168169, 0.51878285, 0.5197214, 0.5159417, 0.5207208, 0.5165848, 0.5161165, 0.51996285, 0.5205372, 0.5188781, 0.5191135, 0.5185807, 0.5209182, 0.5176426, 0.52134174, 0.5181132, 0.519469, 0.51917684, 0.517429, 0.5179488, 0.5197295, 0.51863855, 0.5205986, 0.5189574, 0.51796013, 0.5192896, 0.5196573, 0.51860154, 0.5201421, 0.5180985, 0.51914537, 0.51970476, 0.5182526, 0.5215251, 0.5208089, 0.5210062, 0.5209336, 0.5194846, 0.5196295, 0.5197384, 0.52240443, 0.5173087, 0.51612616, 0.52139866, 0.5182875, 0.5180766, 0.517712, 0.52085906, 0.51808757, 0.51851326, 0.5202771, 0.5187035, 0.5189058, 0.51909536, 0.5188572, 0.52001256, 0.5223318, 0.51927847, 0.51778245, 0.51891124, 0.5182529]
[0.5009817, 0.50074965, 0.5013328, 0.5024734, 0.50110245, 0.50105774, 0.5047855, 0.5021767, 0.5022353, 0.5051623, 0.5034717, 0.50082856, 0.5023115, 0.5052372, 0.5013175, 0.50143033, 0.5065611, 0.50109184, 0.5036461, 0.50665027, 0.50684774, 0.5032924, 0.50268704, 0.50202286, 0.50211954, 0.50267756, 0.50096464, 0.50265795, 0.50161266, 0.5052733, 0.50603896, 0.5013111, 0.5019018, 0.50132996, 0.5050263, 0.5058952, 0.5039917, 0.5034967, 0.504504, 0.5024293, 0.50437844, 0.5015465, 0.50416094, 0.50123554, 0.50398666, 0.505047, 0.5057151, 0.5029461, 0.5019617, 0.50179714, 0.501677, 0.5007917, 0.50086933, 0.5038023, 0.50425327, 0.5008774, 0.5033501, 0.50182885, 0.5006033, 0.50167525, 0.50093764, 0.50389624, 0.50624114, 0.5008072, 0.50425893, 0.5008479, 0.50250745, 0.5043454, 0.50490505, 0.50141376, 0.50819504, 0.5030614, 0.5043116, 0.5058349, 0.50391084, 0.5040128, 0.50390184, 0.5044842, 0.50105494, 0.5009435, 0.5007492, 0.5027949, 0.5013125, 0.50333077, 0.50221485, 0.5074048, 0.5065366, 0.50635064, 0.50304556, 0.50251234, 0.50143135, 0.50602794, 0.507326, 0.50259906, 0.501577, 0.50153947, 0.50180584, 0.5028481, 0.5039168, 0.5028883, 0.5016063, 0.50674, 0.5023474, 0.5033845, 0.5067699, 0.5065649, 0.50568366, 0.5013442, 0.501229, 0.5012467, 0.5075253, 0.50640184, 0.50087243, 0.5017318, 0.5008642, 0.501796, 0.5028509, 0.50203836, 0.50133735, 0.50129783, 0.5013729, 0.50174254, 0.5009654, 0.5024908, 0.50161225, 0.5010523, 0.5026329, 0.5075549, 0.50862575, 0.50223446, 0.50661916, 0.5040407, 0.50210804, 0.50137407, 0.50647247, 0.51169145, 0.510401, 0.5112679, 0.5101023, 0.5097585, 0.5101415, 0.511557, 0.51163656, 0.5113872, 0.5119568, 0.51130056, 0.5108939, 0.51082575, 0.51012886, 0.5102434, 0.51033795, 0.5113827, 0.51085234, 0.5111123, 0.5113964, 0.5117972, 0.51130164, 0.51129216, 0.5115589, 0.51070154, 0.5114382, 0.5117939, 0.51108557, 0.5101321, 0.51150393, 0.51052386, 0.5098696, 0.5117952, 0.51014787, 0.51105195, 0.5112619, 0.5108497, 0.51159805, 0.510787, 0.5123306, 0.51066005, 0.5101924, 0.51029044, 0.5122836, 0.51149416, 0.51024926, 0.51116794, 0.5112928, 0.51140994, 0.5086197, 0.51154333, 0.5104107, 0.51050663, 0.5109829, 0.51108, 0.51145095, 0.5116381, 0.5100063, 0.510943, 0.5109305, 0.51147616, 0.5125334, 0.5111588, 0.5109007, 0.5113826, 0.51067793, 0.5114078, 0.5109131, 0.511639, 0.51313585, 0.5108078, 0.51034874, 0.5111695, 0.51195943, 0.5101761, 0.51029885, 0.51209843, 0.5118519, 0.51056665, 0.51160675, 0.51125777, 0.51127756, 0.50985026, 0.51086545, 0.5113116, 0.5092882, 0.5119012, 0.51054174, 0.51000947, 0.51163286, 0.5121014, 0.5108075, 0.5112161, 0.51078874, 0.51201814, 0.51070386, 0.5124219, 0.5107873, 0.51127857, 0.5115437, 0.5104781, 0.5104492, 0.51136315, 0.5110283, 0.51181334, 0.5114217, 0.51074624, 0.51143706, 0.51118684, 0.5111342, 0.5117052, 0.51076597, 0.51133746, 0.5114525, 0.51108176, 0.51246184, 0.51186085, 0.51207054, 0.51209736, 0.51136297, 0.5114503, 0.51218134, 0.5135045, 0.509992, 0.50937176, 0.51265347, 0.5106141, 0.5101879, 0.50995183, 0.51185566, 0.51066697, 0.5112487, 0.5119506, 0.51091963, 0.5108875, 0.5110436, 0.5107852, 0.51232696, 0.51284665, 0.511649, 0.51016676, 0.51113164, 0.51099104]
[0.50202817, 0.5025413, 0.50322133, 0.503313, 0.50192785, 0.50143164, 0.50494033, 0.5013484, 0.50153756, 0.5012758, 0.50036275, 0.502227, 0.5037929, 0.505092, 0.5025644, 0.5026488, 0.5058337, 0.5031116, 0.5009914, 0.5059153, 0.5060219, 0.50098115, 0.5042486, 0.50398374, 0.5019505, 0.50128835, 0.50326455, 0.50110364, 0.50135016, 0.5017151, 0.50526524, 0.5028096, 0.50190514, 0.50261927, 0.5051505, 0.50537974, 0.50031227, 0.5046108, 0.5043296, 0.5013866, 0.501122, 0.5025876, 0.5040403, 0.5027862, 0.500304, 0.5014795, 0.50185025, 0.50130975, 0.50321573, 0.5028942, 0.50288206, 0.50219804, 0.5020071, 0.50066304, 0.5007985, 0.50149214, 0.50046253, 0.5017292, 0.5020212, 0.5015164, 0.5012544, 0.5043669, 0.5051019, 0.5023879, 0.5042514, 0.5024673, 0.50352, 0.50021297, 0.5006191, 0.50216866, 0.5067288, 0.5042804, 0.50470096, 0.5052952, 0.5039227, 0.5044857, 0.50473547, 0.505036, 0.50225973, 0.5022784, 0.5026883, 0.5036361, 0.50176495, 0.5010668, 0.50178856, 0.50613475, 0.50533, 0.50575954, 0.50361705, 0.50327367, 0.5026069, 0.50566655, 0.50627935, 0.5034728, 0.50288254, 0.50358194, 0.5026995, 0.50072026, 0.50034696, 0.5033469, 0.50294876, 0.50602967, 0.5013135, 0.50051945, 0.50618327, 0.5053775, 0.50498146, 0.5030507, 0.5019827, 0.5025566, 0.5064495, 0.5055649, 0.5025502, 0.5016446, 0.5023408, 0.5032327, 0.503513, 0.50333774, 0.5026023, 0.5027617, 0.50298405, 0.5013936, 0.50206965, 0.50312716, 0.50149494, 0.5024368, 0.503842, 0.5064303, 0.50696117, 0.5015901, 0.50591725, 0.5051994, 0.5041616, 0.50411475, 0.5063412, 0.5096416, 0.508551, 0.509738, 0.5082801, 0.5085703, 0.5081094, 0.50956863, 0.50935733, 0.50963175, 0.5096778, 0.5093894, 0.5087161, 0.50935584, 0.5081731, 0.5086978, 0.5089222, 0.50965106, 0.5086248, 0.50918233, 0.50924075, 0.5098445, 0.50923854, 0.50913066, 0.5095856, 0.50907606, 0.5094129, 0.50998753, 0.5092586, 0.5087294, 0.50949985, 0.50877273, 0.5078391, 0.5092774, 0.507915, 0.5089053, 0.50962317, 0.50862116, 0.5097169, 0.5089154, 0.5104573, 0.5088771, 0.50800234, 0.5081478, 0.51014173, 0.5099599, 0.50894415, 0.50900173, 0.5091548, 0.50931454, 0.50754905, 0.5096594, 0.509194, 0.5086555, 0.5091401, 0.50925094, 0.5097036, 0.509628, 0.50858814, 0.5095839, 0.5090152, 0.509285, 0.5104035, 0.5094153, 0.50937814, 0.50915766, 0.5091611, 0.5094514, 0.50889236, 0.509397, 0.5109733, 0.5092508, 0.5085405, 0.50891644, 0.50984675, 0.5085939, 0.5087413, 0.5101682, 0.50973034, 0.50880045, 0.5094038, 0.5093316, 0.5096551, 0.5080051, 0.5090783, 0.50980526, 0.5077632, 0.5098182, 0.50822645, 0.50855446, 0.50950974, 0.50982493, 0.5089551, 0.509197, 0.5090919, 0.5100758, 0.50865686, 0.51035285, 0.5085611, 0.5095036, 0.50928664, 0.5082062, 0.5085006, 0.50971454, 0.50918716, 0.5100391, 0.50955313, 0.50916594, 0.5097466, 0.5087165, 0.50926393, 0.51013017, 0.50904506, 0.5094524, 0.5093809, 0.5091199, 0.5105461, 0.510018, 0.51006866, 0.5100034, 0.5094818, 0.50970477, 0.50980395, 0.5109169, 0.50810736, 0.5079798, 0.51049507, 0.5088866, 0.5087077, 0.50850135, 0.5098917, 0.50920707, 0.5094436, 0.51024795, 0.5091168, 0.5093515, 0.50929946, 0.50928396, 0.50995785, 0.5105598, 0.50899833, 0.50871533, 0.50875354, 0.5092756]
[0.50108624, 0.50030583, 0.5009264, 0.50108004, 0.50131214, 0.5022019, 0.5039568, 0.5023178, 0.5023071, 0.5051622, 0.50361097, 0.5011478, 0.5016428, 0.5042461, 0.5011376, 0.5006602, 0.5064182, 0.5004363, 0.503643, 0.50660384, 0.50673944, 0.50264245, 0.5016991, 0.5015704, 0.5020228, 0.50267446, 0.5001929, 0.5028804, 0.5019961, 0.5052072, 0.50458634, 0.5004475, 0.5014775, 0.5003657, 0.50495195, 0.5049589, 0.50368005, 0.5018924, 0.50270504, 0.50222343, 0.50470287, 0.5002641, 0.50296986, 0.5003419, 0.50393915, 0.5052734, 0.5055037, 0.50296843, 0.50072926, 0.5008321, 0.5004923, 0.50135577, 0.50150913, 0.5044432, 0.5045852, 0.50181776, 0.5035975, 0.5018612, 0.5015753, 0.5026731, 0.5022065, 0.5026966, 0.5047192, 0.5011317, 0.5034559, 0.5010552, 0.5011663, 0.504159, 0.50443584, 0.5009944, 0.5076774, 0.5026153, 0.5022929, 0.5047428, 0.50222945, 0.503315, 0.50333273, 0.50344026, 0.50092965, 0.50050807, 0.50063354, 0.5013691, 0.5015928, 0.50314796, 0.5017725, 0.50690275, 0.50487775, 0.50604236, 0.50185543, 0.5013664, 0.50078356, 0.50573176, 0.50702, 0.5024042, 0.5005741, 0.500404, 0.50030786, 0.50316757, 0.50388694, 0.5015226, 0.50059545, 0.5062804, 0.5024168, 0.5035421, 0.5060545, 0.5059659, 0.5042886, 0.5002328, 0.501607, 0.5004515, 0.5069086, 0.5055683, 0.500755, 0.50215214, 0.5015472, 0.50091445, 0.5018081, 0.50125486, 0.50022286, 0.5004289, 0.5004645, 0.5025763, 0.501697, 0.5009605, 0.5025011, 0.5002462, 0.50196487, 0.50687635, 0.5078636, 0.5023918, 0.5062473, 0.50339556, 0.5010106, 0.5008541, 0.5064053, 0.51113576, 0.5099532, 0.51131916, 0.5095398, 0.50920236, 0.50958794, 0.5113432, 0.5112471, 0.51128966, 0.51130134, 0.5108122, 0.50999933, 0.5106234, 0.5093272, 0.50970125, 0.51001614, 0.5113102, 0.5103151, 0.51042634, 0.5108236, 0.5116896, 0.510941, 0.51099634, 0.5114727, 0.51045287, 0.51127267, 0.51152617, 0.5108901, 0.509689, 0.51127887, 0.5099309, 0.5090776, 0.5110541, 0.50943834, 0.51056397, 0.51081544, 0.51033443, 0.51151127, 0.5106273, 0.51236975, 0.510177, 0.50951403, 0.5096814, 0.51195323, 0.5114818, 0.51001894, 0.5105832, 0.51075107, 0.5110529, 0.5080125, 0.5110997, 0.5103771, 0.5099329, 0.5105124, 0.5107144, 0.5113361, 0.5114691, 0.5097438, 0.5110118, 0.5103865, 0.5109685, 0.5122957, 0.51089394, 0.5106536, 0.5107667, 0.5105962, 0.5111046, 0.5100858, 0.5111849, 0.51324314, 0.5107196, 0.50992817, 0.5103675, 0.51165116, 0.5098415, 0.5099654, 0.5119914, 0.5115641, 0.51026857, 0.5109668, 0.5110964, 0.510865, 0.50943893, 0.5102284, 0.5110369, 0.50904286, 0.5114709, 0.509408, 0.50956863, 0.5114394, 0.5117862, 0.51080847, 0.51081747, 0.51031005, 0.51210177, 0.51022017, 0.51225114, 0.51012903, 0.5109632, 0.5107985, 0.5098927, 0.50989985, 0.51124036, 0.51058185, 0.5117089, 0.5110701, 0.5105287, 0.51131713, 0.5105017, 0.51078594, 0.51160634, 0.51058954, 0.5110136, 0.5109937, 0.5105613, 0.51241857, 0.5119428, 0.5121382, 0.51203144, 0.5108122, 0.51096255, 0.5116942, 0.5133699, 0.50958574, 0.5091971, 0.51232463, 0.5103839, 0.50994, 0.50983745, 0.51181185, 0.51051104, 0.5108918, 0.51204157, 0.5107197, 0.5106113, 0.510781, 0.51046973, 0.5118019, 0.5127159, 0.5110013, 0.50980574, 0.51060426, 0.51059633]
[0.5018513, 0.5020888, 0.50377536, 0.50243104, 0.50156784, 0.5012525, 0.5083136, 0.50006515, 0.5001955, 0.5014538, 0.5007948, 0.50151503, 0.50586957, 0.5089433, 0.5012801, 0.5032419, 0.5101726, 0.50320834, 0.50045115, 0.5111193, 0.5110799, 0.5002888, 0.5048805, 0.50389117, 0.49987033, 0.49985376, 0.5021413, 0.5002682, 0.4999398, 0.50159407, 0.5079674, 0.5033394, 0.50084263, 0.502899, 0.51001304, 0.5088871, 0.50074553, 0.5049828, 0.5069709, 0.4999869, 0.501335, 0.50385606, 0.50754654, 0.5025559, 0.500978, 0.501585, 0.5017023, 0.5000854, 0.50435954, 0.50404644, 0.5045999, 0.5022841, 0.5020654, 0.5011219, 0.5010312, 0.5005834, 0.5007375, 0.50031424, 0.5013945, 0.50015426, 0.5014946, 0.5067732, 0.5094578, 0.5014688, 0.50845087, 0.5016455, 0.505924, 0.5010964, 0.50123805, 0.5019288, 0.51293826, 0.5071018, 0.50693226, 0.509087, 0.5074143, 0.5074254, 0.507613, 0.50780624, 0.5015227, 0.50165594, 0.5018299, 0.50564176, 0.5013935, 0.50025016, 0.5008752, 0.5111415, 0.50943583, 0.50996226, 0.5056163, 0.50455177, 0.50171846, 0.51000315, 0.5116334, 0.5061988, 0.5036332, 0.50311404, 0.50326353, 0.50023174, 0.50062734, 0.50498813, 0.5039845, 0.5107359, 0.50006735, 0.5005019, 0.5092516, 0.51004773, 0.5084969, 0.50290745, 0.5019101, 0.50440234, 0.51182514, 0.5099404, 0.5024368, 0.50092226, 0.5025196, 0.5055645, 0.5065639, 0.50563335, 0.5038642, 0.50466263, 0.5049465, 0.5001193, 0.5017016, 0.50379825, 0.5001453, 0.5044423, 0.50634134, 0.51097125, 0.5131873, 0.50009716, 0.51106054, 0.50589573, 0.50301856, 0.50392556, 0.5109668, 0.51864195, 0.516894, 0.51803756, 0.5149972, 0.5149444, 0.51597685, 0.5187596, 0.5186036, 0.5182171, 0.5187268, 0.51767856, 0.516257, 0.5171101, 0.5157282, 0.5157666, 0.51568097, 0.5183519, 0.517211, 0.517415, 0.51773846, 0.5190382, 0.5177504, 0.5179219, 0.5185119, 0.5165898, 0.5182745, 0.5186529, 0.51761514, 0.515443, 0.5184159, 0.5165772, 0.51555, 0.51841897, 0.516263, 0.5174815, 0.5176372, 0.5170422, 0.51877207, 0.5171846, 0.519749, 0.51658165, 0.5162614, 0.51645947, 0.5193879, 0.51900345, 0.5162361, 0.5173413, 0.51786417, 0.5180013, 0.51298505, 0.5181196, 0.5167839, 0.51664716, 0.5166231, 0.51754063, 0.51825273, 0.51842797, 0.51607543, 0.5178057, 0.5169432, 0.5177749, 0.5197545, 0.5175093, 0.51721585, 0.51751906, 0.517184, 0.5180091, 0.51660866, 0.51831234, 0.5212429, 0.5170041, 0.51585066, 0.5177601, 0.51864755, 0.5162758, 0.516488, 0.5190399, 0.5187664, 0.5167621, 0.51793224, 0.5176819, 0.517692, 0.5155815, 0.51638854, 0.51731575, 0.5152576, 0.5185718, 0.5157487, 0.51572865, 0.51875365, 0.5194782, 0.5175064, 0.51814294, 0.51649195, 0.51897186, 0.5168146, 0.51963437, 0.51716334, 0.5176825, 0.5178028, 0.5164964, 0.5164328, 0.5179129, 0.5174775, 0.5184499, 0.5178457, 0.5166403, 0.5184656, 0.51752466, 0.51805985, 0.5185779, 0.51677966, 0.51782817, 0.51860064, 0.51773894, 0.520163, 0.51929355, 0.51953596, 0.5194843, 0.5176393, 0.5177319, 0.5190972, 0.52135825, 0.51594377, 0.51516896, 0.5196989, 0.5169975, 0.5160907, 0.5161042, 0.51899266, 0.5172085, 0.5177292, 0.51951754, 0.51749015, 0.5172174, 0.5176673, 0.5169441, 0.51908433, 0.5203966, 0.51822925, 0.51622534, 0.51755154, 0.51698744]
[0.5028563, 0.501907, 0.50172865, 0.5013383, 0.50404215, 0.50448424, 0.50416636, 0.5051804, 0.5053378, 0.5089911, 0.50663364, 0.5027764, 0.5022868, 0.5043409, 0.5010624, 0.5014091, 0.5051081, 0.5015972, 0.50587827, 0.50565666, 0.5055368, 0.5055495, 0.5033655, 0.50228465, 0.5028882, 0.504771, 0.5009991, 0.50509083, 0.50523967, 0.5093573, 0.5050728, 0.5011073, 0.5037503, 0.50127304, 0.50466514, 0.5050907, 0.50699437, 0.5041456, 0.5028709, 0.50439185, 0.5086179, 0.5020197, 0.5035218, 0.50276875, 0.50775707, 0.5094361, 0.51006866, 0.5060887, 0.50136566, 0.50144225, 0.5012146, 0.50250804, 0.50321245, 0.50729346, 0.5074224, 0.50317186, 0.5067892, 0.5036048, 0.5048233, 0.506401, 0.50442713, 0.5025467, 0.5043689, 0.5020586, 0.5032817, 0.50305593, 0.5017816, 0.50743616, 0.50673425, 0.5010623, 0.50644284, 0.50309587, 0.50344044, 0.5046943, 0.50332355, 0.50393826, 0.50444937, 0.50450444, 0.50338084, 0.50213164, 0.50148636, 0.50314504, 0.50308657, 0.5050027, 0.5034945, 0.50585425, 0.5048587, 0.5050822, 0.50223976, 0.50153285, 0.5017969, 0.505035, 0.50550514, 0.50253433, 0.5018584, 0.50153244, 0.5013056, 0.5058314, 0.5079328, 0.5022048, 0.50140536, 0.5051367, 0.5050642, 0.5066303, 0.50566876, 0.5050306, 0.50415677, 0.5015104, 0.50315386, 0.5024166, 0.50579107, 0.50508654, 0.50360996, 0.50542456, 0.5044525, 0.5012312, 0.50232434, 0.50195813, 0.50107986, 0.5010558, 0.50117016, 0.5059069, 0.5038253, 0.5015308, 0.5052938, 0.50148225, 0.5033693, 0.5058738, 0.5063146, 0.5041987, 0.5054193, 0.50439155, 0.5020662, 0.50267583, 0.5056408, 0.50906175, 0.5078332, 0.50888294, 0.5074762, 0.50777024, 0.5073909, 0.5087988, 0.50874335, 0.50876373, 0.50883603, 0.5084344, 0.50810724, 0.50848615, 0.50751436, 0.5077807, 0.50810647, 0.5089402, 0.50809014, 0.50862104, 0.5088871, 0.50929666, 0.5085339, 0.50863236, 0.5087705, 0.50810844, 0.50872207, 0.50910056, 0.50871193, 0.5079237, 0.5087497, 0.5079023, 0.5072575, 0.5088829, 0.5073166, 0.50817686, 0.5088573, 0.5084197, 0.5088044, 0.5080724, 0.5096412, 0.5081846, 0.5075835, 0.50768685, 0.5094455, 0.50929195, 0.50825363, 0.5084652, 0.50847435, 0.5084906, 0.506789, 0.50887215, 0.5082001, 0.50802755, 0.5082317, 0.50840724, 0.5092479, 0.50887936, 0.50801533, 0.5089417, 0.5082576, 0.5083293, 0.5096005, 0.50882673, 0.5086825, 0.5085402, 0.50845945, 0.5088938, 0.50811106, 0.5088232, 0.5101119, 0.50825185, 0.5079441, 0.5082615, 0.5091329, 0.50788385, 0.5078677, 0.5092862, 0.5090977, 0.5082221, 0.50884295, 0.50876564, 0.50882196, 0.50738835, 0.508258, 0.5088, 0.50705266, 0.50910354, 0.50787586, 0.5077893, 0.5089033, 0.50928754, 0.5083848, 0.5084903, 0.5083543, 0.5094004, 0.5081287, 0.50954473, 0.50803155, 0.5085731, 0.50846064, 0.5075185, 0.508052, 0.50892586, 0.508384, 0.5090538, 0.5089485, 0.5085953, 0.50891745, 0.5082089, 0.5084918, 0.5095067, 0.5083861, 0.5087542, 0.5087456, 0.5085337, 0.509767, 0.509093, 0.50931865, 0.50918454, 0.5085871, 0.5089338, 0.5092997, 0.5102491, 0.5075407, 0.50742996, 0.5097311, 0.5082629, 0.50790805, 0.50770986, 0.5092216, 0.5086344, 0.5088553, 0.50957465, 0.5086125, 0.5086227, 0.5088541, 0.5086712, 0.50938797, 0.510164, 0.508449, 0.5076724, 0.50852144, 0.50853556]
[0.49911574, 0.49901798, 0.50029314, 0.5004423, 0.49915898, 0.49936226, 0.5045056, 0.50036424, 0.5004749, 0.5012334, 0.5005892, 0.49917287, 0.5018982, 0.50668657, 0.49939966, 0.5012729, 0.50719917, 0.49930584, 0.50107354, 0.50982624, 0.5097901, 0.5004488, 0.50453025, 0.5021633, 0.49977022, 0.50047356, 0.49923554, 0.500234, 0.50011265, 0.50155526, 0.5073748, 0.4993534, 0.4999649, 0.499229, 0.5057147, 0.5067835, 0.50084245, 0.50316876, 0.50375396, 0.50015694, 0.5012185, 0.4995614, 0.50386316, 0.5003964, 0.5007749, 0.50161433, 0.5019807, 0.5005051, 0.50022525, 0.5008056, 0.5002556, 0.49911952, 0.49917495, 0.50098914, 0.50115365, 0.49897233, 0.500665, 0.49989012, 0.5000254, 0.5004207, 0.50002295, 0.50204945, 0.50613487, 0.49910906, 0.5056889, 0.49924886, 0.50129503, 0.5011648, 0.5013236, 0.4995614, 0.5114335, 0.5043828, 0.50236243, 0.5079538, 0.5041843, 0.50334996, 0.5047335, 0.5056621, 0.4996925, 0.4994665, 0.4994815, 0.5019116, 0.49922603, 0.5004946, 0.49950802, 0.50927716, 0.5075429, 0.5081204, 0.50226265, 0.50089943, 0.49925455, 0.5067001, 0.50993127, 0.5033729, 0.50109696, 0.4998046, 0.49971643, 0.500543, 0.501301, 0.5003511, 0.49937314, 0.50839305, 0.5000191, 0.50034934, 0.50717705, 0.5075427, 0.5062008, 0.5000659, 0.49956033, 0.5003163, 0.50999886, 0.50781906, 0.49962157, 0.5005603, 0.49979213, 0.5001827, 0.5026946, 0.5014997, 0.49962524, 0.50006497, 0.49992412, 0.5002051, 0.49944273, 0.5019498, 0.49997807, 0.500585, 0.5026157, 0.50848657, 0.51188517, 0.49994028, 0.5084992, 0.5026732, 0.49918777, 0.49964905, 0.50817645, 0.51808655, 0.5162504, 0.5174083, 0.5143036, 0.5139747, 0.5154404, 0.5186118, 0.5184254, 0.5174329, 0.5181169, 0.5167265, 0.5158825, 0.5163468, 0.5161002, 0.5150582, 0.51498026, 0.51787126, 0.51704895, 0.5175756, 0.51795477, 0.51892155, 0.5174475, 0.5177352, 0.51833737, 0.5163847, 0.51783824, 0.51833487, 0.51747, 0.5145871, 0.51825136, 0.51572675, 0.5138589, 0.51781744, 0.51521164, 0.516119, 0.51704067, 0.5169556, 0.51809984, 0.5165221, 0.5198304, 0.51635617, 0.5158141, 0.51577425, 0.51988286, 0.5189615, 0.5154606, 0.5168336, 0.51726997, 0.51782054, 0.51161784, 0.51715094, 0.51557934, 0.5156183, 0.5165038, 0.51719666, 0.5180368, 0.5185616, 0.51556814, 0.51781607, 0.51631564, 0.51685977, 0.5201871, 0.51756877, 0.5171582, 0.51761895, 0.5170677, 0.51815385, 0.5155449, 0.5180457, 0.521258, 0.51641244, 0.5152516, 0.5176727, 0.5187536, 0.51503694, 0.5156521, 0.5185693, 0.5184548, 0.51688635, 0.5171153, 0.5176214, 0.5169257, 0.5144774, 0.5162733, 0.5176305, 0.51367235, 0.5186009, 0.5143667, 0.51461506, 0.5181324, 0.5195513, 0.5172158, 0.5178236, 0.51657826, 0.5192754, 0.5160899, 0.5196082, 0.51642346, 0.51765406, 0.5174861, 0.51555085, 0.51574534, 0.5173749, 0.51699394, 0.5187995, 0.517275, 0.5160728, 0.5177007, 0.5176735, 0.518106, 0.5184566, 0.516458, 0.51755625, 0.51801676, 0.51716924, 0.5199372, 0.519694, 0.52022743, 0.5190072, 0.51761067, 0.51736784, 0.51911443, 0.52132124, 0.5153571, 0.5136506, 0.5194981, 0.5166146, 0.5156351, 0.515121, 0.5193775, 0.5168014, 0.517403, 0.5192884, 0.5165398, 0.51697034, 0.5170545, 0.5170587, 0.5190093, 0.5208781, 0.51844025, 0.51512265, 0.51766217, 0.5163738]
[0.5002767, 0.5013887, 0.504159, 0.50458705, 0.49929255, 0.49951506, 0.5078669, 0.5007224, 0.50024635, 0.5022182, 0.50094736, 0.5008922, 0.50555587, 0.509267, 0.50033915, 0.50213915, 0.5108008, 0.50203776, 0.501166, 0.51115626, 0.511107, 0.5004214, 0.50629425, 0.50587064, 0.49954486, 0.49984783, 0.5034697, 0.5006865, 0.49987355, 0.502496, 0.5103027, 0.5028309, 0.4998999, 0.50210685, 0.50907844, 0.5098198, 0.50143147, 0.5075508, 0.50660217, 0.500157, 0.50176895, 0.50157106, 0.5068173, 0.5011204, 0.5016309, 0.50239956, 0.50285983, 0.5010394, 0.5037768, 0.50306344, 0.50303304, 0.5017681, 0.500998, 0.50153136, 0.5017917, 0.49921754, 0.50103396, 0.49979708, 0.49936327, 0.49961507, 0.49975336, 0.50774086, 0.5089953, 0.4997716, 0.5073491, 0.50020194, 0.5036079, 0.50131154, 0.5017133, 0.5016724, 0.51368934, 0.50726485, 0.50837266, 0.5099837, 0.5070984, 0.50773805, 0.50794005, 0.5094949, 0.50045174, 0.50164133, 0.5013808, 0.50777483, 0.50137305, 0.50014615, 0.49999416, 0.5119383, 0.5103935, 0.5109809, 0.5053382, 0.5041866, 0.50047565, 0.510712, 0.5116949, 0.5050652, 0.5047426, 0.5040494, 0.5030065, 0.5006022, 0.5012834, 0.50554043, 0.5037143, 0.51079345, 0.50009274, 0.50078946, 0.51222605, 0.51078856, 0.5095509, 0.5024513, 0.4998172, 0.5012499, 0.5118336, 0.50973034, 0.50038743, 0.5000033, 0.49942917, 0.50189775, 0.5052234, 0.5048403, 0.50232685, 0.5036411, 0.50449497, 0.5001791, 0.49982136, 0.5038777, 0.49969035, 0.5024569, 0.5058352, 0.5125213, 0.5134628, 0.4997817, 0.510599, 0.50909674, 0.5056593, 0.505783, 0.5120273, 0.5193097, 0.51804376, 0.52001715, 0.516627, 0.5170329, 0.5161825, 0.518781, 0.5185079, 0.5196861, 0.5196853, 0.5188396, 0.51770115, 0.5188186, 0.51623815, 0.51731354, 0.5185203, 0.51946557, 0.5174566, 0.5187298, 0.51933116, 0.5201251, 0.51844496, 0.51877856, 0.5190159, 0.5185008, 0.51901186, 0.5199844, 0.51869625, 0.5169949, 0.5195336, 0.51763326, 0.51645464, 0.5197546, 0.51681626, 0.51841146, 0.5191652, 0.5178347, 0.5195656, 0.518027, 0.52119154, 0.51792127, 0.5168567, 0.51720434, 0.5205114, 0.5202222, 0.5175428, 0.5177946, 0.51867145, 0.51860267, 0.51518965, 0.519201, 0.5185982, 0.5173208, 0.51848465, 0.51875335, 0.52025247, 0.5195685, 0.517108, 0.5200605, 0.51814437, 0.51851916, 0.5213172, 0.51924306, 0.5192749, 0.5183314, 0.518362, 0.5188821, 0.51824486, 0.5196041, 0.5227387, 0.5186893, 0.51714355, 0.5173074, 0.52042735, 0.51700526, 0.51785976, 0.5209875, 0.5198824, 0.5176231, 0.5192818, 0.5196069, 0.5197774, 0.516142, 0.51887393, 0.5198162, 0.51574796, 0.5200872, 0.5170026, 0.517645, 0.51965815, 0.5202879, 0.51865375, 0.51872814, 0.51875246, 0.5209808, 0.5175274, 0.52137905, 0.5173977, 0.5189293, 0.51904887, 0.51666915, 0.51733196, 0.5199108, 0.51843536, 0.5203034, 0.5195958, 0.518821, 0.5196932, 0.51840734, 0.51818186, 0.52049226, 0.5180024, 0.51850873, 0.5191096, 0.51793975, 0.5215423, 0.5205779, 0.52069736, 0.52033246, 0.51930034, 0.519765, 0.52040154, 0.52315813, 0.5167459, 0.51621866, 0.52125233, 0.51858526, 0.51733476, 0.51703703, 0.5202835, 0.518818, 0.51926786, 0.5213868, 0.5191025, 0.5190655, 0.5191388, 0.51931727, 0.52035123, 0.52222943, 0.5182476, 0.5174237, 0.5179856, 0.51847595]
[0.5009558, 0.5006022, 0.5008678, 0.50120395, 0.5016256, 0.5015261, 0.50379676, 0.50344664, 0.5025424, 0.5062725, 0.5041679, 0.5004589, 0.50218827, 0.50476986, 0.5003992, 0.50063396, 0.505988, 0.50204045, 0.50338775, 0.50579685, 0.50573665, 0.5029642, 0.50343746, 0.50194865, 0.5012866, 0.502264, 0.5006468, 0.50291353, 0.5016771, 0.5065088, 0.50519633, 0.50171286, 0.50165933, 0.50146884, 0.5054324, 0.50518787, 0.50441194, 0.5032798, 0.50374013, 0.5017179, 0.5051392, 0.5013021, 0.50407284, 0.500169, 0.5055347, 0.50657415, 0.50747967, 0.50393087, 0.50180566, 0.5017518, 0.501319, 0.50086033, 0.50099385, 0.5053547, 0.5054604, 0.50091475, 0.5040187, 0.50083494, 0.500778, 0.50227004, 0.5020321, 0.5039744, 0.50530934, 0.5004379, 0.50399697, 0.5000933, 0.5018923, 0.5043213, 0.5046795, 0.50079656, 0.507282, 0.50382507, 0.503095, 0.5051705, 0.50322366, 0.50325924, 0.5038298, 0.5042703, 0.50051767, 0.500554, 0.5006324, 0.50319576, 0.50048697, 0.5034527, 0.5011152, 0.5066414, 0.50532895, 0.5055311, 0.501688, 0.50127566, 0.50022167, 0.5059123, 0.5062614, 0.5022555, 0.5011892, 0.50106657, 0.5013292, 0.50330096, 0.5045952, 0.50284344, 0.5018425, 0.50606126, 0.502643, 0.5037296, 0.5058179, 0.5057784, 0.50483036, 0.5008291, 0.50064796, 0.5012536, 0.5064389, 0.5052257, 0.50046116, 0.5030961, 0.5012835, 0.5009345, 0.50185204, 0.501839, 0.50078726, 0.5010705, 0.5008786, 0.50274134, 0.5017636, 0.50190794, 0.5018431, 0.50113714, 0.5027864, 0.506777, 0.507468, 0.5027717, 0.505868, 0.5037167, 0.5017199, 0.50231534, 0.5063599, 0.5102228, 0.5093653, 0.51030564, 0.5087407, 0.50848895, 0.508483, 0.51035976, 0.5101782, 0.5102922, 0.51037294, 0.5099561, 0.50924915, 0.5100388, 0.5087086, 0.5090025, 0.5094555, 0.51022714, 0.5095152, 0.50962484, 0.510071, 0.5105155, 0.5099359, 0.51004195, 0.5100812, 0.5096662, 0.51020324, 0.51066685, 0.5100735, 0.5086988, 0.51038826, 0.5095959, 0.5087777, 0.5108645, 0.5091804, 0.5097471, 0.5101616, 0.5094221, 0.51034176, 0.50951254, 0.51115453, 0.509221, 0.5091989, 0.5092449, 0.5112078, 0.5102029, 0.5091339, 0.5093317, 0.5095629, 0.5098682, 0.50818366, 0.5102396, 0.50956887, 0.5091478, 0.51002073, 0.50988597, 0.5104479, 0.5102145, 0.5090996, 0.5101102, 0.5096311, 0.5099381, 0.5113311, 0.51006454, 0.50985223, 0.50984496, 0.5095144, 0.50987494, 0.5095756, 0.5103789, 0.5119573, 0.5096314, 0.50891453, 0.50931233, 0.51076734, 0.50922704, 0.5093793, 0.51095104, 0.51031333, 0.509139, 0.51014656, 0.51007444, 0.5100405, 0.5087758, 0.509525, 0.50998384, 0.5083949, 0.5104257, 0.50927967, 0.50919634, 0.5105396, 0.5106734, 0.50978804, 0.51018167, 0.50984085, 0.5108885, 0.5092669, 0.5111794, 0.5091359, 0.5098506, 0.5099138, 0.5089831, 0.5092665, 0.5106661, 0.5099869, 0.5105207, 0.5102308, 0.5098737, 0.5103237, 0.50976187, 0.50961745, 0.51071846, 0.5097327, 0.50999606, 0.5101002, 0.5092518, 0.5112806, 0.510744, 0.51089495, 0.51060385, 0.51023185, 0.5104429, 0.51089346, 0.512308, 0.5084233, 0.5085081, 0.51132065, 0.50981873, 0.5092307, 0.50917256, 0.5106022, 0.5094741, 0.5099504, 0.51102895, 0.51008195, 0.51007706, 0.5098787, 0.50989383, 0.51095015, 0.51130116, 0.5102644, 0.5090163, 0.50976527, 0.50980544]
[0.50226027, 0.5029573, 0.50328, 0.5037541, 0.50150585, 0.50149244, 0.50695217, 0.50008905, 0.5007913, 0.5017551, 0.50060576, 0.5017795, 0.50439125, 0.5074207, 0.5022875, 0.5035485, 0.50897855, 0.50300026, 0.5004895, 0.5094843, 0.5092261, 0.50008756, 0.505345, 0.5040096, 0.50143707, 0.5003666, 0.50268036, 0.5000369, 0.50105786, 0.5020107, 0.50836205, 0.50356674, 0.5013575, 0.5032516, 0.50784504, 0.5077683, 0.50078773, 0.5057918, 0.5064859, 0.50033027, 0.5016378, 0.50275356, 0.5064446, 0.5020397, 0.50169474, 0.5025871, 0.5026769, 0.5006976, 0.5037551, 0.50324094, 0.5036045, 0.5016769, 0.50167453, 0.5013398, 0.5016175, 0.5015419, 0.5005861, 0.50165653, 0.50124985, 0.5002592, 0.5012359, 0.50639313, 0.50817585, 0.50201637, 0.5061667, 0.50173753, 0.5039128, 0.5014594, 0.5013225, 0.5023698, 0.5110659, 0.5057939, 0.5061422, 0.5081872, 0.5054092, 0.5060376, 0.5062509, 0.5067661, 0.50244606, 0.5026933, 0.50318176, 0.5048796, 0.5014351, 0.5003352, 0.5014506, 0.51004714, 0.50821126, 0.5091967, 0.5049575, 0.5043464, 0.5017445, 0.5089111, 0.5096799, 0.5053113, 0.5034069, 0.50395745, 0.50360554, 0.5002267, 0.50103843, 0.5051341, 0.50399953, 0.5090934, 0.50053567, 0.500714, 0.509581, 0.50867283, 0.507151, 0.50285304, 0.5016379, 0.5028774, 0.5100238, 0.50872564, 0.50207907, 0.50042534, 0.50163233, 0.5037456, 0.5048526, 0.5040297, 0.50296915, 0.50344497, 0.5031574, 0.5000553, 0.5014803, 0.504351, 0.50058573, 0.50354034, 0.50584036, 0.5099872, 0.5111813, 0.5004353, 0.50902027, 0.50722843, 0.5042622, 0.50423616, 0.5094551, 0.5148664, 0.5133884, 0.51493466, 0.5128582, 0.5128639, 0.5129218, 0.51478565, 0.5146729, 0.5147275, 0.5151099, 0.5143522, 0.51380605, 0.51420796, 0.5128023, 0.513196, 0.51380044, 0.5150594, 0.5138164, 0.5142411, 0.51498276, 0.5153926, 0.5146593, 0.5145635, 0.51467335, 0.51401913, 0.514697, 0.51505417, 0.5143759, 0.51309425, 0.5149563, 0.51376617, 0.51276445, 0.5149839, 0.5131186, 0.5141105, 0.5144996, 0.51363546, 0.5150389, 0.51376283, 0.5160325, 0.51353645, 0.5131166, 0.513275, 0.5157281, 0.51488036, 0.5136181, 0.5139111, 0.5143446, 0.5143527, 0.5118067, 0.5148381, 0.5137737, 0.51355803, 0.5141517, 0.5142419, 0.51529723, 0.51504624, 0.513106, 0.5146131, 0.5141239, 0.5141326, 0.5161327, 0.5146109, 0.514213, 0.51441044, 0.51399994, 0.51457775, 0.514103, 0.51501906, 0.5169739, 0.51410836, 0.51357484, 0.5137278, 0.5152965, 0.5132354, 0.51339936, 0.515789, 0.51498395, 0.51339096, 0.51481676, 0.51473325, 0.5145928, 0.51278204, 0.5140334, 0.51463974, 0.51214033, 0.51497316, 0.5134024, 0.51340497, 0.51508945, 0.5154272, 0.51411444, 0.51444054, 0.5140312, 0.5157043, 0.51353484, 0.5160456, 0.51336175, 0.5146336, 0.5145982, 0.5132957, 0.5134006, 0.5150395, 0.51418376, 0.51523405, 0.51466554, 0.5141635, 0.51493007, 0.51420933, 0.5139637, 0.51567644, 0.5140097, 0.5145325, 0.51479983, 0.51427317, 0.5160197, 0.51513827, 0.5155556, 0.5153398, 0.51454383, 0.5148426, 0.51562214, 0.5173328, 0.51309216, 0.51239294, 0.51608723, 0.51393515, 0.5133632, 0.513138, 0.515455, 0.51398265, 0.5146276, 0.5157196, 0.5144237, 0.51442546, 0.51443875, 0.5141831, 0.51554596, 0.5167132, 0.51460147, 0.5129587, 0.5141896, 0.51392174]
[0.50003237, 0.5013674, 0.5023791, 0.50346315, 0.5000775, 0.5007511, 0.5096798, 0.5001808, 0.5002553, 0.501626, 0.5008775, 0.49955955, 0.50465393, 0.5096612, 0.49930644, 0.50276953, 0.51211536, 0.5013964, 0.5009366, 0.51289785, 0.5125699, 0.5008777, 0.50370234, 0.50156313, 0.5000627, 0.50037897, 0.49930373, 0.50040346, 0.4992735, 0.50179446, 0.50707793, 0.5017724, 0.4996525, 0.5014363, 0.5113937, 0.51078105, 0.50112677, 0.50538605, 0.5092264, 0.49970227, 0.5016381, 0.50146043, 0.50867146, 0.5005741, 0.50159246, 0.50221807, 0.50223744, 0.5005427, 0.5015928, 0.50219005, 0.50095224, 0.4996023, 0.49932405, 0.5012014, 0.50135773, 0.4992986, 0.50095546, 0.4996904, 0.49910906, 0.49967632, 0.4999522, 0.50814444, 0.5115335, 0.49939668, 0.5099695, 0.4994476, 0.50552577, 0.501625, 0.50138146, 0.4991901, 0.51534957, 0.5073647, 0.5068562, 0.51115626, 0.509485, 0.5091533, 0.50913423, 0.5079024, 0.49911347, 0.49938634, 0.4994045, 0.50398916, 0.49973574, 0.5005381, 0.49982804, 0.5134837, 0.5097955, 0.5110013, 0.50669754, 0.5051648, 0.49961585, 0.510364, 0.51279247, 0.5052455, 0.4995755, 0.50228786, 0.5030549, 0.50056255, 0.50106615, 0.5059323, 0.5038598, 0.5132926, 0.50038826, 0.5009216, 0.5115106, 0.5116774, 0.50995636, 0.5010713, 0.5000253, 0.5017052, 0.5136228, 0.51129925, 0.4992063, 0.5001077, 0.4994469, 0.5020202, 0.5035593, 0.50253654, 0.5004718, 0.501365, 0.5007523, 0.5000245, 0.49954396, 0.50571966, 0.49997658, 0.50252384, 0.5069676, 0.5140277, 0.51539826, 0.4999761, 0.51265043, 0.5040407, 0.4998172, 0.49962512, 0.5105763, 0.52231514, 0.5199729, 0.5217262, 0.5187741, 0.5176351, 0.5193409, 0.52264357, 0.52215064, 0.5222471, 0.52290434, 0.52147985, 0.5201182, 0.5211562, 0.5196706, 0.5190088, 0.51805335, 0.5227673, 0.5213591, 0.5216037, 0.5211732, 0.5232763, 0.52165633, 0.52184325, 0.52262306, 0.51991886, 0.52226436, 0.5227632, 0.5217231, 0.51833934, 0.52272224, 0.520353, 0.5183723, 0.52258474, 0.52007854, 0.5207251, 0.5214539, 0.52025354, 0.52292013, 0.52047366, 0.5246874, 0.5198278, 0.5202108, 0.5199358, 0.5238035, 0.5230161, 0.5187752, 0.5208226, 0.5210333, 0.5213422, 0.5149889, 0.5221211, 0.51963675, 0.51985556, 0.5203654, 0.521235, 0.5219352, 0.5230032, 0.5189076, 0.5209802, 0.52028966, 0.5212257, 0.52430594, 0.5209617, 0.5203404, 0.521895, 0.5201126, 0.5215005, 0.5201636, 0.52151084, 0.52649784, 0.52038133, 0.5193323, 0.5218019, 0.52289015, 0.51882523, 0.5197466, 0.5236147, 0.5231299, 0.5206638, 0.52182174, 0.52081513, 0.52073944, 0.5190451, 0.51990527, 0.5210828, 0.5186341, 0.5231003, 0.5191545, 0.5187513, 0.5230241, 0.523355, 0.52118105, 0.5226527, 0.51966363, 0.52291596, 0.5204071, 0.5245246, 0.52088493, 0.52181906, 0.5217575, 0.52070355, 0.5198324, 0.52152675, 0.52143, 0.52294636, 0.5216575, 0.52036107, 0.5221461, 0.5213187, 0.52153546, 0.522149, 0.5202264, 0.5217451, 0.52284145, 0.52120006, 0.52424705, 0.5232862, 0.523319, 0.5239545, 0.52147585, 0.5218946, 0.5238843, 0.5264444, 0.51904315, 0.517837, 0.52434105, 0.5206329, 0.51907754, 0.5190918, 0.5236419, 0.51989526, 0.5201962, 0.5233057, 0.52096426, 0.5207721, 0.52091664, 0.5201082, 0.5237448, 0.5246363, 0.5225026, 0.51810616, 0.52170616, 0.52023214]
[0.50022197, 0.49942678, 0.5005282, 0.5002994, 0.5001274, 0.50028574, 0.5036102, 0.5009695, 0.5012452, 0.5028478, 0.50177324, 0.49939835, 0.50095016, 0.5037146, 0.5006994, 0.5003768, 0.50449926, 0.49946532, 0.50071734, 0.5055534, 0.5056958, 0.5009404, 0.50314635, 0.50186294, 0.499228, 0.5000925, 0.5001343, 0.5006082, 0.5008997, 0.5025866, 0.504543, 0.5000244, 0.5005589, 0.49955246, 0.5035036, 0.50442016, 0.50175256, 0.50267446, 0.5019833, 0.49993777, 0.5021248, 0.49980316, 0.50238454, 0.50002384, 0.5010041, 0.50183487, 0.50198835, 0.49929687, 0.50026524, 0.4999624, 0.50002337, 0.49962378, 0.49958953, 0.5017795, 0.501749, 0.4998832, 0.50084347, 0.49901164, 0.5008383, 0.50132567, 0.5008468, 0.5010619, 0.5031552, 0.499516, 0.5025214, 0.49925926, 0.5008792, 0.5016434, 0.5018488, 0.49913788, 0.50652385, 0.5023138, 0.5022051, 0.5041455, 0.502018, 0.50319946, 0.503103, 0.50389403, 0.50035626, 0.50045526, 0.49970967, 0.50063956, 0.50103587, 0.50154495, 0.5001894, 0.5057591, 0.5044212, 0.50494754, 0.5009563, 0.50019854, 0.4999068, 0.5044014, 0.5056336, 0.50109166, 0.50095683, 0.5007179, 0.499714, 0.50136274, 0.50192416, 0.5001282, 0.49963525, 0.5051695, 0.50109524, 0.50119495, 0.5053357, 0.5040124, 0.50288934, 0.50038135, 0.49961323, 0.4997517, 0.5056366, 0.5044367, 0.5000244, 0.5010335, 0.49952564, 0.50015783, 0.50052524, 0.5002705, 0.4996387, 0.49977842, 0.49991703, 0.5005916, 0.5002021, 0.5002126, 0.5006172, 0.5003121, 0.5017354, 0.5052475, 0.50672483, 0.50038236, 0.50522697, 0.50302935, 0.5005756, 0.50106937, 0.50510263, 0.5100923, 0.50853795, 0.5095198, 0.50777656, 0.50816387, 0.50802016, 0.50991756, 0.50966114, 0.5093412, 0.5100363, 0.50944704, 0.5089163, 0.50908923, 0.50851357, 0.5083668, 0.5084127, 0.5099016, 0.5089782, 0.50984997, 0.5099674, 0.51036763, 0.5093533, 0.50955683, 0.5100083, 0.5088244, 0.5095988, 0.50991946, 0.50961995, 0.5084744, 0.5099007, 0.5085003, 0.5076738, 0.5096714, 0.50802934, 0.50902194, 0.50962263, 0.5092037, 0.5099469, 0.508921, 0.51096296, 0.5087821, 0.5082661, 0.50836, 0.51042795, 0.5102276, 0.5086231, 0.5091648, 0.5092528, 0.509501, 0.50679797, 0.50969696, 0.5083937, 0.5087706, 0.50896084, 0.5093743, 0.5101548, 0.51014644, 0.50850034, 0.50974953, 0.5088743, 0.50905526, 0.5110023, 0.50965744, 0.5095933, 0.5095959, 0.50935245, 0.509986, 0.5086848, 0.50954145, 0.5116261, 0.5089029, 0.50839186, 0.50934756, 0.51012194, 0.50850713, 0.5086843, 0.50993675, 0.5101195, 0.5090776, 0.5096534, 0.5096013, 0.50970495, 0.5079903, 0.5090722, 0.50991195, 0.507613, 0.5102305, 0.5083018, 0.50834256, 0.5096713, 0.51034796, 0.50924695, 0.5095033, 0.50912905, 0.51021326, 0.50880545, 0.51061726, 0.50884324, 0.50973016, 0.5093442, 0.5082268, 0.5086263, 0.5096369, 0.50934345, 0.5103664, 0.5097595, 0.50906813, 0.5100156, 0.5091566, 0.50980103, 0.51030695, 0.5090643, 0.50963223, 0.5100662, 0.5093988, 0.5110378, 0.51033324, 0.510768, 0.51032954, 0.5097333, 0.5097927, 0.5105228, 0.51160485, 0.50823116, 0.5078021, 0.5107217, 0.50891155, 0.50871634, 0.50827986, 0.510451, 0.5094506, 0.50958085, 0.5106875, 0.5092105, 0.50952494, 0.50948614, 0.5095885, 0.51024884, 0.51127476, 0.50970155, 0.5084163, 0.5093676, 0.509174]
[0.5010266, 0.5012678, 0.5022691, 0.5015232, 0.5022998, 0.5030498, 0.5050637, 0.5034034, 0.50250417, 0.50701123, 0.50521696, 0.50075114, 0.50351554, 0.50593936, 0.5013025, 0.5015411, 0.506363, 0.50115246, 0.5037836, 0.50726575, 0.50698876, 0.5027163, 0.5035281, 0.50277877, 0.5011807, 0.50193393, 0.50090957, 0.5029151, 0.5025028, 0.50719357, 0.50600904, 0.5023008, 0.50087804, 0.50189924, 0.50585645, 0.5058923, 0.5046606, 0.50367564, 0.5041556, 0.5019533, 0.5062442, 0.50120544, 0.5045453, 0.5008939, 0.5054024, 0.506804, 0.5072789, 0.50357145, 0.5018767, 0.501744, 0.50151825, 0.50098884, 0.5010971, 0.5059429, 0.5057961, 0.50181264, 0.50460875, 0.50098854, 0.50138676, 0.5028678, 0.5022971, 0.50409395, 0.50544786, 0.5009075, 0.50389075, 0.5008585, 0.5023843, 0.5048669, 0.504988, 0.5016305, 0.50835127, 0.50386304, 0.50403243, 0.50555336, 0.5043874, 0.5042618, 0.50467336, 0.5052633, 0.50059056, 0.50069165, 0.5011647, 0.50324494, 0.50088197, 0.5037125, 0.5009395, 0.5075817, 0.50652343, 0.5068914, 0.50278676, 0.5020425, 0.5014918, 0.5065802, 0.50731045, 0.5032603, 0.50232446, 0.50243944, 0.5014433, 0.50381976, 0.50482905, 0.5033577, 0.50201327, 0.5066291, 0.5026351, 0.50432545, 0.50692594, 0.5065351, 0.5052509, 0.50226194, 0.50172085, 0.5009444, 0.50735885, 0.50588846, 0.50068665, 0.5020209, 0.5006436, 0.5021103, 0.5036986, 0.5026106, 0.5015581, 0.5019571, 0.5013117, 0.5031559, 0.5018704, 0.5023881, 0.5029239, 0.50179684, 0.5037113, 0.50732225, 0.50794756, 0.50266457, 0.5071602, 0.50482726, 0.503258, 0.5038921, 0.5076725, 0.5114965, 0.51010543, 0.51170105, 0.509659, 0.50961274, 0.50960195, 0.5114699, 0.51129764, 0.5115199, 0.51155263, 0.5110637, 0.51047915, 0.5111044, 0.5094618, 0.5100144, 0.510553, 0.5114181, 0.5102333, 0.5107422, 0.51147604, 0.5117146, 0.51077515, 0.51126206, 0.51141477, 0.51063067, 0.51136357, 0.5117958, 0.5111168, 0.5101741, 0.5115425, 0.51040214, 0.50954854, 0.5115216, 0.50975335, 0.51091135, 0.5113451, 0.51058906, 0.5116568, 0.5107779, 0.5123224, 0.5103852, 0.5099531, 0.51003826, 0.51242316, 0.5115266, 0.5101942, 0.5109795, 0.5112248, 0.51109016, 0.50844854, 0.51131135, 0.5107143, 0.50999653, 0.51093036, 0.51102626, 0.51174307, 0.5112693, 0.51009595, 0.51155627, 0.5105574, 0.5109845, 0.51255834, 0.5113329, 0.5112941, 0.5111072, 0.51082814, 0.51133263, 0.51044375, 0.5111059, 0.5132731, 0.5106984, 0.51000965, 0.51057875, 0.51183003, 0.510141, 0.51049393, 0.51213914, 0.5116942, 0.510269, 0.5113012, 0.51155204, 0.5113947, 0.5096478, 0.5106989, 0.51114386, 0.50911117, 0.5114028, 0.5098448, 0.51031154, 0.51180226, 0.5120826, 0.51060444, 0.5110237, 0.5106751, 0.5121365, 0.5101695, 0.51241547, 0.51045126, 0.5110031, 0.51102763, 0.509981, 0.51000404, 0.5116411, 0.5109698, 0.5118252, 0.5115917, 0.51106364, 0.5115855, 0.51071656, 0.51091224, 0.51197475, 0.51072717, 0.51129574, 0.5115017, 0.5109029, 0.5126036, 0.5116979, 0.5121882, 0.51180226, 0.5112577, 0.5112798, 0.51183087, 0.513483, 0.5098028, 0.5093808, 0.51242673, 0.510671, 0.5101372, 0.5099722, 0.5117693, 0.5111473, 0.51133937, 0.5123242, 0.5106977, 0.5110219, 0.5113293, 0.5109925, 0.51204985, 0.5129051, 0.5109089, 0.51002896, 0.51068854, 0.51106364]
[0.49956965, 0.5000563, 0.50159615, 0.50220615, 0.4998906, 0.49971697, 0.506678, 0.50192046, 0.5019915, 0.5037364, 0.5024694, 0.4999011, 0.5031711, 0.50743335, 0.50005805, 0.50219643, 0.50775236, 0.49974132, 0.5028852, 0.5094407, 0.50948375, 0.5012276, 0.5063996, 0.5052481, 0.50065273, 0.5013343, 0.4995687, 0.50142395, 0.5009456, 0.50378793, 0.5077816, 0.49993634, 0.5000959, 0.49974388, 0.5067795, 0.5076179, 0.5024504, 0.50330013, 0.5052917, 0.5004769, 0.5032413, 0.50129193, 0.50589913, 0.5015962, 0.50180227, 0.50315243, 0.5034965, 0.5005191, 0.5013549, 0.50168014, 0.50096655, 0.49994075, 0.49966228, 0.5026916, 0.5028886, 0.49976456, 0.50198334, 0.500144, 0.50083, 0.5017887, 0.50088537, 0.5027327, 0.5063971, 0.49958697, 0.50619787, 0.49988666, 0.50288475, 0.50302994, 0.5030872, 0.49970472, 0.50947475, 0.5049784, 0.5026934, 0.5073017, 0.505346, 0.50547934, 0.5057776, 0.5064319, 0.50007546, 0.50043476, 0.49977165, 0.5011042, 0.5002238, 0.5019057, 0.50002, 0.50884116, 0.5080905, 0.5080121, 0.5030017, 0.5017278, 0.5002906, 0.50778425, 0.50934315, 0.50267565, 0.5012152, 0.5013741, 0.49970615, 0.5018726, 0.50276005, 0.50114757, 0.5009232, 0.5088992, 0.5015233, 0.50181407, 0.50759524, 0.50758016, 0.5066112, 0.50125235, 0.4999962, 0.50094, 0.50935584, 0.50783724, 0.5003121, 0.50155467, 0.50017107, 0.50171006, 0.50275695, 0.50186497, 0.5002328, 0.50040317, 0.5006763, 0.5012353, 0.49977216, 0.5026027, 0.50077224, 0.5022091, 0.50490576, 0.5082493, 0.5103109, 0.5009515, 0.5088743, 0.5023207, 0.49958372, 0.50191, 0.5088387, 0.51494455, 0.512737, 0.5140842, 0.5117673, 0.51153845, 0.512518, 0.5155512, 0.5149468, 0.51429784, 0.51490307, 0.5139318, 0.5129807, 0.51331544, 0.5134126, 0.512635, 0.5126454, 0.5147919, 0.5134178, 0.51455754, 0.5145146, 0.5154612, 0.51422113, 0.5146225, 0.51529235, 0.5130413, 0.5145695, 0.51487404, 0.5144012, 0.512357, 0.5147826, 0.51268554, 0.51125073, 0.5141376, 0.5120506, 0.5134751, 0.5140822, 0.5143011, 0.51462257, 0.5137649, 0.51608163, 0.5135479, 0.5128244, 0.5127082, 0.51584226, 0.51541305, 0.5130927, 0.51420975, 0.5143092, 0.51467544, 0.50978816, 0.5142928, 0.5127967, 0.512935, 0.5136705, 0.51404244, 0.5146154, 0.5149752, 0.5129341, 0.5143812, 0.51335967, 0.5140201, 0.5161528, 0.5145825, 0.5140732, 0.5144431, 0.5143041, 0.51512164, 0.51273024, 0.5145431, 0.5171141, 0.51329404, 0.5126081, 0.51460594, 0.5147474, 0.51280177, 0.51282877, 0.5147036, 0.51511407, 0.51390976, 0.5141233, 0.5139175, 0.514283, 0.5124529, 0.5130475, 0.5145651, 0.51146275, 0.5150491, 0.5118436, 0.5120525, 0.51460683, 0.51618165, 0.51406664, 0.5143471, 0.5133465, 0.5152585, 0.5130787, 0.51573235, 0.5131925, 0.51422244, 0.51385367, 0.5125634, 0.5131202, 0.51405734, 0.5136041, 0.5150576, 0.5143844, 0.51355076, 0.51478696, 0.5141658, 0.5152726, 0.5152494, 0.51373196, 0.51478, 0.5149641, 0.5141057, 0.5164585, 0.51587397, 0.51627004, 0.5161112, 0.51433843, 0.5140532, 0.5156288, 0.51710176, 0.5125726, 0.51158994, 0.515946, 0.5133277, 0.51274896, 0.51231986, 0.51568, 0.5142461, 0.51424366, 0.5160401, 0.5137701, 0.51395655, 0.5143221, 0.51377404, 0.5155611, 0.51671547, 0.5147604, 0.5128736, 0.51459104, 0.51403767]
[0.5017257, 0.50031877, 0.5012791, 0.502621, 0.49996865, 0.5001866, 0.5085775, 0.50426996, 0.50331926, 0.5061297, 0.5046507, 0.5000386, 0.50381935, 0.509402, 0.5012277, 0.5024105, 0.5100856, 0.5003131, 0.50544965, 0.5120588, 0.5120278, 0.5039107, 0.5037683, 0.5034266, 0.5027228, 0.5033112, 0.50074893, 0.50339895, 0.5024307, 0.50732493, 0.50781715, 0.5001885, 0.50189245, 0.5008403, 0.5092849, 0.50959426, 0.5049047, 0.5059373, 0.50573033, 0.5025021, 0.50593907, 0.50002235, 0.50540924, 0.501356, 0.5049875, 0.5065352, 0.5073261, 0.5033829, 0.50194484, 0.5017741, 0.5009262, 0.5011313, 0.50113267, 0.5061691, 0.5059585, 0.5013131, 0.5040825, 0.50192857, 0.50105906, 0.50150716, 0.50235516, 0.5029363, 0.50844914, 0.49991453, 0.5058908, 0.4997935, 0.50322276, 0.50535786, 0.5066369, 0.5014744, 0.5144588, 0.5057167, 0.5060001, 0.50981045, 0.50709075, 0.5068933, 0.5072334, 0.5091982, 0.5016923, 0.5016256, 0.5007274, 0.50340927, 0.5011768, 0.50361055, 0.50183976, 0.511871, 0.51065123, 0.51023024, 0.50409466, 0.50305915, 0.5011639, 0.5090796, 0.5123005, 0.5048722, 0.5008118, 0.5014315, 0.49997425, 0.5044279, 0.5052282, 0.5027345, 0.5015822, 0.5116611, 0.50255454, 0.5033543, 0.5108459, 0.5107625, 0.50931597, 0.5010363, 0.50113696, 0.5003381, 0.5126961, 0.51007706, 0.5001736, 0.50321215, 0.5008676, 0.5013075, 0.50463593, 0.50286555, 0.50051826, 0.5011748, 0.50178117, 0.50254005, 0.50015134, 0.5034209, 0.50195783, 0.50081897, 0.5042245, 0.51202315, 0.51482373, 0.5025339, 0.5117846, 0.5045368, 0.50174475, 0.5007784, 0.510917, 0.52270716, 0.52001697, 0.52256906, 0.5179666, 0.5177998, 0.51938117, 0.5227364, 0.52230287, 0.52246976, 0.5227574, 0.521568, 0.5197045, 0.5208748, 0.5188846, 0.51949537, 0.51841724, 0.52220577, 0.5207342, 0.52147645, 0.5212969, 0.52333057, 0.5209484, 0.52140236, 0.5223209, 0.52031857, 0.5219899, 0.52331525, 0.5224438, 0.51853734, 0.5223801, 0.52034587, 0.5188053, 0.52191746, 0.5189771, 0.5206904, 0.52204055, 0.5201298, 0.5229102, 0.5208589, 0.5244248, 0.52029836, 0.5191752, 0.51912415, 0.52379775, 0.52356464, 0.5191923, 0.5208103, 0.52162707, 0.5219066, 0.51468754, 0.52196, 0.5202364, 0.5198017, 0.5203923, 0.52138513, 0.52182627, 0.5224238, 0.5193741, 0.52237016, 0.52059495, 0.5214221, 0.52374333, 0.52136135, 0.5210988, 0.5218415, 0.5209805, 0.5218615, 0.5195525, 0.5216267, 0.5261974, 0.5206355, 0.51921195, 0.5215948, 0.52291447, 0.5194409, 0.52012193, 0.5240354, 0.52322793, 0.52065504, 0.52140427, 0.5210069, 0.52209204, 0.51871777, 0.5203004, 0.5213698, 0.51746595, 0.52317405, 0.51875114, 0.51778775, 0.52307093, 0.5241315, 0.5207009, 0.52184325, 0.5198139, 0.5235402, 0.520254, 0.5236981, 0.5199173, 0.52189296, 0.52194643, 0.5195786, 0.519516, 0.5222515, 0.52167535, 0.5233806, 0.52179825, 0.5203885, 0.52261245, 0.521607, 0.52213126, 0.5223132, 0.5199961, 0.5215297, 0.5221521, 0.5215564, 0.524862, 0.52413094, 0.52432036, 0.52395076, 0.52236056, 0.5218415, 0.52352935, 0.5264427, 0.5195195, 0.51766247, 0.5244375, 0.5204511, 0.51949906, 0.51904696, 0.52367705, 0.52116096, 0.52085245, 0.5236961, 0.5202754, 0.5209872, 0.52085537, 0.52103025, 0.5239362, 0.52494794, 0.5217343, 0.5194473, 0.52073574, 0.5210033]
[0.5028506, 0.5021044, 0.50170714, 0.50139594, 0.5029684, 0.50324273, 0.50228626, 0.5058771, 0.50539804, 0.5075709, 0.5056236, 0.5030336, 0.5008523, 0.50257534, 0.50352436, 0.5015808, 0.5050851, 0.50260127, 0.50671375, 0.5059754, 0.50545603, 0.50572085, 0.5005971, 0.5012367, 0.5045562, 0.5053518, 0.5030821, 0.5051305, 0.50432694, 0.5084882, 0.5032473, 0.5016144, 0.5040655, 0.50200194, 0.50296193, 0.50334936, 0.5063113, 0.50040394, 0.5021895, 0.5045648, 0.5082114, 0.5027225, 0.50156975, 0.50281453, 0.5078306, 0.5089507, 0.5094851, 0.5066158, 0.5019176, 0.5017896, 0.50204706, 0.5035484, 0.50315887, 0.50735605, 0.5075972, 0.5041602, 0.50681436, 0.5043781, 0.50471604, 0.5051138, 0.5039498, 0.5025108, 0.5044468, 0.5036158, 0.5025782, 0.5031595, 0.5010465, 0.507162, 0.5078741, 0.5040352, 0.5081389, 0.5013923, 0.501475, 0.5040089, 0.50097185, 0.50113434, 0.5011914, 0.5020673, 0.5032261, 0.50355303, 0.5031719, 0.50049835, 0.50322473, 0.50533515, 0.5039272, 0.5067806, 0.5034321, 0.5048068, 0.5002861, 0.5012605, 0.504157, 0.50430095, 0.5065078, 0.5001081, 0.5026038, 0.50193894, 0.5014542, 0.50593895, 0.5069683, 0.5000665, 0.5010982, 0.5054304, 0.5048526, 0.505697, 0.50468206, 0.50477093, 0.50291806, 0.50304264, 0.5045405, 0.50201124, 0.50656414, 0.5044816, 0.50366986, 0.5053199, 0.5037448, 0.5024588, 0.50082916, 0.5017703, 0.5030566, 0.5026204, 0.5027662, 0.5044732, 0.5036648, 0.500455, 0.5044789, 0.50209713, 0.50036895, 0.5063191, 0.5081104, 0.50471824, 0.5053026, 0.5004769, 0.50220454, 0.5031228, 0.5036027, 0.5127194, 0.5113972, 0.51242787, 0.5105952, 0.509902, 0.5106032, 0.51254797, 0.5128862, 0.5123161, 0.5125084, 0.5114955, 0.5109854, 0.5117154, 0.51074046, 0.5107972, 0.5105086, 0.51247674, 0.5118156, 0.5120607, 0.51228994, 0.513296, 0.51225656, 0.5123273, 0.51232815, 0.5116395, 0.51233363, 0.5127289, 0.5120732, 0.5099948, 0.512691, 0.5112034, 0.5102226, 0.512972, 0.51104236, 0.5115669, 0.5120957, 0.51096684, 0.5127223, 0.51135266, 0.5140068, 0.5109291, 0.5107977, 0.51089716, 0.5133002, 0.5127399, 0.5108147, 0.5113686, 0.5118743, 0.51214737, 0.50832015, 0.5124024, 0.5109256, 0.5110505, 0.5115349, 0.5119417, 0.5126838, 0.5129061, 0.51035553, 0.51183575, 0.51150703, 0.511959, 0.51410466, 0.51204926, 0.51162064, 0.5121141, 0.51096755, 0.5117561, 0.5111359, 0.51266176, 0.5152445, 0.5114993, 0.5106383, 0.5117513, 0.5130472, 0.51034826, 0.51076764, 0.51337314, 0.5127523, 0.5111979, 0.5121868, 0.5122336, 0.51168513, 0.5101792, 0.511824, 0.51219004, 0.50968355, 0.5128567, 0.51064265, 0.51031846, 0.5134006, 0.51325357, 0.5115134, 0.5125698, 0.51105195, 0.5133981, 0.5112608, 0.5143832, 0.51156515, 0.5124089, 0.51256216, 0.5109815, 0.5109691, 0.51240176, 0.5117108, 0.5130028, 0.51217645, 0.51135236, 0.5125294, 0.5120658, 0.5116359, 0.5129116, 0.51129746, 0.51205415, 0.5127597, 0.5115892, 0.5139329, 0.5131603, 0.51331407, 0.5131445, 0.5122164, 0.51236314, 0.51347655, 0.5153503, 0.5104436, 0.5095519, 0.5136478, 0.51140255, 0.51076937, 0.51059765, 0.5132967, 0.5109974, 0.51176435, 0.51330894, 0.51160914, 0.5119052, 0.5117482, 0.5116125, 0.51310337, 0.5142434, 0.51267254, 0.5105236, 0.51189077, 0.5109854]
[0.5003108, 0.50176203, 0.50184083, 0.5033013, 0.5004764, 0.50057554, 0.50549126, 0.50131166, 0.50082576, 0.5033612, 0.5019702, 0.5014058, 0.50291044, 0.50563806, 0.5006193, 0.5024133, 0.5072935, 0.50136465, 0.50189126, 0.507396, 0.50749695, 0.50134456, 0.50377804, 0.5025834, 0.50071526, 0.5008209, 0.5010549, 0.5013198, 0.50051343, 0.5033548, 0.5067931, 0.50239325, 0.5006341, 0.5015208, 0.5055126, 0.50598836, 0.5020878, 0.5035852, 0.5049677, 0.5005732, 0.5026009, 0.50147486, 0.50481546, 0.50107145, 0.5027163, 0.5034341, 0.50359875, 0.50151336, 0.5021947, 0.5026304, 0.5017628, 0.5007053, 0.5006231, 0.50273293, 0.50294334, 0.5002715, 0.5018958, 0.5004438, 0.5003013, 0.5009012, 0.5008176, 0.50490534, 0.5057285, 0.5008838, 0.50451297, 0.501297, 0.50247025, 0.5026473, 0.50270134, 0.5010933, 0.5087111, 0.5042326, 0.5050002, 0.50669885, 0.5042166, 0.50426036, 0.50445616, 0.5053604, 0.500445, 0.50045776, 0.5014584, 0.50310725, 0.50061387, 0.5015306, 0.50047636, 0.5081153, 0.50673246, 0.50694287, 0.50368845, 0.5029215, 0.50132656, 0.50667477, 0.50812334, 0.503333, 0.5024695, 0.50236166, 0.50201195, 0.50157833, 0.50216854, 0.5038042, 0.50243807, 0.5071895, 0.5009522, 0.50183076, 0.50767696, 0.5069604, 0.50601, 0.501762, 0.500177, 0.5012018, 0.50817126, 0.50663495, 0.500645, 0.50077504, 0.5010291, 0.5025924, 0.5037564, 0.5031179, 0.5013711, 0.5013895, 0.5014778, 0.5012364, 0.50041735, 0.5035633, 0.50067514, 0.5015235, 0.5035613, 0.5083629, 0.50897676, 0.5013583, 0.50713974, 0.5049763, 0.5027064, 0.50311965, 0.50787634, 0.51322764, 0.5118788, 0.5131604, 0.5113055, 0.5109241, 0.5111592, 0.51344305, 0.51357543, 0.5128375, 0.51310474, 0.5123319, 0.51163083, 0.5123285, 0.51125073, 0.5114169, 0.5122096, 0.5132614, 0.51186746, 0.5126708, 0.5131544, 0.51383793, 0.51273656, 0.5129054, 0.51295406, 0.51211107, 0.5128923, 0.5132493, 0.5128533, 0.5114798, 0.5129215, 0.5116042, 0.5105849, 0.51318467, 0.5110182, 0.51239306, 0.5129198, 0.51208776, 0.512877, 0.51210785, 0.51397806, 0.5120795, 0.5114691, 0.5116146, 0.51403916, 0.5139726, 0.5118993, 0.512696, 0.5128703, 0.5130538, 0.5094847, 0.51311064, 0.51221997, 0.5117219, 0.5125374, 0.5122489, 0.5134563, 0.51325154, 0.5109471, 0.5130381, 0.51247734, 0.5127401, 0.5142802, 0.5126265, 0.5125351, 0.5129243, 0.5121265, 0.51260287, 0.5121557, 0.51325697, 0.5152145, 0.51249886, 0.51148385, 0.51212597, 0.51371574, 0.5115719, 0.51163894, 0.5139679, 0.5132347, 0.51191694, 0.5127932, 0.51286966, 0.5128329, 0.5107281, 0.5121186, 0.513101, 0.5100304, 0.5133768, 0.51160973, 0.5111604, 0.51366156, 0.51413256, 0.51214653, 0.51274544, 0.5119562, 0.5138841, 0.5120174, 0.51425415, 0.5116649, 0.51264703, 0.51268816, 0.51126033, 0.5117555, 0.5133211, 0.5120706, 0.5136066, 0.513042, 0.51243645, 0.51309526, 0.5127104, 0.5124884, 0.51385534, 0.5120492, 0.5131813, 0.5131763, 0.51230776, 0.51430804, 0.5137101, 0.5139751, 0.5136211, 0.5128812, 0.5129024, 0.5136174, 0.51531774, 0.5112184, 0.51075345, 0.5141372, 0.51212305, 0.5114371, 0.51119846, 0.51388466, 0.5124597, 0.51302224, 0.51384974, 0.51254123, 0.51276726, 0.51270825, 0.51257414, 0.5138599, 0.51461834, 0.5126093, 0.5119076, 0.5129044, 0.5121079]
[0.49945414, 0.50008994, 0.5005547, 0.5021451, 0.49975026, 0.4997074, 0.50641304, 0.5013747, 0.5011228, 0.5027844, 0.5018346, 0.49955258, 0.5016658, 0.50636435, 0.4996309, 0.50095385, 0.50749826, 0.49965173, 0.5022185, 0.5083983, 0.5085505, 0.501705, 0.50476325, 0.5039432, 0.5004428, 0.5011193, 0.4995411, 0.5009964, 0.50077295, 0.50310993, 0.5067963, 0.4996071, 0.5008227, 0.49956468, 0.5059581, 0.5067319, 0.502219, 0.50146025, 0.5041221, 0.50102156, 0.5028079, 0.49988446, 0.50454354, 0.50053144, 0.502281, 0.5032755, 0.50345963, 0.5014384, 0.5008801, 0.5006422, 0.50093687, 0.49995637, 0.49952993, 0.5022643, 0.50273556, 0.49988857, 0.50211, 0.5007771, 0.5005811, 0.5011439, 0.5006021, 0.5025958, 0.5064199, 0.49999076, 0.5058491, 0.49998772, 0.5014889, 0.50271565, 0.5024705, 0.49980742, 0.50987405, 0.5042837, 0.5034381, 0.5071733, 0.5034968, 0.5048487, 0.5049159, 0.50622195, 0.49967757, 0.50004816, 0.49945605, 0.5021575, 0.49987665, 0.5010831, 0.5003169, 0.5085852, 0.5077341, 0.50727624, 0.5027436, 0.5019345, 0.50002426, 0.50726664, 0.5090629, 0.5026, 0.5002423, 0.5010935, 0.4998683, 0.50177604, 0.5022602, 0.5015113, 0.4997923, 0.50805753, 0.5008873, 0.5011817, 0.50681615, 0.5076806, 0.5061521, 0.500295, 0.5001683, 0.50031483, 0.50910115, 0.5077755, 0.50010157, 0.5014537, 0.499954, 0.50071806, 0.50224376, 0.50113887, 0.49979892, 0.5002733, 0.5006748, 0.50079966, 0.49980095, 0.5025034, 0.5005566, 0.5003073, 0.5028396, 0.5081551, 0.50999, 0.50057656, 0.50831336, 0.50297076, 0.49988863, 0.50048864, 0.5079396, 0.51418006, 0.5131001, 0.51383644, 0.5119028, 0.51162255, 0.5125216, 0.51499116, 0.51504064, 0.51413864, 0.5148483, 0.5137635, 0.5130358, 0.5135614, 0.51288104, 0.5123158, 0.5123835, 0.51412714, 0.51352715, 0.5137381, 0.5138042, 0.5150375, 0.5140867, 0.51451397, 0.5145728, 0.51327485, 0.5144183, 0.51467526, 0.5138529, 0.51193905, 0.5142331, 0.5127741, 0.5115277, 0.5143701, 0.512272, 0.51316446, 0.5134165, 0.51369613, 0.51468545, 0.5134396, 0.51546234, 0.51352143, 0.512795, 0.5127713, 0.51557815, 0.51503944, 0.5127777, 0.51382446, 0.5140018, 0.514298, 0.50974786, 0.5141042, 0.5125687, 0.5128755, 0.51300967, 0.5140742, 0.51462746, 0.51448077, 0.51227206, 0.51393914, 0.5131431, 0.5139531, 0.5158633, 0.5144, 0.51393807, 0.5138832, 0.5134887, 0.51417977, 0.5125676, 0.5143197, 0.51683223, 0.5131525, 0.5127331, 0.51428926, 0.51480305, 0.5122966, 0.5126678, 0.51524305, 0.5146568, 0.5133698, 0.5139897, 0.51358306, 0.51359564, 0.5121667, 0.51353645, 0.5141186, 0.51130956, 0.51449406, 0.5121929, 0.51159805, 0.51446277, 0.5156492, 0.51348805, 0.5141595, 0.51336503, 0.5152993, 0.51289797, 0.5156076, 0.5133418, 0.5142694, 0.51384026, 0.5128952, 0.51268166, 0.5140826, 0.5135888, 0.5146888, 0.51432043, 0.51351386, 0.5144439, 0.5142103, 0.51435757, 0.51444906, 0.5134427, 0.5142776, 0.51438445, 0.5137389, 0.5159184, 0.51562524, 0.51552385, 0.5155321, 0.51413494, 0.51400656, 0.51505333, 0.5169532, 0.5126444, 0.51092285, 0.51580644, 0.5131225, 0.5127877, 0.5126221, 0.5150921, 0.513146, 0.5136884, 0.51531255, 0.5131947, 0.51388305, 0.51380813, 0.5134668, 0.51512516, 0.51645225, 0.51463956, 0.5123724, 0.5139166, 0.5136177]
[0.5002645, 0.5008433, 0.5047726, 0.5074789, 0.5008137, 0.50029796, 0.51072145, 0.49955028, 0.49966976, 0.5008355, 0.50009656, 0.5013568, 0.5063324, 0.51002306, 0.50030494, 0.50381035, 0.51181704, 0.50277555, 0.5002863, 0.5122866, 0.5124158, 0.50033766, 0.5068279, 0.50468695, 0.49928707, 0.499558, 0.5014016, 0.49977311, 0.4993071, 0.5011064, 0.51105994, 0.50310695, 0.4995076, 0.5022412, 0.51015776, 0.51038516, 0.5006476, 0.5064808, 0.5094737, 0.49957317, 0.50091815, 0.5017151, 0.50866085, 0.50207067, 0.50052595, 0.5010605, 0.50107974, 0.49971464, 0.5030482, 0.50312465, 0.5028389, 0.501033, 0.500869, 0.5004366, 0.5004413, 0.5005735, 0.50031215, 0.49921072, 0.4990872, 0.49959984, 0.49928957, 0.5090945, 0.5111015, 0.49970418, 0.50946087, 0.49976325, 0.5060368, 0.5006809, 0.5005612, 0.5005966, 0.51445204, 0.50894, 0.5090302, 0.51099396, 0.5085621, 0.5095304, 0.5094864, 0.50959456, 0.5008057, 0.4997317, 0.5010035, 0.5075403, 0.50080216, 0.4998117, 0.49918985, 0.5129742, 0.5112184, 0.5113264, 0.5070506, 0.50558233, 0.4993741, 0.51044226, 0.5123234, 0.50595134, 0.50300825, 0.50401956, 0.5042472, 0.500247, 0.5005203, 0.5075134, 0.50513315, 0.5116221, 0.4998069, 0.50022733, 0.5118175, 0.5109627, 0.5095252, 0.5017182, 0.49958098, 0.50081116, 0.51289153, 0.51120514, 0.5005377, 0.49945408, 0.5002862, 0.5028336, 0.50670195, 0.5049075, 0.5028941, 0.5041108, 0.504124, 0.49962774, 0.50005263, 0.50748783, 0.49939907, 0.5019665, 0.50698876, 0.51323175, 0.51459885, 0.49970156, 0.5115227, 0.50849444, 0.50309485, 0.50256324, 0.5106878, 0.5199395, 0.5185286, 0.51984715, 0.5176918, 0.51702213, 0.51685846, 0.5199908, 0.5200771, 0.52008003, 0.5201957, 0.519006, 0.518367, 0.5190508, 0.51777613, 0.51750463, 0.5173825, 0.5204538, 0.5191557, 0.5195173, 0.5194288, 0.52137417, 0.5197981, 0.5196057, 0.52007633, 0.51884866, 0.5200618, 0.5204053, 0.5195081, 0.517155, 0.5200053, 0.51896876, 0.51713854, 0.52020216, 0.51766235, 0.5187353, 0.5195195, 0.51867515, 0.52029276, 0.518272, 0.5220267, 0.5187127, 0.5181818, 0.51822853, 0.5212497, 0.521256, 0.5179602, 0.5187121, 0.51892364, 0.5193014, 0.51509094, 0.52005905, 0.51854503, 0.5183696, 0.5187128, 0.51914, 0.52039886, 0.5203426, 0.51741344, 0.51951444, 0.5188828, 0.51934725, 0.5218743, 0.51948255, 0.5188797, 0.5195216, 0.5184812, 0.5194266, 0.51864487, 0.52040666, 0.523161, 0.5190599, 0.5179628, 0.5191906, 0.52059424, 0.5171266, 0.5177707, 0.52122444, 0.52094686, 0.51888686, 0.51992995, 0.5193852, 0.51936907, 0.5171022, 0.51886904, 0.51987153, 0.5165682, 0.5210262, 0.517845, 0.51702917, 0.52058685, 0.52089465, 0.51904154, 0.5198488, 0.51873654, 0.52134246, 0.51873326, 0.5219465, 0.5185801, 0.520076, 0.5199555, 0.51791525, 0.51837313, 0.5200983, 0.5191758, 0.5208427, 0.5191908, 0.5181306, 0.51966375, 0.5195046, 0.51909596, 0.52073014, 0.5185352, 0.51948017, 0.52020186, 0.51885444, 0.5220259, 0.52141947, 0.52146137, 0.52133995, 0.5196923, 0.5201526, 0.52095217, 0.5231064, 0.51750684, 0.5164414, 0.52167886, 0.51898026, 0.51784974, 0.5175183, 0.5210956, 0.5184822, 0.51889825, 0.52096206, 0.5190205, 0.5191014, 0.51909626, 0.51887107, 0.5208979, 0.5222125, 0.51993334, 0.5177696, 0.5193094, 0.5185548]
[0.4999528, 0.4999987, 0.5017664, 0.5029976, 0.5006634, 0.5013457, 0.5058688, 0.49984258, 0.49953052, 0.50450194, 0.5028222, 0.50000095, 0.50237095, 0.5053521, 0.49964815, 0.50135, 0.5075009, 0.500872, 0.5016619, 0.5071685, 0.50731903, 0.50210994, 0.5025714, 0.5018969, 0.5002076, 0.50082666, 0.50175, 0.501004, 0.5003531, 0.5045218, 0.50633055, 0.50131154, 0.5003, 0.5010709, 0.5051897, 0.50590414, 0.502769, 0.50453883, 0.5040646, 0.5013418, 0.5036377, 0.5006259, 0.503925, 0.5008222, 0.5029401, 0.5038912, 0.5043306, 0.5010017, 0.5016244, 0.5012255, 0.50111085, 0.5004638, 0.49989673, 0.50348973, 0.5033947, 0.50070935, 0.502949, 0.5005676, 0.5002038, 0.50036365, 0.50020766, 0.5046284, 0.5057191, 0.49985805, 0.5034648, 0.50008774, 0.50226533, 0.50348705, 0.5029768, 0.50125927, 0.50895876, 0.50362927, 0.5060137, 0.5064174, 0.50351864, 0.5040899, 0.50441664, 0.5056678, 0.50097805, 0.5004663, 0.50126386, 0.5022875, 0.49989614, 0.50222963, 0.50034475, 0.5079425, 0.5068681, 0.50711566, 0.50291336, 0.5026187, 0.50040865, 0.50679225, 0.50774074, 0.50280327, 0.50239146, 0.50236666, 0.50165445, 0.5016339, 0.50281477, 0.50315595, 0.5016196, 0.5075346, 0.5006725, 0.5025851, 0.5077365, 0.5063109, 0.5051979, 0.50080806, 0.49968144, 0.50055933, 0.5083496, 0.5071014, 0.50148785, 0.50020564, 0.50114024, 0.50348383, 0.5026445, 0.501891, 0.50054353, 0.5009559, 0.5013792, 0.50147593, 0.49976218, 0.5021874, 0.50104237, 0.501173, 0.50381976, 0.5086347, 0.5093016, 0.5007001, 0.5071484, 0.50606745, 0.5038464, 0.5038527, 0.5077954, 0.5132474, 0.5118, 0.5137514, 0.51140493, 0.51153284, 0.51126975, 0.5135801, 0.51342314, 0.51369715, 0.5138854, 0.5130187, 0.5122692, 0.51285374, 0.5114273, 0.51127076, 0.5120362, 0.5139754, 0.5121117, 0.51263946, 0.5130375, 0.51380503, 0.51303333, 0.51283175, 0.51307, 0.51196915, 0.51324236, 0.5138385, 0.51318526, 0.5119783, 0.5133493, 0.51201534, 0.5111209, 0.5133351, 0.5106307, 0.51269555, 0.51332533, 0.5124334, 0.51344395, 0.5122625, 0.5147775, 0.51244575, 0.5112393, 0.5113035, 0.51415366, 0.5136852, 0.51243746, 0.5130415, 0.51307124, 0.5132775, 0.51003975, 0.51360625, 0.5124162, 0.51223207, 0.5125688, 0.5125312, 0.5139049, 0.51374054, 0.5116722, 0.5133465, 0.5124607, 0.5130006, 0.51457316, 0.5130196, 0.51285774, 0.513053, 0.5127913, 0.5135524, 0.51261455, 0.5135732, 0.5155001, 0.5128697, 0.51193976, 0.51228654, 0.5137787, 0.5118391, 0.5121036, 0.51447123, 0.5139382, 0.5115885, 0.5135839, 0.5129003, 0.5136218, 0.5111434, 0.5120347, 0.51335967, 0.51031595, 0.51384425, 0.51194423, 0.5111514, 0.51345664, 0.51399267, 0.51253796, 0.5125704, 0.5122077, 0.5140629, 0.5126169, 0.5144415, 0.51175755, 0.51306546, 0.5129779, 0.51123244, 0.512008, 0.5137311, 0.5127832, 0.51395816, 0.51340294, 0.5126729, 0.51367694, 0.5125068, 0.5130477, 0.51416683, 0.5126267, 0.51366794, 0.5132109, 0.51261497, 0.514941, 0.51416224, 0.51460326, 0.5142264, 0.5132341, 0.513312, 0.5140784, 0.5157117, 0.51106274, 0.511043, 0.51481324, 0.51266366, 0.5119311, 0.5114583, 0.514176, 0.5128768, 0.513179, 0.5143776, 0.5128765, 0.51287436, 0.512858, 0.5128684, 0.5141469, 0.5149755, 0.5127572, 0.5121558, 0.51300055, 0.5130027]
[0.5011023, 0.5000393, 0.50103784, 0.5004578, 0.5006541, 0.500998, 0.5080017, 0.503079, 0.50239944, 0.50478274, 0.50347173, 0.50082386, 0.50353336, 0.5076485, 0.5004547, 0.49973932, 0.5089353, 0.5000717, 0.5031058, 0.51011556, 0.5099654, 0.5027909, 0.5038914, 0.5015638, 0.5017457, 0.50218344, 0.50039643, 0.50229627, 0.5024714, 0.50518084, 0.50827456, 0.5004961, 0.5019376, 0.49994457, 0.50820684, 0.50799555, 0.5035288, 0.50111556, 0.5070855, 0.5025369, 0.5040929, 0.49985936, 0.5052409, 0.49992466, 0.50366104, 0.5049693, 0.5051737, 0.5023676, 0.5003518, 0.4997511, 0.50038403, 0.500358, 0.5004467, 0.5037926, 0.50408834, 0.5012588, 0.50329655, 0.5019254, 0.5019763, 0.5031248, 0.5016119, 0.50315255, 0.5073776, 0.50057685, 0.5063653, 0.50070924, 0.50115407, 0.5047185, 0.5038771, 0.5000527, 0.51208115, 0.5061798, 0.50475013, 0.50889313, 0.5058641, 0.5071023, 0.50747275, 0.50621116, 0.5013581, 0.5007899, 0.50052214, 0.5032906, 0.5011721, 0.5022313, 0.50132495, 0.51084936, 0.50864094, 0.5096799, 0.5024106, 0.50039715, 0.50001097, 0.50942236, 0.5107333, 0.5018551, 0.50047684, 0.5000894, 0.4999143, 0.50241303, 0.5043362, 0.5017928, 0.500103, 0.50992125, 0.5026249, 0.503065, 0.50966406, 0.50861245, 0.50759083, 0.49978969, 0.5014842, 0.4996984, 0.5108907, 0.50893277, 0.50103456, 0.5021018, 0.50111467, 0.50069684, 0.50210047, 0.5013058, 0.49979213, 0.5002126, 0.500223, 0.5024817, 0.50164926, 0.50284815, 0.5018286, 0.5014627, 0.5055746, 0.5106699, 0.51199263, 0.5014809, 0.51026356, 0.5043499, 0.4998209, 0.5006287, 0.50951403, 0.51810056, 0.51573265, 0.51861143, 0.51517284, 0.5146709, 0.5148219, 0.51831275, 0.5177197, 0.5181407, 0.5178044, 0.5166686, 0.5163211, 0.5173775, 0.51584005, 0.51515645, 0.5158827, 0.51852554, 0.5169188, 0.51771903, 0.51811576, 0.5192749, 0.51743597, 0.5179683, 0.5187338, 0.5165949, 0.5180444, 0.51844925, 0.5173984, 0.51507646, 0.518611, 0.515831, 0.5140658, 0.5176687, 0.51516855, 0.51674354, 0.51764053, 0.5169119, 0.5182502, 0.5162434, 0.5201454, 0.51605403, 0.5158918, 0.51585937, 0.51968175, 0.5189832, 0.5159505, 0.51659334, 0.51736134, 0.5169951, 0.51288956, 0.51756406, 0.5159331, 0.5159298, 0.51685387, 0.51738805, 0.5186956, 0.51844907, 0.51498216, 0.5177881, 0.5166524, 0.5167156, 0.52059513, 0.5177891, 0.51738626, 0.517532, 0.5167228, 0.5174563, 0.5162019, 0.5179565, 0.5216792, 0.51721823, 0.51599836, 0.5166417, 0.51863086, 0.51549786, 0.51588815, 0.51929283, 0.51897043, 0.5169857, 0.51787794, 0.5181565, 0.51736724, 0.51523006, 0.51672286, 0.5177195, 0.5149617, 0.51899415, 0.51454103, 0.5156478, 0.51902914, 0.5194842, 0.51753414, 0.5179873, 0.51656646, 0.51910776, 0.5155591, 0.520392, 0.5162012, 0.5180476, 0.5172328, 0.51580447, 0.5162784, 0.5180699, 0.51701266, 0.51905346, 0.5176317, 0.5165865, 0.51833516, 0.5172024, 0.51744235, 0.51933765, 0.5167097, 0.51791173, 0.51875526, 0.51682395, 0.5204666, 0.51920253, 0.51965976, 0.519225, 0.5179829, 0.51784074, 0.5185972, 0.5219141, 0.515399, 0.5145137, 0.5203124, 0.51709014, 0.51643157, 0.51579493, 0.5194365, 0.51683277, 0.51717746, 0.52002645, 0.5175091, 0.5175595, 0.51792604, 0.5168769, 0.51879925, 0.52097404, 0.5177661, 0.515673, 0.5175016, 0.51638746]
[0.5009967, 0.50161827, 0.5024667, 0.50272334, 0.50087994, 0.50080055, 0.5054001, 0.50137025, 0.5013276, 0.50446916, 0.50288504, 0.5012542, 0.5036527, 0.5055628, 0.50175023, 0.50247663, 0.50652516, 0.50203484, 0.50251424, 0.50707775, 0.507027, 0.50206274, 0.5045101, 0.5034251, 0.5004679, 0.5010444, 0.50120574, 0.50160027, 0.50118256, 0.50441396, 0.50606656, 0.502082, 0.5004774, 0.5018919, 0.5055134, 0.5060956, 0.5030238, 0.5039536, 0.5052194, 0.5010422, 0.5036244, 0.5023206, 0.50532633, 0.50181144, 0.5032944, 0.5044336, 0.50447416, 0.50163776, 0.50262004, 0.5026324, 0.50224745, 0.50122446, 0.5010028, 0.50317925, 0.5035786, 0.50105894, 0.5024868, 0.5005627, 0.5008172, 0.50123626, 0.50058675, 0.50460875, 0.50587565, 0.50127053, 0.50518566, 0.50168097, 0.5032755, 0.50299275, 0.5032915, 0.50138515, 0.5077417, 0.50446415, 0.50413096, 0.5060697, 0.5047505, 0.50511825, 0.5052845, 0.5052466, 0.50082445, 0.5009821, 0.50142914, 0.50338256, 0.5007002, 0.50201327, 0.5007077, 0.5071351, 0.50627387, 0.50650597, 0.50407225, 0.50313115, 0.5015504, 0.50627327, 0.5072178, 0.50395036, 0.5026748, 0.5025108, 0.50226194, 0.5021691, 0.5030087, 0.50357944, 0.5027405, 0.50672597, 0.50160384, 0.5022438, 0.50635904, 0.5064398, 0.5057027, 0.5028707, 0.5007075, 0.5019599, 0.5073841, 0.50648445, 0.5014135, 0.50059634, 0.50136065, 0.5029246, 0.5041162, 0.503469, 0.502155, 0.5022902, 0.50223017, 0.5013368, 0.5008959, 0.50344527, 0.50129706, 0.50236535, 0.5042965, 0.50710225, 0.5079341, 0.5015174, 0.5066931, 0.5047414, 0.50273967, 0.50280374, 0.5068766, 0.5107269, 0.5098489, 0.51056725, 0.5093087, 0.50893027, 0.50952977, 0.51120883, 0.5111677, 0.5106125, 0.5110693, 0.5104389, 0.5099646, 0.51024365, 0.50969577, 0.5093345, 0.5097072, 0.51080525, 0.50999546, 0.51037496, 0.51078296, 0.5111844, 0.5107073, 0.5108577, 0.51102185, 0.50998604, 0.5107988, 0.51106614, 0.5106207, 0.50942653, 0.51089185, 0.5097479, 0.5090389, 0.5108581, 0.5095797, 0.5102418, 0.5104567, 0.51034087, 0.5108118, 0.51014704, 0.5115865, 0.50992095, 0.50964797, 0.509649, 0.5116239, 0.5111583, 0.5097097, 0.5105739, 0.51057696, 0.5108017, 0.5079873, 0.5106576, 0.5099311, 0.5096678, 0.51023585, 0.510326, 0.5108321, 0.5110299, 0.5094733, 0.5106204, 0.5101735, 0.51059616, 0.5118872, 0.51056117, 0.5103741, 0.510786, 0.51030564, 0.5107475, 0.50988585, 0.5108117, 0.5124517, 0.51013726, 0.5096641, 0.5105559, 0.51122487, 0.5095371, 0.50969774, 0.5112477, 0.51113456, 0.5099991, 0.5106679, 0.5106014, 0.51046604, 0.50934273, 0.5100515, 0.5105493, 0.50866324, 0.5110023, 0.50951827, 0.5093301, 0.5110878, 0.5117073, 0.51039827, 0.51063186, 0.5101035, 0.51136076, 0.5099983, 0.5117244, 0.5100094, 0.51062536, 0.51040834, 0.5097721, 0.50971115, 0.5107564, 0.5102972, 0.51107734, 0.5107447, 0.51029694, 0.51081955, 0.51047206, 0.5106882, 0.5111668, 0.5101102, 0.51069266, 0.5108767, 0.5103873, 0.5118099, 0.51131546, 0.51159996, 0.5114073, 0.51049334, 0.51046574, 0.5113883, 0.51257896, 0.5095083, 0.5089139, 0.5116493, 0.5101232, 0.50969493, 0.5094113, 0.51143736, 0.51033485, 0.510757, 0.51150286, 0.51041466, 0.51041454, 0.51058847, 0.5102885, 0.51144934, 0.51216626, 0.5107943, 0.50948083, 0.51055306, 0.5102279]
[0.5006621, 0.501151, 0.5021523, 0.50273407, 0.50045437, 0.50053173, 0.5053867, 0.5003023, 0.5001901, 0.5034818, 0.5014707, 0.5007706, 0.5028446, 0.5051013, 0.5013259, 0.5022636, 0.5061093, 0.50098705, 0.5018063, 0.50709313, 0.50660443, 0.5015352, 0.502839, 0.5016408, 0.5002995, 0.50068516, 0.500924, 0.500848, 0.5002916, 0.5039025, 0.5059813, 0.5014451, 0.50011975, 0.5012128, 0.50505406, 0.5050613, 0.5026149, 0.5035772, 0.5041461, 0.50045484, 0.5032798, 0.5011432, 0.50428665, 0.5010418, 0.5026192, 0.5038224, 0.5043844, 0.50123817, 0.50126666, 0.5015252, 0.5013085, 0.50083274, 0.5011475, 0.5025172, 0.50259316, 0.4999572, 0.5021606, 0.5003246, 0.5003134, 0.5009075, 0.5006018, 0.5040886, 0.50576067, 0.5005563, 0.5042897, 0.5003639, 0.5026466, 0.503227, 0.5029214, 0.5008029, 0.50817645, 0.5040712, 0.5045688, 0.5057764, 0.5038269, 0.5041313, 0.5043656, 0.5050332, 0.50126904, 0.50085396, 0.5014242, 0.50284886, 0.50028086, 0.5011384, 0.49998057, 0.5073008, 0.50602704, 0.5064358, 0.50312024, 0.50233835, 0.5007956, 0.50565296, 0.5070233, 0.5026211, 0.5014572, 0.5020349, 0.5014958, 0.5017089, 0.50262237, 0.50319624, 0.5019345, 0.50651586, 0.5008246, 0.5017448, 0.5062281, 0.5056203, 0.5041888, 0.5015099, 0.50032455, 0.5012438, 0.50722647, 0.5058352, 0.5009181, 0.5001154, 0.501734, 0.5030755, 0.50257987, 0.5018285, 0.5009646, 0.5014557, 0.50157213, 0.500505, 0.5008053, 0.5027234, 0.5007658, 0.50209457, 0.5037148, 0.507305, 0.50819826, 0.50091386, 0.5060917, 0.50419927, 0.50240463, 0.5022645, 0.5062498, 0.51211494, 0.51043665, 0.5121607, 0.51028156, 0.50990546, 0.51019233, 0.512488, 0.5125003, 0.51171494, 0.51198727, 0.51116246, 0.51083654, 0.51134485, 0.5103767, 0.50998193, 0.5103597, 0.51253057, 0.5113134, 0.51195496, 0.5119213, 0.51280564, 0.5117003, 0.5115459, 0.51195586, 0.5106406, 0.51194984, 0.51228136, 0.51176816, 0.5105434, 0.51186764, 0.5107111, 0.50965047, 0.51198065, 0.51036143, 0.5114618, 0.5117431, 0.51085883, 0.5119222, 0.5107601, 0.5133726, 0.5108599, 0.5105158, 0.5105898, 0.51266223, 0.5126277, 0.5105986, 0.5115128, 0.5115422, 0.5117105, 0.50835633, 0.5120261, 0.51078635, 0.5106404, 0.51102346, 0.51149654, 0.51220524, 0.512344, 0.5101683, 0.51164883, 0.5113802, 0.5115413, 0.51328516, 0.5115468, 0.5112395, 0.51196617, 0.51129496, 0.5117436, 0.51105917, 0.5122371, 0.5141036, 0.5113085, 0.5105952, 0.5117714, 0.51223844, 0.5102381, 0.510549, 0.5126452, 0.5125203, 0.5108158, 0.51184005, 0.51171803, 0.511612, 0.509958, 0.51107085, 0.5116526, 0.509465, 0.51256305, 0.51037997, 0.51000434, 0.5126169, 0.51270914, 0.51108086, 0.51192594, 0.51064426, 0.5126929, 0.51098424, 0.5130374, 0.5110963, 0.51185536, 0.51183283, 0.5103851, 0.5109346, 0.51200837, 0.5111034, 0.5126236, 0.5116708, 0.5107758, 0.51218426, 0.5116014, 0.51160586, 0.51272345, 0.5108834, 0.511907, 0.51236796, 0.5114004, 0.51330197, 0.51255167, 0.51278037, 0.51271534, 0.51156515, 0.5119159, 0.5125998, 0.51402825, 0.5103896, 0.51001984, 0.5128684, 0.51092744, 0.5105628, 0.51019526, 0.5129506, 0.5115285, 0.5115897, 0.51257795, 0.5112161, 0.51129186, 0.5116048, 0.5112349, 0.51276934, 0.51346284, 0.5115952, 0.5107785, 0.5117287, 0.5112307]
[0.501742, 0.50052744, 0.50155437, 0.5014959, 0.50214946, 0.5020797, 0.5049141, 0.5023909, 0.5024702, 0.5062616, 0.50399613, 0.50066155, 0.5023494, 0.5052296, 0.50081074, 0.50045216, 0.5072576, 0.5011604, 0.50388, 0.50715226, 0.50699586, 0.50382286, 0.5031115, 0.50124097, 0.5016807, 0.5020704, 0.50082475, 0.5033819, 0.50258183, 0.5063352, 0.50681025, 0.50084585, 0.50167054, 0.5005986, 0.50659484, 0.5062903, 0.5045794, 0.5029141, 0.5050433, 0.50176734, 0.505761, 0.50092834, 0.504859, 0.5006693, 0.5041719, 0.50540566, 0.5054469, 0.5012153, 0.5012265, 0.5016221, 0.50124323, 0.5008851, 0.5006611, 0.50471914, 0.5042669, 0.50092524, 0.5037086, 0.50089496, 0.5017716, 0.5022658, 0.50178164, 0.5041319, 0.50559056, 0.5009679, 0.50426507, 0.5011466, 0.5020751, 0.505411, 0.5049094, 0.50066, 0.50836676, 0.50401235, 0.5031749, 0.5065565, 0.5044969, 0.50400436, 0.50474143, 0.50448537, 0.500588, 0.5008574, 0.5006961, 0.5015193, 0.5023056, 0.5036155, 0.5016349, 0.50803256, 0.50616395, 0.5067302, 0.5025939, 0.50171685, 0.5002084, 0.50689805, 0.50783247, 0.5018274, 0.5015993, 0.5016383, 0.5004641, 0.50360984, 0.5047655, 0.502736, 0.50148124, 0.50696373, 0.5031596, 0.5046067, 0.5067567, 0.50637096, 0.50547713, 0.501541, 0.50209635, 0.5013052, 0.50822246, 0.5069725, 0.50060505, 0.5012836, 0.5006317, 0.5033508, 0.5028861, 0.5023379, 0.5009446, 0.5014647, 0.5014547, 0.50298023, 0.50093204, 0.5018127, 0.5028167, 0.5014218, 0.503654, 0.5079537, 0.50910664, 0.50333244, 0.5071904, 0.5041627, 0.50212324, 0.50307876, 0.50805396, 0.5128583, 0.5113112, 0.5124721, 0.5106832, 0.5103101, 0.5106122, 0.51328015, 0.51303774, 0.512555, 0.51280206, 0.5121209, 0.5113891, 0.5118929, 0.5110465, 0.51091146, 0.5113429, 0.5126295, 0.5116399, 0.5120046, 0.5125069, 0.51343244, 0.51241034, 0.51249784, 0.512844, 0.5115126, 0.51276064, 0.51293206, 0.51212573, 0.5109044, 0.5130225, 0.51125616, 0.51026064, 0.5128787, 0.51061934, 0.512017, 0.5122807, 0.51234084, 0.5128824, 0.511781, 0.51356107, 0.51145697, 0.51134425, 0.51124585, 0.51382554, 0.5133476, 0.51142156, 0.5124832, 0.5125, 0.51261866, 0.5091812, 0.513074, 0.5114267, 0.511492, 0.51185054, 0.5119452, 0.5126646, 0.512809, 0.5111225, 0.512204, 0.511779, 0.51248246, 0.51387614, 0.5122244, 0.51189816, 0.512839, 0.5120415, 0.51252687, 0.51174724, 0.51304495, 0.51462, 0.5117617, 0.5110183, 0.5122799, 0.51317996, 0.51126033, 0.5112017, 0.51325154, 0.5129579, 0.51157767, 0.5124896, 0.51246303, 0.5123525, 0.51068956, 0.5114833, 0.5124002, 0.5099773, 0.51288223, 0.5108887, 0.5107635, 0.51299083, 0.51383924, 0.5122595, 0.5123605, 0.5116219, 0.51330006, 0.5115627, 0.51389545, 0.5118383, 0.5120805, 0.5122189, 0.5107727, 0.5114856, 0.5127113, 0.5120648, 0.51294863, 0.51237994, 0.5120708, 0.51273733, 0.51221985, 0.512671, 0.51326853, 0.5120431, 0.5127012, 0.51272166, 0.511887, 0.5137419, 0.5134004, 0.51347286, 0.51358134, 0.5123201, 0.5124389, 0.5132099, 0.51495457, 0.510669, 0.5104721, 0.5139926, 0.51189387, 0.5111979, 0.5110261, 0.5133708, 0.5123579, 0.51259226, 0.5135051, 0.51238286, 0.5123974, 0.5123227, 0.5118574, 0.51353806, 0.51412183, 0.5127846, 0.51114583, 0.51256734, 0.51205397]
[0.5007602, 0.50030565, 0.50151813, 0.5016453, 0.5013792, 0.50143266, 0.5077114, 0.50194174, 0.502255, 0.50361127, 0.5027275, 0.5004192, 0.5029926, 0.5073298, 0.50066006, 0.5001749, 0.50966674, 0.50028276, 0.50295055, 0.5101693, 0.50974303, 0.502541, 0.5027025, 0.5001809, 0.50202, 0.5019405, 0.5006418, 0.5023889, 0.5016353, 0.504281, 0.50852334, 0.501067, 0.50174177, 0.50021267, 0.50738037, 0.50760806, 0.50300086, 0.50290126, 0.5068954, 0.5020925, 0.50397867, 0.5004431, 0.50589097, 0.50102866, 0.5037087, 0.50447756, 0.50503415, 0.50285983, 0.50062996, 0.5002012, 0.50027674, 0.5011179, 0.50087994, 0.50316495, 0.50341386, 0.50168055, 0.50313383, 0.50197357, 0.50157136, 0.50229675, 0.50092405, 0.50742066, 0.50828516, 0.50123996, 0.50662774, 0.50122416, 0.5010972, 0.50389147, 0.50349236, 0.50086516, 0.5119472, 0.50619006, 0.50722563, 0.5087051, 0.50490266, 0.5070032, 0.50666505, 0.50650686, 0.50076985, 0.5009563, 0.5010346, 0.5032085, 0.5012332, 0.5020726, 0.50118786, 0.51110816, 0.508349, 0.5093972, 0.5033035, 0.501638, 0.501305, 0.50848615, 0.5108059, 0.50311476, 0.50041974, 0.5002637, 0.5019631, 0.5023494, 0.5031746, 0.5047653, 0.5014718, 0.5096454, 0.50219715, 0.50286806, 0.50970143, 0.5089799, 0.5075675, 0.5009512, 0.50152236, 0.50042367, 0.5102959, 0.50879014, 0.50169533, 0.50223243, 0.50114447, 0.5013656, 0.5022738, 0.5004674, 0.50063735, 0.5002102, 0.5000293, 0.5016211, 0.501263, 0.5027244, 0.5020072, 0.5007457, 0.5053533, 0.51118684, 0.5120519, 0.5016861, 0.50973123, 0.5053025, 0.50035703, 0.50051874, 0.5092719, 0.5174449, 0.5156723, 0.5173368, 0.51524967, 0.51441836, 0.51507366, 0.5172425, 0.51790214, 0.5170883, 0.51734674, 0.5162001, 0.5156625, 0.5165604, 0.5153243, 0.5144862, 0.514965, 0.51773715, 0.5165978, 0.5169878, 0.5173671, 0.5181118, 0.5170723, 0.51712114, 0.5172152, 0.5159073, 0.51692, 0.5174036, 0.5167967, 0.51471484, 0.517591, 0.5158108, 0.5144266, 0.51757014, 0.5152914, 0.5165188, 0.51721066, 0.51584953, 0.51738846, 0.5155779, 0.5189945, 0.51562536, 0.5156052, 0.5155862, 0.518559, 0.5173373, 0.51554275, 0.51607877, 0.51640564, 0.5167198, 0.51288444, 0.51731837, 0.51559263, 0.5156228, 0.5165566, 0.5164156, 0.5180396, 0.5178969, 0.5148649, 0.51651293, 0.5165536, 0.5165159, 0.5194178, 0.5166715, 0.5163094, 0.51691943, 0.51582384, 0.51646996, 0.5161806, 0.5175438, 0.52040106, 0.5165896, 0.51539606, 0.5159841, 0.5179444, 0.5146793, 0.5155409, 0.5181145, 0.5175987, 0.5154874, 0.51702887, 0.5173172, 0.5163548, 0.5146385, 0.51567626, 0.5169238, 0.5140327, 0.51796544, 0.51540315, 0.5147479, 0.5181997, 0.5180151, 0.5161452, 0.51702034, 0.51562184, 0.5180969, 0.5159649, 0.5193651, 0.51624, 0.51735425, 0.51729816, 0.51580125, 0.5155981, 0.5174326, 0.51635593, 0.5180449, 0.5169478, 0.515625, 0.51726854, 0.51664543, 0.5160431, 0.5180448, 0.51579195, 0.51723146, 0.5177836, 0.51635945, 0.5188877, 0.5179987, 0.5183112, 0.5182134, 0.516985, 0.5173325, 0.5182505, 0.52017343, 0.51475245, 0.51424265, 0.51884276, 0.51582485, 0.5153271, 0.51489526, 0.5183987, 0.51572007, 0.51636386, 0.51827717, 0.516651, 0.51638573, 0.51660585, 0.51611096, 0.5178083, 0.5191569, 0.51723015, 0.51518047, 0.51686263, 0.5156624]
[0.5003232, 0.500366, 0.49975324, 0.5000469, 0.501171, 0.50085795, 0.50451374, 0.501859, 0.5017016, 0.50401795, 0.5026542, 0.5002899, 0.50060505, 0.50483966, 0.500496, 0.49963757, 0.50773484, 0.5000432, 0.5023615, 0.50864065, 0.508518, 0.50223356, 0.5014938, 0.49953064, 0.50138336, 0.5021524, 0.5002971, 0.5017671, 0.50170875, 0.5042177, 0.5063923, 0.49963298, 0.5015646, 0.5001737, 0.5051348, 0.50562, 0.5028095, 0.5024664, 0.50220436, 0.5016216, 0.503811, 0.5004197, 0.5025819, 0.5004099, 0.50340456, 0.5043851, 0.504498, 0.50236905, 0.49990407, 0.49995553, 0.4999714, 0.50064266, 0.5005954, 0.5029898, 0.50319433, 0.50062275, 0.5027567, 0.50120825, 0.50127786, 0.5021317, 0.50108844, 0.5020081, 0.5059352, 0.5006125, 0.5030416, 0.50053596, 0.5006664, 0.5033149, 0.5030318, 0.500834, 0.5106256, 0.5018404, 0.50286937, 0.50583065, 0.50180715, 0.5022762, 0.5026854, 0.50397456, 0.5005857, 0.5005134, 0.5002461, 0.50034857, 0.50112534, 0.5021237, 0.50129163, 0.50913215, 0.50673693, 0.50705576, 0.5007931, 0.49984324, 0.50050586, 0.5067641, 0.5085142, 0.50096685, 0.4995808, 0.49980837, 0.500093, 0.5026159, 0.50336653, 0.5004633, 0.4998522, 0.50780827, 0.5015225, 0.50260633, 0.5079989, 0.5072266, 0.5037724, 0.4999136, 0.50129586, 0.50056356, 0.50919443, 0.5072385, 0.5007365, 0.5016679, 0.50074774, 0.4995931, 0.50077295, 0.49966964, 0.50020856, 0.4997776, 0.49998057, 0.5020809, 0.50082225, 0.50002027, 0.5018737, 0.4994787, 0.5015543, 0.50924075, 0.5105583, 0.50157917, 0.50767213, 0.5031193, 0.4999233, 0.4996631, 0.5075821, 0.51569843, 0.5133144, 0.51543504, 0.5129844, 0.5129148, 0.5127331, 0.5158053, 0.5154861, 0.5152782, 0.5157502, 0.5146818, 0.51400584, 0.5144892, 0.51273906, 0.5133271, 0.5141337, 0.5156895, 0.5142704, 0.51507574, 0.5155209, 0.5164351, 0.51511794, 0.5151605, 0.5155482, 0.5141074, 0.51533806, 0.5160268, 0.5151185, 0.51329273, 0.5153852, 0.51411986, 0.5125593, 0.515601, 0.51310045, 0.5146308, 0.515354, 0.5144874, 0.5156861, 0.5142695, 0.51714855, 0.5141675, 0.5135869, 0.51357096, 0.5166271, 0.51622015, 0.51417536, 0.5149902, 0.5148948, 0.5151156, 0.51074606, 0.51569724, 0.514082, 0.51391155, 0.5145419, 0.5148224, 0.5158376, 0.5158294, 0.5137004, 0.5150822, 0.5143937, 0.5148465, 0.51737857, 0.5152516, 0.5147143, 0.5152241, 0.514325, 0.51543546, 0.5140984, 0.51602215, 0.51830167, 0.51430625, 0.51357335, 0.51491994, 0.5159972, 0.51358974, 0.5134265, 0.5163457, 0.5160265, 0.5138786, 0.51553607, 0.51514065, 0.5152777, 0.5127832, 0.5144483, 0.5154918, 0.5119008, 0.5157878, 0.5135175, 0.51308024, 0.51600885, 0.5162241, 0.5142464, 0.51517314, 0.5141593, 0.5168282, 0.5140491, 0.5169901, 0.5138516, 0.515201, 0.5152219, 0.5131535, 0.51381296, 0.5155254, 0.51462543, 0.51608306, 0.5154961, 0.51468027, 0.51564765, 0.5150617, 0.51490825, 0.5164282, 0.5143919, 0.51538485, 0.5158537, 0.5145639, 0.5174397, 0.51624024, 0.5167558, 0.51639426, 0.5150915, 0.51544863, 0.5165117, 0.51852065, 0.51317745, 0.51235515, 0.51708096, 0.51440996, 0.51352686, 0.5132372, 0.5165073, 0.5148141, 0.51510674, 0.5165024, 0.51447004, 0.51508105, 0.51500434, 0.5148506, 0.51674265, 0.51783454, 0.5149607, 0.51330435, 0.51511306, 0.51488507]
[0.501425, 0.5000947, 0.5009068, 0.50022393, 0.50173014, 0.501648, 0.5068593, 0.5034856, 0.5030568, 0.5055876, 0.50407475, 0.5007712, 0.5036582, 0.50802374, 0.50049365, 0.5001517, 0.50852793, 0.5004028, 0.5034214, 0.5095695, 0.5093852, 0.50267214, 0.50572366, 0.50285864, 0.5010509, 0.5023397, 0.5005254, 0.50269526, 0.50257397, 0.5055731, 0.5081033, 0.5003733, 0.5016312, 0.5002044, 0.50788796, 0.5085026, 0.50392985, 0.5031306, 0.5068351, 0.50233495, 0.50466883, 0.5007061, 0.5062409, 0.50070494, 0.5048478, 0.50587094, 0.50650644, 0.50316864, 0.5010552, 0.5004784, 0.50065804, 0.500763, 0.5010641, 0.5045972, 0.50465393, 0.5014976, 0.50358075, 0.5012415, 0.5022754, 0.50344825, 0.50197893, 0.5042764, 0.50731343, 0.5003968, 0.5059965, 0.5009323, 0.5015712, 0.50434446, 0.5045371, 0.5003213, 0.51032275, 0.5050884, 0.5036155, 0.50778705, 0.5050864, 0.5066973, 0.5067776, 0.5066058, 0.50139517, 0.5013406, 0.50078654, 0.5029627, 0.50148726, 0.5029478, 0.5009904, 0.5099112, 0.5085728, 0.5089124, 0.5025037, 0.50085974, 0.50040853, 0.5091457, 0.5098247, 0.5028093, 0.50166553, 0.5014867, 0.5004463, 0.50282, 0.5043177, 0.50222075, 0.5008949, 0.5091653, 0.5029101, 0.5033742, 0.5090115, 0.5084701, 0.50760186, 0.5012069, 0.50138366, 0.50026494, 0.50991124, 0.5083793, 0.50149065, 0.50287086, 0.501418, 0.5015127, 0.50310624, 0.5016904, 0.5002977, 0.50039977, 0.50010824, 0.50297666, 0.50208247, 0.50216484, 0.5023849, 0.5012769, 0.5054478, 0.5091786, 0.51050085, 0.50223535, 0.5092967, 0.50562197, 0.50121576, 0.5037063, 0.50993925, 0.51505333, 0.5133896, 0.5149553, 0.5125471, 0.512482, 0.51262325, 0.51538813, 0.51495206, 0.51483077, 0.5149912, 0.5142051, 0.5136405, 0.5143286, 0.5130931, 0.51299596, 0.5136692, 0.51508087, 0.51330984, 0.5143792, 0.5152064, 0.51550853, 0.5145158, 0.5148489, 0.5153142, 0.51370245, 0.51502687, 0.5152189, 0.514336, 0.5132284, 0.5150391, 0.5132603, 0.51215935, 0.5146456, 0.51254916, 0.51395214, 0.51460147, 0.5141288, 0.51515955, 0.5141429, 0.5159993, 0.5135056, 0.51300555, 0.5129159, 0.5162708, 0.5151164, 0.5137056, 0.514149, 0.5146266, 0.5145862, 0.51087075, 0.5148598, 0.5135509, 0.5133069, 0.5144335, 0.5143337, 0.51533294, 0.5150276, 0.5131605, 0.51495606, 0.5140182, 0.51432735, 0.51645255, 0.51505, 0.51476777, 0.5146849, 0.51415676, 0.5149464, 0.51351136, 0.514597, 0.5173823, 0.51384836, 0.51302475, 0.5138479, 0.5152832, 0.5133338, 0.5133165, 0.51541305, 0.51511455, 0.5139382, 0.51461, 0.5148629, 0.51487327, 0.5127227, 0.5138297, 0.5147419, 0.5120374, 0.51508164, 0.5125398, 0.5131142, 0.5151439, 0.51609117, 0.5140268, 0.5143527, 0.51396966, 0.51578707, 0.5129471, 0.51617235, 0.51320493, 0.51455563, 0.5141366, 0.5128054, 0.51323605, 0.51496184, 0.5140306, 0.51521736, 0.5149898, 0.51425904, 0.5149948, 0.5139703, 0.5147924, 0.5157216, 0.5141136, 0.5147692, 0.5149635, 0.514385, 0.5163151, 0.5152725, 0.5159186, 0.51554924, 0.5147419, 0.51455426, 0.5154802, 0.51739556, 0.5126873, 0.51186734, 0.5162411, 0.51385087, 0.5133938, 0.5129823, 0.51565397, 0.51446503, 0.5147322, 0.51636326, 0.5143544, 0.51454294, 0.51474667, 0.5143002, 0.515884, 0.5169774, 0.51429963, 0.5132739, 0.5141175, 0.51411134]
[0.5007951, 0.5008363, 0.5026404, 0.50205237, 0.50174904, 0.5007531, 0.5072164, 0.50337625, 0.5041845, 0.50652546, 0.5046556, 0.5007894, 0.504705, 0.50836617, 0.50216484, 0.5016129, 0.50878525, 0.5012648, 0.5055912, 0.51019794, 0.5103734, 0.5043957, 0.5024318, 0.5010508, 0.5034377, 0.5039781, 0.5011988, 0.5040028, 0.5030185, 0.50734746, 0.50880396, 0.50177807, 0.50266105, 0.5013295, 0.50825036, 0.5071608, 0.5051484, 0.50490284, 0.505749, 0.502777, 0.50679827, 0.5011605, 0.506312, 0.5010565, 0.50667083, 0.508054, 0.5079963, 0.50461876, 0.50220233, 0.5018911, 0.5014302, 0.502443, 0.50233644, 0.5059214, 0.50608647, 0.5020886, 0.50512403, 0.5022517, 0.502458, 0.50359446, 0.5020877, 0.5063143, 0.5085463, 0.5015382, 0.5066202, 0.50146914, 0.5041562, 0.5059027, 0.5060959, 0.5015004, 0.511823, 0.5058074, 0.50618935, 0.50782937, 0.50693095, 0.5057074, 0.50590044, 0.506164, 0.50145483, 0.5021194, 0.50131124, 0.50469106, 0.501041, 0.5043818, 0.5016488, 0.5104277, 0.5092491, 0.50904477, 0.5035994, 0.50283337, 0.50221366, 0.50802004, 0.5101548, 0.50365174, 0.5011556, 0.5010237, 0.5016044, 0.504805, 0.50532407, 0.5037058, 0.50223607, 0.50933117, 0.50318503, 0.5051948, 0.50961, 0.50881064, 0.5076596, 0.50141835, 0.5028722, 0.50101596, 0.51018554, 0.5081743, 0.5018638, 0.50367564, 0.50128275, 0.50192964, 0.5052996, 0.50418365, 0.5020016, 0.50195473, 0.50076956, 0.5037858, 0.50188345, 0.50244576, 0.5034164, 0.5014376, 0.5042154, 0.51056886, 0.5120414, 0.5038639, 0.5094958, 0.5046845, 0.50228417, 0.50159687, 0.5085694, 0.51728576, 0.515495, 0.5169242, 0.514466, 0.5138923, 0.51515555, 0.5173367, 0.5172856, 0.5169408, 0.5172674, 0.5164446, 0.5152877, 0.5156929, 0.51430035, 0.51462, 0.5147436, 0.51712096, 0.5159342, 0.516507, 0.51659536, 0.5178657, 0.5162514, 0.5165378, 0.5169242, 0.5154902, 0.51705605, 0.5174484, 0.51669276, 0.51468474, 0.5168825, 0.51537997, 0.51434875, 0.5168748, 0.51467085, 0.5165194, 0.5168406, 0.51551974, 0.5173817, 0.515634, 0.5183264, 0.5154661, 0.51522094, 0.51534647, 0.5181438, 0.517574, 0.5152741, 0.5159691, 0.5166508, 0.5166862, 0.51202184, 0.51716757, 0.51606625, 0.5153253, 0.5157076, 0.5161237, 0.51672846, 0.5169966, 0.5145229, 0.51655596, 0.516224, 0.5162238, 0.51833254, 0.5163538, 0.51616085, 0.51654, 0.5154988, 0.51681936, 0.5157263, 0.51729876, 0.5196183, 0.5158587, 0.5151809, 0.5165826, 0.51711047, 0.5146751, 0.51488876, 0.518034, 0.51755375, 0.5155089, 0.5165957, 0.5164211, 0.51627725, 0.51428145, 0.5156629, 0.51644707, 0.5133531, 0.51745224, 0.5150503, 0.51426375, 0.51739955, 0.517737, 0.51549274, 0.51662457, 0.51526606, 0.5180802, 0.5155962, 0.518078, 0.51559746, 0.5167498, 0.51669663, 0.51506734, 0.51556545, 0.51707536, 0.5160314, 0.51737154, 0.51608974, 0.5153378, 0.5169778, 0.5165014, 0.51602495, 0.5175638, 0.51496595, 0.5165672, 0.5170831, 0.5164154, 0.51872194, 0.51771677, 0.5180327, 0.5178754, 0.516526, 0.51671886, 0.5179772, 0.5194163, 0.51502526, 0.5138832, 0.51829875, 0.5155506, 0.5148352, 0.5146023, 0.51770884, 0.5158308, 0.5161577, 0.5177761, 0.51565623, 0.5161657, 0.51645446, 0.51603514, 0.5180223, 0.51882005, 0.516562, 0.51508254, 0.51614153, 0.51583654]
[0.5021136, 0.5036476, 0.5029846, 0.5048553, 0.50113416, 0.501193, 0.50883824, 0.4995199, 0.49975407, 0.5013393, 0.5003275, 0.50156283, 0.5053234, 0.5088343, 0.5026162, 0.5034738, 0.50985897, 0.5014473, 0.5005505, 0.5112652, 0.5107166, 0.5004175, 0.5059211, 0.5038627, 0.49978074, 0.5000507, 0.5016217, 0.5001528, 0.4995679, 0.50184584, 0.5098603, 0.5026982, 0.4998312, 0.5028973, 0.50833815, 0.50777274, 0.50080043, 0.5053301, 0.5066471, 0.5000623, 0.5013704, 0.50245196, 0.5067928, 0.502302, 0.50090826, 0.5018223, 0.5020876, 0.50028557, 0.5020395, 0.5018269, 0.50229985, 0.5019113, 0.50199974, 0.5011143, 0.50111854, 0.4996676, 0.50093454, 0.49952707, 0.4999262, 0.50012296, 0.5007311, 0.5071306, 0.50931567, 0.5008438, 0.5079387, 0.500805, 0.5042084, 0.50134265, 0.50126153, 0.5022418, 0.5135092, 0.5074705, 0.50793433, 0.50926054, 0.5065323, 0.5073404, 0.5078235, 0.5083189, 0.50092846, 0.5016878, 0.5014813, 0.50620633, 0.5013488, 0.5000016, 0.50100374, 0.51157475, 0.509636, 0.51074225, 0.5046729, 0.5036326, 0.50015557, 0.50956583, 0.5114712, 0.5055481, 0.50275964, 0.50209737, 0.50251234, 0.49998987, 0.5011197, 0.5052149, 0.50378156, 0.51010895, 0.49972567, 0.5005654, 0.5103841, 0.5093528, 0.50736815, 0.5013036, 0.49985775, 0.5030684, 0.5113006, 0.50967354, 0.5004656, 0.49978492, 0.5008675, 0.5034815, 0.504347, 0.50340885, 0.50154847, 0.5023182, 0.50308925, 0.49945706, 0.50049865, 0.5051199, 0.4995842, 0.50410396, 0.5072644, 0.5116864, 0.513419, 0.4994996, 0.5104361, 0.5064075, 0.5030882, 0.5016614, 0.5093647, 0.5190887, 0.51716477, 0.5196447, 0.5163055, 0.5158923, 0.5159511, 0.5187096, 0.51895076, 0.5189864, 0.51884747, 0.5181386, 0.5172555, 0.5180776, 0.5166405, 0.51620966, 0.516434, 0.51961213, 0.5184256, 0.5188797, 0.51891524, 0.52022403, 0.51829946, 0.5182701, 0.5190662, 0.5180359, 0.51886237, 0.51928055, 0.51861626, 0.5161394, 0.5193328, 0.5171592, 0.5156541, 0.5187979, 0.5163854, 0.5176915, 0.51859254, 0.51701325, 0.5192202, 0.5171018, 0.5211176, 0.517171, 0.51675314, 0.5169054, 0.5203343, 0.5196513, 0.51668185, 0.51736975, 0.5178998, 0.5181537, 0.5139453, 0.5188464, 0.5172459, 0.51725775, 0.51790684, 0.5184812, 0.51963997, 0.5192506, 0.51614267, 0.51862645, 0.5179591, 0.51758707, 0.5214843, 0.51833135, 0.5179567, 0.51850647, 0.5176038, 0.5177285, 0.5171155, 0.51945287, 0.5222409, 0.5182163, 0.5167338, 0.51698714, 0.5193553, 0.5164781, 0.51689065, 0.51988155, 0.51969105, 0.51744986, 0.518754, 0.51925164, 0.51841843, 0.51582265, 0.51781625, 0.51863986, 0.51584613, 0.5200208, 0.51619136, 0.516245, 0.5201627, 0.52000606, 0.51809466, 0.51875126, 0.51721776, 0.51976997, 0.5173612, 0.5209623, 0.51768386, 0.51896566, 0.5188102, 0.51667523, 0.5173616, 0.5190368, 0.5181909, 0.5199256, 0.5182382, 0.5169023, 0.51935726, 0.51812416, 0.51826686, 0.51980114, 0.5171409, 0.51859045, 0.5194493, 0.5174244, 0.52094346, 0.52008784, 0.52037424, 0.51976526, 0.5189631, 0.5191686, 0.5195716, 0.5221642, 0.51614845, 0.5159359, 0.5205232, 0.5179822, 0.5174117, 0.51686394, 0.52003545, 0.5176446, 0.5177932, 0.5201841, 0.5182128, 0.51811665, 0.51841503, 0.5181045, 0.519491, 0.52123266, 0.51844746, 0.51703435, 0.5182248, 0.51701057]
[0.5007954, 0.5015277, 0.5035836, 0.5028023, 0.50061524, 0.49988928, 0.506213, 0.5016002, 0.5016342, 0.50385994, 0.5027718, 0.50104743, 0.50468475, 0.5069952, 0.500983, 0.50281054, 0.5076643, 0.50218034, 0.5027606, 0.50845367, 0.508085, 0.5018726, 0.50509953, 0.5045071, 0.5011776, 0.5014001, 0.5016166, 0.50166816, 0.5007791, 0.50418514, 0.5075524, 0.5023846, 0.500877, 0.5021573, 0.5071687, 0.5070493, 0.5028486, 0.50508815, 0.5054834, 0.5011969, 0.50370836, 0.50236034, 0.5060304, 0.50189734, 0.5029269, 0.5041369, 0.5043689, 0.5015202, 0.50351495, 0.5039772, 0.50336474, 0.5016779, 0.50118124, 0.50314254, 0.5034601, 0.50025046, 0.5026187, 0.5007816, 0.5008716, 0.5016794, 0.5006181, 0.50528914, 0.50680745, 0.50094926, 0.5060405, 0.5011997, 0.5037237, 0.5037805, 0.50361437, 0.5019825, 0.50938684, 0.5061802, 0.50617385, 0.5073033, 0.50578994, 0.50556135, 0.5059044, 0.5067711, 0.5004269, 0.5005986, 0.50121367, 0.50494105, 0.50096285, 0.50187016, 0.5007674, 0.5088086, 0.50763065, 0.5079609, 0.5045208, 0.50372064, 0.501935, 0.5078831, 0.50848955, 0.50470585, 0.5025062, 0.50298965, 0.5028575, 0.50197834, 0.50285196, 0.5045654, 0.5025114, 0.50805706, 0.5011769, 0.5019815, 0.508184, 0.5077421, 0.50688815, 0.5032926, 0.5004229, 0.50226045, 0.50863165, 0.5075267, 0.5011597, 0.50117666, 0.50127816, 0.50394464, 0.50517863, 0.5044129, 0.50262517, 0.50285774, 0.5029216, 0.501516, 0.5004357, 0.5040618, 0.5006058, 0.50280446, 0.50548583, 0.50849575, 0.5096105, 0.5009587, 0.50831455, 0.50599164, 0.50309116, 0.5049672, 0.5085282, 0.51313174, 0.5119455, 0.5131062, 0.5111574, 0.51103204, 0.5117384, 0.51346326, 0.5132282, 0.5132512, 0.51381946, 0.512822, 0.51213115, 0.5124854, 0.511137, 0.5114007, 0.51211184, 0.51316696, 0.5119931, 0.5124052, 0.5131696, 0.5133492, 0.5126987, 0.51300347, 0.5131104, 0.51235175, 0.5131582, 0.5134289, 0.5125091, 0.5116854, 0.51329553, 0.5118487, 0.5108722, 0.513191, 0.5113577, 0.51253426, 0.5131108, 0.5121701, 0.5133331, 0.5122748, 0.5142977, 0.51223445, 0.51153266, 0.51163745, 0.51418847, 0.51348144, 0.51216453, 0.512764, 0.5130281, 0.5130308, 0.50969326, 0.51313925, 0.512168, 0.51194066, 0.51261336, 0.5124948, 0.5132908, 0.51305217, 0.51170117, 0.51323265, 0.51237017, 0.51271594, 0.51426774, 0.5128327, 0.5128635, 0.51284266, 0.51252556, 0.51341134, 0.5121976, 0.5131251, 0.51514876, 0.5123895, 0.51175386, 0.5125396, 0.513822, 0.5117402, 0.5120699, 0.5139881, 0.51354533, 0.5119278, 0.5130712, 0.5130482, 0.512975, 0.51129234, 0.51229644, 0.5130709, 0.5108304, 0.513489, 0.51147115, 0.51166046, 0.5134149, 0.51404923, 0.51240635, 0.51269203, 0.51220673, 0.51393485, 0.512059, 0.5142138, 0.51184636, 0.51269597, 0.5127054, 0.5117707, 0.5119727, 0.51344377, 0.51253504, 0.51361173, 0.5132373, 0.51264566, 0.51329255, 0.5125702, 0.51272047, 0.5137664, 0.5121917, 0.5132857, 0.5132934, 0.5127071, 0.5145434, 0.5136439, 0.51396817, 0.5138894, 0.5128549, 0.512792, 0.5136386, 0.51534694, 0.5115607, 0.5108842, 0.51431507, 0.5123643, 0.5118165, 0.5115125, 0.51371336, 0.51264536, 0.51308733, 0.514182, 0.5125383, 0.51271623, 0.51290464, 0.5126634, 0.5140306, 0.5146145, 0.5128738, 0.51163656, 0.51240116, 0.5128664]
[0.5012419, 0.5009645, 0.5035587, 0.50278807, 0.50228226, 0.502222, 0.50655246, 0.50161463, 0.5017575, 0.5051195, 0.5037789, 0.5008283, 0.503958, 0.5069654, 0.5011339, 0.50241554, 0.50839823, 0.50134546, 0.5030631, 0.5091042, 0.508897, 0.50263214, 0.503702, 0.5036664, 0.5014452, 0.50146914, 0.50265795, 0.50231344, 0.50211537, 0.50481856, 0.5080347, 0.50225616, 0.50161326, 0.5018758, 0.50712776, 0.5076497, 0.5040555, 0.506067, 0.5057026, 0.5015514, 0.50478953, 0.50168264, 0.50562567, 0.50102973, 0.5041752, 0.50499046, 0.5051563, 0.5019581, 0.5026855, 0.50230324, 0.50169593, 0.5008789, 0.5006654, 0.50406945, 0.5038997, 0.50191694, 0.5033932, 0.50091463, 0.50061595, 0.5020615, 0.50125706, 0.50539476, 0.506753, 0.50095177, 0.50420105, 0.5008962, 0.5036438, 0.5033881, 0.50390494, 0.5010584, 0.5102885, 0.5048251, 0.50700843, 0.5067084, 0.5047974, 0.505555, 0.5057431, 0.50707453, 0.5013163, 0.50092846, 0.5020129, 0.5034068, 0.50163877, 0.5027021, 0.5012741, 0.50912887, 0.50814176, 0.5084758, 0.50357336, 0.5031398, 0.5020491, 0.50824296, 0.50906074, 0.50343394, 0.50237924, 0.50302696, 0.5016898, 0.5025773, 0.5031666, 0.50477016, 0.5020108, 0.508225, 0.50238276, 0.50333023, 0.5087912, 0.5074656, 0.5064785, 0.50256205, 0.5014064, 0.50088364, 0.5092389, 0.50803846, 0.501135, 0.50110364, 0.5018926, 0.50429577, 0.5042446, 0.502817, 0.50176233, 0.5018623, 0.5021503, 0.50230634, 0.5014771, 0.5031177, 0.5023475, 0.5017627, 0.50464493, 0.509388, 0.5103463, 0.501728, 0.5085799, 0.50699216, 0.5050389, 0.50557286, 0.50933385, 0.51443845, 0.5121832, 0.51452005, 0.5124589, 0.5123929, 0.51254636, 0.5148203, 0.51438934, 0.51434827, 0.5147266, 0.5139072, 0.51317817, 0.51365274, 0.51180357, 0.512648, 0.51357883, 0.5149717, 0.5128889, 0.51389235, 0.5143014, 0.5147682, 0.51403177, 0.5138514, 0.5142176, 0.5130537, 0.51453173, 0.51489896, 0.51403373, 0.51311195, 0.5144558, 0.5128716, 0.5115993, 0.5139605, 0.5117702, 0.51365167, 0.5145864, 0.51345974, 0.51456, 0.5133658, 0.51584244, 0.5136729, 0.51209116, 0.51214594, 0.51517785, 0.5149927, 0.51348656, 0.51415795, 0.5141791, 0.51431483, 0.51084864, 0.51466143, 0.51361173, 0.51287603, 0.5135078, 0.513639, 0.5147823, 0.5144528, 0.51291806, 0.51443434, 0.5138459, 0.51374555, 0.5157106, 0.5140979, 0.5140452, 0.51423085, 0.5140976, 0.5147665, 0.5134267, 0.5141756, 0.51648766, 0.5139111, 0.51259404, 0.5135034, 0.51477104, 0.5129028, 0.51285434, 0.515083, 0.5147969, 0.51284254, 0.51432395, 0.51430845, 0.5146169, 0.5121147, 0.51346046, 0.51459974, 0.51150846, 0.51514775, 0.5128775, 0.51253146, 0.51453245, 0.5150228, 0.5133715, 0.5133471, 0.51336604, 0.5153726, 0.51328987, 0.51539433, 0.5127137, 0.5139598, 0.5139307, 0.5122155, 0.5128098, 0.51449704, 0.5135014, 0.5150839, 0.51419306, 0.51347625, 0.51473004, 0.5132944, 0.51393044, 0.5154824, 0.51340055, 0.5143809, 0.51419675, 0.51391345, 0.51606256, 0.5148757, 0.5153326, 0.51522255, 0.51405936, 0.5142556, 0.51495194, 0.51670533, 0.51257473, 0.5120923, 0.51561683, 0.51328707, 0.51290214, 0.5124637, 0.51506484, 0.5141991, 0.5142423, 0.5153309, 0.5138224, 0.5136865, 0.51420045, 0.51378417, 0.51523703, 0.51605016, 0.5133402, 0.51309824, 0.5135994, 0.51421314]
[0.5026157, 0.5020631, 0.50466627, 0.50607383, 0.50247943, 0.502215, 0.50969213, 0.50085264, 0.5013088, 0.50269043, 0.50172275, 0.50358266, 0.5064867, 0.50970155, 0.5026129, 0.5044366, 0.51087594, 0.5029487, 0.50176823, 0.5120007, 0.5118661, 0.501795, 0.50687057, 0.5044372, 0.5002712, 0.50104797, 0.5022753, 0.5013993, 0.5007719, 0.5037179, 0.51039934, 0.50147635, 0.5003782, 0.5027811, 0.508961, 0.50886756, 0.5023785, 0.5053889, 0.50747424, 0.50090975, 0.5028741, 0.5031683, 0.5069878, 0.5044452, 0.50173193, 0.50279826, 0.5034528, 0.5006815, 0.50330806, 0.50257045, 0.5031284, 0.5025813, 0.50301975, 0.5024117, 0.50222486, 0.5015701, 0.50203294, 0.5003154, 0.5010312, 0.5010627, 0.5012378, 0.5060045, 0.50990283, 0.50179774, 0.50818706, 0.5024647, 0.5061521, 0.5031209, 0.5028201, 0.50095594, 0.51414937, 0.5074153, 0.50698584, 0.5101316, 0.50697327, 0.50773615, 0.5080225, 0.5088403, 0.500795, 0.50102437, 0.50168884, 0.5046434, 0.50041324, 0.5013203, 0.5004201, 0.51189595, 0.5101851, 0.5107345, 0.5060825, 0.5053105, 0.50166017, 0.5094647, 0.51243347, 0.50578874, 0.5036453, 0.50345945, 0.5021386, 0.5019269, 0.50252706, 0.50410336, 0.5032545, 0.5116697, 0.5010164, 0.5014754, 0.510374, 0.50955826, 0.5087029, 0.5023933, 0.50033647, 0.50330615, 0.512588, 0.51057357, 0.5015081, 0.50060284, 0.5022661, 0.5045385, 0.50569874, 0.50448644, 0.5030468, 0.5037835, 0.5039638, 0.5004408, 0.5028332, 0.50516105, 0.50081724, 0.5040051, 0.50683457, 0.5128272, 0.5151188, 0.5006799, 0.5111387, 0.50589097, 0.5025756, 0.50263005, 0.5102563, 0.52085584, 0.51890194, 0.5208655, 0.51751626, 0.5173231, 0.5178189, 0.5215248, 0.52175295, 0.52076536, 0.52116716, 0.51973385, 0.51889354, 0.5198163, 0.5191153, 0.5177889, 0.5172293, 0.5215024, 0.5202531, 0.5206141, 0.5201512, 0.5225651, 0.52125186, 0.52061653, 0.52173096, 0.518738, 0.5209741, 0.52140856, 0.5209273, 0.5173824, 0.52081, 0.5187318, 0.51711017, 0.5203957, 0.5177535, 0.51970327, 0.5202603, 0.5201126, 0.5212537, 0.5192946, 0.5228588, 0.5191804, 0.51889104, 0.51873565, 0.5223502, 0.52205175, 0.5183661, 0.51996917, 0.52015036, 0.5204095, 0.5146114, 0.520839, 0.51868576, 0.5191086, 0.5192052, 0.52059054, 0.52087265, 0.52156407, 0.5181292, 0.5199518, 0.5196611, 0.5200614, 0.522876, 0.52008873, 0.5194694, 0.521039, 0.5193022, 0.52051467, 0.5184162, 0.5210089, 0.5244805, 0.51952994, 0.5187471, 0.52068573, 0.52113456, 0.51824737, 0.51853234, 0.52192074, 0.52190286, 0.51981634, 0.5205907, 0.5197938, 0.5199597, 0.517931, 0.5189906, 0.52026755, 0.51708734, 0.52203166, 0.51792, 0.5164545, 0.5214754, 0.5223557, 0.5198357, 0.5208915, 0.51856494, 0.5220824, 0.51911104, 0.52303183, 0.5198049, 0.52103794, 0.520583, 0.5185017, 0.5193576, 0.52067095, 0.52016425, 0.521772, 0.5203216, 0.51897043, 0.5213584, 0.5205398, 0.5208056, 0.52077055, 0.5193727, 0.52092636, 0.5214549, 0.52004963, 0.52321124, 0.5227831, 0.5230902, 0.52257794, 0.520637, 0.52077156, 0.5220035, 0.5242358, 0.51796275, 0.5165724, 0.5229459, 0.5192987, 0.51886064, 0.5183205, 0.52252316, 0.51909983, 0.5195436, 0.521752, 0.519568, 0.5196692, 0.5198278, 0.5195078, 0.5216775, 0.5233731, 0.5213108, 0.51863337, 0.52067304, 0.5194896]
[0.5031245, 0.5029562, 0.50086087, 0.5013785, 0.50363797, 0.5035774, 0.5041457, 0.5051187, 0.50469583, 0.50770247, 0.5059799, 0.50252044, 0.5008493, 0.5058543, 0.5028332, 0.5011278, 0.5058487, 0.50263333, 0.50595075, 0.5080323, 0.50802904, 0.5051736, 0.50151086, 0.5002933, 0.5039891, 0.50431484, 0.5021164, 0.504427, 0.504547, 0.5078024, 0.5065764, 0.5022577, 0.50430685, 0.50200963, 0.50464255, 0.5047842, 0.5059197, 0.50230783, 0.5013395, 0.5044317, 0.5071021, 0.5022153, 0.5014337, 0.50270414, 0.5062774, 0.507539, 0.5082706, 0.50536424, 0.50135815, 0.5013616, 0.5023325, 0.5032807, 0.5032964, 0.5068823, 0.5068702, 0.50388205, 0.5057499, 0.5034242, 0.50356996, 0.50515735, 0.5041187, 0.5005016, 0.50490785, 0.5024398, 0.5019333, 0.50279295, 0.5004489, 0.50649434, 0.50657725, 0.5027414, 0.5090698, 0.50196296, 0.50239, 0.5052048, 0.5012943, 0.5020223, 0.5026554, 0.505472, 0.5032878, 0.50356054, 0.503135, 0.5002915, 0.5031914, 0.5057023, 0.5035417, 0.50787777, 0.5070081, 0.5065605, 0.5003265, 0.5009062, 0.5025205, 0.50609964, 0.5079564, 0.50063205, 0.5018063, 0.50207907, 0.501719, 0.50550777, 0.5064851, 0.5008792, 0.5025119, 0.5070765, 0.50430745, 0.50524503, 0.50707155, 0.50640863, 0.5043814, 0.501453, 0.50389284, 0.5025764, 0.50785196, 0.5057307, 0.50358415, 0.50495154, 0.5036601, 0.5022337, 0.50089425, 0.5003634, 0.501905, 0.50205564, 0.5022981, 0.5049361, 0.50372034, 0.5010289, 0.5044151, 0.50198287, 0.50087315, 0.5076207, 0.5095823, 0.5041157, 0.5072466, 0.5017258, 0.50168383, 0.5014297, 0.5074303, 0.51435274, 0.5123699, 0.5141544, 0.5116511, 0.5115528, 0.5122388, 0.5148689, 0.51436645, 0.51431876, 0.5149048, 0.51389104, 0.51278305, 0.5131422, 0.51185036, 0.5123717, 0.51276153, 0.51459694, 0.5129627, 0.51419055, 0.5142088, 0.5150741, 0.51391125, 0.51392066, 0.51480454, 0.5129891, 0.51439923, 0.5149585, 0.5139876, 0.51205057, 0.51428914, 0.51236117, 0.5111688, 0.514021, 0.511827, 0.5135143, 0.5141797, 0.5130625, 0.5146896, 0.5132022, 0.51577544, 0.5130002, 0.51254296, 0.5125329, 0.51535124, 0.5152293, 0.51277155, 0.51366884, 0.5141186, 0.5142413, 0.50947875, 0.5142135, 0.51319814, 0.512614, 0.5134212, 0.51359147, 0.51443595, 0.5142874, 0.51216, 0.5144971, 0.51331884, 0.5134003, 0.5159388, 0.5140002, 0.5137587, 0.51412606, 0.5136708, 0.51468825, 0.51267046, 0.51431113, 0.5171299, 0.5132663, 0.5122669, 0.5137896, 0.51456827, 0.512445, 0.51235104, 0.51500136, 0.5148548, 0.51317537, 0.5140786, 0.51397955, 0.5141383, 0.5118077, 0.5131257, 0.51421547, 0.510744, 0.51502305, 0.5118455, 0.5116356, 0.51459444, 0.5153739, 0.5133341, 0.51369137, 0.5132378, 0.5155362, 0.5128742, 0.5156847, 0.51250476, 0.5138012, 0.5139412, 0.5122165, 0.5127891, 0.514383, 0.5133327, 0.5150238, 0.5142775, 0.5132514, 0.5146514, 0.513929, 0.5139654, 0.51505053, 0.5130885, 0.5141757, 0.5142799, 0.5136827, 0.51618123, 0.51534754, 0.5159366, 0.5154074, 0.5139806, 0.51402557, 0.5151768, 0.51707363, 0.512154, 0.5112347, 0.5156932, 0.5130749, 0.512445, 0.5119258, 0.5151883, 0.5134324, 0.51369584, 0.5153109, 0.51334274, 0.51336604, 0.51377887, 0.5137653, 0.5152647, 0.51660275, 0.5137808, 0.51239836, 0.51346713, 0.51372135]
[0.49944606, 0.49972424, 0.5009606, 0.5017639, 0.5003193, 0.5000311, 0.50657827, 0.5010077, 0.5013693, 0.50258505, 0.5017458, 0.49948847, 0.50193673, 0.5067142, 0.49970466, 0.5006324, 0.5075541, 0.49958798, 0.50236267, 0.50968605, 0.5095963, 0.5017944, 0.5026074, 0.5007476, 0.50103927, 0.5016816, 0.4998596, 0.50142276, 0.5009815, 0.5034956, 0.5055967, 0.49963441, 0.5003173, 0.5000138, 0.5054253, 0.5064532, 0.5023759, 0.50274694, 0.5037208, 0.5011692, 0.5027915, 0.49965256, 0.50263774, 0.5005502, 0.5022643, 0.50348425, 0.50400275, 0.5015487, 0.50121015, 0.5003462, 0.5006688, 0.4996059, 0.4995749, 0.50260514, 0.5026948, 0.49982846, 0.50192666, 0.50069505, 0.49972776, 0.50068533, 0.49972674, 0.5026489, 0.50782347, 0.49964815, 0.50565046, 0.4999503, 0.5027689, 0.50265586, 0.50301915, 0.5003709, 0.5117458, 0.5035711, 0.5034335, 0.507021, 0.50472087, 0.5040916, 0.5050605, 0.5055458, 0.50028485, 0.50033987, 0.50024545, 0.50250417, 0.49974954, 0.5013359, 0.5005835, 0.50917417, 0.50819397, 0.5076175, 0.5021046, 0.5014819, 0.5009925, 0.5057908, 0.51016486, 0.5035326, 0.49955502, 0.5001077, 0.49975133, 0.5019479, 0.5024198, 0.5010395, 0.49953836, 0.50846404, 0.5004448, 0.50121415, 0.50701714, 0.50760996, 0.5062415, 0.49980626, 0.5001618, 0.50048226, 0.51005524, 0.5080062, 0.4998041, 0.5010038, 0.49977693, 0.5015595, 0.5031524, 0.50233907, 0.5006547, 0.5008198, 0.5001604, 0.5008961, 0.49960554, 0.50250816, 0.50055754, 0.5000133, 0.5022638, 0.50919473, 0.512549, 0.50135964, 0.5088845, 0.5030498, 0.5007297, 0.4997654, 0.5071414, 0.5183128, 0.5166222, 0.517664, 0.51439744, 0.5144259, 0.51583546, 0.51910263, 0.518755, 0.51812226, 0.51888335, 0.5176824, 0.51604784, 0.51690024, 0.51529527, 0.5150497, 0.51408213, 0.5183768, 0.51750064, 0.5176987, 0.5174018, 0.5188679, 0.5173641, 0.51790136, 0.5188331, 0.51664203, 0.51829904, 0.51878476, 0.5179116, 0.5142213, 0.51827586, 0.5163845, 0.5150953, 0.51794827, 0.5155469, 0.51684904, 0.51744425, 0.51678103, 0.51903605, 0.5171322, 0.5199972, 0.516204, 0.51571846, 0.5161251, 0.5201138, 0.5195999, 0.51556367, 0.51703405, 0.51757336, 0.51841706, 0.511235, 0.5177495, 0.5162697, 0.51612884, 0.51582414, 0.5174511, 0.5179402, 0.5186436, 0.5150037, 0.5176362, 0.51665676, 0.5180222, 0.5203011, 0.5173451, 0.5171065, 0.51758295, 0.51701194, 0.5182894, 0.5156408, 0.51848733, 0.5215609, 0.51630497, 0.5156478, 0.5187654, 0.5184796, 0.5151861, 0.5157031, 0.5190988, 0.51888806, 0.5168316, 0.51777333, 0.51682013, 0.517101, 0.5147915, 0.5163064, 0.5175111, 0.51397246, 0.5187284, 0.515326, 0.5143902, 0.5181724, 0.5196652, 0.51676106, 0.5182667, 0.516343, 0.5192078, 0.5167829, 0.51944757, 0.516977, 0.5184534, 0.5178858, 0.51628214, 0.51601154, 0.5176744, 0.5175716, 0.5188127, 0.5174427, 0.515964, 0.5184119, 0.5176215, 0.51831156, 0.5180576, 0.51631343, 0.517556, 0.5180464, 0.51773584, 0.52105075, 0.52020466, 0.52037513, 0.519844, 0.5178555, 0.51772213, 0.5196228, 0.52151203, 0.5156678, 0.5140948, 0.51983654, 0.51609033, 0.51586694, 0.51533973, 0.5193469, 0.5166731, 0.51726425, 0.51897025, 0.5157388, 0.5164605, 0.5170138, 0.5167745, 0.5195148, 0.5204702, 0.51851624, 0.5158697, 0.5172048, 0.5166523]
[0.5016346, 0.50212353, 0.5038722, 0.50559413, 0.50203526, 0.50249815, 0.50851804, 0.50244915, 0.5020608, 0.50533557, 0.50386727, 0.5024301, 0.5048694, 0.5077608, 0.50102854, 0.50401616, 0.5084764, 0.50170785, 0.5044436, 0.51004106, 0.51007783, 0.5031297, 0.50589997, 0.5051935, 0.50100213, 0.5017734, 0.5019843, 0.502772, 0.50116193, 0.50587094, 0.50812405, 0.5031917, 0.50046813, 0.5027433, 0.50822234, 0.50829333, 0.5040545, 0.50451726, 0.50669855, 0.50141734, 0.50481987, 0.50201696, 0.5060201, 0.50414956, 0.501535, 0.50386286, 0.5045166, 0.5004907, 0.5036733, 0.503128, 0.5027212, 0.5017321, 0.501537, 0.5043953, 0.50436896, 0.5015409, 0.50296247, 0.50089294, 0.50129646, 0.500534, 0.50062513, 0.50542367, 0.5083917, 0.50157964, 0.5074459, 0.5021619, 0.505265, 0.5047493, 0.505283, 0.50082964, 0.51111156, 0.505424, 0.5050347, 0.50822663, 0.5062817, 0.5066381, 0.5067436, 0.50725925, 0.5008132, 0.5006688, 0.5017278, 0.5034452, 0.5012983, 0.5033659, 0.5013544, 0.5096439, 0.5090257, 0.50891846, 0.5050797, 0.50468665, 0.5004407, 0.5079189, 0.5104285, 0.504961, 0.5016004, 0.50318784, 0.5016828, 0.5042562, 0.50407916, 0.5042699, 0.50206035, 0.5093094, 0.5022974, 0.50264084, 0.5087723, 0.5086955, 0.5076483, 0.5028162, 0.5003679, 0.5015984, 0.5101299, 0.50869596, 0.5022095, 0.5008656, 0.50260293, 0.5039387, 0.5048693, 0.5043462, 0.5025043, 0.50306857, 0.50367904, 0.50125074, 0.5017261, 0.50518125, 0.5012256, 0.50257015, 0.50494176, 0.5101126, 0.5115686, 0.5021866, 0.5092925, 0.5041066, 0.5020456, 0.5022929, 0.5085084, 0.51638776, 0.5147635, 0.51590747, 0.5134782, 0.5129924, 0.5142171, 0.5168058, 0.51721746, 0.5163105, 0.51653135, 0.515608, 0.5144819, 0.5151595, 0.5142557, 0.5139686, 0.51322556, 0.51604265, 0.5155888, 0.51553595, 0.5151919, 0.5167301, 0.51543325, 0.5159885, 0.516597, 0.5147258, 0.5159698, 0.5167887, 0.51597285, 0.51381224, 0.51611954, 0.51470846, 0.5136999, 0.51591533, 0.5136733, 0.51540905, 0.5154108, 0.5153197, 0.5167235, 0.51539624, 0.51730686, 0.51489586, 0.5143974, 0.51430273, 0.51768833, 0.51705235, 0.5142091, 0.51581275, 0.51595825, 0.51598805, 0.5110457, 0.51581055, 0.5146218, 0.51467395, 0.5145786, 0.51587266, 0.515933, 0.5164564, 0.51377606, 0.5156658, 0.51521194, 0.5162131, 0.5173088, 0.5157713, 0.5155159, 0.5158334, 0.51536435, 0.5159508, 0.5140751, 0.5155806, 0.518315, 0.5148025, 0.5141785, 0.51585966, 0.5163519, 0.5140261, 0.5140107, 0.5170855, 0.5164311, 0.51525575, 0.51547813, 0.51479954, 0.5151395, 0.51380336, 0.51464975, 0.515403, 0.51276684, 0.51630366, 0.5140557, 0.51302814, 0.51626074, 0.51746243, 0.514892, 0.51572734, 0.5142353, 0.5168473, 0.5147733, 0.51712036, 0.5152672, 0.5158586, 0.51558906, 0.51460934, 0.5145947, 0.5158461, 0.5151379, 0.51640445, 0.5154649, 0.51463395, 0.51614153, 0.51571035, 0.51606905, 0.5156115, 0.51476157, 0.5158488, 0.5161788, 0.5154245, 0.5177968, 0.5169722, 0.51708776, 0.5172703, 0.5156591, 0.5156012, 0.51689595, 0.5182954, 0.5145407, 0.51311994, 0.5171381, 0.51451683, 0.5141668, 0.5137832, 0.5168867, 0.51509476, 0.51509833, 0.5166985, 0.51419264, 0.51491106, 0.51515913, 0.5146301, 0.51678956, 0.51780987, 0.51602435, 0.51412636, 0.51539224, 0.5150582]
[0.5025956, 0.50371814, 0.5049399, 0.5044052, 0.5019728, 0.50220734, 0.50727326, 0.49972108, 0.4998003, 0.5011407, 0.5001682, 0.5031655, 0.50591034, 0.50785017, 0.50369066, 0.5042436, 0.50811625, 0.503351, 0.5000355, 0.5089451, 0.50920874, 0.5000912, 0.5066812, 0.50593793, 0.50185406, 0.500513, 0.5026654, 0.5000373, 0.5004139, 0.5011486, 0.50807625, 0.5032778, 0.50158906, 0.503931, 0.50803745, 0.50807464, 0.50003433, 0.50549847, 0.5069899, 0.5014529, 0.5008751, 0.50445575, 0.5070849, 0.5040604, 0.49963596, 0.5007873, 0.5011242, 0.500853, 0.5049824, 0.5045811, 0.50434506, 0.50280315, 0.5026969, 0.5004979, 0.50044113, 0.5023872, 0.49963328, 0.5017841, 0.5009274, 0.49987957, 0.50078154, 0.5054876, 0.50735843, 0.5035201, 0.5071493, 0.50298893, 0.5053816, 0.5005382, 0.50097823, 0.5024962, 0.5099359, 0.5065061, 0.5054624, 0.50771546, 0.50708145, 0.50721836, 0.50746274, 0.5073613, 0.50170904, 0.5026501, 0.50262535, 0.5053855, 0.5016918, 0.5000947, 0.50192845, 0.5093832, 0.50837314, 0.5085621, 0.50571895, 0.5049141, 0.50350296, 0.5084782, 0.50925255, 0.5055168, 0.50482464, 0.50469404, 0.50328934, 0.4997599, 0.5004406, 0.5048361, 0.5041272, 0.50892586, 0.5002617, 0.49967358, 0.50857806, 0.50827664, 0.507707, 0.5048982, 0.50197697, 0.5038487, 0.50958824, 0.5084483, 0.502487, 0.50010335, 0.50192314, 0.5041568, 0.5059002, 0.5052441, 0.5042036, 0.50410575, 0.5045792, 0.50023645, 0.5019506, 0.5048651, 0.50088537, 0.505022, 0.50675243, 0.5088819, 0.5103151, 0.5008716, 0.5091767, 0.50551397, 0.5041349, 0.5057136, 0.50892776, 0.5142296, 0.51250374, 0.5140954, 0.5119694, 0.5116701, 0.51203275, 0.5144473, 0.5139882, 0.514, 0.5143226, 0.5135757, 0.51284015, 0.51349914, 0.5124785, 0.51254433, 0.5123872, 0.5141461, 0.51315534, 0.5138295, 0.513973, 0.51493335, 0.51386166, 0.5141119, 0.51440835, 0.51297426, 0.5140819, 0.51452404, 0.5136818, 0.51225257, 0.51427746, 0.5126158, 0.5117057, 0.51393664, 0.51222116, 0.51329297, 0.5137235, 0.51386815, 0.51434535, 0.5134685, 0.5152859, 0.51307505, 0.51251966, 0.512528, 0.51530623, 0.5145484, 0.5128664, 0.5134648, 0.5137441, 0.5136812, 0.51027215, 0.5139762, 0.51272047, 0.5127673, 0.5132458, 0.5135662, 0.5141885, 0.5143606, 0.51277155, 0.514057, 0.51302576, 0.51363474, 0.5155662, 0.51412094, 0.5138197, 0.51376724, 0.5134619, 0.5141602, 0.5126491, 0.5138474, 0.5162127, 0.5131414, 0.5124984, 0.51345384, 0.5144944, 0.5127071, 0.51273066, 0.5145776, 0.51469755, 0.5133981, 0.5138846, 0.513816, 0.5137222, 0.51239645, 0.51324725, 0.5139812, 0.51167727, 0.5144929, 0.5117253, 0.5124051, 0.5142306, 0.5151059, 0.51357234, 0.51388234, 0.51317054, 0.5149429, 0.51266026, 0.5153158, 0.5130505, 0.5138363, 0.51353776, 0.5125213, 0.51261973, 0.51395136, 0.5135674, 0.5144466, 0.5139187, 0.51334995, 0.5142171, 0.5135301, 0.51405466, 0.5145317, 0.51333344, 0.5139294, 0.5143365, 0.5134212, 0.51545453, 0.51479876, 0.51495945, 0.5150192, 0.51386386, 0.5138554, 0.5148447, 0.5164182, 0.512482, 0.5114173, 0.5155971, 0.5132937, 0.5124988, 0.51237226, 0.5149401, 0.5135978, 0.5137364, 0.515537, 0.51355404, 0.5135632, 0.5138511, 0.5133927, 0.51495266, 0.51608366, 0.51390475, 0.5123378, 0.51376194, 0.51337063]
[0.5013059, 0.50064325, 0.5014066, 0.5022476, 0.50190157, 0.50108826, 0.5067746, 0.5029038, 0.5026596, 0.5047793, 0.5035338, 0.50124395, 0.5037653, 0.5075286, 0.5011341, 0.5007344, 0.5082074, 0.5007852, 0.5035374, 0.5089381, 0.5087373, 0.5032263, 0.50407517, 0.50226784, 0.50195146, 0.50275517, 0.5009584, 0.50312525, 0.5023441, 0.50501233, 0.50717574, 0.5010867, 0.5019948, 0.50088495, 0.50757074, 0.5071796, 0.50378996, 0.5034155, 0.50668395, 0.5030223, 0.50445074, 0.5006962, 0.5051855, 0.50096303, 0.5043801, 0.5053769, 0.5058126, 0.50366366, 0.5012464, 0.5014781, 0.50123924, 0.50117385, 0.50095505, 0.504335, 0.5046039, 0.50153595, 0.50356466, 0.50174457, 0.5020067, 0.5024058, 0.50190806, 0.50593257, 0.5080411, 0.5014032, 0.50545573, 0.5016898, 0.5026642, 0.5039068, 0.5046547, 0.5019387, 0.5104693, 0.50394815, 0.5046931, 0.50761133, 0.5051353, 0.505298, 0.50588256, 0.5061706, 0.50137484, 0.5010362, 0.50089777, 0.5030306, 0.5020031, 0.502977, 0.5017732, 0.50920486, 0.50745845, 0.5083298, 0.5021577, 0.5010924, 0.501831, 0.5080017, 0.50924206, 0.5031732, 0.5008645, 0.5009146, 0.500761, 0.5034476, 0.5040618, 0.5027814, 0.5021918, 0.50877345, 0.50267893, 0.50349635, 0.50819635, 0.50812954, 0.5073602, 0.5011525, 0.50195444, 0.50082314, 0.5095211, 0.50803137, 0.5015553, 0.50247425, 0.50159127, 0.5014313, 0.5026643, 0.50193495, 0.50059646, 0.50152427, 0.50181645, 0.5027503, 0.50148255, 0.5024121, 0.50249386, 0.500948, 0.5038781, 0.5093343, 0.51094157, 0.50321895, 0.5087644, 0.5050142, 0.5019903, 0.50064266, 0.5084542, 0.51481944, 0.51356614, 0.514641, 0.51261693, 0.51254463, 0.5126303, 0.5148704, 0.51476365, 0.51482046, 0.51467633, 0.51425487, 0.51331896, 0.51403904, 0.512687, 0.51269, 0.51294965, 0.514929, 0.513889, 0.51389855, 0.5143601, 0.51521784, 0.51424724, 0.5141148, 0.51479137, 0.51347303, 0.5145151, 0.5148724, 0.51417094, 0.51254106, 0.51488847, 0.5133078, 0.5124579, 0.5147047, 0.5130164, 0.51367134, 0.5142853, 0.51334095, 0.51497966, 0.51357204, 0.5158168, 0.51294863, 0.51292527, 0.5132947, 0.5156239, 0.514936, 0.5128831, 0.51376086, 0.514274, 0.51411366, 0.51087064, 0.51455384, 0.5134237, 0.513366, 0.51379466, 0.51408637, 0.5145366, 0.5147604, 0.51264507, 0.51404625, 0.5136954, 0.5143582, 0.5160342, 0.51396006, 0.513696, 0.51436293, 0.51376134, 0.51420975, 0.51348317, 0.5149143, 0.5169432, 0.5137752, 0.5126869, 0.51397735, 0.5149227, 0.5127535, 0.5129426, 0.51549107, 0.5150068, 0.51351666, 0.5145831, 0.5141489, 0.51418597, 0.51238585, 0.5133696, 0.51399195, 0.51193064, 0.5150001, 0.5128418, 0.5127117, 0.51507294, 0.51528656, 0.51376784, 0.5145091, 0.51329255, 0.515308, 0.51356333, 0.5159637, 0.5136928, 0.51451474, 0.5144596, 0.51297605, 0.513063, 0.5147728, 0.5141501, 0.515052, 0.5141878, 0.5135266, 0.5146637, 0.5141785, 0.51416963, 0.5149218, 0.51351386, 0.51437056, 0.51439303, 0.51405233, 0.51584095, 0.5153383, 0.51549906, 0.5150405, 0.514224, 0.51466435, 0.515454, 0.5171995, 0.5125231, 0.51222944, 0.5159336, 0.51377773, 0.51322913, 0.51302505, 0.5153373, 0.51368785, 0.51419526, 0.51530826, 0.5140365, 0.5138512, 0.51394826, 0.5136634, 0.5156095, 0.5161353, 0.51448494, 0.51298314, 0.5139171, 0.51365966]
[0.5001037, 0.49993324, 0.50305384, 0.5013662, 0.500798, 0.5006917, 0.50689816, 0.5007773, 0.5005891, 0.50351477, 0.5024392, 0.49959406, 0.5031123, 0.505891, 0.499904, 0.50064874, 0.5073027, 0.4996396, 0.50221556, 0.5089817, 0.5087681, 0.50161487, 0.50129956, 0.5012588, 0.50085264, 0.5006352, 0.50108737, 0.5010027, 0.5015767, 0.50384784, 0.5073314, 0.50033057, 0.50046694, 0.5005675, 0.5057436, 0.50578576, 0.5027342, 0.5039776, 0.50436324, 0.50103414, 0.5038386, 0.49958622, 0.5036003, 0.49986514, 0.50267947, 0.50362706, 0.50387263, 0.5010416, 0.50048864, 0.5000508, 0.5003939, 0.5000136, 0.4997901, 0.5028556, 0.50303954, 0.500921, 0.5026027, 0.5001813, 0.50022775, 0.5015955, 0.50033665, 0.50373, 0.5053487, 0.5000414, 0.5030224, 0.50006056, 0.50174874, 0.5024922, 0.5028817, 0.5003537, 0.51042145, 0.5037095, 0.50649816, 0.5060758, 0.50409645, 0.5044531, 0.5042468, 0.5054278, 0.4999833, 0.49981743, 0.5015501, 0.5014419, 0.50071096, 0.5011904, 0.50016844, 0.5090607, 0.50782466, 0.50815874, 0.5021021, 0.50104237, 0.49994922, 0.50731134, 0.5088177, 0.50132364, 0.50013494, 0.50124264, 0.4999827, 0.501994, 0.5022783, 0.50299245, 0.5000721, 0.5075127, 0.5015891, 0.5024302, 0.5086082, 0.5062451, 0.5047572, 0.5006387, 0.50096893, 0.49994504, 0.5092491, 0.5073316, 0.49992645, 0.5002563, 0.50011134, 0.5033782, 0.50305736, 0.5019861, 0.50047714, 0.5008996, 0.5011663, 0.50119305, 0.5002762, 0.50120425, 0.50144875, 0.5007339, 0.5042433, 0.5101694, 0.51053023, 0.5010647, 0.50791156, 0.5058606, 0.503618, 0.5033005, 0.5089072, 0.5168826, 0.5138122, 0.5176567, 0.5142445, 0.5143189, 0.5140912, 0.5174189, 0.51686966, 0.5172939, 0.5168561, 0.51580226, 0.5152785, 0.51598996, 0.5134285, 0.5139577, 0.5156638, 0.5178852, 0.5148076, 0.5163623, 0.51680917, 0.5177542, 0.51625097, 0.5159201, 0.516804, 0.5145838, 0.51702905, 0.51760054, 0.5165285, 0.51513875, 0.5169303, 0.5149772, 0.5131005, 0.5160624, 0.5127912, 0.51623803, 0.5169226, 0.515111, 0.51713866, 0.5148429, 0.5188708, 0.51513505, 0.51395065, 0.5141878, 0.51825196, 0.5173243, 0.5158648, 0.5163928, 0.51663035, 0.51650375, 0.5117944, 0.5171164, 0.51613826, 0.5149525, 0.5157735, 0.5155026, 0.5172314, 0.51674646, 0.514345, 0.51657593, 0.5159942, 0.5158646, 0.51847667, 0.5161488, 0.5159451, 0.5165216, 0.5159113, 0.51662445, 0.51584923, 0.517141, 0.51987153, 0.51626825, 0.5146175, 0.5151743, 0.5173938, 0.5145846, 0.5144778, 0.518354, 0.5175045, 0.5146146, 0.5170206, 0.5166278, 0.51693267, 0.5134232, 0.5148815, 0.51682395, 0.51216507, 0.5177095, 0.5145452, 0.51421267, 0.51715916, 0.5180353, 0.51500297, 0.51557136, 0.51439434, 0.51845205, 0.51519054, 0.51857406, 0.51479065, 0.5162069, 0.51639813, 0.5137691, 0.5148574, 0.51715344, 0.5152814, 0.5175959, 0.5163968, 0.5155022, 0.51736426, 0.5154827, 0.51565874, 0.51890576, 0.5149024, 0.516677, 0.51672137, 0.5162319, 0.5191592, 0.51730776, 0.5179173, 0.5179231, 0.515961, 0.5170335, 0.5178521, 0.52021486, 0.5143255, 0.5135613, 0.51865333, 0.51477593, 0.5145607, 0.5141134, 0.51792854, 0.5166091, 0.51669556, 0.51855105, 0.5161364, 0.5154834, 0.51680535, 0.5155215, 0.517715, 0.5194923, 0.51575744, 0.5144303, 0.51536113, 0.5161636]
[0.4993262, 0.50055414, 0.5020201, 0.50187504, 0.49874645, 0.49889138, 0.5073683, 0.4996186, 0.49941424, 0.5006038, 0.49986032, 0.49941334, 0.5026492, 0.50708663, 0.49881715, 0.5003196, 0.50967306, 0.49928144, 0.49991792, 0.510737, 0.51032144, 0.4997196, 0.50248396, 0.5012694, 0.4990433, 0.49930355, 0.4998608, 0.49944392, 0.49920186, 0.5008215, 0.5079325, 0.50072664, 0.4991288, 0.50034654, 0.5075973, 0.5079857, 0.50002444, 0.50360805, 0.50500506, 0.49919584, 0.5005635, 0.49892917, 0.50428516, 0.4987292, 0.5006836, 0.5011692, 0.5010974, 0.4997743, 0.5005474, 0.4995949, 0.50038594, 0.49857548, 0.49871656, 0.5002686, 0.5003938, 0.49911538, 0.5000171, 0.49899507, 0.49901894, 0.49957693, 0.49910146, 0.50494415, 0.5076783, 0.49877942, 0.50489837, 0.49872285, 0.5014298, 0.5002297, 0.5003016, 0.49913147, 0.5133983, 0.5050246, 0.50646156, 0.5079208, 0.50520414, 0.5049274, 0.5052867, 0.506553, 0.4999089, 0.499762, 0.5002206, 0.50420976, 0.4985411, 0.49916664, 0.49861914, 0.51129115, 0.5083107, 0.50888616, 0.501774, 0.5012819, 0.49888965, 0.5085842, 0.5105361, 0.5023997, 0.49969822, 0.50063026, 0.5003799, 0.49966335, 0.49997544, 0.50369513, 0.50087357, 0.5089266, 0.49940038, 0.4997985, 0.5098438, 0.5084643, 0.50560784, 0.4994607, 0.4987773, 0.49908188, 0.51063794, 0.5080644, 0.49891445, 0.49943855, 0.49886733, 0.49980423, 0.5026503, 0.5012354, 0.49973467, 0.5004076, 0.50013447, 0.49944612, 0.49889126, 0.5017065, 0.49909043, 0.50009483, 0.50428647, 0.51145476, 0.513035, 0.49916038, 0.50960577, 0.5056185, 0.5020262, 0.50131345, 0.5098826, 0.51914907, 0.5170538, 0.5202278, 0.51635784, 0.5166492, 0.51603603, 0.5193351, 0.51894337, 0.51960677, 0.5190738, 0.51825595, 0.5176167, 0.51832664, 0.51578975, 0.5170513, 0.5177838, 0.5200417, 0.51804614, 0.51875854, 0.5188921, 0.5205615, 0.5188563, 0.51859176, 0.5190807, 0.51792437, 0.5193542, 0.5201291, 0.5185868, 0.5165416, 0.5193839, 0.51790243, 0.51563865, 0.51902217, 0.5164401, 0.51838404, 0.51929533, 0.5169257, 0.5196757, 0.5174207, 0.5216749, 0.5175006, 0.5166532, 0.51684433, 0.5207291, 0.5202103, 0.5175126, 0.5178603, 0.5187618, 0.51868755, 0.51437956, 0.5190742, 0.5180228, 0.51705587, 0.5179153, 0.51848334, 0.52004755, 0.51961964, 0.5168074, 0.51908135, 0.5185064, 0.51807356, 0.5215338, 0.51894516, 0.51841784, 0.51855737, 0.517655, 0.5189917, 0.51782835, 0.5197043, 0.52277786, 0.51852065, 0.51709926, 0.51753247, 0.5201664, 0.5164707, 0.51704323, 0.52092767, 0.52000594, 0.5174399, 0.5189615, 0.5195721, 0.51887846, 0.515913, 0.51853395, 0.5193258, 0.51525724, 0.52032274, 0.5164824, 0.5164177, 0.52026695, 0.52021277, 0.5175623, 0.5188167, 0.51775247, 0.5209158, 0.5173059, 0.5213077, 0.51734465, 0.5189591, 0.51945525, 0.5163374, 0.5175545, 0.5193707, 0.5181285, 0.5203578, 0.5190131, 0.51810473, 0.51928216, 0.51841986, 0.51795316, 0.52086633, 0.51719326, 0.5189668, 0.5193459, 0.5178499, 0.5216657, 0.5203973, 0.520738, 0.5204648, 0.518753, 0.5195327, 0.5202347, 0.5231819, 0.5167026, 0.51572996, 0.5213781, 0.5176303, 0.51705146, 0.5169109, 0.52035224, 0.51823634, 0.5185267, 0.5208002, 0.51825345, 0.5187797, 0.5186946, 0.5184804, 0.5204501, 0.5219777, 0.51849955, 0.5165412, 0.5180884, 0.51801455]
[0.5025668, 0.5022406, 0.50198376, 0.50184023, 0.5043999, 0.5043775, 0.50468165, 0.50442517, 0.5050542, 0.5079978, 0.5063069, 0.5023917, 0.50197965, 0.5048363, 0.5030888, 0.5018829, 0.5063331, 0.50215286, 0.5065428, 0.5066433, 0.5063817, 0.50578797, 0.5024499, 0.50159895, 0.50365007, 0.50443834, 0.5014171, 0.5054298, 0.5047075, 0.508745, 0.50570035, 0.501314, 0.5044119, 0.5022685, 0.5055495, 0.5056783, 0.5071863, 0.5043069, 0.50388813, 0.5049277, 0.5091117, 0.50233597, 0.5037242, 0.50340915, 0.5084518, 0.50995415, 0.510326, 0.50672716, 0.5011675, 0.501494, 0.5014046, 0.504104, 0.5034147, 0.50751376, 0.50783616, 0.50422937, 0.50661993, 0.5029331, 0.5040433, 0.50490034, 0.50371313, 0.504411, 0.50555164, 0.5035019, 0.50396806, 0.50348145, 0.5023557, 0.50669783, 0.5076831, 0.5026633, 0.5078703, 0.50411874, 0.5052952, 0.5055468, 0.503163, 0.50438964, 0.50385875, 0.504835, 0.50212675, 0.5029529, 0.5022905, 0.50307035, 0.50321907, 0.50472236, 0.50281835, 0.50724345, 0.50597733, 0.50612086, 0.5020043, 0.5018171, 0.5024509, 0.5060844, 0.5068981, 0.5019343, 0.5018482, 0.5016245, 0.50137734, 0.50569034, 0.50643843, 0.5037045, 0.5014622, 0.5062684, 0.5049339, 0.50601465, 0.5069041, 0.50629187, 0.50491714, 0.5016232, 0.50371355, 0.5017764, 0.5067481, 0.5056173, 0.5041571, 0.5052148, 0.50296503, 0.5012527, 0.5026826, 0.5016993, 0.50182736, 0.5011109, 0.50102973, 0.504619, 0.50398666, 0.5018036, 0.504727, 0.50112563, 0.5030947, 0.50730985, 0.50785714, 0.5047446, 0.50638074, 0.5050795, 0.5030634, 0.5019693, 0.5067432, 0.51106745, 0.50973827, 0.51107025, 0.50941145, 0.50948036, 0.50935304, 0.51090467, 0.5106947, 0.51095074, 0.5111729, 0.51066494, 0.51014054, 0.5106425, 0.5090863, 0.5096352, 0.5100484, 0.5111487, 0.5099899, 0.5105438, 0.51085913, 0.5113043, 0.5105342, 0.5105434, 0.51070154, 0.5100952, 0.5106806, 0.5113909, 0.5105256, 0.5099141, 0.510927, 0.51003706, 0.5092032, 0.5109955, 0.5094874, 0.5104267, 0.5109618, 0.5098089, 0.5112055, 0.50996697, 0.51201713, 0.50984406, 0.50938267, 0.5095893, 0.5113902, 0.5107909, 0.509994, 0.5103047, 0.5103652, 0.5106146, 0.5088156, 0.5111348, 0.51032794, 0.509963, 0.5103301, 0.5104041, 0.511361, 0.51093423, 0.5098564, 0.5108222, 0.5106382, 0.51042557, 0.5118009, 0.51075166, 0.5106729, 0.51051503, 0.51030636, 0.5108068, 0.51046336, 0.51107633, 0.5126154, 0.51032925, 0.50969976, 0.5099462, 0.5113724, 0.50967354, 0.50985366, 0.51174355, 0.51101255, 0.5097664, 0.5108246, 0.5108163, 0.510955, 0.5090555, 0.5101543, 0.5106795, 0.5088444, 0.51125294, 0.50987923, 0.50979954, 0.5113707, 0.5113491, 0.5100404, 0.5106697, 0.5101841, 0.5115835, 0.5101927, 0.5119187, 0.51004314, 0.5105972, 0.5108529, 0.5096554, 0.5096726, 0.5111023, 0.51024693, 0.51129013, 0.51108277, 0.5105661, 0.51106036, 0.51040787, 0.5100484, 0.51169837, 0.51019806, 0.51074904, 0.51094824, 0.51054585, 0.5119691, 0.5110544, 0.5114507, 0.51135164, 0.5108189, 0.51094884, 0.511585, 0.5126669, 0.50947726, 0.5092933, 0.5119068, 0.5102156, 0.5098471, 0.5098131, 0.51135665, 0.51048875, 0.51079977, 0.5117531, 0.51060915, 0.5106293, 0.510915, 0.5106552, 0.5114111, 0.51225346, 0.5103932, 0.5095602, 0.51018673, 0.51045257]
[0.5004763, 0.501993, 0.5033114, 0.50253063, 0.50037557, 0.5003835, 0.5073458, 0.5012645, 0.50131017, 0.5036631, 0.5023747, 0.5009695, 0.5040944, 0.5071584, 0.5017672, 0.50322443, 0.5087514, 0.5028952, 0.50195277, 0.5093853, 0.50916225, 0.5011698, 0.50472105, 0.50404006, 0.50021374, 0.5009436, 0.5021004, 0.501694, 0.5014507, 0.5044103, 0.50789857, 0.50255585, 0.5007383, 0.5027937, 0.50772107, 0.50813776, 0.5027201, 0.50524753, 0.5062846, 0.5009948, 0.5041076, 0.5024058, 0.5060542, 0.50130516, 0.5032734, 0.5045927, 0.5047429, 0.50122905, 0.5030781, 0.5025633, 0.50282514, 0.5006083, 0.5005071, 0.5036704, 0.50381213, 0.50087863, 0.50280404, 0.5002636, 0.5003897, 0.50152653, 0.5006827, 0.5057671, 0.5071361, 0.5010066, 0.5056543, 0.50088525, 0.5040059, 0.5034301, 0.5034704, 0.5021293, 0.51047516, 0.5056208, 0.506219, 0.5075245, 0.50579476, 0.5059096, 0.50677997, 0.5069365, 0.5014635, 0.5015449, 0.5022028, 0.50423807, 0.5001554, 0.50126624, 0.5004575, 0.50992805, 0.5081001, 0.50924325, 0.5051371, 0.5039942, 0.5018611, 0.50913465, 0.509784, 0.5045722, 0.502139, 0.50393134, 0.5019874, 0.50197816, 0.50270927, 0.5050511, 0.503605, 0.50931454, 0.5011444, 0.50214976, 0.50919336, 0.5079807, 0.50696814, 0.50284076, 0.5006781, 0.5022281, 0.50987035, 0.5085457, 0.5017355, 0.50050986, 0.50154895, 0.505116, 0.5046736, 0.5036179, 0.502044, 0.50257665, 0.50328696, 0.5012887, 0.5008181, 0.5035428, 0.50123584, 0.5024893, 0.50547546, 0.50995463, 0.5109843, 0.50103486, 0.50927234, 0.5063619, 0.5042615, 0.5048018, 0.50996685, 0.51565135, 0.51408786, 0.5159817, 0.51328075, 0.51301765, 0.51339465, 0.5158183, 0.51568127, 0.5156092, 0.5156868, 0.51475364, 0.5138485, 0.5150493, 0.51313984, 0.51340514, 0.51427156, 0.5160333, 0.51407415, 0.51499027, 0.51526076, 0.5162204, 0.5148654, 0.5149564, 0.51547295, 0.51433814, 0.5153249, 0.51607597, 0.5151843, 0.5136469, 0.51555455, 0.5140203, 0.51280063, 0.5151996, 0.5129952, 0.51482344, 0.5152524, 0.51433355, 0.51564187, 0.5146253, 0.51700157, 0.51425886, 0.5133312, 0.5134858, 0.51681477, 0.5158959, 0.51461333, 0.51492655, 0.5150797, 0.5154649, 0.5114552, 0.515622, 0.5145865, 0.51400787, 0.51460683, 0.5146491, 0.51578164, 0.51577026, 0.513965, 0.51554763, 0.5149176, 0.5151246, 0.517098, 0.5152296, 0.51497144, 0.5151698, 0.5147739, 0.51556313, 0.5145163, 0.51561105, 0.518164, 0.51479447, 0.5137368, 0.514372, 0.51590794, 0.5137103, 0.51383793, 0.5166027, 0.51600116, 0.51395404, 0.5154832, 0.5155909, 0.5155879, 0.5128843, 0.51431686, 0.5155428, 0.5125291, 0.5158896, 0.5135422, 0.5138732, 0.5159822, 0.5168299, 0.5146976, 0.5148239, 0.5142315, 0.51667905, 0.5144811, 0.51684064, 0.51397043, 0.51506186, 0.5151166, 0.5135633, 0.5140296, 0.51566833, 0.51460963, 0.51603055, 0.5156619, 0.5151022, 0.5158237, 0.51470834, 0.51507574, 0.5166989, 0.5145678, 0.5156322, 0.5155132, 0.5148005, 0.51717144, 0.51620376, 0.5164345, 0.5166574, 0.51515704, 0.51545787, 0.51623535, 0.51810896, 0.5135203, 0.513238, 0.51695865, 0.51434594, 0.5137814, 0.5136509, 0.5164446, 0.5154194, 0.5157558, 0.5169353, 0.51516104, 0.5151712, 0.5153744, 0.5148017, 0.5162106, 0.5172056, 0.5146709, 0.51410943, 0.5150256, 0.5147666]
[0.50016016, 0.5005388, 0.5042257, 0.50339246, 0.50037384, 0.50026774, 0.5084395, 0.50235367, 0.5023925, 0.50408834, 0.5031165, 0.50074893, 0.5057299, 0.509068, 0.5017668, 0.50340635, 0.5096533, 0.5027184, 0.50303465, 0.5103257, 0.51025534, 0.5024502, 0.5081507, 0.5072911, 0.50097626, 0.5023785, 0.5013686, 0.5022308, 0.5014564, 0.5043671, 0.50904286, 0.50069934, 0.5010147, 0.5013184, 0.5086621, 0.50947857, 0.5032485, 0.5067381, 0.50783604, 0.5013672, 0.50364137, 0.5018655, 0.5076338, 0.50378484, 0.50274575, 0.50401086, 0.50472367, 0.5018029, 0.50480473, 0.5037103, 0.5045423, 0.5002121, 0.50033337, 0.50337017, 0.50360346, 0.50039184, 0.5027187, 0.5001586, 0.500285, 0.5016823, 0.5016885, 0.50561804, 0.50876135, 0.5004991, 0.50785893, 0.5008672, 0.50636077, 0.50344807, 0.5042676, 0.5009597, 0.5111572, 0.50728923, 0.50651747, 0.50880784, 0.50738364, 0.508014, 0.50787836, 0.50811684, 0.5005677, 0.5010037, 0.5003574, 0.5043488, 0.50096506, 0.5025704, 0.5011242, 0.510407, 0.50948703, 0.5097464, 0.50503755, 0.5040063, 0.5006888, 0.5096586, 0.5106131, 0.5061159, 0.5011776, 0.50382465, 0.5006109, 0.50294036, 0.50306344, 0.5024661, 0.5010303, 0.5103882, 0.5020698, 0.5023081, 0.5093981, 0.50936705, 0.5085526, 0.50342464, 0.500102, 0.50336325, 0.5107767, 0.50931686, 0.5003087, 0.5021653, 0.5001483, 0.5024164, 0.5065419, 0.5053393, 0.50250524, 0.50388694, 0.50340194, 0.5012279, 0.50047135, 0.50532615, 0.50156325, 0.5021017, 0.5061281, 0.5099134, 0.5118801, 0.5012571, 0.5104093, 0.50735366, 0.5038076, 0.50273126, 0.5100659, 0.51583517, 0.51410574, 0.51588064, 0.5130369, 0.5130117, 0.51354975, 0.51641685, 0.51601857, 0.5158039, 0.5161269, 0.51548624, 0.514496, 0.5151306, 0.51425266, 0.51403993, 0.51389015, 0.5159238, 0.5147238, 0.51517755, 0.51550937, 0.5165738, 0.5155559, 0.5158162, 0.5163485, 0.5146948, 0.5159603, 0.5161723, 0.5156677, 0.51392174, 0.51599497, 0.51404214, 0.51247555, 0.51550317, 0.5133869, 0.51470876, 0.5154365, 0.5154113, 0.51626116, 0.51511526, 0.5171425, 0.5146192, 0.51371986, 0.5136753, 0.51705146, 0.5161742, 0.5139909, 0.5151479, 0.5154829, 0.5156345, 0.51151335, 0.51542115, 0.51447386, 0.5140672, 0.51477677, 0.5154236, 0.51592445, 0.5163496, 0.51429874, 0.515438, 0.5147572, 0.51539123, 0.5173727, 0.51584494, 0.5153381, 0.5156042, 0.51556367, 0.5160805, 0.51386005, 0.515309, 0.518294, 0.5148229, 0.5139946, 0.5154793, 0.51614803, 0.51419944, 0.51416385, 0.5167057, 0.5162287, 0.51492, 0.5154067, 0.51520675, 0.5154709, 0.51361966, 0.5147451, 0.51581794, 0.5130361, 0.51634836, 0.51323503, 0.51334757, 0.51570475, 0.5170738, 0.51515186, 0.515471, 0.51458937, 0.5164719, 0.51426405, 0.51713055, 0.51470464, 0.51544374, 0.51516676, 0.5141876, 0.51398116, 0.5156002, 0.51509243, 0.5162916, 0.5160199, 0.5151933, 0.5159875, 0.51522934, 0.51623356, 0.51627374, 0.51497746, 0.5158043, 0.51590943, 0.51542425, 0.5176049, 0.51675206, 0.51714295, 0.5169674, 0.5156629, 0.51539314, 0.51659006, 0.51818836, 0.5138735, 0.5127812, 0.51724464, 0.5143567, 0.5144874, 0.5140959, 0.51687336, 0.5150471, 0.51519907, 0.5170953, 0.51465654, 0.5152431, 0.51536137, 0.51498, 0.5166999, 0.51788193, 0.5157806, 0.5139916, 0.515375, 0.5152869]
[0.50239956, 0.5032127, 0.5036577, 0.50422233, 0.5007468, 0.50088096, 0.5073903, 0.50039387, 0.50053746, 0.5006917, 0.49956432, 0.502802, 0.50559574, 0.5083628, 0.50249064, 0.5035078, 0.50967366, 0.50433356, 0.4991895, 0.5100111, 0.5096331, 0.50005174, 0.50598395, 0.50437015, 0.5006811, 0.49986485, 0.5035249, 0.49956825, 0.50123525, 0.5011155, 0.5080566, 0.5047083, 0.5013012, 0.50410664, 0.50815815, 0.508534, 0.49969572, 0.5072087, 0.50688, 0.50046057, 0.50043154, 0.5030276, 0.506631, 0.50236166, 0.500665, 0.5013527, 0.5016835, 0.49973807, 0.50417626, 0.5042168, 0.5030624, 0.5010792, 0.5011253, 0.5002546, 0.5003984, 0.5013417, 0.49966347, 0.501348, 0.50190794, 0.49989828, 0.50082636, 0.5075861, 0.50869006, 0.501918, 0.50613767, 0.50231427, 0.50495285, 0.50012773, 0.50008804, 0.50288033, 0.5116198, 0.50715935, 0.5074143, 0.5085225, 0.5065077, 0.5064528, 0.507262, 0.50765735, 0.5030043, 0.5036746, 0.50328517, 0.5068936, 0.5029495, 0.4999553, 0.50206715, 0.51033545, 0.5087394, 0.50909454, 0.5052478, 0.50476366, 0.502255, 0.50909185, 0.51038665, 0.5061773, 0.5037512, 0.503687, 0.50522995, 0.49974293, 0.49992305, 0.506255, 0.5049622, 0.5095387, 0.50010884, 0.49929705, 0.50982183, 0.50927955, 0.5082364, 0.5041466, 0.5013245, 0.5035212, 0.51033545, 0.5086519, 0.50233483, 0.50049645, 0.50194037, 0.5041192, 0.5059173, 0.5048005, 0.5031328, 0.5037421, 0.50335395, 0.50011647, 0.50173205, 0.50507236, 0.5002887, 0.5035722, 0.50584835, 0.5107196, 0.51197445, 0.50092375, 0.5096044, 0.5080023, 0.50580007, 0.5051164, 0.5097207, 0.51648253, 0.51494133, 0.51642287, 0.51420844, 0.51396656, 0.5140729, 0.5163324, 0.5162541, 0.516267, 0.51662815, 0.5159402, 0.515033, 0.51573485, 0.5134293, 0.51435727, 0.51548266, 0.5164921, 0.5149554, 0.515805, 0.5165211, 0.5169265, 0.5158788, 0.5157823, 0.516169, 0.5154426, 0.5162827, 0.5168946, 0.5158743, 0.51431143, 0.5163237, 0.5146802, 0.5139213, 0.5167651, 0.51448286, 0.5156964, 0.51627916, 0.51480514, 0.51666623, 0.5154343, 0.5178813, 0.51474947, 0.51422477, 0.5144388, 0.517309, 0.5166883, 0.51462686, 0.51561236, 0.51610625, 0.516295, 0.5126701, 0.5161243, 0.5154008, 0.5146109, 0.51578456, 0.51571184, 0.5165766, 0.51667625, 0.5142631, 0.5158037, 0.5156941, 0.5158816, 0.5181123, 0.5158359, 0.51552004, 0.5161725, 0.5153385, 0.51632285, 0.51535785, 0.5166078, 0.5190391, 0.5155934, 0.51460415, 0.51535773, 0.517071, 0.51477593, 0.5148192, 0.51723003, 0.51678866, 0.5150584, 0.51653177, 0.5164798, 0.51619333, 0.5135296, 0.51526433, 0.5160887, 0.5134265, 0.5169797, 0.51496, 0.5144813, 0.51720715, 0.51696986, 0.51510733, 0.5158787, 0.5150727, 0.51749533, 0.51509356, 0.5178566, 0.5149579, 0.5160062, 0.51635456, 0.51445204, 0.51465356, 0.5166847, 0.51564616, 0.51698405, 0.51638913, 0.5154518, 0.5164279, 0.515332, 0.5154593, 0.51720476, 0.5149631, 0.5163975, 0.5163828, 0.51570964, 0.51794314, 0.5171887, 0.5174949, 0.5171048, 0.5162774, 0.51635414, 0.5175184, 0.5192953, 0.5140335, 0.5135909, 0.51786536, 0.5154907, 0.51473033, 0.5145522, 0.5170653, 0.51544935, 0.5161744, 0.5175683, 0.51595145, 0.51577497, 0.5159751, 0.51565295, 0.51755536, 0.5183066, 0.51607025, 0.5148168, 0.5157327, 0.51559216]
[0.50154597, 0.501848, 0.50256145, 0.50307703, 0.5017233, 0.5014896, 0.50613266, 0.501816, 0.50161177, 0.5039495, 0.50233644, 0.5018069, 0.5043736, 0.5067965, 0.5014811, 0.5033585, 0.50707644, 0.50180876, 0.5031841, 0.5079964, 0.5082047, 0.5017667, 0.5046517, 0.5038275, 0.5008644, 0.501309, 0.50181836, 0.5016558, 0.5009688, 0.5046421, 0.5059613, 0.502566, 0.50078136, 0.50201803, 0.5066371, 0.5070742, 0.5029399, 0.50439984, 0.5052391, 0.50105894, 0.50381094, 0.5026373, 0.50587547, 0.5022262, 0.5028831, 0.50438356, 0.5049158, 0.50177056, 0.5032496, 0.5032091, 0.50267154, 0.50136846, 0.5011333, 0.50331193, 0.5037912, 0.50129825, 0.5024138, 0.5006386, 0.50079936, 0.50150615, 0.50076574, 0.5043374, 0.5066837, 0.50158066, 0.506091, 0.5014967, 0.50443494, 0.5039746, 0.50375307, 0.50130063, 0.50900716, 0.50509703, 0.50426924, 0.5064407, 0.50568014, 0.5058284, 0.5057906, 0.5061572, 0.5010153, 0.500948, 0.5013615, 0.50381523, 0.50161445, 0.5017086, 0.50098145, 0.5082849, 0.50721276, 0.50735253, 0.5042182, 0.5037854, 0.50138813, 0.50716347, 0.50832105, 0.5045377, 0.5028009, 0.50273824, 0.50284094, 0.50210744, 0.50321275, 0.5037535, 0.5033626, 0.5079049, 0.5009189, 0.5018581, 0.5072212, 0.507261, 0.5065547, 0.5030497, 0.50121903, 0.50309324, 0.508282, 0.50693667, 0.5009383, 0.50167507, 0.50082064, 0.5027087, 0.5044425, 0.50384, 0.5024395, 0.5029509, 0.5027764, 0.5012732, 0.50124645, 0.5039592, 0.5005703, 0.50286514, 0.5046663, 0.5079226, 0.50921935, 0.50125647, 0.5078434, 0.50385237, 0.50152344, 0.5029625, 0.5076729, 0.5124314, 0.5115723, 0.51209265, 0.51062214, 0.5103582, 0.5110383, 0.51266444, 0.51247567, 0.51232713, 0.5128107, 0.5119857, 0.5113749, 0.51187724, 0.511069, 0.51104796, 0.510886, 0.5123768, 0.5117776, 0.5120632, 0.5121645, 0.51286614, 0.5120072, 0.51223856, 0.5125941, 0.51153225, 0.5123207, 0.5126966, 0.5118211, 0.5107516, 0.5125691, 0.5114277, 0.5109476, 0.51252514, 0.5111829, 0.5117402, 0.51201147, 0.5117981, 0.51250255, 0.5118277, 0.51348394, 0.5114518, 0.51135564, 0.5113195, 0.51328593, 0.5127514, 0.5112193, 0.5117545, 0.5119681, 0.512225, 0.5091689, 0.51214033, 0.51113725, 0.5112605, 0.51171005, 0.51202756, 0.5124292, 0.5125599, 0.5111656, 0.5122948, 0.5115608, 0.5121539, 0.5135372, 0.512126, 0.5119637, 0.5120842, 0.51178545, 0.51249117, 0.51144236, 0.512385, 0.51421624, 0.51142377, 0.51086426, 0.5122972, 0.5125969, 0.51104504, 0.51125515, 0.51279676, 0.5126293, 0.5116081, 0.51219743, 0.512012, 0.51202124, 0.51077074, 0.51153636, 0.5121251, 0.51041865, 0.51261234, 0.5109217, 0.5107522, 0.51263916, 0.5131537, 0.5119046, 0.51235336, 0.51156896, 0.5129573, 0.51148075, 0.51317644, 0.5115942, 0.5121149, 0.5124158, 0.51148546, 0.51123077, 0.51217884, 0.5118849, 0.512729, 0.5122254, 0.5115748, 0.5124288, 0.51216185, 0.51210827, 0.51250726, 0.51156956, 0.5121285, 0.512649, 0.51183504, 0.5135291, 0.51322174, 0.5133121, 0.5132439, 0.512192, 0.51198757, 0.5131211, 0.5142335, 0.51101214, 0.51052445, 0.5132651, 0.51170737, 0.5108842, 0.510758, 0.5129993, 0.5119404, 0.5119376, 0.513254, 0.51178837, 0.5119255, 0.5118313, 0.51178277, 0.5130878, 0.51372236, 0.5125294, 0.5110504, 0.51196325, 0.5118193]
[0.50289625, 0.5017241, 0.5009003, 0.5006574, 0.50279075, 0.5031467, 0.50310117, 0.5040683, 0.50381356, 0.5069457, 0.5051288, 0.50208974, 0.50093776, 0.5039736, 0.5016133, 0.5011031, 0.5059937, 0.500795, 0.50468343, 0.50634533, 0.5064151, 0.5043863, 0.5019372, 0.5012767, 0.50251496, 0.5035581, 0.5020914, 0.5046392, 0.50333816, 0.5069787, 0.5042778, 0.50148535, 0.50284654, 0.5012368, 0.5044522, 0.5044684, 0.5054777, 0.5013181, 0.5028059, 0.5035734, 0.50605685, 0.5010648, 0.5025803, 0.50124145, 0.5051162, 0.5066895, 0.50697416, 0.5037881, 0.50080174, 0.50030446, 0.5011176, 0.50233644, 0.50263387, 0.50551265, 0.50568146, 0.5021625, 0.50460273, 0.50249225, 0.5026696, 0.50375146, 0.5034704, 0.50176376, 0.50428665, 0.5024515, 0.5032655, 0.50214505, 0.5004071, 0.5059883, 0.5062163, 0.50217855, 0.5080183, 0.5013282, 0.50132126, 0.50453496, 0.50187474, 0.5026895, 0.503363, 0.50305897, 0.50253844, 0.501829, 0.5019834, 0.5005398, 0.5031158, 0.5043412, 0.50308704, 0.5069276, 0.50438064, 0.50583446, 0.50099844, 0.50064725, 0.5015791, 0.50565684, 0.5071553, 0.5012687, 0.50055456, 0.5002831, 0.5011959, 0.504318, 0.5056753, 0.5006548, 0.5005015, 0.50655025, 0.50404966, 0.50465137, 0.50597954, 0.50526685, 0.5037513, 0.5008036, 0.50245565, 0.50097895, 0.5073144, 0.50594664, 0.5018404, 0.5033717, 0.50247353, 0.5007745, 0.5011647, 0.5008751, 0.50082684, 0.5008519, 0.5005669, 0.5039448, 0.50288635, 0.5007596, 0.50351876, 0.5008529, 0.50160575, 0.5070945, 0.5083998, 0.5038277, 0.5060898, 0.502241, 0.5003442, 0.5001967, 0.5067138, 0.511983, 0.5105751, 0.5119616, 0.5102586, 0.50980866, 0.5097882, 0.51246893, 0.51230407, 0.5117239, 0.5120022, 0.5116079, 0.5106662, 0.5114179, 0.5102506, 0.51017034, 0.5105758, 0.51227385, 0.51097786, 0.51145107, 0.51183826, 0.5126987, 0.5118314, 0.51190627, 0.51231676, 0.5110021, 0.51194113, 0.512302, 0.5115928, 0.51022047, 0.5121165, 0.5106054, 0.50944775, 0.51198256, 0.5100015, 0.51097345, 0.5111958, 0.5112938, 0.5121943, 0.5112402, 0.513137, 0.5108884, 0.51055413, 0.51066077, 0.51284575, 0.51242274, 0.5105887, 0.5111194, 0.5112515, 0.51160806, 0.5085018, 0.51170045, 0.5107865, 0.51072806, 0.5112463, 0.5113881, 0.5123564, 0.5122787, 0.5101689, 0.5117527, 0.5109862, 0.5114893, 0.513185, 0.51156074, 0.5113413, 0.51162684, 0.5114222, 0.51160014, 0.5107588, 0.5121653, 0.5143885, 0.51128423, 0.5103631, 0.5114607, 0.51237786, 0.51031154, 0.51066417, 0.5126699, 0.5123592, 0.51113665, 0.5120092, 0.511668, 0.51153016, 0.5099206, 0.51064664, 0.51203567, 0.5093839, 0.51230985, 0.51001936, 0.51008105, 0.5124104, 0.5128877, 0.51152897, 0.51180106, 0.5109794, 0.51271904, 0.51078176, 0.51321024, 0.51100326, 0.51179636, 0.5116618, 0.5103525, 0.5104773, 0.5118735, 0.51142436, 0.5124595, 0.5118181, 0.5110958, 0.5122009, 0.51134944, 0.5117958, 0.5126119, 0.51128966, 0.51186997, 0.51200664, 0.51147324, 0.51322126, 0.51276964, 0.51303226, 0.51298624, 0.5116915, 0.51197696, 0.5126998, 0.51444626, 0.50998884, 0.50966686, 0.51327544, 0.51117754, 0.5106011, 0.5103637, 0.51279587, 0.5112781, 0.51166606, 0.513044, 0.5116359, 0.5113872, 0.51153225, 0.51119643, 0.5130615, 0.5138562, 0.5118738, 0.5104447, 0.51174533, 0.511117]
[0.5004659, 0.50088876, 0.50212455, 0.50173587, 0.50087196, 0.50159395, 0.5057328, 0.50045186, 0.50042045, 0.5049139, 0.50303143, 0.5005289, 0.5023122, 0.5052258, 0.50079066, 0.50172025, 0.50747406, 0.50182307, 0.5027896, 0.50712466, 0.50711775, 0.50172013, 0.50281024, 0.5024761, 0.50114673, 0.5022702, 0.5031959, 0.5019346, 0.50084805, 0.5051614, 0.50647485, 0.5018635, 0.50136924, 0.5015785, 0.50535536, 0.50589055, 0.5035226, 0.50511074, 0.50507027, 0.50157213, 0.5044753, 0.5008308, 0.5041158, 0.5005025, 0.5055621, 0.5064647, 0.5067507, 0.50356424, 0.5030402, 0.50178957, 0.50260705, 0.5001444, 0.5001447, 0.5047627, 0.50516474, 0.50148463, 0.5035742, 0.5004737, 0.5004288, 0.5017247, 0.5012224, 0.50576204, 0.50678796, 0.5001983, 0.5036014, 0.50048184, 0.50260216, 0.50403965, 0.50439775, 0.5006632, 0.5085496, 0.50378454, 0.5064341, 0.5064282, 0.503601, 0.5041294, 0.5041618, 0.50511587, 0.5020328, 0.5017517, 0.5020488, 0.5038353, 0.5007654, 0.5028681, 0.5004543, 0.50740373, 0.5063773, 0.5069461, 0.50381947, 0.50325567, 0.5004463, 0.5063125, 0.50732195, 0.50382334, 0.5013671, 0.50208807, 0.50293934, 0.5019825, 0.50312525, 0.5033185, 0.5018669, 0.5069233, 0.50084364, 0.50328815, 0.50767463, 0.50699484, 0.5059838, 0.5013307, 0.50070745, 0.50086826, 0.5077006, 0.5066392, 0.5016388, 0.5004737, 0.5013366, 0.50234604, 0.50462675, 0.50394154, 0.50202465, 0.50217277, 0.50169027, 0.5019381, 0.50054455, 0.50285846, 0.5014009, 0.50018835, 0.50302666, 0.5079284, 0.50859827, 0.502011, 0.50675887, 0.5068256, 0.5058724, 0.5043787, 0.50760424, 0.5109543, 0.5101336, 0.5114126, 0.51003504, 0.50968933, 0.50992316, 0.51131725, 0.5111867, 0.5113249, 0.51174, 0.51126504, 0.5106835, 0.51070213, 0.5090938, 0.50967103, 0.5108838, 0.51151294, 0.51009816, 0.5103621, 0.5112599, 0.5110469, 0.5109421, 0.5108924, 0.5109108, 0.51069796, 0.511197, 0.51165134, 0.5110777, 0.51018894, 0.5110228, 0.5103883, 0.5098861, 0.5115268, 0.5097052, 0.5109772, 0.5112184, 0.5100556, 0.5114744, 0.51059705, 0.5119767, 0.5102932, 0.5099814, 0.5100856, 0.5118934, 0.51093936, 0.51057756, 0.5106668, 0.5107547, 0.5109392, 0.50922996, 0.5113959, 0.5108411, 0.51041126, 0.5110671, 0.51078874, 0.51134163, 0.5111787, 0.5096121, 0.51122534, 0.5108044, 0.5109397, 0.5118571, 0.5106841, 0.5107628, 0.5110444, 0.5106348, 0.51116407, 0.5111334, 0.51141965, 0.51276886, 0.51079196, 0.5101712, 0.51047987, 0.51172024, 0.50987387, 0.5103542, 0.5121139, 0.511265, 0.5094528, 0.51128525, 0.5109457, 0.51114964, 0.5095408, 0.51048124, 0.5111128, 0.5088283, 0.5113069, 0.51058835, 0.510022, 0.5111564, 0.511358, 0.51059264, 0.51051396, 0.51082695, 0.51178014, 0.5105127, 0.5118431, 0.5097792, 0.51096654, 0.5109238, 0.51001316, 0.5098622, 0.511812, 0.510779, 0.51154053, 0.5111187, 0.5107479, 0.5112059, 0.5105732, 0.5104153, 0.51209754, 0.51043016, 0.51094174, 0.5107057, 0.51087904, 0.51207316, 0.5114589, 0.51178074, 0.51168275, 0.51107097, 0.511218, 0.5119898, 0.51306105, 0.5097372, 0.50933546, 0.51218116, 0.5102797, 0.51019263, 0.50995755, 0.51143974, 0.51034564, 0.51126564, 0.51162857, 0.5108214, 0.5106425, 0.51070744, 0.51077664, 0.5120795, 0.5122683, 0.5107552, 0.50985277, 0.51042706, 0.5109346]
[0.5020464, 0.50187135, 0.50575733, 0.5048733, 0.5015019, 0.5019749, 0.5073732, 0.5009187, 0.5006284, 0.5040925, 0.5022009, 0.5024165, 0.50581396, 0.5080394, 0.5006465, 0.50441, 0.5090083, 0.50441134, 0.5017869, 0.5091353, 0.50938874, 0.5023943, 0.5056127, 0.504837, 0.5012875, 0.5004142, 0.5033672, 0.5009897, 0.5005926, 0.5041368, 0.50828224, 0.5048814, 0.5008704, 0.5040872, 0.50818205, 0.5086223, 0.50276333, 0.5073515, 0.5065674, 0.50160366, 0.50368863, 0.50356376, 0.5073196, 0.5043891, 0.5022844, 0.5036321, 0.5039097, 0.50030506, 0.50486577, 0.50505316, 0.504165, 0.5028193, 0.5026163, 0.50281787, 0.5023793, 0.501533, 0.5027087, 0.500957, 0.50456125, 0.502647, 0.5031227, 0.50693166, 0.50871414, 0.5022487, 0.50752556, 0.50299543, 0.5068093, 0.5034626, 0.50326514, 0.5016917, 0.5108646, 0.5069831, 0.5075722, 0.50837696, 0.5072509, 0.5067722, 0.5069851, 0.5076832, 0.5023396, 0.5024625, 0.50298077, 0.5058604, 0.50168777, 0.50188375, 0.501333, 0.50977117, 0.5088916, 0.5087534, 0.50551796, 0.5055696, 0.5020051, 0.5084513, 0.50929105, 0.50606644, 0.50397736, 0.5042913, 0.5042626, 0.50215524, 0.5025774, 0.505724, 0.5035344, 0.50910795, 0.50033885, 0.50219256, 0.50887847, 0.50895923, 0.50788546, 0.50531155, 0.50184786, 0.5044062, 0.5098732, 0.5086634, 0.50510144, 0.50180936, 0.50418335, 0.5055888, 0.50652623, 0.50607353, 0.5044977, 0.5052023, 0.5044626, 0.50101656, 0.50318426, 0.50550735, 0.50061315, 0.5041263, 0.50618935, 0.5097586, 0.51116484, 0.50080043, 0.5091813, 0.507097, 0.50557625, 0.5052791, 0.50924635, 0.5146849, 0.51311547, 0.51433605, 0.5123868, 0.512355, 0.5127562, 0.5149421, 0.5145682, 0.514943, 0.5153997, 0.51486886, 0.5136378, 0.5137653, 0.51235616, 0.512932, 0.512914, 0.514689, 0.51384, 0.51401246, 0.5139515, 0.5149508, 0.5143381, 0.5142002, 0.5148688, 0.513664, 0.51468873, 0.5154209, 0.5142361, 0.5127166, 0.5147746, 0.5135731, 0.5123203, 0.5147625, 0.51311356, 0.5139272, 0.5146176, 0.513628, 0.5151266, 0.51377165, 0.515826, 0.5134339, 0.5130113, 0.51325625, 0.51572067, 0.5153458, 0.5131622, 0.5142093, 0.5144167, 0.51456547, 0.5108532, 0.51481754, 0.51363105, 0.5135159, 0.5136848, 0.5141574, 0.5147331, 0.5147239, 0.51289546, 0.5142435, 0.5139795, 0.514274, 0.5158696, 0.5139891, 0.51376987, 0.51417077, 0.5139606, 0.51480955, 0.5135492, 0.5149023, 0.51675993, 0.5135875, 0.51311076, 0.5145237, 0.51502615, 0.51311696, 0.5132236, 0.5155067, 0.5151438, 0.51351863, 0.5146514, 0.5137708, 0.5143307, 0.51268756, 0.5137367, 0.5139931, 0.51219606, 0.51508397, 0.51311576, 0.51270854, 0.5150508, 0.5150861, 0.5136569, 0.5143965, 0.5136348, 0.51504785, 0.5136366, 0.515677, 0.5136986, 0.51425856, 0.5143883, 0.5132709, 0.5130619, 0.51489484, 0.5142946, 0.51507896, 0.5143477, 0.51372695, 0.51474607, 0.51421297, 0.51434773, 0.514847, 0.5135009, 0.5143333, 0.5146088, 0.5142027, 0.5161877, 0.5153507, 0.51546055, 0.5154999, 0.51451004, 0.5143962, 0.5153717, 0.5168971, 0.51294076, 0.5123204, 0.5159873, 0.51366955, 0.5131983, 0.5128276, 0.5150538, 0.5138945, 0.51411206, 0.5153262, 0.51342654, 0.5139586, 0.5139256, 0.5140533, 0.5156921, 0.51625687, 0.5146261, 0.5128263, 0.51388013, 0.51416147]
[0.5004458, 0.50003576, 0.50071055, 0.50053525, 0.5006804, 0.50080097, 0.5061164, 0.5019152, 0.5015453, 0.50400805, 0.50279725, 0.5003203, 0.5021748, 0.5072031, 0.5003646, 0.5005586, 0.5088262, 0.49990073, 0.5030316, 0.51057655, 0.51016855, 0.5024807, 0.50216806, 0.5001423, 0.5011083, 0.5020126, 0.50061876, 0.5022998, 0.5017783, 0.5044214, 0.5071876, 0.49984485, 0.50142294, 0.49995738, 0.50704026, 0.507083, 0.50328344, 0.50274974, 0.50456005, 0.5017552, 0.50451845, 0.5003848, 0.50356627, 0.50031465, 0.5033145, 0.5044522, 0.50477207, 0.5023141, 0.5003391, 0.500365, 0.50084007, 0.50063276, 0.50026715, 0.5035632, 0.5035254, 0.5006854, 0.5031519, 0.5009006, 0.5010569, 0.5024262, 0.5009346, 0.5033814, 0.5069036, 0.5007838, 0.5038079, 0.5010725, 0.50149363, 0.50420856, 0.5033499, 0.5002193, 0.51270884, 0.5036295, 0.5038091, 0.5069745, 0.5040763, 0.50400966, 0.5051192, 0.5049327, 0.50018245, 0.5000301, 0.49999976, 0.5026606, 0.50067437, 0.502023, 0.50146234, 0.51041, 0.50780034, 0.50862736, 0.50133216, 0.5004637, 0.5009799, 0.5077607, 0.5095471, 0.50165474, 0.5001244, 0.5000186, 0.4999478, 0.50273764, 0.5035775, 0.50149375, 0.5014244, 0.5093565, 0.5021522, 0.5031231, 0.5084832, 0.50745344, 0.5050629, 0.499844, 0.50142694, 0.50055367, 0.51040405, 0.50796956, 0.50029445, 0.50161326, 0.5009871, 0.5006184, 0.50233734, 0.50130785, 0.50018084, 0.5005846, 0.5008249, 0.50221384, 0.50028515, 0.5006009, 0.5020278, 0.50040036, 0.5031524, 0.51083916, 0.5127041, 0.50201994, 0.5091879, 0.5025175, 0.5000907, 0.5000439, 0.50771785, 0.5185068, 0.5160768, 0.518822, 0.5160731, 0.51597875, 0.5158118, 0.51906335, 0.5185483, 0.5185726, 0.5192668, 0.51795745, 0.5173242, 0.51761466, 0.5159437, 0.5156982, 0.5163646, 0.5191525, 0.5173006, 0.5180563, 0.5185176, 0.5197791, 0.51858896, 0.51814413, 0.5190041, 0.5165983, 0.5189469, 0.5193289, 0.5178117, 0.51567554, 0.5189668, 0.516945, 0.51534945, 0.5187564, 0.5160478, 0.51781404, 0.5181789, 0.51728415, 0.5191621, 0.5172905, 0.5208434, 0.51705927, 0.51695436, 0.5168543, 0.5201713, 0.51907855, 0.51672465, 0.51777214, 0.5181714, 0.5184179, 0.5131485, 0.51866066, 0.5171114, 0.51710767, 0.517245, 0.5180165, 0.518769, 0.51952636, 0.5164083, 0.5179539, 0.5174106, 0.5175543, 0.52087456, 0.51834756, 0.5174015, 0.5184113, 0.5171304, 0.5188396, 0.5175781, 0.51960737, 0.52201027, 0.5175736, 0.51672643, 0.5182887, 0.51927066, 0.5162498, 0.516264, 0.51975334, 0.5197968, 0.51688653, 0.5189029, 0.5182454, 0.5180407, 0.5153244, 0.5172546, 0.51844937, 0.51462084, 0.51962894, 0.5160967, 0.5156533, 0.5192755, 0.5198433, 0.5176248, 0.5183947, 0.5168537, 0.5203107, 0.5171632, 0.5206565, 0.5172473, 0.51839775, 0.51889426, 0.5161934, 0.51677823, 0.51882815, 0.5177502, 0.51948285, 0.51804876, 0.5171054, 0.5187257, 0.51782274, 0.51770794, 0.51954585, 0.51681155, 0.51812005, 0.5186811, 0.51796204, 0.5206474, 0.5199729, 0.5201935, 0.5202113, 0.51800454, 0.5186808, 0.5195276, 0.52247983, 0.5161251, 0.5151978, 0.52085215, 0.5173922, 0.51632714, 0.51595557, 0.5201321, 0.5173476, 0.5179526, 0.5200494, 0.5183299, 0.5177915, 0.5179794, 0.5173963, 0.52005076, 0.5214875, 0.5186279, 0.51603836, 0.5181785, 0.5178181]
[0.501, 0.5002918, 0.50199354, 0.50173694, 0.50134087, 0.5020753, 0.5067414, 0.50224674, 0.50237805, 0.5050296, 0.50385356, 0.5006363, 0.5028224, 0.5071368, 0.500112, 0.50183296, 0.5083786, 0.5002605, 0.50333816, 0.5093717, 0.5090782, 0.50272584, 0.50536, 0.5033604, 0.5016827, 0.50174147, 0.50016284, 0.5027389, 0.5021903, 0.5050439, 0.5078057, 0.50105053, 0.50174814, 0.50042325, 0.50731015, 0.5078478, 0.50411034, 0.5064178, 0.50611174, 0.50237334, 0.5047957, 0.50086844, 0.50628936, 0.50051606, 0.5042186, 0.5055357, 0.5057609, 0.5027639, 0.501513, 0.5017015, 0.500812, 0.50053966, 0.5003804, 0.5042926, 0.5045285, 0.5013355, 0.503437, 0.50072646, 0.5012535, 0.5028393, 0.501618, 0.50554824, 0.50732756, 0.5007897, 0.5064392, 0.50109243, 0.5024338, 0.5039908, 0.5040437, 0.50007355, 0.5099708, 0.5047411, 0.50524735, 0.5074868, 0.5045658, 0.5068476, 0.50653565, 0.5073632, 0.5004878, 0.50062895, 0.50021833, 0.5015237, 0.5016073, 0.50321466, 0.5012799, 0.5094335, 0.5080024, 0.50857604, 0.5037263, 0.50229347, 0.5008819, 0.5083175, 0.5093877, 0.5033989, 0.50124687, 0.5027617, 0.5015328, 0.5029193, 0.5037348, 0.5048355, 0.5014849, 0.5086713, 0.5025689, 0.50318956, 0.5086423, 0.50829476, 0.5068377, 0.5009217, 0.50088334, 0.5008487, 0.5093329, 0.508445, 0.50113297, 0.5024007, 0.5005131, 0.5028604, 0.5036629, 0.50181353, 0.5005384, 0.5007199, 0.5012396, 0.5025577, 0.5019072, 0.50300413, 0.5022159, 0.50132287, 0.5046231, 0.50878304, 0.50994784, 0.5021241, 0.50866705, 0.5067895, 0.50338185, 0.50423455, 0.50900495, 0.51397264, 0.5124963, 0.5137778, 0.51209825, 0.51160204, 0.5119813, 0.5141804, 0.51397467, 0.51367927, 0.51405954, 0.5133451, 0.5127573, 0.51334095, 0.51209337, 0.5123012, 0.5125071, 0.51407015, 0.5128181, 0.51339054, 0.51383334, 0.51452416, 0.51357263, 0.5136617, 0.51400244, 0.5127324, 0.5135556, 0.5141148, 0.5135743, 0.51249856, 0.51390344, 0.51239413, 0.5114169, 0.51377666, 0.5119647, 0.5126723, 0.5135009, 0.513054, 0.51421, 0.5130338, 0.5151288, 0.51302534, 0.5122375, 0.5123034, 0.5145703, 0.5141867, 0.512671, 0.5131307, 0.5130659, 0.5135455, 0.51023483, 0.51372117, 0.51252615, 0.5125659, 0.5130168, 0.51335984, 0.51415205, 0.51389354, 0.51239336, 0.5138008, 0.512934, 0.5130856, 0.5151622, 0.5136869, 0.51357144, 0.5136438, 0.5133994, 0.51396066, 0.51276666, 0.51370597, 0.5162257, 0.5130557, 0.5122522, 0.51319426, 0.5143695, 0.5122055, 0.5124976, 0.5144993, 0.51417816, 0.5125927, 0.513781, 0.5136088, 0.5136126, 0.5116679, 0.5128767, 0.513828, 0.51127744, 0.51427716, 0.5120653, 0.512262, 0.5140047, 0.5146834, 0.51321906, 0.513408, 0.51286346, 0.51468134, 0.5127902, 0.51495683, 0.5125319, 0.51337445, 0.5134167, 0.51220375, 0.5121713, 0.5136582, 0.51290345, 0.5142966, 0.51378703, 0.51303554, 0.51408076, 0.5131771, 0.51337403, 0.51454157, 0.5131051, 0.51364106, 0.5140273, 0.5134533, 0.51524353, 0.5141785, 0.51484704, 0.5147026, 0.5134872, 0.513618, 0.5146984, 0.516364, 0.51228637, 0.51159954, 0.5147909, 0.51315016, 0.5123157, 0.5120994, 0.5145232, 0.51330584, 0.5135033, 0.51483756, 0.5135113, 0.51320684, 0.5134724, 0.51320875, 0.51458174, 0.5157317, 0.5134904, 0.51219153, 0.5133076, 0.5134151]
[0.49973872, 0.500277, 0.501033, 0.50238883, 0.49975145, 0.4997261, 0.5058397, 0.50076884, 0.5006396, 0.5020248, 0.5011198, 0.5004316, 0.5036549, 0.50646406, 0.49968496, 0.5009923, 0.5076568, 0.5004468, 0.5013263, 0.50843436, 0.50907975, 0.5006549, 0.5035212, 0.503263, 0.50043297, 0.500616, 0.49990335, 0.50083506, 0.5004835, 0.50214136, 0.50757396, 0.5013143, 0.49971834, 0.50076836, 0.50649875, 0.50659394, 0.5012751, 0.5019302, 0.50563097, 0.5006888, 0.50166136, 0.50103146, 0.5051721, 0.5007489, 0.5014083, 0.50215435, 0.5025196, 0.50102675, 0.5019508, 0.5017602, 0.50115514, 0.4999559, 0.49965614, 0.5017971, 0.5019183, 0.49988583, 0.5012364, 0.5002916, 0.5000977, 0.50055516, 0.50034064, 0.50477695, 0.5069773, 0.49983972, 0.50653, 0.50013095, 0.50235176, 0.5016155, 0.5018592, 0.49995917, 0.510321, 0.5047091, 0.50294936, 0.50766927, 0.5052784, 0.504735, 0.5052235, 0.5057993, 0.49990985, 0.4998627, 0.49984616, 0.50298136, 0.49981588, 0.5009527, 0.49980184, 0.5090026, 0.50794345, 0.5082281, 0.50367117, 0.50305223, 0.49989167, 0.5078275, 0.50935715, 0.5041245, 0.5009649, 0.5010584, 0.50051445, 0.50108343, 0.5014693, 0.5031156, 0.50235176, 0.508479, 0.5005691, 0.50090516, 0.5082475, 0.5080771, 0.50679344, 0.5006922, 0.4997985, 0.50080884, 0.50924915, 0.50742584, 0.49974918, 0.50068665, 0.4999643, 0.5012136, 0.50341046, 0.50272477, 0.5006629, 0.50112003, 0.50158995, 0.50062966, 0.5000059, 0.5029012, 0.5004328, 0.50107414, 0.50335467, 0.509279, 0.51059777, 0.5007878, 0.5082835, 0.5037462, 0.5013156, 0.50094044, 0.508298, 0.5157336, 0.51407176, 0.5156678, 0.51288164, 0.51229304, 0.5131946, 0.5157255, 0.51599103, 0.51532894, 0.5153551, 0.5146178, 0.51350474, 0.5148063, 0.51323104, 0.5132806, 0.5133878, 0.51535827, 0.51422596, 0.5148426, 0.51486385, 0.5165262, 0.5145695, 0.5151347, 0.51545453, 0.51420397, 0.51523167, 0.5157013, 0.51509917, 0.51291835, 0.51538247, 0.51369286, 0.5129171, 0.5154832, 0.5127828, 0.5145354, 0.5148696, 0.514282, 0.51562524, 0.51450616, 0.5165327, 0.51403475, 0.5135287, 0.5135593, 0.516659, 0.5162835, 0.51359934, 0.5142712, 0.5148065, 0.5148798, 0.51062465, 0.5152609, 0.51432115, 0.51372546, 0.51447254, 0.51458097, 0.51539403, 0.51556295, 0.5128928, 0.51510704, 0.5142912, 0.5152581, 0.51661664, 0.5150527, 0.5148506, 0.51488686, 0.5143129, 0.5148043, 0.5137838, 0.5156012, 0.51801485, 0.5144305, 0.5131436, 0.5143838, 0.5156271, 0.51341987, 0.5135247, 0.5164611, 0.51584625, 0.51421976, 0.5149792, 0.5149866, 0.5147439, 0.512434, 0.51390797, 0.51498073, 0.51193786, 0.51542306, 0.51326567, 0.5130421, 0.51546735, 0.51657313, 0.5145462, 0.5150989, 0.5138177, 0.51638573, 0.51385975, 0.51656157, 0.51417136, 0.515093, 0.5150982, 0.51336336, 0.51358426, 0.515541, 0.5144882, 0.5156316, 0.5151979, 0.5141828, 0.51557475, 0.5149833, 0.51471806, 0.51577777, 0.514259, 0.51500297, 0.51519084, 0.51449496, 0.5169098, 0.51641864, 0.5167863, 0.51645064, 0.51485276, 0.5149803, 0.51610094, 0.51792604, 0.51314014, 0.5125721, 0.5165308, 0.5143285, 0.51351744, 0.5131544, 0.51636046, 0.5144473, 0.5149351, 0.516326, 0.5144498, 0.5147489, 0.51476175, 0.5142672, 0.516252, 0.51732504, 0.5151475, 0.5137978, 0.514773, 0.5139598]
[0.5013029, 0.5004268, 0.5008924, 0.5006504, 0.5014389, 0.50148326, 0.5046187, 0.5018853, 0.50163966, 0.5043335, 0.5028631, 0.50105816, 0.50208133, 0.50467306, 0.5005177, 0.5006351, 0.5060355, 0.5006255, 0.50295365, 0.50636363, 0.5063158, 0.50241125, 0.50212795, 0.50185174, 0.50166655, 0.5019446, 0.5006256, 0.5023929, 0.5016785, 0.5045192, 0.5057923, 0.50073314, 0.5015652, 0.5006106, 0.50541055, 0.50517285, 0.5033829, 0.5024797, 0.5039979, 0.5025361, 0.50359005, 0.5008239, 0.50411284, 0.50101554, 0.5037509, 0.50477767, 0.50520545, 0.5025064, 0.50106, 0.50099057, 0.5011676, 0.50071806, 0.50100464, 0.5039067, 0.50409573, 0.50164616, 0.5031974, 0.5011734, 0.5015988, 0.50229406, 0.50142527, 0.5032005, 0.5049553, 0.50142545, 0.50453216, 0.5013705, 0.50122374, 0.50407654, 0.5039698, 0.50064456, 0.5072958, 0.5031916, 0.50325745, 0.5054207, 0.50363284, 0.5036062, 0.5041984, 0.50437343, 0.5004272, 0.50047684, 0.5006526, 0.5021313, 0.5010449, 0.50246954, 0.5013298, 0.5064482, 0.5056401, 0.5061697, 0.50219136, 0.5012958, 0.5004761, 0.50601727, 0.5066083, 0.5024747, 0.5007085, 0.50101316, 0.5009227, 0.5025832, 0.5033273, 0.50263417, 0.50148845, 0.5059731, 0.50232214, 0.50308084, 0.5060165, 0.50569206, 0.5047979, 0.5005037, 0.501196, 0.50069565, 0.5066122, 0.5056859, 0.5005258, 0.50141907, 0.5004544, 0.50243455, 0.5028259, 0.5019745, 0.50099653, 0.5014738, 0.50138754, 0.50230056, 0.50129175, 0.5017752, 0.5021815, 0.5010055, 0.5029782, 0.5066636, 0.50731605, 0.5026197, 0.50605404, 0.5043751, 0.50189495, 0.5023747, 0.50663847, 0.51039493, 0.50924766, 0.51040834, 0.5087824, 0.5086419, 0.50880533, 0.51050055, 0.51045686, 0.5102221, 0.5102355, 0.5097229, 0.50915104, 0.5097614, 0.50845754, 0.50875175, 0.5095068, 0.51037633, 0.5094356, 0.50981253, 0.510157, 0.51071537, 0.5098631, 0.509918, 0.5102013, 0.5095975, 0.5101026, 0.5103385, 0.5099772, 0.50914973, 0.51036435, 0.50912887, 0.5086576, 0.5102854, 0.50858045, 0.5097409, 0.5100746, 0.5095013, 0.5102442, 0.5095328, 0.51103395, 0.5093406, 0.5088487, 0.50899726, 0.51101035, 0.51066726, 0.5096125, 0.5096608, 0.5098655, 0.5100006, 0.5075361, 0.5100975, 0.50957036, 0.50929207, 0.50970596, 0.50959873, 0.5103819, 0.5102112, 0.50908387, 0.5102118, 0.50972325, 0.50996476, 0.5111717, 0.5098346, 0.50986695, 0.5098294, 0.5099652, 0.5103837, 0.5095918, 0.5105365, 0.5117446, 0.50985175, 0.5090443, 0.5096519, 0.51064634, 0.5091265, 0.50920576, 0.5108145, 0.5104037, 0.50940925, 0.510187, 0.51030207, 0.5101682, 0.5085098, 0.5093222, 0.51008976, 0.50818837, 0.5104723, 0.5090333, 0.509051, 0.51041365, 0.5109385, 0.50987136, 0.50990397, 0.50943476, 0.51087314, 0.50944406, 0.5111207, 0.5092688, 0.5099103, 0.5099984, 0.5088832, 0.50937146, 0.51042724, 0.50965154, 0.51057386, 0.51042354, 0.5097095, 0.510334, 0.50969094, 0.5098118, 0.5109831, 0.50968117, 0.5101425, 0.5101936, 0.5098634, 0.5111625, 0.51087004, 0.51107275, 0.5108799, 0.5098441, 0.5100057, 0.5108067, 0.5120388, 0.5089757, 0.50870156, 0.51105344, 0.50969034, 0.509171, 0.5089983, 0.5107638, 0.5098769, 0.51026964, 0.51109374, 0.51000035, 0.50996006, 0.510146, 0.5098727, 0.5109834, 0.5113199, 0.50999343, 0.5092025, 0.50982785, 0.5098553]
[0.5012331, 0.5018579, 0.50342685, 0.5052821, 0.5015818, 0.50168645, 0.50694424, 0.5012844, 0.50041217, 0.50274086, 0.5015649, 0.5017917, 0.50400114, 0.5069771, 0.5017265, 0.5044561, 0.5076394, 0.50148183, 0.5016334, 0.5087323, 0.50874937, 0.50097084, 0.5058559, 0.5051195, 0.50006, 0.5009237, 0.50235707, 0.50090265, 0.5001074, 0.5026112, 0.50709486, 0.5023575, 0.50042254, 0.50194585, 0.5066783, 0.50707495, 0.50124145, 0.5047371, 0.5055419, 0.50009567, 0.50205684, 0.50254154, 0.5057597, 0.503406, 0.50132644, 0.50240904, 0.50283355, 0.5006121, 0.5026406, 0.50260377, 0.50231665, 0.50158226, 0.5011153, 0.5018241, 0.5019872, 0.50083005, 0.50124276, 0.5004739, 0.50033456, 0.50028807, 0.5001005, 0.5041136, 0.5073705, 0.5014364, 0.5063626, 0.50168633, 0.5041239, 0.5021214, 0.50206083, 0.5003327, 0.50983936, 0.5053997, 0.5052098, 0.5072672, 0.50605816, 0.50576943, 0.5058956, 0.505957, 0.5006205, 0.50075406, 0.50121415, 0.50248355, 0.500145, 0.5014865, 0.5002172, 0.50869143, 0.5078947, 0.50807846, 0.5048843, 0.5040853, 0.5007867, 0.50717574, 0.50885797, 0.5049761, 0.50231194, 0.5029802, 0.5015911, 0.50151366, 0.50200504, 0.50322133, 0.50258166, 0.5083643, 0.500116, 0.5011278, 0.5076913, 0.5074339, 0.50664556, 0.502371, 0.5002298, 0.501504, 0.5092604, 0.5079874, 0.5020278, 0.50061524, 0.50146514, 0.50318456, 0.50522065, 0.50424695, 0.5020361, 0.50238955, 0.50219786, 0.5005103, 0.50134903, 0.5039592, 0.500083, 0.50257266, 0.50492626, 0.5086718, 0.5104012, 0.5003822, 0.508319, 0.5041529, 0.50156486, 0.50175613, 0.50762427, 0.5143273, 0.51246214, 0.5137528, 0.51160985, 0.5117402, 0.5124343, 0.5144448, 0.5145259, 0.5137592, 0.51401854, 0.51331973, 0.5122642, 0.5130243, 0.51260453, 0.51219946, 0.51179326, 0.5141073, 0.51337564, 0.51378465, 0.513359, 0.5148821, 0.5136992, 0.5137698, 0.5141421, 0.5130361, 0.5139056, 0.51444274, 0.5140491, 0.5119989, 0.51385343, 0.51266474, 0.5113522, 0.5136588, 0.51186085, 0.5131102, 0.51362103, 0.5131391, 0.51402175, 0.51321983, 0.5152437, 0.5128462, 0.51236063, 0.51255184, 0.5151584, 0.5149093, 0.5127435, 0.51362765, 0.51394665, 0.51403135, 0.5097667, 0.513637, 0.51271194, 0.51240057, 0.5128059, 0.51355577, 0.51413006, 0.5144505, 0.51205784, 0.5135823, 0.5132071, 0.51391774, 0.5149715, 0.5136532, 0.51324177, 0.5134906, 0.5135221, 0.51395154, 0.51230574, 0.51393044, 0.51608104, 0.5130743, 0.51253605, 0.5140014, 0.51427877, 0.51198983, 0.51205623, 0.5147521, 0.5143471, 0.51324874, 0.5135031, 0.5132725, 0.51336247, 0.5120479, 0.5130266, 0.51401645, 0.51093715, 0.51445186, 0.51207286, 0.5114233, 0.5142061, 0.5150435, 0.5131216, 0.51371217, 0.512468, 0.51472193, 0.51308095, 0.5149004, 0.5130373, 0.5136512, 0.5135885, 0.5120679, 0.51272553, 0.51371187, 0.5133613, 0.5145046, 0.5136799, 0.5130337, 0.5141489, 0.5137014, 0.5138993, 0.51399726, 0.51294744, 0.5137515, 0.5138985, 0.5136229, 0.5155622, 0.5152326, 0.51510626, 0.5151202, 0.5133655, 0.51385444, 0.51476985, 0.5159645, 0.5122545, 0.5113789, 0.515041, 0.5124995, 0.5124065, 0.5120764, 0.514906, 0.5131158, 0.5133409, 0.51471007, 0.5124708, 0.5134018, 0.513331, 0.51324254, 0.5146072, 0.5155626, 0.5136433, 0.5121877, 0.5137342, 0.5132021]
[0.5007675, 0.5014882, 0.5024467, 0.5032741, 0.5007521, 0.5009814, 0.5063389, 0.5018292, 0.5007408, 0.5032128, 0.5017241, 0.5018867, 0.50502867, 0.5078159, 0.50207216, 0.50264883, 0.50848836, 0.5021268, 0.5015277, 0.50876135, 0.5088762, 0.50108135, 0.5057469, 0.50432515, 0.49993205, 0.50042135, 0.50138843, 0.50098646, 0.50021136, 0.50358415, 0.5076197, 0.5028135, 0.49989268, 0.50254667, 0.50857407, 0.50817835, 0.5017608, 0.5042363, 0.50679153, 0.50040483, 0.50224054, 0.503091, 0.50638664, 0.5030184, 0.5018954, 0.50303584, 0.50402224, 0.5013664, 0.5036601, 0.50374734, 0.50333095, 0.5011855, 0.5007648, 0.50245595, 0.5027268, 0.50068474, 0.50163597, 0.50021523, 0.500659, 0.5004119, 0.5000134, 0.50521356, 0.50772387, 0.50179994, 0.5070613, 0.5014671, 0.5045341, 0.50275135, 0.5026807, 0.50194687, 0.5108618, 0.50598663, 0.5051096, 0.507879, 0.5063648, 0.5063074, 0.5064491, 0.5069449, 0.500527, 0.50040096, 0.50085765, 0.50486284, 0.5013664, 0.50117594, 0.5008321, 0.5095358, 0.5083725, 0.50864655, 0.5043147, 0.50327176, 0.50121796, 0.50877434, 0.5098501, 0.50506395, 0.50291765, 0.50331837, 0.50247014, 0.5011616, 0.5023031, 0.50438046, 0.503496, 0.5093121, 0.50021416, 0.5010485, 0.50820255, 0.50889367, 0.50832444, 0.5029305, 0.5014617, 0.5028983, 0.5101332, 0.5083224, 0.50102603, 0.5007748, 0.5004451, 0.50281656, 0.5043266, 0.5037872, 0.50211024, 0.5024447, 0.5027938, 0.50038904, 0.5001279, 0.5051427, 0.499923, 0.50358236, 0.5055502, 0.5095935, 0.51124555, 0.49995935, 0.5093806, 0.5046535, 0.50201964, 0.50338507, 0.50950485, 0.516152, 0.5147709, 0.51588386, 0.5132865, 0.51278734, 0.51354843, 0.5162804, 0.51634717, 0.5160264, 0.51663333, 0.51548034, 0.5147153, 0.5152586, 0.5139985, 0.51373047, 0.51389575, 0.5157141, 0.5145353, 0.5155438, 0.51559424, 0.5162142, 0.51505905, 0.5157258, 0.51631707, 0.5149546, 0.51576555, 0.5163422, 0.51547885, 0.5133788, 0.5162431, 0.51448685, 0.5134247, 0.51630116, 0.5138608, 0.5151756, 0.51560146, 0.51489055, 0.5163043, 0.51488435, 0.51752937, 0.5142995, 0.5142007, 0.51422125, 0.51733273, 0.5164263, 0.5136694, 0.51520485, 0.5158022, 0.51564896, 0.51129377, 0.51556915, 0.51442575, 0.5142476, 0.5149718, 0.5154649, 0.51613724, 0.5163172, 0.51371336, 0.5159089, 0.51460713, 0.5155924, 0.5177773, 0.51563084, 0.51534426, 0.51552963, 0.5149603, 0.5155861, 0.5143697, 0.51563007, 0.51866883, 0.51462257, 0.5137412, 0.5150272, 0.51648587, 0.5141785, 0.51465344, 0.51678324, 0.51632726, 0.5146962, 0.51582104, 0.51581854, 0.515504, 0.51365644, 0.5145896, 0.51538527, 0.5131034, 0.51629806, 0.5136747, 0.51361084, 0.51637036, 0.5172473, 0.5150078, 0.515941, 0.5149218, 0.51655555, 0.5141352, 0.5174244, 0.51476866, 0.5154868, 0.5154913, 0.5145099, 0.51399046, 0.51578736, 0.5153083, 0.5164523, 0.5158753, 0.5150026, 0.5162267, 0.51548254, 0.51579815, 0.5160377, 0.5148872, 0.51597214, 0.51607, 0.514928, 0.51767385, 0.5169467, 0.5170974, 0.5167225, 0.5159978, 0.5155109, 0.5167806, 0.51894426, 0.513474, 0.51286834, 0.5174201, 0.5149478, 0.514129, 0.5136907, 0.51691604, 0.51515424, 0.5153984, 0.5171808, 0.515186, 0.5152586, 0.5153496, 0.5149511, 0.5167236, 0.51782566, 0.51600254, 0.51414645, 0.51517904, 0.5148037]
[0.49993265, 0.5006119, 0.5011752, 0.50156176, 0.49969, 0.4996663, 0.5050615, 0.5008863, 0.50096744, 0.50234246, 0.50133735, 0.5008, 0.50279427, 0.50588983, 0.5002097, 0.50162894, 0.5076913, 0.5016692, 0.50131816, 0.50736845, 0.50751776, 0.5010987, 0.50344646, 0.50200236, 0.4995223, 0.49992913, 0.5003517, 0.5008841, 0.49971348, 0.50287855, 0.5059895, 0.5013885, 0.49976623, 0.5015053, 0.50714624, 0.50620824, 0.5013705, 0.503399, 0.5045223, 0.50011456, 0.5023493, 0.5013845, 0.5049804, 0.5010006, 0.50124234, 0.50229317, 0.5027097, 0.500309, 0.5021263, 0.5030589, 0.50196517, 0.50049365, 0.5003324, 0.5017461, 0.50186205, 0.50017476, 0.50123286, 0.49971846, 0.49954802, 0.4998938, 0.499655, 0.50519603, 0.50671315, 0.49978068, 0.5054889, 0.5000232, 0.50246, 0.5021851, 0.5020157, 0.5006628, 0.51006824, 0.50442433, 0.50390506, 0.5068382, 0.50501984, 0.5042311, 0.5047754, 0.50510865, 0.4997762, 0.5000076, 0.50026476, 0.5035505, 0.50062454, 0.50076026, 0.49966145, 0.5092168, 0.5063366, 0.50712687, 0.503153, 0.5022774, 0.50022304, 0.5071475, 0.508036, 0.50302184, 0.50198096, 0.5015827, 0.50197864, 0.50107294, 0.50178486, 0.5031355, 0.5029764, 0.5079833, 0.5005005, 0.5011618, 0.50761163, 0.5074676, 0.50623506, 0.50144106, 0.49963406, 0.5011767, 0.50848794, 0.5068853, 0.5001665, 0.50042886, 0.49986348, 0.50190765, 0.50293475, 0.5020818, 0.50084823, 0.5011081, 0.50157595, 0.5001662, 0.5004578, 0.5024423, 0.50019675, 0.5018115, 0.50347245, 0.50900894, 0.51014435, 0.5007365, 0.50761247, 0.50336444, 0.5012984, 0.50187117, 0.5074429, 0.51496273, 0.5138572, 0.5146974, 0.5129184, 0.5120419, 0.5130427, 0.5147187, 0.5149432, 0.5149205, 0.5155113, 0.51451504, 0.51360613, 0.5140723, 0.5130147, 0.5128607, 0.5129819, 0.51469564, 0.5139588, 0.51415855, 0.5149484, 0.51540595, 0.51455504, 0.51471806, 0.5147137, 0.5137647, 0.51477206, 0.5151683, 0.5141082, 0.5123665, 0.51531345, 0.51367974, 0.51305187, 0.51519525, 0.513289, 0.51401335, 0.5145335, 0.5137545, 0.51517737, 0.5137399, 0.5164848, 0.51347065, 0.51344824, 0.51337385, 0.5162233, 0.51520455, 0.51303345, 0.51401424, 0.514159, 0.5144323, 0.511039, 0.51507, 0.51335967, 0.51378703, 0.51435876, 0.51411474, 0.51472884, 0.5151502, 0.5128829, 0.51485705, 0.51374847, 0.5146107, 0.51647216, 0.5144847, 0.5140856, 0.51477253, 0.5134907, 0.5145366, 0.51365006, 0.5149719, 0.51747936, 0.5139295, 0.51300645, 0.51399195, 0.5156342, 0.5129843, 0.5134601, 0.5157537, 0.5154107, 0.51365834, 0.5149889, 0.5144851, 0.514194, 0.512685, 0.5136522, 0.5144519, 0.5119523, 0.51517224, 0.51339185, 0.51305914, 0.5152573, 0.5160611, 0.5144601, 0.5145974, 0.5136011, 0.51573235, 0.51378053, 0.51633316, 0.51380634, 0.51459026, 0.51490766, 0.5133547, 0.51338065, 0.51502234, 0.5144336, 0.5153724, 0.51449436, 0.5138646, 0.5149063, 0.51424867, 0.5143361, 0.51507115, 0.51354146, 0.51478416, 0.5150439, 0.51368773, 0.5163501, 0.51563853, 0.5157402, 0.5158071, 0.51476175, 0.5148112, 0.5157894, 0.51778084, 0.51259404, 0.51208293, 0.5165272, 0.5141992, 0.5129633, 0.51268065, 0.51566255, 0.51375735, 0.51438123, 0.5158582, 0.5145164, 0.5143111, 0.51414025, 0.51402456, 0.51588553, 0.5164413, 0.5151147, 0.51293504, 0.51431596, 0.5140197]
[0.50050646, 0.5000713, 0.50008535, 0.500851, 0.50061023, 0.5009415, 0.50792253, 0.50115067, 0.500969, 0.5029893, 0.5020278, 0.5001267, 0.5007477, 0.5069105, 0.49997663, 0.4994975, 0.5087363, 0.5000005, 0.50161713, 0.5103689, 0.5095905, 0.50143456, 0.504511, 0.5019543, 0.5007797, 0.50111574, 0.49973574, 0.50114024, 0.50130737, 0.5029774, 0.5094172, 0.49984282, 0.5009592, 0.49987713, 0.5071754, 0.5081507, 0.5019806, 0.50366896, 0.503681, 0.5007338, 0.5027309, 0.50004923, 0.50409764, 0.49986783, 0.50203675, 0.50264317, 0.50304693, 0.501195, 0.49944726, 0.49971336, 0.49990323, 0.5003396, 0.50034016, 0.50233966, 0.50232893, 0.50078046, 0.5020361, 0.5006424, 0.5009388, 0.50136286, 0.5010049, 0.5024957, 0.5066964, 0.49992025, 0.50242525, 0.5000769, 0.5004488, 0.5019733, 0.502224, 0.5001203, 0.5114305, 0.5049671, 0.5060096, 0.5083905, 0.50215054, 0.50556743, 0.5065426, 0.50836056, 0.5004377, 0.5007122, 0.4998147, 0.5007644, 0.500716, 0.50163573, 0.5007451, 0.51052916, 0.50936455, 0.50952977, 0.5023477, 0.50101924, 0.4996963, 0.5087315, 0.51027787, 0.50124675, 0.49945843, 0.4998044, 0.500027, 0.5017014, 0.50227857, 0.50062543, 0.4998714, 0.5092138, 0.50111413, 0.50148445, 0.5099898, 0.5088878, 0.5065934, 0.49941126, 0.5007277, 0.50048846, 0.51035017, 0.5084345, 0.5002285, 0.50112766, 0.50023675, 0.49934176, 0.50173, 0.4995633, 0.5002064, 0.5000157, 0.5001259, 0.50132805, 0.50022477, 0.5006887, 0.50110996, 0.4997437, 0.5032241, 0.51039994, 0.51178026, 0.50104314, 0.50972635, 0.5064265, 0.5017617, 0.50352997, 0.5107019, 0.51809347, 0.5155331, 0.5177915, 0.51478124, 0.51484305, 0.5149323, 0.51836306, 0.5178576, 0.5176234, 0.51802623, 0.516825, 0.515884, 0.5169598, 0.51482224, 0.5151506, 0.51603156, 0.5179915, 0.5161759, 0.51677215, 0.5177007, 0.51853734, 0.5169622, 0.5175955, 0.51739776, 0.5160971, 0.5173832, 0.51826304, 0.51756054, 0.5158746, 0.5173349, 0.51550907, 0.5139665, 0.517649, 0.5139258, 0.5164922, 0.51769334, 0.5167121, 0.5178869, 0.5163179, 0.5194861, 0.5165491, 0.5148976, 0.514685, 0.51921606, 0.5188129, 0.5166489, 0.517606, 0.51727706, 0.51743877, 0.5124169, 0.51795846, 0.5158667, 0.5156895, 0.51639473, 0.51673514, 0.5182691, 0.51790357, 0.51566035, 0.518093, 0.5165411, 0.5171537, 0.51973855, 0.51790845, 0.51783603, 0.51784074, 0.5169471, 0.51787996, 0.51600415, 0.5172535, 0.5208528, 0.51642436, 0.5154644, 0.5163814, 0.5183982, 0.51539946, 0.5155659, 0.5188472, 0.51823854, 0.51560247, 0.5173803, 0.5172916, 0.5178755, 0.5144929, 0.5165219, 0.5176779, 0.51349515, 0.51826626, 0.5149617, 0.5149186, 0.5181507, 0.5193691, 0.51642096, 0.51664484, 0.51639855, 0.5191206, 0.51601154, 0.5191657, 0.5155596, 0.51697004, 0.51658773, 0.5146375, 0.5157282, 0.51803535, 0.51642513, 0.5185312, 0.51799035, 0.5169748, 0.5181022, 0.5165277, 0.51726806, 0.5189777, 0.51677114, 0.5181681, 0.5180522, 0.5166824, 0.5201045, 0.5185226, 0.51904774, 0.51851785, 0.5174041, 0.5172841, 0.5186181, 0.52111167, 0.5146844, 0.5144583, 0.5194193, 0.51629585, 0.5156066, 0.5148872, 0.5187568, 0.5178263, 0.517821, 0.51950496, 0.5165364, 0.51730406, 0.5174986, 0.51716846, 0.5190003, 0.52041715, 0.5165237, 0.5155917, 0.5171404, 0.51725477]
[0.5025706, 0.50221336, 0.5004784, 0.5011539, 0.50214225, 0.50268674, 0.5042316, 0.5031848, 0.5032122, 0.50843406, 0.5061757, 0.50158584, 0.50098485, 0.50346094, 0.50330347, 0.5007032, 0.5056165, 0.50007355, 0.50569785, 0.5055781, 0.5055799, 0.5054181, 0.5008787, 0.5006493, 0.5039195, 0.5038986, 0.50066036, 0.50519747, 0.5021116, 0.5082862, 0.50409555, 0.5001598, 0.5029799, 0.5002137, 0.5044866, 0.503714, 0.50683165, 0.502001, 0.50267863, 0.5030806, 0.5069809, 0.50114244, 0.5019702, 0.5001424, 0.50588125, 0.5074806, 0.50849354, 0.504181, 0.500076, 0.50027645, 0.50040305, 0.50160694, 0.5017761, 0.5066483, 0.50659007, 0.50300914, 0.5061022, 0.50332034, 0.50002486, 0.5019352, 0.5016689, 0.50322074, 0.5049433, 0.50232166, 0.50316405, 0.50101817, 0.5009292, 0.50733393, 0.5072207, 0.5013765, 0.50726914, 0.5020378, 0.50398254, 0.5048326, 0.50234467, 0.5026745, 0.50283337, 0.5037079, 0.5013425, 0.5018045, 0.5007571, 0.5008715, 0.50328827, 0.5057094, 0.503803, 0.50636476, 0.5049635, 0.50521976, 0.5015481, 0.5016019, 0.5019362, 0.50503683, 0.50619894, 0.5015004, 0.50072914, 0.50064963, 0.5005439, 0.505074, 0.5059825, 0.5015254, 0.5006671, 0.50596577, 0.504709, 0.5056176, 0.5059338, 0.5052348, 0.5038802, 0.5005268, 0.50292015, 0.5012447, 0.506649, 0.50555986, 0.50050586, 0.5020071, 0.5000435, 0.5016953, 0.5010948, 0.50067586, 0.5011639, 0.50025165, 0.50018966, 0.50353396, 0.50184655, 0.50148576, 0.5035823, 0.50109357, 0.50169104, 0.5068334, 0.5073635, 0.5041233, 0.5056395, 0.504059, 0.5015015, 0.5010701, 0.5056425, 0.51070714, 0.50961304, 0.51087385, 0.5090872, 0.50884825, 0.5090318, 0.5107137, 0.5108108, 0.5106084, 0.5109502, 0.5103487, 0.50969076, 0.51025003, 0.5089241, 0.50882155, 0.5091728, 0.5107088, 0.5097713, 0.51010084, 0.5102491, 0.51106036, 0.51020515, 0.51040834, 0.5103372, 0.50964713, 0.51034206, 0.5108033, 0.51042616, 0.5091871, 0.51046556, 0.5094481, 0.50893044, 0.51074016, 0.5091005, 0.51015943, 0.51039803, 0.5094573, 0.5106851, 0.5097974, 0.5115358, 0.5097386, 0.5091546, 0.5092647, 0.5112231, 0.51094955, 0.50938064, 0.50997204, 0.5102198, 0.51019263, 0.5076625, 0.5106161, 0.5097915, 0.50955373, 0.5101601, 0.50990206, 0.510743, 0.51077586, 0.5087139, 0.51045936, 0.5098796, 0.51031077, 0.51137716, 0.5101243, 0.5100634, 0.5100942, 0.50997114, 0.5102081, 0.50977534, 0.51060843, 0.512383, 0.5100967, 0.509411, 0.5098694, 0.5110195, 0.50929743, 0.50951385, 0.511411, 0.51088107, 0.50917107, 0.51064736, 0.5101708, 0.5102912, 0.5088388, 0.5096516, 0.51031774, 0.50829464, 0.51088333, 0.50943226, 0.50903296, 0.510669, 0.5111807, 0.5099552, 0.51023436, 0.50950366, 0.5110241, 0.5097847, 0.5114019, 0.5097088, 0.51045614, 0.5103309, 0.50928825, 0.5094587, 0.51081115, 0.5102037, 0.5109701, 0.5104862, 0.5099131, 0.51079893, 0.50990224, 0.51002055, 0.51092345, 0.50983083, 0.51041603, 0.5104665, 0.5100727, 0.5117819, 0.51105577, 0.51136655, 0.5112226, 0.51024485, 0.5105945, 0.5111691, 0.5125469, 0.50906354, 0.5087651, 0.5115439, 0.5097444, 0.50948536, 0.5091229, 0.5110914, 0.509832, 0.5102805, 0.51109236, 0.50992286, 0.5100276, 0.5100911, 0.50984365, 0.5110901, 0.5118008, 0.5104341, 0.5093907, 0.5102211, 0.5098664]
[0.50253564, 0.5016165, 0.5002464, 0.5000094, 0.5034279, 0.50344527, 0.5067906, 0.50402653, 0.5036645, 0.5072585, 0.50541604, 0.50175416, 0.50081605, 0.50660664, 0.5014269, 0.5010118, 0.5086774, 0.5011379, 0.50434524, 0.510976, 0.510135, 0.5037275, 0.5036533, 0.50000024, 0.5028221, 0.50315565, 0.502034, 0.50415856, 0.5036724, 0.5074017, 0.5090086, 0.5001705, 0.50330293, 0.50087535, 0.5068637, 0.5077335, 0.50516903, 0.5026149, 0.50282085, 0.5032294, 0.50647557, 0.5013129, 0.5039013, 0.5025444, 0.50606936, 0.5073418, 0.5076934, 0.5042605, 0.5007356, 0.50047666, 0.50123584, 0.5024607, 0.5025853, 0.506086, 0.50627536, 0.503182, 0.5051024, 0.50218296, 0.50312155, 0.50403386, 0.5030774, 0.503465, 0.5068146, 0.5019264, 0.5026176, 0.50205463, 0.500378, 0.50545394, 0.5055864, 0.50126284, 0.51241785, 0.503438, 0.50576687, 0.50680906, 0.50226194, 0.5041806, 0.5056315, 0.5066469, 0.50201523, 0.5024292, 0.50142807, 0.5002564, 0.5027612, 0.5046002, 0.5029118, 0.5107861, 0.50919265, 0.50944746, 0.5013651, 0.50031, 0.5016176, 0.5092304, 0.51122904, 0.5013531, 0.5004344, 0.5003119, 0.5014286, 0.50472873, 0.50581676, 0.502559, 0.50069284, 0.50882506, 0.5038122, 0.5048779, 0.5098821, 0.5085616, 0.5056483, 0.50035745, 0.5027597, 0.501899, 0.5107087, 0.50827897, 0.5023744, 0.5035995, 0.5019249, 0.5007619, 0.5012434, 0.5002566, 0.50155324, 0.5010332, 0.50144666, 0.5042681, 0.5027594, 0.5002362, 0.50399476, 0.5009086, 0.5026666, 0.5108214, 0.5127641, 0.5037254, 0.50956154, 0.5058169, 0.5016897, 0.50239146, 0.5113083, 0.51939875, 0.5163858, 0.5190767, 0.51550645, 0.515696, 0.5156028, 0.51925147, 0.5191001, 0.5184375, 0.518957, 0.5175244, 0.5167537, 0.5175246, 0.5152166, 0.51627785, 0.51745516, 0.5192037, 0.51678944, 0.51825875, 0.5187886, 0.51966166, 0.51803917, 0.5182775, 0.51854414, 0.5169776, 0.51884985, 0.51960546, 0.5184012, 0.516302, 0.5182852, 0.5163725, 0.5145178, 0.5187229, 0.51523215, 0.517777, 0.51865566, 0.5172509, 0.51880157, 0.5169404, 0.5206186, 0.5170132, 0.51590955, 0.5159782, 0.5201328, 0.520258, 0.51723117, 0.51828367, 0.5183966, 0.51834637, 0.51332396, 0.5190967, 0.5173215, 0.5166316, 0.51742965, 0.5176342, 0.51962626, 0.51881933, 0.5163372, 0.5187435, 0.5179978, 0.51809657, 0.5209629, 0.51857936, 0.5183052, 0.51844287, 0.51771057, 0.518818, 0.5172221, 0.5191351, 0.52205974, 0.51749116, 0.5163007, 0.51763046, 0.5193916, 0.5165799, 0.51627827, 0.51973224, 0.51919967, 0.51651067, 0.51839125, 0.51862615, 0.5189393, 0.51512545, 0.51748055, 0.51870877, 0.51421475, 0.5190881, 0.5165738, 0.51624566, 0.5196409, 0.5200555, 0.5174556, 0.5179109, 0.5171974, 0.5203552, 0.5170492, 0.5205621, 0.5165795, 0.51782304, 0.517878, 0.5154383, 0.5166571, 0.51921844, 0.5172733, 0.5194055, 0.5186855, 0.51764876, 0.5191666, 0.51736474, 0.5180746, 0.5204678, 0.5175128, 0.5190797, 0.5188466, 0.517778, 0.5212539, 0.51941234, 0.52012354, 0.5196289, 0.51807445, 0.5187047, 0.5201162, 0.5223652, 0.5156991, 0.51518834, 0.52064574, 0.51741093, 0.5166005, 0.5159974, 0.5198128, 0.51880413, 0.5191481, 0.520389, 0.5178483, 0.51824623, 0.5187555, 0.51837975, 0.5202089, 0.5214433, 0.5172323, 0.5166464, 0.51796085, 0.51817054]
[0.50064296, 0.5010987, 0.5024256, 0.5052419, 0.5007355, 0.50090134, 0.50694716, 0.50229776, 0.50229675, 0.5054942, 0.5039231, 0.5013449, 0.5036842, 0.5064246, 0.50073844, 0.5024095, 0.5074264, 0.50159854, 0.50401324, 0.5078373, 0.50808, 0.504338, 0.5046734, 0.5032355, 0.50189006, 0.5028408, 0.500651, 0.50295925, 0.50212246, 0.50623405, 0.5062397, 0.50067, 0.50206685, 0.50107133, 0.50634754, 0.5065027, 0.5048186, 0.5038635, 0.50513685, 0.50198686, 0.50500834, 0.5020014, 0.50540966, 0.5031477, 0.50291747, 0.5042473, 0.5051192, 0.5012028, 0.5014329, 0.5019005, 0.5010244, 0.5008911, 0.50104934, 0.5039997, 0.5040275, 0.50058484, 0.5036933, 0.50181043, 0.5005786, 0.50172836, 0.5009304, 0.5038264, 0.5073383, 0.50057656, 0.5063135, 0.50138706, 0.50349915, 0.5049329, 0.504981, 0.501369, 0.5091072, 0.5052621, 0.5049843, 0.5071798, 0.50543106, 0.5059292, 0.50598437, 0.5063607, 0.5015819, 0.5013229, 0.5007218, 0.5027433, 0.50186515, 0.5035334, 0.5022878, 0.50819165, 0.50700676, 0.50716394, 0.5041383, 0.50391006, 0.5009116, 0.5064736, 0.5082907, 0.5035756, 0.50260836, 0.50200874, 0.5010599, 0.5037186, 0.50475156, 0.50316215, 0.5014746, 0.5079693, 0.5027083, 0.50347763, 0.5070109, 0.5072674, 0.50646836, 0.50166595, 0.5015985, 0.5014257, 0.5085858, 0.5076407, 0.50117666, 0.50200474, 0.50101227, 0.5030705, 0.5033081, 0.50233763, 0.50073487, 0.5013229, 0.5015712, 0.50165635, 0.5015644, 0.5038385, 0.50142914, 0.5018595, 0.5040731, 0.5085999, 0.509716, 0.50214744, 0.5078246, 0.5034193, 0.5011934, 0.50108707, 0.50705975, 0.51303625, 0.51181823, 0.5126367, 0.51107913, 0.5107084, 0.5115135, 0.51339924, 0.5135087, 0.51284146, 0.51344645, 0.51254696, 0.5119021, 0.51238334, 0.5120129, 0.5111953, 0.5107203, 0.5131863, 0.5125496, 0.512677, 0.5124239, 0.51340705, 0.5129227, 0.5130369, 0.51341176, 0.5118382, 0.5130064, 0.51342463, 0.51284117, 0.5110491, 0.5131377, 0.5119677, 0.5110318, 0.51310664, 0.5113769, 0.5123434, 0.5125741, 0.51249844, 0.5129326, 0.5122051, 0.5140598, 0.51206356, 0.5118964, 0.5118317, 0.5139064, 0.51377034, 0.5114447, 0.51269674, 0.5127159, 0.5128668, 0.50938505, 0.5129212, 0.51146436, 0.5119356, 0.5119496, 0.5127464, 0.512849, 0.5134876, 0.5115083, 0.5124269, 0.51187146, 0.5128618, 0.51411146, 0.51267123, 0.5122766, 0.5131275, 0.5121579, 0.5127674, 0.5117154, 0.5130639, 0.51504695, 0.51208663, 0.5115921, 0.5133102, 0.51337075, 0.5112237, 0.5116774, 0.51370543, 0.51354367, 0.51227105, 0.5128022, 0.5119571, 0.5121361, 0.5114383, 0.51189214, 0.5126252, 0.5105874, 0.51351047, 0.5113458, 0.5105819, 0.51327085, 0.5140037, 0.51235914, 0.5130225, 0.51186454, 0.51363415, 0.5121931, 0.5140936, 0.5125535, 0.51302254, 0.51284045, 0.5118517, 0.51204383, 0.51291275, 0.5127946, 0.5133869, 0.5128209, 0.51209104, 0.51334673, 0.5127743, 0.5131062, 0.512798, 0.51233566, 0.5130116, 0.51325446, 0.5124251, 0.51429486, 0.51409924, 0.51416034, 0.5138665, 0.51284456, 0.51275605, 0.5137877, 0.5150172, 0.5114379, 0.51057297, 0.5142014, 0.51209265, 0.51173955, 0.511465, 0.5139824, 0.512092, 0.51229566, 0.51359856, 0.51213837, 0.51249576, 0.5124474, 0.512236, 0.5138017, 0.5144421, 0.5134835, 0.5113757, 0.51317954, 0.5122984]
[0.50198644, 0.50149125, 0.5010742, 0.5016535, 0.5018572, 0.5021465, 0.50607276, 0.502347, 0.50197774, 0.50508076, 0.503797, 0.5009212, 0.5005146, 0.5046977, 0.5013857, 0.5001272, 0.50727355, 0.50024086, 0.50327, 0.50769186, 0.5073611, 0.5033126, 0.50147325, 0.50042856, 0.5017441, 0.5019419, 0.5009765, 0.5026358, 0.50265235, 0.5050523, 0.5063987, 0.5009559, 0.5020877, 0.5007708, 0.5043409, 0.50508547, 0.5043495, 0.5021997, 0.5024008, 0.5022848, 0.50463015, 0.50134045, 0.50186384, 0.5001473, 0.5028405, 0.50393087, 0.5041081, 0.50113404, 0.5002521, 0.50061244, 0.5000019, 0.5005296, 0.5006625, 0.50380135, 0.5036492, 0.5018215, 0.5038591, 0.5016463, 0.500398, 0.50193334, 0.50170416, 0.50185555, 0.5052846, 0.5013771, 0.5016435, 0.5013987, 0.5008615, 0.50425947, 0.5043093, 0.50143975, 0.5093512, 0.501658, 0.5040439, 0.50514156, 0.501841, 0.50277084, 0.5032485, 0.50456744, 0.500993, 0.5012182, 0.50035095, 0.5004793, 0.50287664, 0.5032475, 0.5023033, 0.5079304, 0.50643814, 0.5068698, 0.50045305, 0.50016224, 0.5010011, 0.50568354, 0.5078156, 0.5003979, 0.5002779, 0.5003746, 0.5011133, 0.50334305, 0.50388116, 0.5005012, 0.5007805, 0.50722194, 0.5029645, 0.5035491, 0.506309, 0.5052592, 0.50338465, 0.5003702, 0.50219464, 0.5015337, 0.5085484, 0.50715923, 0.50001144, 0.50070703, 0.49982208, 0.5019181, 0.5011857, 0.5005739, 0.5002508, 0.50006455, 0.50018966, 0.50244164, 0.5006086, 0.5002677, 0.5026984, 0.5002711, 0.5018196, 0.50844085, 0.50982994, 0.5024465, 0.50680715, 0.5031824, 0.501256, 0.50032127, 0.50700843, 0.5142927, 0.5118921, 0.51469886, 0.51218873, 0.51247424, 0.5119002, 0.51556796, 0.5150674, 0.51460016, 0.5147221, 0.5139159, 0.51300347, 0.5134128, 0.5123633, 0.51201, 0.5126758, 0.5154701, 0.513662, 0.51367587, 0.51395375, 0.5154264, 0.5145309, 0.5142869, 0.51463866, 0.5125472, 0.5147367, 0.51531637, 0.51438737, 0.5126133, 0.5147883, 0.51265794, 0.51117676, 0.513757, 0.5111901, 0.5133561, 0.51420677, 0.5135592, 0.51473844, 0.51339775, 0.5160552, 0.51366824, 0.5119912, 0.5120578, 0.5158563, 0.51550514, 0.5132864, 0.5143709, 0.5142895, 0.5145049, 0.5094541, 0.5149535, 0.51335686, 0.51314557, 0.5131895, 0.51367533, 0.5145026, 0.51510984, 0.51261854, 0.51377434, 0.51350534, 0.51407415, 0.51626015, 0.51394564, 0.5135399, 0.5145619, 0.51402366, 0.51476234, 0.5127284, 0.51513946, 0.51730126, 0.5139359, 0.5128493, 0.51441044, 0.51497823, 0.51253426, 0.5123213, 0.5154451, 0.51548237, 0.5131627, 0.51450574, 0.513682, 0.51428056, 0.51203054, 0.5130948, 0.5146968, 0.5110963, 0.5154042, 0.5120805, 0.51161575, 0.514981, 0.5157594, 0.51343733, 0.5139597, 0.51285785, 0.5156681, 0.5134296, 0.5160273, 0.51336825, 0.5143156, 0.51399124, 0.51190895, 0.5131323, 0.5147225, 0.5138338, 0.5153959, 0.51401913, 0.5132491, 0.5149074, 0.51368505, 0.5147581, 0.5155898, 0.5132961, 0.51468676, 0.5146931, 0.51382, 0.5167959, 0.51618403, 0.51612, 0.5162009, 0.51392347, 0.51467025, 0.51536465, 0.51708335, 0.5127414, 0.51177245, 0.5163305, 0.51324284, 0.51289546, 0.51238316, 0.5158267, 0.5139507, 0.5138814, 0.5155642, 0.51347715, 0.5137495, 0.51406664, 0.5136136, 0.5155593, 0.5166591, 0.51416886, 0.51283336, 0.5142463, 0.514186]
[0.5011639, 0.5022382, 0.5026285, 0.50283575, 0.5017844, 0.50185305, 0.5062938, 0.502365, 0.5023048, 0.50454295, 0.502789, 0.5024044, 0.50453764, 0.50695026, 0.5028625, 0.5027152, 0.50774616, 0.5031487, 0.5028954, 0.5081985, 0.50823003, 0.5026181, 0.50435394, 0.50400853, 0.50128126, 0.5019505, 0.50172836, 0.5025252, 0.5015412, 0.5049912, 0.5075745, 0.5019699, 0.50141007, 0.5024785, 0.50734013, 0.5073353, 0.50396585, 0.50495666, 0.50548774, 0.5015151, 0.50387985, 0.5032619, 0.50627476, 0.5024814, 0.5036466, 0.50480175, 0.50549155, 0.5015861, 0.50349766, 0.5033902, 0.5031663, 0.5017897, 0.501679, 0.5038492, 0.50364673, 0.50134987, 0.5031903, 0.50168854, 0.50137085, 0.5021719, 0.5012902, 0.5036355, 0.50668335, 0.5016782, 0.5064357, 0.50147194, 0.5042796, 0.5048908, 0.50425345, 0.50244033, 0.50936526, 0.5059301, 0.5044253, 0.50729406, 0.5061112, 0.50564945, 0.50621355, 0.50636554, 0.501533, 0.5016042, 0.5021701, 0.5042626, 0.5012247, 0.5023288, 0.50132847, 0.50869787, 0.5074733, 0.50781655, 0.50417936, 0.50386566, 0.50271666, 0.50780684, 0.5084001, 0.5037181, 0.50356865, 0.503333, 0.50278044, 0.50192964, 0.5033026, 0.5038601, 0.5033024, 0.5079124, 0.5023746, 0.50318706, 0.50743705, 0.50723773, 0.50630105, 0.5032847, 0.50114423, 0.50324476, 0.5086177, 0.5072182, 0.5020024, 0.5014896, 0.5026034, 0.5046221, 0.5046312, 0.5042078, 0.5034146, 0.5032954, 0.50354886, 0.5021527, 0.5019497, 0.5040246, 0.50173396, 0.5033386, 0.50524867, 0.50844556, 0.50957793, 0.5024917, 0.5081699, 0.5049948, 0.5026332, 0.5039437, 0.5085833, 0.5137014, 0.51175785, 0.5133504, 0.5112214, 0.511167, 0.5117602, 0.5142617, 0.5138438, 0.5137994, 0.51387984, 0.5129768, 0.5123358, 0.51279676, 0.5118818, 0.5117011, 0.51167756, 0.5140768, 0.5128582, 0.5132478, 0.5133305, 0.5144497, 0.5132646, 0.5134184, 0.51392376, 0.5124243, 0.5138824, 0.5139162, 0.51284766, 0.5119654, 0.513995, 0.5121135, 0.51092553, 0.5135202, 0.51150405, 0.5129377, 0.5130522, 0.5132502, 0.5137822, 0.51243895, 0.51494056, 0.51271796, 0.51212746, 0.5118628, 0.5149173, 0.5144115, 0.5123874, 0.51297444, 0.51313746, 0.51333135, 0.50969166, 0.51370686, 0.51236075, 0.51245344, 0.51253587, 0.5131337, 0.51402265, 0.5136674, 0.5122022, 0.5137182, 0.5125254, 0.5131358, 0.515108, 0.5134595, 0.5133865, 0.5133336, 0.51317525, 0.5137768, 0.51245594, 0.5140129, 0.5157121, 0.5128718, 0.5118358, 0.51351315, 0.51398623, 0.51209706, 0.51244, 0.514385, 0.5142595, 0.5130027, 0.51332283, 0.5134456, 0.5132978, 0.51160526, 0.5124612, 0.51352817, 0.51133543, 0.51436615, 0.5113245, 0.5114629, 0.5137184, 0.51488763, 0.51331663, 0.5135351, 0.51263154, 0.5143962, 0.51235723, 0.5147261, 0.5125344, 0.51344156, 0.5129302, 0.51181126, 0.51265377, 0.5135863, 0.51314616, 0.51426744, 0.51338494, 0.5124823, 0.51368946, 0.512839, 0.51383626, 0.51425546, 0.5129748, 0.51370317, 0.5138214, 0.5129567, 0.514902, 0.5147736, 0.5149853, 0.51479733, 0.5133286, 0.513368, 0.51407224, 0.51593727, 0.5116491, 0.5110095, 0.5148782, 0.5127189, 0.5120826, 0.51177686, 0.5146575, 0.5130472, 0.5130557, 0.5148618, 0.51311713, 0.5131319, 0.5132457, 0.51310235, 0.51453865, 0.515029, 0.51384485, 0.5119764, 0.5132506, 0.51329124]
[0.50122863, 0.50175196, 0.5015093, 0.50159806, 0.50130457, 0.5014921, 0.50444245, 0.50301623, 0.50295687, 0.5042879, 0.5026441, 0.5011984, 0.5033691, 0.5051806, 0.5011216, 0.5026011, 0.505837, 0.50116795, 0.5036394, 0.50662106, 0.50684786, 0.50231236, 0.5027842, 0.50258595, 0.50148547, 0.5021633, 0.5008544, 0.5021053, 0.50155884, 0.5047069, 0.5056088, 0.5014782, 0.50110626, 0.5016009, 0.5052914, 0.505232, 0.5028777, 0.50273204, 0.5046098, 0.5017897, 0.5043582, 0.5021839, 0.5047907, 0.5017634, 0.50373614, 0.5049849, 0.5052724, 0.5027831, 0.5025041, 0.50283647, 0.50233597, 0.50089866, 0.50083464, 0.5038619, 0.5040454, 0.5008377, 0.50309646, 0.5013864, 0.50176483, 0.50217175, 0.5012246, 0.50336206, 0.5049469, 0.500956, 0.5049818, 0.5007815, 0.5031336, 0.5041815, 0.5039835, 0.5007242, 0.5081354, 0.50418216, 0.5026849, 0.50562185, 0.504544, 0.5042771, 0.5044562, 0.50447553, 0.5009843, 0.50098366, 0.5010036, 0.503281, 0.5013441, 0.502483, 0.50067157, 0.5067604, 0.505711, 0.5058074, 0.50299007, 0.5025526, 0.50108135, 0.5053808, 0.5069468, 0.50349677, 0.5019179, 0.50161666, 0.50187355, 0.5026727, 0.5036035, 0.502372, 0.5026543, 0.5064809, 0.50155485, 0.50257134, 0.50574225, 0.5062086, 0.50541127, 0.50206167, 0.5009417, 0.50181484, 0.50720286, 0.5059281, 0.5006682, 0.5026728, 0.5009421, 0.5015863, 0.5033383, 0.50264305, 0.5018401, 0.50186163, 0.5014831, 0.5019949, 0.50078076, 0.50287277, 0.5017279, 0.5023474, 0.5036211, 0.5068081, 0.5080291, 0.50199085, 0.5065699, 0.50224674, 0.5009186, 0.50172466, 0.5058831, 0.5117587, 0.51065946, 0.51112574, 0.5095697, 0.50903535, 0.5105109, 0.51198584, 0.5119922, 0.5116616, 0.51176107, 0.5109831, 0.51044166, 0.5108297, 0.5103409, 0.5101231, 0.5096721, 0.5115764, 0.51100975, 0.5113464, 0.51143885, 0.51218444, 0.51105946, 0.51141953, 0.511997, 0.5108523, 0.51155436, 0.51191586, 0.5110858, 0.5098626, 0.5118461, 0.5106604, 0.5098266, 0.51181614, 0.5104923, 0.51082736, 0.5112698, 0.51090425, 0.51176953, 0.5109108, 0.5127267, 0.51031476, 0.51050293, 0.5104549, 0.51277375, 0.5120301, 0.51029813, 0.5109709, 0.5110914, 0.51136285, 0.507826, 0.51144457, 0.510409, 0.5104836, 0.51094365, 0.51092213, 0.5116111, 0.5117693, 0.5102203, 0.5116005, 0.5107869, 0.51160353, 0.51283056, 0.5113537, 0.5110176, 0.5114495, 0.51085347, 0.51145303, 0.5104672, 0.5116576, 0.51354474, 0.5105087, 0.510132, 0.5116392, 0.5120942, 0.5099725, 0.5104064, 0.5121482, 0.5119559, 0.51077, 0.51115364, 0.51132923, 0.5109007, 0.5098984, 0.5107929, 0.5112382, 0.5094952, 0.51178914, 0.5100453, 0.51003087, 0.5120263, 0.512671, 0.510892, 0.51168925, 0.5106949, 0.5123099, 0.5104922, 0.51267016, 0.5108171, 0.5113151, 0.5114943, 0.5108392, 0.51030725, 0.5113846, 0.5109199, 0.51201975, 0.51143825, 0.5105114, 0.51148415, 0.5113898, 0.5113917, 0.51183474, 0.51072955, 0.511214, 0.5119447, 0.51115334, 0.51287115, 0.51235414, 0.5124894, 0.51234907, 0.51143026, 0.5112227, 0.51233256, 0.5136133, 0.51007575, 0.50917095, 0.5124495, 0.51067466, 0.50981635, 0.50973094, 0.5122406, 0.510852, 0.51109254, 0.51240474, 0.51104635, 0.51109326, 0.51122046, 0.5107906, 0.512376, 0.5130136, 0.5118731, 0.5100356, 0.5112632, 0.5106875]
[0.500749, 0.5004145, 0.5013218, 0.501929, 0.50131154, 0.5013723, 0.5064838, 0.50242764, 0.50205487, 0.5042092, 0.50314397, 0.5007434, 0.50243056, 0.50563467, 0.50055873, 0.50055635, 0.5069105, 0.500339, 0.50342894, 0.5073313, 0.5075729, 0.5027299, 0.503669, 0.50243974, 0.5016272, 0.5023544, 0.5008419, 0.5025623, 0.50209254, 0.5047135, 0.50698036, 0.50075835, 0.50162506, 0.5004192, 0.5050731, 0.5058602, 0.5036224, 0.5032138, 0.50413567, 0.5024826, 0.5043328, 0.5003791, 0.5035013, 0.500285, 0.50335336, 0.50453883, 0.50492007, 0.50261813, 0.500531, 0.5005917, 0.5007319, 0.50086814, 0.5008551, 0.50371873, 0.50403434, 0.50106347, 0.5033932, 0.5015324, 0.501115, 0.5023533, 0.50166273, 0.50416, 0.50609106, 0.5008127, 0.5044346, 0.5007164, 0.50184745, 0.50365984, 0.50380456, 0.5005482, 0.50858724, 0.5038232, 0.5047872, 0.50663185, 0.5038187, 0.5046508, 0.50491446, 0.50561273, 0.5008747, 0.5009457, 0.5005741, 0.50261885, 0.5010388, 0.5022389, 0.50128984, 0.50786513, 0.50755084, 0.5073281, 0.503229, 0.5020333, 0.50090134, 0.50685203, 0.5078737, 0.5021978, 0.5008557, 0.50123185, 0.5007408, 0.50287133, 0.5035703, 0.50258636, 0.50086737, 0.50727797, 0.5023385, 0.50292593, 0.5075069, 0.5065173, 0.5053905, 0.5012608, 0.50119394, 0.5002881, 0.5080031, 0.50688654, 0.500531, 0.501849, 0.5008691, 0.5019393, 0.50272447, 0.5017386, 0.500358, 0.5007503, 0.5012794, 0.5022139, 0.5007399, 0.502154, 0.502279, 0.50093764, 0.5034017, 0.5080826, 0.50859, 0.501923, 0.5070882, 0.5052424, 0.50253975, 0.50225085, 0.5073131, 0.5121263, 0.51076484, 0.5124741, 0.5107951, 0.51074165, 0.5103947, 0.5124002, 0.5124076, 0.512136, 0.5121976, 0.5115663, 0.5111012, 0.5115602, 0.51055366, 0.5106209, 0.5114799, 0.51253736, 0.51098806, 0.51200604, 0.51219106, 0.51259476, 0.5119915, 0.5119731, 0.5120198, 0.51130635, 0.51222765, 0.51249206, 0.51197547, 0.5107303, 0.511956, 0.51098543, 0.510109, 0.51208, 0.50991553, 0.51156104, 0.51216245, 0.5113692, 0.51202935, 0.51118153, 0.5131483, 0.5113766, 0.5105107, 0.51058424, 0.5129507, 0.51245093, 0.51136166, 0.5118719, 0.51188713, 0.51213896, 0.5094004, 0.5119282, 0.5115534, 0.51095426, 0.51157945, 0.51172113, 0.5126508, 0.51238936, 0.5106009, 0.5120434, 0.5117545, 0.51191914, 0.5132953, 0.51223063, 0.5118614, 0.511884, 0.5115481, 0.51196027, 0.5114733, 0.51246643, 0.5138564, 0.5116948, 0.51108557, 0.5114736, 0.5126669, 0.51086825, 0.5108148, 0.5129535, 0.51244897, 0.5108828, 0.5122499, 0.51196843, 0.512197, 0.5100153, 0.5115101, 0.5124007, 0.50958675, 0.5126654, 0.51106304, 0.51064, 0.5122866, 0.51292336, 0.5111887, 0.5116079, 0.5112328, 0.51318496, 0.5113833, 0.5132245, 0.5111993, 0.51199985, 0.51213187, 0.51044124, 0.5109486, 0.5124531, 0.51142025, 0.512626, 0.5121901, 0.51154906, 0.5124363, 0.5115436, 0.5115774, 0.5131134, 0.5112652, 0.5121317, 0.5120248, 0.51162195, 0.5135289, 0.5128044, 0.5130594, 0.5129607, 0.5119259, 0.51231575, 0.512716, 0.51387244, 0.51064545, 0.5102074, 0.5133251, 0.51117665, 0.510952, 0.51068556, 0.51290953, 0.5120005, 0.51221603, 0.5130023, 0.51158893, 0.511875, 0.5121712, 0.511778, 0.51272786, 0.5137593, 0.51185447, 0.51119787, 0.51169616, 0.51156]
[0.49973348, 0.49971348, 0.50210875, 0.5010647, 0.4999863, 0.5001725, 0.5061082, 0.4998558, 0.50032973, 0.5022533, 0.50126815, 0.49920934, 0.50170463, 0.5064188, 0.4995604, 0.5002184, 0.5080082, 0.4994993, 0.5009419, 0.5089934, 0.509468, 0.50095075, 0.50210357, 0.4999466, 0.5000284, 0.5001511, 0.49923134, 0.50014985, 0.50028735, 0.5023377, 0.507469, 0.50004154, 0.5000883, 0.4997742, 0.506624, 0.50704396, 0.5014549, 0.502837, 0.5033256, 0.5000941, 0.5019224, 0.49958426, 0.5037858, 0.49926248, 0.5010517, 0.501602, 0.50180966, 0.49996877, 0.5001512, 0.5006299, 0.5001412, 0.49916062, 0.49922985, 0.5014948, 0.50141805, 0.49989948, 0.5011873, 0.50021374, 0.49956742, 0.49982786, 0.49984342, 0.5045192, 0.50680584, 0.49936423, 0.5044366, 0.49919164, 0.50278735, 0.5016176, 0.50146675, 0.49907088, 0.5114086, 0.5037202, 0.5060242, 0.5066779, 0.50362444, 0.5041268, 0.50394696, 0.5057308, 0.49936375, 0.49937373, 0.49918357, 0.5012563, 0.4999925, 0.5011178, 0.5002239, 0.5098072, 0.5081121, 0.5083079, 0.50146556, 0.5017767, 0.49935687, 0.50700563, 0.509607, 0.5017009, 0.49988726, 0.50039685, 0.49985638, 0.5008583, 0.5012756, 0.502225, 0.49992836, 0.5083327, 0.50059843, 0.5011285, 0.5084466, 0.5077319, 0.5062655, 0.5003184, 0.4997793, 0.50029415, 0.5098248, 0.5075702, 0.49948484, 0.49945623, 0.4996725, 0.5025896, 0.50216526, 0.5011367, 0.4995461, 0.5001102, 0.5007593, 0.50027674, 0.49965483, 0.50054944, 0.50050527, 0.50002253, 0.50283355, 0.5096035, 0.5120014, 0.50033057, 0.5085684, 0.5039456, 0.501582, 0.5013213, 0.5088976, 0.5180882, 0.5156314, 0.51755095, 0.51440996, 0.5135575, 0.514926, 0.5181721, 0.51796335, 0.5177825, 0.51883096, 0.517681, 0.5160071, 0.5166262, 0.51472163, 0.5150749, 0.5149727, 0.51815665, 0.5165005, 0.51698834, 0.5171225, 0.51849097, 0.5176025, 0.51688504, 0.51809317, 0.51542777, 0.5177207, 0.5185596, 0.51710725, 0.5150134, 0.517612, 0.5156216, 0.51454794, 0.5179396, 0.5147681, 0.51676506, 0.51778346, 0.51656246, 0.518363, 0.5165367, 0.5197545, 0.5158442, 0.51491886, 0.51518357, 0.5186986, 0.5185205, 0.5154689, 0.517073, 0.51745564, 0.5175131, 0.511436, 0.51846176, 0.5160808, 0.51593256, 0.51641214, 0.51663464, 0.51763296, 0.5178738, 0.51495886, 0.5170098, 0.5166967, 0.5170209, 0.51980954, 0.5168357, 0.51647955, 0.5175379, 0.5165659, 0.51767206, 0.5162521, 0.51814914, 0.52126735, 0.51638687, 0.5148894, 0.5171484, 0.5183592, 0.51508015, 0.51508373, 0.5187848, 0.5185599, 0.5160071, 0.51785517, 0.5164925, 0.5172791, 0.51446545, 0.5157947, 0.5170976, 0.5135365, 0.5185761, 0.51528794, 0.51463264, 0.5180746, 0.5192818, 0.5163096, 0.5172784, 0.5156972, 0.51874727, 0.51659244, 0.5194699, 0.5163116, 0.51744354, 0.5173255, 0.5154309, 0.51563346, 0.5180374, 0.51677126, 0.51819456, 0.51681966, 0.5156209, 0.5179416, 0.51700866, 0.51760584, 0.518538, 0.5158578, 0.51712203, 0.5179851, 0.51702154, 0.52023315, 0.5185448, 0.5191227, 0.5190309, 0.51714456, 0.5172769, 0.51926106, 0.5213588, 0.5151876, 0.5143463, 0.51962674, 0.5159697, 0.51480097, 0.5146282, 0.5186329, 0.5169407, 0.51734847, 0.5192079, 0.51670754, 0.51633704, 0.5168112, 0.5163274, 0.51917005, 0.5202953, 0.517497, 0.5154918, 0.516975, 0.51652306]
[0.49939302, 0.49977836, 0.4991752, 0.49934235, 0.49959448, 0.49992245, 0.5050839, 0.49999428, 0.49972787, 0.5017945, 0.50072056, 0.49959192, 0.501145, 0.50536793, 0.4997006, 0.49944428, 0.5092326, 0.5005514, 0.50095606, 0.5084233, 0.5079408, 0.5006434, 0.49980873, 0.49923313, 0.5005981, 0.500725, 0.49913272, 0.5008534, 0.4991856, 0.5020256, 0.50654113, 0.50008553, 0.49977088, 0.5006082, 0.5069076, 0.5058628, 0.5012282, 0.502333, 0.5056868, 0.500457, 0.50186574, 0.49970526, 0.50446224, 0.49947408, 0.5022471, 0.5028754, 0.50286156, 0.50122124, 0.4997922, 0.50000274, 0.50014347, 0.49980518, 0.4997493, 0.50163364, 0.5018781, 0.50003445, 0.50122976, 0.49985996, 0.49938908, 0.50016356, 0.49925575, 0.50670666, 0.5084518, 0.4999801, 0.5051605, 0.4998234, 0.50065404, 0.5018032, 0.5019285, 0.49942857, 0.5125315, 0.50301224, 0.50603163, 0.50685734, 0.5038589, 0.50309616, 0.5036446, 0.50366, 0.50100845, 0.5005144, 0.5005947, 0.50247663, 0.4995661, 0.5004537, 0.49981874, 0.51055956, 0.50587744, 0.50824165, 0.5023962, 0.5008604, 0.4999411, 0.507706, 0.50930065, 0.5016573, 0.49975556, 0.49938825, 0.5023487, 0.50038016, 0.5011425, 0.50380456, 0.50167626, 0.50929254, 0.50049776, 0.50144696, 0.5090718, 0.5082138, 0.5055667, 0.49950916, 0.49979404, 0.5006721, 0.5102344, 0.50798315, 0.49908727, 0.49976027, 0.49913242, 0.50209916, 0.50088614, 0.50081265, 0.49919176, 0.49963418, 0.49916783, 0.5004339, 0.49976635, 0.50066805, 0.5001705, 0.49942547, 0.502959, 0.51107407, 0.51298237, 0.50070167, 0.50801134, 0.5063966, 0.50251913, 0.49917796, 0.5078777, 0.5185614, 0.5160995, 0.51952565, 0.51671416, 0.5156088, 0.5156165, 0.5184694, 0.5189408, 0.5189141, 0.51903284, 0.51831204, 0.5171422, 0.51760656, 0.51453364, 0.51520497, 0.5167218, 0.5192623, 0.51716644, 0.51714015, 0.5182999, 0.51881975, 0.5185119, 0.51778096, 0.5178433, 0.51727146, 0.518303, 0.51899654, 0.51793975, 0.5155749, 0.51901007, 0.51687723, 0.5156532, 0.51919913, 0.5165188, 0.51811093, 0.5183059, 0.5153722, 0.5191455, 0.51720434, 0.5211682, 0.516246, 0.5156734, 0.5165546, 0.519706, 0.51782024, 0.51656383, 0.5162289, 0.51713526, 0.51701677, 0.51453686, 0.5191968, 0.51736045, 0.5168, 0.5182448, 0.51761824, 0.519014, 0.5190155, 0.5153356, 0.5179736, 0.5178183, 0.5178843, 0.5206454, 0.5170671, 0.51689446, 0.51785624, 0.51653415, 0.51748985, 0.51788694, 0.5196848, 0.52272, 0.518056, 0.51663756, 0.5162967, 0.51999325, 0.5159898, 0.5165389, 0.52063566, 0.5188089, 0.5151607, 0.5192638, 0.5187506, 0.5179297, 0.51479733, 0.51687306, 0.5180952, 0.51449656, 0.5196313, 0.5167795, 0.5163708, 0.51961786, 0.5186874, 0.51742417, 0.51818275, 0.51690024, 0.5193052, 0.51730627, 0.5210754, 0.5164261, 0.51841676, 0.518821, 0.51657116, 0.51636875, 0.51951253, 0.5178143, 0.5200125, 0.5183625, 0.51740295, 0.51879287, 0.51720357, 0.516288, 0.5201601, 0.51677, 0.5181581, 0.51827925, 0.51714814, 0.5205733, 0.51911914, 0.5196085, 0.5195423, 0.51782477, 0.5191878, 0.5199543, 0.5232074, 0.5156626, 0.51510936, 0.5207528, 0.51738405, 0.5165554, 0.51626134, 0.51936454, 0.5160892, 0.51749974, 0.5200791, 0.51865333, 0.5172544, 0.5175361, 0.5171692, 0.51984084, 0.52072805, 0.51840574, 0.515831, 0.51738775, 0.5167773]
[0.50359446, 0.5031123, 0.501495, 0.50196123, 0.50287956, 0.5029816, 0.503965, 0.5057075, 0.505537, 0.50791544, 0.5058864, 0.502568, 0.500899, 0.50569415, 0.5025275, 0.50104654, 0.50659627, 0.5019474, 0.5068465, 0.50713557, 0.50684893, 0.5056424, 0.50040126, 0.5003461, 0.50369227, 0.50465804, 0.50256664, 0.50498885, 0.50402725, 0.5089698, 0.5042177, 0.502193, 0.5044247, 0.5020782, 0.5056707, 0.50546426, 0.50649357, 0.50197035, 0.50247633, 0.5049399, 0.5078913, 0.50169075, 0.50284827, 0.5029565, 0.5072156, 0.50830203, 0.5089891, 0.5057666, 0.50049615, 0.5004853, 0.5007523, 0.50323975, 0.5031739, 0.5079331, 0.5076679, 0.50331223, 0.5062336, 0.50415874, 0.5032498, 0.5042063, 0.5032106, 0.50124663, 0.5057719, 0.50291324, 0.5037597, 0.5032255, 0.50061417, 0.50840056, 0.50751024, 0.50231844, 0.50899786, 0.50222665, 0.5022731, 0.50584716, 0.5038363, 0.50200164, 0.50300175, 0.50291896, 0.5039224, 0.50332564, 0.5027207, 0.50080854, 0.5031158, 0.50586003, 0.50431293, 0.50716424, 0.5057701, 0.5064808, 0.5004709, 0.5008057, 0.50368047, 0.50615054, 0.5069298, 0.5006906, 0.5011187, 0.501167, 0.50164473, 0.5065124, 0.5074248, 0.5006623, 0.50044215, 0.5074613, 0.5053199, 0.5064806, 0.5063357, 0.50647765, 0.50521934, 0.5018037, 0.50436497, 0.5022705, 0.50775355, 0.5059097, 0.50224376, 0.5042632, 0.50334996, 0.50075895, 0.5007523, 0.5004811, 0.5014749, 0.5016868, 0.5014346, 0.50524163, 0.5027365, 0.5005888, 0.50475705, 0.50159794, 0.50127786, 0.5074604, 0.50922847, 0.50571567, 0.5071402, 0.50163925, 0.5019279, 0.50136495, 0.50609976, 0.51309526, 0.5121246, 0.5129399, 0.51083416, 0.5103955, 0.5114875, 0.51353383, 0.5132715, 0.51321775, 0.5138368, 0.51293063, 0.51210845, 0.5123674, 0.51140636, 0.5109089, 0.510982, 0.51324457, 0.5122048, 0.5124821, 0.51280475, 0.51331073, 0.51254624, 0.51267177, 0.51307213, 0.51203114, 0.5130966, 0.5134028, 0.5123842, 0.51093864, 0.51346654, 0.5119599, 0.5113774, 0.51369286, 0.5115728, 0.5124128, 0.5127752, 0.5119695, 0.51328915, 0.5121795, 0.5144494, 0.5115066, 0.51185316, 0.51165223, 0.51438016, 0.51340324, 0.5112443, 0.51242626, 0.51285547, 0.51287407, 0.5093317, 0.512795, 0.5116075, 0.51191974, 0.51233554, 0.512645, 0.51276964, 0.51335174, 0.51100564, 0.5129305, 0.51198053, 0.51264465, 0.51417017, 0.5124923, 0.5122917, 0.5131732, 0.5122551, 0.51310146, 0.512115, 0.51283485, 0.5152782, 0.512019, 0.51145786, 0.51289654, 0.51337695, 0.51139855, 0.51164424, 0.5135702, 0.51369953, 0.5123208, 0.5129906, 0.51235497, 0.5125686, 0.5111279, 0.51143384, 0.51237065, 0.51079893, 0.51356214, 0.51125556, 0.5107067, 0.5131219, 0.51430696, 0.51259065, 0.51302856, 0.51169276, 0.5137223, 0.51189965, 0.5142586, 0.5119601, 0.51264036, 0.51301765, 0.512054, 0.5117114, 0.5129515, 0.51260114, 0.513313, 0.5126921, 0.51188666, 0.5129692, 0.51264143, 0.5129932, 0.51287544, 0.5118065, 0.51290125, 0.5130552, 0.51254475, 0.5141431, 0.51410216, 0.5141534, 0.5140179, 0.5128762, 0.51256484, 0.5138798, 0.51556605, 0.51117027, 0.51081175, 0.5142277, 0.5121362, 0.51145023, 0.5112204, 0.5137416, 0.5120992, 0.51231796, 0.5140209, 0.51273453, 0.5121852, 0.51207393, 0.51196945, 0.5143136, 0.5142652, 0.51342475, 0.51122004, 0.5125083, 0.51243436]
[0.5011632, 0.50055224, 0.5007079, 0.50140905, 0.501534, 0.5015799, 0.50544435, 0.50300723, 0.5027542, 0.5050162, 0.50360906, 0.500631, 0.5019899, 0.5048046, 0.500833, 0.5007697, 0.5065078, 0.5008717, 0.5035299, 0.5079027, 0.50764215, 0.5028287, 0.50270724, 0.501584, 0.5018824, 0.5022632, 0.5009405, 0.50287384, 0.5024438, 0.5053014, 0.5064357, 0.5007375, 0.5015441, 0.5001673, 0.5061318, 0.5056491, 0.50362533, 0.5014743, 0.5041848, 0.5022199, 0.5043166, 0.5002702, 0.50380623, 0.50073206, 0.50412875, 0.5053333, 0.50562036, 0.50329053, 0.5006837, 0.5003639, 0.50047326, 0.500999, 0.50114363, 0.50420433, 0.504347, 0.5014731, 0.503356, 0.50163746, 0.5021261, 0.50268835, 0.50169593, 0.50275046, 0.50582796, 0.5011143, 0.5044572, 0.5011615, 0.50099313, 0.5042487, 0.5040101, 0.5002836, 0.5093301, 0.5027195, 0.5019964, 0.50626045, 0.503239, 0.5030532, 0.50371677, 0.50389284, 0.50151235, 0.50171804, 0.5011713, 0.50153124, 0.5018014, 0.50276464, 0.50175625, 0.508395, 0.5065548, 0.50736827, 0.5018912, 0.50081563, 0.5011035, 0.5067104, 0.5087778, 0.5018615, 0.50023663, 0.5004945, 0.50074655, 0.50349116, 0.5040013, 0.5021027, 0.5007442, 0.5073285, 0.50249714, 0.5031709, 0.50739706, 0.50647485, 0.5047594, 0.5004218, 0.501719, 0.50081533, 0.5087075, 0.50678396, 0.5016949, 0.50291145, 0.50122875, 0.50108755, 0.50157166, 0.50116134, 0.50017726, 0.50009197, 0.5002407, 0.5026706, 0.5016625, 0.50192404, 0.5021019, 0.5002849, 0.5025547, 0.5084637, 0.50965136, 0.50283647, 0.50717443, 0.50323874, 0.50033545, 0.500748, 0.50785184, 0.51515067, 0.51286966, 0.5150008, 0.51174426, 0.51165813, 0.5120535, 0.5152094, 0.51553464, 0.51439893, 0.51454306, 0.51366717, 0.5129394, 0.51394355, 0.51229256, 0.5121668, 0.5128784, 0.5147888, 0.51326233, 0.51434493, 0.51437914, 0.515463, 0.5139071, 0.5142174, 0.51456124, 0.51333946, 0.5144046, 0.5151311, 0.51415545, 0.51222235, 0.51437384, 0.5129646, 0.5117205, 0.514896, 0.5118144, 0.5137708, 0.51416284, 0.513448, 0.51461065, 0.51315004, 0.5159279, 0.5131825, 0.5128062, 0.512734, 0.51591617, 0.5153047, 0.51284665, 0.51400566, 0.5142541, 0.514232, 0.5100319, 0.51414996, 0.513271, 0.5129292, 0.5136257, 0.51364774, 0.51506513, 0.5147286, 0.51200485, 0.51436085, 0.513666, 0.51437193, 0.5163069, 0.5141508, 0.5136648, 0.51429623, 0.51355165, 0.5141629, 0.5132072, 0.51482326, 0.517265, 0.51350546, 0.5124531, 0.51362795, 0.5150348, 0.51241565, 0.51261175, 0.5155458, 0.5149444, 0.51323146, 0.5143732, 0.5143932, 0.5140255, 0.5116721, 0.5133478, 0.51405436, 0.5106269, 0.5147154, 0.51265335, 0.5121722, 0.51515126, 0.51627403, 0.51357114, 0.5141395, 0.512956, 0.5157784, 0.51306355, 0.51612824, 0.5130517, 0.5139578, 0.51435316, 0.5120866, 0.5128934, 0.5146394, 0.51343983, 0.51510113, 0.5141737, 0.5134975, 0.5147808, 0.5141592, 0.5140312, 0.5153779, 0.51338, 0.5143723, 0.5144356, 0.51384985, 0.51611316, 0.5152615, 0.5156568, 0.51563364, 0.51383674, 0.5141166, 0.51520187, 0.51736045, 0.5123453, 0.5119523, 0.5159122, 0.5132763, 0.51254326, 0.51244783, 0.51554817, 0.5139923, 0.514171, 0.51567596, 0.51374763, 0.5138397, 0.51416874, 0.5135007, 0.5154031, 0.5165819, 0.5140243, 0.5124942, 0.51412815, 0.5132402]
[0.49991348, 0.49940783, 0.50072485, 0.5010021, 0.49938172, 0.499816, 0.50803983, 0.5013454, 0.5012003, 0.50462776, 0.5029036, 0.49981886, 0.5025721, 0.5062979, 0.4993332, 0.49980566, 0.5091021, 0.4995116, 0.5029359, 0.51012284, 0.50937, 0.50302714, 0.50268257, 0.50008017, 0.5015688, 0.5024943, 0.50019664, 0.50162846, 0.5011461, 0.5057049, 0.5090521, 0.49969584, 0.5017214, 0.50026125, 0.5059499, 0.5060014, 0.50398123, 0.50398934, 0.50555605, 0.5016937, 0.5045922, 0.49941835, 0.5045592, 0.5001123, 0.50450784, 0.5056822, 0.5062807, 0.5029083, 0.5002471, 0.49951434, 0.49987224, 0.5002429, 0.5000029, 0.5045103, 0.504536, 0.50077957, 0.5039668, 0.5005178, 0.50091803, 0.5027682, 0.5003252, 0.5062853, 0.5081776, 0.5002997, 0.5054421, 0.49983186, 0.5017411, 0.5041844, 0.5042676, 0.49951333, 0.512169, 0.50543845, 0.5065933, 0.5088681, 0.50456506, 0.5058555, 0.50594133, 0.50645703, 0.4995918, 0.4993457, 0.49955186, 0.5048581, 0.49949923, 0.5023955, 0.5010472, 0.51023114, 0.5086135, 0.5086548, 0.5021614, 0.50184137, 0.50026876, 0.50674653, 0.5099812, 0.5034812, 0.5000842, 0.49969637, 0.50109076, 0.50281143, 0.50390744, 0.5039423, 0.5000831, 0.50873417, 0.50186956, 0.5034737, 0.50915205, 0.50763583, 0.5057326, 0.49924964, 0.50170434, 0.49955383, 0.509738, 0.5078448, 0.49961096, 0.50138545, 0.4993065, 0.5001211, 0.5032918, 0.50211334, 0.5003818, 0.5010699, 0.5001306, 0.5023245, 0.49988058, 0.50253713, 0.5017546, 0.49981028, 0.5036612, 0.5109161, 0.5119459, 0.50183934, 0.50841635, 0.5064889, 0.5026734, 0.5001297, 0.50750655, 0.5178489, 0.5155537, 0.51822, 0.515354, 0.5148747, 0.5148774, 0.5177803, 0.5181291, 0.5177127, 0.51779246, 0.516833, 0.5163565, 0.5166059, 0.5154505, 0.5144776, 0.51507443, 0.51824665, 0.5170337, 0.517267, 0.51752734, 0.5188034, 0.5175006, 0.51736516, 0.5175485, 0.516104, 0.5178836, 0.5181077, 0.5172847, 0.51525074, 0.517833, 0.5164992, 0.51497245, 0.517802, 0.51512617, 0.5170474, 0.5177154, 0.5156586, 0.51835686, 0.5159021, 0.5193622, 0.5162026, 0.51581955, 0.5157411, 0.51903516, 0.51842535, 0.51553345, 0.5161365, 0.51649153, 0.51635975, 0.5129411, 0.51754975, 0.51630384, 0.5161064, 0.5166024, 0.5172186, 0.51801074, 0.51792085, 0.5145599, 0.51738125, 0.516624, 0.51661557, 0.5195514, 0.516994, 0.51663214, 0.5177137, 0.5161885, 0.51717687, 0.5160501, 0.51777005, 0.5204884, 0.5171089, 0.51592684, 0.5163344, 0.51823187, 0.51516074, 0.5157765, 0.51905394, 0.5181603, 0.5157376, 0.51759017, 0.51732796, 0.516952, 0.5142148, 0.5163047, 0.51717806, 0.5142577, 0.51878345, 0.51584125, 0.51462984, 0.5185538, 0.5186842, 0.5167201, 0.51744807, 0.51639396, 0.51891494, 0.51615906, 0.5193006, 0.516501, 0.51761997, 0.51730925, 0.51571375, 0.51612467, 0.51785594, 0.51665217, 0.51849055, 0.5167205, 0.5154515, 0.51766825, 0.5166799, 0.51640004, 0.5187135, 0.51588327, 0.51713514, 0.5180442, 0.5163013, 0.5195055, 0.5185536, 0.5192342, 0.51844585, 0.51752377, 0.51764715, 0.51833385, 0.5208475, 0.51521933, 0.514404, 0.51892793, 0.5159862, 0.5158219, 0.5150602, 0.5185463, 0.51601183, 0.5166238, 0.5180763, 0.5169048, 0.5164998, 0.51720905, 0.51658493, 0.5183038, 0.5197958, 0.5177248, 0.51540375, 0.51644546, 0.5163365]
[0.5005585, 0.501208, 0.5015982, 0.5018786, 0.50128365, 0.5009188, 0.5050747, 0.5015251, 0.501828, 0.50588495, 0.5035716, 0.50077635, 0.50272834, 0.50509596, 0.5008477, 0.50194716, 0.5065027, 0.5013811, 0.50382984, 0.50684965, 0.50687546, 0.5028482, 0.50212127, 0.5014589, 0.502188, 0.50253016, 0.5007723, 0.5027933, 0.50190246, 0.50597227, 0.5061889, 0.50233275, 0.5015167, 0.5015403, 0.50506324, 0.5051252, 0.5044489, 0.5035951, 0.5043481, 0.50202394, 0.50560063, 0.50135225, 0.50416046, 0.50052226, 0.5046616, 0.5061297, 0.50688255, 0.503198, 0.5013808, 0.50118804, 0.50101924, 0.500897, 0.5008194, 0.5050249, 0.50513643, 0.50127184, 0.5038606, 0.5006241, 0.5008738, 0.50236815, 0.50056744, 0.5048237, 0.50575274, 0.5009322, 0.50467086, 0.5004504, 0.50224143, 0.5045083, 0.50495875, 0.5004202, 0.50827795, 0.50384676, 0.50407654, 0.50579363, 0.5036836, 0.5044233, 0.50393444, 0.5045498, 0.500929, 0.50060916, 0.5008334, 0.5024748, 0.50183874, 0.50328887, 0.5010275, 0.50747705, 0.5056555, 0.5062299, 0.50250906, 0.50230163, 0.5004542, 0.50561386, 0.5073134, 0.50331604, 0.500837, 0.5011102, 0.501834, 0.5032101, 0.5040897, 0.50391966, 0.50222135, 0.5064151, 0.5026094, 0.5038913, 0.50669605, 0.50567174, 0.504669, 0.5010718, 0.5011711, 0.5013864, 0.50742996, 0.50643533, 0.50048226, 0.5014885, 0.50127953, 0.50280875, 0.50234294, 0.50191975, 0.50089335, 0.5010601, 0.50140846, 0.5020947, 0.50172156, 0.50297177, 0.5023951, 0.50133145, 0.5032321, 0.50782096, 0.5085209, 0.50255305, 0.5061161, 0.5045693, 0.5022214, 0.5019049, 0.5063546, 0.5120321, 0.51034445, 0.5116148, 0.5101642, 0.50960934, 0.5101143, 0.512001, 0.5120144, 0.5115952, 0.5118255, 0.5111515, 0.5105528, 0.51115084, 0.50992924, 0.510166, 0.5102752, 0.51205844, 0.5110136, 0.5115126, 0.5115211, 0.51234835, 0.51144934, 0.5112896, 0.51183337, 0.5106911, 0.51168936, 0.5119204, 0.5116072, 0.5102867, 0.5117224, 0.5107659, 0.5098044, 0.5119145, 0.51014566, 0.51112413, 0.51138246, 0.5107931, 0.511828, 0.5106606, 0.5128671, 0.51065075, 0.51044476, 0.51052904, 0.51240957, 0.51215947, 0.5105479, 0.5111027, 0.5111854, 0.51150423, 0.5085489, 0.5118473, 0.51081854, 0.51078826, 0.51106775, 0.51094073, 0.5119901, 0.51176524, 0.5101257, 0.5112563, 0.5111874, 0.51155984, 0.5127548, 0.51119053, 0.5109699, 0.51141715, 0.51104885, 0.511283, 0.51081073, 0.5119217, 0.51360697, 0.5113445, 0.5101632, 0.5109141, 0.5120136, 0.5102422, 0.51044637, 0.5123998, 0.51188976, 0.5105971, 0.51158303, 0.51126707, 0.5112911, 0.509797, 0.5105918, 0.5112871, 0.5094134, 0.5121337, 0.51059324, 0.5101647, 0.5122198, 0.5122646, 0.51109415, 0.5116576, 0.5104636, 0.51236564, 0.5110831, 0.51277155, 0.51093614, 0.5114998, 0.51153743, 0.5102507, 0.51061106, 0.5116534, 0.51091945, 0.5120808, 0.51123, 0.5104346, 0.511756, 0.51130915, 0.51116836, 0.512254, 0.510919, 0.5115508, 0.51186174, 0.511262, 0.51282454, 0.51226693, 0.5124727, 0.512459, 0.51122123, 0.51158136, 0.5123777, 0.51366603, 0.51032996, 0.50999224, 0.5125046, 0.5108516, 0.5103368, 0.51008683, 0.5123457, 0.51089156, 0.5112731, 0.51226956, 0.5113384, 0.51108515, 0.51136017, 0.51083654, 0.5123647, 0.5130981, 0.51169384, 0.51029664, 0.5115467, 0.51075417]
[0.501105, 0.50037885, 0.5004021, 0.50066715, 0.50159067, 0.5015644, 0.5058538, 0.502907, 0.50272024, 0.5044916, 0.5034314, 0.5006494, 0.5035961, 0.50849634, 0.49990967, 0.500312, 0.5089843, 0.5006519, 0.50286025, 0.51029325, 0.5102131, 0.50241065, 0.5060692, 0.5028996, 0.50013703, 0.50140345, 0.50039387, 0.5024639, 0.502632, 0.50485265, 0.5081254, 0.49989012, 0.5011148, 0.50033987, 0.50878096, 0.5090845, 0.50321364, 0.50524074, 0.5058733, 0.5017997, 0.50433815, 0.501231, 0.5072365, 0.5002716, 0.5037757, 0.50483936, 0.5052189, 0.5024336, 0.5017395, 0.5016484, 0.5001993, 0.5006211, 0.5005503, 0.50397146, 0.50387424, 0.5009523, 0.5030844, 0.501023, 0.5024665, 0.5028385, 0.5022915, 0.5031669, 0.50694966, 0.50043374, 0.5060005, 0.5010304, 0.5027175, 0.50375694, 0.5034416, 0.5002902, 0.5117217, 0.50583464, 0.50354004, 0.5083298, 0.50594014, 0.50743806, 0.5079913, 0.50794506, 0.5014072, 0.5010854, 0.50042045, 0.5029559, 0.50117934, 0.5025678, 0.5007166, 0.51098454, 0.50844765, 0.50918597, 0.5024899, 0.5007858, 0.50040436, 0.50929224, 0.5104293, 0.5032708, 0.5036508, 0.5031793, 0.5003508, 0.502708, 0.50401264, 0.5020714, 0.501902, 0.5097511, 0.5020716, 0.5026618, 0.50971264, 0.50916064, 0.5080565, 0.50124276, 0.5012177, 0.500622, 0.5108698, 0.5087451, 0.5014044, 0.502592, 0.5014314, 0.5003692, 0.50343466, 0.5015971, 0.50041884, 0.5001358, 0.5009956, 0.50279766, 0.50187474, 0.50185186, 0.50205934, 0.5017078, 0.5059202, 0.5095971, 0.5114602, 0.5016646, 0.50989985, 0.5038008, 0.50092685, 0.5050113, 0.5108718, 0.51704437, 0.51503575, 0.51685894, 0.51408976, 0.5136291, 0.51415247, 0.51736176, 0.5166503, 0.51690793, 0.51721454, 0.5161446, 0.5152242, 0.51640093, 0.5147117, 0.51572317, 0.51512533, 0.5168064, 0.5153766, 0.5162925, 0.51706153, 0.5180028, 0.5162094, 0.51703614, 0.5174921, 0.5156194, 0.5166304, 0.51775575, 0.51649225, 0.5148942, 0.5172836, 0.5151476, 0.51364464, 0.51671, 0.5147245, 0.51576334, 0.51664186, 0.51660925, 0.51719475, 0.5163714, 0.51868004, 0.5154621, 0.51471704, 0.51465887, 0.51880455, 0.51755565, 0.5152566, 0.5158366, 0.51617503, 0.5162301, 0.51237184, 0.5173886, 0.51514876, 0.5154855, 0.51603806, 0.516322, 0.5170336, 0.51709396, 0.51561326, 0.5172002, 0.51530594, 0.51584953, 0.5190281, 0.5169048, 0.5166379, 0.51709837, 0.51599425, 0.51707584, 0.5154516, 0.5165566, 0.5200483, 0.5154939, 0.51454914, 0.5160196, 0.5179811, 0.5152375, 0.5154858, 0.51787937, 0.51768035, 0.5158117, 0.5165648, 0.5166989, 0.5171702, 0.5145919, 0.51610476, 0.51710147, 0.51371044, 0.51740324, 0.51403564, 0.5149479, 0.51714486, 0.5184379, 0.5161267, 0.5166927, 0.5161639, 0.5182515, 0.514857, 0.51872075, 0.51540285, 0.51649946, 0.5162088, 0.5149003, 0.5149806, 0.5168208, 0.5160368, 0.51747596, 0.5168682, 0.5163069, 0.5170563, 0.515993, 0.51707035, 0.5177096, 0.51612544, 0.51674795, 0.5173348, 0.5161292, 0.5189055, 0.5176615, 0.5183024, 0.5179409, 0.5168047, 0.51692635, 0.51803565, 0.5205045, 0.51438123, 0.51356804, 0.5189963, 0.5166044, 0.51469743, 0.5145961, 0.51794493, 0.5166371, 0.51647055, 0.5188629, 0.5165575, 0.5166168, 0.51684344, 0.5166025, 0.5184263, 0.5197753, 0.5167802, 0.5146769, 0.51611096, 0.51676905]
[0.50129944, 0.5018019, 0.50248075, 0.5024578, 0.5016445, 0.50153106, 0.50587755, 0.5034075, 0.5027644, 0.504493, 0.5035966, 0.5013971, 0.50362563, 0.5066495, 0.5013527, 0.5019543, 0.50741136, 0.50134754, 0.50372636, 0.5080051, 0.5082807, 0.5031334, 0.50463194, 0.50420797, 0.50175244, 0.50278234, 0.5017669, 0.503031, 0.5026908, 0.5048073, 0.5067842, 0.5016242, 0.50214195, 0.5016761, 0.50685376, 0.5069709, 0.5038141, 0.5041511, 0.5052788, 0.5026103, 0.5045991, 0.5017074, 0.50485545, 0.5022085, 0.5036305, 0.5046397, 0.5049092, 0.50298446, 0.502138, 0.5021903, 0.5018343, 0.50159204, 0.50158095, 0.503963, 0.504148, 0.5013366, 0.50316656, 0.50176656, 0.50211513, 0.50289017, 0.50256157, 0.50413465, 0.5062168, 0.5013027, 0.5053493, 0.5017536, 0.5024059, 0.5040059, 0.50440705, 0.50175714, 0.5093443, 0.5047385, 0.5038862, 0.5069067, 0.5054817, 0.50497353, 0.50531614, 0.5060187, 0.5013835, 0.50154376, 0.5017428, 0.50328684, 0.5017219, 0.50299793, 0.50187635, 0.5086521, 0.50733584, 0.5075943, 0.50297207, 0.5021446, 0.5019685, 0.5076915, 0.50815636, 0.50292754, 0.5024349, 0.5030432, 0.5011978, 0.5033489, 0.50389475, 0.5026401, 0.5023314, 0.5084105, 0.50257283, 0.5031408, 0.50774974, 0.50750387, 0.5063966, 0.50245476, 0.5021802, 0.50137097, 0.5089211, 0.507642, 0.5013871, 0.50261354, 0.5015134, 0.5024244, 0.50337857, 0.5028941, 0.5018642, 0.50201327, 0.50237584, 0.5027932, 0.50142306, 0.5035236, 0.5021683, 0.5024006, 0.50449944, 0.5084934, 0.509593, 0.5025029, 0.50814867, 0.50410503, 0.5027369, 0.50339365, 0.50824606, 0.5129309, 0.511381, 0.51304203, 0.5113229, 0.51115245, 0.51118857, 0.5132015, 0.512907, 0.512968, 0.51285356, 0.51235676, 0.5118376, 0.51223785, 0.51168406, 0.5116462, 0.51189566, 0.51298934, 0.5119141, 0.5124681, 0.51286703, 0.51343155, 0.5127039, 0.51267976, 0.51302373, 0.51199836, 0.5127844, 0.5132254, 0.51257855, 0.5114259, 0.5130261, 0.5117594, 0.51057345, 0.5127022, 0.51099986, 0.5121312, 0.5125199, 0.5123955, 0.51326054, 0.5123268, 0.51396245, 0.5121045, 0.51141053, 0.51134014, 0.51389205, 0.51301324, 0.51178265, 0.51236105, 0.51259214, 0.5125854, 0.5098307, 0.5126915, 0.51214564, 0.51159245, 0.51231676, 0.51246536, 0.5130328, 0.513137, 0.5116383, 0.5129137, 0.51217854, 0.5124724, 0.5140826, 0.51293087, 0.5125171, 0.51267266, 0.51240855, 0.5127936, 0.5119349, 0.51281154, 0.5147376, 0.51238656, 0.51176494, 0.5121241, 0.51369464, 0.51147103, 0.511614, 0.5137587, 0.5134825, 0.5120439, 0.51257443, 0.5127132, 0.5129257, 0.51117563, 0.5123664, 0.5130658, 0.5104642, 0.513209, 0.51106805, 0.51147056, 0.5131194, 0.5137776, 0.51233226, 0.5126627, 0.51209813, 0.51370037, 0.5116084, 0.5140145, 0.51194406, 0.5126711, 0.5124627, 0.5115397, 0.51168466, 0.5130226, 0.5124596, 0.51347876, 0.51274127, 0.5123381, 0.5130249, 0.5124453, 0.51265955, 0.5135712, 0.51233536, 0.5127809, 0.51280016, 0.51237196, 0.5140215, 0.5134913, 0.5137129, 0.51360995, 0.5127331, 0.51299465, 0.51327085, 0.5148913, 0.5114789, 0.51065046, 0.5141511, 0.512232, 0.5116877, 0.5115417, 0.5136543, 0.51238316, 0.5127059, 0.5139395, 0.51258945, 0.51250106, 0.51262635, 0.5123732, 0.5135562, 0.51457965, 0.51259947, 0.51152986, 0.512297, 0.5122976]
[0.50080526, 0.5014805, 0.5011303, 0.50228333, 0.50023687, 0.50087184, 0.5045608, 0.5007277, 0.5003723, 0.5017744, 0.5005349, 0.5008391, 0.5025082, 0.5047333, 0.50018626, 0.50176924, 0.50499845, 0.4997686, 0.5021999, 0.5059112, 0.50631815, 0.5009508, 0.5031282, 0.50158226, 0.5001201, 0.5006381, 0.5004135, 0.5005372, 0.50021064, 0.5028773, 0.5051113, 0.5008498, 0.50021553, 0.5005392, 0.50505066, 0.50464845, 0.50109994, 0.50083077, 0.5035179, 0.5007423, 0.50244707, 0.5012548, 0.50346595, 0.50046617, 0.5017033, 0.5026719, 0.50329626, 0.501103, 0.50122637, 0.50120187, 0.50106007, 0.500833, 0.5006369, 0.5018534, 0.5018139, 0.50023293, 0.5015751, 0.50036424, 0.50049824, 0.50049317, 0.5000393, 0.5031846, 0.50463086, 0.49956778, 0.5046092, 0.49970168, 0.5017949, 0.502414, 0.50203586, 0.50044745, 0.5079643, 0.503844, 0.50262094, 0.5054378, 0.50382656, 0.50418967, 0.50352216, 0.50479347, 0.49987033, 0.49978372, 0.50051355, 0.5033709, 0.50043225, 0.50018066, 0.50010633, 0.506812, 0.50537705, 0.5052471, 0.5026253, 0.50177085, 0.49986675, 0.5052826, 0.5065269, 0.50246406, 0.50105315, 0.50074327, 0.5008539, 0.50133884, 0.5020646, 0.5027951, 0.5018213, 0.50593245, 0.50031894, 0.5009961, 0.5052898, 0.5056236, 0.5043236, 0.5003193, 0.4995463, 0.5008072, 0.5063351, 0.5049479, 0.49996305, 0.501009, 0.4997425, 0.5008899, 0.5015236, 0.50117874, 0.5004458, 0.50069994, 0.50157976, 0.4998907, 0.5009076, 0.502426, 0.50007266, 0.5019668, 0.5030848, 0.5063889, 0.5081302, 0.50034815, 0.50615925, 0.50120175, 0.49963012, 0.5000261, 0.50453657, 0.51204777, 0.5113332, 0.5119977, 0.51011914, 0.50987047, 0.51048243, 0.51189333, 0.5124223, 0.5118596, 0.51188123, 0.5110402, 0.5106408, 0.5111319, 0.51075554, 0.5104043, 0.5098251, 0.5119256, 0.51147705, 0.5117885, 0.511781, 0.51285225, 0.51164734, 0.5115865, 0.5117938, 0.51076186, 0.51149225, 0.512183, 0.51117444, 0.50959724, 0.5117668, 0.510948, 0.51012397, 0.51185304, 0.5105037, 0.5115547, 0.5113093, 0.5108328, 0.51190656, 0.510373, 0.5135581, 0.51059103, 0.51111233, 0.5110893, 0.5124386, 0.5126406, 0.51028544, 0.51108557, 0.51150894, 0.5116044, 0.50855744, 0.51160884, 0.5103865, 0.5107592, 0.51091623, 0.5115687, 0.5120303, 0.5121153, 0.5099137, 0.51167023, 0.5112406, 0.5111821, 0.5129531, 0.51159203, 0.5110939, 0.5117075, 0.5105679, 0.5110447, 0.51109636, 0.5123049, 0.5139419, 0.51125425, 0.51057893, 0.5113177, 0.51233363, 0.50981236, 0.5104551, 0.51262444, 0.51257056, 0.5112806, 0.5116466, 0.51175135, 0.5111752, 0.51011103, 0.51124626, 0.5115775, 0.5101276, 0.5128325, 0.51033205, 0.50971943, 0.51241547, 0.51289284, 0.5113815, 0.5119458, 0.51040107, 0.51266277, 0.5109674, 0.513274, 0.51134336, 0.5118698, 0.5121537, 0.5107547, 0.51117384, 0.5116997, 0.5113344, 0.5124958, 0.51115113, 0.5102479, 0.5116932, 0.5118005, 0.5111369, 0.5120238, 0.51069957, 0.5115733, 0.51225215, 0.51118624, 0.51325715, 0.51286316, 0.51278126, 0.5125909, 0.5116935, 0.51185495, 0.5124005, 0.5140152, 0.5104292, 0.5098793, 0.51313597, 0.5112309, 0.51057863, 0.5105401, 0.5127339, 0.51074046, 0.5109509, 0.5124739, 0.51153505, 0.5113456, 0.51135236, 0.5110686, 0.51255965, 0.51342386, 0.51216644, 0.5103636, 0.5116496, 0.5105075]
[0.5018279, 0.5007646, 0.50119907, 0.50052047, 0.50242734, 0.50213057, 0.50433004, 0.502039, 0.5014779, 0.50585866, 0.5037146, 0.50072235, 0.5005259, 0.50409067, 0.50117993, 0.5001145, 0.50651926, 0.50016236, 0.5035821, 0.50614303, 0.5060586, 0.50364524, 0.50130236, 0.5009505, 0.50184923, 0.5028478, 0.50132674, 0.5037193, 0.5012932, 0.505631, 0.50530607, 0.49979183, 0.5016249, 0.49986187, 0.5049819, 0.5055262, 0.5049719, 0.5038179, 0.5030734, 0.50260216, 0.50546795, 0.5004979, 0.5025125, 0.49999213, 0.50468284, 0.5059643, 0.50634485, 0.50292385, 0.5001772, 0.49983346, 0.49968812, 0.50142956, 0.50119674, 0.504963, 0.5048029, 0.5019426, 0.5040771, 0.50124586, 0.5000371, 0.50135, 0.5017299, 0.5040152, 0.5049775, 0.50128776, 0.50203395, 0.50140816, 0.5000488, 0.5048783, 0.50570995, 0.5010211, 0.50771683, 0.50198704, 0.5052606, 0.5050427, 0.5028146, 0.5022849, 0.5028475, 0.5041766, 0.499844, 0.5003147, 0.5005939, 0.5010758, 0.50172323, 0.5033211, 0.50198925, 0.50706536, 0.5063173, 0.50614464, 0.50097954, 0.50084805, 0.500725, 0.50619674, 0.5061917, 0.50068665, 0.5007338, 0.5019158, 0.5007912, 0.50309294, 0.5039196, 0.50094587, 0.49972966, 0.5067256, 0.5029515, 0.5045166, 0.50760365, 0.50589293, 0.50408745, 0.5001749, 0.5014043, 0.5004275, 0.5074383, 0.5061607, 0.50147927, 0.50000066, 0.5004586, 0.5020037, 0.5019408, 0.50122297, 0.49990526, 0.50049865, 0.5012794, 0.50329524, 0.5009921, 0.4998302, 0.5027802, 0.5004554, 0.50150484, 0.5080066, 0.5081912, 0.5031536, 0.5064997, 0.5056089, 0.50413173, 0.5036805, 0.507488, 0.5119756, 0.51034725, 0.5132657, 0.5108778, 0.51140195, 0.5098725, 0.51231295, 0.5121493, 0.51262033, 0.5124663, 0.5121515, 0.5111088, 0.5118801, 0.5099554, 0.5107886, 0.5121338, 0.5132755, 0.5103408, 0.511527, 0.5125355, 0.51284695, 0.5122713, 0.51219726, 0.5117966, 0.5112038, 0.5123293, 0.5129005, 0.5124422, 0.51149523, 0.51222646, 0.51115084, 0.5098354, 0.511858, 0.5093226, 0.5118318, 0.51248163, 0.51112247, 0.51236415, 0.51154065, 0.51371574, 0.51143473, 0.5095595, 0.5095998, 0.5129273, 0.5123298, 0.51201093, 0.51182663, 0.512059, 0.5121346, 0.5095998, 0.51236904, 0.5121506, 0.5104513, 0.5119157, 0.51180434, 0.51292574, 0.51274073, 0.51063573, 0.5126936, 0.5115892, 0.51207936, 0.51333696, 0.51267916, 0.5124555, 0.5119417, 0.5121974, 0.5122008, 0.5116525, 0.51258135, 0.51406693, 0.5121915, 0.51123416, 0.5110924, 0.51316476, 0.511026, 0.511141, 0.5138125, 0.5129959, 0.5102368, 0.5125465, 0.51232123, 0.5130874, 0.5094011, 0.5115268, 0.51313287, 0.508897, 0.51258916, 0.51066685, 0.51068085, 0.51239425, 0.5127066, 0.5107812, 0.51118755, 0.51116216, 0.5132553, 0.5110028, 0.51335, 0.5103013, 0.512256, 0.5118689, 0.50996506, 0.5106599, 0.5133124, 0.51131815, 0.5131061, 0.51276016, 0.51243454, 0.51291376, 0.5107432, 0.51141495, 0.51374525, 0.51132, 0.51268315, 0.5116425, 0.51169586, 0.51423645, 0.5124033, 0.5128788, 0.512946, 0.51225346, 0.51284873, 0.5127016, 0.5145519, 0.51010954, 0.5097805, 0.5138274, 0.5110564, 0.51078665, 0.5106063, 0.5129817, 0.51239526, 0.5124749, 0.51343447, 0.5119234, 0.5122038, 0.51229304, 0.51210827, 0.51315933, 0.51412857, 0.5109557, 0.5113278, 0.51108795, 0.5120638]
[0.502135, 0.5018249, 0.5004888, 0.50084394, 0.5030246, 0.5028384, 0.5032173, 0.50337404, 0.5028432, 0.50717527, 0.50523335, 0.5018201, 0.5004063, 0.5035728, 0.5020702, 0.5009068, 0.50522685, 0.5020942, 0.5050922, 0.50664294, 0.50622594, 0.50426143, 0.5013375, 0.5006269, 0.5031526, 0.50415, 0.50091815, 0.5042214, 0.5034424, 0.5077363, 0.504387, 0.5004171, 0.5032274, 0.5013017, 0.5041927, 0.50481516, 0.50574213, 0.5020756, 0.501487, 0.50322765, 0.506755, 0.5022179, 0.5014954, 0.5018922, 0.50687146, 0.50779134, 0.5083334, 0.50512356, 0.5002579, 0.5012705, 0.5012126, 0.5030751, 0.5032627, 0.5065657, 0.5069985, 0.5033708, 0.5052651, 0.5029398, 0.5027107, 0.5038607, 0.50375444, 0.5022848, 0.5042016, 0.50244695, 0.5007146, 0.50225604, 0.5004021, 0.5057537, 0.5058373, 0.5016772, 0.5082064, 0.5011795, 0.50276625, 0.504404, 0.50095886, 0.50149083, 0.501398, 0.50316936, 0.5016365, 0.5022309, 0.50111014, 0.5011882, 0.5016531, 0.5045734, 0.50262, 0.50693107, 0.50543463, 0.5055689, 0.5006236, 0.5008361, 0.5021448, 0.50511914, 0.50687325, 0.50051945, 0.5013226, 0.5004864, 0.501034, 0.5051127, 0.50575066, 0.50132513, 0.5011497, 0.50607365, 0.5037534, 0.5047773, 0.5066344, 0.5053672, 0.50276524, 0.50088125, 0.50307363, 0.50242627, 0.5066639, 0.5038183, 0.5020633, 0.5039104, 0.5019168, 0.5010658, 0.5008904, 0.5003051, 0.50199753, 0.5017242, 0.5017204, 0.5041408, 0.5027752, 0.5006154, 0.50374776, 0.50205094, 0.50070554, 0.50738895, 0.50855863, 0.5038151, 0.5059584, 0.5037753, 0.50164473, 0.5017421, 0.5066689, 0.51328963, 0.5109984, 0.5133892, 0.510647, 0.5105497, 0.5105865, 0.5129877, 0.512992, 0.5129684, 0.5131987, 0.5124701, 0.5114157, 0.5122595, 0.5101012, 0.51128817, 0.51189935, 0.51296294, 0.5114607, 0.51223606, 0.5126519, 0.5134822, 0.51215315, 0.51231277, 0.51281744, 0.5120545, 0.51250774, 0.51338357, 0.5127056, 0.5113813, 0.5125338, 0.5116217, 0.51036006, 0.5129821, 0.510653, 0.51243246, 0.51294893, 0.51144725, 0.5130928, 0.5120527, 0.5140648, 0.51175994, 0.5108381, 0.51090914, 0.5138289, 0.5131813, 0.5115146, 0.51228344, 0.5122667, 0.51272523, 0.5089682, 0.51297605, 0.51209944, 0.51118207, 0.5120131, 0.5121632, 0.51309735, 0.5129287, 0.511022, 0.5130079, 0.5123571, 0.5128462, 0.5143816, 0.5126067, 0.5123552, 0.5124977, 0.51190835, 0.5128697, 0.51181275, 0.51289177, 0.5153022, 0.5119746, 0.5110894, 0.51144266, 0.51352507, 0.5110571, 0.51120824, 0.51394045, 0.51313776, 0.5112276, 0.5124801, 0.5129117, 0.5132954, 0.5100375, 0.512072, 0.51273865, 0.50948524, 0.51306623, 0.5113893, 0.5111886, 0.513312, 0.5135457, 0.5117668, 0.51193637, 0.5116495, 0.51397014, 0.51179886, 0.5139914, 0.51112264, 0.51238215, 0.5125156, 0.51072884, 0.5112871, 0.512926, 0.51175344, 0.51340234, 0.5130317, 0.5123639, 0.5130051, 0.51227784, 0.5119876, 0.5138302, 0.5115174, 0.5126906, 0.5125058, 0.5120534, 0.5144516, 0.51344967, 0.5139103, 0.5135612, 0.5126578, 0.512745, 0.5137136, 0.51534784, 0.5107521, 0.5106153, 0.51405805, 0.5116388, 0.51122206, 0.51103354, 0.5136027, 0.5122834, 0.5127671, 0.51376015, 0.5119271, 0.51245797, 0.5124556, 0.5125171, 0.5138971, 0.51466703, 0.5117712, 0.5113792, 0.5120135, 0.51208776]
[0.50434405, 0.5036088, 0.50609046, 0.50553906, 0.503234, 0.50266385, 0.50881284, 0.50065553, 0.5011161, 0.5029179, 0.501268, 0.50489867, 0.5069202, 0.50888026, 0.5036977, 0.50485, 0.5095891, 0.5041778, 0.50151503, 0.510544, 0.5101214, 0.5006282, 0.50695735, 0.5064775, 0.50153625, 0.5009093, 0.5050733, 0.50079095, 0.5015276, 0.5042643, 0.5092446, 0.5058983, 0.50244033, 0.505669, 0.50909805, 0.50911075, 0.50191706, 0.5078222, 0.50779676, 0.50111765, 0.5030132, 0.5039447, 0.5074353, 0.5038431, 0.5029029, 0.5044045, 0.5046586, 0.5015825, 0.50582075, 0.5042564, 0.505237, 0.50308543, 0.5030259, 0.5024831, 0.5026467, 0.5023216, 0.5013984, 0.5020094, 0.50330245, 0.5008296, 0.5029105, 0.50730467, 0.5093771, 0.50314474, 0.507824, 0.50371903, 0.5065474, 0.50278366, 0.50223124, 0.50475454, 0.5116138, 0.5074288, 0.50819635, 0.50899976, 0.507428, 0.50768536, 0.5082878, 0.5082744, 0.5029963, 0.50313026, 0.50364196, 0.50754875, 0.50326306, 0.50171024, 0.502171, 0.5104957, 0.50986034, 0.5098972, 0.50636345, 0.50602984, 0.50213826, 0.50948364, 0.51053417, 0.5067562, 0.5041749, 0.5045212, 0.5046239, 0.50076026, 0.50232726, 0.50707376, 0.5048322, 0.50979555, 0.50138915, 0.5016747, 0.5102445, 0.50949657, 0.5085283, 0.5045884, 0.5025498, 0.5038049, 0.5106503, 0.50918496, 0.50362223, 0.50090426, 0.50249976, 0.50461864, 0.50748545, 0.50695735, 0.5056493, 0.5062902, 0.5055838, 0.500961, 0.50303453, 0.5064044, 0.5024295, 0.5044229, 0.50690204, 0.5107795, 0.51176536, 0.5007768, 0.50996727, 0.5084123, 0.50641966, 0.50611615, 0.5098946, 0.5151564, 0.5142075, 0.515282, 0.51327556, 0.5137351, 0.5131881, 0.5153069, 0.5152911, 0.51534975, 0.5154573, 0.5149325, 0.5143381, 0.5145201, 0.513398, 0.5135878, 0.5136692, 0.51549804, 0.51448387, 0.51513153, 0.51490474, 0.51600915, 0.5148112, 0.5147942, 0.51510704, 0.5145596, 0.51526314, 0.51562685, 0.51480675, 0.51338124, 0.51521295, 0.5141984, 0.51335573, 0.51508653, 0.5134239, 0.5149821, 0.5151535, 0.5141049, 0.51556355, 0.5141092, 0.5162557, 0.51400065, 0.5136117, 0.51387113, 0.51594347, 0.51580817, 0.51381755, 0.5145039, 0.51509213, 0.51484436, 0.5120177, 0.5150108, 0.5142309, 0.51407915, 0.51441514, 0.51492995, 0.51564765, 0.5151929, 0.51327276, 0.51495665, 0.5147014, 0.5147608, 0.51618874, 0.51482, 0.51460695, 0.5146408, 0.5143752, 0.5150576, 0.51401186, 0.5151853, 0.5171586, 0.5146263, 0.5139735, 0.5145403, 0.51543224, 0.5136691, 0.5136543, 0.51591486, 0.515738, 0.5143892, 0.5152044, 0.5150335, 0.51482964, 0.5129625, 0.51446956, 0.5148273, 0.5129371, 0.51572543, 0.51412785, 0.5133521, 0.51536167, 0.5157515, 0.5143969, 0.51493144, 0.5140206, 0.51590604, 0.51438445, 0.516271, 0.51446706, 0.51508206, 0.5152226, 0.51385176, 0.5139556, 0.51517534, 0.5147938, 0.5156535, 0.5149113, 0.51412666, 0.51521707, 0.5143888, 0.5144843, 0.51561266, 0.5141836, 0.51486325, 0.51513284, 0.5147043, 0.5166153, 0.515598, 0.51600844, 0.51574975, 0.5146798, 0.515084, 0.5157702, 0.5170614, 0.513503, 0.5128574, 0.51621324, 0.513912, 0.5141333, 0.5136537, 0.5154877, 0.5143696, 0.514949, 0.51562977, 0.51427954, 0.5145456, 0.5147552, 0.5145634, 0.5158532, 0.51673776, 0.5149047, 0.5135184, 0.514372, 0.51428545]
[0.49993408, 0.50006616, 0.5019372, 0.5015749, 0.5000474, 0.50028443, 0.50465906, 0.50154835, 0.5008028, 0.50398916, 0.50260013, 0.4999036, 0.5023458, 0.505405, 0.5003038, 0.50084007, 0.5071603, 0.50057715, 0.5021825, 0.5071722, 0.50728625, 0.50179857, 0.5034477, 0.50213385, 0.4997493, 0.50103223, 0.5002579, 0.5011985, 0.5010701, 0.50418735, 0.5059559, 0.5013291, 0.5004796, 0.50076646, 0.5060291, 0.5068718, 0.50264937, 0.5035912, 0.5043466, 0.5004976, 0.5037994, 0.5002879, 0.5034874, 0.50049734, 0.5025828, 0.50384516, 0.50413156, 0.5010395, 0.50135535, 0.5009446, 0.501056, 0.49986866, 0.49972323, 0.5028196, 0.502784, 0.49985805, 0.5020962, 0.49986342, 0.50033844, 0.5011154, 0.5005733, 0.5037086, 0.50564504, 0.49986693, 0.50351685, 0.50002205, 0.50192577, 0.5029706, 0.5030039, 0.5003876, 0.50902253, 0.50337976, 0.5030578, 0.5053567, 0.50398004, 0.5042029, 0.50452614, 0.5052751, 0.4999237, 0.49983728, 0.5006557, 0.50172085, 0.50031954, 0.5016484, 0.5005228, 0.50818354, 0.50624347, 0.50662124, 0.5022045, 0.501341, 0.50033927, 0.5068071, 0.5078869, 0.5024171, 0.5015212, 0.5017154, 0.50054836, 0.50201195, 0.5029016, 0.5029931, 0.50126463, 0.5071652, 0.5011526, 0.5019131, 0.5071519, 0.5067443, 0.5050653, 0.5013046, 0.5002116, 0.49968538, 0.5083099, 0.5068058, 0.5003155, 0.5008873, 0.49975097, 0.50155574, 0.50245434, 0.5018673, 0.5006886, 0.50136006, 0.50130147, 0.50110114, 0.49968746, 0.50216573, 0.500735, 0.5012776, 0.5036698, 0.50848967, 0.5092148, 0.5010824, 0.5074554, 0.504585, 0.5023622, 0.50326717, 0.50819, 0.5141287, 0.5119891, 0.5140786, 0.5116248, 0.51153266, 0.5115543, 0.5144387, 0.51420534, 0.514029, 0.51431775, 0.5133076, 0.51262087, 0.51315874, 0.51171756, 0.5121035, 0.5126048, 0.5141816, 0.512699, 0.5133462, 0.5138645, 0.5145536, 0.5136075, 0.51373094, 0.51412666, 0.51261806, 0.5138788, 0.5144665, 0.51367635, 0.512109, 0.51421875, 0.5127113, 0.5113529, 0.5139187, 0.51137316, 0.5131653, 0.5139056, 0.51299256, 0.51407546, 0.5127686, 0.51549757, 0.5127885, 0.5115719, 0.51164734, 0.5152005, 0.51447606, 0.51266706, 0.51369154, 0.51385957, 0.51377624, 0.5097235, 0.5141884, 0.5128315, 0.51241535, 0.5128821, 0.51311415, 0.51407975, 0.5144047, 0.51236475, 0.5140127, 0.51301676, 0.5138899, 0.5156802, 0.5139373, 0.51348627, 0.51387554, 0.51317984, 0.5141055, 0.51271737, 0.5141199, 0.51650167, 0.5130804, 0.5122213, 0.51317745, 0.5147043, 0.51214606, 0.5123922, 0.51501596, 0.5145533, 0.51271945, 0.5140739, 0.51369447, 0.5141151, 0.5115369, 0.5128178, 0.51395416, 0.51076174, 0.51449794, 0.5120549, 0.512017, 0.51426804, 0.5151735, 0.5131106, 0.51340365, 0.5128503, 0.5150728, 0.5126646, 0.51554596, 0.5124862, 0.51348054, 0.5133822, 0.5118245, 0.5126781, 0.51416814, 0.5132958, 0.51457167, 0.5143057, 0.5135695, 0.51414216, 0.51312524, 0.51375484, 0.5146994, 0.5131284, 0.5139708, 0.51391864, 0.5130781, 0.51574194, 0.5145303, 0.51500934, 0.5148357, 0.5136784, 0.51382697, 0.5148579, 0.51697135, 0.5114287, 0.51112217, 0.51577854, 0.5130611, 0.5122278, 0.511964, 0.5149415, 0.51357245, 0.51412964, 0.51531833, 0.51333433, 0.51366913, 0.5137408, 0.5133036, 0.5151341, 0.51617795, 0.5135831, 0.51215386, 0.5133402, 0.5135067]
[0.5019604, 0.5018105, 0.50668186, 0.50779045, 0.5014199, 0.5016512, 0.51205534, 0.5011164, 0.500896, 0.5048234, 0.5031273, 0.50320685, 0.5067828, 0.51104444, 0.5006482, 0.5043465, 0.5118663, 0.50215274, 0.5036233, 0.51305085, 0.51314926, 0.50270844, 0.50612086, 0.5067258, 0.5011546, 0.5015894, 0.50396, 0.5008697, 0.5011767, 0.50564486, 0.51205516, 0.5022856, 0.5011072, 0.5029261, 0.510763, 0.5105206, 0.504316, 0.5079847, 0.50843513, 0.50149524, 0.50484955, 0.50163805, 0.5071923, 0.50438446, 0.5026574, 0.5040918, 0.50464135, 0.50077546, 0.50287414, 0.5024842, 0.50287634, 0.50207424, 0.50221497, 0.5046058, 0.5044162, 0.5009129, 0.50339496, 0.50082654, 0.50225836, 0.501515, 0.50072753, 0.5089428, 0.51088005, 0.50121504, 0.50854844, 0.5007807, 0.5056771, 0.5042953, 0.5044287, 0.5016137, 0.5154345, 0.5082589, 0.5111672, 0.5118595, 0.508971, 0.50913066, 0.5092671, 0.5113011, 0.5022494, 0.5021465, 0.50360537, 0.5072191, 0.50190526, 0.50257224, 0.5006564, 0.51389384, 0.5118124, 0.5120497, 0.50636953, 0.5058783, 0.5013561, 0.51089925, 0.51321393, 0.5058877, 0.5036666, 0.50444925, 0.5038117, 0.5028056, 0.5035492, 0.5067351, 0.5046816, 0.51239467, 0.5018683, 0.5027063, 0.5127685, 0.51101834, 0.50969774, 0.5030174, 0.5006875, 0.50197697, 0.5135886, 0.5118872, 0.5033021, 0.5005173, 0.5036773, 0.50636417, 0.50697756, 0.50529355, 0.502549, 0.50363505, 0.5052945, 0.50154465, 0.5023294, 0.50696206, 0.5011226, 0.50255656, 0.5068253, 0.51437557, 0.5156901, 0.50133765, 0.5123887, 0.50940675, 0.50685805, 0.50491655, 0.5115271, 0.521506, 0.51988703, 0.5219807, 0.51872575, 0.5187219, 0.51869106, 0.5215823, 0.5217716, 0.52143127, 0.5217188, 0.5204006, 0.5197908, 0.51989734, 0.5190909, 0.5189924, 0.51878166, 0.52176636, 0.52022165, 0.52134025, 0.52111816, 0.52257884, 0.5208072, 0.5204323, 0.5212689, 0.5197886, 0.5213653, 0.521633, 0.5212116, 0.51861, 0.5215277, 0.51946324, 0.5182223, 0.5208848, 0.51818806, 0.52038133, 0.5212409, 0.5194492, 0.5217153, 0.5196807, 0.52346575, 0.5200928, 0.5195134, 0.5194978, 0.5227474, 0.52258897, 0.5196053, 0.52033144, 0.52098036, 0.5208658, 0.5161622, 0.52160966, 0.51993287, 0.519967, 0.52022445, 0.52028924, 0.5213958, 0.5216785, 0.51801205, 0.5209961, 0.5208212, 0.5201912, 0.52299666, 0.52052087, 0.51976866, 0.52111655, 0.52027017, 0.5213787, 0.5203162, 0.5217188, 0.5248689, 0.52116406, 0.51974875, 0.52057827, 0.5222118, 0.5188628, 0.51911235, 0.5227702, 0.52202344, 0.5202912, 0.5212721, 0.521167, 0.52083313, 0.517936, 0.5201305, 0.5213335, 0.51757824, 0.5226865, 0.5193137, 0.51839894, 0.5222533, 0.5226926, 0.5202949, 0.52110755, 0.5193481, 0.52263325, 0.520156, 0.52286255, 0.520141, 0.52180856, 0.52170134, 0.5193608, 0.51983887, 0.5214727, 0.5206824, 0.52241474, 0.52058595, 0.51940006, 0.5214603, 0.52108926, 0.52068824, 0.52265155, 0.5194701, 0.52136075, 0.521398, 0.5206375, 0.52349144, 0.5229858, 0.5232663, 0.5230665, 0.5210889, 0.52172446, 0.5224425, 0.5245219, 0.5193767, 0.5186411, 0.5233679, 0.5200462, 0.51946414, 0.51890606, 0.52249813, 0.520266, 0.52080184, 0.522542, 0.5203815, 0.52057236, 0.5208444, 0.52024925, 0.5224048, 0.52356446, 0.520861, 0.51976913, 0.5213583, 0.52032447]
[0.5016149, 0.501196, 0.50042945, 0.5005504, 0.5019879, 0.5021776, 0.50539464, 0.50246, 0.5023132, 0.5048385, 0.5032949, 0.50095415, 0.5007141, 0.5047027, 0.5010741, 0.50020975, 0.50636584, 0.5015244, 0.5035499, 0.5070099, 0.5067807, 0.5027179, 0.5022253, 0.5009526, 0.50198877, 0.5021867, 0.50012153, 0.50270146, 0.5024126, 0.5052666, 0.50647247, 0.50071526, 0.501826, 0.50089896, 0.50428087, 0.5051812, 0.5041255, 0.50279474, 0.50229, 0.50265443, 0.50501364, 0.5008209, 0.50299454, 0.5006904, 0.5041855, 0.5049953, 0.5055332, 0.50283533, 0.50102365, 0.5012778, 0.50139785, 0.5012204, 0.50102353, 0.50437033, 0.50436676, 0.5022611, 0.5040199, 0.5016215, 0.50239795, 0.5029052, 0.5019813, 0.50421906, 0.5042979, 0.50157547, 0.5029006, 0.50198716, 0.5000218, 0.5042069, 0.5044359, 0.5009921, 0.50784504, 0.5022311, 0.50508726, 0.50578886, 0.5017837, 0.5045971, 0.5043274, 0.5058136, 0.5013401, 0.50119936, 0.50043064, 0.50101924, 0.5014499, 0.5029325, 0.50145626, 0.50733787, 0.50651497, 0.50660765, 0.50043887, 0.50006825, 0.50040996, 0.50622356, 0.5071168, 0.49999785, 0.5002987, 0.5012605, 0.50093937, 0.5034135, 0.5040614, 0.5005463, 0.49985257, 0.5069974, 0.50278914, 0.503346, 0.5072567, 0.5058197, 0.50351304, 0.50089353, 0.50202394, 0.5009785, 0.50748247, 0.5056576, 0.5013506, 0.5023007, 0.50090194, 0.50033003, 0.5004058, 0.5004379, 0.5013452, 0.5010581, 0.5001589, 0.5027061, 0.5014771, 0.4999689, 0.502674, 0.50046664, 0.50198114, 0.50756997, 0.50843114, 0.50258124, 0.5066126, 0.5043797, 0.5015862, 0.5019088, 0.507129, 0.5123044, 0.51087815, 0.51268256, 0.51057655, 0.5105796, 0.5100331, 0.51215553, 0.51211584, 0.5119943, 0.5120775, 0.5115924, 0.5106952, 0.5115151, 0.51066965, 0.51067483, 0.51108235, 0.51259863, 0.51101434, 0.5120091, 0.5124176, 0.5131661, 0.51190686, 0.51212114, 0.51219136, 0.5109798, 0.51210755, 0.5127568, 0.5118809, 0.5111911, 0.5121961, 0.5109353, 0.50984985, 0.5120098, 0.5096888, 0.5111742, 0.5120976, 0.5113772, 0.5123106, 0.51142716, 0.5135545, 0.51162803, 0.5102279, 0.51029074, 0.5126941, 0.5130601, 0.51142544, 0.5112523, 0.51137745, 0.51158947, 0.50915784, 0.5119416, 0.5115083, 0.51083267, 0.5114157, 0.5118473, 0.51282924, 0.51233363, 0.51081556, 0.51261187, 0.5114746, 0.5114838, 0.5133075, 0.51234394, 0.5121652, 0.51215374, 0.5119331, 0.5122727, 0.51117265, 0.51199996, 0.51432484, 0.5116849, 0.5107618, 0.5112112, 0.5126141, 0.51072085, 0.51111746, 0.51298606, 0.51268035, 0.51110303, 0.512051, 0.51187223, 0.51258457, 0.509886, 0.51153463, 0.51262826, 0.50947416, 0.5128573, 0.51042706, 0.5106937, 0.5124245, 0.5130911, 0.51150036, 0.51163775, 0.51130444, 0.5129289, 0.5110591, 0.51325464, 0.5109899, 0.5119466, 0.5118047, 0.5098698, 0.5108838, 0.51248586, 0.5113529, 0.5129372, 0.5121377, 0.5115799, 0.51249087, 0.51126516, 0.511721, 0.5132923, 0.5114503, 0.5119104, 0.51206833, 0.5116565, 0.51358986, 0.5129369, 0.51330006, 0.51305014, 0.5120268, 0.51243925, 0.51249003, 0.514196, 0.51043993, 0.5098686, 0.5134048, 0.51146305, 0.5109599, 0.5106702, 0.51276517, 0.51216894, 0.5122077, 0.5132112, 0.51182866, 0.5121312, 0.51210916, 0.51195884, 0.5129799, 0.5139915, 0.5114737, 0.5111532, 0.51154006, 0.5117316]
[0.50065535, 0.5004783, 0.50137967, 0.5010842, 0.5008812, 0.5010036, 0.50353175, 0.5017556, 0.50180876, 0.5036017, 0.50242996, 0.50072324, 0.5019612, 0.50433785, 0.50093883, 0.5006848, 0.5055285, 0.5005156, 0.5025602, 0.50579786, 0.50630796, 0.5022201, 0.50220954, 0.50141066, 0.5010956, 0.501809, 0.5008554, 0.501654, 0.5012161, 0.50385195, 0.50463074, 0.50096947, 0.5011404, 0.5007697, 0.5038285, 0.5043585, 0.5027566, 0.50286853, 0.5023899, 0.5013253, 0.50359404, 0.5004944, 0.5030568, 0.5003614, 0.50305825, 0.50380504, 0.504105, 0.5020997, 0.50115263, 0.501096, 0.5007308, 0.5009248, 0.50095415, 0.503299, 0.50322723, 0.50098187, 0.50275356, 0.50125897, 0.5012093, 0.50167525, 0.50154066, 0.5030484, 0.5044121, 0.50052613, 0.5033261, 0.5004324, 0.5017792, 0.5029989, 0.5030865, 0.5006762, 0.5071631, 0.5027707, 0.5029151, 0.50436366, 0.50231665, 0.5024235, 0.50299454, 0.50363463, 0.50049037, 0.5005534, 0.50050294, 0.50220233, 0.50047696, 0.5023539, 0.5012559, 0.50642604, 0.50472605, 0.50512415, 0.50188094, 0.50146025, 0.50071114, 0.5044837, 0.50591373, 0.5019131, 0.50082374, 0.5006816, 0.5013479, 0.5022243, 0.5030967, 0.5018248, 0.5007641, 0.50550723, 0.5015286, 0.5024146, 0.5056131, 0.50531614, 0.5037931, 0.50085896, 0.5013126, 0.50065917, 0.5062878, 0.50494933, 0.50070184, 0.50184464, 0.50115734, 0.5004589, 0.5017675, 0.501226, 0.50041294, 0.50055635, 0.50047255, 0.5020333, 0.50099707, 0.5010188, 0.5018312, 0.5003646, 0.5017414, 0.50598174, 0.50725436, 0.5016118, 0.50546926, 0.5028314, 0.5010379, 0.50126505, 0.5053016, 0.5106589, 0.50945175, 0.5102163, 0.50894266, 0.508781, 0.5090966, 0.51042145, 0.51033795, 0.51051706, 0.5108792, 0.51023096, 0.5095056, 0.50994545, 0.508849, 0.50933135, 0.5094611, 0.51045084, 0.5097499, 0.5100182, 0.5103257, 0.5108658, 0.5102519, 0.51036054, 0.5106075, 0.5099166, 0.5104899, 0.51082975, 0.510241, 0.50895613, 0.5106253, 0.5095187, 0.5089235, 0.51061916, 0.50916976, 0.5100311, 0.5105868, 0.5096604, 0.5108573, 0.50982904, 0.51171607, 0.5096271, 0.5091115, 0.50933444, 0.51119494, 0.51082724, 0.5094104, 0.5099309, 0.510164, 0.5103163, 0.50762516, 0.5106049, 0.5096897, 0.50953496, 0.50984025, 0.5100392, 0.51071596, 0.5107021, 0.5092856, 0.5105056, 0.5097622, 0.50999755, 0.5116671, 0.51041865, 0.51023936, 0.51017433, 0.50975484, 0.5104553, 0.5095472, 0.51045305, 0.5122618, 0.5096784, 0.50919545, 0.50967884, 0.5109879, 0.5090764, 0.50939137, 0.510996, 0.5108037, 0.5095185, 0.5103251, 0.51032853, 0.5102887, 0.5088568, 0.509907, 0.51055056, 0.5082655, 0.5107173, 0.5091973, 0.5090382, 0.51055896, 0.51084965, 0.50989634, 0.51017207, 0.5099731, 0.5112322, 0.5094131, 0.5114269, 0.5094147, 0.5102926, 0.51026183, 0.5091247, 0.50923556, 0.5105546, 0.5098787, 0.5109391, 0.5103012, 0.50973755, 0.51057845, 0.51001453, 0.510057, 0.5109293, 0.509636, 0.5100592, 0.5104931, 0.5098245, 0.5117015, 0.5111349, 0.5114075, 0.511091, 0.5103831, 0.51040673, 0.51115835, 0.5125064, 0.5089965, 0.508296, 0.51161045, 0.5098738, 0.5091309, 0.50895196, 0.51098996, 0.50978386, 0.51024586, 0.5111833, 0.5098228, 0.51003957, 0.51009697, 0.5101759, 0.5109892, 0.5120769, 0.51042265, 0.5091687, 0.509794, 0.5099715]
[0.5018834, 0.5026334, 0.50339305, 0.5040719, 0.50155735, 0.5014035, 0.5059866, 0.5025273, 0.5023422, 0.50464934, 0.5035399, 0.50169384, 0.5038845, 0.5060208, 0.50189257, 0.5032479, 0.5067812, 0.5014163, 0.5040672, 0.5075437, 0.507474, 0.50307906, 0.5042463, 0.5035788, 0.5018051, 0.50260955, 0.50193924, 0.50273347, 0.5013767, 0.5055377, 0.5060485, 0.5021899, 0.50105107, 0.50225747, 0.5061438, 0.50594985, 0.503695, 0.50426793, 0.5049272, 0.5022094, 0.50506043, 0.5023868, 0.5053176, 0.5016856, 0.503825, 0.5055182, 0.50587434, 0.5025902, 0.5018679, 0.50202465, 0.5015201, 0.50147796, 0.5016393, 0.5044188, 0.504514, 0.50086635, 0.5039124, 0.5015652, 0.50097954, 0.5022008, 0.50130635, 0.50469196, 0.506304, 0.501464, 0.5059448, 0.5012065, 0.50348985, 0.5049604, 0.50465626, 0.5017553, 0.5083636, 0.5056548, 0.50500435, 0.5061427, 0.5055197, 0.5052553, 0.5053618, 0.5057112, 0.50136447, 0.5011334, 0.50164324, 0.50304157, 0.5011714, 0.50263464, 0.500988, 0.50776803, 0.50652623, 0.5068743, 0.5038972, 0.5035843, 0.5015475, 0.50642174, 0.5077072, 0.50404656, 0.5024856, 0.50266016, 0.501968, 0.5033972, 0.504616, 0.50379723, 0.50315493, 0.50713193, 0.502217, 0.503163, 0.5070598, 0.50649065, 0.5057464, 0.5020706, 0.50114495, 0.50222147, 0.50739026, 0.50632775, 0.5008533, 0.5024802, 0.50114757, 0.50249475, 0.5032801, 0.50234306, 0.5013764, 0.5017835, 0.50175595, 0.5016683, 0.50133777, 0.50348884, 0.50145674, 0.5030856, 0.50462496, 0.50749004, 0.50832915, 0.5018899, 0.5070993, 0.50430304, 0.5024005, 0.5023719, 0.5069207, 0.51195383, 0.5108476, 0.51202625, 0.51021725, 0.5098835, 0.5104326, 0.5116754, 0.5116986, 0.51177377, 0.5117754, 0.51117593, 0.51058257, 0.5112737, 0.51036507, 0.51058406, 0.51022434, 0.5120355, 0.5113023, 0.5116447, 0.51196814, 0.51251376, 0.5115477, 0.5115322, 0.51188713, 0.5109544, 0.5116748, 0.5120487, 0.5114934, 0.51040536, 0.5118893, 0.5106578, 0.5097899, 0.5114708, 0.5101754, 0.5110788, 0.5115463, 0.5109741, 0.51183116, 0.5109966, 0.513072, 0.5110307, 0.5103982, 0.5105246, 0.5123741, 0.51245594, 0.51080894, 0.5110518, 0.5113321, 0.51144046, 0.50866914, 0.5116368, 0.51088333, 0.51072556, 0.51086164, 0.51149476, 0.5119777, 0.511882, 0.51049536, 0.5118112, 0.511293, 0.51129293, 0.5128086, 0.5117054, 0.51134884, 0.5117074, 0.51112175, 0.51160944, 0.51071805, 0.511596, 0.5134644, 0.51125777, 0.5105903, 0.51118314, 0.51207846, 0.5102483, 0.5106109, 0.51264966, 0.5121231, 0.51094586, 0.5115135, 0.5114927, 0.5115136, 0.51007617, 0.51126635, 0.5117727, 0.5096069, 0.5122507, 0.51005286, 0.5102712, 0.5120025, 0.51259696, 0.51119035, 0.5114225, 0.510663, 0.51230985, 0.51087487, 0.5126817, 0.5110034, 0.5115945, 0.5116365, 0.5105246, 0.51088274, 0.51189756, 0.5111636, 0.5121849, 0.511481, 0.510787, 0.5119783, 0.5113383, 0.5113709, 0.5121673, 0.5108968, 0.51136386, 0.5118689, 0.5112856, 0.5128937, 0.51222914, 0.51235604, 0.51235706, 0.51154155, 0.51170313, 0.51222944, 0.5134347, 0.5104135, 0.5097432, 0.51269543, 0.5110615, 0.5106201, 0.510372, 0.5124489, 0.5112068, 0.5112692, 0.5124872, 0.5110897, 0.51139534, 0.5116219, 0.5112016, 0.5122927, 0.5129937, 0.5115068, 0.5104465, 0.5112867, 0.51100093]
[0.5001768, 0.4998321, 0.49916032, 0.49923787, 0.50026864, 0.5005349, 0.50618875, 0.50107473, 0.5012235, 0.5026341, 0.50183773, 0.49986842, 0.5004993, 0.5072309, 0.5002139, 0.49964407, 0.5089562, 0.5001615, 0.50174415, 0.5112178, 0.51126015, 0.50129104, 0.50169086, 0.5002651, 0.5007706, 0.5014331, 0.49978575, 0.501226, 0.50121206, 0.50289786, 0.50841826, 0.4996809, 0.500678, 0.50009584, 0.5055566, 0.50736195, 0.50192976, 0.5017636, 0.5034936, 0.50102454, 0.50264424, 0.5002552, 0.5016945, 0.49997312, 0.502129, 0.50295746, 0.5031536, 0.5016639, 0.49974424, 0.5000333, 0.49974453, 0.49997914, 0.49998564, 0.50181204, 0.50208426, 0.5003282, 0.5017552, 0.5009075, 0.5010039, 0.5016712, 0.5011621, 0.5022595, 0.50626165, 0.5003203, 0.5026872, 0.5005262, 0.499457, 0.50242513, 0.5021278, 0.5005225, 0.5126252, 0.5019308, 0.5017426, 0.50786847, 0.5009914, 0.5030601, 0.50490075, 0.50509024, 0.5004822, 0.50038075, 0.5001677, 0.50033504, 0.5003858, 0.50131416, 0.5006434, 0.51086223, 0.50815517, 0.5094431, 0.4998327, 0.49937302, 0.5002019, 0.50782716, 0.51123446, 0.5000508, 0.49970394, 0.49984217, 0.4998166, 0.5015795, 0.5023653, 0.4999475, 0.49963441, 0.5092603, 0.50104433, 0.5016485, 0.51005393, 0.5079804, 0.5046661, 0.4998614, 0.5011056, 0.5004429, 0.5110394, 0.5079691, 0.5007261, 0.50160867, 0.50077504, 0.50024843, 0.50058895, 0.4994849, 0.50007254, 0.4998477, 0.50002545, 0.5013547, 0.5005637, 0.49998796, 0.5010899, 0.49979362, 0.5016463, 0.5109371, 0.5131394, 0.500768, 0.50895315, 0.5029644, 0.49971953, 0.49969035, 0.5094553, 0.5202688, 0.5172101, 0.5203996, 0.5165992, 0.51625323, 0.5164578, 0.52065384, 0.52045137, 0.51988363, 0.51986486, 0.51858366, 0.5179185, 0.51867795, 0.51726943, 0.5172193, 0.5186543, 0.52016515, 0.51852524, 0.5202699, 0.5200795, 0.521795, 0.5196948, 0.5194843, 0.52074844, 0.5183415, 0.52005565, 0.5210889, 0.5196842, 0.51737887, 0.52019906, 0.5180728, 0.51555157, 0.5195076, 0.516169, 0.5182602, 0.51951885, 0.51832694, 0.52080876, 0.518316, 0.52225196, 0.5180981, 0.517617, 0.5173188, 0.5226514, 0.52122796, 0.5176622, 0.5187693, 0.51904607, 0.5193925, 0.5138031, 0.5202135, 0.51849496, 0.5176749, 0.5189357, 0.5191293, 0.5209393, 0.52061045, 0.51722896, 0.5196635, 0.51895946, 0.51927924, 0.52256584, 0.52010053, 0.519224, 0.51946014, 0.5188831, 0.52000225, 0.5180968, 0.5205659, 0.52405506, 0.5190101, 0.51739156, 0.5183289, 0.5209678, 0.51649857, 0.5173472, 0.5217747, 0.5206432, 0.51895434, 0.5194478, 0.51969784, 0.51965463, 0.515951, 0.51865214, 0.52033794, 0.5153017, 0.5208433, 0.51700675, 0.51728433, 0.5205123, 0.5213824, 0.51910436, 0.5197033, 0.5184884, 0.5220146, 0.5176362, 0.5226132, 0.5179698, 0.5199204, 0.5197208, 0.5167522, 0.51744235, 0.5199884, 0.51848173, 0.52088976, 0.51964885, 0.5182563, 0.5199606, 0.5194623, 0.51872647, 0.5224403, 0.51863575, 0.51967263, 0.5204345, 0.5190089, 0.5226426, 0.52121985, 0.52200216, 0.5213965, 0.5194076, 0.52006173, 0.5211232, 0.5238884, 0.5168169, 0.51539814, 0.52215695, 0.51847637, 0.5171841, 0.51693314, 0.52169275, 0.51898193, 0.51994854, 0.52175426, 0.51922864, 0.51962036, 0.5200026, 0.51904714, 0.5214967, 0.5239285, 0.51944005, 0.5175808, 0.51911, 0.5183178]
[0.501022, 0.5008272, 0.50119054, 0.50228286, 0.5015741, 0.5019227, 0.50714827, 0.5026989, 0.50266826, 0.5047258, 0.5036062, 0.50019413, 0.5025543, 0.50776434, 0.5012372, 0.5010215, 0.50910896, 0.49982876, 0.5033757, 0.5101427, 0.5101472, 0.5036883, 0.50251085, 0.50069577, 0.50133777, 0.5021414, 0.5007343, 0.50257224, 0.502266, 0.5052079, 0.508523, 0.5008258, 0.5023331, 0.5006545, 0.50753087, 0.50792617, 0.5037627, 0.5046138, 0.5051219, 0.50198495, 0.5048807, 0.50092626, 0.50467366, 0.49993944, 0.5033737, 0.5045178, 0.50466883, 0.5022491, 0.49983186, 0.49989447, 0.4999003, 0.50148493, 0.5012492, 0.503947, 0.50386214, 0.5013735, 0.50371754, 0.5019075, 0.50166076, 0.5023618, 0.50197935, 0.50409436, 0.50815505, 0.50141054, 0.5045578, 0.5011106, 0.5018923, 0.5044032, 0.5041494, 0.5013047, 0.51224184, 0.50584835, 0.5061665, 0.5077727, 0.5056117, 0.5052498, 0.5059037, 0.505874, 0.50106263, 0.50128424, 0.50056994, 0.5023038, 0.5018718, 0.50280994, 0.50243515, 0.5108508, 0.5083284, 0.508809, 0.5020239, 0.5009179, 0.501013, 0.50848675, 0.50999606, 0.50124955, 0.49998295, 0.50082874, 0.50019246, 0.503388, 0.5040973, 0.50217974, 0.5000631, 0.50955683, 0.5025797, 0.50381744, 0.509073, 0.50877064, 0.506733, 0.5000811, 0.50210214, 0.5013176, 0.5105053, 0.5086937, 0.5007332, 0.5021229, 0.5011572, 0.5002541, 0.5016165, 0.5008406, 0.50022256, 0.4998297, 0.4999647, 0.50262153, 0.5001075, 0.50077075, 0.50244755, 0.5004179, 0.5032655, 0.51104057, 0.5127447, 0.5024168, 0.5096128, 0.50414187, 0.50024045, 0.49988344, 0.5084973, 0.5180547, 0.5156364, 0.5178853, 0.51542455, 0.5151007, 0.5153718, 0.5181455, 0.51799196, 0.51810527, 0.51871896, 0.51748914, 0.5167769, 0.5168737, 0.5159063, 0.5158911, 0.51564944, 0.5185628, 0.5172198, 0.5180322, 0.51751393, 0.51929235, 0.51783633, 0.51776856, 0.5181539, 0.5166625, 0.5180709, 0.51857674, 0.5176932, 0.5154868, 0.5181992, 0.51622367, 0.5148509, 0.51805407, 0.515675, 0.51720434, 0.51783943, 0.5166665, 0.5185093, 0.5165117, 0.5201883, 0.5168847, 0.5158232, 0.5158659, 0.5194108, 0.5185972, 0.516168, 0.51737785, 0.51757246, 0.51780915, 0.5128241, 0.518539, 0.5164714, 0.516608, 0.5169522, 0.51727366, 0.51853305, 0.51857936, 0.51552975, 0.5172214, 0.5169287, 0.5171528, 0.5199845, 0.5176809, 0.51685363, 0.5175924, 0.51646304, 0.5180066, 0.51654196, 0.51875836, 0.5215048, 0.51722956, 0.5163897, 0.5174504, 0.5187513, 0.5158519, 0.5156584, 0.51948607, 0.51936036, 0.5166364, 0.5182904, 0.5176928, 0.51776564, 0.51511633, 0.51702064, 0.51816684, 0.51465625, 0.5192976, 0.51614547, 0.5148099, 0.51863855, 0.51902807, 0.51680523, 0.51771146, 0.5165726, 0.5193983, 0.5168987, 0.5199195, 0.5170845, 0.5178382, 0.51818603, 0.5157702, 0.51677704, 0.5182422, 0.51732254, 0.5190623, 0.51752806, 0.51669514, 0.51817095, 0.5172372, 0.51739234, 0.5191592, 0.51648974, 0.5180519, 0.51818585, 0.51704365, 0.5201666, 0.5195688, 0.51950043, 0.5196604, 0.51789945, 0.5185436, 0.5191568, 0.5215383, 0.51552147, 0.5144116, 0.5204459, 0.51668364, 0.51576406, 0.5155297, 0.51931125, 0.51673716, 0.5170502, 0.5190841, 0.51742285, 0.5173642, 0.5174539, 0.51725453, 0.5190268, 0.5207814, 0.5181325, 0.5156633, 0.51763654, 0.5172282]
[0.50214696, 0.50255936, 0.5031667, 0.5037277, 0.50270313, 0.5033478, 0.506534, 0.49990925, 0.5002558, 0.50062937, 0.50015074, 0.5027196, 0.50480163, 0.5066844, 0.5013903, 0.50344676, 0.5071903, 0.5018527, 0.5006968, 0.50808346, 0.5083314, 0.5001526, 0.5039995, 0.5036818, 0.5003704, 0.5002304, 0.5025897, 0.500137, 0.501145, 0.501284, 0.5069735, 0.50307274, 0.5007588, 0.50240993, 0.5066051, 0.5065988, 0.50059116, 0.50373983, 0.5061685, 0.50033075, 0.5009913, 0.50267863, 0.5051957, 0.5027066, 0.50066733, 0.5013686, 0.50160205, 0.5000655, 0.5031046, 0.50338995, 0.50288093, 0.5018996, 0.5023654, 0.50070995, 0.5007602, 0.5015479, 0.50031793, 0.5006534, 0.50112784, 0.50041234, 0.50185186, 0.505945, 0.50720835, 0.50117934, 0.50649345, 0.50128007, 0.50394017, 0.50082904, 0.50095475, 0.50160646, 0.5097061, 0.5056015, 0.5055564, 0.50700635, 0.5054602, 0.5058602, 0.5055627, 0.5061614, 0.5019458, 0.5016978, 0.5019611, 0.5048531, 0.50240546, 0.5002144, 0.50145894, 0.5083694, 0.5069275, 0.5071409, 0.50421345, 0.5036777, 0.5009859, 0.506564, 0.5083609, 0.5043887, 0.50217015, 0.5026253, 0.50326663, 0.50018656, 0.5004431, 0.5047026, 0.5037315, 0.50758207, 0.5004561, 0.4999419, 0.5073266, 0.5073212, 0.50648737, 0.5017655, 0.5008236, 0.5029198, 0.5083611, 0.5070582, 0.501318, 0.49983865, 0.5016365, 0.50231814, 0.504483, 0.5035176, 0.50271356, 0.50305927, 0.5030971, 0.50079095, 0.5020054, 0.5048445, 0.5010872, 0.5030292, 0.5050596, 0.5084762, 0.5098244, 0.5002235, 0.5075146, 0.503781, 0.50213957, 0.5013342, 0.5064996, 0.5132007, 0.51258236, 0.51307994, 0.511487, 0.5108764, 0.5119287, 0.51307046, 0.51341385, 0.51314926, 0.5132339, 0.51258373, 0.51200634, 0.51226974, 0.512149, 0.511842, 0.51106435, 0.513104, 0.51287866, 0.512874, 0.51261896, 0.513522, 0.51300716, 0.51287466, 0.51314056, 0.5123668, 0.51292795, 0.5133396, 0.51280653, 0.511371, 0.5132886, 0.51228195, 0.5113691, 0.5133401, 0.51205724, 0.5125496, 0.5128551, 0.5119626, 0.5135681, 0.51219696, 0.5143153, 0.5118573, 0.51209885, 0.5120733, 0.51374084, 0.51355827, 0.51164883, 0.5122815, 0.51278615, 0.5127301, 0.51003265, 0.5129785, 0.5121323, 0.51208097, 0.5123223, 0.5126357, 0.5131868, 0.51325876, 0.511153, 0.51273704, 0.51264936, 0.5125923, 0.5140281, 0.51244444, 0.5121731, 0.5128026, 0.5119555, 0.5124866, 0.5121628, 0.513299, 0.5150687, 0.5124906, 0.5118907, 0.5127302, 0.5134068, 0.51123434, 0.5116875, 0.51389474, 0.5134473, 0.5123992, 0.51274985, 0.5126557, 0.5123078, 0.5113535, 0.5125835, 0.51266116, 0.5112855, 0.51382905, 0.5117758, 0.511101, 0.5137147, 0.5137755, 0.51246864, 0.51322055, 0.51194125, 0.5136315, 0.5123071, 0.51439106, 0.5126906, 0.5129253, 0.513285, 0.5122626, 0.51217616, 0.5129955, 0.51255167, 0.51354134, 0.5124303, 0.51167125, 0.5129266, 0.5127671, 0.5122814, 0.5132904, 0.51184523, 0.51265895, 0.5131882, 0.51256925, 0.51414156, 0.5136342, 0.5136546, 0.5137101, 0.5128493, 0.51296765, 0.51359314, 0.514967, 0.5118618, 0.5110751, 0.51389164, 0.5121651, 0.5118259, 0.5116208, 0.51361144, 0.51184416, 0.5121439, 0.5133353, 0.51264125, 0.51234937, 0.5123478, 0.5121812, 0.5136653, 0.51433927, 0.513268, 0.5114879, 0.51254475, 0.5119884]
[0.50230306, 0.50147367, 0.5004856, 0.5004074, 0.5030281, 0.50313306, 0.50508714, 0.50316095, 0.50420237, 0.5078024, 0.5060896, 0.50198114, 0.5019837, 0.5061703, 0.5015008, 0.50055987, 0.5078643, 0.5001188, 0.504708, 0.50820273, 0.50844055, 0.5043171, 0.5024297, 0.50084156, 0.5030753, 0.5036495, 0.50030416, 0.5038097, 0.50313675, 0.5079053, 0.5068365, 0.50085616, 0.5029334, 0.501124, 0.5059558, 0.5057904, 0.5061673, 0.5028462, 0.5034376, 0.5028839, 0.5071524, 0.5007335, 0.5042278, 0.5007755, 0.5063599, 0.5076121, 0.5084392, 0.50396365, 0.5006304, 0.5007342, 0.5004259, 0.5023234, 0.5023792, 0.5064074, 0.50638574, 0.50303787, 0.50572574, 0.5028092, 0.50205195, 0.503154, 0.5027561, 0.5040507, 0.5063, 0.5017134, 0.50398767, 0.5016086, 0.5020997, 0.5063435, 0.5067893, 0.50237185, 0.5104098, 0.5034861, 0.50374645, 0.50666, 0.5039075, 0.50348884, 0.50435907, 0.504465, 0.50169027, 0.50200456, 0.5010765, 0.5015815, 0.5026824, 0.5048515, 0.50279933, 0.509246, 0.50701976, 0.50751364, 0.50157267, 0.5007798, 0.50059134, 0.50677896, 0.50866145, 0.5012549, 0.5004795, 0.50025636, 0.50068295, 0.5047057, 0.5059581, 0.5007518, 0.5004956, 0.5081242, 0.5039333, 0.50559556, 0.50805, 0.5075175, 0.505785, 0.5002403, 0.50257385, 0.5003594, 0.50923747, 0.5072647, 0.50124526, 0.50282097, 0.50033015, 0.50125176, 0.5022056, 0.50108856, 0.5003584, 0.5002344, 0.5001876, 0.50386125, 0.5024089, 0.50063473, 0.5039328, 0.50066704, 0.5018242, 0.50868654, 0.51084036, 0.5036577, 0.5082342, 0.5041643, 0.50122017, 0.50077313, 0.5078272, 0.5162357, 0.51330876, 0.51587903, 0.5131331, 0.51240325, 0.51360327, 0.51607597, 0.5158562, 0.515827, 0.51663554, 0.5154843, 0.5143849, 0.51498044, 0.51305133, 0.5130373, 0.5136078, 0.5160676, 0.5143914, 0.5144649, 0.51575273, 0.515851, 0.5153799, 0.5156353, 0.5162041, 0.5145663, 0.5158482, 0.5165269, 0.51508987, 0.51331705, 0.51635486, 0.51390404, 0.5125959, 0.51593715, 0.51348895, 0.51498586, 0.5157766, 0.51459104, 0.51642334, 0.51505905, 0.5173296, 0.51415783, 0.5135747, 0.51377785, 0.51727515, 0.5160859, 0.51418126, 0.5149886, 0.51516205, 0.5152899, 0.51083636, 0.5158513, 0.51448864, 0.5142392, 0.5149868, 0.5150086, 0.51578104, 0.51600444, 0.5138572, 0.5155584, 0.51427007, 0.51504433, 0.51778466, 0.51522243, 0.5151772, 0.51575315, 0.51484925, 0.5158417, 0.5142628, 0.51570266, 0.51898015, 0.51479393, 0.5134782, 0.51502305, 0.51650345, 0.513395, 0.51386404, 0.5167799, 0.5163713, 0.51405436, 0.5156898, 0.515119, 0.51536536, 0.51325375, 0.5140782, 0.51506084, 0.5119044, 0.51616776, 0.5132616, 0.51351476, 0.5159704, 0.51649547, 0.51485974, 0.51511335, 0.51460284, 0.51645875, 0.5141321, 0.51701653, 0.51428604, 0.515339, 0.51493007, 0.5138486, 0.513581, 0.5160927, 0.5151667, 0.51664096, 0.5152661, 0.51449925, 0.5159133, 0.5148656, 0.5154462, 0.5163941, 0.5143749, 0.5153816, 0.5158924, 0.51515526, 0.5178445, 0.5166355, 0.5170694, 0.5165154, 0.51572174, 0.51574486, 0.5166749, 0.5188878, 0.5133194, 0.51249707, 0.5176561, 0.51462626, 0.5137598, 0.5134866, 0.51668835, 0.5146243, 0.51516825, 0.51741546, 0.51475227, 0.51494515, 0.5150391, 0.5149344, 0.5169787, 0.5179384, 0.51539916, 0.513924, 0.51463246, 0.5150671]
[0.501668, 0.50157356, 0.5004221, 0.5009118, 0.5025561, 0.5026282, 0.5045441, 0.5031806, 0.503209, 0.5053554, 0.50419086, 0.5018506, 0.50070846, 0.5042799, 0.5020974, 0.5010912, 0.50610644, 0.5022776, 0.5043867, 0.50676745, 0.50680006, 0.50388265, 0.5014012, 0.50051486, 0.5028829, 0.5032678, 0.50097185, 0.5029984, 0.5029972, 0.5056858, 0.50558996, 0.5013498, 0.5030792, 0.50146365, 0.50329465, 0.5044736, 0.5049201, 0.5010488, 0.5017286, 0.5034742, 0.50587684, 0.50228196, 0.5013436, 0.5019283, 0.5050958, 0.5062567, 0.50630164, 0.5043104, 0.50149107, 0.5018079, 0.50174093, 0.5025103, 0.50218153, 0.50466037, 0.50519806, 0.5031449, 0.5048941, 0.5029063, 0.50316036, 0.5039389, 0.502875, 0.50262165, 0.5041609, 0.5025252, 0.5026047, 0.5026901, 0.5005019, 0.50492644, 0.5048317, 0.5021722, 0.5075937, 0.50257725, 0.5031778, 0.5053665, 0.5011678, 0.5037036, 0.5026644, 0.5038989, 0.5017055, 0.50199914, 0.50164115, 0.5012573, 0.50179654, 0.5031742, 0.5021273, 0.506684, 0.50578576, 0.5059049, 0.5005428, 0.50096995, 0.50171536, 0.50521106, 0.5066866, 0.5003228, 0.50199944, 0.5007787, 0.5009103, 0.50389665, 0.5046099, 0.5010655, 0.5012141, 0.5061185, 0.50354534, 0.50396, 0.5062205, 0.5055157, 0.50313586, 0.5019421, 0.5030897, 0.50194865, 0.5066874, 0.50530684, 0.5029412, 0.503767, 0.50260353, 0.50179046, 0.500504, 0.50092953, 0.50200516, 0.50179076, 0.5014259, 0.50345016, 0.5027383, 0.50044835, 0.50332826, 0.5016652, 0.50101286, 0.5064158, 0.5076239, 0.5027794, 0.5061484, 0.50215876, 0.5005569, 0.5012477, 0.5051232, 0.5105602, 0.5095607, 0.5105014, 0.50915885, 0.50881666, 0.5091797, 0.5105973, 0.51049024, 0.51049894, 0.5107619, 0.51017463, 0.50969315, 0.50995487, 0.50939614, 0.5092815, 0.50932133, 0.51077175, 0.51016015, 0.51049805, 0.5103043, 0.5109875, 0.5101897, 0.5104836, 0.51077396, 0.5098873, 0.5103354, 0.5107216, 0.5103126, 0.50921154, 0.5106634, 0.5094425, 0.5083872, 0.5103924, 0.50939393, 0.50981164, 0.5102168, 0.50972956, 0.5107836, 0.5095934, 0.5115565, 0.50989467, 0.5093772, 0.50938, 0.5110255, 0.5110062, 0.5095151, 0.50969374, 0.50988925, 0.5101237, 0.5078576, 0.510435, 0.5095421, 0.50954753, 0.5098114, 0.5103554, 0.511057, 0.5106225, 0.5092573, 0.51051986, 0.5101261, 0.5097745, 0.51161695, 0.5103592, 0.5102098, 0.5102614, 0.510118, 0.5105194, 0.5094891, 0.510365, 0.51233727, 0.5100293, 0.50937283, 0.51015246, 0.5108093, 0.5090886, 0.509539, 0.51120234, 0.5108614, 0.5099487, 0.51043224, 0.51032203, 0.51018226, 0.50892925, 0.5099328, 0.51055896, 0.5088417, 0.51109606, 0.5091329, 0.5091493, 0.51080084, 0.5110731, 0.5102471, 0.5104549, 0.5097959, 0.511088, 0.50972605, 0.5116338, 0.5098693, 0.5103332, 0.51031643, 0.5095887, 0.5094525, 0.5103034, 0.509809, 0.51107776, 0.51029724, 0.5095785, 0.5105088, 0.51018995, 0.50992024, 0.5110805, 0.509757, 0.5103228, 0.5108216, 0.5100472, 0.51156026, 0.511142, 0.5113658, 0.5113087, 0.5103966, 0.510459, 0.5108892, 0.5121121, 0.50946957, 0.508628, 0.5112298, 0.5097094, 0.50951266, 0.50929874, 0.51101035, 0.5097155, 0.50989246, 0.51125145, 0.51019156, 0.51, 0.5103356, 0.5099038, 0.51096237, 0.5119054, 0.51044714, 0.5091429, 0.5100764, 0.5097774]
[0.50002384, 0.50125194, 0.5005281, 0.5026918, 0.5010485, 0.5004359, 0.5074399, 0.5019018, 0.5019147, 0.5033472, 0.5021767, 0.50036335, 0.50354856, 0.5090566, 0.5001879, 0.5016146, 0.51046294, 0.50113, 0.50325584, 0.51132154, 0.5117489, 0.50264114, 0.50499773, 0.5035943, 0.5018296, 0.5026833, 0.50007516, 0.5022179, 0.5011952, 0.50450885, 0.5096961, 0.4998589, 0.50115466, 0.50025576, 0.5077413, 0.50787354, 0.5033355, 0.50215507, 0.50654227, 0.50207525, 0.5043719, 0.50092953, 0.50643146, 0.5017448, 0.5033676, 0.5047466, 0.50523525, 0.5030603, 0.5020692, 0.50279576, 0.5010497, 0.5002575, 0.50060606, 0.50367874, 0.5041368, 0.5006806, 0.50335157, 0.5016882, 0.501609, 0.5022068, 0.50129634, 0.50557494, 0.50890034, 0.50062275, 0.50830114, 0.5006299, 0.5022137, 0.50405097, 0.50404227, 0.500974, 0.5135016, 0.5066611, 0.50429976, 0.50919336, 0.506173, 0.5071072, 0.507102, 0.50703025, 0.49993938, 0.5001533, 0.50028366, 0.5046529, 0.5006635, 0.5017923, 0.500177, 0.5115659, 0.5091073, 0.5104051, 0.5038226, 0.5017257, 0.50096256, 0.5093434, 0.5119387, 0.5043719, 0.5004598, 0.5011358, 0.50209147, 0.50258523, 0.50357634, 0.50263244, 0.50209814, 0.5110296, 0.5016577, 0.50244164, 0.50902295, 0.509653, 0.50730145, 0.5002383, 0.5011547, 0.50228727, 0.5121554, 0.5099462, 0.50085074, 0.50242394, 0.50108355, 0.5003589, 0.5029787, 0.50231963, 0.5006158, 0.5005501, 0.50180876, 0.5014863, 0.5010159, 0.50376576, 0.50151587, 0.500029, 0.5030064, 0.51064914, 0.51390475, 0.50150186, 0.51076615, 0.5035103, 0.5001603, 0.500454, 0.509256, 0.51851827, 0.517396, 0.51841486, 0.51630574, 0.51523197, 0.51652354, 0.51867014, 0.51890147, 0.5185222, 0.519226, 0.5182831, 0.51703936, 0.51749843, 0.5169181, 0.5166894, 0.5158, 0.518887, 0.51819474, 0.5185891, 0.5181379, 0.5198629, 0.51871115, 0.51871556, 0.5195346, 0.5179404, 0.5188201, 0.5190996, 0.51796746, 0.5154109, 0.51907855, 0.51693714, 0.5156087, 0.51859903, 0.51689583, 0.5169647, 0.5174773, 0.5173053, 0.51948184, 0.5176871, 0.52085793, 0.51738966, 0.5172341, 0.51721376, 0.5197873, 0.5195192, 0.5162856, 0.5170436, 0.5172077, 0.5181964, 0.513825, 0.51823676, 0.51711506, 0.5170201, 0.5173509, 0.51859325, 0.5192168, 0.51918674, 0.5160835, 0.51826555, 0.51731735, 0.517413, 0.52081096, 0.5182834, 0.51789635, 0.51827604, 0.517361, 0.51791906, 0.51687896, 0.51863784, 0.52218276, 0.5174954, 0.5164054, 0.5180082, 0.5193516, 0.51598275, 0.51695204, 0.5198821, 0.5193471, 0.5175674, 0.51829034, 0.51814693, 0.51756495, 0.51596856, 0.51767653, 0.51891106, 0.51581097, 0.5197159, 0.51564837, 0.5156738, 0.5191235, 0.5194469, 0.518318, 0.5188944, 0.51737434, 0.5199193, 0.517004, 0.5205414, 0.5176056, 0.51893103, 0.5185268, 0.5171671, 0.5163953, 0.51819533, 0.51805454, 0.5195222, 0.51770914, 0.5165493, 0.51862514, 0.5183359, 0.5177948, 0.5187517, 0.51727694, 0.5180661, 0.5188207, 0.51765025, 0.520486, 0.5205042, 0.52054465, 0.52041537, 0.51868623, 0.5188163, 0.51934797, 0.52172816, 0.5162423, 0.5145692, 0.52046174, 0.5175737, 0.51657146, 0.51655793, 0.51966476, 0.51650417, 0.51717067, 0.5197082, 0.518127, 0.5173553, 0.5174799, 0.51724344, 0.5194531, 0.52129036, 0.519388, 0.5167029, 0.51783174, 0.51724774]
[0.5024244, 0.50327617, 0.5038068, 0.5043547, 0.5025994, 0.5027613, 0.50755775, 0.50044686, 0.5002923, 0.501427, 0.5005384, 0.50283337, 0.50555086, 0.5078413, 0.5023939, 0.50373125, 0.50845253, 0.50251275, 0.50090426, 0.50929594, 0.5092671, 0.50033253, 0.50478685, 0.5042768, 0.50097495, 0.5007529, 0.5028513, 0.500386, 0.50113314, 0.5019025, 0.50796556, 0.5038815, 0.5013567, 0.5034264, 0.5078751, 0.5077877, 0.50092983, 0.5056274, 0.50724185, 0.5007965, 0.5015528, 0.5032698, 0.5062829, 0.5027575, 0.501342, 0.5021639, 0.5022589, 0.5005318, 0.50380135, 0.5039294, 0.50397706, 0.50215334, 0.50241786, 0.5011833, 0.5011952, 0.5019885, 0.5006568, 0.50145996, 0.50141776, 0.50055814, 0.50141156, 0.50707024, 0.50797045, 0.5021138, 0.50707495, 0.5018052, 0.5049293, 0.501211, 0.501561, 0.5020826, 0.5106359, 0.5066752, 0.50668174, 0.50813264, 0.50614613, 0.5065935, 0.50678945, 0.5070449, 0.5019892, 0.5018818, 0.50221425, 0.5061381, 0.5026231, 0.50043535, 0.50201535, 0.5093608, 0.5085386, 0.5085855, 0.5046536, 0.5039613, 0.5018791, 0.50811964, 0.5094991, 0.50535375, 0.5033399, 0.503551, 0.50380856, 0.50062716, 0.50106007, 0.5059168, 0.50483626, 0.5086981, 0.5008282, 0.500583, 0.5088812, 0.50842685, 0.50778645, 0.50302327, 0.5015785, 0.50338256, 0.5094954, 0.5080563, 0.5016946, 0.5002581, 0.50159186, 0.503381, 0.505119, 0.50485885, 0.50356454, 0.50402176, 0.50369096, 0.50048995, 0.5010667, 0.5055778, 0.5013791, 0.50396365, 0.50612265, 0.50943804, 0.51054776, 0.5005237, 0.50877327, 0.5062331, 0.5038115, 0.5031048, 0.50875723, 0.5144156, 0.51304215, 0.5140047, 0.512365, 0.51191026, 0.51262367, 0.5141936, 0.5141624, 0.5140836, 0.5142113, 0.5135997, 0.5130896, 0.51334417, 0.5125541, 0.5127564, 0.51267046, 0.5141905, 0.5133565, 0.5138861, 0.51400167, 0.51469266, 0.51368326, 0.51356894, 0.5142052, 0.5133025, 0.51411164, 0.51427054, 0.513722, 0.51234776, 0.5144561, 0.513081, 0.51207185, 0.5141384, 0.5127615, 0.51345366, 0.51382154, 0.5131683, 0.51454103, 0.51322985, 0.5152102, 0.5128826, 0.51291955, 0.5130038, 0.5149181, 0.51449955, 0.51274204, 0.51329744, 0.5137346, 0.51376957, 0.51077473, 0.5139791, 0.5133553, 0.5129743, 0.51346827, 0.5134308, 0.5142514, 0.5140556, 0.5123696, 0.5139059, 0.5134567, 0.51352644, 0.5152335, 0.5135939, 0.51352465, 0.5137573, 0.5131794, 0.5138007, 0.5131928, 0.51428443, 0.5161446, 0.51344675, 0.5125578, 0.5133803, 0.514512, 0.512359, 0.5127621, 0.5148202, 0.5145202, 0.51322937, 0.5138602, 0.5140644, 0.5136399, 0.5121248, 0.5134249, 0.5138067, 0.51189053, 0.5146456, 0.5126432, 0.5125459, 0.5144623, 0.5147319, 0.5134918, 0.51388687, 0.51307744, 0.514667, 0.5129686, 0.5153319, 0.51318514, 0.5139135, 0.51399934, 0.51281196, 0.5128796, 0.5140256, 0.51343346, 0.51461065, 0.51361823, 0.51292634, 0.51401186, 0.51383454, 0.5132877, 0.5144516, 0.5130162, 0.5137356, 0.51405174, 0.5135194, 0.51521784, 0.51453906, 0.51479274, 0.51459014, 0.51373726, 0.5140683, 0.51481706, 0.51633316, 0.51254225, 0.51199186, 0.51494265, 0.5132877, 0.5126671, 0.51240903, 0.51463753, 0.5132895, 0.5135411, 0.5148079, 0.5137928, 0.5132892, 0.51354724, 0.5132932, 0.5147032, 0.51559126, 0.51390046, 0.51265526, 0.5132792, 0.5130939]
[0.50041574, 0.49998295, 0.5009956, 0.5018641, 0.5007678, 0.5010959, 0.5055416, 0.50151193, 0.50166607, 0.5034969, 0.50233287, 0.5001408, 0.5020593, 0.50557476, 0.49986294, 0.50097865, 0.5070596, 0.4999423, 0.50193316, 0.5078335, 0.50792605, 0.5012956, 0.5040086, 0.50284773, 0.5011661, 0.5013909, 0.50049233, 0.50153226, 0.50146693, 0.5036376, 0.5061517, 0.50020975, 0.50044966, 0.50000733, 0.5060827, 0.505418, 0.501953, 0.50197333, 0.5037047, 0.5013655, 0.50330174, 0.5003576, 0.504456, 0.500281, 0.5030849, 0.5038624, 0.5041846, 0.50223905, 0.50016344, 0.50030166, 0.49999803, 0.50005084, 0.5002604, 0.5029762, 0.5031779, 0.5010977, 0.5024253, 0.5011869, 0.5014849, 0.5018887, 0.50114024, 0.5030197, 0.5046826, 0.5002123, 0.5044845, 0.5004468, 0.5011111, 0.5026981, 0.5026148, 0.5001047, 0.5088238, 0.50391334, 0.5031195, 0.50610965, 0.5031787, 0.5039107, 0.5047331, 0.50567806, 0.5003224, 0.50008917, 0.5002444, 0.5024653, 0.5000747, 0.50177485, 0.50035965, 0.5080143, 0.5065114, 0.50711405, 0.50309914, 0.5020533, 0.49984497, 0.5066225, 0.50815547, 0.5021327, 0.5006195, 0.5004104, 0.5003221, 0.50191045, 0.5028318, 0.501016, 0.50121915, 0.50765496, 0.50105727, 0.50181335, 0.5072441, 0.50675493, 0.5052905, 0.50004596, 0.5009729, 0.5001227, 0.5080734, 0.5065825, 0.5008605, 0.5017624, 0.5011017, 0.5003102, 0.50188607, 0.50064677, 0.50030583, 0.4999575, 0.50022644, 0.50164366, 0.5011518, 0.5015794, 0.50151503, 0.50045305, 0.5033888, 0.50788033, 0.50893086, 0.5010282, 0.5075419, 0.50317097, 0.5002282, 0.50101465, 0.5072343, 0.51273924, 0.5114664, 0.51267785, 0.51056767, 0.51042676, 0.51099217, 0.5126105, 0.5126526, 0.51240635, 0.5125033, 0.5116715, 0.5110337, 0.51207334, 0.5110175, 0.51108867, 0.5113596, 0.5127573, 0.51168114, 0.5123, 0.51240027, 0.5134346, 0.5122147, 0.5124083, 0.51256835, 0.5117165, 0.51235574, 0.51283264, 0.512443, 0.5109395, 0.51249063, 0.5109278, 0.51027536, 0.5126826, 0.51072, 0.5117485, 0.51225275, 0.51185036, 0.5127014, 0.5119862, 0.51377475, 0.5118943, 0.5114993, 0.5115387, 0.51335067, 0.5132688, 0.5113269, 0.5118448, 0.51214796, 0.5121321, 0.5093008, 0.5123926, 0.51132303, 0.511198, 0.51184535, 0.51209587, 0.51295125, 0.51297444, 0.5111092, 0.5125754, 0.51166314, 0.5121199, 0.5137016, 0.51244557, 0.51230127, 0.51225924, 0.51181144, 0.51231927, 0.5112644, 0.5124618, 0.5147862, 0.5118525, 0.51079893, 0.5118676, 0.51273435, 0.510833, 0.5112293, 0.51319873, 0.51287663, 0.51173013, 0.51221293, 0.5122006, 0.51225823, 0.51057625, 0.51156473, 0.5126369, 0.5100073, 0.5128363, 0.51066846, 0.5107319, 0.5130302, 0.51336133, 0.5120003, 0.5122187, 0.511605, 0.5133444, 0.5114139, 0.513623, 0.5113926, 0.51231986, 0.51213366, 0.51086783, 0.5113778, 0.5123775, 0.5117994, 0.5130142, 0.51255953, 0.51188296, 0.51272964, 0.5122629, 0.512133, 0.51294994, 0.511862, 0.5124341, 0.51277447, 0.51187307, 0.51387256, 0.51342255, 0.513531, 0.5132373, 0.51219493, 0.51244706, 0.5131705, 0.5147578, 0.5107545, 0.5104694, 0.51348984, 0.5118805, 0.5111669, 0.5109644, 0.5133054, 0.51182735, 0.5120489, 0.5134749, 0.5118857, 0.5121902, 0.5122945, 0.5121428, 0.51310605, 0.5143865, 0.51187724, 0.51129764, 0.5122554, 0.51145506]
[0.50084764, 0.50042385, 0.50081307, 0.50075567, 0.50154716, 0.5011089, 0.5047515, 0.50426406, 0.5039344, 0.5060039, 0.50470275, 0.50126094, 0.5026083, 0.5062393, 0.50095165, 0.500705, 0.5076195, 0.5012267, 0.50456625, 0.5087964, 0.50856215, 0.5036603, 0.50484097, 0.5029606, 0.5022028, 0.50343543, 0.50175804, 0.50350726, 0.5031658, 0.50629413, 0.50647587, 0.5006474, 0.50252855, 0.50056404, 0.5075547, 0.50677, 0.504396, 0.50184274, 0.50498646, 0.5025712, 0.50556576, 0.5007141, 0.5042888, 0.5005147, 0.50474364, 0.50606745, 0.50696516, 0.50389975, 0.50098354, 0.5010033, 0.5008233, 0.50131637, 0.5014263, 0.5051882, 0.50551236, 0.5013355, 0.5045808, 0.5023187, 0.5028201, 0.5036026, 0.5027627, 0.50216794, 0.5067841, 0.5009537, 0.50548923, 0.5012094, 0.5011131, 0.5052715, 0.5050421, 0.5011508, 0.51067406, 0.5041058, 0.50148505, 0.5073822, 0.50390995, 0.50440913, 0.5048227, 0.505659, 0.50219226, 0.5023675, 0.50172824, 0.50240964, 0.50180006, 0.5035623, 0.50198436, 0.5093405, 0.50738573, 0.50737876, 0.50229675, 0.5008981, 0.5014365, 0.508017, 0.5094626, 0.50262964, 0.5009019, 0.5010891, 0.50106394, 0.5041544, 0.5050627, 0.50158143, 0.5004872, 0.508565, 0.5029036, 0.50324255, 0.50766295, 0.50827193, 0.50658053, 0.50107145, 0.5019385, 0.500661, 0.5100462, 0.50840896, 0.50179356, 0.5035955, 0.5019903, 0.50043744, 0.5021177, 0.50115156, 0.5006266, 0.5003186, 0.5006398, 0.50341463, 0.50160176, 0.5023315, 0.5026785, 0.5013864, 0.5036504, 0.5086467, 0.5109451, 0.5028925, 0.50886536, 0.5024611, 0.5009384, 0.5007737, 0.5081583, 0.51606274, 0.5140808, 0.5155011, 0.51267403, 0.51276475, 0.51315033, 0.5162305, 0.51614314, 0.5156499, 0.51589406, 0.5148163, 0.5139638, 0.5150062, 0.5138739, 0.51346284, 0.513231, 0.515372, 0.51465213, 0.5151345, 0.51535904, 0.5164837, 0.5151435, 0.51562536, 0.5158565, 0.5147823, 0.51542026, 0.5162839, 0.5152111, 0.5130186, 0.51576376, 0.5141818, 0.51276267, 0.5158206, 0.51349, 0.51476043, 0.51507944, 0.5148428, 0.5159302, 0.51447904, 0.5172443, 0.514194, 0.5141495, 0.5139183, 0.5172936, 0.5161527, 0.5135989, 0.51484334, 0.5153007, 0.5151515, 0.510741, 0.51513696, 0.5135946, 0.5137549, 0.51435345, 0.51527655, 0.51585996, 0.5157792, 0.5135682, 0.51553714, 0.51429033, 0.5151448, 0.5174732, 0.5156003, 0.5151241, 0.5149381, 0.51458776, 0.51526237, 0.51364636, 0.51543415, 0.5185569, 0.514272, 0.51361305, 0.51471823, 0.51627105, 0.5134087, 0.5137741, 0.51656723, 0.51595026, 0.51450634, 0.5152321, 0.5152884, 0.5149335, 0.5134517, 0.5145538, 0.51517, 0.51239145, 0.51608545, 0.5128024, 0.5131996, 0.51604235, 0.5171597, 0.51467127, 0.5156669, 0.5145101, 0.5166764, 0.51390517, 0.51739764, 0.51450914, 0.5152056, 0.51510805, 0.51380646, 0.51386815, 0.51555485, 0.51493376, 0.51622075, 0.5157388, 0.5148337, 0.5157713, 0.51546305, 0.51574427, 0.5156862, 0.51471955, 0.51551616, 0.5159076, 0.51486075, 0.51761556, 0.5166411, 0.5168425, 0.5166122, 0.5153669, 0.51523685, 0.51631755, 0.5188727, 0.51332515, 0.51217556, 0.5173446, 0.5146866, 0.51384926, 0.51376134, 0.51655227, 0.5146285, 0.5149231, 0.51694024, 0.5145768, 0.5150634, 0.5149794, 0.51447415, 0.51656795, 0.5181019, 0.5155528, 0.51320076, 0.51540875, 0.51441693]
[0.5002878, 0.5004605, 0.50184476, 0.5023662, 0.5006679, 0.5008884, 0.50490403, 0.5008023, 0.50103587, 0.5035223, 0.50236887, 0.50064534, 0.50310194, 0.5049982, 0.5000103, 0.50109184, 0.5061257, 0.5000311, 0.50236315, 0.50670755, 0.50674254, 0.5015981, 0.5016573, 0.5011644, 0.501401, 0.500984, 0.5018291, 0.50121903, 0.5013302, 0.5040569, 0.505563, 0.5017385, 0.5007103, 0.50088316, 0.5049373, 0.5046569, 0.5022614, 0.5039208, 0.5036218, 0.50126976, 0.50357205, 0.50005066, 0.5026433, 0.50016207, 0.50306815, 0.5040916, 0.5043097, 0.50205475, 0.5004001, 0.5002267, 0.5000387, 0.5001999, 0.5002088, 0.50292534, 0.5029737, 0.501027, 0.50244856, 0.50126517, 0.5000826, 0.5016158, 0.50029844, 0.50466067, 0.50497, 0.500213, 0.5027793, 0.50014555, 0.5017587, 0.5032129, 0.50270545, 0.5006688, 0.5077069, 0.50408155, 0.50500476, 0.50494874, 0.5025606, 0.5029618, 0.5035909, 0.50474083, 0.5002154, 0.50019336, 0.50036454, 0.50265944, 0.50011283, 0.50193554, 0.5002887, 0.50716287, 0.5058799, 0.50634575, 0.50191563, 0.5014124, 0.50011784, 0.5051648, 0.50670975, 0.5021733, 0.50076383, 0.5008922, 0.50142145, 0.50196064, 0.5028527, 0.5028706, 0.5012201, 0.5059427, 0.50093794, 0.5022331, 0.5067812, 0.50524694, 0.5040819, 0.50025904, 0.5008032, 0.50003546, 0.5067093, 0.50509465, 0.5005186, 0.50150496, 0.5004221, 0.5011828, 0.50224286, 0.5010372, 0.4999205, 0.499995, 0.49999905, 0.5013246, 0.5009022, 0.50214577, 0.5013782, 0.5007256, 0.5028996, 0.5074846, 0.5078278, 0.50103873, 0.50606173, 0.5044144, 0.50188994, 0.5017345, 0.5061796, 0.5120779, 0.510722, 0.5125847, 0.51041144, 0.5103374, 0.510239, 0.51176226, 0.5119759, 0.51205564, 0.5121809, 0.51134104, 0.5106396, 0.5116571, 0.51023996, 0.5103693, 0.51097506, 0.5124981, 0.5109654, 0.51203465, 0.51212484, 0.5128503, 0.5116961, 0.51164055, 0.5119842, 0.5108936, 0.5119154, 0.5123983, 0.5117391, 0.510751, 0.51195717, 0.5108044, 0.50980145, 0.5120425, 0.5097766, 0.5114743, 0.51220447, 0.51097393, 0.51207745, 0.5109547, 0.51349986, 0.5111351, 0.51054555, 0.51089907, 0.5128737, 0.5124351, 0.5110256, 0.51163083, 0.51184076, 0.51200485, 0.50901115, 0.512038, 0.51150006, 0.51074415, 0.5113607, 0.51155955, 0.5125338, 0.5123064, 0.5100993, 0.51193815, 0.51186985, 0.5113217, 0.5132694, 0.5118475, 0.5116472, 0.5117881, 0.51107275, 0.5120205, 0.5112257, 0.51211685, 0.5141392, 0.51172847, 0.5106505, 0.51073694, 0.5123734, 0.5101623, 0.5104909, 0.51292586, 0.5125127, 0.51058453, 0.51180625, 0.5120424, 0.5120479, 0.50970167, 0.5110602, 0.512088, 0.5093461, 0.51263785, 0.5105157, 0.5100967, 0.5124477, 0.51245636, 0.51082534, 0.51153314, 0.51072884, 0.5129876, 0.5110856, 0.51313895, 0.51063955, 0.5118538, 0.5121621, 0.5101055, 0.5108551, 0.5121204, 0.5111461, 0.51262915, 0.51181436, 0.5110008, 0.5123155, 0.5114017, 0.51096183, 0.51293564, 0.5107801, 0.512088, 0.5120558, 0.5117203, 0.5135283, 0.5125018, 0.5129237, 0.51259613, 0.5118185, 0.5121662, 0.5125009, 0.51432693, 0.5104317, 0.5101442, 0.5130629, 0.51090974, 0.5104316, 0.5102717, 0.51280457, 0.5115582, 0.51169664, 0.5126319, 0.5111648, 0.5114408, 0.511666, 0.51149315, 0.51262, 0.5134745, 0.5111771, 0.5111466, 0.51156306, 0.5113161]
[0.5013448, 0.50135344, 0.5015957, 0.5014811, 0.5010052, 0.50147516, 0.50676465, 0.5025025, 0.50254005, 0.5051223, 0.50328135, 0.5008821, 0.5029923, 0.5063912, 0.5014229, 0.5018752, 0.50779647, 0.50133526, 0.50430226, 0.5084937, 0.50843203, 0.50391555, 0.50203747, 0.50173265, 0.50258976, 0.502744, 0.500786, 0.5034453, 0.50148565, 0.505899, 0.50714695, 0.50152093, 0.5019607, 0.5019463, 0.5069515, 0.5068586, 0.5046873, 0.5040373, 0.5057851, 0.5027505, 0.5052505, 0.5016112, 0.50548804, 0.50084376, 0.5055716, 0.5067538, 0.50699383, 0.5037564, 0.5022394, 0.50203276, 0.5021011, 0.5017232, 0.501453, 0.50518084, 0.50519556, 0.5016759, 0.5041504, 0.5014186, 0.5012004, 0.5015914, 0.5011708, 0.50643045, 0.5079117, 0.50152034, 0.5064734, 0.50193864, 0.50380915, 0.50478846, 0.5056761, 0.50150347, 0.51039726, 0.5045473, 0.5059801, 0.50758153, 0.5056675, 0.5053637, 0.5048384, 0.50593024, 0.50109226, 0.50109994, 0.50115657, 0.50360066, 0.50112355, 0.5030271, 0.5015771, 0.50900185, 0.5072315, 0.50798273, 0.50352436, 0.5030107, 0.50186145, 0.5071445, 0.5086074, 0.50407416, 0.5008353, 0.50174695, 0.5026421, 0.5032412, 0.5038209, 0.5043814, 0.5030822, 0.50844127, 0.5029994, 0.50384593, 0.50793135, 0.5076818, 0.50637573, 0.5014406, 0.5013215, 0.50311965, 0.50900376, 0.5077125, 0.50166833, 0.50147074, 0.5017893, 0.5040732, 0.5040146, 0.5030718, 0.50193566, 0.5025604, 0.5026444, 0.5025438, 0.5013414, 0.5030965, 0.50272137, 0.5017811, 0.5037736, 0.509333, 0.51061547, 0.5034865, 0.5083154, 0.50537694, 0.5028789, 0.50154644, 0.5078779, 0.5144012, 0.5129339, 0.5143594, 0.51225525, 0.51163334, 0.51241326, 0.51422626, 0.5145556, 0.5142514, 0.514376, 0.51393676, 0.5131251, 0.51349, 0.5120494, 0.5121746, 0.51199275, 0.5145324, 0.51338416, 0.5135091, 0.51399016, 0.5144708, 0.5137138, 0.5136297, 0.5140855, 0.51299983, 0.51404303, 0.5144054, 0.5136927, 0.51226807, 0.51431733, 0.5131803, 0.51247865, 0.5143619, 0.51281595, 0.513488, 0.5139183, 0.5126131, 0.5146225, 0.5132666, 0.515419, 0.5128159, 0.5126059, 0.5127682, 0.5148614, 0.5142748, 0.5124211, 0.5133146, 0.513361, 0.51361954, 0.5105086, 0.5141434, 0.51329356, 0.51311964, 0.5134319, 0.51362234, 0.5139595, 0.5142228, 0.5120921, 0.5138014, 0.51339, 0.5139552, 0.5152239, 0.51332843, 0.51312596, 0.5139741, 0.51315296, 0.5137, 0.5136029, 0.51447976, 0.51636237, 0.5135787, 0.51258326, 0.5135625, 0.5146759, 0.51241577, 0.5128131, 0.5152114, 0.5146004, 0.5130026, 0.5140952, 0.5136065, 0.51378584, 0.5121036, 0.51310706, 0.51349646, 0.5117342, 0.5146675, 0.51279134, 0.51246244, 0.5147609, 0.5146493, 0.51343197, 0.514149, 0.51289797, 0.5146461, 0.5131984, 0.5152097, 0.5132326, 0.5141072, 0.5141632, 0.5131097, 0.51273215, 0.51421446, 0.5137199, 0.5146885, 0.5137446, 0.5127312, 0.5141841, 0.513702, 0.51356816, 0.514599, 0.51289123, 0.513725, 0.51396114, 0.5136021, 0.5153642, 0.51468235, 0.515036, 0.5149035, 0.5139546, 0.514152, 0.51494014, 0.5164373, 0.5126428, 0.5122232, 0.5151488, 0.51315147, 0.5128489, 0.51260495, 0.51485175, 0.5129015, 0.51337725, 0.5146296, 0.51388264, 0.51309985, 0.5133436, 0.5130973, 0.5151041, 0.5155026, 0.5142413, 0.51258457, 0.51357436, 0.51300853]
[0.50092566, 0.5017218, 0.5037529, 0.50385314, 0.5009368, 0.500494, 0.5062682, 0.50165963, 0.5010531, 0.5049933, 0.5028966, 0.5018035, 0.5044163, 0.5065478, 0.5021886, 0.50365084, 0.5070556, 0.50279754, 0.5022928, 0.50778157, 0.50768447, 0.5013514, 0.50539714, 0.5055387, 0.5013938, 0.50057906, 0.5020075, 0.5010408, 0.5007943, 0.5049189, 0.5072316, 0.5020671, 0.500928, 0.5021899, 0.506468, 0.5067737, 0.5032747, 0.5055392, 0.50544363, 0.5004358, 0.5038097, 0.50214005, 0.50552195, 0.5030456, 0.50240916, 0.50407577, 0.50463736, 0.5012715, 0.5033389, 0.5035447, 0.50278556, 0.50168556, 0.50145096, 0.50361353, 0.5037016, 0.50083166, 0.5026095, 0.5008487, 0.5009029, 0.5009921, 0.50129914, 0.5046914, 0.5061338, 0.50202954, 0.50512666, 0.50160486, 0.5036757, 0.50328463, 0.50357103, 0.50205296, 0.50854146, 0.50567394, 0.5054335, 0.50664437, 0.5046921, 0.5059243, 0.505812, 0.5067257, 0.50095516, 0.50108373, 0.50177664, 0.5041241, 0.50086725, 0.50203973, 0.500871, 0.5078175, 0.5072138, 0.50717217, 0.5044507, 0.5034264, 0.5026337, 0.50715417, 0.5081333, 0.50405294, 0.5042549, 0.5045876, 0.5021448, 0.5020803, 0.50334716, 0.5038161, 0.5022989, 0.50771374, 0.500984, 0.50176394, 0.5077369, 0.5073076, 0.50652254, 0.5035066, 0.5013112, 0.50181633, 0.5079889, 0.5069595, 0.5018428, 0.50070405, 0.5019287, 0.5033511, 0.50461143, 0.5037565, 0.50217575, 0.5021571, 0.5027206, 0.5014476, 0.50084543, 0.5038683, 0.50104815, 0.5024125, 0.50484717, 0.5076967, 0.50843465, 0.5006937, 0.5076374, 0.50605816, 0.5046704, 0.505267, 0.5079078, 0.512011, 0.51085275, 0.51196337, 0.51012427, 0.50989103, 0.5102788, 0.5121669, 0.5120612, 0.51189834, 0.5123261, 0.5115402, 0.5108554, 0.5114807, 0.51036364, 0.5107118, 0.51091033, 0.5120644, 0.51087075, 0.51145554, 0.5118541, 0.5123261, 0.5115151, 0.51186395, 0.51214194, 0.5112636, 0.5116832, 0.5121763, 0.5117177, 0.5108396, 0.51171, 0.51065445, 0.50952226, 0.51179403, 0.50992954, 0.51100796, 0.51163226, 0.5113252, 0.51201516, 0.5112841, 0.5127667, 0.5114057, 0.5102923, 0.51019526, 0.51286066, 0.51270896, 0.51100564, 0.51165444, 0.5115522, 0.5118814, 0.50861806, 0.51191634, 0.5111186, 0.51067007, 0.5113173, 0.51145333, 0.5121059, 0.5118279, 0.5105596, 0.51221853, 0.51111823, 0.51150143, 0.51307225, 0.51184094, 0.51173276, 0.5119894, 0.5116149, 0.51195776, 0.5105799, 0.5115562, 0.51379794, 0.5112986, 0.5104879, 0.51146954, 0.5124076, 0.5107732, 0.5108556, 0.51273984, 0.5123253, 0.5108958, 0.5116855, 0.511709, 0.5119342, 0.51006997, 0.5112371, 0.51191974, 0.5095909, 0.51212937, 0.5102386, 0.51039135, 0.51201427, 0.5129847, 0.5112326, 0.51154, 0.5112338, 0.5125733, 0.5107187, 0.5128209, 0.5108005, 0.5115232, 0.5114051, 0.510532, 0.51062596, 0.5120494, 0.5113377, 0.5124337, 0.5119777, 0.5115636, 0.5120808, 0.51129425, 0.51212627, 0.5122802, 0.51118207, 0.5120389, 0.5119762, 0.5114712, 0.51319724, 0.51238024, 0.51273143, 0.5126371, 0.5119587, 0.5118086, 0.5122754, 0.51376206, 0.5105342, 0.5096964, 0.5128017, 0.5112218, 0.5106594, 0.5103532, 0.5124352, 0.5116528, 0.5115982, 0.5130129, 0.51119906, 0.51166844, 0.51186067, 0.51171744, 0.5127251, 0.513384, 0.5114698, 0.5107221, 0.51147556, 0.5116244]
[0.5016059, 0.50207186, 0.50247914, 0.5030882, 0.5013971, 0.50157183, 0.50463974, 0.50045156, 0.500919, 0.5027096, 0.50136167, 0.50189626, 0.5033921, 0.50526786, 0.501356, 0.50235915, 0.5056975, 0.5015456, 0.5015512, 0.5063853, 0.5065305, 0.50060457, 0.5033755, 0.5028616, 0.5003989, 0.50020355, 0.50173634, 0.50039357, 0.5006387, 0.50301313, 0.5058032, 0.50180376, 0.5004603, 0.5021274, 0.50520265, 0.50502527, 0.5016768, 0.5033832, 0.50391847, 0.500495, 0.502216, 0.50231516, 0.5046138, 0.50184566, 0.50174576, 0.50261426, 0.50322163, 0.5006949, 0.50230795, 0.50233644, 0.5018811, 0.50153357, 0.5014393, 0.5016633, 0.50186545, 0.5010197, 0.5010173, 0.500512, 0.50044227, 0.5007416, 0.50070304, 0.5041559, 0.5052001, 0.5016728, 0.50500447, 0.50158983, 0.5030326, 0.5021893, 0.5021607, 0.5013372, 0.5074636, 0.5041854, 0.5041561, 0.5053582, 0.5039713, 0.5038985, 0.5043047, 0.504996, 0.5012565, 0.50089866, 0.50108236, 0.5036887, 0.5023328, 0.50109994, 0.5013901, 0.5067917, 0.5060619, 0.50595087, 0.5036721, 0.5032878, 0.50116813, 0.5054829, 0.50671655, 0.5031121, 0.5022076, 0.50215805, 0.50243217, 0.5007411, 0.5019113, 0.50314486, 0.5024423, 0.5063213, 0.50053483, 0.5006255, 0.5062937, 0.5058766, 0.5048799, 0.5023389, 0.5008458, 0.5021961, 0.5063562, 0.5049775, 0.50035506, 0.5007921, 0.5008644, 0.50146174, 0.50339216, 0.5027762, 0.50195545, 0.50188637, 0.50182205, 0.5001561, 0.5006692, 0.5031753, 0.50070757, 0.5020036, 0.50349647, 0.50666964, 0.50733805, 0.50039613, 0.5061126, 0.5036404, 0.5018844, 0.5019944, 0.5059269, 0.51038206, 0.5096591, 0.5102054, 0.5089013, 0.5083964, 0.5093394, 0.5101739, 0.5104828, 0.51018953, 0.5105931, 0.5098896, 0.50930154, 0.50956196, 0.5090317, 0.509206, 0.5092925, 0.510192, 0.509798, 0.51024836, 0.51033497, 0.5107435, 0.5099673, 0.51032656, 0.5103958, 0.5096454, 0.5102976, 0.51049906, 0.51000464, 0.508838, 0.51047397, 0.5092952, 0.50880677, 0.5103445, 0.50928223, 0.5099582, 0.510185, 0.5096275, 0.5105421, 0.50973755, 0.5112181, 0.50951093, 0.5094236, 0.50945747, 0.5110136, 0.5106991, 0.5090988, 0.5095302, 0.50985104, 0.5098525, 0.50769776, 0.5102272, 0.5095019, 0.5092912, 0.5099194, 0.50986373, 0.5106512, 0.51032335, 0.50888836, 0.51033443, 0.5098749, 0.5099183, 0.5112898, 0.5101803, 0.50999326, 0.50994986, 0.50953114, 0.5100349, 0.50951207, 0.5103047, 0.5118097, 0.50960964, 0.50908977, 0.5093704, 0.51074827, 0.50887024, 0.50927275, 0.51072407, 0.5104605, 0.5095587, 0.5100212, 0.5101789, 0.5099118, 0.5089099, 0.50976294, 0.5101098, 0.5083925, 0.5105577, 0.50918716, 0.50909346, 0.5104741, 0.51076394, 0.50972146, 0.5100361, 0.50971633, 0.51087, 0.5092085, 0.51111656, 0.50938076, 0.51017827, 0.5101704, 0.50929374, 0.5095239, 0.51030076, 0.50986356, 0.5105549, 0.5101636, 0.50953376, 0.510443, 0.51013976, 0.5097082, 0.5105868, 0.5093633, 0.509986, 0.5104918, 0.50973, 0.5113665, 0.51064396, 0.5109029, 0.5107936, 0.5102554, 0.51029944, 0.51095814, 0.5119055, 0.50903285, 0.50847965, 0.51101357, 0.5095499, 0.5091157, 0.50877047, 0.51069367, 0.5094824, 0.5097644, 0.51092494, 0.50960875, 0.5098428, 0.51003456, 0.5099448, 0.5107257, 0.5115105, 0.51011723, 0.50925213, 0.5096918, 0.5095925]
[0.5015473, 0.5023582, 0.50413436, 0.50344175, 0.5012407, 0.50166136, 0.5066394, 0.50139827, 0.5008482, 0.50349134, 0.50207615, 0.50228417, 0.5042824, 0.5067396, 0.50217927, 0.50316674, 0.5076395, 0.50258154, 0.5018581, 0.5080716, 0.50830233, 0.5014858, 0.50504977, 0.5039843, 0.5017487, 0.50067973, 0.50201714, 0.5008124, 0.5006959, 0.50385624, 0.5068456, 0.50296843, 0.50124764, 0.5024458, 0.507274, 0.50720745, 0.5020144, 0.505342, 0.50539356, 0.5010661, 0.5033089, 0.5022935, 0.5049522, 0.5025572, 0.5021314, 0.5034232, 0.5036183, 0.5007454, 0.50319195, 0.5030527, 0.5028167, 0.5013346, 0.50144255, 0.5024125, 0.50238824, 0.5015281, 0.5017687, 0.50187063, 0.5011272, 0.50099915, 0.500986, 0.5044839, 0.50659645, 0.5019734, 0.5047811, 0.5017601, 0.5041901, 0.5026915, 0.50260735, 0.50210327, 0.5093519, 0.50522554, 0.5051761, 0.50692886, 0.50513166, 0.5051787, 0.5052571, 0.50605375, 0.5020056, 0.5016857, 0.5028811, 0.50334275, 0.50056076, 0.5011308, 0.5009634, 0.5083912, 0.50735784, 0.5074246, 0.5038818, 0.50307685, 0.5021417, 0.5071611, 0.50815, 0.5039448, 0.50290585, 0.50416726, 0.5019764, 0.50222504, 0.50263095, 0.50386304, 0.50324166, 0.50791365, 0.5007069, 0.5016214, 0.5077435, 0.5073343, 0.5060827, 0.5028149, 0.50115913, 0.5016312, 0.5087363, 0.5076406, 0.5022019, 0.5009382, 0.5020341, 0.5034246, 0.5038983, 0.50352407, 0.50227976, 0.502766, 0.5032391, 0.50091666, 0.50192326, 0.5035298, 0.5006847, 0.5029875, 0.5049423, 0.5085106, 0.50980836, 0.500707, 0.50804806, 0.5052254, 0.50393605, 0.503831, 0.50801224, 0.5129913, 0.51143044, 0.5130204, 0.5108782, 0.51096743, 0.51111716, 0.5130331, 0.5129388, 0.51284516, 0.51286256, 0.51244783, 0.51168656, 0.51216036, 0.5112759, 0.5114693, 0.5116244, 0.5128113, 0.51187617, 0.51226795, 0.51243794, 0.51313084, 0.5123845, 0.51242906, 0.5126873, 0.51183283, 0.512482, 0.51324195, 0.5126013, 0.511467, 0.5126373, 0.5118085, 0.5107918, 0.51260704, 0.5109231, 0.5122125, 0.51281196, 0.51197505, 0.51296073, 0.5119383, 0.51370716, 0.51191044, 0.5111259, 0.5110481, 0.5135208, 0.5132007, 0.51169956, 0.5123957, 0.51258594, 0.5125622, 0.5096325, 0.5129336, 0.511998, 0.5116751, 0.5119123, 0.5121139, 0.5128083, 0.5130298, 0.5115514, 0.5125894, 0.51208127, 0.51228404, 0.5138812, 0.51261985, 0.51221484, 0.51261127, 0.5122343, 0.5128169, 0.5119245, 0.51287985, 0.5145066, 0.51210827, 0.51144505, 0.51224303, 0.51318556, 0.51163644, 0.51149833, 0.5135422, 0.5131145, 0.51185936, 0.5126508, 0.51236606, 0.5128869, 0.51085156, 0.5120668, 0.5127918, 0.5102461, 0.51302505, 0.511443, 0.51112884, 0.51291674, 0.51349175, 0.51193696, 0.5125155, 0.51191974, 0.51350474, 0.5119587, 0.5136422, 0.5117416, 0.51246864, 0.5125578, 0.51118994, 0.5115995, 0.5129271, 0.5123213, 0.51330334, 0.5125223, 0.5121638, 0.5128903, 0.51214933, 0.51251966, 0.513317, 0.51201653, 0.51279306, 0.5125863, 0.5122966, 0.513893, 0.5131789, 0.5133969, 0.51337445, 0.5125108, 0.5126662, 0.5132773, 0.5147171, 0.51115155, 0.510875, 0.5138049, 0.51203084, 0.5116061, 0.51137143, 0.51336366, 0.51235825, 0.5125509, 0.5134392, 0.5121335, 0.5123701, 0.51238567, 0.5121888, 0.51360434, 0.51413137, 0.5123953, 0.51135767, 0.5122673, 0.51231784]
[0.50020075, 0.5012595, 0.50290066, 0.5039065, 0.5003343, 0.4998584, 0.5077927, 0.50056267, 0.5008686, 0.50370735, 0.5025075, 0.50100523, 0.50422984, 0.5077418, 0.5004945, 0.50214994, 0.5093856, 0.50166374, 0.5032581, 0.5100941, 0.51002145, 0.5023716, 0.5032077, 0.5036587, 0.50156564, 0.5015474, 0.50217056, 0.5020903, 0.5006576, 0.5046301, 0.5085512, 0.50186837, 0.50038147, 0.50161964, 0.50742406, 0.5076256, 0.50397956, 0.5055088, 0.5065025, 0.50229436, 0.5044652, 0.50085646, 0.50515723, 0.5009429, 0.5034944, 0.50497085, 0.5052292, 0.5022833, 0.50091106, 0.5012536, 0.50118065, 0.50165904, 0.5014413, 0.5031215, 0.5040158, 0.5002065, 0.5028359, 0.5009645, 0.5007547, 0.50153476, 0.5001026, 0.50670344, 0.5082976, 0.50054896, 0.5069314, 0.5006925, 0.5020449, 0.50413996, 0.503873, 0.5012821, 0.51222515, 0.50633395, 0.50776345, 0.50869226, 0.505617, 0.5066028, 0.5066213, 0.50707567, 0.5015096, 0.5016426, 0.5016083, 0.50497335, 0.50082445, 0.5012205, 0.5002888, 0.5107273, 0.5087267, 0.50969386, 0.5038625, 0.5028702, 0.50016195, 0.5081572, 0.510461, 0.5037495, 0.5010896, 0.50209904, 0.5034853, 0.50193256, 0.5031979, 0.50537336, 0.5040409, 0.50932497, 0.5020683, 0.50267136, 0.50999874, 0.5080946, 0.5070396, 0.5009596, 0.5010246, 0.5017291, 0.5105269, 0.5089972, 0.5002053, 0.50106806, 0.5008325, 0.5033644, 0.5033735, 0.5025073, 0.50093204, 0.50142246, 0.502684, 0.5007701, 0.49996287, 0.50510633, 0.5009279, 0.5025301, 0.50570184, 0.5110892, 0.51224226, 0.5010875, 0.50917363, 0.50636125, 0.5032061, 0.50222033, 0.5092776, 0.51677895, 0.515554, 0.51756287, 0.51530236, 0.51454204, 0.5148271, 0.5171506, 0.51724696, 0.5172788, 0.51722383, 0.5162296, 0.5154977, 0.516332, 0.5147741, 0.5147865, 0.5158784, 0.5176509, 0.51643133, 0.51692605, 0.5169289, 0.51804173, 0.51700324, 0.5166085, 0.5169796, 0.5161226, 0.51712334, 0.51756525, 0.51648456, 0.51481116, 0.51749504, 0.5157379, 0.5145437, 0.5169306, 0.5149849, 0.51614094, 0.5166053, 0.5155253, 0.5175524, 0.51572293, 0.51906425, 0.51597625, 0.5153405, 0.51553005, 0.51833206, 0.5175881, 0.5156673, 0.51566213, 0.51624095, 0.5166531, 0.5132154, 0.5170851, 0.5160209, 0.5156994, 0.5162982, 0.51648, 0.51766765, 0.51734847, 0.51478136, 0.5168312, 0.5166888, 0.5163536, 0.5188061, 0.51635766, 0.5160164, 0.51665694, 0.51601404, 0.5164683, 0.51608914, 0.5176747, 0.51990986, 0.5168255, 0.5153284, 0.515663, 0.5178087, 0.514873, 0.51536685, 0.51846766, 0.5175792, 0.51584435, 0.5170042, 0.5172982, 0.5166221, 0.5144927, 0.51578975, 0.51709396, 0.5143257, 0.5182909, 0.5151013, 0.5148832, 0.5178088, 0.51780564, 0.5164496, 0.51697147, 0.5155967, 0.518316, 0.51595634, 0.51918954, 0.515774, 0.51725686, 0.5174782, 0.5150686, 0.51571393, 0.51737, 0.5163163, 0.5180483, 0.516443, 0.5154666, 0.51716846, 0.51685303, 0.5158525, 0.5184888, 0.51552653, 0.5168466, 0.5171765, 0.51609796, 0.51881707, 0.51825607, 0.518472, 0.5182992, 0.5170238, 0.51770216, 0.51783305, 0.5199599, 0.5151833, 0.5148622, 0.5186282, 0.516062, 0.5155583, 0.51525396, 0.51820916, 0.5158472, 0.5164299, 0.51822066, 0.5168658, 0.5161507, 0.51652104, 0.5162387, 0.5180418, 0.5190208, 0.5169843, 0.51579505, 0.5166013, 0.5158502]
[0.5000056, 0.50156766, 0.5020282, 0.50199294, 0.49989203, 0.50059783, 0.50557303, 0.50110984, 0.5006662, 0.5033473, 0.5020456, 0.5006476, 0.5047359, 0.50702375, 0.50057465, 0.5016086, 0.507782, 0.5004792, 0.50159574, 0.5093451, 0.5094811, 0.50060475, 0.5034036, 0.50274384, 0.49974087, 0.49963883, 0.5017219, 0.5008709, 0.50053996, 0.50333047, 0.5067401, 0.50269693, 0.5000748, 0.5015899, 0.50698125, 0.5072186, 0.5018791, 0.50485754, 0.50462586, 0.500161, 0.50255585, 0.50093645, 0.5052355, 0.5001696, 0.50275487, 0.50362974, 0.5040875, 0.50145423, 0.5022412, 0.50240386, 0.5017789, 0.5003136, 0.49985734, 0.5026556, 0.50282496, 0.4999117, 0.5015767, 0.49968866, 0.5004972, 0.50173885, 0.50061667, 0.50391823, 0.5056389, 0.50030357, 0.5056233, 0.49979672, 0.5021653, 0.50246245, 0.5018394, 0.5020771, 0.51108253, 0.50440496, 0.5046233, 0.5069448, 0.5041147, 0.50505245, 0.5057233, 0.5061831, 0.49970323, 0.500162, 0.4999854, 0.5041449, 0.50024235, 0.5010757, 0.50040793, 0.50991714, 0.5078057, 0.50852764, 0.50293887, 0.5016613, 0.50102055, 0.5081785, 0.50960094, 0.5035325, 0.50243515, 0.50189966, 0.5022435, 0.50112593, 0.50224376, 0.5040757, 0.50259954, 0.5083098, 0.50068, 0.5015789, 0.5095395, 0.5077017, 0.5057607, 0.50127995, 0.5001904, 0.50091857, 0.5096508, 0.50713706, 0.5003518, 0.50141335, 0.5004007, 0.5015037, 0.50406307, 0.50323427, 0.5013225, 0.50183934, 0.50106907, 0.50144804, 0.50084496, 0.5035271, 0.50066274, 0.502214, 0.5044813, 0.5087849, 0.50975823, 0.5004126, 0.5084906, 0.50585115, 0.50198466, 0.5043262, 0.5099809, 0.5157336, 0.5140397, 0.5158098, 0.5132162, 0.51295733, 0.5131257, 0.51540506, 0.51488096, 0.5155505, 0.5157045, 0.51479226, 0.51430833, 0.5150495, 0.51260495, 0.51387864, 0.51482993, 0.51542664, 0.51399165, 0.5152694, 0.5159551, 0.51630294, 0.51478815, 0.51522046, 0.5156031, 0.51468664, 0.5151757, 0.5159689, 0.5150023, 0.51392496, 0.5155784, 0.5135664, 0.5126121, 0.5154261, 0.5131783, 0.5146182, 0.5155425, 0.51451117, 0.5156713, 0.5144853, 0.5170395, 0.5141656, 0.5133431, 0.5135523, 0.5169747, 0.51593375, 0.5141733, 0.51456594, 0.51505786, 0.5151152, 0.5118632, 0.51550126, 0.51462096, 0.5138096, 0.51509434, 0.51465535, 0.5164176, 0.51530635, 0.51360124, 0.516132, 0.51468486, 0.51446205, 0.51706827, 0.51526076, 0.51529694, 0.514817, 0.5148205, 0.51566833, 0.5144476, 0.5151953, 0.5180693, 0.51458937, 0.51348287, 0.5138526, 0.5160373, 0.51355, 0.51403004, 0.5161271, 0.51555073, 0.51433235, 0.51531065, 0.5156529, 0.5153301, 0.51268584, 0.5143827, 0.5154467, 0.5123237, 0.5157879, 0.5137069, 0.51385325, 0.5155503, 0.5161635, 0.51476216, 0.5148595, 0.5149525, 0.51673305, 0.51383567, 0.5167412, 0.5137353, 0.5148786, 0.51524013, 0.5132399, 0.513627, 0.5155304, 0.51458687, 0.5160587, 0.515494, 0.5145233, 0.5156218, 0.5142163, 0.5142532, 0.516602, 0.51448077, 0.51521426, 0.5156434, 0.5149742, 0.5171229, 0.51588786, 0.51656693, 0.5160084, 0.51506627, 0.51549566, 0.51637894, 0.51838213, 0.5131457, 0.5132037, 0.51674974, 0.5148206, 0.5136895, 0.5131961, 0.5162948, 0.5149699, 0.51514935, 0.5169176, 0.5152357, 0.51462704, 0.5151609, 0.5150434, 0.5165036, 0.5177575, 0.51477754, 0.5136144, 0.51406187, 0.51492757]
[0.5048468, 0.5063425, 0.5068827, 0.5072039, 0.5047163, 0.5059435, 0.51009154, 0.5019072, 0.5018292, 0.50055087, 0.50146496, 0.5048439, 0.5082608, 0.5105606, 0.50485206, 0.5066247, 0.5117354, 0.5056552, 0.50121564, 0.5120072, 0.5119132, 0.501444, 0.50803137, 0.5063117, 0.5032918, 0.5017532, 0.50470006, 0.50209343, 0.5028063, 0.5012292, 0.51033354, 0.50651443, 0.50313985, 0.5059759, 0.5109484, 0.51051724, 0.50097895, 0.5087266, 0.5098571, 0.5034095, 0.5007264, 0.5062096, 0.50962394, 0.50483763, 0.50080466, 0.5014536, 0.501871, 0.50045604, 0.50686634, 0.5066335, 0.5059046, 0.50462174, 0.5047965, 0.50041413, 0.50034815, 0.504476, 0.50047714, 0.50341105, 0.5026633, 0.5020153, 0.5038656, 0.5092786, 0.5106664, 0.50503916, 0.50977176, 0.5054951, 0.5076547, 0.5004069, 0.50030273, 0.50488985, 0.513899, 0.51024187, 0.50939155, 0.51102704, 0.50973445, 0.5092476, 0.5097226, 0.51032, 0.50461805, 0.5046204, 0.5055874, 0.5092088, 0.5050422, 0.5022003, 0.50416905, 0.5124543, 0.5108328, 0.5112762, 0.50776565, 0.5072346, 0.5034716, 0.51127416, 0.51222616, 0.50792444, 0.5072666, 0.50680953, 0.5066527, 0.5015509, 0.50025946, 0.5083668, 0.5076653, 0.5119618, 0.502859, 0.50142354, 0.51180977, 0.5114436, 0.5106709, 0.50556886, 0.50331736, 0.5066243, 0.5122431, 0.5109662, 0.50422585, 0.5022911, 0.5042931, 0.50617623, 0.50790447, 0.50715697, 0.5059306, 0.5060773, 0.50606984, 0.5024441, 0.5042562, 0.5076026, 0.50254506, 0.5069747, 0.5092051, 0.51231545, 0.51340735, 0.5027106, 0.5118889, 0.5092415, 0.50714004, 0.5066046, 0.5112144, 0.517453, 0.5163478, 0.51740474, 0.5153457, 0.5149658, 0.5156773, 0.51745266, 0.5173803, 0.5174978, 0.5173312, 0.51671094, 0.5159934, 0.51697487, 0.5154747, 0.51581943, 0.515635, 0.5175014, 0.5168458, 0.51697886, 0.5170415, 0.5180066, 0.51699597, 0.5171581, 0.51732385, 0.5164015, 0.5173658, 0.5176581, 0.517195, 0.5153141, 0.5174441, 0.5164388, 0.5155215, 0.51782304, 0.5160565, 0.5168274, 0.5171765, 0.51636434, 0.5178046, 0.51642734, 0.51868415, 0.51605463, 0.51607925, 0.5161375, 0.51816845, 0.51790303, 0.5159039, 0.51621115, 0.5166717, 0.5165684, 0.51387906, 0.5175264, 0.5162579, 0.5161841, 0.5165394, 0.5168835, 0.5174001, 0.51758116, 0.51568115, 0.5171874, 0.51638585, 0.51673734, 0.5188193, 0.5169524, 0.51671726, 0.5171405, 0.51627785, 0.51682764, 0.5163451, 0.51747835, 0.51958066, 0.5165178, 0.5157399, 0.516565, 0.51796305, 0.51577795, 0.5160318, 0.5183078, 0.5177883, 0.5163525, 0.5172268, 0.51717865, 0.5169949, 0.51570386, 0.5167089, 0.51690316, 0.51516, 0.51782984, 0.5158017, 0.51583046, 0.5181473, 0.5179532, 0.51653504, 0.51738864, 0.5161678, 0.5180805, 0.5161089, 0.5187243, 0.5162216, 0.51730615, 0.51738733, 0.5159839, 0.516153, 0.5172436, 0.51688755, 0.5176911, 0.5172902, 0.51658094, 0.5173747, 0.5170362, 0.5169009, 0.5175978, 0.51631075, 0.51699746, 0.5177272, 0.51667863, 0.5187295, 0.51797265, 0.5180204, 0.5178391, 0.5172306, 0.51733994, 0.5182107, 0.51985556, 0.515546, 0.5151596, 0.5184769, 0.51679265, 0.51599526, 0.51594895, 0.5181274, 0.5164043, 0.5167951, 0.5181954, 0.5167742, 0.51695335, 0.516936, 0.516825, 0.5181728, 0.51876694, 0.5171953, 0.5158816, 0.51683885, 0.5165382]
[0.49997878, 0.5003947, 0.5019787, 0.5030393, 0.49995768, 0.5002411, 0.5052649, 0.49994874, 0.4999832, 0.5020194, 0.5008592, 0.5006422, 0.50216013, 0.50526613, 0.4999448, 0.5019607, 0.50798184, 0.50130534, 0.5006533, 0.50774497, 0.5076597, 0.50068045, 0.50315493, 0.5016012, 0.49964407, 0.49992847, 0.50135535, 0.5001675, 0.49983668, 0.5021366, 0.50699544, 0.5015555, 0.49985948, 0.50104064, 0.5056221, 0.506456, 0.5008629, 0.5048381, 0.5040607, 0.5001856, 0.50170046, 0.5005503, 0.50411046, 0.5000153, 0.501447, 0.5020984, 0.50218034, 0.5006278, 0.5008957, 0.5015071, 0.5007428, 0.49993837, 0.50012356, 0.50131166, 0.50134945, 0.49977824, 0.5010121, 0.49965763, 0.49988034, 0.49980506, 0.4997256, 0.5051421, 0.5062462, 0.5000474, 0.50342077, 0.5001465, 0.50217515, 0.5013303, 0.5010753, 0.50077856, 0.509896, 0.50393814, 0.5056313, 0.5062756, 0.50332457, 0.50330657, 0.503723, 0.50469506, 0.5011184, 0.50064576, 0.50173, 0.50217557, 0.499824, 0.5007646, 0.50003135, 0.50880575, 0.5068754, 0.50692916, 0.50288707, 0.50269145, 0.5001595, 0.5068101, 0.5081423, 0.50255287, 0.5013871, 0.5020467, 0.50121284, 0.5008265, 0.50110894, 0.5024323, 0.50135916, 0.5076499, 0.5002134, 0.5010689, 0.5084347, 0.5072997, 0.504902, 0.5011079, 0.49977258, 0.50015736, 0.5087914, 0.50726336, 0.5012067, 0.49989155, 0.5003663, 0.5022086, 0.5022939, 0.50149703, 0.5000873, 0.50061136, 0.5003025, 0.50036687, 0.50018126, 0.50171703, 0.5003336, 0.5004139, 0.5026087, 0.50914335, 0.5102458, 0.5004103, 0.5071612, 0.50602794, 0.504085, 0.50307554, 0.5081466, 0.51438874, 0.51310706, 0.51490116, 0.51283216, 0.5128394, 0.5122519, 0.5142946, 0.51461244, 0.51460844, 0.51518667, 0.51401913, 0.5134573, 0.5136851, 0.51190877, 0.5127982, 0.5133034, 0.51502466, 0.5130261, 0.5140068, 0.51479465, 0.51561886, 0.514369, 0.5140485, 0.51391447, 0.51320994, 0.5141948, 0.51512176, 0.5142821, 0.5130109, 0.51422447, 0.51303166, 0.51183236, 0.5148835, 0.511857, 0.51400256, 0.5144637, 0.51338726, 0.5146376, 0.513167, 0.5162187, 0.5136502, 0.51220816, 0.51253796, 0.5151397, 0.5151472, 0.5136846, 0.5139682, 0.5141102, 0.51435107, 0.51094663, 0.51479286, 0.51354533, 0.5132958, 0.51374596, 0.5137721, 0.51514494, 0.51493627, 0.5127079, 0.5144913, 0.5140567, 0.5142158, 0.5160677, 0.5145106, 0.5143441, 0.51441973, 0.5136393, 0.514801, 0.51359224, 0.51486075, 0.5170264, 0.5139064, 0.5132953, 0.5135533, 0.515247, 0.512844, 0.51283205, 0.51587087, 0.51501113, 0.5123718, 0.51481324, 0.5142687, 0.5146794, 0.51182944, 0.5137646, 0.5148322, 0.5108559, 0.51510274, 0.51329565, 0.51226443, 0.51451963, 0.51503044, 0.51355237, 0.51370764, 0.51336896, 0.5156326, 0.5137445, 0.51588756, 0.5126758, 0.51414883, 0.51437914, 0.51223963, 0.51315516, 0.5149356, 0.51376873, 0.51530486, 0.5147416, 0.51402944, 0.5145907, 0.51351726, 0.51364535, 0.5155184, 0.5136239, 0.5145604, 0.51429164, 0.5139995, 0.5162928, 0.5151016, 0.5154749, 0.5152936, 0.51415807, 0.514622, 0.5153874, 0.5173941, 0.5121293, 0.51175046, 0.5163252, 0.51370096, 0.5126787, 0.5123622, 0.5153075, 0.5136395, 0.51481986, 0.51524377, 0.5137056, 0.51430327, 0.514102, 0.5143803, 0.51566696, 0.51647013, 0.5139785, 0.512738, 0.5139572, 0.5140626]
[0.5005211, 0.500429, 0.5029809, 0.50282747, 0.50179994, 0.501596, 0.5067381, 0.5027468, 0.5026515, 0.5060289, 0.5042475, 0.50085557, 0.5028595, 0.5064972, 0.500362, 0.50141114, 0.5075117, 0.5008055, 0.50423986, 0.5087859, 0.50852937, 0.503293, 0.5053421, 0.5037527, 0.50166965, 0.50215775, 0.50150126, 0.5028536, 0.50284404, 0.50623924, 0.50764453, 0.5014662, 0.5020503, 0.5007458, 0.5064293, 0.5071143, 0.5044892, 0.5047085, 0.5042636, 0.50231844, 0.50576526, 0.5007548, 0.5048662, 0.5011212, 0.50440395, 0.50580573, 0.5062172, 0.5027261, 0.5012434, 0.5012518, 0.5007313, 0.50060296, 0.50047016, 0.50516343, 0.5050559, 0.50150204, 0.5043233, 0.50130665, 0.5020749, 0.50260675, 0.5020085, 0.5050581, 0.506768, 0.50068825, 0.50489324, 0.500511, 0.50295204, 0.50416315, 0.50500816, 0.50061125, 0.5097227, 0.5049276, 0.5048618, 0.5070851, 0.5043519, 0.5051652, 0.5053516, 0.5066402, 0.5005235, 0.50063616, 0.5011661, 0.5030729, 0.5013265, 0.50325185, 0.5011818, 0.5087487, 0.50751674, 0.5078581, 0.5035537, 0.5024048, 0.50064135, 0.50752383, 0.5088859, 0.50317204, 0.501913, 0.5026074, 0.50044423, 0.5040347, 0.50469685, 0.5031607, 0.50088996, 0.50816107, 0.5027948, 0.50323266, 0.5082705, 0.5077451, 0.5065124, 0.5014567, 0.5013649, 0.50052536, 0.50918835, 0.50783914, 0.50036514, 0.5023659, 0.50021666, 0.50223565, 0.5032896, 0.5020023, 0.5005882, 0.5007408, 0.50150037, 0.50227606, 0.50083333, 0.50217485, 0.50274676, 0.50088483, 0.5038462, 0.508902, 0.5105393, 0.50247645, 0.50838363, 0.5057256, 0.50323963, 0.50310695, 0.5087042, 0.51472384, 0.51328903, 0.51466393, 0.51202434, 0.5124104, 0.5123861, 0.5149477, 0.5150251, 0.5146498, 0.5147475, 0.51389706, 0.5130077, 0.51388806, 0.5124195, 0.5127995, 0.5130928, 0.5146658, 0.5132353, 0.513934, 0.51452, 0.51517016, 0.5141665, 0.5143797, 0.5144096, 0.5133237, 0.5144517, 0.51498204, 0.51435924, 0.51284236, 0.51436174, 0.51314247, 0.51196283, 0.5145451, 0.51220655, 0.51347125, 0.5144394, 0.5135286, 0.51474094, 0.51356506, 0.5156895, 0.5136072, 0.51270527, 0.51268375, 0.5153639, 0.51538545, 0.51314455, 0.51418066, 0.5142176, 0.51439166, 0.5105836, 0.5143449, 0.5133607, 0.51300186, 0.5133489, 0.51393396, 0.5148323, 0.51465285, 0.5129332, 0.5146031, 0.51357025, 0.5144755, 0.5158722, 0.5145697, 0.5143004, 0.5143479, 0.5140786, 0.51448995, 0.51301706, 0.5146865, 0.5170388, 0.51346046, 0.51252955, 0.51380414, 0.5150533, 0.512816, 0.51294017, 0.515347, 0.5150537, 0.513387, 0.51425844, 0.51418424, 0.514482, 0.5120446, 0.51354426, 0.5143066, 0.5112087, 0.51480013, 0.5125465, 0.51234186, 0.5150054, 0.51574975, 0.5135298, 0.5141526, 0.51325405, 0.5155732, 0.5134226, 0.5158724, 0.5133365, 0.51424444, 0.5138317, 0.51236105, 0.5128681, 0.51470023, 0.51363987, 0.51498246, 0.5145121, 0.513972, 0.51485425, 0.5140649, 0.51430905, 0.51507723, 0.51344943, 0.51441056, 0.51422817, 0.5139138, 0.5162368, 0.5152899, 0.51562554, 0.51541775, 0.514077, 0.5142904, 0.51521724, 0.51689714, 0.5124865, 0.51187235, 0.51570195, 0.5133998, 0.5131192, 0.5129978, 0.5151554, 0.514107, 0.5144328, 0.515648, 0.51370233, 0.5142525, 0.5141862, 0.51403326, 0.5152982, 0.5166369, 0.5137171, 0.51278096, 0.51396924, 0.51379263]
[0.50008166, 0.50054073, 0.5029112, 0.50118345, 0.5013426, 0.5014046, 0.5078942, 0.5014193, 0.5014343, 0.5040387, 0.50282466, 0.5007452, 0.50375414, 0.5074761, 0.5002702, 0.5011841, 0.50955635, 0.5012772, 0.5026833, 0.51031005, 0.509841, 0.5022578, 0.50374585, 0.5027985, 0.5016198, 0.5017953, 0.5006091, 0.50196767, 0.50127155, 0.5039933, 0.508566, 0.50116754, 0.50130427, 0.5006822, 0.5076851, 0.50721544, 0.5031413, 0.5054709, 0.5065962, 0.5015753, 0.5043084, 0.5003441, 0.50631046, 0.5006346, 0.5035683, 0.5047215, 0.5047644, 0.50230116, 0.5007742, 0.50088924, 0.5003461, 0.5008223, 0.50009716, 0.5035676, 0.5036733, 0.50175774, 0.50338817, 0.5005768, 0.50076383, 0.5023541, 0.50070924, 0.50614834, 0.5078499, 0.5007624, 0.50616753, 0.5011478, 0.5028466, 0.50369334, 0.5033219, 0.5003106, 0.5119269, 0.5072066, 0.5072261, 0.5080893, 0.5059075, 0.50630623, 0.5067526, 0.5071587, 0.5018077, 0.5009256, 0.5012215, 0.5055499, 0.500608, 0.50229156, 0.5010066, 0.5104744, 0.5080349, 0.5092275, 0.5045561, 0.5031197, 0.50015175, 0.5083451, 0.51042795, 0.50457275, 0.50105613, 0.50135475, 0.5026764, 0.5023913, 0.5029873, 0.5049802, 0.50242925, 0.5091873, 0.5019569, 0.50291854, 0.50917983, 0.5086277, 0.5071584, 0.5007908, 0.5011354, 0.5012322, 0.5105019, 0.5089341, 0.50048643, 0.5009932, 0.5003791, 0.50331, 0.50469613, 0.5023707, 0.5000374, 0.50123626, 0.50058174, 0.5016642, 0.5006398, 0.5024257, 0.50212914, 0.50141335, 0.5056999, 0.51056534, 0.51203465, 0.5015899, 0.5092878, 0.5065372, 0.5033503, 0.5021428, 0.5086244, 0.5169102, 0.51482964, 0.517226, 0.51476717, 0.514324, 0.51461226, 0.5167672, 0.5168925, 0.5168786, 0.51678216, 0.51589996, 0.5152023, 0.5157957, 0.51411355, 0.51437646, 0.515235, 0.5172346, 0.51581615, 0.51635885, 0.5166829, 0.5174929, 0.5166187, 0.5163208, 0.5167044, 0.515592, 0.5165639, 0.5173037, 0.5162216, 0.51448405, 0.5170288, 0.5151679, 0.5137922, 0.5167496, 0.5145108, 0.5159885, 0.5166623, 0.51484907, 0.51703864, 0.51527745, 0.51880926, 0.5154812, 0.51481646, 0.51511353, 0.51785725, 0.5172965, 0.51573193, 0.5157679, 0.5161854, 0.51644367, 0.51245433, 0.5169993, 0.51535815, 0.51535964, 0.5155457, 0.516241, 0.51723814, 0.517084, 0.5146932, 0.51630104, 0.516341, 0.5158057, 0.5188685, 0.5162994, 0.515736, 0.5163346, 0.5155404, 0.5166015, 0.51570255, 0.51764804, 0.5197291, 0.51629573, 0.51521325, 0.5159804, 0.5175706, 0.5146131, 0.51474565, 0.51807296, 0.5174564, 0.51511884, 0.51682997, 0.5172866, 0.5164054, 0.51428026, 0.5163123, 0.5169015, 0.5136545, 0.51796865, 0.51450306, 0.5146294, 0.517916, 0.51781, 0.5157406, 0.5166273, 0.51560754, 0.51822865, 0.51566136, 0.5185295, 0.51553774, 0.5164522, 0.5167961, 0.5148848, 0.51553017, 0.5170256, 0.5158004, 0.51780486, 0.5165512, 0.5154222, 0.5170451, 0.5162858, 0.5156089, 0.51829004, 0.51550144, 0.51663744, 0.51746166, 0.5160307, 0.51878613, 0.5179976, 0.5181948, 0.51812655, 0.5165137, 0.5169494, 0.51791, 0.52001524, 0.51495093, 0.51394075, 0.51854813, 0.51564026, 0.5150892, 0.5149887, 0.51788956, 0.51544684, 0.5161935, 0.5179728, 0.5161872, 0.5162252, 0.51648104, 0.5159812, 0.5176022, 0.5190102, 0.51664865, 0.51488525, 0.51647836, 0.5158506]
[0.5020216, 0.5005338, 0.5013592, 0.5016809, 0.5021597, 0.50287867, 0.507452, 0.50366056, 0.5036008, 0.50615335, 0.50493246, 0.5012642, 0.50329, 0.50752777, 0.50069124, 0.5007096, 0.5089919, 0.50101274, 0.5039855, 0.5101478, 0.5098754, 0.50415343, 0.50524217, 0.50315696, 0.50224227, 0.50335485, 0.5008137, 0.5034125, 0.5040453, 0.50646853, 0.50788945, 0.500889, 0.5031872, 0.50124335, 0.507871, 0.5082953, 0.5048977, 0.50346786, 0.5059062, 0.503606, 0.50596124, 0.50093544, 0.5052288, 0.50073075, 0.5051311, 0.5063765, 0.50686467, 0.50349015, 0.5005901, 0.5015674, 0.5003518, 0.50132495, 0.5013957, 0.5053269, 0.5053997, 0.5026805, 0.5047011, 0.50241506, 0.5033014, 0.5046346, 0.5029267, 0.5038192, 0.50663596, 0.5015636, 0.50488275, 0.50180703, 0.5019121, 0.50540715, 0.50498533, 0.5008672, 0.51098865, 0.505388, 0.5053027, 0.50778985, 0.5032154, 0.5064069, 0.50722003, 0.50770587, 0.5021207, 0.501743, 0.50125027, 0.50337243, 0.5025914, 0.50357044, 0.5022067, 0.51009554, 0.5085451, 0.5088717, 0.50197685, 0.50033003, 0.5006658, 0.50911474, 0.51034516, 0.5017764, 0.50138384, 0.50179034, 0.5012906, 0.5038334, 0.5053696, 0.50170386, 0.500725, 0.5095199, 0.50349295, 0.5041824, 0.50884104, 0.5078361, 0.5066772, 0.50039196, 0.50250804, 0.5008368, 0.5100347, 0.5078856, 0.5027083, 0.5035693, 0.50185806, 0.50177306, 0.5023716, 0.5009941, 0.50098574, 0.5002984, 0.50061804, 0.50397146, 0.50263417, 0.50232303, 0.5032012, 0.5007667, 0.5047483, 0.50967586, 0.5112076, 0.50271857, 0.50943625, 0.5045372, 0.5015303, 0.5031075, 0.5100097, 0.51651096, 0.5149449, 0.5169941, 0.513949, 0.5138675, 0.5135992, 0.5170092, 0.5162755, 0.51637805, 0.5163191, 0.5153548, 0.5147562, 0.5160692, 0.514605, 0.5145939, 0.51519716, 0.51712126, 0.5154433, 0.51658696, 0.51662517, 0.5177766, 0.5161935, 0.5164183, 0.51708955, 0.51529545, 0.5166501, 0.51706016, 0.51599693, 0.51439655, 0.5168455, 0.51501673, 0.51312387, 0.5162464, 0.5137972, 0.5153722, 0.5162645, 0.51572704, 0.5165714, 0.51515293, 0.5184436, 0.5154848, 0.5147498, 0.51486224, 0.51810586, 0.517585, 0.5151551, 0.5156697, 0.51575726, 0.5159743, 0.51194084, 0.5164009, 0.514723, 0.5149318, 0.5153597, 0.5159757, 0.5170711, 0.51667434, 0.5148556, 0.5161896, 0.51533437, 0.51577985, 0.5186437, 0.5166931, 0.51633, 0.5161552, 0.5155931, 0.5163566, 0.51497835, 0.5165293, 0.51950693, 0.5156787, 0.51435155, 0.5153684, 0.5170646, 0.5144706, 0.5147984, 0.51719844, 0.5171101, 0.51570696, 0.516272, 0.5164583, 0.51660025, 0.5137884, 0.5154892, 0.51685214, 0.5135854, 0.51716137, 0.51374966, 0.5143095, 0.51727533, 0.5177569, 0.51576996, 0.51649183, 0.51555157, 0.51775354, 0.51473475, 0.518268, 0.51503325, 0.51642513, 0.51606935, 0.5141596, 0.51496863, 0.51626915, 0.5156111, 0.5172442, 0.516562, 0.51550514, 0.51675206, 0.51601285, 0.5165101, 0.51796633, 0.51551056, 0.5166618, 0.5169486, 0.5156503, 0.518683, 0.5177252, 0.5179402, 0.51781386, 0.5164396, 0.5166527, 0.517333, 0.5194577, 0.51421916, 0.5132838, 0.51851773, 0.51551825, 0.5147401, 0.5144748, 0.5176272, 0.5159541, 0.5163459, 0.51812583, 0.5158622, 0.51628715, 0.516474, 0.5161761, 0.5173009, 0.51924866, 0.51598066, 0.51500916, 0.51637745, 0.5157306]
[0.5011418, 0.500263, 0.50156635, 0.5018062, 0.5010072, 0.501162, 0.5051245, 0.50268185, 0.5026486, 0.5056938, 0.5040486, 0.49994755, 0.5021099, 0.50573456, 0.50083804, 0.501126, 0.50725406, 0.50063753, 0.5037685, 0.50784177, 0.50793153, 0.5026923, 0.5043037, 0.50375235, 0.5016221, 0.5027143, 0.5005264, 0.50266093, 0.50218636, 0.50575817, 0.50638837, 0.5005929, 0.50191325, 0.50037825, 0.50511384, 0.5066336, 0.50387365, 0.50518, 0.50325024, 0.5015398, 0.50493306, 0.50011283, 0.5038014, 0.5006178, 0.5041672, 0.50541437, 0.50590146, 0.50303274, 0.50151473, 0.5008966, 0.500552, 0.5011284, 0.501479, 0.5048553, 0.50500673, 0.5015563, 0.50353044, 0.5012042, 0.50161433, 0.5028034, 0.50266725, 0.5026969, 0.5059374, 0.50015354, 0.5038428, 0.5000389, 0.5016279, 0.5039921, 0.50479937, 0.5011924, 0.5087851, 0.5036459, 0.50292075, 0.50641096, 0.50333923, 0.50425005, 0.50462943, 0.5057902, 0.5009774, 0.5008756, 0.50039905, 0.50182086, 0.5016837, 0.5031725, 0.5017505, 0.5076947, 0.50677747, 0.50669265, 0.5023888, 0.5018068, 0.5001985, 0.5067143, 0.5082825, 0.5028803, 0.50100523, 0.5011802, 0.50010574, 0.50340253, 0.504271, 0.5020442, 0.5004023, 0.5071075, 0.5024057, 0.50314516, 0.50738066, 0.5071616, 0.5063393, 0.5008796, 0.50108045, 0.5002923, 0.50825435, 0.50698155, 0.5004605, 0.5024197, 0.500536, 0.50075173, 0.50308377, 0.50256526, 0.5001848, 0.50044334, 0.5004284, 0.5023654, 0.5015437, 0.5014972, 0.5022137, 0.50004876, 0.5022643, 0.50778204, 0.50886595, 0.50206, 0.50727427, 0.5046787, 0.50215906, 0.5021989, 0.5079226, 0.5131242, 0.5116338, 0.5125984, 0.51074487, 0.5107921, 0.5110171, 0.51344633, 0.51309776, 0.5130277, 0.5131178, 0.5124445, 0.5115376, 0.5121953, 0.51070315, 0.5116878, 0.51203376, 0.5129867, 0.511787, 0.51236135, 0.51262057, 0.5134141, 0.51264393, 0.51274216, 0.5132691, 0.51209307, 0.5129427, 0.5133486, 0.51295805, 0.5113542, 0.51292336, 0.5116814, 0.51059735, 0.5129027, 0.5105635, 0.5121324, 0.5128151, 0.5120614, 0.51311237, 0.5121844, 0.5139501, 0.5119276, 0.5111494, 0.51121294, 0.51415277, 0.5137126, 0.5118491, 0.5123602, 0.5127397, 0.5126693, 0.50902736, 0.5130399, 0.5122278, 0.5113811, 0.51204145, 0.51213884, 0.5129293, 0.51307786, 0.511523, 0.51292604, 0.5120185, 0.5128131, 0.5143251, 0.5126959, 0.5127036, 0.5125417, 0.5126508, 0.5131563, 0.5113935, 0.51294893, 0.5152149, 0.51217103, 0.51129806, 0.51248056, 0.5135273, 0.51160544, 0.51156396, 0.5137122, 0.513229, 0.5122231, 0.51260483, 0.5126848, 0.51273984, 0.5107867, 0.5120505, 0.51297486, 0.5099676, 0.5132327, 0.51148194, 0.5111732, 0.51311994, 0.513873, 0.512173, 0.5123096, 0.51215625, 0.5139921, 0.51179266, 0.51395404, 0.5115, 0.5126051, 0.51240575, 0.5110597, 0.5113886, 0.51303357, 0.51221466, 0.5133054, 0.51305133, 0.51253295, 0.5130967, 0.51218396, 0.512916, 0.5136191, 0.51238364, 0.51272964, 0.5127644, 0.5123249, 0.5146873, 0.51388603, 0.51403415, 0.5137556, 0.512651, 0.51295537, 0.51390594, 0.5152542, 0.5110701, 0.5103324, 0.51426774, 0.51191604, 0.51133424, 0.51100385, 0.5135421, 0.5123076, 0.5130175, 0.5141198, 0.51212746, 0.5125059, 0.51256996, 0.51261014, 0.5138367, 0.5149495, 0.5125976, 0.5112117, 0.5124139, 0.5127408]
[0.5005362, 0.5003883, 0.5016851, 0.5026923, 0.50068855, 0.5010951, 0.5067136, 0.50104296, 0.50084466, 0.50354904, 0.50255084, 0.500108, 0.5025799, 0.5060495, 0.50033754, 0.5012295, 0.5083878, 0.50147116, 0.5018824, 0.5090618, 0.509127, 0.501773, 0.50351065, 0.5031259, 0.50078785, 0.5012821, 0.5002138, 0.5011212, 0.50096947, 0.5034288, 0.5075039, 0.5014189, 0.50071037, 0.5012912, 0.50650984, 0.5067279, 0.50245315, 0.50359565, 0.50438464, 0.50082475, 0.50301236, 0.500371, 0.5044722, 0.50125355, 0.5022001, 0.50302607, 0.503306, 0.5010742, 0.501787, 0.5016954, 0.5015033, 0.50004715, 0.50038785, 0.502614, 0.50279665, 0.50055355, 0.5022335, 0.50068676, 0.50006026, 0.5013188, 0.5011177, 0.50353295, 0.5064981, 0.5001329, 0.5044591, 0.50029236, 0.5021684, 0.5026875, 0.50265867, 0.5005502, 0.5105145, 0.50368595, 0.5049411, 0.5068115, 0.5039111, 0.5052773, 0.5058376, 0.50685114, 0.5004066, 0.49996215, 0.5002831, 0.50203395, 0.5008614, 0.5020168, 0.5008612, 0.5096017, 0.5079343, 0.50817114, 0.5028316, 0.50225806, 0.5003862, 0.50846577, 0.509752, 0.50228447, 0.50121045, 0.5019887, 0.50126565, 0.5017069, 0.502492, 0.5033494, 0.5005438, 0.50844926, 0.5016938, 0.50204307, 0.5084075, 0.5077107, 0.50600255, 0.5013529, 0.50068074, 0.50007945, 0.5096992, 0.50807554, 0.5001149, 0.5006343, 0.5000834, 0.50229234, 0.5035567, 0.50287765, 0.50086606, 0.501395, 0.5012681, 0.50142056, 0.5003162, 0.5024808, 0.50145376, 0.5006772, 0.50341964, 0.50986624, 0.51064557, 0.5008569, 0.5087599, 0.505445, 0.5021394, 0.50317836, 0.5088071, 0.5164095, 0.51409084, 0.51646703, 0.51373506, 0.5131789, 0.51351655, 0.5168897, 0.51651525, 0.51604617, 0.5166237, 0.51560205, 0.51450646, 0.51540244, 0.51354545, 0.51369774, 0.5150407, 0.51638806, 0.51479393, 0.5154613, 0.5159868, 0.51695603, 0.51599556, 0.5161392, 0.5163785, 0.5147939, 0.51610154, 0.5169063, 0.5160039, 0.5140917, 0.5162458, 0.5143137, 0.51282865, 0.5162304, 0.51311725, 0.51528716, 0.51580524, 0.51526356, 0.516181, 0.5149187, 0.5177753, 0.51529366, 0.51386434, 0.5136461, 0.51795757, 0.516961, 0.5146612, 0.51594764, 0.51612264, 0.5161609, 0.51141715, 0.5163268, 0.5148383, 0.5140165, 0.5152499, 0.51530075, 0.51663685, 0.51664233, 0.51377547, 0.51600164, 0.51517045, 0.51576954, 0.51787376, 0.5159195, 0.5154765, 0.51586294, 0.5157333, 0.5164542, 0.51471263, 0.5161095, 0.5191102, 0.5152869, 0.5142656, 0.51517373, 0.51701605, 0.5140723, 0.51434, 0.5173813, 0.5167219, 0.5147928, 0.51611346, 0.5156996, 0.5160512, 0.5133554, 0.51475286, 0.5163632, 0.51235294, 0.5167129, 0.51394665, 0.51360095, 0.5165704, 0.5176262, 0.51536024, 0.51554024, 0.5148407, 0.5174321, 0.5149035, 0.5179721, 0.5145607, 0.515701, 0.5156182, 0.5137747, 0.51443785, 0.5164091, 0.5149062, 0.51681817, 0.51657, 0.5155588, 0.51647717, 0.51501536, 0.51587135, 0.5172768, 0.51533645, 0.5166712, 0.5164305, 0.5152444, 0.51826465, 0.5171236, 0.51747453, 0.51773, 0.51588213, 0.5158345, 0.51743156, 0.5194422, 0.51390576, 0.5128307, 0.5180682, 0.51482826, 0.5139153, 0.5135733, 0.51740897, 0.51550555, 0.5161488, 0.5178072, 0.51545423, 0.5158544, 0.5160888, 0.51545787, 0.5174001, 0.51871943, 0.51598775, 0.51416934, 0.5162281, 0.5156205]
[0.5005659, 0.5006777, 0.50247616, 0.50289077, 0.5006311, 0.5013086, 0.50701565, 0.50096333, 0.50099593, 0.50468206, 0.5030052, 0.50059414, 0.50329494, 0.50629497, 0.5005351, 0.5013619, 0.5088972, 0.50293934, 0.5015097, 0.5085309, 0.50874346, 0.50219476, 0.5027425, 0.503, 0.50009936, 0.5016107, 0.50199115, 0.5017788, 0.5003224, 0.5046644, 0.50738156, 0.5013229, 0.5009177, 0.50226754, 0.50690365, 0.5070109, 0.50335765, 0.50579315, 0.50457823, 0.5002541, 0.5036411, 0.5011597, 0.50509554, 0.5017377, 0.50321525, 0.5042072, 0.50447935, 0.50109726, 0.5022552, 0.50179195, 0.5013245, 0.5002901, 0.50100625, 0.50347894, 0.50361663, 0.500637, 0.5024959, 0.50066346, 0.50050503, 0.501473, 0.50072205, 0.50528884, 0.5076056, 0.5002467, 0.5051085, 0.5014445, 0.5031537, 0.5034501, 0.50244004, 0.5019192, 0.5108877, 0.5061565, 0.5065189, 0.50792766, 0.50541663, 0.5058567, 0.5061708, 0.5067268, 0.5004766, 0.500735, 0.5011402, 0.5047377, 0.50050575, 0.502087, 0.50042415, 0.5097917, 0.5079582, 0.50852174, 0.5038585, 0.5032311, 0.5011349, 0.5079189, 0.50904685, 0.5035096, 0.50222397, 0.5027561, 0.50370055, 0.5012094, 0.5028253, 0.50392187, 0.50143737, 0.50859267, 0.5014763, 0.5028774, 0.50931925, 0.508108, 0.50657904, 0.50230926, 0.50013214, 0.5010863, 0.5099311, 0.5082089, 0.5021098, 0.500389, 0.50172806, 0.5036857, 0.5042429, 0.50330496, 0.50170094, 0.50190765, 0.5014261, 0.50156784, 0.5000994, 0.50297123, 0.50070196, 0.501109, 0.50373524, 0.51062596, 0.5109396, 0.50085115, 0.5086755, 0.5074039, 0.50428796, 0.5042017, 0.5086407, 0.5157224, 0.5137393, 0.51582885, 0.5135691, 0.5131744, 0.51331836, 0.5155132, 0.515374, 0.5155157, 0.5165235, 0.5154565, 0.51453924, 0.514861, 0.51283205, 0.5133046, 0.51386666, 0.51600975, 0.5142767, 0.5151451, 0.5153007, 0.51606274, 0.5150668, 0.5154669, 0.515954, 0.514502, 0.51572186, 0.516205, 0.51514554, 0.5134525, 0.51558495, 0.51437545, 0.51319146, 0.5156812, 0.5133734, 0.5151772, 0.515462, 0.5141209, 0.5158592, 0.5142793, 0.517322, 0.5147186, 0.5133988, 0.51364386, 0.51649565, 0.5161544, 0.5140321, 0.5148126, 0.51476955, 0.51531345, 0.5119013, 0.51592106, 0.5143866, 0.5139766, 0.5149207, 0.5149035, 0.51645815, 0.51592094, 0.51325804, 0.51553065, 0.5145505, 0.5148118, 0.5172585, 0.51514876, 0.5152127, 0.5149196, 0.51466644, 0.51556736, 0.5145774, 0.5155013, 0.51852393, 0.51523393, 0.51382303, 0.51476336, 0.5162036, 0.51400894, 0.51431227, 0.5168394, 0.5163878, 0.5141843, 0.51595825, 0.515299, 0.5154562, 0.51305217, 0.51449335, 0.51584196, 0.5125964, 0.5162415, 0.51416373, 0.51382995, 0.5160735, 0.5163385, 0.5147664, 0.5151297, 0.51456743, 0.5164052, 0.5143909, 0.5168358, 0.51429445, 0.51581717, 0.51530516, 0.51391065, 0.5140925, 0.5160123, 0.5150506, 0.5164107, 0.5154669, 0.51456594, 0.5161463, 0.51438326, 0.5148441, 0.51676977, 0.51439273, 0.51573884, 0.5157529, 0.5148898, 0.51772785, 0.5166464, 0.5170573, 0.5169119, 0.51559186, 0.51583177, 0.51640683, 0.51845294, 0.51309603, 0.5127834, 0.51725966, 0.51434755, 0.5140384, 0.5134631, 0.51649404, 0.5145505, 0.51496524, 0.5169013, 0.5150497, 0.51515204, 0.5155508, 0.51524913, 0.51651406, 0.51754266, 0.51525337, 0.51380837, 0.5151138, 0.51504815]
[0.4999609, 0.49941847, 0.50046843, 0.50265217, 0.5001704, 0.50007254, 0.50772893, 0.5008907, 0.50071627, 0.50302625, 0.501959, 0.49932808, 0.50308233, 0.5081018, 0.49997872, 0.49997818, 0.51033807, 0.5003341, 0.50121325, 0.510762, 0.510193, 0.50138944, 0.50307757, 0.50152904, 0.49989453, 0.50063515, 0.49940765, 0.5011167, 0.5006205, 0.5029373, 0.50809044, 0.5003966, 0.500212, 0.5005649, 0.509216, 0.5084776, 0.5018587, 0.5037898, 0.50692666, 0.5006068, 0.50238174, 0.5003083, 0.5055975, 0.49967834, 0.501937, 0.5027685, 0.5030356, 0.50054854, 0.5001534, 0.49948663, 0.49931875, 0.4999696, 0.49993646, 0.5023521, 0.5022584, 0.4996999, 0.5015941, 0.4997657, 0.4996912, 0.5006089, 0.49987426, 0.50599617, 0.5092596, 0.49968675, 0.5067706, 0.49937162, 0.50240076, 0.5024264, 0.50218624, 0.49947247, 0.5128958, 0.50451934, 0.50473714, 0.5093363, 0.5060754, 0.50547296, 0.50562555, 0.5060899, 0.49977142, 0.49954897, 0.49937266, 0.5009477, 0.50088155, 0.50132006, 0.5004989, 0.5117232, 0.5090795, 0.51018465, 0.5021009, 0.50096613, 0.49955598, 0.5096984, 0.51154333, 0.50224954, 0.5005597, 0.5012238, 0.50024027, 0.5013468, 0.50193864, 0.5036598, 0.5004814, 0.51123065, 0.5010899, 0.50171554, 0.5106902, 0.5090441, 0.50796264, 0.50028104, 0.5001212, 0.49991584, 0.51218, 0.5098569, 0.49922657, 0.5001723, 0.49957907, 0.5028786, 0.5017762, 0.50053537, 0.49937886, 0.49965882, 0.5007586, 0.500718, 0.49989602, 0.50294626, 0.50054014, 0.50142395, 0.50565934, 0.51254916, 0.51361644, 0.5007117, 0.5106291, 0.5051462, 0.501784, 0.5020727, 0.51045567, 0.52053154, 0.51766026, 0.5203997, 0.5169894, 0.5167917, 0.5165433, 0.5207135, 0.5205447, 0.5199831, 0.5204962, 0.519284, 0.5182491, 0.5195526, 0.5173069, 0.5166177, 0.5170252, 0.52080196, 0.51853526, 0.51986986, 0.5198703, 0.5213585, 0.5194862, 0.5194653, 0.5203044, 0.51792854, 0.52003926, 0.5206746, 0.51954925, 0.5171873, 0.52044505, 0.5179597, 0.5161889, 0.52021337, 0.5166883, 0.5186792, 0.5193616, 0.51881146, 0.5204927, 0.5178889, 0.52234864, 0.5180745, 0.5173799, 0.51739615, 0.52181023, 0.5205797, 0.5171773, 0.5189086, 0.5192399, 0.5191129, 0.5144818, 0.5200235, 0.5177222, 0.51780975, 0.5187962, 0.5196346, 0.520483, 0.5208211, 0.51676136, 0.5195886, 0.5187309, 0.5194402, 0.52240235, 0.51952565, 0.5189632, 0.52007276, 0.5185689, 0.5192925, 0.51852524, 0.519869, 0.52380735, 0.5188444, 0.5175951, 0.518657, 0.52068245, 0.517597, 0.5178258, 0.52125794, 0.52093476, 0.5183871, 0.5201888, 0.51952654, 0.5197081, 0.5167128, 0.51799166, 0.5197792, 0.5162454, 0.5209439, 0.5171506, 0.5168337, 0.52072835, 0.52146304, 0.5190648, 0.51981676, 0.5177785, 0.5209587, 0.5181592, 0.52210057, 0.5183649, 0.5198995, 0.5193903, 0.5172907, 0.51817685, 0.5200354, 0.518971, 0.52075344, 0.5197531, 0.5184373, 0.52064055, 0.5189446, 0.5194915, 0.5210593, 0.51844525, 0.52005035, 0.5202632, 0.5190361, 0.5223116, 0.52112216, 0.5214293, 0.52139163, 0.519693, 0.51978344, 0.5211664, 0.52382165, 0.5170977, 0.5165518, 0.5221964, 0.5185586, 0.5177834, 0.51745504, 0.52157456, 0.51898354, 0.51924455, 0.521465, 0.51931983, 0.51906127, 0.5193274, 0.5184264, 0.5213724, 0.52261436, 0.519604, 0.51730067, 0.51959765, 0.51847136]
[0.50193375, 0.50111073, 0.50023824, 0.50105494, 0.5013114, 0.5016285, 0.5046552, 0.50326616, 0.5029746, 0.5050767, 0.50373036, 0.50118953, 0.5017642, 0.50637966, 0.50143236, 0.5008889, 0.5086729, 0.5003104, 0.5040523, 0.5082671, 0.5089182, 0.5038744, 0.50157005, 0.50119907, 0.50226367, 0.5031166, 0.5013042, 0.50340456, 0.5026382, 0.5058525, 0.50562376, 0.50104886, 0.5026321, 0.50082946, 0.50599986, 0.5064891, 0.50456154, 0.50213176, 0.5031868, 0.50287527, 0.50522596, 0.50070953, 0.5032984, 0.5003628, 0.50425136, 0.5055367, 0.5056485, 0.5029926, 0.50115484, 0.5012796, 0.50061756, 0.5015207, 0.5018486, 0.5046451, 0.5049708, 0.5012385, 0.50360715, 0.5023086, 0.501724, 0.5027351, 0.50254905, 0.5023305, 0.5069031, 0.50140226, 0.5039339, 0.5006194, 0.5017325, 0.5050428, 0.5050116, 0.5014347, 0.5107584, 0.5029808, 0.50268954, 0.5068409, 0.5039851, 0.50329185, 0.50344795, 0.5042424, 0.5017678, 0.5018379, 0.50134885, 0.5018806, 0.50156623, 0.50321865, 0.5020228, 0.5095779, 0.5077951, 0.5084237, 0.5015903, 0.501063, 0.50164205, 0.5076756, 0.5089292, 0.50193435, 0.5003624, 0.5001474, 0.50017875, 0.5036599, 0.50453186, 0.5013906, 0.5004416, 0.5085853, 0.50316954, 0.5036835, 0.508061, 0.5075122, 0.50592184, 0.5002695, 0.5017132, 0.50093424, 0.5097894, 0.50768554, 0.5012459, 0.5027468, 0.5017559, 0.5005141, 0.5016294, 0.5011701, 0.5003466, 0.5003005, 0.50032943, 0.50271565, 0.5010188, 0.50173914, 0.5022784, 0.500198, 0.5022766, 0.5095619, 0.51176226, 0.50284356, 0.50888014, 0.5026738, 0.5002388, 0.5007112, 0.50895214, 0.5166495, 0.51475996, 0.5172334, 0.5140192, 0.5139511, 0.5143023, 0.5175718, 0.51690567, 0.51730716, 0.5174793, 0.5165923, 0.5156169, 0.51630974, 0.5145691, 0.5144626, 0.51524955, 0.5174022, 0.5154061, 0.51576257, 0.51663345, 0.5175766, 0.51629674, 0.5166513, 0.51708984, 0.5155283, 0.51724946, 0.51779, 0.5161853, 0.5143553, 0.5175012, 0.51532036, 0.5139785, 0.5169634, 0.51421106, 0.5159946, 0.51673144, 0.5155451, 0.5173651, 0.5158357, 0.51877505, 0.51535976, 0.51465976, 0.514794, 0.5185009, 0.51714224, 0.5147385, 0.51620764, 0.5165686, 0.51675785, 0.5120095, 0.5169893, 0.51561046, 0.51499665, 0.51579374, 0.5164518, 0.5171216, 0.51745474, 0.5150055, 0.5168703, 0.515221, 0.5163572, 0.5190508, 0.5164914, 0.5160981, 0.5166243, 0.5160207, 0.51680505, 0.5156722, 0.51710534, 0.5201008, 0.51600796, 0.51454306, 0.5158053, 0.5175428, 0.5149101, 0.5151078, 0.5180519, 0.5177285, 0.5152466, 0.5169772, 0.5167004, 0.5170124, 0.5141931, 0.51549774, 0.51692295, 0.51346767, 0.5177028, 0.51406103, 0.5139047, 0.5170343, 0.51803863, 0.51624954, 0.516444, 0.5156319, 0.5180449, 0.5151802, 0.5186919, 0.5150762, 0.51669127, 0.51666796, 0.5146173, 0.51503825, 0.5171562, 0.5165946, 0.51772887, 0.5166354, 0.5157772, 0.5170947, 0.51616675, 0.5162551, 0.51744235, 0.51567817, 0.5169889, 0.516669, 0.5159439, 0.51886606, 0.51821375, 0.51848614, 0.518343, 0.51693004, 0.51666194, 0.5177544, 0.52052426, 0.5140262, 0.51377445, 0.5192342, 0.5160306, 0.51531225, 0.5149442, 0.5182298, 0.5160979, 0.516462, 0.5182985, 0.51622194, 0.5157754, 0.5159151, 0.5156095, 0.51804227, 0.51900184, 0.51677704, 0.5148576, 0.51580364, 0.5161502]
[0.5010061, 0.50170326, 0.50352997, 0.5030969, 0.5006197, 0.5004068, 0.5056761, 0.5023021, 0.5025273, 0.505009, 0.50297797, 0.50174725, 0.5038465, 0.50590605, 0.5016429, 0.5028653, 0.5066888, 0.5020259, 0.50350773, 0.5072337, 0.50753313, 0.50196505, 0.50480396, 0.50365305, 0.50128883, 0.5017549, 0.5017785, 0.50194883, 0.5012913, 0.50538784, 0.5067939, 0.502257, 0.5008468, 0.50205237, 0.5059617, 0.5062743, 0.5031316, 0.50437397, 0.50456816, 0.50074774, 0.50482684, 0.50178415, 0.50519305, 0.5021131, 0.5033671, 0.5050431, 0.50554687, 0.50186425, 0.50264066, 0.50265, 0.50241977, 0.5014999, 0.5012104, 0.5044235, 0.50429624, 0.5008625, 0.5032691, 0.5008089, 0.5011878, 0.50169545, 0.5011975, 0.50418514, 0.5053036, 0.501812, 0.5047116, 0.5014035, 0.5037684, 0.50407195, 0.5042549, 0.5016431, 0.50810605, 0.5045073, 0.5043981, 0.5058643, 0.50422597, 0.5048487, 0.505341, 0.50572443, 0.50122786, 0.5012163, 0.5017631, 0.5029939, 0.5007834, 0.50286466, 0.5011034, 0.5075338, 0.50678253, 0.50698024, 0.50425094, 0.50322455, 0.50214225, 0.50685173, 0.507529, 0.503496, 0.50303954, 0.50318503, 0.5019258, 0.5033023, 0.5038982, 0.50295043, 0.5026633, 0.50726926, 0.5013407, 0.5024902, 0.50715536, 0.5066795, 0.5055648, 0.50233513, 0.5009138, 0.5014813, 0.5078533, 0.5067807, 0.5019756, 0.50173444, 0.5016073, 0.50323075, 0.5037023, 0.5030195, 0.5017887, 0.5020477, 0.5021946, 0.5021354, 0.50123596, 0.50282115, 0.50173527, 0.50218517, 0.5040038, 0.50737846, 0.5082951, 0.50209886, 0.50697464, 0.50481766, 0.5031878, 0.503792, 0.50744605, 0.51187164, 0.5106628, 0.51202774, 0.5099898, 0.5100511, 0.510126, 0.5120072, 0.51208466, 0.51180744, 0.5121032, 0.5113004, 0.51057416, 0.511081, 0.5098807, 0.5105089, 0.5108752, 0.5119578, 0.51054716, 0.5113355, 0.51166946, 0.5123615, 0.51152277, 0.5115971, 0.51164323, 0.5109286, 0.5117355, 0.5121582, 0.511646, 0.5107255, 0.51167834, 0.5104319, 0.5098895, 0.51157296, 0.50947446, 0.5110984, 0.5118905, 0.5111262, 0.51164, 0.5112835, 0.5128599, 0.511119, 0.5098424, 0.51002085, 0.51255286, 0.51246375, 0.51127064, 0.51169056, 0.5116181, 0.5118494, 0.50852126, 0.5117666, 0.5109041, 0.5106938, 0.5110749, 0.51102114, 0.5119229, 0.5120608, 0.51061743, 0.5121595, 0.5111123, 0.51160884, 0.512992, 0.51189214, 0.51171774, 0.5115605, 0.5114344, 0.5120942, 0.5105905, 0.51183176, 0.5135508, 0.5111674, 0.5105194, 0.51148355, 0.5123765, 0.510624, 0.5104592, 0.512508, 0.5122525, 0.510683, 0.51169854, 0.511598, 0.5119585, 0.5097032, 0.5111878, 0.51205593, 0.5090053, 0.5120714, 0.51033795, 0.5103715, 0.51166934, 0.51275736, 0.5109586, 0.5111467, 0.51097167, 0.5128479, 0.5108837, 0.5126762, 0.5105321, 0.51155514, 0.51153296, 0.5100672, 0.5104949, 0.5120882, 0.5112179, 0.5122943, 0.5119914, 0.51138866, 0.5120379, 0.51102674, 0.5116646, 0.512468, 0.51102674, 0.5118785, 0.5114646, 0.51145357, 0.51328415, 0.5124896, 0.5126735, 0.51260257, 0.5114478, 0.5116568, 0.51230985, 0.513597, 0.5102089, 0.50969195, 0.51291126, 0.5109669, 0.51040214, 0.51012075, 0.5126453, 0.5117297, 0.5119727, 0.5127592, 0.5109794, 0.5115365, 0.5115618, 0.51149875, 0.51250833, 0.5131408, 0.5111636, 0.51094085, 0.51127297, 0.5113548]
[0.501089, 0.5014301, 0.5000874, 0.5002375, 0.5015076, 0.50166214, 0.50648427, 0.50276065, 0.5024008, 0.50483435, 0.5035023, 0.5015329, 0.4998349, 0.5083546, 0.5013273, 0.5002218, 0.5099091, 0.5008342, 0.5034363, 0.51149464, 0.5113856, 0.5032201, 0.5030323, 0.50326574, 0.5023736, 0.50296724, 0.5000424, 0.50310755, 0.5025937, 0.5052161, 0.50876033, 0.50032926, 0.5022832, 0.5006904, 0.50720423, 0.5090129, 0.50400734, 0.5054536, 0.50542676, 0.5030312, 0.50466853, 0.50090635, 0.5040385, 0.50055283, 0.5044309, 0.5054014, 0.5059083, 0.5035639, 0.5004063, 0.5003684, 0.5002272, 0.5012506, 0.50132555, 0.5045416, 0.5047064, 0.50225383, 0.5039172, 0.50196946, 0.5013974, 0.5026706, 0.50216126, 0.5054984, 0.5092892, 0.5014328, 0.5044055, 0.5016758, 0.5004566, 0.50421214, 0.50463825, 0.50163496, 0.51387244, 0.5028412, 0.50518394, 0.5094533, 0.50350285, 0.50406414, 0.5049324, 0.5062923, 0.50099564, 0.50087136, 0.5005997, 0.5033535, 0.50117886, 0.50298274, 0.50205153, 0.51207423, 0.5098053, 0.5107414, 0.50075954, 0.50009847, 0.5016481, 0.51047385, 0.51204044, 0.5021071, 0.5006886, 0.4999144, 0.5003078, 0.503329, 0.50399834, 0.50117266, 0.5004711, 0.5112267, 0.5020972, 0.50341934, 0.51086295, 0.510984, 0.5085451, 0.5006647, 0.5018142, 0.50011253, 0.5126543, 0.5105645, 0.5005118, 0.5022525, 0.5006075, 0.5001509, 0.5024208, 0.50137913, 0.500378, 0.49980518, 0.50010765, 0.5026912, 0.5012866, 0.50105727, 0.5020917, 0.501161, 0.50110763, 0.5113081, 0.5143156, 0.5030988, 0.5108703, 0.50673413, 0.50282645, 0.5000787, 0.5110075, 0.5192121, 0.517992, 0.51975757, 0.5168585, 0.51669407, 0.51680726, 0.5197521, 0.5197521, 0.5193206, 0.5198651, 0.51927114, 0.51777965, 0.5185732, 0.51665324, 0.51717037, 0.5176334, 0.51924264, 0.5178498, 0.51835304, 0.51889527, 0.52007586, 0.518806, 0.51912117, 0.5192458, 0.51849514, 0.5191139, 0.5200014, 0.5190335, 0.51673466, 0.5192331, 0.51756763, 0.5165438, 0.519532, 0.51694673, 0.51810193, 0.51863843, 0.51743406, 0.5200309, 0.51846397, 0.5210044, 0.5177425, 0.51676995, 0.5171745, 0.5205577, 0.5195282, 0.51710105, 0.51805097, 0.51847035, 0.5187, 0.5143148, 0.5190022, 0.51799923, 0.5174135, 0.5183139, 0.51878905, 0.5197136, 0.5194773, 0.51645565, 0.5190034, 0.5181212, 0.51902443, 0.5209198, 0.51890194, 0.5187239, 0.5187189, 0.5183751, 0.51903, 0.51758057, 0.5194146, 0.5225728, 0.51847345, 0.5173498, 0.51848197, 0.52007824, 0.5173272, 0.5173561, 0.5207135, 0.5198628, 0.5174406, 0.51928985, 0.51903284, 0.519161, 0.51600665, 0.5185589, 0.5192633, 0.5153097, 0.519658, 0.51745224, 0.5169223, 0.519559, 0.5202622, 0.5180056, 0.5188842, 0.51807976, 0.52042, 0.5176775, 0.5209097, 0.5178662, 0.51934683, 0.5194751, 0.51733637, 0.5167825, 0.5193376, 0.51863843, 0.5201288, 0.51907575, 0.5182173, 0.5194389, 0.5183408, 0.51851135, 0.51976746, 0.51783115, 0.51889366, 0.5185613, 0.5183416, 0.52108246, 0.52017343, 0.52079725, 0.5203123, 0.51889884, 0.51956767, 0.5202218, 0.522593, 0.5167922, 0.51566845, 0.52090955, 0.51783454, 0.51753765, 0.5169699, 0.52004254, 0.5180148, 0.51903963, 0.52033997, 0.5183721, 0.518617, 0.51829123, 0.51864487, 0.52071357, 0.5218316, 0.5191909, 0.5171103, 0.51802295, 0.5184945]
[0.50261706, 0.50212187, 0.5027953, 0.50372, 0.50083876, 0.5012713, 0.50723207, 0.5024634, 0.5027923, 0.50455123, 0.5022727, 0.5018561, 0.50521755, 0.50851667, 0.5012198, 0.5019255, 0.5090808, 0.50229937, 0.50372607, 0.50991845, 0.5100609, 0.5024611, 0.50552607, 0.50269395, 0.50137633, 0.5017964, 0.5034176, 0.50235194, 0.5008537, 0.50594693, 0.5087857, 0.50357246, 0.50121725, 0.50312006, 0.50800616, 0.5084089, 0.50352293, 0.5065582, 0.50693154, 0.5021673, 0.5052411, 0.50197023, 0.50636816, 0.5014153, 0.50582856, 0.5069306, 0.50746137, 0.5039163, 0.50454545, 0.504018, 0.5039967, 0.5014923, 0.5014794, 0.5048017, 0.5049451, 0.5015762, 0.50384456, 0.50094736, 0.5009228, 0.5022583, 0.50093126, 0.50790924, 0.5084138, 0.50143975, 0.50729525, 0.50117314, 0.50487846, 0.5036564, 0.5045442, 0.5014358, 0.51198286, 0.5061682, 0.5068204, 0.5085542, 0.5064241, 0.5069092, 0.5067407, 0.50794464, 0.5017936, 0.5024841, 0.5018944, 0.5079817, 0.5036346, 0.5007151, 0.5023905, 0.51066333, 0.50896823, 0.5092469, 0.5048747, 0.5037781, 0.50104, 0.5091773, 0.51027197, 0.5052078, 0.50344735, 0.50240475, 0.503974, 0.5024557, 0.50381774, 0.50638497, 0.50432676, 0.5092379, 0.50120723, 0.5029647, 0.5101243, 0.5093676, 0.5083656, 0.5027483, 0.50200003, 0.5037672, 0.50971377, 0.5080754, 0.5012799, 0.5027878, 0.5017088, 0.50169194, 0.5058921, 0.50500953, 0.50384533, 0.503963, 0.5041595, 0.5023925, 0.5009423, 0.50395066, 0.50135785, 0.5029162, 0.5055044, 0.51023346, 0.5116583, 0.50183594, 0.5093209, 0.5069185, 0.5049188, 0.50407624, 0.509808, 0.5160934, 0.51508707, 0.5161097, 0.5139785, 0.5137836, 0.5139837, 0.51574874, 0.51560324, 0.51614, 0.516324, 0.5157622, 0.51500934, 0.5155453, 0.51351523, 0.5144844, 0.51517767, 0.51598597, 0.5149139, 0.51554656, 0.5160523, 0.5167326, 0.51552135, 0.51562816, 0.51594985, 0.5152521, 0.5158649, 0.516411, 0.51518875, 0.51403195, 0.51613164, 0.5147065, 0.5140188, 0.5165188, 0.51464385, 0.5154002, 0.51609355, 0.5148995, 0.5167324, 0.5151892, 0.51737297, 0.5147069, 0.51426333, 0.5146622, 0.5168858, 0.51618195, 0.51432216, 0.5147227, 0.5154898, 0.51553726, 0.5129452, 0.5162336, 0.5152258, 0.5146394, 0.5153757, 0.51571125, 0.5165671, 0.5160096, 0.5142841, 0.51601744, 0.51542675, 0.51518416, 0.5174673, 0.515823, 0.51561886, 0.5154489, 0.5148424, 0.515941, 0.51550597, 0.51660806, 0.5187032, 0.5150625, 0.5141047, 0.51467025, 0.51673764, 0.51432765, 0.5145912, 0.5170659, 0.5163785, 0.51484364, 0.5161285, 0.5161075, 0.51586086, 0.51339805, 0.51551807, 0.5157706, 0.51318115, 0.51656085, 0.514313, 0.5143603, 0.51646984, 0.5165003, 0.5152381, 0.5157056, 0.51534134, 0.51724887, 0.5147353, 0.5174793, 0.51479876, 0.5158958, 0.5162952, 0.5144706, 0.5143515, 0.5163219, 0.51545554, 0.5165843, 0.5159434, 0.51524717, 0.5160086, 0.51533526, 0.51476777, 0.5168304, 0.514878, 0.51514906, 0.5155404, 0.5152905, 0.5175491, 0.5166548, 0.5172073, 0.51653165, 0.51602364, 0.5164154, 0.51701903, 0.5189522, 0.51404124, 0.5132988, 0.5175532, 0.5152664, 0.5144146, 0.51432294, 0.5165955, 0.5150305, 0.515772, 0.51721483, 0.5162541, 0.5152491, 0.51547605, 0.5156066, 0.517164, 0.5182189, 0.51576614, 0.5143102, 0.5147933, 0.51530516]
[0.50149196, 0.50146663, 0.50039136, 0.50099456, 0.5015529, 0.50172853, 0.5047917, 0.5037746, 0.5032038, 0.50690174, 0.50485224, 0.50110394, 0.5018063, 0.50632584, 0.50159925, 0.5004554, 0.50713414, 0.50090796, 0.50488144, 0.50880045, 0.50898916, 0.5044276, 0.50165784, 0.5006277, 0.50244594, 0.5033189, 0.5010789, 0.5036414, 0.5028851, 0.50703067, 0.5062309, 0.5000143, 0.5026551, 0.50039303, 0.5066203, 0.5055652, 0.50522524, 0.50252956, 0.5038743, 0.502647, 0.5063072, 0.50069463, 0.5031382, 0.5004477, 0.5054335, 0.5067226, 0.50716245, 0.5039345, 0.50020045, 0.50011075, 0.50056994, 0.50178826, 0.50207084, 0.5056581, 0.5056798, 0.50192547, 0.50451446, 0.5022527, 0.5018187, 0.50327176, 0.50211245, 0.5024068, 0.50627154, 0.5012207, 0.5038014, 0.50143605, 0.50100744, 0.50594836, 0.5055316, 0.50137705, 0.51064044, 0.5023246, 0.503328, 0.5063822, 0.50308114, 0.5026571, 0.50302494, 0.5046537, 0.5018106, 0.50216424, 0.50133914, 0.5004294, 0.50225633, 0.5046178, 0.50259066, 0.5091014, 0.50698894, 0.5073416, 0.5012715, 0.50044334, 0.50174665, 0.5061262, 0.50891995, 0.5013741, 0.5003705, 0.49991536, 0.50035, 0.5047174, 0.50534004, 0.50127417, 0.50029737, 0.5079177, 0.50315726, 0.5046665, 0.5077314, 0.50711745, 0.5055596, 0.5003004, 0.50271183, 0.50132024, 0.50985324, 0.5073838, 0.5007155, 0.50316495, 0.50139153, 0.5002448, 0.50177974, 0.5004079, 0.50082976, 0.50066835, 0.5010209, 0.50368756, 0.50201005, 0.50150394, 0.50267565, 0.5008493, 0.50152224, 0.508939, 0.5109844, 0.50350386, 0.5081407, 0.5024173, 0.49996328, 0.49984562, 0.5083973, 0.51702005, 0.5144153, 0.5163472, 0.51382333, 0.5131568, 0.5141225, 0.5175892, 0.5171801, 0.5169076, 0.5173706, 0.5160758, 0.5149805, 0.5154467, 0.51404446, 0.5145727, 0.5142823, 0.51684636, 0.51529723, 0.5159761, 0.5163836, 0.51746947, 0.5160684, 0.516242, 0.51706886, 0.5151764, 0.5166426, 0.5174639, 0.5163783, 0.5140777, 0.51697224, 0.5147838, 0.51295584, 0.5165539, 0.5136837, 0.5155966, 0.5162766, 0.5156002, 0.5172676, 0.5153246, 0.5185841, 0.51488996, 0.51454, 0.5144907, 0.5186801, 0.51776403, 0.51464, 0.5161775, 0.51648253, 0.51659566, 0.5108139, 0.51680493, 0.51533544, 0.51480466, 0.5153038, 0.5157003, 0.51658416, 0.5166392, 0.5139113, 0.5163688, 0.5156296, 0.5160919, 0.51864946, 0.5161184, 0.5156326, 0.5166645, 0.51564664, 0.51661545, 0.5147977, 0.51677525, 0.519571, 0.51545787, 0.5145206, 0.5163597, 0.51722383, 0.5143694, 0.51412636, 0.51792634, 0.51728666, 0.51502323, 0.5163784, 0.5155678, 0.51606965, 0.51402086, 0.51534665, 0.51640606, 0.51242775, 0.5172813, 0.5142265, 0.51354104, 0.51718295, 0.5182035, 0.5152227, 0.5163299, 0.51496774, 0.5179435, 0.5149462, 0.51843005, 0.5150719, 0.5160741, 0.51625097, 0.5144402, 0.51460457, 0.5166563, 0.5157462, 0.5175248, 0.5161914, 0.5151375, 0.51677114, 0.5161756, 0.5160985, 0.5171821, 0.515397, 0.5166122, 0.5165045, 0.5161456, 0.51883036, 0.5177138, 0.5180826, 0.5180037, 0.5161222, 0.51617885, 0.5178647, 0.5198405, 0.5139467, 0.51312643, 0.51864463, 0.5151249, 0.5141122, 0.51368695, 0.5175127, 0.51577765, 0.5161851, 0.517479, 0.5152007, 0.5157352, 0.5159627, 0.51553065, 0.518075, 0.51904356, 0.51654917, 0.5139358, 0.51599646, 0.5159635]
[0.5014325, 0.5028061, 0.5033311, 0.50367445, 0.5008069, 0.5008791, 0.5060863, 0.4997062, 0.49933445, 0.5003913, 0.49979928, 0.5015484, 0.5037714, 0.5077571, 0.50165635, 0.5032263, 0.50909656, 0.50295776, 0.49978915, 0.5090739, 0.50939304, 0.49952647, 0.5054927, 0.5052732, 0.5001706, 0.49944463, 0.50194675, 0.4995486, 0.5004338, 0.50036514, 0.5070671, 0.50295526, 0.5006716, 0.50304294, 0.5084373, 0.5083903, 0.49979708, 0.5058063, 0.50612336, 0.499615, 0.50019825, 0.50197625, 0.5056293, 0.50358677, 0.4996919, 0.50028574, 0.50053895, 0.49943522, 0.5039888, 0.5040509, 0.5032395, 0.50083375, 0.5006062, 0.5000402, 0.5000592, 0.50082344, 0.49979064, 0.50080466, 0.5012302, 0.5003966, 0.49937707, 0.50533146, 0.5075224, 0.5015518, 0.50579304, 0.5017726, 0.5041611, 0.5000798, 0.50031555, 0.5012879, 0.51146376, 0.5058517, 0.50499266, 0.5077363, 0.5061887, 0.5054864, 0.505499, 0.5072733, 0.501256, 0.50193954, 0.5020504, 0.5044947, 0.5008036, 0.499437, 0.5007492, 0.5103681, 0.50781965, 0.50872445, 0.50413257, 0.5030892, 0.5019821, 0.50924754, 0.50981754, 0.504524, 0.5021385, 0.5039398, 0.5034915, 0.49964452, 0.4999138, 0.5033439, 0.5031614, 0.5099299, 0.49943843, 0.499415, 0.50933135, 0.50887424, 0.5072477, 0.50298136, 0.5011017, 0.50277925, 0.5105501, 0.5086912, 0.5025372, 0.49937397, 0.5005343, 0.50314045, 0.5041207, 0.50353324, 0.50201195, 0.5024989, 0.50315905, 0.5000311, 0.50144196, 0.50374067, 0.499342, 0.5023142, 0.505028, 0.51016873, 0.51245326, 0.49975723, 0.50990033, 0.5055674, 0.5034504, 0.50322515, 0.5086377, 0.51769733, 0.5155823, 0.51802343, 0.5148082, 0.51453143, 0.5143372, 0.51776, 0.5175304, 0.5178883, 0.5184478, 0.51753855, 0.5159542, 0.516821, 0.51489455, 0.5158084, 0.51553214, 0.5175798, 0.5157817, 0.5165745, 0.5174292, 0.51847017, 0.5166818, 0.5172465, 0.5180059, 0.5166723, 0.51694643, 0.5181613, 0.51705325, 0.51474154, 0.51758295, 0.5155653, 0.51409495, 0.51731825, 0.51519644, 0.5163356, 0.51683486, 0.51632583, 0.518261, 0.5165238, 0.5197185, 0.51610386, 0.5150292, 0.5152533, 0.51872003, 0.51782495, 0.51519746, 0.51658356, 0.5168536, 0.5171297, 0.5121241, 0.5172392, 0.51594824, 0.5155355, 0.51646906, 0.51693934, 0.5176136, 0.5182084, 0.51512873, 0.51772535, 0.5161707, 0.5171331, 0.5195151, 0.5175075, 0.51686466, 0.5168222, 0.51630586, 0.5172141, 0.5157111, 0.5174139, 0.5212011, 0.51654977, 0.5152409, 0.51653254, 0.51851815, 0.5155152, 0.5158466, 0.5190607, 0.51861453, 0.5163397, 0.51779866, 0.5173531, 0.5177141, 0.5142531, 0.51624256, 0.5177428, 0.5142204, 0.5182351, 0.5139909, 0.51522267, 0.51814824, 0.51869667, 0.51644206, 0.51722974, 0.51603425, 0.5186969, 0.51581943, 0.51927114, 0.51591414, 0.5171196, 0.5171583, 0.51540124, 0.51525056, 0.5174981, 0.51649886, 0.5188494, 0.5180248, 0.51714224, 0.5178874, 0.51673996, 0.51713055, 0.5177808, 0.51604044, 0.51768124, 0.5173822, 0.51643044, 0.5196698, 0.51884675, 0.51872045, 0.5191609, 0.5173117, 0.5174706, 0.5184896, 0.52135307, 0.51505506, 0.5140784, 0.5195825, 0.51642275, 0.5153748, 0.51541895, 0.5187137, 0.5161086, 0.5167821, 0.5195325, 0.51675296, 0.5171154, 0.5170958, 0.51667315, 0.5187378, 0.52017176, 0.51697165, 0.5152933, 0.5170277, 0.5163404]
[0.50108373, 0.5030402, 0.50643504, 0.5063633, 0.5017651, 0.5013245, 0.5088995, 0.5006492, 0.5006247, 0.5038858, 0.502432, 0.50346553, 0.50597423, 0.5088682, 0.50286543, 0.505215, 0.510331, 0.50474334, 0.501786, 0.5107037, 0.5105807, 0.50153846, 0.5076272, 0.5062854, 0.50248015, 0.501123, 0.5031117, 0.5011194, 0.50145537, 0.5034986, 0.5100186, 0.50492465, 0.5019435, 0.50453913, 0.5094476, 0.50985485, 0.5024176, 0.5076579, 0.5085291, 0.50226027, 0.5028065, 0.5045796, 0.5083535, 0.50474083, 0.50135535, 0.502779, 0.50324595, 0.50232124, 0.50548893, 0.50545144, 0.50499153, 0.5025015, 0.5027879, 0.50264764, 0.50258577, 0.5022439, 0.50168276, 0.5026228, 0.5022743, 0.50134903, 0.5010556, 0.507722, 0.50891733, 0.50288695, 0.5077978, 0.50288165, 0.50702494, 0.5026811, 0.5030372, 0.50311047, 0.5114809, 0.50772446, 0.5076954, 0.50939035, 0.5081181, 0.50850785, 0.50830203, 0.50906473, 0.50276464, 0.50238085, 0.5043618, 0.50511414, 0.50068885, 0.50167817, 0.5010873, 0.5109975, 0.5098632, 0.5098899, 0.5066791, 0.50567806, 0.5040839, 0.51004994, 0.5108581, 0.5060369, 0.5044507, 0.50646764, 0.50422835, 0.5018813, 0.50190973, 0.50678086, 0.504995, 0.5104713, 0.50066614, 0.5015628, 0.51022625, 0.5100437, 0.5092314, 0.5052175, 0.5025167, 0.5030558, 0.5113592, 0.5103589, 0.5049305, 0.50216186, 0.50515246, 0.507269, 0.5072112, 0.50638646, 0.5042017, 0.5048355, 0.50548023, 0.50061345, 0.5024905, 0.5065885, 0.5012962, 0.5051047, 0.5075417, 0.5109267, 0.5119836, 0.50120735, 0.510525, 0.50856304, 0.507681, 0.5071691, 0.5109908, 0.5160686, 0.5139162, 0.51573616, 0.51355463, 0.51348674, 0.5138899, 0.5163075, 0.5161942, 0.5156469, 0.51616573, 0.5153191, 0.5143026, 0.51495045, 0.5136687, 0.51406133, 0.51430637, 0.5157748, 0.51456743, 0.5148283, 0.51526153, 0.51597506, 0.51526624, 0.5156958, 0.5157807, 0.5144562, 0.5156415, 0.5161443, 0.5156027, 0.5143394, 0.51575416, 0.5142991, 0.5130601, 0.5155466, 0.5130971, 0.5148433, 0.51544017, 0.5150976, 0.51566356, 0.514906, 0.5166763, 0.5149578, 0.5133206, 0.5133203, 0.51688963, 0.5165192, 0.5147892, 0.51568276, 0.5155618, 0.5156872, 0.51151276, 0.5159642, 0.5145428, 0.5142669, 0.5147344, 0.5147048, 0.5155603, 0.5159261, 0.51438576, 0.5157484, 0.51477087, 0.5155103, 0.51690274, 0.51544434, 0.51531285, 0.5158496, 0.51531297, 0.51609504, 0.5143016, 0.51583886, 0.5177969, 0.5148719, 0.5140388, 0.5154111, 0.51615846, 0.5143986, 0.51425254, 0.51635504, 0.516155, 0.51468, 0.515583, 0.5151658, 0.51568997, 0.51348937, 0.5147672, 0.51575583, 0.51268375, 0.5159831, 0.5138849, 0.5136718, 0.5157099, 0.5168387, 0.51489764, 0.5150524, 0.51463974, 0.516488, 0.5145825, 0.51673985, 0.5145605, 0.5153071, 0.51503783, 0.51379246, 0.5141681, 0.51586306, 0.5148967, 0.51614255, 0.51566523, 0.51534367, 0.51586455, 0.5147978, 0.5160686, 0.51651263, 0.5150716, 0.5159129, 0.5156582, 0.51515335, 0.5171797, 0.5165389, 0.51672447, 0.5167821, 0.5153552, 0.51546866, 0.5163348, 0.51785856, 0.5139564, 0.51352686, 0.51695645, 0.51487565, 0.51413816, 0.51372236, 0.5166184, 0.5156343, 0.5157273, 0.5165902, 0.51500636, 0.5152897, 0.51561815, 0.5150668, 0.5166663, 0.517108, 0.5152575, 0.5143387, 0.51542217, 0.5155643]
[0.5009895, 0.5011445, 0.5005342, 0.50051904, 0.5017783, 0.5017128, 0.5039505, 0.50319636, 0.5036269, 0.5056293, 0.5040578, 0.50160515, 0.50216955, 0.50476295, 0.5014594, 0.5007403, 0.5053622, 0.5017332, 0.5046254, 0.50693667, 0.50698274, 0.5033335, 0.5022241, 0.5016794, 0.5028254, 0.5031051, 0.5003853, 0.50328034, 0.5028452, 0.5060552, 0.50553304, 0.5008398, 0.5029615, 0.5010478, 0.50390625, 0.5043109, 0.504889, 0.5036721, 0.5024047, 0.5032788, 0.5056269, 0.5015076, 0.502137, 0.5012547, 0.5055172, 0.5065089, 0.5071162, 0.50477755, 0.50083745, 0.50090027, 0.50044984, 0.5013865, 0.5017602, 0.5052993, 0.5058392, 0.5021333, 0.5043505, 0.5025862, 0.50256896, 0.5036343, 0.50292665, 0.50357807, 0.5042297, 0.5015084, 0.5034606, 0.50228035, 0.5008742, 0.50473803, 0.5049476, 0.50136054, 0.50879484, 0.50217974, 0.50311255, 0.5047223, 0.50175047, 0.5034312, 0.5032262, 0.50452113, 0.50157106, 0.50196815, 0.5015751, 0.5033296, 0.5005824, 0.50335634, 0.50119907, 0.5072685, 0.5058391, 0.5061693, 0.5015423, 0.5006986, 0.5014376, 0.5046009, 0.50726306, 0.50152117, 0.5005865, 0.50048447, 0.50059974, 0.5036982, 0.50490886, 0.5014611, 0.5003226, 0.5061615, 0.5025353, 0.50391275, 0.50708437, 0.5056087, 0.50405896, 0.500903, 0.5023006, 0.501042, 0.5068336, 0.5048302, 0.50271624, 0.50390244, 0.5028266, 0.50128907, 0.5017483, 0.5008022, 0.50092965, 0.50077057, 0.5007133, 0.50337094, 0.50305736, 0.5011087, 0.50296605, 0.500917, 0.5017892, 0.50640774, 0.5082093, 0.50256777, 0.5060002, 0.5038202, 0.50152534, 0.50115883, 0.5060078, 0.513048, 0.51153654, 0.51297307, 0.5108834, 0.51057005, 0.5107907, 0.51267886, 0.51244116, 0.5129442, 0.5129929, 0.5123521, 0.5115429, 0.5120806, 0.51062673, 0.5113786, 0.511824, 0.51289105, 0.51182944, 0.5126201, 0.5127223, 0.5136558, 0.5121529, 0.5125077, 0.51303947, 0.5121135, 0.51282305, 0.51327085, 0.512357, 0.5109277, 0.5129546, 0.51141566, 0.5105508, 0.51272, 0.51088095, 0.5118292, 0.5126631, 0.5118256, 0.5135219, 0.51191443, 0.51410073, 0.5118403, 0.51123774, 0.51143515, 0.5138869, 0.5135831, 0.51128817, 0.5116191, 0.5120029, 0.51216495, 0.5091748, 0.5125218, 0.51198834, 0.51143694, 0.512025, 0.5125126, 0.51334196, 0.5127001, 0.51109993, 0.51293224, 0.5121465, 0.5118909, 0.5142372, 0.51280785, 0.5126371, 0.5124213, 0.5120759, 0.5127235, 0.511585, 0.5126039, 0.5151088, 0.51202005, 0.51094824, 0.51168114, 0.5132972, 0.51085323, 0.5114039, 0.51378846, 0.51322955, 0.5115748, 0.5125371, 0.51262647, 0.5127023, 0.51038355, 0.5121021, 0.5129879, 0.50990653, 0.5134053, 0.5112841, 0.5111866, 0.51298803, 0.51327395, 0.51200324, 0.5122917, 0.51228046, 0.5136884, 0.51125103, 0.5140504, 0.51165384, 0.512819, 0.5127647, 0.5109685, 0.5109673, 0.51289004, 0.5118877, 0.51340324, 0.5125239, 0.5118644, 0.51282936, 0.51235026, 0.5121032, 0.5133032, 0.51157916, 0.5119565, 0.51236653, 0.51218766, 0.5141435, 0.51359016, 0.5139208, 0.51351386, 0.5127464, 0.51299036, 0.5133859, 0.5151524, 0.5109596, 0.51013607, 0.5140069, 0.5120993, 0.5112754, 0.5108794, 0.5133241, 0.51209056, 0.5123166, 0.51371443, 0.5120796, 0.5121668, 0.512238, 0.51251936, 0.5135492, 0.51495403, 0.5122853, 0.5111308, 0.51166356, 0.51200104]
[0.5016016, 0.5026578, 0.5051885, 0.5032239, 0.5001687, 0.49953604, 0.50733227, 0.5003566, 0.5004686, 0.50181156, 0.50021654, 0.50148696, 0.50659436, 0.5094243, 0.501357, 0.50215167, 0.50981575, 0.50321287, 0.5002449, 0.5100883, 0.51036644, 0.5000499, 0.5049856, 0.5052964, 0.5006397, 0.5014867, 0.5046492, 0.49975193, 0.50020695, 0.5022633, 0.50921416, 0.5045285, 0.50103164, 0.5036972, 0.5088672, 0.50909895, 0.5011276, 0.5075973, 0.50663483, 0.49971685, 0.5017076, 0.50361073, 0.5076421, 0.50148666, 0.5016532, 0.5025897, 0.50296694, 0.5000384, 0.50442594, 0.5052223, 0.50379, 0.50104684, 0.50158006, 0.5014865, 0.50194, 0.5008201, 0.5004541, 0.5011323, 0.5018407, 0.499847, 0.50068456, 0.5076673, 0.5085992, 0.501257, 0.50715625, 0.50070363, 0.5055482, 0.50118613, 0.50104636, 0.5040459, 0.51216805, 0.5068278, 0.5083754, 0.5085533, 0.5069482, 0.50733256, 0.5073048, 0.5084974, 0.50361556, 0.50327045, 0.50340635, 0.50711346, 0.5040559, 0.49949834, 0.5028449, 0.510885, 0.5092963, 0.5101056, 0.5051929, 0.50435483, 0.503909, 0.50989896, 0.5102075, 0.5057141, 0.5037377, 0.50371665, 0.5051582, 0.4998228, 0.5003446, 0.5070915, 0.5055141, 0.509464, 0.49966538, 0.5005759, 0.5107628, 0.5096915, 0.5086675, 0.50377697, 0.50211596, 0.50427467, 0.5105338, 0.50877154, 0.5016016, 0.50085473, 0.5019182, 0.5055664, 0.5068511, 0.5058854, 0.5044627, 0.5049485, 0.50423425, 0.49979517, 0.5000793, 0.5048632, 0.5000736, 0.50384706, 0.5062312, 0.5104546, 0.51190543, 0.500072, 0.5099225, 0.508455, 0.5064925, 0.5067859, 0.51106536, 0.51619375, 0.51424116, 0.5166254, 0.51423067, 0.5139334, 0.51429397, 0.516462, 0.516022, 0.5165165, 0.51707834, 0.51647794, 0.5154158, 0.5157672, 0.5135862, 0.51472646, 0.5155788, 0.51678616, 0.51453185, 0.5156333, 0.5164553, 0.5166678, 0.51582444, 0.5155061, 0.51659936, 0.5152416, 0.5166235, 0.5170037, 0.51564246, 0.51525164, 0.5166981, 0.51492786, 0.51384, 0.5163284, 0.5139835, 0.51588315, 0.5164881, 0.51533574, 0.51680356, 0.51532716, 0.5179297, 0.5149524, 0.5138711, 0.5142609, 0.5173356, 0.5161271, 0.51518446, 0.5157017, 0.51607245, 0.5163845, 0.5132677, 0.5167938, 0.5160201, 0.5149655, 0.5158818, 0.5157127, 0.5168175, 0.51613504, 0.51481783, 0.5165376, 0.5159413, 0.51552427, 0.5175721, 0.5158679, 0.515984, 0.5158053, 0.5158217, 0.5167955, 0.51588535, 0.5163316, 0.518568, 0.51563346, 0.5145566, 0.5150846, 0.51691425, 0.5148732, 0.51500434, 0.5171901, 0.5166724, 0.51467943, 0.5165611, 0.51617885, 0.51664823, 0.51389337, 0.51539403, 0.51607186, 0.51337206, 0.51705354, 0.5147968, 0.5147845, 0.51615894, 0.5166494, 0.515457, 0.5156192, 0.5153868, 0.5173586, 0.51528907, 0.5176818, 0.51467234, 0.51579875, 0.5162986, 0.5143293, 0.5145585, 0.5169811, 0.5156141, 0.5170031, 0.5162914, 0.5154565, 0.51655626, 0.5150527, 0.5151175, 0.51764435, 0.5150713, 0.5158713, 0.5160221, 0.5158515, 0.51774764, 0.51661515, 0.5170838, 0.5170338, 0.516102, 0.5163356, 0.51704544, 0.51891917, 0.51430947, 0.51377314, 0.5177603, 0.51537836, 0.5147226, 0.51446235, 0.5168662, 0.51602644, 0.5166869, 0.5174926, 0.5163777, 0.51519066, 0.51598495, 0.51584417, 0.517461, 0.5181467, 0.5157057, 0.5146102, 0.5146562, 0.516378]
