[0.49876863, 0.500454, 0.50066644, 0.49972913, 0.49911162, 0.49840373, 0.49877065, 0.49851337, 0.4988594, 0.5022263, 0.5019715, 0.5018769, 0.50112087, 0.49993682, 0.50445527, 0.49849012, 0.50076836, 0.5017391, 0.51234037, 0.51193607, 0.51344466, 0.5133695, 0.5099882, 0.5093775, 0.50860685, 0.5122564, 0.5112542, 0.5111491, 0.5146254, 0.5121301, 0.5182727, 0.5089315, 0.5162894, 0.519459, 0.49846122, 0.5122357, 0.5135415, 0.5157818, 0.50568056, 0.500487, 0.49928623, 0.50680786, 0.49937385, 0.49980125, 0.50055206, 0.5005516, 0.49968898, 0.5021144, 0.50865155, 0.5044852, 0.5018592, 0.49883643, 0.5144765, 0.49860853, 0.5001337, 0.50059026, 0.49915755, 0.49998927, 0.5000371, 0.5023761, 0.5106332, 0.509793, 0.5022876, 0.51465386, 0.51371276, 0.51445764, 0.5101663, 0.5106864, 0.5186497, 0.5137226, 0.5131014, 0.5125053, 0.5115036, 0.5090606, 0.5167147, 0.5167975, 0.51849604, 0.51352376, 0.5169194, 0.5138972, 0.5167661, 0.51715946, 0.5166631, 0.5160254, 0.5142499, 0.5162772, 0.51369226, 0.5121475, 0.51425445, 0.51779264, 0.51360524, 0.5114722, 0.5176888, 0.515267, 0.5136429, 0.5132581, 0.5166515, 0.51763654, 0.5153374, 0.5198891, 0.51842386, 0.5179492, 0.517874, 0.51838493, 0.5186194, 0.51663315, 0.518239, 0.5180968, 0.5178075, 0.51638794, 0.52000165, 0.51828915, 0.5168556, 0.51648146, 0.50564045, 0.51468664, 0.51696604, 0.51480365, 0.51345956, 0.5109503, 0.5068672, 0.514605, 0.51113236, 0.5158503, 0.51478094, 0.5166586, 0.51469934, 0.51517344, 0.5181124, 0.5137853, 0.51346713, 0.51317734, 0.51116174, 0.5064741, 0.50736886, 0.51117146, 0.5111289, 0.5110574, 0.51144683, 0.5111901, 0.5185147, 0.51287216, 0.51509154, 0.5141615, 0.5113789, 0.5174332, 0.5105178, 0.5087237, 0.51061684, 0.51323766, 0.51365733, 0.511235, 0.516381, 0.51129246, 0.50858414, 0.50894856, 0.49940246, 0.49948442, 0.5117035, 0.5125146, 0.5105646, 0.5156349, 0.514237, 0.5139099, 0.51049143, 0.50903386, 0.518332, 0.5093053, 0.5123284, 0.5085527, 0.5039949, 0.5097049, 0.509582, 0.5171992, 0.5187214, 0.51962364, 0.50575197, 0.50819737, 0.51181585, 0.5177775, 0.5111853, 0.5100917, 0.5120492, 0.51304686, 0.505396, 0.514329, 0.5137667, 0.50429285, 0.51705277, 0.5161569, 0.51422393, 0.51181346, 0.51246506, 0.5156079, 0.5155047, 0.5193635, 0.5091364, 0.51499164, 0.51242125, 0.51333266, 0.51866215, 0.5165123, 0.5180754, 0.5161566, 0.516217, 0.5095122, 0.5194252, 0.5171145, 0.5167857, 0.5202231, 0.51897067, 0.519982, 0.5170413, 0.51857007, 0.51658744, 0.5163767, 0.5160969, 0.51750124, 0.51818895, 0.51808214, 0.5174414, 0.51571846, 0.5031377, 0.5002515, 0.50981706, 0.515442, 0.51453835, 0.5135341, 0.518629, 0.5105797, 0.5103479, 0.51069796, 0.5118357, 0.5129573, 0.510655, 0.5151005, 0.51246226, 0.5102068, 0.5153951, 0.5139606, 0.51406366, 0.51431125, 0.51405966, 0.5115612, 0.5146465, 0.51451254, 0.51297593, 0.51328754, 0.51369876, 0.51467746, 0.5127555, 0.5112509, 0.5157356, 0.5096765, 0.5120013, 0.5095892, 0.49960425, 0.5106135, 0.51503956, 0.5175756, 0.51696765, 0.5032909, 0.5110038, 0.51305515, 0.5114222, 0.51205945, 0.51836693, 0.514103, 0.51151085, 0.5156334, 0.5139564]
[0.49876863, 0.500454, 0.50066644, 0.49972913, 0.49911162, 0.49840373, 0.49877065, 0.49851337, 0.4988594, 0.5022263, 0.5019715, 0.5018769, 0.50112087, 0.49993682, 0.50445527, 0.49849012, 0.50076836, 0.5017391, 0.51234037, 0.51193607, 0.51344466, 0.5133695, 0.5099882, 0.5093775, 0.50860685, 0.5122564, 0.5112542, 0.5111491, 0.5146254, 0.5121301, 0.5182727, 0.5089315, 0.5162894, 0.519459, 0.49846122, 0.5122357, 0.5135415, 0.5157818, 0.50568056, 0.500487, 0.49928623, 0.50680786, 0.49937385, 0.49980125, 0.50055206, 0.5005516, 0.49968898, 0.5021144, 0.50865155, 0.5044852, 0.5018592, 0.49883643, 0.5144765, 0.49860853, 0.5001337, 0.50059026, 0.49915755, 0.49998927, 0.5000371, 0.5023761, 0.5106332, 0.509793, 0.5022876, 0.51465386, 0.51371276, 0.51445764, 0.5101663, 0.5106864, 0.5186497, 0.5137226, 0.5131014, 0.5125053, 0.5115036, 0.5090606, 0.5167147, 0.5167975, 0.51849604, 0.51352376, 0.5169194, 0.5138972, 0.5167661, 0.51715946, 0.5166631, 0.5160254, 0.5142499, 0.5162772, 0.51369226, 0.5121475, 0.51425445, 0.51779264, 0.51360524, 0.5114722, 0.5176888, 0.515267, 0.5136429, 0.5132581, 0.5166515, 0.51763654, 0.5153374, 0.5198891, 0.51842386, 0.5179492, 0.517874, 0.51838493, 0.5186194, 0.51663315, 0.518239, 0.5180968, 0.5178075, 0.51638794, 0.52000165, 0.51828915, 0.5168556, 0.51648146, 0.50564045, 0.51468664, 0.51696604, 0.51480365, 0.51345956, 0.5109503, 0.5068672, 0.514605, 0.51113236, 0.5158503, 0.51478094, 0.5166586, 0.51469934, 0.51517344, 0.5181124, 0.5137853, 0.51346713, 0.51317734, 0.51116174, 0.5064741, 0.50736886, 0.51117146, 0.5111289, 0.5110574, 0.51144683, 0.5111901, 0.5185147, 0.51287216, 0.51509154, 0.5141615, 0.5113789, 0.5174332, 0.5105178, 0.5087237, 0.51061684, 0.51323766, 0.51365733, 0.511235, 0.516381, 0.51129246, 0.50858414, 0.50894856, 0.49940246, 0.49948442, 0.5117035, 0.5125146, 0.5105646, 0.5156349, 0.514237, 0.5139099, 0.51049143, 0.50903386, 0.518332, 0.5093053, 0.5123284, 0.5085527, 0.5039949, 0.5097049, 0.509582, 0.5171992, 0.5187214, 0.51962364, 0.50575197, 0.50819737, 0.51181585, 0.5177775, 0.5111853, 0.5100917, 0.5120492, 0.51304686, 0.505396, 0.514329, 0.5137667, 0.50429285, 0.51705277, 0.5161569, 0.51422393, 0.51181346, 0.51246506, 0.5156079, 0.5155047, 0.5193635, 0.5091364, 0.51499164, 0.51242125, 0.51333266, 0.51866215, 0.5165123, 0.5180754, 0.5161566, 0.516217, 0.5095122, 0.5194252, 0.5171145, 0.5167857, 0.5202231, 0.51897067, 0.519982, 0.5170413, 0.51857007, 0.51658744, 0.5163767, 0.5160969, 0.51750124, 0.51818895, 0.51808214, 0.5174414, 0.51571846, 0.5031377, 0.5002515, 0.50981706, 0.515442, 0.51453835, 0.5135341, 0.518629, 0.5105797, 0.5103479, 0.51069796, 0.5118357, 0.5129573, 0.510655, 0.5151005, 0.51246226, 0.5102068, 0.5153951, 0.5139606, 0.51406366, 0.51431125, 0.51405966, 0.5115612, 0.5146465, 0.51451254, 0.51297593, 0.51328754, 0.51369876, 0.51467746, 0.5127555, 0.5112509, 0.5157356, 0.5096765, 0.5120013, 0.5095892, 0.49960425, 0.5106135, 0.51503956, 0.5175756, 0.51696765, 0.5032909, 0.5110038, 0.51305515, 0.5114222, 0.51205945, 0.51836693, 0.514103, 0.51151085, 0.5156334, 0.5139564]
[0.49876863, 0.500454, 0.50066644, 0.49972913, 0.49911162, 0.49840373, 0.49877065, 0.49851337, 0.4988594, 0.5022263, 0.5019715, 0.5018769, 0.50112087, 0.49993682, 0.50445527, 0.49849012, 0.50076836, 0.5017391, 0.51234037, 0.51193607, 0.51344466, 0.5133695, 0.5099882, 0.5093775, 0.50860685, 0.5122564, 0.5112542, 0.5111491, 0.5146254, 0.5121301, 0.5182727, 0.5089315, 0.5162894, 0.519459, 0.49846122, 0.5122357, 0.5135415, 0.5157818, 0.50568056, 0.500487, 0.49928623, 0.50680786, 0.49937385, 0.49980125, 0.50055206, 0.5005516, 0.49968898, 0.5021144, 0.50865155, 0.5044852, 0.5018592, 0.49883643, 0.5144765, 0.49860853, 0.5001337, 0.50059026, 0.49915755, 0.49998927, 0.5000371, 0.5023761, 0.5106332, 0.509793, 0.5022876, 0.51465386, 0.51371276, 0.51445764, 0.5101663, 0.5106864, 0.5186497, 0.5137226, 0.5131014, 0.5125053, 0.5115036, 0.5090606, 0.5167147, 0.5167975, 0.51849604, 0.51352376, 0.5169194, 0.5138972, 0.5167661, 0.51715946, 0.5166631, 0.5160254, 0.5142499, 0.5162772, 0.51369226, 0.5121475, 0.51425445, 0.51779264, 0.51360524, 0.5114722, 0.5176888, 0.515267, 0.5136429, 0.5132581, 0.5166515, 0.51763654, 0.5153374, 0.5198891, 0.51842386, 0.5179492, 0.517874, 0.51838493, 0.5186194, 0.51663315, 0.518239, 0.5180968, 0.5178075, 0.51638794, 0.52000165, 0.51828915, 0.5168556, 0.51648146, 0.50564045, 0.51468664, 0.51696604, 0.51480365, 0.51345956, 0.5109503, 0.5068672, 0.514605, 0.51113236, 0.5158503, 0.51478094, 0.5166586, 0.51469934, 0.51517344, 0.5181124, 0.5137853, 0.51346713, 0.51317734, 0.51116174, 0.5064741, 0.50736886, 0.51117146, 0.5111289, 0.5110574, 0.51144683, 0.5111901, 0.5185147, 0.51287216, 0.51509154, 0.5141615, 0.5113789, 0.5174332, 0.5105178, 0.5087237, 0.51061684, 0.51323766, 0.51365733, 0.511235, 0.516381, 0.51129246, 0.50858414, 0.50894856, 0.49940246, 0.49948442, 0.5117035, 0.5125146, 0.5105646, 0.5156349, 0.514237, 0.5139099, 0.51049143, 0.50903386, 0.518332, 0.5093053, 0.5123284, 0.5085527, 0.5039949, 0.5097049, 0.509582, 0.5171992, 0.5187214, 0.51962364, 0.50575197, 0.50819737, 0.51181585, 0.5177775, 0.5111853, 0.5100917, 0.5120492, 0.51304686, 0.505396, 0.514329, 0.5137667, 0.50429285, 0.51705277, 0.5161569, 0.51422393, 0.51181346, 0.51246506, 0.5156079, 0.5155047, 0.5193635, 0.5091364, 0.51499164, 0.51242125, 0.51333266, 0.51866215, 0.5165123, 0.5180754, 0.5161566, 0.516217, 0.5095122, 0.5194252, 0.5171145, 0.5167857, 0.5202231, 0.51897067, 0.519982, 0.5170413, 0.51857007, 0.51658744, 0.5163767, 0.5160969, 0.51750124, 0.51818895, 0.51808214, 0.5174414, 0.51571846, 0.5031377, 0.5002515, 0.50981706, 0.515442, 0.51453835, 0.5135341, 0.518629, 0.5105797, 0.5103479, 0.51069796, 0.5118357, 0.5129573, 0.510655, 0.5151005, 0.51246226, 0.5102068, 0.5153951, 0.5139606, 0.51406366, 0.51431125, 0.51405966, 0.5115612, 0.5146465, 0.51451254, 0.51297593, 0.51328754, 0.51369876, 0.51467746, 0.5127555, 0.5112509, 0.5157356, 0.5096765, 0.5120013, 0.5095892, 0.49960425, 0.5106135, 0.51503956, 0.5175756, 0.51696765, 0.5032909, 0.5110038, 0.51305515, 0.5114222, 0.51205945, 0.51836693, 0.514103, 0.51151085, 0.5156334, 0.5139564]
[0.49876863, 0.500454, 0.50066644, 0.49972913, 0.49911162, 0.49840373, 0.49877065, 0.49851337, 0.4988594, 0.5022263, 0.5019715, 0.5018769, 0.50112087, 0.49993682, 0.50445527, 0.49849012, 0.50076836, 0.5017391, 0.51234037, 0.51193607, 0.51344466, 0.5133695, 0.5099882, 0.5093775, 0.50860685, 0.5122564, 0.5112542, 0.5111491, 0.5146254, 0.5121301, 0.5182727, 0.5089315, 0.5162894, 0.519459, 0.49846122, 0.5122357, 0.5135415, 0.5157818, 0.50568056, 0.500487, 0.49928623, 0.50680786, 0.49937385, 0.49980125, 0.50055206, 0.5005516, 0.49968898, 0.5021144, 0.50865155, 0.5044852, 0.5018592, 0.49883643, 0.5144765, 0.49860853, 0.5001337, 0.50059026, 0.49915755, 0.49998927, 0.5000371, 0.5023761, 0.5106332, 0.509793, 0.5022876, 0.51465386, 0.51371276, 0.51445764, 0.5101663, 0.5106864, 0.5186497, 0.5137226, 0.5131014, 0.5125053, 0.5115036, 0.5090606, 0.5167147, 0.5167975, 0.51849604, 0.51352376, 0.5169194, 0.5138972, 0.5167661, 0.51715946, 0.5166631, 0.5160254, 0.5142499, 0.5162772, 0.51369226, 0.5121475, 0.51425445, 0.51779264, 0.51360524, 0.5114722, 0.5176888, 0.515267, 0.5136429, 0.5132581, 0.5166515, 0.51763654, 0.5153374, 0.5198891, 0.51842386, 0.5179492, 0.517874, 0.51838493, 0.5186194, 0.51663315, 0.518239, 0.5180968, 0.5178075, 0.51638794, 0.52000165, 0.51828915, 0.5168556, 0.51648146, 0.50564045, 0.51468664, 0.51696604, 0.51480365, 0.51345956, 0.5109503, 0.5068672, 0.514605, 0.51113236, 0.5158503, 0.51478094, 0.5166586, 0.51469934, 0.51517344, 0.5181124, 0.5137853, 0.51346713, 0.51317734, 0.51116174, 0.5064741, 0.50736886, 0.51117146, 0.5111289, 0.5110574, 0.51144683, 0.5111901, 0.5185147, 0.51287216, 0.51509154, 0.5141615, 0.5113789, 0.5174332, 0.5105178, 0.5087237, 0.51061684, 0.51323766, 0.51365733, 0.511235, 0.516381, 0.51129246, 0.50858414, 0.50894856, 0.49940246, 0.49948442, 0.5117035, 0.5125146, 0.5105646, 0.5156349, 0.514237, 0.5139099, 0.51049143, 0.50903386, 0.518332, 0.5093053, 0.5123284, 0.5085527, 0.5039949, 0.5097049, 0.509582, 0.5171992, 0.5187214, 0.51962364, 0.50575197, 0.50819737, 0.51181585, 0.5177775, 0.5111853, 0.5100917, 0.5120492, 0.51304686, 0.505396, 0.514329, 0.5137667, 0.50429285, 0.51705277, 0.5161569, 0.51422393, 0.51181346, 0.51246506, 0.5156079, 0.5155047, 0.5193635, 0.5091364, 0.51499164, 0.51242125, 0.51333266, 0.51866215, 0.5165123, 0.5180754, 0.5161566, 0.516217, 0.5095122, 0.5194252, 0.5171145, 0.5167857, 0.5202231, 0.51897067, 0.519982, 0.5170413, 0.51857007, 0.51658744, 0.5163767, 0.5160969, 0.51750124, 0.51818895, 0.51808214, 0.5174414, 0.51571846, 0.5031377, 0.5002515, 0.50981706, 0.515442, 0.51453835, 0.5135341, 0.518629, 0.5105797, 0.5103479, 0.51069796, 0.5118357, 0.5129573, 0.510655, 0.5151005, 0.51246226, 0.5102068, 0.5153951, 0.5139606, 0.51406366, 0.51431125, 0.51405966, 0.5115612, 0.5146465, 0.51451254, 0.51297593, 0.51328754, 0.51369876, 0.51467746, 0.5127555, 0.5112509, 0.5157356, 0.5096765, 0.5120013, 0.5095892, 0.49960425, 0.5106135, 0.51503956, 0.5175756, 0.51696765, 0.5032909, 0.5110038, 0.51305515, 0.5114222, 0.51205945, 0.51836693, 0.514103, 0.51151085, 0.5156334, 0.5139564]
[0.5029312, 0.5058472, 0.50651795, 0.5047969, 0.5034043, 0.5019472, 0.5024581, 0.5017478, 0.50239646, 0.5017717, 0.50153637, 0.5014369, 0.5006477, 0.500202, 0.5024095, 0.50162405, 0.5004696, 0.50113535, 0.5085803, 0.5087416, 0.5089721, 0.50922036, 0.50829595, 0.5081665, 0.5063208, 0.5089716, 0.5082906, 0.50845075, 0.5098563, 0.5084017, 0.51164895, 0.50656474, 0.5111151, 0.5124409, 0.5019739, 0.5086232, 0.50899947, 0.5104942, 0.5045557, 0.50020945, 0.5013216, 0.5030871, 0.50420624, 0.5049649, 0.50569105, 0.50549763, 0.5036998, 0.50058836, 0.50753087, 0.5012608, 0.5001621, 0.50095093, 0.50973415, 0.50181574, 0.5046915, 0.5053932, 0.50383425, 0.5005688, 0.5004972, 0.50123096, 0.50800425, 0.50788426, 0.5005021, 0.5105271, 0.509829, 0.5097853, 0.506987, 0.5076036, 0.5116705, 0.50955933, 0.5096363, 0.5090043, 0.50813246, 0.5065061, 0.5113425, 0.51153153, 0.51152277, 0.50927806, 0.5110628, 0.5089115, 0.51126796, 0.5115151, 0.511321, 0.5107497, 0.5095611, 0.51059526, 0.5091207, 0.50783914, 0.51030666, 0.5115567, 0.50930625, 0.5082198, 0.51164263, 0.5100751, 0.509579, 0.50969255, 0.511087, 0.5118979, 0.5105844, 0.5128275, 0.511825, 0.51132, 0.5113631, 0.5122549, 0.5123496, 0.510898, 0.5121666, 0.51208854, 0.5120027, 0.51087934, 0.51275164, 0.51184684, 0.5111087, 0.51090616, 0.5057121, 0.51002014, 0.5109451, 0.51075643, 0.5092197, 0.5077926, 0.5035362, 0.50971645, 0.508171, 0.51105183, 0.5101363, 0.51081216, 0.5101662, 0.5103434, 0.5117755, 0.5091787, 0.50947857, 0.5091, 0.5075693, 0.5049364, 0.5055621, 0.5085469, 0.5083966, 0.50835073, 0.5083073, 0.50813645, 0.512105, 0.5089931, 0.51050055, 0.50958246, 0.50832343, 0.5117788, 0.5078875, 0.50643617, 0.50710034, 0.50881976, 0.509669, 0.5077793, 0.5109043, 0.50853854, 0.50716704, 0.506578, 0.5037475, 0.5038361, 0.50830513, 0.5083322, 0.50708044, 0.5107142, 0.50966555, 0.5095642, 0.5060011, 0.5055061, 0.51182574, 0.50676817, 0.5085219, 0.5063672, 0.5030101, 0.50780445, 0.50739545, 0.51169217, 0.5121715, 0.51264405, 0.5059837, 0.50716585, 0.50854295, 0.51168543, 0.5076357, 0.5068111, 0.5083871, 0.50956845, 0.5052334, 0.5098937, 0.50967866, 0.50210404, 0.5109966, 0.5103103, 0.50942457, 0.50820893, 0.50875336, 0.5105363, 0.5105041, 0.51216245, 0.50707495, 0.51083034, 0.5091161, 0.5094773, 0.511947, 0.5107213, 0.5119524, 0.5106154, 0.5108428, 0.5070948, 0.5122011, 0.511091, 0.5109555, 0.5132009, 0.512339, 0.5126522, 0.51107407, 0.5118118, 0.5105792, 0.51062804, 0.51097447, 0.51196533, 0.5120475, 0.51159835, 0.5119448, 0.51044273, 0.50108534, 0.50000805, 0.5077141, 0.5103741, 0.51006186, 0.50905293, 0.5119816, 0.506953, 0.5065737, 0.5069793, 0.5076398, 0.508415, 0.50763303, 0.51012844, 0.5079442, 0.50747037, 0.5104712, 0.5099687, 0.50989234, 0.51009256, 0.5102481, 0.508798, 0.51034755, 0.50982195, 0.5088568, 0.50879085, 0.5097596, 0.51009446, 0.50889266, 0.5069244, 0.510373, 0.5074151, 0.50860244, 0.50732136, 0.50393754, 0.508376, 0.5105548, 0.51089907, 0.5109351, 0.50321627, 0.50874794, 0.5090201, 0.5083366, 0.5089976, 0.5120325, 0.5098567, 0.5076495, 0.51043516, 0.50978357]
[0.50174165, 0.5052115, 0.50607383, 0.50413793, 0.50263256, 0.5002358, 0.50109243, 0.5011567, 0.50149494, 0.5015305, 0.5019215, 0.50156075, 0.50075203, 0.50063616, 0.5021147, 0.5010377, 0.5003839, 0.5013139, 0.50709385, 0.506831, 0.5073278, 0.5072675, 0.5058282, 0.5055566, 0.5046178, 0.5068932, 0.50628406, 0.50632435, 0.5080987, 0.50740486, 0.510569, 0.50505805, 0.5090237, 0.5112502, 0.50074726, 0.50727946, 0.5077815, 0.5088823, 0.5034139, 0.5013154, 0.50081664, 0.5029731, 0.503199, 0.5045354, 0.5050429, 0.50456154, 0.5025907, 0.50226676, 0.5049682, 0.5025241, 0.50144136, 0.5002336, 0.50834763, 0.5006389, 0.5044906, 0.5051823, 0.50302106, 0.5003076, 0.50024045, 0.5015276, 0.50587857, 0.50529706, 0.5011334, 0.5087602, 0.5083619, 0.50808996, 0.50498074, 0.506051, 0.5105793, 0.50840706, 0.5082637, 0.50803715, 0.5062867, 0.5052031, 0.5095742, 0.5097241, 0.510382, 0.507792, 0.50944513, 0.50782764, 0.509697, 0.5103018, 0.5096834, 0.50937647, 0.50817734, 0.50952834, 0.5078563, 0.50670683, 0.508723, 0.50991404, 0.5080361, 0.50685894, 0.50989497, 0.5086044, 0.50814325, 0.5076533, 0.50944716, 0.5100517, 0.5092387, 0.5113679, 0.5105486, 0.51005846, 0.5101859, 0.510861, 0.5108765, 0.5095416, 0.51078236, 0.5107609, 0.5105802, 0.5095701, 0.5116748, 0.5103165, 0.50979346, 0.50970155, 0.50441396, 0.50843686, 0.5096936, 0.50842434, 0.5075713, 0.50644064, 0.5034735, 0.50836724, 0.5065612, 0.50878584, 0.5084919, 0.50933003, 0.50865555, 0.50866467, 0.5103247, 0.5075769, 0.5075031, 0.50736314, 0.50627184, 0.50390506, 0.50401086, 0.50665677, 0.50635785, 0.50670534, 0.5065979, 0.50640917, 0.5104546, 0.50719845, 0.50884944, 0.5083629, 0.5066818, 0.5097751, 0.50598764, 0.50469685, 0.50593084, 0.5075201, 0.5079446, 0.50677514, 0.50979775, 0.5067028, 0.5054013, 0.505549, 0.5023289, 0.5020392, 0.50662833, 0.5073, 0.5060061, 0.5088452, 0.50825906, 0.5082305, 0.5055378, 0.5045051, 0.51033485, 0.50556886, 0.50729185, 0.50489384, 0.5036146, 0.50588745, 0.5055112, 0.51001495, 0.510865, 0.51110715, 0.50440186, 0.5054622, 0.50696564, 0.5100524, 0.5054358, 0.50575674, 0.5070247, 0.5080024, 0.50374514, 0.50843126, 0.5085003, 0.50257796, 0.50975806, 0.50909024, 0.5081758, 0.5069791, 0.50701797, 0.50908077, 0.5090298, 0.5111174, 0.50523186, 0.5089222, 0.5073477, 0.5078623, 0.51043797, 0.50940776, 0.5104954, 0.50910926, 0.5094534, 0.5051627, 0.51168865, 0.50953186, 0.50977594, 0.51176256, 0.51122534, 0.5114228, 0.5098474, 0.5104868, 0.50965565, 0.5095706, 0.51015407, 0.5105287, 0.5106785, 0.51069915, 0.51029646, 0.5091838, 0.5016783, 0.5003165, 0.5058842, 0.5089582, 0.5086846, 0.50797117, 0.51045626, 0.5050727, 0.5052647, 0.5055938, 0.5063804, 0.5072747, 0.5060479, 0.5087808, 0.507176, 0.50624657, 0.5087169, 0.50830036, 0.5085122, 0.5086994, 0.50875527, 0.5071733, 0.5088338, 0.50832945, 0.50717986, 0.5076514, 0.5083381, 0.5087133, 0.50716937, 0.50578046, 0.5092332, 0.5054269, 0.50693643, 0.5061574, 0.50422955, 0.506208, 0.5086522, 0.5091927, 0.5094949, 0.5020906, 0.5060979, 0.5076165, 0.5067592, 0.5071467, 0.51070905, 0.5079732, 0.5065812, 0.5090136, 0.5085991]
[0.5040216, 0.50721914, 0.5078361, 0.5064331, 0.505119, 0.50387526, 0.5045226, 0.50459504, 0.5048742, 0.50138205, 0.50145966, 0.5012, 0.5009375, 0.5017665, 0.5010022, 0.5042208, 0.5026633, 0.5020426, 0.5114154, 0.5112897, 0.5121817, 0.5128988, 0.5110026, 0.5110549, 0.5052485, 0.5118396, 0.5099526, 0.51103634, 0.5144237, 0.511414, 0.5178409, 0.50572, 0.5161619, 0.5195773, 0.5042844, 0.5105436, 0.5125784, 0.51500833, 0.50593245, 0.5018091, 0.5036258, 0.50088835, 0.50585663, 0.5070237, 0.50745505, 0.5071448, 0.5056165, 0.5019999, 0.5079272, 0.5003766, 0.5014267, 0.5028267, 0.51374626, 0.5036357, 0.50659996, 0.5071685, 0.50610095, 0.50290453, 0.50271285, 0.5009078, 0.5089025, 0.50827086, 0.5020352, 0.5159873, 0.51396394, 0.5144737, 0.5095913, 0.51011187, 0.5180298, 0.51357335, 0.5129094, 0.5135684, 0.51100904, 0.5055302, 0.51708055, 0.5174441, 0.5178654, 0.5124678, 0.51637244, 0.5124738, 0.51668984, 0.51795304, 0.5170942, 0.5161, 0.51388246, 0.51577854, 0.51277673, 0.5103537, 0.5149605, 0.5170842, 0.51332253, 0.51061547, 0.51774573, 0.51480436, 0.5136776, 0.51360744, 0.51672274, 0.51741785, 0.5157107, 0.5202522, 0.5177558, 0.5175684, 0.5173856, 0.51925087, 0.5190358, 0.51610917, 0.5179575, 0.5183976, 0.5184143, 0.5157465, 0.5201283, 0.5180062, 0.51670575, 0.516599, 0.50557405, 0.51547605, 0.5173504, 0.51482683, 0.5125292, 0.5107059, 0.50170577, 0.5138831, 0.5108024, 0.5162893, 0.5144857, 0.5162083, 0.51513696, 0.51554227, 0.5175719, 0.5127802, 0.513001, 0.51243436, 0.50881124, 0.50343436, 0.5043416, 0.51114535, 0.5106225, 0.5106384, 0.51084995, 0.5105826, 0.5189969, 0.51251334, 0.5150888, 0.5132653, 0.51109385, 0.51799417, 0.50960493, 0.5063099, 0.50774324, 0.5116967, 0.51313716, 0.5100761, 0.5163197, 0.51079607, 0.50737655, 0.5072133, 0.5055619, 0.50533926, 0.5106751, 0.5109147, 0.5083818, 0.5162423, 0.514209, 0.5142499, 0.5086002, 0.5079721, 0.5182457, 0.50772643, 0.51130414, 0.5049036, 0.50067204, 0.50945294, 0.5085928, 0.51790315, 0.51899356, 0.5197565, 0.50584745, 0.5084447, 0.51128083, 0.5179166, 0.5077635, 0.5088657, 0.5115941, 0.51326126, 0.50190634, 0.5143917, 0.513697, 0.5006029, 0.51640284, 0.5153517, 0.513611, 0.5108184, 0.5119839, 0.5151327, 0.5147797, 0.5189673, 0.5087577, 0.51658016, 0.5122111, 0.51303786, 0.51872367, 0.51563555, 0.51879907, 0.5156506, 0.5158548, 0.50931716, 0.51915115, 0.51678365, 0.51643115, 0.5211293, 0.5188218, 0.5198459, 0.5167002, 0.51821935, 0.51553446, 0.5155037, 0.5168522, 0.5183466, 0.5190678, 0.51873535, 0.5180788, 0.5151086, 0.5003704, 0.50225973, 0.5099063, 0.51578665, 0.51443666, 0.5130784, 0.5187107, 0.5092538, 0.5071545, 0.50768954, 0.5094926, 0.5109148, 0.5095345, 0.51455164, 0.5110902, 0.5085744, 0.515487, 0.5136205, 0.5139701, 0.5146933, 0.51486665, 0.51211977, 0.51500595, 0.5136872, 0.51234585, 0.5128297, 0.5138928, 0.5148494, 0.51218265, 0.50822675, 0.51472026, 0.5091832, 0.51113963, 0.5089295, 0.5056112, 0.510371, 0.5145719, 0.5163195, 0.5159949, 0.50165266, 0.5110168, 0.51201344, 0.51163894, 0.5126403, 0.51828253, 0.51439023, 0.50999045, 0.51539284, 0.5134154]
[0.50296295, 0.50630933, 0.50720876, 0.50522274, 0.5033243, 0.50196874, 0.50258905, 0.501757, 0.5024825, 0.50240284, 0.50253457, 0.5021803, 0.50005376, 0.50032943, 0.5031936, 0.50157815, 0.5010685, 0.5014721, 0.5097415, 0.5098629, 0.51023024, 0.51021063, 0.5099942, 0.50927633, 0.5072207, 0.5103839, 0.50936353, 0.50966746, 0.51158017, 0.50962895, 0.51412356, 0.5072323, 0.5131924, 0.5151956, 0.50223035, 0.5099229, 0.51050717, 0.511981, 0.5061119, 0.5013032, 0.5017223, 0.5029764, 0.5048651, 0.50603896, 0.50635475, 0.50566673, 0.50346845, 0.5027046, 0.5081876, 0.5022059, 0.5009968, 0.5010967, 0.5113108, 0.5017384, 0.50501144, 0.50564086, 0.50441045, 0.5001949, 0.50070363, 0.5016402, 0.50863194, 0.50837386, 0.50009745, 0.51257956, 0.5116163, 0.5114332, 0.5074983, 0.50894755, 0.513925, 0.51114374, 0.5113652, 0.51042706, 0.5093543, 0.5080411, 0.51333463, 0.51374966, 0.51325107, 0.51047796, 0.51322085, 0.5106585, 0.5137089, 0.5139753, 0.5133616, 0.5128475, 0.51135296, 0.51237655, 0.5100337, 0.508303, 0.51217663, 0.51406926, 0.5110186, 0.5093455, 0.5132692, 0.51208764, 0.51124275, 0.51104546, 0.5128312, 0.5143792, 0.51310664, 0.5155927, 0.5139853, 0.51378083, 0.51354474, 0.51526797, 0.5150905, 0.5128917, 0.5145254, 0.51469976, 0.5146103, 0.513261, 0.5156854, 0.51453614, 0.51326305, 0.5128911, 0.5075372, 0.51169616, 0.51369935, 0.5124992, 0.5108509, 0.50882566, 0.50327206, 0.51141363, 0.5091094, 0.51330006, 0.5124788, 0.5132867, 0.5122715, 0.512711, 0.5137923, 0.51076114, 0.51058686, 0.5103241, 0.50839865, 0.505919, 0.50628144, 0.5100589, 0.5092968, 0.5096993, 0.5093087, 0.50908554, 0.5146925, 0.5106275, 0.5124508, 0.51145315, 0.50926924, 0.51386636, 0.50823903, 0.506571, 0.5079733, 0.5100845, 0.5115426, 0.5095412, 0.51314956, 0.5097752, 0.5081675, 0.5081231, 0.5034364, 0.50400347, 0.50953907, 0.50985724, 0.5086768, 0.51286685, 0.51152754, 0.51140034, 0.50711614, 0.5067828, 0.5137413, 0.50768685, 0.50937825, 0.5069672, 0.5048161, 0.5086957, 0.507579, 0.51410365, 0.5147362, 0.5155068, 0.50689656, 0.50809395, 0.5098978, 0.51410264, 0.5077291, 0.5075059, 0.50986904, 0.51165366, 0.505879, 0.5118302, 0.5117173, 0.5033028, 0.5132664, 0.51243526, 0.510915, 0.5094353, 0.510593, 0.51247424, 0.51239973, 0.51504993, 0.5084552, 0.51306254, 0.51053417, 0.5110996, 0.51446676, 0.5124408, 0.5147605, 0.5127882, 0.5133803, 0.50772953, 0.5155843, 0.5136003, 0.51344025, 0.5159879, 0.51559615, 0.5153091, 0.51350254, 0.51453185, 0.51265836, 0.5126036, 0.51341146, 0.5147021, 0.51488274, 0.5141891, 0.5148678, 0.5124945, 0.5015077, 0.500433, 0.509141, 0.51272684, 0.5118943, 0.5105296, 0.51461697, 0.5074462, 0.5076383, 0.5078547, 0.5087224, 0.50971955, 0.5086042, 0.51183957, 0.50958407, 0.5086899, 0.51226705, 0.5119761, 0.5121039, 0.51212627, 0.5123239, 0.51013607, 0.5122903, 0.51120967, 0.50965923, 0.510456, 0.5113316, 0.51186603, 0.5099002, 0.5082632, 0.5124703, 0.50794816, 0.5099888, 0.50871086, 0.5048848, 0.5088795, 0.5121782, 0.5127338, 0.5131135, 0.5042311, 0.51005197, 0.51048213, 0.5096268, 0.51056343, 0.51490927, 0.5116372, 0.5084586, 0.51285523, 0.5115627]
[0.50212246, 0.5054798, 0.50588834, 0.50449324, 0.503279, 0.50274885, 0.5033086, 0.50235254, 0.5032068, 0.50250924, 0.50350225, 0.50044745, 0.50086504, 0.5019096, 0.5006734, 0.50261086, 0.5012198, 0.50003296, 0.51574963, 0.5157535, 0.5169783, 0.5168988, 0.5155844, 0.51417685, 0.5110928, 0.51705897, 0.51527715, 0.5157373, 0.51899, 0.51518685, 0.5226848, 0.51188534, 0.5211161, 0.52476, 0.5022566, 0.5159238, 0.51571304, 0.51940596, 0.5094584, 0.500407, 0.5019894, 0.5054119, 0.5046991, 0.50567824, 0.5067141, 0.50648123, 0.50494695, 0.50102717, 0.513358, 0.50091726, 0.50096744, 0.50232893, 0.518213, 0.5023041, 0.5053512, 0.5060756, 0.5040382, 0.50157005, 0.5018406, 0.5007293, 0.5148793, 0.51451445, 0.5016298, 0.5199528, 0.518576, 0.5181721, 0.5117757, 0.5128158, 0.5226958, 0.5182677, 0.51793385, 0.51702636, 0.51524246, 0.5123021, 0.5212816, 0.52211326, 0.52255595, 0.5172508, 0.5210772, 0.5165582, 0.521418, 0.52178997, 0.5220287, 0.52084804, 0.5177128, 0.5196709, 0.5168183, 0.51455986, 0.5187989, 0.5223402, 0.51756716, 0.5145167, 0.5219945, 0.51867473, 0.5177983, 0.5180037, 0.5205663, 0.5227585, 0.5199887, 0.5250509, 0.5221944, 0.52167135, 0.5215, 0.52375156, 0.5244493, 0.52049327, 0.5241805, 0.52362293, 0.523059, 0.5206059, 0.5248368, 0.52269024, 0.52128685, 0.5205048, 0.5102604, 0.5185374, 0.5207783, 0.5207791, 0.51757485, 0.5140393, 0.5089005, 0.5183673, 0.5148503, 0.5211025, 0.5194559, 0.52084756, 0.51907074, 0.51946205, 0.5227457, 0.5174, 0.5174653, 0.5160608, 0.5131735, 0.5098268, 0.51033986, 0.5162856, 0.5148378, 0.51563334, 0.5155443, 0.51501256, 0.5235579, 0.5165516, 0.51970285, 0.51840776, 0.5143992, 0.52285135, 0.5138655, 0.51129246, 0.51206225, 0.51611054, 0.5176929, 0.5135261, 0.52110904, 0.51551116, 0.5127822, 0.5110466, 0.50467676, 0.5047944, 0.5152433, 0.51482385, 0.511923, 0.52016187, 0.5182187, 0.5176932, 0.50948143, 0.50734043, 0.5233425, 0.5120112, 0.51638395, 0.51259065, 0.5078507, 0.5142697, 0.51418805, 0.52274054, 0.52384853, 0.52497184, 0.5115956, 0.51299495, 0.5155234, 0.52251464, 0.5135294, 0.5110415, 0.5143221, 0.5177656, 0.50961196, 0.5187333, 0.5180371, 0.5045538, 0.52073514, 0.52005434, 0.5180847, 0.51445746, 0.51644206, 0.5196509, 0.52007073, 0.52297753, 0.51249087, 0.5210297, 0.5171081, 0.51789355, 0.52340555, 0.52017045, 0.5239088, 0.5203, 0.5206967, 0.5134986, 0.52372485, 0.52135915, 0.5207864, 0.52665037, 0.52425706, 0.5248195, 0.5211952, 0.5228673, 0.5198733, 0.5209369, 0.5209959, 0.5230855, 0.5232793, 0.5218536, 0.5223263, 0.5202627, 0.5005723, 0.5009251, 0.51311976, 0.5198824, 0.51782715, 0.51664513, 0.5235683, 0.5115985, 0.51112, 0.51168996, 0.51355106, 0.5150745, 0.5147219, 0.51925373, 0.5139096, 0.5132864, 0.519469, 0.5192173, 0.51924974, 0.51957315, 0.5189302, 0.51695204, 0.52006805, 0.5191091, 0.5166158, 0.5167791, 0.5184782, 0.5183503, 0.5163759, 0.51291955, 0.51991737, 0.5123123, 0.5158608, 0.51361936, 0.5050123, 0.5147628, 0.5194743, 0.5201561, 0.52091855, 0.50789684, 0.5160917, 0.51725185, 0.51481235, 0.51673543, 0.5232005, 0.5191874, 0.5142693, 0.5198702, 0.5179767]
[0.5050203, 0.5085544, 0.5092871, 0.5073485, 0.50553304, 0.5045405, 0.5050739, 0.50474817, 0.5053404, 0.5020971, 0.5014503, 0.50100076, 0.50137436, 0.50185233, 0.49977005, 0.5046394, 0.5034776, 0.50204384, 0.5079603, 0.5078789, 0.5087041, 0.5090492, 0.5074252, 0.5065998, 0.504206, 0.5085861, 0.50676626, 0.5073917, 0.51064426, 0.5075595, 0.51344174, 0.5042666, 0.5117448, 0.51477164, 0.5046655, 0.50804174, 0.5088983, 0.5109353, 0.50158477, 0.50300944, 0.50410706, 0.50017905, 0.5063823, 0.5076924, 0.5088592, 0.5084769, 0.5063187, 0.5030716, 0.5049961, 0.5008225, 0.5015552, 0.50336057, 0.5102662, 0.5049502, 0.507806, 0.5087474, 0.5063009, 0.5029611, 0.5029827, 0.5009441, 0.5064385, 0.50497663, 0.502423, 0.51133615, 0.5102121, 0.51040035, 0.5064982, 0.5072037, 0.5138053, 0.50948787, 0.5094717, 0.509453, 0.50778526, 0.5046344, 0.5123063, 0.51262724, 0.5132788, 0.5091528, 0.51202434, 0.508772, 0.5124766, 0.51333535, 0.5124866, 0.5117354, 0.5099468, 0.5118518, 0.509169, 0.5069942, 0.5104415, 0.5127329, 0.50985146, 0.5074842, 0.5132894, 0.5107531, 0.5096904, 0.509365, 0.51240104, 0.51302123, 0.5110218, 0.51546663, 0.51360434, 0.51320773, 0.5130225, 0.51435745, 0.5142112, 0.51184964, 0.51356006, 0.5142443, 0.51425284, 0.5124068, 0.51542556, 0.5136401, 0.5124918, 0.5116047, 0.5014049, 0.5109611, 0.5129776, 0.51039046, 0.50915855, 0.5070562, 0.50003225, 0.5103021, 0.50707537, 0.51151526, 0.51068854, 0.51185113, 0.5106554, 0.51117325, 0.51326895, 0.50890654, 0.5090973, 0.5090558, 0.50706017, 0.50122684, 0.5021956, 0.5076437, 0.5070236, 0.5072644, 0.50767046, 0.5070803, 0.51399183, 0.50868326, 0.5108628, 0.5097471, 0.5077693, 0.51318294, 0.50607514, 0.503701, 0.50530314, 0.508995, 0.50947124, 0.5075744, 0.51212204, 0.5075242, 0.5046305, 0.50467974, 0.50614, 0.5060326, 0.50710475, 0.5081849, 0.50617903, 0.51148844, 0.5100215, 0.51031744, 0.5048251, 0.504131, 0.514185, 0.5057177, 0.5078268, 0.5034144, 0.5005024, 0.5061394, 0.5039006, 0.5133743, 0.5140776, 0.51461834, 0.5005016, 0.50408995, 0.507965, 0.5133164, 0.5057218, 0.50712955, 0.50856435, 0.5092417, 0.5009011, 0.51010925, 0.50965106, 0.5015629, 0.5123952, 0.5114076, 0.5096765, 0.50775236, 0.508009, 0.51122713, 0.5110128, 0.51470476, 0.5058366, 0.5117022, 0.50848126, 0.5093208, 0.51406807, 0.51179737, 0.5132398, 0.5113816, 0.511557, 0.5052857, 0.5145949, 0.51254964, 0.5121474, 0.51522905, 0.51418746, 0.5149344, 0.51254815, 0.5136668, 0.5114982, 0.5112378, 0.5122597, 0.51304364, 0.51376426, 0.51358676, 0.51325566, 0.5113377, 0.50134844, 0.50247264, 0.50692284, 0.51156145, 0.5106114, 0.50971246, 0.51409227, 0.50653255, 0.5059096, 0.50624067, 0.5072453, 0.50845695, 0.5060972, 0.51105314, 0.50876737, 0.5050737, 0.5111677, 0.5098074, 0.5103278, 0.51097065, 0.5109934, 0.50730276, 0.510696, 0.51010257, 0.5087571, 0.508284, 0.5092221, 0.5109034, 0.5084755, 0.5057946, 0.51098555, 0.5059241, 0.5079771, 0.50631285, 0.5062904, 0.5068388, 0.511025, 0.51259226, 0.5124966, 0.5000576, 0.5076205, 0.5089235, 0.5078625, 0.50829214, 0.5136553, 0.50996673, 0.50739694, 0.5115294, 0.50990456]
[0.5041169, 0.5082631, 0.50879264, 0.50694287, 0.50537306, 0.50395983, 0.50470704, 0.50406957, 0.5044411, 0.50154835, 0.5011097, 0.5010914, 0.5009324, 0.5009361, 0.50350034, 0.5038963, 0.5021139, 0.50071824, 0.50919265, 0.5095891, 0.51024485, 0.5102205, 0.5091139, 0.50892407, 0.5058225, 0.51014894, 0.5089821, 0.50934243, 0.51139486, 0.5093484, 0.513606, 0.50663644, 0.51291865, 0.5148692, 0.5036092, 0.5093642, 0.5100544, 0.5116915, 0.5050254, 0.50146174, 0.50311273, 0.5021271, 0.5064031, 0.50774246, 0.50886357, 0.50835806, 0.5059751, 0.5014816, 0.50716984, 0.50106865, 0.50115496, 0.50240445, 0.5108381, 0.5037722, 0.50765246, 0.50847024, 0.5063682, 0.5019512, 0.5020631, 0.5015557, 0.508222, 0.50781965, 0.50108284, 0.51181054, 0.5110726, 0.5115287, 0.508312, 0.5085502, 0.51381296, 0.5105487, 0.51066935, 0.51065445, 0.50911087, 0.5067497, 0.5133948, 0.5133565, 0.5135703, 0.5103732, 0.51318145, 0.5099219, 0.51266783, 0.5135892, 0.51344824, 0.5125022, 0.5111472, 0.51226777, 0.510098, 0.5084593, 0.5113113, 0.5135114, 0.5106936, 0.5087679, 0.5135427, 0.511317, 0.5105713, 0.5105724, 0.51277244, 0.51353014, 0.5123412, 0.51541644, 0.51343197, 0.51364225, 0.51325065, 0.514224, 0.5142216, 0.51268184, 0.5141559, 0.5140267, 0.51396567, 0.512569, 0.5151879, 0.51375556, 0.5126833, 0.51259017, 0.5048642, 0.5117406, 0.51290935, 0.5118143, 0.5103803, 0.50846535, 0.50224787, 0.5114118, 0.5091153, 0.51226103, 0.5112286, 0.5126254, 0.5116239, 0.51198417, 0.51305336, 0.51023793, 0.51036817, 0.5100345, 0.5079189, 0.50404793, 0.5051008, 0.5092353, 0.508991, 0.5090307, 0.5089596, 0.5087824, 0.5144194, 0.51021844, 0.5119807, 0.5109832, 0.50921184, 0.5133901, 0.5083127, 0.50597227, 0.507277, 0.50945646, 0.5106302, 0.5090309, 0.5123906, 0.5087978, 0.5067637, 0.50674814, 0.50638443, 0.5063943, 0.50855273, 0.50888973, 0.50802046, 0.5125974, 0.5112212, 0.51081413, 0.5070469, 0.506565, 0.5139071, 0.5071041, 0.5094403, 0.505358, 0.5015155, 0.5081296, 0.50744843, 0.51367146, 0.5144562, 0.5150478, 0.505993, 0.5074807, 0.50941515, 0.5135809, 0.507492, 0.5078397, 0.50953203, 0.51021624, 0.50390756, 0.5110961, 0.5108414, 0.5014383, 0.51298845, 0.5123304, 0.5108121, 0.5092985, 0.50970095, 0.51223916, 0.51191807, 0.5142099, 0.50777465, 0.5125307, 0.50983465, 0.5105235, 0.5140905, 0.512386, 0.513835, 0.5124138, 0.512038, 0.50750965, 0.5145831, 0.51304615, 0.512615, 0.5155396, 0.5145713, 0.5149117, 0.5130933, 0.5140638, 0.51223594, 0.5119183, 0.5125375, 0.51349336, 0.514359, 0.51340103, 0.5137147, 0.5119739, 0.50151205, 0.501435, 0.5084006, 0.5123574, 0.51140004, 0.5102317, 0.5142597, 0.5080784, 0.50737214, 0.50765663, 0.5085341, 0.50937265, 0.50808984, 0.5115171, 0.5093103, 0.5078165, 0.51199, 0.5110858, 0.51131517, 0.5113731, 0.51158744, 0.50974417, 0.5117073, 0.5109917, 0.5098325, 0.51010823, 0.5107107, 0.51148146, 0.5098625, 0.50742215, 0.5117456, 0.50797546, 0.50923365, 0.508162, 0.5064772, 0.508614, 0.5117177, 0.5126818, 0.51253, 0.50356114, 0.5090738, 0.5098845, 0.5093905, 0.51050925, 0.5139194, 0.5110415, 0.50846267, 0.51205003, 0.51056635]
[0.5034153, 0.5073897, 0.50834477, 0.50640726, 0.5048536, 0.5030191, 0.5042817, 0.5034638, 0.5038332, 0.5012442, 0.50172424, 0.5018176, 0.50188154, 0.50103724, 0.5043557, 0.50317425, 0.5003602, 0.50178564, 0.50917935, 0.50953865, 0.5105786, 0.5107998, 0.5090838, 0.5085383, 0.5064505, 0.50960124, 0.5080728, 0.50873005, 0.51164865, 0.50992775, 0.51471156, 0.50651187, 0.5133429, 0.5156092, 0.5027331, 0.5095893, 0.5111771, 0.5124314, 0.50592643, 0.5002189, 0.5033306, 0.5047014, 0.50554734, 0.50698394, 0.50770825, 0.5072551, 0.50466967, 0.50226665, 0.50562537, 0.50381804, 0.5018449, 0.5022368, 0.5119158, 0.50326735, 0.5069858, 0.50801617, 0.5051505, 0.5013256, 0.5015196, 0.5031921, 0.5074309, 0.5051132, 0.50178826, 0.51231813, 0.51103437, 0.5117721, 0.50862736, 0.50886106, 0.51444167, 0.51055986, 0.5106828, 0.51096725, 0.5099005, 0.5062438, 0.51339924, 0.5137999, 0.51504034, 0.5110468, 0.51381266, 0.5109048, 0.5139206, 0.514197, 0.51374036, 0.5126502, 0.5111855, 0.5132179, 0.51098055, 0.50916356, 0.5115022, 0.5142634, 0.51121265, 0.50947344, 0.5144211, 0.51228726, 0.51136965, 0.5111524, 0.51345927, 0.51414, 0.51295376, 0.516174, 0.5147174, 0.5146292, 0.5139406, 0.5151532, 0.5148129, 0.5134404, 0.5144073, 0.5146692, 0.51454896, 0.5134029, 0.5161212, 0.51473075, 0.51338476, 0.51296306, 0.5051427, 0.51261127, 0.5139853, 0.5116378, 0.5109869, 0.5089856, 0.5043729, 0.51197207, 0.50910634, 0.5120382, 0.5111606, 0.51350665, 0.51223767, 0.5125784, 0.51447177, 0.5111971, 0.51095533, 0.51074815, 0.5085317, 0.5045248, 0.5054755, 0.5091564, 0.5089797, 0.50918376, 0.50944126, 0.5090152, 0.51490426, 0.5099549, 0.51225847, 0.51156723, 0.5092822, 0.514006, 0.50821215, 0.5063567, 0.5084607, 0.51073194, 0.5104214, 0.5095564, 0.51291525, 0.5083102, 0.5056351, 0.5069908, 0.50505096, 0.5050659, 0.50916237, 0.5093817, 0.5081903, 0.5129363, 0.5115068, 0.51156944, 0.50843346, 0.5079829, 0.5145116, 0.50710064, 0.50952303, 0.5038634, 0.50038105, 0.50806844, 0.5077406, 0.5141115, 0.5150967, 0.51547676, 0.5053092, 0.5069472, 0.5096777, 0.51440465, 0.50864047, 0.508211, 0.5100623, 0.51071185, 0.5037016, 0.511706, 0.5114644, 0.5026126, 0.5136242, 0.5129582, 0.5114637, 0.5093509, 0.5102488, 0.5125178, 0.512508, 0.51539546, 0.5074375, 0.5123666, 0.5098656, 0.51077324, 0.5151338, 0.5131319, 0.5138571, 0.5127246, 0.5134045, 0.50802207, 0.5154588, 0.51348984, 0.5134676, 0.5161474, 0.51502323, 0.5158253, 0.5137617, 0.51423717, 0.5132573, 0.5129716, 0.512867, 0.5141103, 0.51520526, 0.5146832, 0.51394844, 0.5121901, 0.50382805, 0.50077605, 0.5084676, 0.51269805, 0.5115784, 0.51093626, 0.5150614, 0.5085105, 0.5078272, 0.50851846, 0.5089587, 0.50976527, 0.5086388, 0.5120351, 0.5099468, 0.50723547, 0.5123276, 0.5110132, 0.5110146, 0.51147306, 0.5117082, 0.50928617, 0.51192147, 0.51173395, 0.51038957, 0.51029277, 0.5104913, 0.5117319, 0.50995237, 0.50806385, 0.5125221, 0.5082249, 0.50930285, 0.5076746, 0.5057172, 0.5082707, 0.51234895, 0.51396847, 0.51367813, 0.5013088, 0.5086612, 0.510133, 0.509495, 0.5101488, 0.51490384, 0.51137555, 0.5093682, 0.5120208, 0.51096654]
[0.5012985, 0.5056676, 0.5066509, 0.50472236, 0.50282127, 0.5016382, 0.5021214, 0.50173044, 0.5027041, 0.5009178, 0.5009168, 0.501405, 0.5016677, 0.50090545, 0.5028945, 0.5014743, 0.49968585, 0.50101954, 0.51068604, 0.5097025, 0.5114399, 0.5119239, 0.50952566, 0.50918573, 0.5060492, 0.5110224, 0.509743, 0.50979453, 0.51315147, 0.5109578, 0.51680726, 0.5061719, 0.51518315, 0.51848364, 0.5006655, 0.510311, 0.51117134, 0.5138223, 0.50508434, 0.50020605, 0.50070024, 0.5037378, 0.50370103, 0.5055355, 0.5065396, 0.50661355, 0.50438845, 0.5005351, 0.50580823, 0.50309145, 0.5014933, 0.5006407, 0.51304543, 0.5015349, 0.50607073, 0.50628453, 0.5039768, 0.5008166, 0.5003477, 0.5011153, 0.5084061, 0.5071088, 0.5014105, 0.5135844, 0.5121906, 0.51357305, 0.508415, 0.5086987, 0.51692057, 0.5128142, 0.51191735, 0.5123077, 0.51034653, 0.5068072, 0.5153543, 0.51599044, 0.5174341, 0.5120331, 0.5156461, 0.51149994, 0.5157017, 0.5162758, 0.5157901, 0.51481694, 0.51260954, 0.5152431, 0.51251996, 0.51015407, 0.51251197, 0.5162317, 0.5126142, 0.5096554, 0.5166842, 0.5132466, 0.5123558, 0.51234263, 0.5155157, 0.5159313, 0.51435864, 0.5193799, 0.51703215, 0.51678884, 0.51647246, 0.5177464, 0.5176387, 0.5156772, 0.51707304, 0.5175676, 0.5173944, 0.514986, 0.5190401, 0.5171436, 0.5156681, 0.5149734, 0.50371784, 0.5140588, 0.5161288, 0.51348174, 0.5119683, 0.50931853, 0.5035887, 0.51291263, 0.50908667, 0.51415205, 0.51255596, 0.51516634, 0.5134684, 0.5138228, 0.5166218, 0.51212466, 0.5117387, 0.51111203, 0.5083336, 0.50412405, 0.5049977, 0.5101043, 0.5092266, 0.5092464, 0.5095474, 0.5093554, 0.5178291, 0.5111916, 0.5140647, 0.51293474, 0.50991905, 0.516607, 0.5081834, 0.505311, 0.507162, 0.5114908, 0.51171285, 0.509348, 0.515116, 0.5097409, 0.5070096, 0.50570786, 0.5035066, 0.50383437, 0.5094535, 0.51033306, 0.50775427, 0.5149388, 0.5127104, 0.51252466, 0.5085253, 0.5066458, 0.51734823, 0.5070436, 0.5105102, 0.50584745, 0.50221354, 0.5086832, 0.5079615, 0.5163341, 0.51792055, 0.51897985, 0.50424814, 0.50658727, 0.5103237, 0.51674503, 0.508633, 0.50756186, 0.510924, 0.5121779, 0.504225, 0.5135176, 0.51275766, 0.50221825, 0.51602364, 0.51478505, 0.5127635, 0.510071, 0.5103268, 0.51428837, 0.51427096, 0.5180997, 0.5071777, 0.51457214, 0.51082104, 0.5118183, 0.5182168, 0.5152147, 0.5171007, 0.5146078, 0.51466465, 0.50843596, 0.518301, 0.51584554, 0.5154781, 0.5197176, 0.5176349, 0.5192056, 0.5157036, 0.51699984, 0.51481235, 0.51486784, 0.51541865, 0.51666665, 0.51764715, 0.51665527, 0.51585805, 0.51407063, 0.5021604, 0.49986628, 0.5084037, 0.5143931, 0.5132067, 0.5117839, 0.5177665, 0.5084299, 0.50708246, 0.5073575, 0.50908846, 0.5105037, 0.5094891, 0.5143151, 0.5104875, 0.50802016, 0.5137747, 0.512767, 0.51305187, 0.51328987, 0.5131441, 0.5099612, 0.513522, 0.5132728, 0.51143533, 0.51127195, 0.51250225, 0.5132291, 0.51146984, 0.5082876, 0.51427615, 0.50777304, 0.51003873, 0.5079831, 0.5038349, 0.508768, 0.5134503, 0.51536804, 0.5160238, 0.5023529, 0.5093451, 0.5111777, 0.5098481, 0.51091194, 0.5170361, 0.51257175, 0.5098053, 0.514006, 0.51237464]
[0.50503945, 0.50898045, 0.5099336, 0.50781965, 0.5067337, 0.50485706, 0.50558084, 0.5053051, 0.50611925, 0.50224423, 0.5024766, 0.50195843, 0.5021966, 0.5028596, 0.500669, 0.5048801, 0.50389886, 0.5027418, 0.50882596, 0.50926435, 0.509999, 0.5104721, 0.50911164, 0.5082602, 0.50280493, 0.5097626, 0.50863445, 0.5091115, 0.51116085, 0.50862026, 0.514602, 0.5039888, 0.5132677, 0.5149638, 0.5050956, 0.5086464, 0.50999695, 0.5123596, 0.5027475, 0.5029367, 0.5046449, 0.5011249, 0.50730425, 0.5087075, 0.50941116, 0.5093434, 0.50729525, 0.50292665, 0.5062276, 0.501736, 0.5028966, 0.50391245, 0.51101786, 0.5048951, 0.5083041, 0.5087857, 0.5073183, 0.50409734, 0.504016, 0.50222415, 0.507366, 0.50621665, 0.50229305, 0.5125713, 0.51121044, 0.51163566, 0.5079342, 0.50771457, 0.5138771, 0.5109749, 0.51034963, 0.5104849, 0.5092687, 0.5024332, 0.51388425, 0.5141227, 0.5142224, 0.5101622, 0.5133875, 0.5101505, 0.51299304, 0.5142259, 0.51335526, 0.5125226, 0.51118386, 0.5125114, 0.50949126, 0.5073535, 0.5117879, 0.51376545, 0.51079774, 0.50821966, 0.5138052, 0.51204133, 0.51112646, 0.51137954, 0.51300037, 0.5143903, 0.5124397, 0.5160892, 0.51380944, 0.5139145, 0.5133463, 0.51519173, 0.51503825, 0.5126834, 0.5145015, 0.5147585, 0.5144791, 0.51297545, 0.51610374, 0.5147418, 0.5132007, 0.5124498, 0.50292253, 0.5119431, 0.51427805, 0.5126612, 0.51056707, 0.5083474, 0.5010688, 0.51112056, 0.50870526, 0.51299965, 0.51154405, 0.5129338, 0.5117159, 0.5125326, 0.51425314, 0.51020753, 0.5104853, 0.5100801, 0.5059482, 0.5013779, 0.50178266, 0.50938433, 0.5086636, 0.50911784, 0.50871056, 0.50817764, 0.51484644, 0.5098577, 0.511966, 0.510808, 0.5084779, 0.51426965, 0.50746, 0.50324565, 0.50500065, 0.50980586, 0.5105012, 0.50807273, 0.5130942, 0.50916547, 0.50534636, 0.50285476, 0.5072541, 0.50699055, 0.50851893, 0.5091023, 0.5057912, 0.51270545, 0.5111972, 0.5110558, 0.5035231, 0.50289, 0.5139441, 0.50420654, 0.50870883, 0.50220066, 0.50172114, 0.5069318, 0.5059075, 0.51398754, 0.51510763, 0.5152702, 0.5020311, 0.5055668, 0.5094971, 0.5139897, 0.50725865, 0.504956, 0.50971043, 0.51084894, 0.5004265, 0.51192844, 0.5114306, 0.501262, 0.5131019, 0.5126057, 0.51094484, 0.508665, 0.5100567, 0.512223, 0.5120749, 0.5148977, 0.50712085, 0.51313055, 0.51019484, 0.5107415, 0.5151072, 0.51272255, 0.514431, 0.51248896, 0.51261556, 0.5063103, 0.5152371, 0.51373345, 0.5130169, 0.5164062, 0.5151703, 0.51551795, 0.5132744, 0.5140893, 0.5122369, 0.5124835, 0.5127642, 0.51465636, 0.5147938, 0.51470536, 0.51474524, 0.5120042, 0.50142634, 0.5032869, 0.50811446, 0.5126411, 0.5113836, 0.5104144, 0.5148537, 0.5066198, 0.5045308, 0.50568706, 0.50734156, 0.50907373, 0.50782835, 0.5115459, 0.50854707, 0.5065203, 0.5120963, 0.5111525, 0.5115641, 0.5120044, 0.5115729, 0.5097256, 0.5121754, 0.51133305, 0.50997925, 0.5103785, 0.5109428, 0.5115816, 0.51002705, 0.5044341, 0.5126293, 0.5058638, 0.5092536, 0.50747806, 0.50704485, 0.5081799, 0.5121976, 0.51348656, 0.5130726, 0.50143635, 0.50924844, 0.50962883, 0.50917685, 0.50981617, 0.51437986, 0.51166475, 0.50797623, 0.5122606, 0.5112212]
[0.5036381, 0.50735706, 0.5079818, 0.5061689, 0.5045313, 0.50319153, 0.50375193, 0.5031739, 0.50374067, 0.5003666, 0.5004075, 0.50036955, 0.50011563, 0.500286, 0.502564, 0.5027976, 0.5011446, 0.50000054, 0.5098601, 0.50949216, 0.51075757, 0.51134735, 0.5082165, 0.50774854, 0.5064785, 0.5104686, 0.5090491, 0.50991666, 0.5118922, 0.5095134, 0.51622766, 0.50592196, 0.5144449, 0.51708, 0.5032557, 0.51011014, 0.51099944, 0.51372135, 0.502109, 0.5014562, 0.50261927, 0.50283056, 0.5053335, 0.5063014, 0.50769764, 0.5074492, 0.5052717, 0.50031465, 0.5065734, 0.50119084, 0.5004809, 0.50196046, 0.51267487, 0.5031137, 0.50623626, 0.5074485, 0.5044587, 0.5013821, 0.5015605, 0.5012263, 0.50785, 0.50755066, 0.5002708, 0.5131737, 0.5121, 0.5126357, 0.5070113, 0.5085502, 0.5160647, 0.5112513, 0.5116477, 0.51081014, 0.50923055, 0.5060701, 0.5147848, 0.51525456, 0.516075, 0.5118958, 0.5148719, 0.5113246, 0.51501614, 0.5154749, 0.5146439, 0.51372254, 0.5116699, 0.514363, 0.51161474, 0.5096459, 0.5125415, 0.51566726, 0.5117701, 0.5091541, 0.51566684, 0.51323825, 0.5118886, 0.51098055, 0.5147068, 0.5157122, 0.51319635, 0.51797146, 0.516054, 0.51530665, 0.515319, 0.516826, 0.516664, 0.5140705, 0.5163065, 0.5167775, 0.51618105, 0.51473355, 0.5178184, 0.5161061, 0.5151559, 0.5147033, 0.5040183, 0.5124419, 0.5144577, 0.5131502, 0.5110758, 0.5083034, 0.5032719, 0.51236564, 0.50883454, 0.5140507, 0.5129877, 0.51405007, 0.51276433, 0.51336694, 0.5157759, 0.51151294, 0.5111746, 0.5105675, 0.50982314, 0.50353056, 0.50406486, 0.5092294, 0.50915074, 0.5095327, 0.5095054, 0.5092002, 0.51659155, 0.51057076, 0.5137116, 0.51237917, 0.50970465, 0.5157245, 0.50797135, 0.5060984, 0.5080817, 0.51106465, 0.5116132, 0.50860906, 0.51435274, 0.5096238, 0.50657403, 0.5054534, 0.50511634, 0.50522995, 0.50910854, 0.5097929, 0.5078147, 0.5136309, 0.5121274, 0.5123012, 0.5060581, 0.5048231, 0.5166083, 0.50640666, 0.51003826, 0.5057683, 0.50200826, 0.50767446, 0.5066923, 0.51558936, 0.5163862, 0.5177959, 0.50466573, 0.50686115, 0.5099205, 0.51532507, 0.5081032, 0.5072211, 0.50987464, 0.5111351, 0.50358707, 0.51229274, 0.5116996, 0.50118333, 0.5146799, 0.51367056, 0.51187253, 0.50951916, 0.5100102, 0.5134705, 0.51367855, 0.5173652, 0.5060836, 0.5138598, 0.5105678, 0.51156163, 0.51681393, 0.5141729, 0.5157062, 0.513931, 0.5141354, 0.5063153, 0.51726496, 0.5153603, 0.5145024, 0.5183541, 0.5168857, 0.5174779, 0.5146529, 0.51583874, 0.51433796, 0.5142744, 0.5143601, 0.5155, 0.51600164, 0.51622856, 0.5159812, 0.5134412, 0.50079477, 0.50053096, 0.50802505, 0.51397145, 0.5128371, 0.51140386, 0.51628464, 0.5072432, 0.50646764, 0.50711584, 0.50860626, 0.5098908, 0.508037, 0.5129285, 0.50929606, 0.5069217, 0.5132787, 0.5121705, 0.51258415, 0.5130468, 0.5129716, 0.50943655, 0.51274186, 0.51240695, 0.5108465, 0.5107091, 0.51149374, 0.51325643, 0.51094204, 0.50686693, 0.5132055, 0.5077647, 0.50951993, 0.50684834, 0.50569355, 0.50808793, 0.51373327, 0.51549053, 0.5148307, 0.5018837, 0.50962335, 0.5110317, 0.5091925, 0.509809, 0.5160696, 0.51215184, 0.5092437, 0.51297647, 0.5120353]
[0.5025448, 0.5050184, 0.50537705, 0.5041852, 0.50291544, 0.5018243, 0.5026278, 0.50270855, 0.5030055, 0.5003526, 0.500483, 0.5009443, 0.5024571, 0.5025863, 0.5012988, 0.50197005, 0.50159687, 0.50084496, 0.50961864, 0.5099349, 0.5109258, 0.51125216, 0.50849503, 0.50799334, 0.50554144, 0.510909, 0.50961155, 0.50985557, 0.5122439, 0.5109292, 0.51587653, 0.5060585, 0.51414406, 0.5175734, 0.5021406, 0.5116367, 0.511007, 0.51355934, 0.5010996, 0.5014959, 0.50213325, 0.5007502, 0.50418496, 0.50495374, 0.50564253, 0.50538397, 0.50398856, 0.50064373, 0.50557184, 0.50068253, 0.5018465, 0.50229985, 0.51251125, 0.502062, 0.50462955, 0.50510347, 0.50347495, 0.5019551, 0.50221103, 0.50166553, 0.5092965, 0.5088409, 0.5009558, 0.5130672, 0.5122608, 0.5119066, 0.50289935, 0.50623167, 0.5156311, 0.5122431, 0.51278704, 0.51064175, 0.5083821, 0.50662524, 0.5144074, 0.51506346, 0.51635677, 0.5118493, 0.5147743, 0.5114861, 0.5156331, 0.51474565, 0.5149514, 0.51446176, 0.51161647, 0.5136953, 0.5120093, 0.5098163, 0.5133137, 0.5157781, 0.5122167, 0.51048225, 0.5147354, 0.5130834, 0.5120279, 0.5116225, 0.5141357, 0.5161203, 0.51398885, 0.51743215, 0.516779, 0.51497906, 0.51520824, 0.5166026, 0.51798743, 0.5149577, 0.5172101, 0.51705694, 0.516533, 0.5146245, 0.51778364, 0.5155606, 0.5153248, 0.51437855, 0.50563145, 0.5118901, 0.51381606, 0.5144828, 0.51170415, 0.5085448, 0.5035506, 0.51285124, 0.5096608, 0.51467526, 0.51353514, 0.51498985, 0.5136855, 0.5134454, 0.5161536, 0.51214105, 0.5115349, 0.51085216, 0.5075058, 0.50455976, 0.50365376, 0.51059306, 0.5093439, 0.51007646, 0.5100839, 0.50940496, 0.51605016, 0.5111018, 0.51341206, 0.5132124, 0.5094297, 0.5158189, 0.5088137, 0.5058065, 0.506924, 0.5107241, 0.51185316, 0.5067599, 0.51498276, 0.51038104, 0.5075864, 0.5061941, 0.5036301, 0.5038757, 0.51060253, 0.50990444, 0.50764704, 0.5137879, 0.5123447, 0.51211697, 0.5020316, 0.5000114, 0.5159455, 0.50646675, 0.5107388, 0.50804085, 0.5042765, 0.50932145, 0.5089846, 0.5159323, 0.5169652, 0.51833934, 0.5054315, 0.5076626, 0.5103419, 0.5160974, 0.5090264, 0.5056144, 0.5084916, 0.5125501, 0.50393546, 0.5128132, 0.5126479, 0.50021106, 0.51455283, 0.5135316, 0.51233965, 0.5089282, 0.5107002, 0.5140435, 0.5145148, 0.51699543, 0.5049501, 0.51373386, 0.5112636, 0.5119996, 0.5157891, 0.5143146, 0.5165749, 0.514349, 0.5146281, 0.5069238, 0.51681465, 0.5145611, 0.51489824, 0.5186552, 0.51754236, 0.51773745, 0.5153861, 0.5158083, 0.5145021, 0.515148, 0.5153649, 0.5165359, 0.5162338, 0.5160117, 0.5152396, 0.51409465, 0.5008826, 0.50137085, 0.506288, 0.5135218, 0.512726, 0.51102537, 0.5163708, 0.5034324, 0.5037516, 0.50534564, 0.5082207, 0.5098938, 0.50919265, 0.51310605, 0.50825065, 0.50862944, 0.51324165, 0.5134696, 0.5135068, 0.5133024, 0.51297176, 0.5110519, 0.5139941, 0.5132448, 0.5113148, 0.5111239, 0.5136652, 0.5119196, 0.5110278, 0.5081128, 0.51426, 0.505504, 0.51102114, 0.508252, 0.5046771, 0.5093755, 0.51334786, 0.5134022, 0.51448154, 0.5008877, 0.50966495, 0.5122688, 0.5088441, 0.5102723, 0.51654494, 0.5128278, 0.5089847, 0.5138634, 0.5130176]
[0.5031195, 0.5069217, 0.5076615, 0.5059033, 0.50424266, 0.5030468, 0.5035915, 0.5030974, 0.50336736, 0.50026536, 0.50025904, 0.5005537, 0.5009349, 0.50040454, 0.50283504, 0.50302005, 0.50094295, 0.50040144, 0.5081376, 0.50794184, 0.5092189, 0.5092251, 0.5068112, 0.50663435, 0.5057132, 0.5083977, 0.50764686, 0.50787604, 0.50979334, 0.5077524, 0.51275915, 0.5054753, 0.5115791, 0.5135475, 0.50306153, 0.50790155, 0.5089995, 0.51067907, 0.5031548, 0.5015052, 0.5022268, 0.50304323, 0.50463223, 0.5057825, 0.507274, 0.5068222, 0.50493777, 0.5009094, 0.50542533, 0.5015953, 0.5005124, 0.5017188, 0.5099196, 0.50350857, 0.506406, 0.507064, 0.5039829, 0.5016439, 0.501579, 0.50108427, 0.50710547, 0.5061028, 0.50016445, 0.5102553, 0.50949496, 0.5099478, 0.5071907, 0.5073236, 0.5131015, 0.50898623, 0.5086742, 0.50901395, 0.50775796, 0.5058638, 0.51180196, 0.51183414, 0.5129646, 0.5092861, 0.51162827, 0.5089181, 0.51132184, 0.5122522, 0.51155937, 0.510715, 0.5094162, 0.5114945, 0.509411, 0.50791603, 0.509028, 0.5121084, 0.50925374, 0.5072384, 0.51268, 0.5100475, 0.5091472, 0.5087471, 0.51162726, 0.5121095, 0.5105475, 0.51429874, 0.5124045, 0.5126994, 0.5124231, 0.51298285, 0.5127223, 0.5111092, 0.5125362, 0.5127892, 0.5125479, 0.5113731, 0.5137427, 0.5125634, 0.51149255, 0.51129353, 0.5019364, 0.5102886, 0.5117157, 0.5099439, 0.5090357, 0.5072611, 0.5025948, 0.51006013, 0.5075391, 0.51042765, 0.5099603, 0.5108901, 0.5100764, 0.5102311, 0.5124074, 0.5091366, 0.50899214, 0.50871825, 0.50773007, 0.50264096, 0.504329, 0.50716066, 0.5073066, 0.50738704, 0.5075208, 0.5073012, 0.5130338, 0.50842875, 0.51040584, 0.509889, 0.5076243, 0.5119887, 0.50697154, 0.5054001, 0.50660485, 0.50883275, 0.50899833, 0.5073846, 0.5109639, 0.50712866, 0.5047702, 0.5046857, 0.50475216, 0.50480074, 0.5071072, 0.507607, 0.5066736, 0.5108184, 0.5094919, 0.50921416, 0.5068802, 0.505736, 0.51345295, 0.5059686, 0.50826854, 0.5041725, 0.50044125, 0.50639856, 0.50585204, 0.51196533, 0.51278216, 0.51362306, 0.5024193, 0.50510615, 0.5075607, 0.51228374, 0.506959, 0.5069885, 0.5082133, 0.5083314, 0.5030469, 0.5093812, 0.509209, 0.500906, 0.51168084, 0.510961, 0.5092695, 0.5076948, 0.50809765, 0.51026505, 0.51074123, 0.51334924, 0.50594133, 0.51048934, 0.5081682, 0.50892043, 0.51305604, 0.5113484, 0.5120212, 0.5107681, 0.5106864, 0.506098, 0.51310647, 0.5119173, 0.5111679, 0.51427644, 0.51290995, 0.51387614, 0.5114861, 0.51258147, 0.5111628, 0.51074946, 0.5109819, 0.5118998, 0.5125547, 0.512234, 0.5120899, 0.5104292, 0.50139636, 0.50130564, 0.50700307, 0.51091874, 0.509679, 0.50914955, 0.5130398, 0.5072872, 0.506903, 0.50701123, 0.5077279, 0.5084043, 0.50665736, 0.51060265, 0.508716, 0.5062534, 0.5104989, 0.5093927, 0.5096848, 0.5100106, 0.50999117, 0.50738543, 0.5094205, 0.5097031, 0.5087906, 0.50879455, 0.50880367, 0.51068896, 0.50838256, 0.5068087, 0.51032215, 0.5066808, 0.5075642, 0.5057965, 0.50490755, 0.5070928, 0.51037604, 0.5120421, 0.51195735, 0.50086004, 0.50744915, 0.50853586, 0.5077781, 0.50852257, 0.51211953, 0.5091837, 0.50778997, 0.50993305, 0.5092631]
[0.50023097, 0.50341916, 0.5041103, 0.5021387, 0.50102323, 0.5001644, 0.5009564, 0.4995836, 0.5007841, 0.5016104, 0.5015395, 0.5011157, 0.5014606, 0.5007677, 0.5026779, 0.4996442, 0.50073934, 0.5017336, 0.50722814, 0.50695205, 0.5076082, 0.50779027, 0.5060446, 0.5055313, 0.5048684, 0.50724846, 0.50665385, 0.5066113, 0.50840807, 0.50693625, 0.51030684, 0.50463724, 0.5095013, 0.51098955, 0.49987766, 0.5070946, 0.50743884, 0.50899583, 0.50358874, 0.5005776, 0.4996294, 0.5033898, 0.50165117, 0.50267744, 0.50353885, 0.5034692, 0.5012705, 0.5009163, 0.5048328, 0.50233227, 0.5009728, 0.5002362, 0.5082621, 0.5001294, 0.5028895, 0.5037327, 0.5014401, 0.50015587, 0.5001767, 0.50168806, 0.5062984, 0.5051761, 0.50195944, 0.5082888, 0.50799185, 0.5080995, 0.50606775, 0.5058342, 0.51060367, 0.50740623, 0.50752664, 0.5073634, 0.5065718, 0.50500274, 0.50956994, 0.50967765, 0.5106784, 0.5080935, 0.50962985, 0.5077421, 0.5095782, 0.50987524, 0.50959533, 0.50917685, 0.5081135, 0.50917983, 0.5081172, 0.50694597, 0.50774443, 0.5100765, 0.5075996, 0.50621134, 0.5103376, 0.5083388, 0.50760174, 0.50748944, 0.5096087, 0.5100531, 0.5088216, 0.51158684, 0.5104637, 0.51047385, 0.5102903, 0.5103754, 0.5106432, 0.50949764, 0.5103113, 0.51051843, 0.5104049, 0.5093036, 0.51128495, 0.5102193, 0.5096672, 0.5093011, 0.503259, 0.50858843, 0.50949377, 0.50868833, 0.50750995, 0.5059952, 0.5026513, 0.5085527, 0.5064904, 0.50880235, 0.50842166, 0.5091883, 0.50842434, 0.5083613, 0.5101833, 0.5078799, 0.50771207, 0.5075074, 0.5064581, 0.5031548, 0.5042072, 0.5062746, 0.5061739, 0.50640935, 0.5064576, 0.5062611, 0.51069826, 0.50700665, 0.50876445, 0.5083496, 0.50672364, 0.51001775, 0.5060697, 0.5049315, 0.5055059, 0.5076397, 0.5075292, 0.505575, 0.50901496, 0.5062722, 0.5045997, 0.50478894, 0.5013998, 0.5013025, 0.50621617, 0.506566, 0.50521713, 0.5089137, 0.50795203, 0.50789994, 0.5056517, 0.5050841, 0.51082385, 0.5052242, 0.5071777, 0.5043265, 0.50137645, 0.50551134, 0.5054848, 0.5097516, 0.5104182, 0.51129466, 0.5027748, 0.50453955, 0.50671166, 0.51015484, 0.5063251, 0.50607, 0.506878, 0.50701237, 0.5034093, 0.50806975, 0.5077233, 0.50209546, 0.5096517, 0.5092206, 0.508027, 0.5065026, 0.50699, 0.5088427, 0.5087443, 0.510843, 0.50528413, 0.50844914, 0.50684017, 0.5074295, 0.51059645, 0.5095105, 0.51033586, 0.5090821, 0.5090953, 0.5055326, 0.51060104, 0.5094096, 0.509176, 0.511577, 0.510602, 0.5112872, 0.50953555, 0.51036394, 0.5092963, 0.50916654, 0.5092255, 0.5096151, 0.5102807, 0.5099395, 0.5095001, 0.5088632, 0.50225854, 0.5004653, 0.50556767, 0.50873965, 0.50819844, 0.50779235, 0.51059604, 0.50621617, 0.505852, 0.5059087, 0.5065805, 0.5070858, 0.5060076, 0.5087001, 0.5069606, 0.5054466, 0.5087691, 0.5079718, 0.5079212, 0.508078, 0.5079735, 0.5066444, 0.5082776, 0.5081459, 0.5075086, 0.5075387, 0.507718, 0.5081052, 0.50700384, 0.5060364, 0.50878656, 0.5054451, 0.5065572, 0.50499296, 0.5014031, 0.5061185, 0.5084543, 0.50972044, 0.5097707, 0.50193155, 0.5061449, 0.5074001, 0.50668454, 0.5075737, 0.5102171, 0.5080287, 0.5068271, 0.5086583, 0.5078806]
[0.50262, 0.5062274, 0.5068396, 0.50512725, 0.5035728, 0.5024744, 0.50314426, 0.5024805, 0.50341046, 0.5017215, 0.5016961, 0.5009005, 0.50074005, 0.5016473, 0.5016046, 0.5020475, 0.5007982, 0.5005746, 0.5086384, 0.50876355, 0.50966936, 0.51001906, 0.5086637, 0.5079783, 0.5053751, 0.50946784, 0.50843036, 0.50876343, 0.5106075, 0.50896496, 0.51320046, 0.5061694, 0.51231444, 0.51425284, 0.50269824, 0.508981, 0.50939286, 0.51167613, 0.50452435, 0.5002037, 0.5023518, 0.50259113, 0.50462294, 0.50593376, 0.506556, 0.5064456, 0.5045851, 0.5007854, 0.5074124, 0.5018315, 0.50066274, 0.50181997, 0.5103179, 0.5019461, 0.5054032, 0.50622785, 0.5043177, 0.5012806, 0.5013326, 0.5006427, 0.50812745, 0.5080036, 0.5007785, 0.5113581, 0.5104288, 0.5103554, 0.50642544, 0.50712955, 0.5130053, 0.51026183, 0.510221, 0.50958717, 0.50852257, 0.50563186, 0.5127265, 0.51300377, 0.51310015, 0.5095773, 0.5122756, 0.5095275, 0.51244783, 0.51275045, 0.51255363, 0.5118491, 0.51032, 0.5113218, 0.5097633, 0.50840324, 0.5112138, 0.512903, 0.5098084, 0.508449, 0.512621, 0.51131684, 0.51022965, 0.5104226, 0.51195055, 0.5133028, 0.511556, 0.5147706, 0.5134418, 0.5125306, 0.5127565, 0.51413244, 0.5143006, 0.512185, 0.5138899, 0.5136327, 0.51338965, 0.51177746, 0.5146953, 0.51343274, 0.51258403, 0.5117704, 0.50604826, 0.5106775, 0.5125163, 0.5124474, 0.5096792, 0.5080442, 0.50353277, 0.510571, 0.508201, 0.51228255, 0.5113816, 0.51234394, 0.5109664, 0.5115413, 0.51347077, 0.50995237, 0.51003873, 0.50943196, 0.5068254, 0.5045507, 0.5050021, 0.5090907, 0.50835115, 0.5086131, 0.50874805, 0.50838065, 0.51367635, 0.5095968, 0.51171666, 0.5106014, 0.5085355, 0.51341873, 0.5079587, 0.5063554, 0.50675064, 0.5092144, 0.5099968, 0.50710493, 0.5122831, 0.5085394, 0.5066793, 0.5062335, 0.5047185, 0.50510734, 0.5090781, 0.50849503, 0.5069036, 0.51189727, 0.5104501, 0.51044464, 0.5054594, 0.505078, 0.5130165, 0.5061348, 0.50919557, 0.5062517, 0.5027496, 0.50794214, 0.5076351, 0.5129501, 0.5138702, 0.51502794, 0.50594336, 0.5072561, 0.50901043, 0.51332265, 0.50786394, 0.50627863, 0.50838155, 0.51043475, 0.5040846, 0.5108211, 0.5105123, 0.5021558, 0.5121387, 0.51149625, 0.5103993, 0.50796, 0.509617, 0.51160204, 0.51171184, 0.5135799, 0.5069013, 0.5120501, 0.5097263, 0.51021266, 0.51374704, 0.51166815, 0.5141717, 0.5119345, 0.51232475, 0.50707185, 0.51407564, 0.5124162, 0.51218176, 0.5155364, 0.5142394, 0.5144282, 0.5122583, 0.51323456, 0.511365, 0.5119707, 0.5123206, 0.51370704, 0.51389766, 0.51326084, 0.51317835, 0.51152825, 0.50078154, 0.50063145, 0.5072405, 0.5115073, 0.5106043, 0.5093897, 0.51381433, 0.5061856, 0.5056265, 0.5060643, 0.5073209, 0.50837666, 0.50792325, 0.5105224, 0.5075229, 0.5071415, 0.5115362, 0.51083326, 0.51076734, 0.510957, 0.51062745, 0.5093209, 0.5116804, 0.5106782, 0.5092393, 0.50961834, 0.51061136, 0.51068693, 0.50949246, 0.5067263, 0.5116811, 0.5072706, 0.5087137, 0.5072068, 0.5051926, 0.50791365, 0.5113748, 0.5121206, 0.51184916, 0.5033243, 0.5088523, 0.50999594, 0.5084082, 0.5094683, 0.51364833, 0.51140386, 0.5078406, 0.5114721, 0.51056963]
[0.50032526, 0.5029134, 0.50341606, 0.50244117, 0.5014479, 0.50071466, 0.50134826, 0.50082976, 0.5012444, 0.5003645, 0.5007649, 0.5007047, 0.5005365, 0.5000954, 0.50215644, 0.5010816, 0.49968705, 0.50114286, 0.5107267, 0.51062125, 0.5117187, 0.51194614, 0.50839525, 0.5090909, 0.50681597, 0.5107009, 0.5097548, 0.51018375, 0.51309097, 0.51125854, 0.5164002, 0.5068732, 0.51509774, 0.51788086, 0.5004498, 0.51146364, 0.5117793, 0.51410985, 0.5045774, 0.4996981, 0.5004804, 0.504001, 0.5022522, 0.5030952, 0.5037774, 0.5036038, 0.5023029, 0.5004414, 0.5071258, 0.503889, 0.50153685, 0.5002587, 0.5133058, 0.50102264, 0.5033282, 0.50388473, 0.50160474, 0.4998176, 0.49980897, 0.5017601, 0.5094452, 0.50797886, 0.50062937, 0.5128845, 0.51180387, 0.51293546, 0.5092823, 0.50819236, 0.5170871, 0.5117541, 0.5119055, 0.5116745, 0.510118, 0.5079284, 0.51495457, 0.5154583, 0.51677734, 0.5122852, 0.5155324, 0.51197255, 0.5153468, 0.5154506, 0.5153002, 0.5145844, 0.51286286, 0.51440907, 0.51264095, 0.51098865, 0.51285267, 0.51611423, 0.51253104, 0.51053405, 0.516488, 0.5135871, 0.5124628, 0.51283413, 0.51500493, 0.51595646, 0.5137473, 0.51840633, 0.5167005, 0.51625746, 0.51599824, 0.5166516, 0.51698506, 0.5151416, 0.5164913, 0.5169455, 0.5165425, 0.51484513, 0.5182264, 0.51656413, 0.51536393, 0.51475996, 0.504973, 0.5132038, 0.51492, 0.513242, 0.51204544, 0.5097796, 0.50446934, 0.5133454, 0.5099364, 0.51399714, 0.5130162, 0.51500386, 0.51341003, 0.51316553, 0.5166482, 0.5126437, 0.51198506, 0.5113135, 0.5092409, 0.5050051, 0.50606424, 0.50985754, 0.5100883, 0.51018095, 0.51041466, 0.51002043, 0.51667726, 0.5104238, 0.51356554, 0.5128613, 0.50962234, 0.5157153, 0.50942516, 0.50716794, 0.50906783, 0.5116845, 0.5113554, 0.5098749, 0.5145341, 0.50971717, 0.5068342, 0.50741726, 0.5020517, 0.5018931, 0.51013, 0.5102589, 0.50857943, 0.51399624, 0.512446, 0.51277274, 0.5085671, 0.50791085, 0.5169765, 0.507708, 0.51100343, 0.50728583, 0.5022349, 0.50921696, 0.50847566, 0.5157597, 0.51694226, 0.5179168, 0.5054876, 0.50774604, 0.51050806, 0.5160942, 0.51043123, 0.5084464, 0.5106568, 0.5115167, 0.505079, 0.5126596, 0.51220894, 0.5021094, 0.51528704, 0.51446235, 0.5126272, 0.51024246, 0.5107633, 0.5141598, 0.5145056, 0.51732904, 0.50716174, 0.5134979, 0.51117104, 0.5120297, 0.5172439, 0.5147423, 0.51610166, 0.51428056, 0.51471746, 0.50854033, 0.5172196, 0.51495457, 0.51480776, 0.5185013, 0.5170329, 0.51823026, 0.5158961, 0.5167592, 0.51462066, 0.51472205, 0.5148489, 0.51575834, 0.5167263, 0.51623815, 0.51523024, 0.5139679, 0.5025911, 0.49989334, 0.50753164, 0.51366776, 0.5133019, 0.51213515, 0.5167204, 0.5091171, 0.50874996, 0.50933635, 0.5100512, 0.5108176, 0.5095685, 0.5135414, 0.5106279, 0.5079598, 0.5140737, 0.5126105, 0.5123586, 0.512451, 0.51238036, 0.51040614, 0.5133155, 0.51345134, 0.5115915, 0.51148057, 0.5118623, 0.51311415, 0.5110313, 0.5090275, 0.5141467, 0.50914645, 0.5099812, 0.5079104, 0.5023197, 0.5090728, 0.513787, 0.51552904, 0.5157688, 0.5012398, 0.5091506, 0.51156634, 0.5101656, 0.511014, 0.51661086, 0.51247513, 0.5107448, 0.51345897, 0.5120888]
[0.50266737, 0.5056262, 0.50638276, 0.50452167, 0.5031944, 0.50149614, 0.5023371, 0.50198764, 0.50261587, 0.5010421, 0.5014806, 0.5013273, 0.5007498, 0.50112885, 0.501998, 0.5016315, 0.50099516, 0.50108904, 0.5076401, 0.5079145, 0.50859, 0.50877917, 0.5077371, 0.5075764, 0.50477165, 0.5085904, 0.507278, 0.5076509, 0.5093285, 0.5080231, 0.51184595, 0.50577193, 0.5106727, 0.51253104, 0.50171494, 0.5080026, 0.5082501, 0.5096859, 0.50463253, 0.50072956, 0.5012657, 0.50254536, 0.50410354, 0.50502855, 0.5058527, 0.50560564, 0.5039242, 0.5011423, 0.5066153, 0.5014375, 0.50069934, 0.50102705, 0.509198, 0.5016501, 0.50452435, 0.50534606, 0.50358665, 0.5012102, 0.50119245, 0.500813, 0.5071911, 0.5066326, 0.50056684, 0.510176, 0.5094554, 0.509113, 0.5058621, 0.5071469, 0.5115474, 0.5089465, 0.5092509, 0.5086009, 0.507182, 0.5061189, 0.51074237, 0.51115775, 0.5112102, 0.5084079, 0.5108276, 0.50852334, 0.5111686, 0.51151776, 0.51112413, 0.5106505, 0.5094148, 0.50998837, 0.5083995, 0.50719553, 0.50976306, 0.5116462, 0.50905865, 0.5074646, 0.5114149, 0.5100021, 0.50953704, 0.5094584, 0.51078814, 0.51158965, 0.5103883, 0.5127601, 0.5116136, 0.5114948, 0.51120186, 0.51239747, 0.5121724, 0.5105525, 0.5118648, 0.5121291, 0.5119959, 0.5107282, 0.5130028, 0.51201135, 0.51099396, 0.51056087, 0.50523746, 0.509615, 0.5111341, 0.510285, 0.5087186, 0.50735104, 0.5029427, 0.50937414, 0.50730103, 0.5108013, 0.5100222, 0.51086044, 0.5099811, 0.50989825, 0.51152843, 0.5086591, 0.5087561, 0.50849926, 0.5064932, 0.50473773, 0.50500965, 0.50771296, 0.50750685, 0.50756884, 0.50771356, 0.5072855, 0.5119964, 0.508219, 0.50989807, 0.50910604, 0.50733757, 0.5114682, 0.5068047, 0.5054693, 0.5060668, 0.50837, 0.5090816, 0.50699925, 0.5107365, 0.507765, 0.50631505, 0.50617814, 0.5038398, 0.50404334, 0.5078341, 0.5079788, 0.5062819, 0.5103199, 0.5093078, 0.5096201, 0.50508696, 0.50417805, 0.5113447, 0.50628334, 0.5076573, 0.5052425, 0.50311214, 0.5070208, 0.5064083, 0.5115532, 0.5120124, 0.5125196, 0.50472957, 0.506273, 0.50808924, 0.5116166, 0.50628686, 0.5064523, 0.5081613, 0.5090649, 0.50408095, 0.5096454, 0.50952744, 0.502129, 0.51046133, 0.51026356, 0.5091443, 0.5074503, 0.50858355, 0.5103009, 0.50990736, 0.5120078, 0.5068562, 0.51069534, 0.50868356, 0.50917244, 0.5120072, 0.5103495, 0.51200926, 0.51055205, 0.5109579, 0.5062704, 0.5123567, 0.5111961, 0.51087195, 0.51334554, 0.512754, 0.5124428, 0.5111107, 0.5119892, 0.5102382, 0.51017135, 0.51095694, 0.5120598, 0.51207995, 0.5118599, 0.5116872, 0.50993013, 0.5007598, 0.5005839, 0.50674003, 0.51019794, 0.5093185, 0.50854397, 0.51231194, 0.50550985, 0.50539154, 0.5060484, 0.50668997, 0.5076918, 0.5071235, 0.509786, 0.5071719, 0.50634784, 0.51036227, 0.50934577, 0.5095872, 0.50955576, 0.5096298, 0.5081175, 0.5099461, 0.5091257, 0.50788087, 0.50819796, 0.5090805, 0.5091962, 0.5082937, 0.5069186, 0.51024073, 0.5062771, 0.5078692, 0.50657034, 0.5045127, 0.507263, 0.50998336, 0.5109682, 0.5106228, 0.5025805, 0.5079173, 0.5086087, 0.5077512, 0.50828254, 0.5120562, 0.5095883, 0.5070675, 0.5104501, 0.5095598]
[0.5007897, 0.50512445, 0.5058558, 0.50372624, 0.5023414, 0.5011934, 0.5021152, 0.50119156, 0.50195163, 0.50244, 0.50319886, 0.5022069, 0.50129867, 0.5003979, 0.5027293, 0.5016357, 0.50172484, 0.5019482, 0.5085052, 0.50860965, 0.5095783, 0.50955975, 0.506695, 0.50678736, 0.506197, 0.50869846, 0.5078735, 0.50845426, 0.50987977, 0.5089686, 0.5122449, 0.5061968, 0.51121926, 0.5135035, 0.50059724, 0.5092144, 0.5089966, 0.510999, 0.50461596, 0.5014126, 0.500621, 0.5039571, 0.5038371, 0.50520533, 0.50614226, 0.5061036, 0.50407195, 0.50166, 0.50650316, 0.50337285, 0.502062, 0.50061655, 0.50992465, 0.50156605, 0.5053656, 0.5060454, 0.50311255, 0.50067425, 0.5003548, 0.50186974, 0.5081212, 0.50757456, 0.50236267, 0.5099002, 0.50985813, 0.5094835, 0.5068066, 0.5065249, 0.5130053, 0.5100119, 0.5097201, 0.5090587, 0.5076835, 0.50650007, 0.5115164, 0.51164985, 0.51273566, 0.5096157, 0.51162475, 0.5096675, 0.5116504, 0.51156706, 0.511661, 0.5113389, 0.50982517, 0.51104915, 0.5098459, 0.50864667, 0.5100646, 0.5120882, 0.5096163, 0.50820833, 0.51188886, 0.51041883, 0.5097013, 0.50966555, 0.51135343, 0.51202524, 0.510358, 0.5135117, 0.51265484, 0.51204854, 0.5120597, 0.5126962, 0.51348346, 0.5117775, 0.51289386, 0.51272374, 0.5125063, 0.5110472, 0.51345295, 0.5123234, 0.5118013, 0.5114804, 0.50517476, 0.50988305, 0.5113646, 0.5105146, 0.5095484, 0.5078697, 0.5056242, 0.51012605, 0.5079502, 0.51118463, 0.5105068, 0.51122195, 0.5103784, 0.5102376, 0.5125861, 0.5096405, 0.5095776, 0.5091091, 0.5072454, 0.50495696, 0.50538045, 0.50824153, 0.5080135, 0.50823283, 0.50832367, 0.508073, 0.5127464, 0.50896156, 0.51036745, 0.51004964, 0.5080565, 0.51233894, 0.5076597, 0.5063501, 0.506991, 0.5091527, 0.5094167, 0.50728285, 0.5113678, 0.50805914, 0.506468, 0.506294, 0.5036248, 0.50364083, 0.50831336, 0.5084046, 0.50693464, 0.51088595, 0.5096959, 0.5099299, 0.5067205, 0.50559515, 0.51269144, 0.50663286, 0.5088255, 0.5065627, 0.50444514, 0.5076736, 0.5074106, 0.5119598, 0.5127585, 0.5138587, 0.505602, 0.5066616, 0.50835794, 0.5122157, 0.5081467, 0.50643796, 0.5080663, 0.5096662, 0.50523394, 0.5100523, 0.5097382, 0.50334656, 0.5115059, 0.5107119, 0.5097665, 0.508211, 0.50873494, 0.5112148, 0.5111283, 0.5128471, 0.5062173, 0.5102349, 0.50864977, 0.5091829, 0.5125929, 0.51115113, 0.5124887, 0.51110995, 0.51135755, 0.506905, 0.51283556, 0.51153696, 0.51123124, 0.5137409, 0.5130876, 0.51391053, 0.51188827, 0.5126438, 0.51112425, 0.5116306, 0.51148486, 0.51251066, 0.5123178, 0.512116, 0.5114515, 0.5112956, 0.50228584, 0.50154656, 0.5070857, 0.510473, 0.51012564, 0.50943255, 0.51253575, 0.50652224, 0.5063728, 0.50694126, 0.50767726, 0.50856465, 0.50774544, 0.5104954, 0.50802267, 0.50741535, 0.51083714, 0.51013225, 0.5100256, 0.5100185, 0.5095505, 0.50856906, 0.5106355, 0.5104153, 0.5094083, 0.509294, 0.50998414, 0.5092126, 0.50873625, 0.5073304, 0.51084125, 0.5064536, 0.50835174, 0.5068755, 0.50386924, 0.5084375, 0.5106951, 0.5113677, 0.51186454, 0.50447226, 0.50813746, 0.50952667, 0.507921, 0.5085672, 0.5125262, 0.510085, 0.50834644, 0.51096606, 0.5101533]
[0.5028283, 0.50585264, 0.50673157, 0.50511426, 0.50401133, 0.502668, 0.50323886, 0.50200015, 0.5029906, 0.50177526, 0.50174326, 0.5021282, 0.5019404, 0.5019024, 0.50310403, 0.5019561, 0.50101984, 0.5012931, 0.50668305, 0.50644916, 0.5066347, 0.5066364, 0.5066163, 0.5058411, 0.5048597, 0.5069593, 0.50611025, 0.5065339, 0.5078542, 0.50596076, 0.5097077, 0.5040626, 0.509083, 0.50990593, 0.5023865, 0.50649863, 0.5070334, 0.507955, 0.50315005, 0.50083154, 0.5016956, 0.50226766, 0.5045838, 0.5055072, 0.5059955, 0.50575477, 0.5039927, 0.5008622, 0.50536156, 0.50214887, 0.50120574, 0.5008461, 0.5074834, 0.50213754, 0.5050597, 0.5056202, 0.5044665, 0.5010759, 0.50090677, 0.50206697, 0.50556296, 0.5055215, 0.5016304, 0.50866085, 0.50791675, 0.5080171, 0.5057606, 0.5060378, 0.50891453, 0.5076648, 0.5073473, 0.5073375, 0.5065625, 0.5038091, 0.5090668, 0.5092642, 0.50896627, 0.5072426, 0.5088791, 0.50688, 0.5089343, 0.509502, 0.5089862, 0.5083918, 0.5076332, 0.5083916, 0.5068569, 0.5056305, 0.50800294, 0.50923413, 0.5075255, 0.5059418, 0.5091168, 0.50798786, 0.50744444, 0.50695586, 0.5085761, 0.50959694, 0.50851595, 0.5105845, 0.5091035, 0.5092259, 0.50881225, 0.5101172, 0.50989574, 0.50837743, 0.5097441, 0.50970405, 0.5096342, 0.5087098, 0.510416, 0.50978535, 0.50899965, 0.5085671, 0.5041899, 0.5079287, 0.50880164, 0.5085316, 0.5073241, 0.5053141, 0.50170225, 0.507725, 0.5063507, 0.5087343, 0.5080777, 0.50891024, 0.50794065, 0.5085141, 0.50923204, 0.50680053, 0.5072525, 0.50646716, 0.5058734, 0.502603, 0.5032326, 0.5067184, 0.5061856, 0.5064921, 0.5063307, 0.5059429, 0.5097995, 0.50702536, 0.50810856, 0.5075924, 0.50635475, 0.5093569, 0.5057465, 0.5041669, 0.50449455, 0.5067229, 0.50760746, 0.5063704, 0.50873715, 0.5066728, 0.5056423, 0.5040888, 0.50370365, 0.5035769, 0.50599724, 0.5065696, 0.5053049, 0.5082721, 0.50753665, 0.50741607, 0.50517374, 0.5044908, 0.5093662, 0.5047975, 0.50617033, 0.5044136, 0.50221723, 0.5053572, 0.50413287, 0.5093175, 0.50987947, 0.51034385, 0.50438887, 0.505217, 0.5064647, 0.5089584, 0.5043384, 0.5052199, 0.50660115, 0.5074292, 0.5027409, 0.5079641, 0.5079382, 0.5021633, 0.50894237, 0.508245, 0.5069642, 0.5063333, 0.5066831, 0.5080779, 0.5081259, 0.5102147, 0.5053606, 0.50881505, 0.50705075, 0.5074559, 0.5097517, 0.5083794, 0.50974995, 0.508382, 0.5082615, 0.5049129, 0.5104513, 0.5090501, 0.5091669, 0.5105052, 0.5101971, 0.50999093, 0.5087937, 0.5094881, 0.5083254, 0.50820327, 0.5083164, 0.50948644, 0.50976557, 0.5095148, 0.5099519, 0.5084114, 0.50199586, 0.5011207, 0.50603664, 0.5086597, 0.5077882, 0.50694203, 0.509804, 0.50524807, 0.5050825, 0.50508565, 0.5058283, 0.5065522, 0.5056557, 0.50788355, 0.50673825, 0.50523406, 0.5079149, 0.5078681, 0.50801516, 0.50839806, 0.50835186, 0.50667286, 0.50829786, 0.5078346, 0.50679684, 0.5070065, 0.50738955, 0.5081276, 0.5069342, 0.5045839, 0.5083241, 0.5051665, 0.506339, 0.50585556, 0.50412434, 0.50567484, 0.50790584, 0.50857925, 0.50864273, 0.50322133, 0.50656915, 0.5067338, 0.5065042, 0.5073108, 0.50978625, 0.50762165, 0.50562596, 0.5084603, 0.5078135]
[0.50067765, 0.503896, 0.5045063, 0.5030398, 0.5021431, 0.50108784, 0.50174016, 0.5011161, 0.5017112, 0.50250983, 0.5019755, 0.5016068, 0.5012592, 0.5004905, 0.50283355, 0.50122017, 0.5010887, 0.5018195, 0.5096499, 0.51018476, 0.5102728, 0.5107533, 0.5093008, 0.50845677, 0.5060317, 0.5103532, 0.5095203, 0.50984085, 0.5118968, 0.50942355, 0.5143056, 0.5071201, 0.5134233, 0.51485175, 0.500624, 0.5098149, 0.5105664, 0.5126864, 0.50477356, 0.50120354, 0.50039756, 0.50458676, 0.50260913, 0.50375134, 0.5044387, 0.50445944, 0.5028938, 0.50136316, 0.5079495, 0.5025704, 0.50124866, 0.5003621, 0.5117417, 0.50059587, 0.5041575, 0.50466514, 0.5021818, 0.50008595, 0.50010014, 0.5017204, 0.5092407, 0.5084909, 0.5015844, 0.5119356, 0.5115681, 0.511477, 0.5086961, 0.50814325, 0.51415086, 0.51087475, 0.5106588, 0.51002944, 0.50894743, 0.5059592, 0.5132787, 0.5136503, 0.51439524, 0.51110363, 0.51333845, 0.51041436, 0.5131736, 0.51347375, 0.5133671, 0.5127838, 0.511518, 0.51270163, 0.51088613, 0.50961417, 0.511769, 0.51383424, 0.5109182, 0.50917476, 0.5139302, 0.512232, 0.5112673, 0.51120883, 0.5132202, 0.5140343, 0.51230603, 0.51551193, 0.5142313, 0.5139179, 0.5136999, 0.5145295, 0.5147191, 0.51322514, 0.51436335, 0.5143395, 0.5141116, 0.51243275, 0.51550674, 0.5139898, 0.5133459, 0.5125328, 0.5060055, 0.5116578, 0.5135775, 0.5123811, 0.51120925, 0.50903124, 0.5039687, 0.51156133, 0.5088705, 0.51266646, 0.51172465, 0.513315, 0.51189834, 0.5121919, 0.5143554, 0.51124966, 0.51100314, 0.5105016, 0.5081082, 0.504549, 0.50612915, 0.50993013, 0.50988287, 0.50966084, 0.5096702, 0.50963044, 0.5146402, 0.51003844, 0.5123608, 0.5115854, 0.50946456, 0.51431525, 0.5088849, 0.50681466, 0.5076422, 0.51059246, 0.51058984, 0.5074815, 0.5130595, 0.50921303, 0.507207, 0.50677186, 0.50322074, 0.5030475, 0.5093916, 0.5096252, 0.5077036, 0.51265, 0.51142246, 0.5115542, 0.50566894, 0.5058895, 0.5143471, 0.50585055, 0.51007825, 0.50688714, 0.50363696, 0.5092146, 0.50876904, 0.5133996, 0.5146233, 0.5151782, 0.5070819, 0.5083699, 0.51027787, 0.5140191, 0.50950134, 0.5064586, 0.5094368, 0.51103365, 0.5050342, 0.5117597, 0.511252, 0.5034651, 0.51313245, 0.5125088, 0.51136374, 0.5093574, 0.5107274, 0.5125108, 0.5123224, 0.5144153, 0.5075613, 0.51251864, 0.51056767, 0.51115227, 0.514625, 0.5130166, 0.5143127, 0.51289415, 0.5129802, 0.5074458, 0.51462394, 0.51329786, 0.5129753, 0.5160408, 0.51472294, 0.51553285, 0.5130106, 0.51417744, 0.5119019, 0.5130623, 0.51266885, 0.5140312, 0.5142943, 0.51396924, 0.5136813, 0.5125688, 0.50249445, 0.50023043, 0.5074875, 0.5121117, 0.51076543, 0.51032305, 0.51453626, 0.50824225, 0.5065884, 0.50717753, 0.50872386, 0.50973874, 0.50945765, 0.51187015, 0.5085472, 0.50788516, 0.5122948, 0.5115865, 0.5114287, 0.5115656, 0.5112081, 0.50994694, 0.51212955, 0.51189256, 0.5111357, 0.5110841, 0.51132905, 0.51156443, 0.51059335, 0.50692344, 0.51286995, 0.5080843, 0.5090197, 0.50683284, 0.5026402, 0.5081203, 0.51202106, 0.513661, 0.5128907, 0.5046434, 0.50988775, 0.51049256, 0.5098895, 0.5104823, 0.5142602, 0.5118627, 0.5093663, 0.51179916, 0.51111007]
[0.50028676, 0.50213164, 0.5024147, 0.5015423, 0.5008797, 0.49966365, 0.50000924, 0.49994314, 0.5005472, 0.5005489, 0.50202173, 0.4999354, 0.4994312, 0.49959144, 0.500991, 0.499704, 0.4993913, 0.5001438, 0.508824, 0.5086487, 0.50942034, 0.50974953, 0.5080887, 0.50757265, 0.50614804, 0.5091941, 0.50832766, 0.5085294, 0.51033723, 0.50929487, 0.513465, 0.5063669, 0.51212525, 0.5147053, 0.4998943, 0.50910354, 0.50949347, 0.51162136, 0.50427467, 0.49912664, 0.49971265, 0.5035851, 0.5009684, 0.50175023, 0.5022091, 0.50225073, 0.50127363, 0.49978003, 0.5064008, 0.50107855, 0.49955943, 0.49984086, 0.51034504, 0.4998352, 0.5017615, 0.5020606, 0.50079465, 0.49930704, 0.49962702, 0.49985442, 0.50806767, 0.50717837, 0.5002143, 0.51112336, 0.51062554, 0.5104245, 0.50651526, 0.50713587, 0.5134706, 0.5107653, 0.5103716, 0.50955236, 0.50844336, 0.50619125, 0.5126061, 0.5127042, 0.5136139, 0.51004434, 0.5123163, 0.5098076, 0.5128119, 0.5129888, 0.51268256, 0.51204485, 0.5099422, 0.5117704, 0.5099603, 0.50839233, 0.5111861, 0.5130963, 0.51009065, 0.5086914, 0.51303476, 0.510942, 0.5098633, 0.5100217, 0.51211816, 0.5134475, 0.5115828, 0.5147898, 0.5137784, 0.5128814, 0.5130955, 0.51394635, 0.51424974, 0.5124051, 0.5141757, 0.51390547, 0.5137309, 0.5121879, 0.51481444, 0.5132286, 0.5127894, 0.5123814, 0.50533456, 0.51046795, 0.5118994, 0.5115729, 0.5099183, 0.5083491, 0.504382, 0.5106539, 0.50819653, 0.51203746, 0.51078534, 0.5121843, 0.5111225, 0.51137704, 0.51384735, 0.5103164, 0.51000226, 0.5092521, 0.50753736, 0.50461507, 0.5048821, 0.50877076, 0.50844926, 0.5084475, 0.5088459, 0.5083812, 0.51354605, 0.5095495, 0.51145536, 0.51069754, 0.5083774, 0.5131594, 0.5076389, 0.5061044, 0.50689733, 0.50910634, 0.51005644, 0.5074294, 0.5125326, 0.5086274, 0.50676286, 0.5060126, 0.5010397, 0.501089, 0.5088199, 0.50869393, 0.50686365, 0.5118028, 0.51051027, 0.50992864, 0.50581276, 0.50385284, 0.5137941, 0.50690234, 0.5089559, 0.5060996, 0.5031113, 0.5077183, 0.50779784, 0.51327264, 0.51410407, 0.5151846, 0.50532836, 0.50688297, 0.508556, 0.5134299, 0.50791574, 0.5066794, 0.5080371, 0.5102494, 0.50390935, 0.5107904, 0.5104927, 0.50240296, 0.51252395, 0.5115469, 0.5104978, 0.5080208, 0.5087185, 0.51165503, 0.512, 0.51415247, 0.50601333, 0.51191545, 0.509531, 0.5101486, 0.51358163, 0.5119099, 0.5137508, 0.5119862, 0.51191485, 0.50720316, 0.5141732, 0.5124031, 0.5122937, 0.5157649, 0.5142777, 0.5148188, 0.51257044, 0.5134116, 0.5120267, 0.5122508, 0.51250356, 0.5137316, 0.5138254, 0.5136325, 0.51278746, 0.51161957, 0.49996948, 0.4993696, 0.5076029, 0.5116197, 0.51101923, 0.5098167, 0.51359624, 0.5061807, 0.5060765, 0.50662893, 0.5075684, 0.508515, 0.5077365, 0.51091737, 0.50795937, 0.5074687, 0.51158464, 0.5109209, 0.5109307, 0.511039, 0.51075435, 0.5090199, 0.51150155, 0.5111023, 0.5094745, 0.5091752, 0.5105379, 0.5111599, 0.5096275, 0.5072971, 0.5117454, 0.5067301, 0.5088521, 0.5073284, 0.5014832, 0.50818706, 0.51145095, 0.5119516, 0.51215494, 0.50117636, 0.5081964, 0.51016426, 0.50807446, 0.5089799, 0.51389146, 0.51062214, 0.5081876, 0.51116616, 0.5105846]
[0.50259244, 0.5050208, 0.50565636, 0.5036408, 0.5025573, 0.5008365, 0.5016134, 0.5013086, 0.50217915, 0.5013837, 0.50124794, 0.5006513, 0.50083816, 0.50117534, 0.50047934, 0.5008945, 0.5004718, 0.5005447, 0.51046914, 0.50984305, 0.51108253, 0.5107658, 0.5088576, 0.5082636, 0.507457, 0.5105515, 0.5098146, 0.5100558, 0.5119843, 0.51050836, 0.51450264, 0.50784034, 0.51346976, 0.51534534, 0.50143075, 0.5105546, 0.5110367, 0.51230305, 0.5040763, 0.50040305, 0.5011759, 0.5047315, 0.5031333, 0.5041083, 0.5047563, 0.5046628, 0.50305337, 0.50156975, 0.5080933, 0.50009143, 0.50054616, 0.500628, 0.51165336, 0.50152713, 0.5040247, 0.50463396, 0.50285476, 0.5005013, 0.5003593, 0.49980506, 0.5093618, 0.50897527, 0.5005055, 0.5125001, 0.51215786, 0.51100695, 0.50743306, 0.50897264, 0.5147953, 0.51169235, 0.5116093, 0.5104649, 0.5092789, 0.50839204, 0.5129519, 0.5133723, 0.5140748, 0.5109948, 0.5132179, 0.5112983, 0.5135084, 0.51408386, 0.5131152, 0.51301706, 0.5113218, 0.51302654, 0.5109368, 0.5095271, 0.5119849, 0.51409215, 0.5110992, 0.5096089, 0.5134133, 0.51220536, 0.51146394, 0.510584, 0.5131995, 0.5143836, 0.5128608, 0.515597, 0.5146397, 0.5142022, 0.5140158, 0.5149223, 0.51543045, 0.5131318, 0.51517844, 0.5147196, 0.51457727, 0.51331717, 0.5157975, 0.5143296, 0.513491, 0.5129627, 0.5070862, 0.511615, 0.51332587, 0.51248664, 0.5108352, 0.508654, 0.50540066, 0.5119076, 0.5096474, 0.51322997, 0.5127863, 0.51332986, 0.51253456, 0.5124046, 0.513901, 0.511269, 0.5110248, 0.5107265, 0.50953937, 0.50627303, 0.5067186, 0.50975317, 0.5090305, 0.50975245, 0.50954497, 0.50956416, 0.51475084, 0.5106519, 0.51261604, 0.5120712, 0.50975597, 0.5140657, 0.5087817, 0.5077856, 0.5085114, 0.51081306, 0.5117621, 0.50919825, 0.51369786, 0.51022583, 0.50853306, 0.50893015, 0.5027399, 0.5028844, 0.5099719, 0.5103542, 0.50891304, 0.51267517, 0.5116367, 0.511612, 0.5065021, 0.5048914, 0.51395303, 0.50835884, 0.51007247, 0.50889236, 0.5064077, 0.5087424, 0.50863, 0.51391035, 0.51470983, 0.51547605, 0.50647324, 0.50805986, 0.5105275, 0.5139015, 0.5082382, 0.5086891, 0.51019335, 0.5112635, 0.50535774, 0.51198334, 0.5116645, 0.50192803, 0.5136862, 0.51272553, 0.51166266, 0.5097659, 0.51056546, 0.51292926, 0.5127795, 0.5155128, 0.50872934, 0.5127281, 0.5106869, 0.51129127, 0.5141368, 0.51302344, 0.514769, 0.5130881, 0.5135808, 0.50800997, 0.5154668, 0.5137948, 0.5135919, 0.5161413, 0.5157929, 0.51546025, 0.5136955, 0.5145448, 0.513471, 0.5132225, 0.5136147, 0.51440877, 0.51455605, 0.5140975, 0.51439226, 0.5129338, 0.49999237, 0.5006617, 0.50888336, 0.5124693, 0.5119327, 0.5110969, 0.5146938, 0.5079523, 0.5084373, 0.5089394, 0.5095376, 0.5104972, 0.50911283, 0.51226234, 0.5097918, 0.50915444, 0.5125382, 0.5119889, 0.5123172, 0.51231027, 0.512065, 0.51037866, 0.51256007, 0.51187855, 0.510336, 0.510657, 0.511745, 0.5114178, 0.510507, 0.5094535, 0.5125867, 0.50794894, 0.510398, 0.5087167, 0.50348216, 0.5093066, 0.5120271, 0.5131041, 0.5133337, 0.5035676, 0.5098418, 0.5111765, 0.50996304, 0.5106274, 0.5147612, 0.5117403, 0.5096648, 0.5129051, 0.51231647]
[0.5030384, 0.50656223, 0.50747436, 0.50616, 0.5043161, 0.50373775, 0.5043199, 0.50346106, 0.5045441, 0.5003729, 0.5000816, 0.5003824, 0.50058323, 0.5011629, 0.50035185, 0.503289, 0.5020333, 0.5000073, 0.50933415, 0.509826, 0.5101437, 0.51106226, 0.50963104, 0.5085752, 0.5069475, 0.50992763, 0.5091015, 0.50936866, 0.5115803, 0.5091476, 0.5158716, 0.5053195, 0.5140309, 0.51661533, 0.5030493, 0.50935805, 0.5096577, 0.51296926, 0.503643, 0.50174296, 0.5033041, 0.5013011, 0.5053265, 0.5064698, 0.507248, 0.50731814, 0.5055693, 0.5016153, 0.50630486, 0.50057155, 0.5005908, 0.5029474, 0.51134807, 0.5029081, 0.5066677, 0.5069451, 0.505212, 0.5025595, 0.50243074, 0.5011442, 0.5090347, 0.50650793, 0.5003388, 0.51291627, 0.5113508, 0.5122124, 0.50709444, 0.5075191, 0.51440775, 0.51087123, 0.51061237, 0.51008755, 0.5091036, 0.5033416, 0.51411027, 0.5145814, 0.515663, 0.5114804, 0.5146639, 0.5103212, 0.514349, 0.5140718, 0.5142047, 0.51331186, 0.51118296, 0.51302123, 0.5111097, 0.5094536, 0.5119077, 0.51532626, 0.511494, 0.50904983, 0.5145069, 0.51207167, 0.51178175, 0.5121727, 0.51340294, 0.51534367, 0.51268244, 0.5172659, 0.5153294, 0.5147428, 0.5144702, 0.5154886, 0.5165248, 0.5139519, 0.51607764, 0.51590145, 0.5155623, 0.5133511, 0.516869, 0.51559985, 0.5139602, 0.5125482, 0.5020347, 0.51143694, 0.5144238, 0.51405853, 0.5113383, 0.5089853, 0.5012405, 0.5118145, 0.5082907, 0.51334196, 0.5124443, 0.5147952, 0.5126418, 0.51269674, 0.5154612, 0.5110555, 0.51063913, 0.5103599, 0.5068666, 0.5022666, 0.50354236, 0.50951666, 0.5088422, 0.50914526, 0.50945306, 0.50822186, 0.515867, 0.5101325, 0.5126943, 0.51170063, 0.5086857, 0.5156257, 0.50705963, 0.5052684, 0.5061512, 0.51010317, 0.51008695, 0.507761, 0.5134246, 0.50936663, 0.50611925, 0.50297517, 0.5052988, 0.5057065, 0.50894195, 0.5093744, 0.5070225, 0.51339644, 0.51193625, 0.5108181, 0.503764, 0.5034267, 0.5154684, 0.5051941, 0.5098663, 0.5042203, 0.5004784, 0.5082938, 0.5084316, 0.5147825, 0.5160343, 0.5168404, 0.5038193, 0.50617236, 0.5096304, 0.5159823, 0.5083714, 0.5057553, 0.5089322, 0.5111886, 0.5029672, 0.5121404, 0.51126575, 0.5003673, 0.5135745, 0.51269454, 0.5111786, 0.5081575, 0.5109316, 0.51284444, 0.5132057, 0.515027, 0.50695497, 0.5132132, 0.51034427, 0.5112115, 0.5160195, 0.5134047, 0.5154347, 0.51347566, 0.51382244, 0.50765723, 0.5153736, 0.5136325, 0.5138054, 0.517672, 0.5159752, 0.5167829, 0.51388115, 0.514699, 0.5126222, 0.51383704, 0.51326567, 0.51581395, 0.51543015, 0.514189, 0.5143788, 0.51250625, 0.501016, 0.5016011, 0.5070124, 0.51265377, 0.51100093, 0.510301, 0.51650125, 0.5066094, 0.50469947, 0.5056881, 0.50753534, 0.5090589, 0.50917035, 0.5120303, 0.50800794, 0.5067975, 0.5127246, 0.51228803, 0.51202095, 0.5120905, 0.51142186, 0.5090518, 0.5122898, 0.5123632, 0.5101908, 0.51031923, 0.51153415, 0.51145285, 0.51009077, 0.50721675, 0.5132121, 0.50645304, 0.5092344, 0.5068003, 0.5053604, 0.50879353, 0.5131226, 0.5138683, 0.5139709, 0.50180715, 0.50964993, 0.51068413, 0.50864226, 0.50994515, 0.51511776, 0.5121975, 0.50917906, 0.5121063, 0.51186246]
[0.50069475, 0.50329894, 0.5039043, 0.5027448, 0.50154763, 0.50081015, 0.5013866, 0.5007703, 0.5011287, 0.50337666, 0.50281507, 0.5024652, 0.50161785, 0.5004384, 0.50408345, 0.50050783, 0.50084245, 0.50230545, 0.511201, 0.5114559, 0.51237416, 0.512311, 0.5115118, 0.51034206, 0.5082103, 0.5119326, 0.5108732, 0.51116425, 0.51377136, 0.51111454, 0.51635903, 0.50843734, 0.5155073, 0.51761496, 0.5006344, 0.5111392, 0.5120809, 0.5139963, 0.5066719, 0.50141895, 0.50049603, 0.5049902, 0.5024809, 0.5032631, 0.50424016, 0.50400895, 0.5027034, 0.5019669, 0.50916487, 0.5025502, 0.50083375, 0.5003206, 0.513391, 0.50071293, 0.5030862, 0.5037315, 0.50212616, 0.50041777, 0.5000615, 0.5027315, 0.5099929, 0.5097144, 0.5026498, 0.5143357, 0.513609, 0.51356965, 0.5095824, 0.5096853, 0.5163014, 0.51281875, 0.51269084, 0.51210374, 0.51093143, 0.5078374, 0.51554155, 0.51592445, 0.5164259, 0.5126035, 0.51534694, 0.512048, 0.5152682, 0.51576173, 0.51549417, 0.5147603, 0.5128795, 0.5145059, 0.5120285, 0.51005054, 0.51370317, 0.5162276, 0.5128372, 0.5107998, 0.51598907, 0.51384616, 0.5128929, 0.5128769, 0.5148526, 0.51631844, 0.5145314, 0.51833916, 0.5163439, 0.5158884, 0.51548, 0.51722515, 0.51721483, 0.5149523, 0.51736283, 0.51697576, 0.5165776, 0.5150503, 0.51791775, 0.516352, 0.5153405, 0.51501846, 0.50703603, 0.5137004, 0.5155415, 0.514466, 0.5126364, 0.5102065, 0.5051214, 0.51340944, 0.51089746, 0.5148593, 0.51379514, 0.51517093, 0.5139013, 0.51419604, 0.5160948, 0.51257265, 0.5126153, 0.51193655, 0.5098934, 0.50590616, 0.50690466, 0.51123893, 0.5111511, 0.5115675, 0.5114577, 0.51069456, 0.51715547, 0.51226175, 0.51422113, 0.5130967, 0.51084894, 0.51608586, 0.509758, 0.506981, 0.50922996, 0.512217, 0.5127649, 0.51042813, 0.5153088, 0.51090664, 0.50847054, 0.50803596, 0.50254023, 0.5024069, 0.5110711, 0.51089334, 0.5093835, 0.5146185, 0.5131181, 0.5129668, 0.50757384, 0.50754416, 0.5168645, 0.50846606, 0.5114209, 0.50781596, 0.503606, 0.5098309, 0.50936687, 0.5161926, 0.5171854, 0.51787055, 0.50751853, 0.5092819, 0.5115871, 0.5160554, 0.5102584, 0.5085512, 0.5113142, 0.5129186, 0.5059249, 0.51324946, 0.51317126, 0.50363714, 0.51515436, 0.5142728, 0.5127458, 0.51064515, 0.5121681, 0.5141805, 0.5144559, 0.51673794, 0.50899976, 0.5147724, 0.5120972, 0.5127852, 0.51714575, 0.5147257, 0.5167256, 0.51480067, 0.5149635, 0.50913626, 0.5169718, 0.5155258, 0.51524884, 0.5185558, 0.5173807, 0.5178321, 0.5154281, 0.5163946, 0.5143855, 0.51514184, 0.515408, 0.51649654, 0.5169123, 0.515865, 0.516203, 0.51447815, 0.5031584, 0.50096846, 0.5100836, 0.51456285, 0.5132792, 0.51244944, 0.5170013, 0.50933355, 0.50870353, 0.50910336, 0.51023626, 0.5112213, 0.5103288, 0.5136469, 0.5109292, 0.50940305, 0.51420313, 0.5131059, 0.51318765, 0.51361877, 0.51338935, 0.51182216, 0.5143513, 0.51379967, 0.5119035, 0.51214665, 0.5130365, 0.513971, 0.51166034, 0.509447, 0.5144016, 0.5094401, 0.5114583, 0.5094942, 0.5024563, 0.5106147, 0.5144016, 0.5151269, 0.5150435, 0.5049333, 0.5115782, 0.5124634, 0.5111664, 0.5119542, 0.5167545, 0.5135355, 0.51059854, 0.5140347, 0.5130871]
[0.50137556, 0.5040188, 0.5045389, 0.5029134, 0.50190836, 0.50087225, 0.50133944, 0.5004576, 0.5012202, 0.5026551, 0.50304455, 0.5016541, 0.50122136, 0.50028723, 0.5031588, 0.50039816, 0.50123453, 0.50214255, 0.50903976, 0.5089889, 0.5099892, 0.5101593, 0.5086071, 0.5081094, 0.50680846, 0.50971776, 0.50874275, 0.50907993, 0.5107056, 0.5090805, 0.51288635, 0.50675267, 0.51210606, 0.51398104, 0.5006277, 0.5093223, 0.5093827, 0.5114531, 0.50518835, 0.50092876, 0.5003406, 0.5038674, 0.50250036, 0.50335234, 0.504204, 0.5041367, 0.50242794, 0.50124073, 0.50748736, 0.50276685, 0.50143635, 0.5002367, 0.51051503, 0.5005618, 0.5030716, 0.5037566, 0.5017876, 0.5006405, 0.50053686, 0.50208986, 0.5084309, 0.50802755, 0.5025917, 0.511073, 0.5106565, 0.51048875, 0.50624907, 0.5077703, 0.5129038, 0.51032335, 0.5102249, 0.509401, 0.5085497, 0.50675994, 0.5119379, 0.5121908, 0.5128056, 0.51011264, 0.51206374, 0.5098968, 0.512343, 0.5124757, 0.5122922, 0.5118325, 0.5102447, 0.511356, 0.5098511, 0.50840104, 0.5105637, 0.51292753, 0.5100358, 0.5083121, 0.51271176, 0.51122344, 0.510362, 0.5101134, 0.5118975, 0.51312685, 0.5114588, 0.5142566, 0.51307803, 0.5125956, 0.5124123, 0.5135214, 0.51365525, 0.51170385, 0.5135301, 0.51341426, 0.5131614, 0.5119815, 0.5139219, 0.51311815, 0.5124052, 0.51193815, 0.50562525, 0.5105087, 0.5118598, 0.5117749, 0.5102811, 0.5079442, 0.5045713, 0.51064587, 0.5081682, 0.51203966, 0.51135194, 0.5120255, 0.5108488, 0.5111288, 0.5131562, 0.5104255, 0.5101245, 0.509807, 0.50796217, 0.50517976, 0.5057093, 0.50891525, 0.50851774, 0.50920343, 0.50910485, 0.5087092, 0.51334715, 0.50978035, 0.51147985, 0.510846, 0.50858235, 0.51294845, 0.50745517, 0.5062483, 0.5070127, 0.5096703, 0.5104745, 0.5080357, 0.5122455, 0.5090813, 0.5070187, 0.50645125, 0.5024149, 0.50247043, 0.50880796, 0.5086813, 0.50657284, 0.51146793, 0.51055425, 0.50986034, 0.506779, 0.5048558, 0.51326054, 0.507529, 0.5092484, 0.50680375, 0.50362414, 0.5077702, 0.5076026, 0.5126781, 0.5133483, 0.51456624, 0.5053515, 0.50695163, 0.5090202, 0.51279265, 0.50855726, 0.50667053, 0.5084179, 0.5103098, 0.5060171, 0.5106106, 0.5104562, 0.50375956, 0.51216626, 0.5114207, 0.51025426, 0.5082824, 0.50959563, 0.5112929, 0.51153183, 0.5133691, 0.5066911, 0.51137006, 0.50989807, 0.5103432, 0.5135053, 0.5116567, 0.51349634, 0.51162624, 0.5118972, 0.5074825, 0.5133727, 0.5122396, 0.5121186, 0.51479506, 0.5136116, 0.5141451, 0.5118917, 0.51277983, 0.51164, 0.5121052, 0.5119807, 0.5128778, 0.5132721, 0.5128, 0.5123534, 0.51147777, 0.5013215, 0.5013245, 0.5076982, 0.51107734, 0.51069176, 0.50996536, 0.51326025, 0.50669646, 0.50664383, 0.5069129, 0.5080834, 0.5089586, 0.5081477, 0.5111911, 0.50856465, 0.5077827, 0.511435, 0.51084125, 0.5106265, 0.51061726, 0.51054466, 0.5086217, 0.51089704, 0.51076204, 0.5093718, 0.5093298, 0.5102779, 0.5104611, 0.5094901, 0.50793326, 0.5115806, 0.50674355, 0.50923926, 0.50746095, 0.50278944, 0.5085752, 0.5115062, 0.511776, 0.51199913, 0.5037976, 0.5089818, 0.50992405, 0.50840074, 0.50937665, 0.5134115, 0.5107884, 0.5084026, 0.511223, 0.5106695]
[0.5004791, 0.50208944, 0.50249934, 0.5015631, 0.50098675, 0.5001901, 0.5005305, 0.5004271, 0.50054765, 0.49916598, 0.49911502, 0.49947667, 0.49940026, 0.49965632, 0.4997123, 0.5004427, 0.49965286, 0.4992377, 0.51173574, 0.51206386, 0.51302177, 0.5136494, 0.5107115, 0.5100232, 0.50490576, 0.5121363, 0.5094355, 0.5112631, 0.5141878, 0.51301634, 0.5178442, 0.50648826, 0.51623505, 0.51957124, 0.50017965, 0.5120086, 0.51305753, 0.51570135, 0.5060822, 0.49945986, 0.5002335, 0.5021721, 0.50117904, 0.501922, 0.50214046, 0.50212693, 0.5012294, 0.49945545, 0.507869, 0.5008017, 0.49914852, 0.49985126, 0.5140234, 0.500163, 0.501871, 0.50222707, 0.50105196, 0.5000479, 0.49987647, 0.49924463, 0.51021093, 0.507505, 0.49925318, 0.51479864, 0.5139647, 0.51411897, 0.50961447, 0.51099724, 0.51826316, 0.514147, 0.5138829, 0.5133355, 0.51123846, 0.5057033, 0.5167275, 0.516897, 0.5182629, 0.5132547, 0.51695436, 0.5130273, 0.5166198, 0.5175905, 0.51690894, 0.5164768, 0.5140372, 0.516235, 0.51339203, 0.5113357, 0.5142488, 0.5174287, 0.5137548, 0.51181394, 0.5176002, 0.5149227, 0.51418597, 0.5137169, 0.5168455, 0.5175283, 0.51565194, 0.51999736, 0.5184852, 0.5177279, 0.51742756, 0.5185314, 0.51894623, 0.5165556, 0.51820546, 0.51859874, 0.51846904, 0.5162065, 0.5197393, 0.51822627, 0.5170385, 0.51618373, 0.50298065, 0.51498395, 0.5174437, 0.5145941, 0.5134794, 0.51104975, 0.5040105, 0.51417875, 0.51090676, 0.51550114, 0.5140357, 0.5162821, 0.5147664, 0.51533496, 0.51778036, 0.51406306, 0.51336616, 0.513279, 0.5091808, 0.5040119, 0.50479555, 0.5112765, 0.51117617, 0.51111776, 0.51144964, 0.5111794, 0.5188765, 0.512389, 0.51523864, 0.5140419, 0.5116055, 0.5181845, 0.5103171, 0.5058231, 0.5094064, 0.51288635, 0.51308954, 0.5102071, 0.5164785, 0.5114258, 0.50757885, 0.50719696, 0.5012045, 0.50105476, 0.51128024, 0.51185644, 0.50869733, 0.5160496, 0.5142376, 0.51415056, 0.5083147, 0.5057579, 0.51799494, 0.5096294, 0.51167697, 0.5049171, 0.5003208, 0.51047564, 0.5101617, 0.51740885, 0.5189466, 0.5193063, 0.5036796, 0.5079462, 0.51223534, 0.51769495, 0.5110963, 0.50968707, 0.5122008, 0.5137394, 0.5022949, 0.5149109, 0.51415956, 0.5001386, 0.5168548, 0.51556647, 0.5143932, 0.5116309, 0.51284915, 0.5158431, 0.51569027, 0.51884156, 0.5087528, 0.5158514, 0.5127242, 0.5136727, 0.5184995, 0.5161185, 0.517733, 0.5157227, 0.51667434, 0.50923085, 0.51895076, 0.51717365, 0.51640284, 0.5208924, 0.51885414, 0.5200465, 0.5165008, 0.51787937, 0.5158707, 0.5162273, 0.5169222, 0.5177281, 0.5185214, 0.5181516, 0.5169387, 0.5152372, 0.49909103, 0.4996938, 0.51056504, 0.5151021, 0.5145916, 0.51355237, 0.5186238, 0.50895447, 0.50700873, 0.5087815, 0.5098838, 0.5115535, 0.5106642, 0.514896, 0.5111902, 0.50983536, 0.51594007, 0.51400787, 0.5139858, 0.514426, 0.5143869, 0.511806, 0.5148174, 0.5145303, 0.5128063, 0.5126559, 0.513877, 0.51412964, 0.51273483, 0.5098137, 0.51547784, 0.5098, 0.5118142, 0.5099527, 0.5011652, 0.5106828, 0.51480496, 0.5169941, 0.51649743, 0.50037247, 0.51114446, 0.51285833, 0.51182574, 0.51212096, 0.5181636, 0.5143626, 0.5110463, 0.515147, 0.5142931]
[0.5027998, 0.50549245, 0.506087, 0.50453526, 0.5036512, 0.5022835, 0.5027873, 0.50270087, 0.5030662, 0.5004283, 0.5008581, 0.50090677, 0.5006934, 0.5005333, 0.5038536, 0.50232315, 0.5012185, 0.50046486, 0.5095299, 0.5100006, 0.51123035, 0.51164395, 0.5099072, 0.5098106, 0.5049408, 0.51006925, 0.5088486, 0.5095436, 0.5122907, 0.51004684, 0.5155362, 0.50755113, 0.51390445, 0.51691186, 0.5026626, 0.5098508, 0.51123166, 0.5138058, 0.5063522, 0.50044763, 0.50239277, 0.5024429, 0.5038729, 0.5049406, 0.5052889, 0.5051482, 0.5036027, 0.5001677, 0.5070327, 0.50196594, 0.5006511, 0.50190276, 0.511882, 0.5026023, 0.50477004, 0.50543416, 0.50364476, 0.5011742, 0.50114864, 0.5009738, 0.5086983, 0.5060611, 0.5004567, 0.51312286, 0.51211137, 0.51309377, 0.50872034, 0.5090145, 0.5155969, 0.5121223, 0.5116667, 0.5120464, 0.51044697, 0.50562674, 0.51489013, 0.5152447, 0.51605654, 0.51166904, 0.51482, 0.5110522, 0.51475984, 0.5153977, 0.51524806, 0.5138812, 0.5124019, 0.5135466, 0.5111768, 0.5096692, 0.5122371, 0.51512086, 0.51226395, 0.51043683, 0.51572907, 0.5134202, 0.5123464, 0.5133129, 0.5145077, 0.51549065, 0.51313597, 0.5174637, 0.5159003, 0.5154391, 0.5151826, 0.51597935, 0.51603717, 0.5145117, 0.5159614, 0.51619333, 0.51582885, 0.51433146, 0.5175686, 0.51600295, 0.5143781, 0.51389956, 0.50545365, 0.5132285, 0.51566935, 0.51297265, 0.51134133, 0.510607, 0.5023464, 0.5125193, 0.509581, 0.5134941, 0.5124781, 0.51416904, 0.51338166, 0.5133928, 0.5156352, 0.5112424, 0.51170397, 0.51144415, 0.5074955, 0.5039995, 0.5055254, 0.50984985, 0.5096109, 0.5096667, 0.50979763, 0.5097513, 0.5160246, 0.51091796, 0.5130747, 0.51205826, 0.509979, 0.5153979, 0.50909805, 0.50694036, 0.50824785, 0.5106084, 0.5110891, 0.5096042, 0.5144235, 0.50912404, 0.50515044, 0.50672954, 0.50416195, 0.5040623, 0.51009756, 0.50999564, 0.5076517, 0.51406443, 0.51213723, 0.5126113, 0.5078962, 0.50659674, 0.5158112, 0.5077246, 0.5100235, 0.50237924, 0.5003604, 0.50885886, 0.5088802, 0.5159437, 0.5166081, 0.5168095, 0.5039879, 0.50674295, 0.51010257, 0.51593095, 0.5099623, 0.5087323, 0.5112247, 0.5115173, 0.50385773, 0.5129458, 0.51276475, 0.5012762, 0.51484126, 0.5138708, 0.5121583, 0.5096672, 0.51086664, 0.5141883, 0.5136781, 0.51597875, 0.50811833, 0.5144066, 0.5110375, 0.5118069, 0.5166704, 0.51393825, 0.51556146, 0.5138928, 0.5139551, 0.50872576, 0.51653373, 0.51463276, 0.5144684, 0.51746446, 0.51619035, 0.5168411, 0.51525515, 0.51576084, 0.5137289, 0.51388204, 0.51390636, 0.51592267, 0.5167123, 0.5158199, 0.515343, 0.51245546, 0.5023447, 0.50113344, 0.5093673, 0.5134193, 0.5131041, 0.511604, 0.5162671, 0.5076009, 0.50717705, 0.50813574, 0.5084481, 0.50976527, 0.5085739, 0.5128197, 0.50978595, 0.5079137, 0.5139551, 0.51174027, 0.51198536, 0.512366, 0.5127362, 0.5103175, 0.5133052, 0.5126481, 0.5109223, 0.510899, 0.51180446, 0.5123957, 0.5109107, 0.50768024, 0.5139282, 0.50854963, 0.51028484, 0.50846756, 0.5040281, 0.5097359, 0.5138467, 0.51487786, 0.5143196, 0.5000476, 0.50882816, 0.51105446, 0.50982016, 0.5101786, 0.51579624, 0.5123929, 0.50998616, 0.51279885, 0.511802]
[0.50212747, 0.5054747, 0.50604874, 0.5046476, 0.5032019, 0.5028559, 0.50336975, 0.5020592, 0.5026888, 0.5018808, 0.50069994, 0.50291914, 0.50283056, 0.50148326, 0.50582594, 0.50248706, 0.5010939, 0.5006555, 0.5112096, 0.5117626, 0.5123048, 0.5127643, 0.51214904, 0.51090294, 0.50846124, 0.51161724, 0.5111065, 0.5114423, 0.51361185, 0.510583, 0.51679397, 0.50792676, 0.5158214, 0.51748586, 0.5021569, 0.5107433, 0.51192683, 0.51460576, 0.5066669, 0.5001993, 0.50137395, 0.5037347, 0.5043045, 0.5052925, 0.50598353, 0.5057347, 0.50414103, 0.5002978, 0.51011246, 0.50334364, 0.5008091, 0.5017394, 0.5131071, 0.5022426, 0.5054195, 0.50584245, 0.5038382, 0.50112015, 0.5007932, 0.5018428, 0.51025254, 0.51010877, 0.5010375, 0.51421, 0.5130161, 0.5142335, 0.51018286, 0.51053375, 0.51571196, 0.5126744, 0.51236683, 0.5117325, 0.5117074, 0.5076983, 0.51602083, 0.516259, 0.5161384, 0.51261395, 0.5158834, 0.5117916, 0.5155889, 0.5157966, 0.51555115, 0.5143551, 0.51351804, 0.51466125, 0.5122618, 0.5104176, 0.5138308, 0.5162997, 0.5127465, 0.5105459, 0.51603967, 0.5139657, 0.5130076, 0.51364684, 0.51525265, 0.51641256, 0.51464367, 0.5183678, 0.5160955, 0.51611406, 0.5159257, 0.5173591, 0.51729506, 0.5152529, 0.5167909, 0.5166328, 0.51647866, 0.5148259, 0.51794976, 0.51684356, 0.51545405, 0.5146036, 0.50578445, 0.5138084, 0.5161611, 0.515138, 0.5132232, 0.5107241, 0.5021545, 0.5134299, 0.5110367, 0.5150441, 0.5142941, 0.5156641, 0.5135931, 0.5147061, 0.5165522, 0.5123593, 0.5124545, 0.5121003, 0.5087788, 0.5051655, 0.5069486, 0.5113747, 0.51146215, 0.5110164, 0.51124173, 0.51056457, 0.5173403, 0.5122053, 0.51463133, 0.5130169, 0.51092803, 0.5165694, 0.5099816, 0.5087142, 0.50906813, 0.5121755, 0.51252925, 0.5106727, 0.51490724, 0.5109873, 0.50869113, 0.5077003, 0.50469863, 0.5049657, 0.51097685, 0.5112363, 0.50954705, 0.51510155, 0.51327974, 0.51263607, 0.50857, 0.50790054, 0.5165039, 0.5074914, 0.5113282, 0.50719655, 0.5016073, 0.51025397, 0.5095937, 0.51586235, 0.51689905, 0.51790756, 0.5074419, 0.50910455, 0.51151115, 0.51656294, 0.51019657, 0.5073092, 0.5113506, 0.51269823, 0.5057699, 0.51335365, 0.5131308, 0.5023342, 0.515274, 0.5148813, 0.51304585, 0.5108563, 0.51243955, 0.5146871, 0.514206, 0.51617694, 0.5098086, 0.5148679, 0.5122011, 0.5130154, 0.517505, 0.51460695, 0.5168506, 0.5150542, 0.51481247, 0.5094149, 0.5168644, 0.51547605, 0.515574, 0.51848835, 0.5174163, 0.51766706, 0.51515526, 0.51647794, 0.51382256, 0.5146981, 0.51446646, 0.51642823, 0.51698685, 0.51586676, 0.5167188, 0.5141025, 0.5017867, 0.50045437, 0.5096571, 0.5142859, 0.51287544, 0.51208335, 0.5171425, 0.50972825, 0.5087446, 0.50871754, 0.5100796, 0.5111677, 0.5101578, 0.5137987, 0.5107352, 0.5093161, 0.51425964, 0.5135099, 0.51339865, 0.5135157, 0.51368153, 0.51106465, 0.51357955, 0.51317966, 0.5122138, 0.51258683, 0.5131282, 0.51343244, 0.5120865, 0.508752, 0.51474655, 0.50951225, 0.511426, 0.5094918, 0.5042466, 0.5104869, 0.514548, 0.51561564, 0.5154598, 0.5051542, 0.51220006, 0.5120155, 0.5111783, 0.51225793, 0.5167423, 0.5140021, 0.51056486, 0.51434433, 0.5131526]
[0.5012951, 0.5038668, 0.50444186, 0.5032584, 0.5024444, 0.50162506, 0.50214833, 0.5012317, 0.5019461, 0.5001189, 0.5014682, 0.49995065, 0.50003856, 0.49952897, 0.5025056, 0.5012424, 0.5002004, 0.5001049, 0.50975084, 0.51023984, 0.51157904, 0.51215553, 0.51003146, 0.50858474, 0.5063445, 0.5097677, 0.5095676, 0.5097268, 0.5125316, 0.5107012, 0.51600313, 0.50727695, 0.51404303, 0.5174693, 0.5012518, 0.5096568, 0.51118404, 0.51402044, 0.5069856, 0.49990454, 0.5010471, 0.50349444, 0.5028508, 0.5036912, 0.50404114, 0.5038716, 0.5026053, 0.50014806, 0.50683635, 0.5015549, 0.4996381, 0.50082266, 0.5115718, 0.5012465, 0.5034754, 0.50401175, 0.5024898, 0.50074875, 0.5007246, 0.49985293, 0.5088169, 0.5056957, 0.501072, 0.51318616, 0.51268554, 0.512544, 0.5081738, 0.50910467, 0.51573676, 0.5124545, 0.51238966, 0.51170844, 0.5106081, 0.5054522, 0.5147818, 0.5150771, 0.51676846, 0.51193684, 0.51501787, 0.5117926, 0.51525885, 0.5155947, 0.51518303, 0.5141103, 0.51185167, 0.51369625, 0.5116093, 0.50938016, 0.51273227, 0.51593226, 0.51198375, 0.51004004, 0.51588637, 0.51329446, 0.51243716, 0.5131849, 0.5143472, 0.5157199, 0.5135364, 0.51774085, 0.51629555, 0.515711, 0.51544595, 0.5165011, 0.516386, 0.51443356, 0.5165232, 0.5162957, 0.5158372, 0.5143176, 0.5176677, 0.5157978, 0.51453865, 0.5140446, 0.5053882, 0.51308924, 0.5154574, 0.51332134, 0.51190877, 0.51040596, 0.5032043, 0.5127627, 0.50950426, 0.5136591, 0.51255596, 0.5143786, 0.5132387, 0.5130985, 0.5162183, 0.5118961, 0.51190037, 0.51143914, 0.5077954, 0.5045511, 0.5060785, 0.509775, 0.50929064, 0.5100897, 0.5101789, 0.50951976, 0.51613003, 0.5111187, 0.5131392, 0.5125264, 0.50957423, 0.51563954, 0.50908726, 0.5074393, 0.5077608, 0.5113006, 0.5114397, 0.5096195, 0.51470333, 0.50956887, 0.5061465, 0.5068621, 0.5029366, 0.50294405, 0.5099806, 0.5098058, 0.5070219, 0.5139858, 0.51238465, 0.51201487, 0.508493, 0.50686795, 0.5158972, 0.5078, 0.5106033, 0.5044722, 0.50059843, 0.50866115, 0.5090943, 0.5160123, 0.5168347, 0.51734895, 0.5043997, 0.5069014, 0.5101341, 0.5159457, 0.5096393, 0.50778866, 0.51109755, 0.51184595, 0.50319475, 0.5131012, 0.5127837, 0.50208634, 0.5149016, 0.51389635, 0.5122686, 0.5093994, 0.51121527, 0.5137837, 0.51374555, 0.5157773, 0.50778383, 0.51411736, 0.5111569, 0.5117753, 0.5164643, 0.5142888, 0.51602036, 0.5142381, 0.51444095, 0.50913155, 0.5167417, 0.5146502, 0.51479894, 0.51826984, 0.516895, 0.5171636, 0.51507014, 0.5159721, 0.51368546, 0.51429677, 0.514257, 0.5163381, 0.5170427, 0.5158186, 0.5148014, 0.5129152, 0.5028385, 0.5000397, 0.5098682, 0.51333237, 0.51273406, 0.51204, 0.51655173, 0.50730956, 0.5067182, 0.5072877, 0.5084759, 0.50943106, 0.5090226, 0.5130563, 0.5094516, 0.507874, 0.51425654, 0.5118409, 0.5118346, 0.51204973, 0.51238173, 0.5103827, 0.51301825, 0.5130009, 0.5109713, 0.51077735, 0.5121045, 0.512047, 0.5106484, 0.5088225, 0.5140618, 0.50762784, 0.5101373, 0.5082755, 0.5031145, 0.51018476, 0.5141451, 0.5147529, 0.51492965, 0.5003846, 0.50912154, 0.51131535, 0.5096804, 0.51068175, 0.51638377, 0.51271963, 0.5101078, 0.51313955, 0.51211154]
[0.49915966, 0.5007889, 0.5010075, 0.5005077, 0.49962252, 0.49993718, 0.5003078, 0.4997805, 0.5001469, 0.5018629, 0.5032072, 0.501827, 0.5009492, 0.49989608, 0.50242484, 0.4993889, 0.49889126, 0.499863, 0.5124926, 0.5127032, 0.51431847, 0.5145769, 0.5124032, 0.5113543, 0.5091391, 0.51389235, 0.51345295, 0.512713, 0.5156158, 0.51200855, 0.51992863, 0.5089481, 0.51903397, 0.52119285, 0.4995163, 0.5133362, 0.5135975, 0.5169273, 0.50570756, 0.4991807, 0.4992737, 0.5035326, 0.500914, 0.50127953, 0.5018354, 0.5015825, 0.5006374, 0.49917597, 0.5098977, 0.50273573, 0.4999578, 0.4995967, 0.516101, 0.49930206, 0.5009365, 0.50139266, 0.5003192, 0.4991497, 0.4993166, 0.50109625, 0.5120462, 0.5118803, 0.5005321, 0.51640433, 0.5149218, 0.51635605, 0.50973076, 0.50992954, 0.51904374, 0.5138736, 0.5151402, 0.5138319, 0.51186603, 0.5084199, 0.5188101, 0.5198069, 0.5195977, 0.5149187, 0.51877767, 0.51345223, 0.51926255, 0.5183932, 0.51878417, 0.51720285, 0.5152562, 0.51670706, 0.5150955, 0.51290405, 0.51612866, 0.51939476, 0.51474404, 0.51166105, 0.5195758, 0.51630694, 0.51575524, 0.51642513, 0.517608, 0.51984924, 0.51679224, 0.52202564, 0.5197037, 0.5188265, 0.5188964, 0.5206289, 0.52100253, 0.5183373, 0.52097255, 0.5208282, 0.52039987, 0.5179778, 0.5222582, 0.5197393, 0.51841515, 0.5173429, 0.5081238, 0.5155003, 0.51801157, 0.5186663, 0.51405966, 0.5112403, 0.505252, 0.51580524, 0.5119905, 0.5176143, 0.5171089, 0.5187925, 0.5161762, 0.5163737, 0.5199717, 0.51397973, 0.5146302, 0.51367086, 0.5104448, 0.5074792, 0.50744915, 0.51275414, 0.5129346, 0.51301223, 0.5135245, 0.5124243, 0.52074045, 0.51357436, 0.5166853, 0.5154182, 0.5121348, 0.5198237, 0.5115921, 0.5101167, 0.5098541, 0.5141301, 0.5138669, 0.5106175, 0.5176153, 0.51253253, 0.5093796, 0.5085576, 0.50103337, 0.50094414, 0.51208055, 0.51176167, 0.5101402, 0.5173784, 0.5150736, 0.51540214, 0.5072091, 0.50796103, 0.52001745, 0.5082697, 0.5137923, 0.509768, 0.5035423, 0.5112787, 0.510631, 0.5188568, 0.52017736, 0.5223604, 0.5081811, 0.5101025, 0.51312083, 0.5199244, 0.5118523, 0.5084272, 0.5121223, 0.5140432, 0.5063878, 0.51527154, 0.51484, 0.5033856, 0.51726913, 0.5177179, 0.5147585, 0.51152384, 0.51401985, 0.51680243, 0.5176024, 0.5198009, 0.50989443, 0.51723, 0.513951, 0.51497436, 0.52068704, 0.51744956, 0.5207104, 0.51730484, 0.51807016, 0.51054454, 0.5197662, 0.5174568, 0.51799446, 0.52232456, 0.52082103, 0.521373, 0.5183565, 0.519654, 0.5162844, 0.5178224, 0.51777303, 0.5198261, 0.519735, 0.5187622, 0.5191133, 0.5172343, 0.5018943, 0.49994165, 0.5086887, 0.51702887, 0.5145657, 0.5138019, 0.5206948, 0.5092667, 0.509398, 0.509996, 0.51117206, 0.51244706, 0.5120607, 0.51626736, 0.51090413, 0.50820434, 0.5168359, 0.51602376, 0.515511, 0.5157026, 0.51538295, 0.5129048, 0.5167632, 0.5159673, 0.5139993, 0.5143344, 0.51497257, 0.5150474, 0.5131249, 0.50985014, 0.5168081, 0.5103874, 0.51249975, 0.51010984, 0.50097096, 0.51189697, 0.51780194, 0.5185979, 0.51852417, 0.50598, 0.5130517, 0.5146605, 0.51131004, 0.5138341, 0.5200141, 0.51665115, 0.51215607, 0.5168552, 0.5152866]
[0.500819, 0.5045726, 0.50542104, 0.5037165, 0.5017092, 0.5000138, 0.50074947, 0.4995414, 0.5005995, 0.50366956, 0.50266457, 0.50367475, 0.5030947, 0.50282454, 0.5052834, 0.49979243, 0.50124484, 0.50342494, 0.5104529, 0.5098799, 0.5104461, 0.5110475, 0.5094171, 0.509103, 0.50781095, 0.5106208, 0.50955707, 0.5099726, 0.51161855, 0.5100777, 0.51486903, 0.507672, 0.51354796, 0.515312, 0.5000166, 0.51030993, 0.51123023, 0.512169, 0.50539345, 0.50178736, 0.5005684, 0.50616753, 0.50191605, 0.5030239, 0.5046341, 0.50443596, 0.5022486, 0.50318956, 0.5083198, 0.5042989, 0.5028416, 0.50094587, 0.51220816, 0.49996424, 0.50423807, 0.50494534, 0.5018055, 0.5007755, 0.50177324, 0.5035092, 0.5087886, 0.50859034, 0.5024944, 0.513006, 0.5119635, 0.51199764, 0.5087899, 0.50930446, 0.5148044, 0.5111478, 0.51129633, 0.51067144, 0.5100603, 0.5077201, 0.5136651, 0.5140156, 0.51418656, 0.51120466, 0.51353, 0.51128143, 0.51359266, 0.51429665, 0.51343536, 0.5127428, 0.51179546, 0.5135664, 0.51126593, 0.50993836, 0.51207274, 0.51405203, 0.5114728, 0.5098733, 0.51409984, 0.512565, 0.5115573, 0.5107936, 0.5135324, 0.5143492, 0.51308465, 0.5160767, 0.51431096, 0.5143369, 0.51405436, 0.5154658, 0.51509655, 0.5132837, 0.51474255, 0.51485324, 0.51483065, 0.5134071, 0.51592207, 0.51467377, 0.5136615, 0.51349205, 0.50650513, 0.51204795, 0.5138955, 0.5120891, 0.51108277, 0.5091681, 0.5052369, 0.5118462, 0.5094522, 0.5131914, 0.5125251, 0.51343066, 0.5122913, 0.51303965, 0.5141294, 0.5112114, 0.51101357, 0.51086783, 0.509545, 0.5062558, 0.5064786, 0.50967956, 0.50954914, 0.5096552, 0.50962806, 0.5092599, 0.5150479, 0.51069766, 0.51273215, 0.51166886, 0.50989527, 0.514, 0.5086186, 0.5074108, 0.50865793, 0.5108314, 0.51156664, 0.5103227, 0.5135394, 0.5099504, 0.5083366, 0.5082691, 0.5015903, 0.5015686, 0.50987804, 0.51062745, 0.50938874, 0.51308465, 0.51189667, 0.5117251, 0.50767654, 0.5073673, 0.5145613, 0.5083054, 0.5095102, 0.5082832, 0.5047706, 0.5084169, 0.50781035, 0.51393753, 0.51490724, 0.5156062, 0.50589657, 0.50775915, 0.51038885, 0.5141359, 0.5077356, 0.5088072, 0.5103102, 0.51109433, 0.5060592, 0.5118328, 0.5114654, 0.50456715, 0.51382655, 0.5127284, 0.5116053, 0.5100299, 0.5104652, 0.51289827, 0.5127378, 0.5156292, 0.50853825, 0.5128751, 0.5102039, 0.5108623, 0.5149233, 0.51317227, 0.5144324, 0.51309174, 0.51321524, 0.50790685, 0.5156244, 0.5139256, 0.5136065, 0.5161982, 0.5151916, 0.51609236, 0.51399875, 0.5147511, 0.51354563, 0.5129976, 0.5135177, 0.51453537, 0.51466537, 0.51456946, 0.5145839, 0.5126747, 0.50335306, 0.501879, 0.5090345, 0.5130715, 0.51228946, 0.51149964, 0.5149444, 0.5092438, 0.5087342, 0.50917923, 0.509904, 0.51102185, 0.5091555, 0.5124367, 0.5103727, 0.5090086, 0.5124739, 0.5118417, 0.512358, 0.51266307, 0.51257527, 0.5099527, 0.512214, 0.51176625, 0.51049894, 0.5107407, 0.51141006, 0.51253355, 0.5105746, 0.50880116, 0.51257783, 0.508915, 0.51024157, 0.5088549, 0.5022837, 0.5090613, 0.51230633, 0.51364344, 0.5140124, 0.504556, 0.5098591, 0.5109158, 0.51005214, 0.51052254, 0.51480776, 0.5115901, 0.5097617, 0.5128299, 0.51197004]
[0.5001415, 0.5039222, 0.5045188, 0.50318664, 0.50160646, 0.50030077, 0.5008809, 0.50075555, 0.5018998, 0.5036309, 0.50463754, 0.5044808, 0.5040791, 0.5036082, 0.506402, 0.49998844, 0.50196624, 0.5047446, 0.5105659, 0.5104161, 0.5116043, 0.5117232, 0.5100893, 0.5099353, 0.50817674, 0.51049405, 0.50978976, 0.51003385, 0.5125382, 0.5109186, 0.515412, 0.50863665, 0.51370853, 0.5165772, 0.5005474, 0.51030844, 0.51177317, 0.5138668, 0.50804716, 0.5027301, 0.5007683, 0.50668573, 0.5023092, 0.5035688, 0.5038934, 0.5038172, 0.5021046, 0.5037417, 0.5083699, 0.50538707, 0.50342786, 0.49992144, 0.51211226, 0.50023144, 0.50343573, 0.5040015, 0.50172573, 0.50119376, 0.5017609, 0.50440955, 0.5092039, 0.5078207, 0.50368786, 0.5129896, 0.511762, 0.5128184, 0.5096318, 0.50982136, 0.51518965, 0.5120914, 0.5119772, 0.5116906, 0.5105359, 0.5077739, 0.5140326, 0.51447546, 0.51596147, 0.5121706, 0.51461494, 0.51198626, 0.5146295, 0.5146369, 0.5146707, 0.51357967, 0.51208943, 0.51361877, 0.5117647, 0.5103645, 0.5125083, 0.5149974, 0.5121625, 0.5106875, 0.51505756, 0.5131242, 0.51243865, 0.51325184, 0.51404375, 0.514929, 0.51302975, 0.5168383, 0.515784, 0.51486963, 0.51473755, 0.5154315, 0.5156001, 0.51438683, 0.5156246, 0.51540226, 0.51522356, 0.51415354, 0.5168011, 0.5156164, 0.51416063, 0.51376384, 0.50754863, 0.5126099, 0.5146257, 0.5129814, 0.51167357, 0.51060385, 0.5070498, 0.5126383, 0.5101989, 0.5134785, 0.51221824, 0.51406676, 0.51298696, 0.5128912, 0.5156994, 0.5117957, 0.51208985, 0.51151323, 0.50905204, 0.5073986, 0.50780886, 0.51038027, 0.5100606, 0.5101401, 0.5105303, 0.51047504, 0.515319, 0.5112177, 0.5134441, 0.51261795, 0.5101356, 0.5148995, 0.5095339, 0.50815195, 0.5094084, 0.51142186, 0.51163185, 0.51045847, 0.5141347, 0.5102481, 0.5084241, 0.50840074, 0.5020192, 0.5023136, 0.5104665, 0.51058495, 0.50936913, 0.5135176, 0.51226056, 0.5120786, 0.509389, 0.50911266, 0.5154115, 0.50880736, 0.51100016, 0.50687236, 0.50334316, 0.5097062, 0.50968516, 0.515153, 0.51605517, 0.5164661, 0.50729996, 0.5084129, 0.51052463, 0.5154185, 0.5104934, 0.50891876, 0.5109234, 0.511863, 0.50594586, 0.51261556, 0.51245505, 0.505672, 0.51458627, 0.5137163, 0.5121262, 0.51016545, 0.51096267, 0.51356226, 0.51376057, 0.5156744, 0.5090673, 0.51338017, 0.51094675, 0.511689, 0.51614326, 0.5140423, 0.5150024, 0.51370806, 0.5139627, 0.5099583, 0.5162426, 0.51416695, 0.51432335, 0.5169431, 0.5160407, 0.51640767, 0.5145747, 0.51535696, 0.51399124, 0.5141316, 0.5139262, 0.5152649, 0.51585543, 0.5154409, 0.51464576, 0.51304275, 0.50661844, 0.50174725, 0.50983983, 0.5130105, 0.5126962, 0.5117142, 0.5158126, 0.5091371, 0.5087019, 0.5090578, 0.50970656, 0.510571, 0.5101512, 0.51284665, 0.5104389, 0.50922096, 0.51360625, 0.51191694, 0.511992, 0.5121206, 0.51235783, 0.5107503, 0.51284343, 0.5128279, 0.5111213, 0.5110771, 0.5120604, 0.5121082, 0.51155883, 0.5097942, 0.5134847, 0.5091748, 0.51062036, 0.5091394, 0.5024857, 0.510501, 0.5136369, 0.5143842, 0.51439553, 0.5032408, 0.5098303, 0.51115036, 0.510041, 0.51037586, 0.5156092, 0.5124866, 0.5105495, 0.51298386, 0.51186675]
[0.5010236, 0.50389487, 0.5046019, 0.5035637, 0.50215274, 0.50138724, 0.5018792, 0.5008389, 0.5014755, 0.50109184, 0.5006981, 0.5016213, 0.50192946, 0.50146604, 0.50326705, 0.50091314, 0.49997032, 0.50095624, 0.5076389, 0.5078856, 0.50882864, 0.50882953, 0.5073446, 0.50684905, 0.50490516, 0.5074348, 0.50714594, 0.50722325, 0.5096647, 0.5078707, 0.5125263, 0.50463635, 0.51135343, 0.5134385, 0.5010248, 0.50745624, 0.5084157, 0.51072156, 0.504521, 0.5001105, 0.50066054, 0.5023612, 0.50265354, 0.5035634, 0.5043065, 0.50398093, 0.50247645, 0.5006042, 0.50546324, 0.50193787, 0.5009783, 0.50044125, 0.5091931, 0.501219, 0.5037306, 0.5042547, 0.50260264, 0.50016034, 0.4998897, 0.50133824, 0.506562, 0.5053265, 0.5015121, 0.51034737, 0.5092929, 0.510075, 0.5069375, 0.5071095, 0.51220846, 0.5090454, 0.5089072, 0.5087126, 0.50818276, 0.5046251, 0.5117511, 0.5120436, 0.5123317, 0.5090096, 0.5116777, 0.50882304, 0.511594, 0.51208127, 0.5116945, 0.51074845, 0.5096332, 0.5107144, 0.5088214, 0.50715995, 0.50960755, 0.5122909, 0.50899875, 0.5071073, 0.5122352, 0.5101743, 0.509226, 0.5096969, 0.511367, 0.5119173, 0.5105714, 0.5142059, 0.51225793, 0.5122699, 0.5118668, 0.5130696, 0.5128897, 0.511018, 0.5126058, 0.5126919, 0.51256365, 0.51115406, 0.5138515, 0.51259667, 0.51150477, 0.5110536, 0.50314766, 0.51022786, 0.51197666, 0.5104495, 0.5089815, 0.5071815, 0.50207734, 0.5095534, 0.5073944, 0.5108093, 0.50991154, 0.51122457, 0.50989765, 0.5102701, 0.5123604, 0.5086908, 0.50890976, 0.5087232, 0.5060051, 0.50274247, 0.5036416, 0.5073106, 0.5069824, 0.50719917, 0.5073707, 0.5069615, 0.5130392, 0.50854623, 0.5103676, 0.5092642, 0.5073, 0.51227593, 0.50682765, 0.5050033, 0.5058695, 0.5082707, 0.50887173, 0.5076784, 0.5109735, 0.507172, 0.5046414, 0.504701, 0.50259763, 0.50277966, 0.50677115, 0.5075757, 0.5059781, 0.510813, 0.509247, 0.5091605, 0.506446, 0.5054765, 0.512388, 0.50564456, 0.5081322, 0.50291187, 0.500321, 0.5063542, 0.5053954, 0.5120456, 0.512835, 0.5136848, 0.5034992, 0.50500256, 0.50747514, 0.51217484, 0.50653476, 0.505717, 0.5083256, 0.5087063, 0.50314957, 0.50963926, 0.5094613, 0.5012529, 0.51149833, 0.5109397, 0.50921744, 0.5075565, 0.50860184, 0.5102745, 0.51039726, 0.51240885, 0.5060819, 0.5105979, 0.50815576, 0.50892186, 0.51301676, 0.510839, 0.51240313, 0.5107412, 0.51085687, 0.5065408, 0.5131986, 0.5113608, 0.51154363, 0.51402795, 0.5129466, 0.5135999, 0.51144165, 0.51233625, 0.51044923, 0.5106535, 0.51100075, 0.51245654, 0.5129422, 0.51205575, 0.5121802, 0.5100851, 0.5022931, 0.50038546, 0.5069951, 0.510713, 0.5099037, 0.5091373, 0.51312214, 0.5064531, 0.50583214, 0.506141, 0.50675416, 0.50767696, 0.50647104, 0.51008, 0.50798297, 0.50598145, 0.5106307, 0.50924754, 0.5090274, 0.5092477, 0.5094834, 0.5072408, 0.509641, 0.50950664, 0.5082233, 0.50834024, 0.5089851, 0.5098122, 0.5083184, 0.5060898, 0.51041186, 0.5063111, 0.5075949, 0.50603676, 0.5025334, 0.507567, 0.5106714, 0.5113135, 0.5116011, 0.50206697, 0.507511, 0.5083114, 0.5072027, 0.50829124, 0.51270974, 0.50949836, 0.5072688, 0.5104954, 0.5093367]
[0.50086653, 0.5036558, 0.504256, 0.503393, 0.50227875, 0.5013492, 0.5018298, 0.5013262, 0.50174576, 0.4996719, 0.4997512, 0.50028974, 0.50111777, 0.5001412, 0.50265735, 0.50118107, 0.49996054, 0.49961638, 0.51027966, 0.51053625, 0.5112618, 0.5119007, 0.5107141, 0.5098814, 0.50671154, 0.51068014, 0.5099188, 0.51042247, 0.5131019, 0.51032853, 0.51596266, 0.50611037, 0.5150867, 0.5173624, 0.5010015, 0.5100215, 0.51129556, 0.5140501, 0.5048228, 0.4999243, 0.50100327, 0.5021072, 0.5026964, 0.50368917, 0.5044037, 0.50425345, 0.5028089, 0.4997517, 0.5082672, 0.50240195, 0.5003221, 0.5007826, 0.51277804, 0.5013229, 0.50362325, 0.50411236, 0.5028544, 0.500259, 0.5000912, 0.50055, 0.5092425, 0.50786144, 0.49932712, 0.51404643, 0.5124344, 0.513787, 0.5093937, 0.50952005, 0.5156064, 0.5121985, 0.511945, 0.5122959, 0.5109974, 0.5054246, 0.51554954, 0.5160489, 0.5159463, 0.5116528, 0.515284, 0.51100576, 0.51524836, 0.5158701, 0.515528, 0.5141832, 0.5125793, 0.51422256, 0.5114912, 0.50963163, 0.51296735, 0.5157594, 0.51213205, 0.5101663, 0.51617974, 0.51356494, 0.5123043, 0.5128494, 0.51472455, 0.51586753, 0.514049, 0.5182627, 0.51597154, 0.51561767, 0.5154681, 0.51692885, 0.51663256, 0.5146673, 0.5161333, 0.5164477, 0.5162545, 0.5145376, 0.51804215, 0.5164035, 0.5148743, 0.5142183, 0.5060232, 0.5133436, 0.5156061, 0.51386166, 0.5121017, 0.5101031, 0.5021348, 0.51271874, 0.5100187, 0.5141524, 0.51293486, 0.5150788, 0.5136368, 0.51411813, 0.5162088, 0.5118008, 0.5118261, 0.51108074, 0.5084758, 0.5029426, 0.5044596, 0.5105216, 0.51012427, 0.510057, 0.5104792, 0.5097866, 0.5164259, 0.5113101, 0.5138155, 0.5126662, 0.51027143, 0.51617724, 0.5089546, 0.5070786, 0.50761306, 0.5110892, 0.5115443, 0.50998735, 0.51438373, 0.5096093, 0.50703615, 0.505932, 0.5030316, 0.5029268, 0.50994414, 0.51025486, 0.50800323, 0.5142355, 0.5125942, 0.5126765, 0.5066772, 0.50623226, 0.51609755, 0.5068991, 0.5106725, 0.50441843, 0.4994607, 0.50879866, 0.5078919, 0.51598585, 0.51693344, 0.5174644, 0.50578445, 0.50782996, 0.51064634, 0.51605725, 0.50913256, 0.5082009, 0.511218, 0.5119283, 0.5024275, 0.5129215, 0.5126749, 0.50032014, 0.51462543, 0.51417947, 0.51219434, 0.5097232, 0.5110227, 0.513816, 0.5137859, 0.51645285, 0.5082668, 0.5146236, 0.5113329, 0.51215917, 0.5169191, 0.5142275, 0.51642865, 0.5141484, 0.51413053, 0.50851256, 0.5169326, 0.5148296, 0.5145532, 0.51836187, 0.51676416, 0.5175155, 0.5148418, 0.51615256, 0.5135381, 0.5138776, 0.5141681, 0.5162253, 0.51657856, 0.5159459, 0.51586854, 0.51334316, 0.50092125, 0.49984878, 0.50883526, 0.5140353, 0.51324034, 0.5119182, 0.516799, 0.50814503, 0.5066693, 0.5073406, 0.50848854, 0.5097965, 0.5086475, 0.5130882, 0.5102231, 0.5073199, 0.5137065, 0.5128195, 0.51258594, 0.5130025, 0.51299447, 0.51045054, 0.51331896, 0.5127134, 0.5112521, 0.51163083, 0.51207906, 0.51372313, 0.51123923, 0.5079589, 0.51385576, 0.5087865, 0.510281, 0.5089596, 0.50282687, 0.50926065, 0.51343274, 0.5151184, 0.51459163, 0.50089735, 0.51015145, 0.5113504, 0.5100132, 0.5114051, 0.5162679, 0.51291674, 0.5098321, 0.5132388, 0.5122151]
[0.5023815, 0.50484574, 0.5054264, 0.50381607, 0.5025172, 0.50144404, 0.5020863, 0.5018456, 0.502263, 0.500746, 0.50033486, 0.50045776, 0.50089383, 0.50105983, 0.5003518, 0.501726, 0.5009396, 0.50004345, 0.50905126, 0.5088064, 0.5096696, 0.51001054, 0.5077997, 0.5077883, 0.5052364, 0.5096348, 0.5089529, 0.5090083, 0.5106085, 0.50874215, 0.5134381, 0.50611335, 0.51263326, 0.51462346, 0.50182384, 0.5094577, 0.50962335, 0.5117255, 0.5028798, 0.50034803, 0.5012462, 0.5027412, 0.50349486, 0.504237, 0.5052155, 0.50514644, 0.50391924, 0.5003785, 0.50782, 0.5008202, 0.5005011, 0.50148827, 0.5107717, 0.5014733, 0.5043149, 0.5048935, 0.5027687, 0.50100034, 0.5012222, 0.5001563, 0.50845927, 0.5084802, 0.50023645, 0.5110697, 0.5102875, 0.51075226, 0.50665975, 0.5069703, 0.5135319, 0.5100648, 0.51013833, 0.50937104, 0.50757784, 0.5060556, 0.5123059, 0.51286227, 0.51352966, 0.5102947, 0.51252496, 0.5099641, 0.512887, 0.51253843, 0.51244617, 0.5119655, 0.51060826, 0.5116999, 0.5105214, 0.5092894, 0.51079756, 0.51318574, 0.5100614, 0.5083902, 0.51301557, 0.511485, 0.51023924, 0.51021516, 0.5124788, 0.51331294, 0.51122415, 0.5153318, 0.51382077, 0.5128409, 0.51315814, 0.51413566, 0.5143831, 0.5124282, 0.5138776, 0.51416963, 0.5137623, 0.51218677, 0.515189, 0.5138353, 0.5130049, 0.51250565, 0.5037075, 0.5103832, 0.51263225, 0.5119361, 0.5099256, 0.50774264, 0.5032405, 0.5108512, 0.50792325, 0.5123264, 0.5116564, 0.5121954, 0.5108261, 0.51133585, 0.51377064, 0.50987625, 0.51000583, 0.50955546, 0.5075865, 0.50486916, 0.50493157, 0.50851417, 0.50848633, 0.5084241, 0.5083632, 0.50826097, 0.51420504, 0.5095469, 0.51214856, 0.5108801, 0.5085022, 0.51354057, 0.5076114, 0.50653934, 0.50680524, 0.5099779, 0.5104244, 0.507021, 0.5125499, 0.50890577, 0.50716174, 0.50583714, 0.5037839, 0.5039584, 0.5087578, 0.5089187, 0.5072706, 0.51166886, 0.5106948, 0.511012, 0.50487566, 0.5045443, 0.5136148, 0.50590783, 0.509105, 0.50696135, 0.5031404, 0.5082391, 0.50745374, 0.51282007, 0.51391846, 0.5155203, 0.50504273, 0.506773, 0.5091951, 0.513369, 0.50840116, 0.50575006, 0.5082537, 0.5101332, 0.5046496, 0.51067966, 0.51054335, 0.50165045, 0.51242787, 0.51197714, 0.5105446, 0.5084924, 0.50945705, 0.512023, 0.51187235, 0.51441526, 0.50696945, 0.51146734, 0.50971115, 0.5103275, 0.5144228, 0.5122704, 0.5142925, 0.51197964, 0.51247317, 0.5062417, 0.5142203, 0.5128028, 0.51224524, 0.515642, 0.5142005, 0.5152111, 0.51265574, 0.5136049, 0.5120609, 0.5125601, 0.51275164, 0.51317906, 0.5132907, 0.5131622, 0.51340234, 0.512019, 0.50042665, 0.5006921, 0.5064863, 0.51142424, 0.5104026, 0.5092702, 0.5139323, 0.5064973, 0.50575143, 0.50665337, 0.5079556, 0.50905013, 0.50818014, 0.5111595, 0.5084239, 0.5072496, 0.51138854, 0.5111811, 0.51112723, 0.51100457, 0.5105454, 0.50908095, 0.51126933, 0.5107586, 0.5095186, 0.5098344, 0.5107215, 0.51062304, 0.5092386, 0.50736845, 0.51178986, 0.5072582, 0.5085681, 0.50684047, 0.5037756, 0.5079676, 0.51169395, 0.51229715, 0.51260257, 0.50293833, 0.5086787, 0.5097573, 0.50827724, 0.5091973, 0.5136986, 0.51114243, 0.5084739, 0.51165044, 0.5106705]
[0.50174, 0.5052045, 0.50601137, 0.5043786, 0.503319, 0.5020832, 0.5028743, 0.5014624, 0.5027486, 0.50103897, 0.5014313, 0.5006234, 0.4998913, 0.5006628, 0.50132006, 0.50181323, 0.5004811, 0.50017846, 0.5106134, 0.5111339, 0.51180506, 0.51217, 0.51038104, 0.5090844, 0.50598115, 0.511316, 0.5099326, 0.51034534, 0.51303387, 0.5097461, 0.5174181, 0.5065174, 0.5160756, 0.5187365, 0.5016657, 0.51116055, 0.5111704, 0.5144102, 0.5036509, 0.5002856, 0.5020414, 0.5025749, 0.5041279, 0.5052145, 0.5059758, 0.50574243, 0.50389475, 0.5000638, 0.5081252, 0.5009538, 0.5000567, 0.5016917, 0.51270926, 0.5013521, 0.5052614, 0.5057009, 0.5037398, 0.5007183, 0.5009259, 0.50017667, 0.5100195, 0.5090987, 0.49995983, 0.5144892, 0.51294816, 0.51331484, 0.50882083, 0.5080901, 0.5160331, 0.5129341, 0.5122944, 0.5112911, 0.50973487, 0.5054098, 0.51621586, 0.5162049, 0.5170469, 0.51208365, 0.5162482, 0.51116747, 0.5158371, 0.5158071, 0.51565397, 0.5150584, 0.51307476, 0.5144509, 0.511936, 0.509783, 0.5134923, 0.5164301, 0.5124249, 0.5097663, 0.5163295, 0.5141307, 0.5134382, 0.51312757, 0.51543987, 0.517034, 0.51433986, 0.5194024, 0.5170427, 0.516462, 0.5163534, 0.51757723, 0.5183944, 0.5156744, 0.5179061, 0.51752, 0.5170211, 0.5147805, 0.5191366, 0.5174642, 0.51590073, 0.5142347, 0.5052417, 0.513231, 0.5154455, 0.51575226, 0.5124487, 0.50911033, 0.5017066, 0.5132698, 0.5100399, 0.51578724, 0.5146387, 0.51553416, 0.51364636, 0.5147455, 0.5170981, 0.5115045, 0.5122466, 0.51152426, 0.5070327, 0.5036969, 0.50499064, 0.5110992, 0.5100683, 0.509829, 0.5100647, 0.50969446, 0.518274, 0.51142097, 0.51419544, 0.5127966, 0.50994116, 0.51709634, 0.5094833, 0.50725937, 0.5069596, 0.51117384, 0.51213235, 0.50717956, 0.5157407, 0.51152647, 0.5091249, 0.50660753, 0.5045382, 0.5047395, 0.51009357, 0.51061964, 0.50746137, 0.51494235, 0.5129649, 0.5130522, 0.5046816, 0.50440675, 0.51675844, 0.50610065, 0.5107513, 0.50683385, 0.50309694, 0.50888926, 0.50867116, 0.51596355, 0.5176275, 0.5187381, 0.5062386, 0.50786823, 0.5110564, 0.5173514, 0.5089531, 0.5077178, 0.50986874, 0.5122456, 0.5045471, 0.51343817, 0.5127745, 0.5010471, 0.51534015, 0.51449066, 0.512332, 0.5095562, 0.51164216, 0.51463103, 0.5146863, 0.51705265, 0.50865775, 0.51546323, 0.5115366, 0.5124209, 0.5177652, 0.51524395, 0.5178135, 0.51564765, 0.51541245, 0.50785357, 0.5179869, 0.5159759, 0.5156622, 0.5191972, 0.51820785, 0.51865196, 0.51567185, 0.5167007, 0.5140953, 0.5152102, 0.51512957, 0.5175789, 0.51708734, 0.51596147, 0.51736194, 0.5141726, 0.5004443, 0.50033224, 0.5077133, 0.5143648, 0.51287293, 0.5112804, 0.5179317, 0.50777686, 0.5059926, 0.50643146, 0.5088444, 0.5103102, 0.5095123, 0.5132921, 0.5087117, 0.5078111, 0.5141497, 0.5133188, 0.51359606, 0.5139326, 0.51377565, 0.51150656, 0.51458466, 0.5135814, 0.511895, 0.5119581, 0.5135675, 0.51335835, 0.5115945, 0.50692743, 0.5152963, 0.5070164, 0.5103921, 0.5087097, 0.50424504, 0.5094348, 0.5147047, 0.51497203, 0.51497585, 0.5048225, 0.51151615, 0.5114501, 0.5101309, 0.51125157, 0.5172512, 0.5140237, 0.5094507, 0.51488376, 0.514042]
[0.503338, 0.50663435, 0.50749344, 0.5057865, 0.5046065, 0.5032431, 0.5039855, 0.503298, 0.5037548, 0.50109446, 0.50063366, 0.5008856, 0.50093967, 0.50152516, 0.501122, 0.5036053, 0.50165164, 0.500702, 0.504754, 0.5050289, 0.50527453, 0.5054735, 0.50502, 0.5047983, 0.50304985, 0.50502545, 0.50439614, 0.5048813, 0.5057902, 0.50543433, 0.5071809, 0.503572, 0.50645536, 0.50765204, 0.5029626, 0.5049672, 0.50549287, 0.50644237, 0.50282, 0.5017165, 0.5028988, 0.5018657, 0.5049422, 0.5063095, 0.5069888, 0.50694346, 0.5052378, 0.5010274, 0.5035891, 0.50125605, 0.500795, 0.5029944, 0.5058112, 0.50332856, 0.5065428, 0.5071836, 0.50520235, 0.50251824, 0.5022564, 0.5006615, 0.5043259, 0.50382173, 0.5005171, 0.5063005, 0.5058701, 0.5058861, 0.5041054, 0.5047204, 0.50725454, 0.50593203, 0.5057798, 0.50570905, 0.5052042, 0.50349367, 0.5068807, 0.5069964, 0.5073656, 0.50561434, 0.50665116, 0.5054695, 0.50670105, 0.50712717, 0.5068687, 0.5065468, 0.5057586, 0.506563, 0.5053801, 0.50471926, 0.5060387, 0.5069483, 0.5057993, 0.50530416, 0.50705653, 0.5061977, 0.5057374, 0.505869, 0.5067186, 0.50709015, 0.50630134, 0.5077652, 0.5072325, 0.5069722, 0.50703543, 0.5074299, 0.50750434, 0.5066484, 0.5072643, 0.5072652, 0.50718415, 0.50650895, 0.5078922, 0.5071598, 0.50678384, 0.5065714, 0.50356394, 0.5061343, 0.5070306, 0.50599766, 0.50568336, 0.50521487, 0.5024865, 0.50591326, 0.50492555, 0.5062922, 0.50578725, 0.50656945, 0.506297, 0.50644225, 0.5072477, 0.5059049, 0.5056275, 0.50546914, 0.50415933, 0.5022972, 0.5025536, 0.5051382, 0.50483704, 0.50482327, 0.5049143, 0.5049199, 0.5072701, 0.505497, 0.50621814, 0.50574493, 0.50498617, 0.5070799, 0.5046874, 0.50359994, 0.504196, 0.5051772, 0.5055561, 0.5049002, 0.5067715, 0.50488234, 0.5039111, 0.5037297, 0.50517595, 0.50517976, 0.50512576, 0.50507915, 0.5044284, 0.5064183, 0.5058371, 0.5058675, 0.50421244, 0.50344014, 0.5072208, 0.5040358, 0.50499314, 0.50243896, 0.50081295, 0.5045015, 0.5045669, 0.5072477, 0.50757104, 0.50770485, 0.502671, 0.5041059, 0.50504297, 0.5071953, 0.5046619, 0.50404495, 0.5053062, 0.5058948, 0.5019082, 0.5061695, 0.50605655, 0.5007839, 0.50688183, 0.5062787, 0.5058597, 0.50491804, 0.50530416, 0.5065162, 0.50624686, 0.5074841, 0.50394106, 0.5066241, 0.5054624, 0.5056716, 0.50736487, 0.5065638, 0.50720245, 0.5063567, 0.5065569, 0.50425804, 0.50779045, 0.5066389, 0.50666994, 0.5082471, 0.5074489, 0.50781065, 0.50681424, 0.5070812, 0.50661945, 0.5065834, 0.506778, 0.5074076, 0.5076342, 0.5074525, 0.50693387, 0.5060924, 0.5006207, 0.5023254, 0.50494885, 0.50637096, 0.50622106, 0.5057349, 0.5072709, 0.5037764, 0.5031424, 0.5034213, 0.5041582, 0.50483197, 0.50443935, 0.5061163, 0.5047854, 0.5047069, 0.50647765, 0.50596255, 0.50592, 0.50606734, 0.50611037, 0.50531244, 0.50626796, 0.5059789, 0.5053643, 0.5054134, 0.5059328, 0.5062635, 0.50544024, 0.5041703, 0.5063395, 0.5041425, 0.5051658, 0.50457287, 0.50534356, 0.5046018, 0.5059815, 0.506629, 0.50643814, 0.5006239, 0.5047335, 0.5054576, 0.5050675, 0.5050148, 0.50737953, 0.50593215, 0.50482273, 0.50617427, 0.50572556]
[0.50035626, 0.5030081, 0.503744, 0.5024971, 0.5013621, 0.5007792, 0.50129265, 0.4998004, 0.5009474, 0.5036511, 0.5046599, 0.5064503, 0.50589633, 0.50533944, 0.50844634, 0.5003121, 0.5007539, 0.50483453, 0.5119351, 0.51280016, 0.5135016, 0.51431143, 0.51348346, 0.51263285, 0.5098667, 0.512531, 0.512062, 0.5122338, 0.514416, 0.5119243, 0.51756585, 0.5096514, 0.5165593, 0.5183432, 0.50029933, 0.5115654, 0.51292646, 0.51546484, 0.51037604, 0.50374156, 0.5005487, 0.5061746, 0.50236976, 0.50322956, 0.50340724, 0.5032087, 0.5016437, 0.50470924, 0.5111154, 0.5071562, 0.5057235, 0.50042695, 0.5134305, 0.50018793, 0.502801, 0.5030759, 0.5021834, 0.500606, 0.5003718, 0.50430954, 0.511713, 0.5108186, 0.5043765, 0.5154516, 0.51426965, 0.5151838, 0.51103675, 0.5113163, 0.51677567, 0.5138814, 0.5139743, 0.51395607, 0.51278454, 0.50893617, 0.517325, 0.51773775, 0.5174764, 0.51330477, 0.5168505, 0.5127186, 0.516472, 0.51748407, 0.5170744, 0.5158859, 0.51415485, 0.51513183, 0.5129107, 0.51113343, 0.51511985, 0.5173731, 0.5137813, 0.51166993, 0.51737297, 0.51538575, 0.5143803, 0.51548386, 0.5160156, 0.51770604, 0.5155577, 0.5193328, 0.5174751, 0.5171587, 0.51691526, 0.51847035, 0.51818764, 0.5163436, 0.51780003, 0.5178751, 0.5178214, 0.5158872, 0.51919264, 0.5180108, 0.5160164, 0.5151889, 0.5093191, 0.51529366, 0.51765484, 0.5161711, 0.51399845, 0.512649, 0.5050851, 0.5146241, 0.51182145, 0.51593065, 0.5147706, 0.51686364, 0.5149168, 0.5155941, 0.5171773, 0.51280534, 0.51383287, 0.51329494, 0.5095939, 0.5085574, 0.5093298, 0.5123032, 0.5121257, 0.51220673, 0.5120527, 0.5116729, 0.5184426, 0.51339865, 0.51547295, 0.5142856, 0.5118094, 0.5175132, 0.5114716, 0.5105392, 0.51047397, 0.51295793, 0.5135122, 0.5119484, 0.5158614, 0.5122264, 0.51047987, 0.5096306, 0.50245446, 0.5024252, 0.5119495, 0.5116428, 0.51057595, 0.51626647, 0.5143479, 0.51380485, 0.5102631, 0.51020235, 0.51722914, 0.50920933, 0.512565, 0.5074262, 0.50293267, 0.51185024, 0.51136863, 0.5178431, 0.5181586, 0.51904076, 0.50929326, 0.5105112, 0.5125852, 0.5177263, 0.5116916, 0.50949836, 0.5128756, 0.513339, 0.50796986, 0.5149189, 0.5144241, 0.5055984, 0.5161807, 0.515901, 0.51403844, 0.5116762, 0.51379126, 0.51574856, 0.51531434, 0.5168332, 0.51143575, 0.516559, 0.513807, 0.5143733, 0.5183112, 0.51562744, 0.518054, 0.5159776, 0.5161243, 0.5116489, 0.51785177, 0.5160664, 0.51655304, 0.5196015, 0.51858413, 0.5184669, 0.5169134, 0.5176503, 0.5143934, 0.51557094, 0.51551235, 0.51821333, 0.5188145, 0.5167138, 0.5179793, 0.51434976, 0.5063125, 0.5034692, 0.51156265, 0.5154559, 0.51418334, 0.51322085, 0.5183618, 0.5101104, 0.5097236, 0.5101686, 0.51082975, 0.5116057, 0.5113133, 0.51477945, 0.5115588, 0.50956404, 0.51574224, 0.5143633, 0.5138908, 0.5141225, 0.5145008, 0.51293004, 0.51522005, 0.51398647, 0.5126144, 0.51364475, 0.5140759, 0.51457363, 0.5122805, 0.509995, 0.5156117, 0.5106986, 0.5124373, 0.511198, 0.50226873, 0.5118765, 0.51610476, 0.51615745, 0.5166379, 0.50718963, 0.5128846, 0.5129309, 0.5119561, 0.5134517, 0.5178353, 0.5152402, 0.5116434, 0.5153958, 0.51384586]
[0.5020569, 0.5048935, 0.5056565, 0.50426483, 0.503294, 0.5018504, 0.5024465, 0.5019112, 0.5028861, 0.5018985, 0.50173014, 0.5018659, 0.50180477, 0.5015417, 0.50373536, 0.50163025, 0.5005186, 0.50159585, 0.5077655, 0.5079374, 0.50867635, 0.50897855, 0.5075157, 0.5070498, 0.50546575, 0.50825673, 0.50736934, 0.50765234, 0.50958484, 0.50791246, 0.51235527, 0.5054868, 0.5111975, 0.513334, 0.5015941, 0.5079447, 0.50845736, 0.5104646, 0.5047222, 0.50052744, 0.5008292, 0.5032924, 0.50379115, 0.5046734, 0.5056598, 0.5056501, 0.5038958, 0.5008319, 0.50573796, 0.5026198, 0.5013274, 0.5013441, 0.5095431, 0.50158304, 0.50490755, 0.5052345, 0.50360113, 0.5010003, 0.50125015, 0.50168294, 0.5067966, 0.50591904, 0.5013259, 0.5103514, 0.50958157, 0.5100092, 0.5072059, 0.5066602, 0.51228505, 0.50905144, 0.50896215, 0.5093114, 0.5079663, 0.5055592, 0.51162076, 0.51207715, 0.5125982, 0.50930905, 0.5113411, 0.5086425, 0.5111176, 0.5119108, 0.51152664, 0.51071686, 0.50937057, 0.51065075, 0.50897366, 0.50755334, 0.50944537, 0.5116997, 0.50919914, 0.50763875, 0.5123322, 0.5100548, 0.50943524, 0.50965977, 0.51134944, 0.51208913, 0.51033425, 0.51387906, 0.512173, 0.5121429, 0.5115962, 0.5125357, 0.512483, 0.5109199, 0.5126363, 0.51234144, 0.5120729, 0.51076555, 0.51363975, 0.5121837, 0.5110208, 0.51106185, 0.5046838, 0.5100201, 0.51161474, 0.51031864, 0.5091797, 0.5072823, 0.50275904, 0.5096579, 0.5075819, 0.51018715, 0.50975794, 0.51086843, 0.510014, 0.51012856, 0.51207095, 0.50864756, 0.5090191, 0.5083091, 0.5067455, 0.5037251, 0.5045532, 0.5077507, 0.50728756, 0.5077896, 0.5073883, 0.5071102, 0.5126307, 0.5084219, 0.50981253, 0.5095885, 0.5075478, 0.5117973, 0.5070987, 0.5051297, 0.50659, 0.50861907, 0.5089181, 0.50784826, 0.5111309, 0.50755197, 0.5057186, 0.50549567, 0.5033375, 0.50327307, 0.50739527, 0.5075356, 0.5062791, 0.51031697, 0.509335, 0.5093416, 0.50659424, 0.5063151, 0.5128187, 0.5057076, 0.5081219, 0.50461453, 0.50205714, 0.5069343, 0.5065518, 0.51220316, 0.5127042, 0.5134197, 0.5046738, 0.5060437, 0.5076337, 0.51184934, 0.50737983, 0.5064128, 0.5082623, 0.5088078, 0.50458574, 0.50959295, 0.50953513, 0.5024294, 0.5113465, 0.5106618, 0.5089451, 0.50762606, 0.5082916, 0.5104652, 0.51035124, 0.51255333, 0.50625396, 0.5108464, 0.50848913, 0.5089585, 0.5126927, 0.51103896, 0.51218134, 0.5104751, 0.5106811, 0.50663537, 0.5130002, 0.5111359, 0.5113041, 0.51369715, 0.512687, 0.51349187, 0.5112201, 0.51212525, 0.5105035, 0.5110867, 0.5108486, 0.5123518, 0.5128053, 0.5121435, 0.51190686, 0.5101066, 0.5021158, 0.50067264, 0.50705224, 0.5101717, 0.50976413, 0.5091562, 0.51263815, 0.50673306, 0.50641525, 0.5066774, 0.50739676, 0.50792444, 0.50721127, 0.51011866, 0.50798506, 0.50680995, 0.5103524, 0.50945085, 0.5093079, 0.5095806, 0.5097262, 0.5082181, 0.5099899, 0.509771, 0.5085743, 0.50861347, 0.5090848, 0.51030904, 0.50793576, 0.50618666, 0.5104463, 0.5067211, 0.5078284, 0.50670385, 0.5038531, 0.5071084, 0.5106385, 0.5114558, 0.51174086, 0.50148404, 0.50724554, 0.50836205, 0.507525, 0.5083729, 0.5122469, 0.5094494, 0.5076592, 0.50975055, 0.5091108]
[0.50237155, 0.5060035, 0.50670123, 0.50496835, 0.50302166, 0.5016566, 0.502203, 0.5010285, 0.5016661, 0.5017721, 0.5021398, 0.502165, 0.5012026, 0.50075823, 0.50302964, 0.50124234, 0.5004322, 0.5013099, 0.50782704, 0.50831085, 0.50866735, 0.5088758, 0.5082502, 0.507583, 0.5054254, 0.50835854, 0.5077036, 0.50767946, 0.50935054, 0.50762373, 0.5118135, 0.505843, 0.5108498, 0.5125925, 0.5013573, 0.50778735, 0.50821084, 0.5098374, 0.5047968, 0.50109035, 0.5009769, 0.50244784, 0.5042459, 0.50520796, 0.50604945, 0.50541115, 0.5032897, 0.5014043, 0.5068061, 0.5022369, 0.5011904, 0.5006829, 0.50905794, 0.50122046, 0.5046543, 0.5052919, 0.5037396, 0.5004674, 0.5003279, 0.50135726, 0.5072633, 0.50680137, 0.50122386, 0.51033753, 0.5096139, 0.50930756, 0.505838, 0.50708926, 0.5113492, 0.50910753, 0.5093856, 0.5085025, 0.5075883, 0.5059098, 0.5110524, 0.5114842, 0.51111364, 0.508507, 0.5109534, 0.5084826, 0.51115966, 0.51166266, 0.51131463, 0.5107152, 0.50920206, 0.5099091, 0.50834554, 0.50680065, 0.51002854, 0.5116819, 0.5091605, 0.5075412, 0.5111075, 0.5099914, 0.5093567, 0.50962657, 0.5106399, 0.51165295, 0.5105265, 0.5131864, 0.511563, 0.5111358, 0.51109576, 0.5127446, 0.5126059, 0.5106769, 0.5122425, 0.512347, 0.51212263, 0.51071525, 0.513063, 0.51213443, 0.510807, 0.5104989, 0.50533193, 0.50963855, 0.51114, 0.5105724, 0.509017, 0.5072809, 0.5024493, 0.5094052, 0.5075567, 0.51109976, 0.5103483, 0.5111811, 0.5100038, 0.5102647, 0.51154417, 0.50854623, 0.5087967, 0.5087528, 0.5062196, 0.5043477, 0.50485533, 0.50801617, 0.50767875, 0.50780016, 0.50771683, 0.5073616, 0.5122878, 0.5086148, 0.51027256, 0.5093881, 0.50735044, 0.511698, 0.506833, 0.505581, 0.5061999, 0.50842905, 0.50932103, 0.50729316, 0.51093364, 0.5081853, 0.5066013, 0.50577974, 0.503572, 0.5038767, 0.5076143, 0.50788903, 0.5067798, 0.510599, 0.50943524, 0.50928134, 0.5051415, 0.5044234, 0.5115764, 0.5062927, 0.5078585, 0.5051478, 0.5033861, 0.5070372, 0.50644755, 0.5115355, 0.51226133, 0.5129359, 0.5051645, 0.5062757, 0.50804216, 0.5118715, 0.5064233, 0.50569504, 0.5079555, 0.50942856, 0.50458586, 0.5096919, 0.50967133, 0.50253046, 0.5106791, 0.5103756, 0.50881076, 0.5075209, 0.5087107, 0.51021236, 0.51037806, 0.51185524, 0.5066284, 0.5108274, 0.50880903, 0.50928724, 0.5123132, 0.5103535, 0.5123153, 0.5105663, 0.5110606, 0.50658494, 0.5123228, 0.51125467, 0.51109326, 0.513514, 0.5127838, 0.5127735, 0.51114106, 0.5118702, 0.51005775, 0.51043093, 0.51099795, 0.512114, 0.5124308, 0.5113908, 0.5120174, 0.5099224, 0.5014116, 0.5014398, 0.5071999, 0.5102693, 0.5093371, 0.5087291, 0.5122817, 0.50558, 0.50560254, 0.50607574, 0.50697684, 0.5078663, 0.506895, 0.50983196, 0.5073556, 0.5065039, 0.5101591, 0.50960004, 0.50949305, 0.50959176, 0.5097131, 0.5082272, 0.5101864, 0.50918496, 0.50799805, 0.50844204, 0.5095115, 0.5094584, 0.5081904, 0.50630957, 0.5103533, 0.5059219, 0.50822896, 0.5070942, 0.50402236, 0.50762546, 0.51023734, 0.5101844, 0.51071185, 0.5038432, 0.50825876, 0.50848395, 0.50758666, 0.5083743, 0.5122908, 0.50971025, 0.5069097, 0.5107324, 0.50965047]
[0.50352675, 0.5063196, 0.50711155, 0.5051716, 0.5039968, 0.5023396, 0.5030529, 0.5023746, 0.50322586, 0.5013501, 0.5010115, 0.5009252, 0.5009168, 0.500415, 0.50285476, 0.50247097, 0.50028026, 0.5004271, 0.5102579, 0.5097516, 0.51098037, 0.51111966, 0.5084784, 0.5077521, 0.50659347, 0.5104164, 0.50952727, 0.5096499, 0.51202095, 0.5099228, 0.5154156, 0.50689036, 0.513814, 0.51630116, 0.5018624, 0.5103193, 0.51123774, 0.51324415, 0.5037793, 0.50049776, 0.50162864, 0.5051517, 0.5042586, 0.5054768, 0.50623214, 0.50605386, 0.50428796, 0.5008093, 0.50689554, 0.5023406, 0.5003594, 0.50127935, 0.51249295, 0.5025917, 0.50580555, 0.5064734, 0.5039423, 0.50165576, 0.5012029, 0.50117415, 0.5082222, 0.50766444, 0.5006253, 0.51242447, 0.51208705, 0.5119879, 0.50858843, 0.5086817, 0.51527715, 0.5114814, 0.51096165, 0.51110214, 0.5098698, 0.5070623, 0.5143178, 0.5145968, 0.51545346, 0.51182455, 0.51411515, 0.5110863, 0.5140211, 0.51479197, 0.5140441, 0.5133384, 0.51170444, 0.51405126, 0.51158524, 0.5100203, 0.51181674, 0.51428574, 0.5111883, 0.50953114, 0.5153066, 0.5122373, 0.51155216, 0.51045066, 0.5139289, 0.51450104, 0.51316285, 0.51704377, 0.5154941, 0.5150784, 0.5149542, 0.51565015, 0.51555145, 0.5140287, 0.5155, 0.5155975, 0.5154249, 0.51387393, 0.5167231, 0.5151886, 0.5143218, 0.51403666, 0.50425345, 0.5124942, 0.5140414, 0.512666, 0.51096654, 0.50838107, 0.5040506, 0.512305, 0.509372, 0.5127752, 0.5122909, 0.51378167, 0.5124754, 0.51281285, 0.5148852, 0.51090807, 0.5112234, 0.5107065, 0.50922894, 0.5042125, 0.5053166, 0.5094499, 0.5090233, 0.50932336, 0.50945276, 0.5090464, 0.5157991, 0.51067966, 0.5130564, 0.512217, 0.5097786, 0.51457936, 0.5085712, 0.5064469, 0.50837463, 0.51129955, 0.51124614, 0.50910854, 0.5134473, 0.5092106, 0.5068978, 0.5067221, 0.5043284, 0.50411886, 0.50939435, 0.51000774, 0.50839907, 0.5131204, 0.51189387, 0.5116391, 0.5081641, 0.5069816, 0.5158774, 0.5070734, 0.51030153, 0.50712514, 0.5025744, 0.5079733, 0.5075097, 0.51415867, 0.51565593, 0.5166047, 0.5048619, 0.50696534, 0.51019126, 0.5146894, 0.50861585, 0.50827146, 0.5097452, 0.5107732, 0.50461316, 0.51212746, 0.51196724, 0.5021357, 0.51431096, 0.5133574, 0.5117747, 0.50963944, 0.5101657, 0.5131514, 0.5130729, 0.5162157, 0.5070006, 0.5128421, 0.51010585, 0.510979, 0.51555187, 0.5139318, 0.51521486, 0.5132873, 0.5134895, 0.50728357, 0.51654595, 0.5141123, 0.51409477, 0.51694953, 0.51595676, 0.51679957, 0.51397187, 0.51534766, 0.5137885, 0.5136307, 0.5138413, 0.5147659, 0.51533717, 0.51498425, 0.5148694, 0.51312727, 0.5024219, 0.50103885, 0.5084176, 0.51291424, 0.51222277, 0.5112362, 0.51559865, 0.50846297, 0.5081289, 0.5085397, 0.50962, 0.51075685, 0.50900656, 0.5126687, 0.5102314, 0.5083235, 0.5125023, 0.51158607, 0.5119055, 0.51231676, 0.5121662, 0.50987744, 0.51255745, 0.5123435, 0.5110569, 0.51099, 0.5115017, 0.5125638, 0.51102644, 0.50837064, 0.5131611, 0.508077, 0.5093651, 0.5073576, 0.5046213, 0.5086454, 0.51265943, 0.5142196, 0.5142527, 0.50219643, 0.5093454, 0.5108303, 0.50984776, 0.5106091, 0.5153327, 0.5118607, 0.50979555, 0.5128843, 0.512197]
[0.5035733, 0.5085954, 0.5095987, 0.5074436, 0.50551003, 0.5033993, 0.50446486, 0.5039031, 0.50496805, 0.502548, 0.5030134, 0.5022578, 0.50196624, 0.50183713, 0.5032373, 0.50300777, 0.50156164, 0.5025732, 0.50657, 0.50684005, 0.5071186, 0.5073232, 0.50692195, 0.50644636, 0.5052094, 0.50703526, 0.5064332, 0.5065637, 0.5078323, 0.5069333, 0.50929844, 0.5053673, 0.5085585, 0.50976515, 0.50372, 0.5066448, 0.5072298, 0.50829697, 0.50500786, 0.50233567, 0.5035104, 0.50361204, 0.5062635, 0.5078291, 0.50848895, 0.5080618, 0.50557774, 0.50257814, 0.5054712, 0.502504, 0.5017952, 0.50213176, 0.50749016, 0.50328183, 0.50709456, 0.50843126, 0.50567526, 0.5015265, 0.5017606, 0.5022189, 0.5061729, 0.50593835, 0.5021323, 0.5083115, 0.5078843, 0.50773674, 0.50560564, 0.50603026, 0.5092209, 0.5077182, 0.507683, 0.5073051, 0.5068132, 0.50469476, 0.5089862, 0.50908375, 0.50935227, 0.50728375, 0.50881463, 0.5072528, 0.50890523, 0.5091154, 0.50889856, 0.50855887, 0.5075024, 0.50824136, 0.5070766, 0.5062033, 0.5082454, 0.50911057, 0.5074975, 0.5066512, 0.5088819, 0.5081576, 0.5076245, 0.5078372, 0.50856453, 0.5091528, 0.5084046, 0.5100016, 0.5093076, 0.5089852, 0.50900435, 0.5095225, 0.50965285, 0.5087093, 0.5095081, 0.5094384, 0.5092827, 0.5085303, 0.510055, 0.50924176, 0.50878143, 0.50852054, 0.5052122, 0.50786877, 0.5089727, 0.5084349, 0.5073565, 0.506678, 0.50399625, 0.5078589, 0.5064501, 0.50849086, 0.507979, 0.5086235, 0.5081439, 0.5082496, 0.5091586, 0.50755936, 0.50752807, 0.5071182, 0.5054895, 0.5042925, 0.5047108, 0.5068631, 0.50670373, 0.50677454, 0.50690603, 0.5064783, 0.50932056, 0.5072776, 0.5081938, 0.50774556, 0.5065716, 0.5091075, 0.5061252, 0.5053819, 0.5054231, 0.50694185, 0.5073046, 0.506134, 0.5087751, 0.50661844, 0.5054992, 0.50527185, 0.50574666, 0.5058115, 0.506789, 0.5067458, 0.50580955, 0.508412, 0.50770843, 0.50764257, 0.50503284, 0.50483304, 0.5091254, 0.50550526, 0.50678813, 0.50463474, 0.5030673, 0.5062147, 0.5062904, 0.50928515, 0.50965637, 0.5097576, 0.50503564, 0.5058426, 0.5067901, 0.5092625, 0.50621897, 0.5056121, 0.5067346, 0.50779164, 0.5040077, 0.5079599, 0.5077599, 0.50288683, 0.5087217, 0.50826794, 0.50754094, 0.5063731, 0.5073348, 0.508409, 0.50831926, 0.50929016, 0.5056491, 0.50862056, 0.5072539, 0.50759894, 0.5093565, 0.50843245, 0.5094741, 0.5085038, 0.5086216, 0.5058314, 0.5095972, 0.50877523, 0.50857973, 0.5103904, 0.5097357, 0.50975984, 0.5088839, 0.50911397, 0.50827485, 0.50848794, 0.508751, 0.50944215, 0.5096883, 0.5093067, 0.50913936, 0.50817955, 0.5028533, 0.5014952, 0.5063118, 0.50837904, 0.50788265, 0.5072427, 0.5094691, 0.50532013, 0.5050524, 0.505396, 0.5058742, 0.50656474, 0.5061391, 0.5079146, 0.5063482, 0.50588375, 0.5083114, 0.5077353, 0.5077967, 0.50793767, 0.5078378, 0.50716954, 0.5082743, 0.50780714, 0.50690913, 0.5073381, 0.507788, 0.50775856, 0.5070234, 0.5059504, 0.5083195, 0.50568324, 0.5068581, 0.50591105, 0.5066365, 0.5065997, 0.50817966, 0.50848776, 0.5083755, 0.50303227, 0.5066464, 0.50742114, 0.5066871, 0.5071399, 0.5094381, 0.50807744, 0.5063832, 0.50816303, 0.50769806]
[0.5020442, 0.50548714, 0.50627697, 0.5046417, 0.5029313, 0.5009951, 0.5020509, 0.5018004, 0.502876, 0.50070405, 0.5009318, 0.50295174, 0.50184345, 0.50265193, 0.5053117, 0.50231284, 0.4999869, 0.5022433, 0.50897, 0.5095139, 0.5098799, 0.5099161, 0.5085413, 0.5080703, 0.506805, 0.5086335, 0.5065592, 0.5077839, 0.5108966, 0.5097181, 0.51529086, 0.5058787, 0.5133044, 0.5162302, 0.50185734, 0.50987303, 0.51145154, 0.51226825, 0.50510037, 0.5007191, 0.5019671, 0.5040672, 0.50306547, 0.50417274, 0.5050578, 0.50466406, 0.50252336, 0.5035647, 0.5048136, 0.5046896, 0.5024495, 0.5005359, 0.5117576, 0.5025055, 0.50515485, 0.50562835, 0.50313324, 0.50036496, 0.5003986, 0.50369453, 0.5060052, 0.50352055, 0.5008, 0.51261693, 0.51143, 0.51178986, 0.5093472, 0.50922227, 0.5149803, 0.51050264, 0.5104901, 0.5116727, 0.5102427, 0.5066917, 0.5135512, 0.51378083, 0.51516867, 0.5110426, 0.5137634, 0.51101, 0.5134339, 0.5146927, 0.5135914, 0.51287705, 0.51119, 0.51386356, 0.5099814, 0.50870556, 0.5114076, 0.514218, 0.51162815, 0.509722, 0.5142226, 0.512412, 0.5115461, 0.5107997, 0.51383615, 0.51409376, 0.5131788, 0.5164575, 0.5149208, 0.51481706, 0.5143144, 0.5152936, 0.5151593, 0.51357985, 0.5143836, 0.5149298, 0.5149977, 0.51401836, 0.51666826, 0.51539886, 0.51370436, 0.5132437, 0.5049243, 0.5126009, 0.51434743, 0.51036364, 0.5107502, 0.50927186, 0.5022048, 0.511477, 0.50941116, 0.5119563, 0.5111273, 0.51314133, 0.5123211, 0.5130737, 0.5142811, 0.5105456, 0.5106188, 0.510169, 0.50925636, 0.5031434, 0.5040303, 0.50810814, 0.5082874, 0.50873595, 0.50871456, 0.50841475, 0.51497245, 0.50961584, 0.5117876, 0.51154083, 0.5093409, 0.51404375, 0.5073182, 0.5047021, 0.5090865, 0.510566, 0.5107626, 0.5108004, 0.513254, 0.5083451, 0.50587994, 0.5065082, 0.502109, 0.5022951, 0.50884867, 0.5101878, 0.5093315, 0.51266176, 0.51126564, 0.5117515, 0.50823337, 0.50829685, 0.51472837, 0.5077518, 0.508928, 0.50274557, 0.50045323, 0.507063, 0.5053215, 0.51433647, 0.5153889, 0.51485634, 0.50423324, 0.5064257, 0.50948197, 0.51407313, 0.50649637, 0.509452, 0.5108941, 0.51071066, 0.50215673, 0.51170576, 0.51151264, 0.5023148, 0.5142252, 0.51283205, 0.5106753, 0.50955486, 0.50984186, 0.5122209, 0.51251364, 0.5165232, 0.5078953, 0.51297605, 0.50953263, 0.5102431, 0.515395, 0.513314, 0.5132697, 0.51270854, 0.5131553, 0.5071685, 0.516519, 0.5139879, 0.5138908, 0.51600474, 0.5155668, 0.5159678, 0.51420027, 0.5147983, 0.5139583, 0.51248896, 0.5131324, 0.5146013, 0.51540905, 0.51521015, 0.51467365, 0.511929, 0.50304127, 0.49998462, 0.5093076, 0.5134642, 0.51275325, 0.5115595, 0.514963, 0.5091049, 0.50849444, 0.509049, 0.5095692, 0.510305, 0.507655, 0.5123357, 0.5110633, 0.50729054, 0.512222, 0.5109827, 0.5115612, 0.51240265, 0.5125235, 0.5091191, 0.51202166, 0.5118271, 0.51035005, 0.5098944, 0.5101633, 0.51224023, 0.5094989, 0.50754124, 0.5125252, 0.5087985, 0.5088122, 0.5082183, 0.5025711, 0.50788265, 0.5121632, 0.51411134, 0.51431835, 0.50009453, 0.50838035, 0.5096878, 0.50987273, 0.5099307, 0.5148945, 0.5110599, 0.50921386, 0.51276976, 0.51181537]
[0.5015002, 0.5041316, 0.50480735, 0.503372, 0.50217897, 0.50114644, 0.5016957, 0.50133735, 0.5014915, 0.5010483, 0.5002477, 0.5011776, 0.5012411, 0.5002847, 0.5018416, 0.5015074, 0.5005774, 0.5007911, 0.50899404, 0.50824, 0.5090687, 0.50913763, 0.5067755, 0.50631285, 0.50537395, 0.50896424, 0.5076734, 0.5084646, 0.510138, 0.508808, 0.5132073, 0.5047074, 0.5120562, 0.51393545, 0.500952, 0.5092527, 0.5095645, 0.51102084, 0.5021503, 0.49979398, 0.50067973, 0.50299096, 0.5026063, 0.50349, 0.50441, 0.50422674, 0.50285065, 0.5011725, 0.5053219, 0.5028266, 0.5012705, 0.49996316, 0.5107453, 0.5013553, 0.50388557, 0.50444454, 0.5025685, 0.5003171, 0.50028527, 0.5010092, 0.50728273, 0.5069786, 0.5009825, 0.51068914, 0.5096116, 0.5103614, 0.50728106, 0.50755507, 0.5136275, 0.50900984, 0.5089187, 0.50930506, 0.5079085, 0.5056298, 0.51217526, 0.5122581, 0.51323014, 0.51011866, 0.5122504, 0.5097695, 0.51189446, 0.51239026, 0.51209575, 0.51124465, 0.51026934, 0.5122676, 0.50986916, 0.50870353, 0.5095621, 0.5124507, 0.50964564, 0.5077269, 0.51267964, 0.5105794, 0.509406, 0.50848895, 0.5124922, 0.5121073, 0.5111057, 0.51500934, 0.513133, 0.5129576, 0.51316994, 0.513399, 0.5135982, 0.5118293, 0.51296943, 0.513033, 0.5130386, 0.51184344, 0.5144106, 0.5132631, 0.5124724, 0.5124987, 0.5021466, 0.5103296, 0.5120381, 0.5103233, 0.50945973, 0.50635487, 0.50409365, 0.5105912, 0.5079767, 0.5112948, 0.51032877, 0.5113974, 0.510264, 0.5109684, 0.5124567, 0.50970745, 0.50957644, 0.50901324, 0.50852174, 0.5027591, 0.50341856, 0.5071061, 0.5073684, 0.50758064, 0.50748825, 0.50733376, 0.51380706, 0.5088001, 0.51134366, 0.51060337, 0.508298, 0.51283914, 0.50688386, 0.50459695, 0.50680065, 0.5096478, 0.5099568, 0.5075291, 0.51110595, 0.50784063, 0.5057865, 0.5050486, 0.50237995, 0.5024193, 0.50764495, 0.5085684, 0.5073045, 0.5109679, 0.5100451, 0.51007915, 0.5061095, 0.5055212, 0.51354903, 0.50611067, 0.50842816, 0.50593966, 0.5019561, 0.5063838, 0.50538343, 0.51192856, 0.5135215, 0.51426286, 0.5036146, 0.50548285, 0.5085125, 0.51242435, 0.50680834, 0.50703233, 0.5082393, 0.5090463, 0.5031425, 0.50992256, 0.50960517, 0.50155693, 0.512405, 0.51134497, 0.51007897, 0.50845945, 0.50833404, 0.5111686, 0.51123357, 0.51454526, 0.5054165, 0.5104718, 0.50829214, 0.5090973, 0.5134453, 0.51191276, 0.5126876, 0.51143503, 0.511587, 0.5054044, 0.51424676, 0.51269007, 0.5116288, 0.5149455, 0.5137026, 0.5146283, 0.51208335, 0.5132448, 0.51237905, 0.5118859, 0.51158565, 0.5117062, 0.5125079, 0.5132163, 0.5125889, 0.51161087, 0.50157166, 0.50010216, 0.5062002, 0.5114221, 0.510263, 0.50952905, 0.5133974, 0.50760645, 0.50664645, 0.50720465, 0.50822604, 0.5092338, 0.50701195, 0.51072425, 0.5087137, 0.5066, 0.51057214, 0.51012206, 0.5102971, 0.51052064, 0.51021105, 0.5077746, 0.51009697, 0.5100556, 0.50887775, 0.50934416, 0.5095051, 0.5105737, 0.5091066, 0.50720686, 0.5109088, 0.50680524, 0.50787807, 0.5057596, 0.50259846, 0.5071668, 0.51030225, 0.51229835, 0.5124941, 0.50263965, 0.5077195, 0.5088353, 0.50801307, 0.50919336, 0.5127801, 0.5098509, 0.5081218, 0.51106304, 0.5101879]
[0.5025059, 0.5053967, 0.5059621, 0.5045072, 0.50300354, 0.50163263, 0.5025287, 0.5019495, 0.5026344, 0.5021266, 0.502674, 0.50226814, 0.50070435, 0.5009439, 0.50292623, 0.50172514, 0.5012527, 0.5020504, 0.5111662, 0.5115469, 0.5123398, 0.51252127, 0.5119928, 0.510972, 0.5088354, 0.51162845, 0.5105375, 0.5106448, 0.51321083, 0.51237065, 0.5170373, 0.50860274, 0.5147352, 0.5182824, 0.5015423, 0.51146394, 0.51192397, 0.5139653, 0.5072157, 0.50187874, 0.5017579, 0.5033849, 0.5044453, 0.5055536, 0.5058078, 0.50547594, 0.5036842, 0.50259185, 0.50919694, 0.502783, 0.5012476, 0.5010392, 0.51290935, 0.5018939, 0.5049149, 0.5053515, 0.5040441, 0.50130737, 0.50139785, 0.50065106, 0.5101483, 0.5087483, 0.5011208, 0.51463395, 0.5141529, 0.5135735, 0.5079698, 0.51057994, 0.51636606, 0.5138508, 0.5137996, 0.51322466, 0.5114466, 0.5085244, 0.5155055, 0.51592046, 0.5163902, 0.5124276, 0.5157595, 0.5126391, 0.51612705, 0.51711994, 0.51618254, 0.51563233, 0.51323646, 0.5146231, 0.51239455, 0.51031584, 0.51479226, 0.5163405, 0.5134265, 0.51172304, 0.5156882, 0.51414955, 0.51366276, 0.51368815, 0.51495326, 0.5166066, 0.51546484, 0.51808846, 0.51685596, 0.5163422, 0.5161596, 0.51746476, 0.5177121, 0.5152344, 0.51734436, 0.5172819, 0.51715565, 0.5157872, 0.51864094, 0.51698, 0.5158147, 0.5151008, 0.5086453, 0.5141811, 0.5161514, 0.51458555, 0.5128675, 0.51192486, 0.5047792, 0.51358974, 0.5115152, 0.5149781, 0.5142656, 0.5154617, 0.51471853, 0.51477313, 0.5162935, 0.5128242, 0.51247704, 0.51233214, 0.5094354, 0.50701964, 0.507019, 0.5117879, 0.5108017, 0.51134616, 0.5113514, 0.51077235, 0.5169858, 0.51247364, 0.5144764, 0.51366574, 0.51100445, 0.5164025, 0.50996643, 0.50815666, 0.5093243, 0.51203173, 0.51316833, 0.51079905, 0.5157062, 0.5115716, 0.5095101, 0.5090561, 0.50359124, 0.5038342, 0.51212186, 0.5122461, 0.5100641, 0.51557183, 0.51394576, 0.51321214, 0.50739133, 0.5056543, 0.51622236, 0.5099457, 0.5118157, 0.5077293, 0.50445443, 0.5106204, 0.5104138, 0.5170661, 0.5174964, 0.5176998, 0.5075077, 0.509229, 0.51171684, 0.5167652, 0.50930464, 0.50924885, 0.51167464, 0.5140043, 0.5066969, 0.5146875, 0.5148174, 0.5034855, 0.5151883, 0.5147332, 0.5135263, 0.51098824, 0.5123705, 0.5149456, 0.51468897, 0.5171205, 0.50949305, 0.5154706, 0.51252073, 0.51329404, 0.51665455, 0.5149366, 0.5167407, 0.5152172, 0.515417, 0.5101697, 0.51778865, 0.515641, 0.5160038, 0.5191386, 0.5179439, 0.51768273, 0.51607275, 0.51662993, 0.51520693, 0.5150468, 0.5163343, 0.5179658, 0.5180924, 0.5170461, 0.51669836, 0.51404405, 0.5016041, 0.50106984, 0.5107645, 0.51475114, 0.5143113, 0.51311135, 0.51749396, 0.50738764, 0.5075772, 0.5084901, 0.5098451, 0.511204, 0.51075345, 0.51432693, 0.5106312, 0.5101693, 0.5144209, 0.51405394, 0.51406616, 0.51417124, 0.5141136, 0.5125258, 0.51504004, 0.5138823, 0.5119011, 0.51261294, 0.5141612, 0.51374453, 0.51210684, 0.51063377, 0.51492697, 0.5083199, 0.5125232, 0.51111555, 0.50498563, 0.5109158, 0.5138237, 0.51415694, 0.5150785, 0.5021415, 0.5109366, 0.5129763, 0.51144195, 0.51203597, 0.51759535, 0.5137909, 0.5109636, 0.51434785, 0.5139876]
[0.5020912, 0.50486594, 0.50581276, 0.5043388, 0.5031131, 0.5021857, 0.50282335, 0.50222206, 0.50273484, 0.5004103, 0.50011855, 0.50151396, 0.50176215, 0.5014096, 0.5027969, 0.50254357, 0.50082076, 0.5012203, 0.5092202, 0.5087605, 0.50974, 0.5102951, 0.5068752, 0.5069127, 0.5053408, 0.5087256, 0.50815886, 0.5085169, 0.5112835, 0.50960046, 0.5140393, 0.5046695, 0.5125442, 0.51549906, 0.501042, 0.509231, 0.51046526, 0.5116087, 0.50432056, 0.50059134, 0.5007822, 0.50348914, 0.50367355, 0.50471264, 0.5057509, 0.50584316, 0.50427467, 0.5012192, 0.50374347, 0.5026649, 0.5011622, 0.50138515, 0.5115407, 0.5023072, 0.5057259, 0.50611603, 0.50379395, 0.5011138, 0.5012158, 0.5017923, 0.50729626, 0.50438005, 0.5005173, 0.510927, 0.5095848, 0.5112166, 0.50872046, 0.5080415, 0.51427823, 0.50958693, 0.5097182, 0.5105458, 0.50851774, 0.5064084, 0.5123745, 0.51278615, 0.51453847, 0.5105493, 0.51289225, 0.5098144, 0.5128095, 0.5131592, 0.5129581, 0.5121343, 0.51082623, 0.5128562, 0.51053363, 0.50935477, 0.50964624, 0.5130589, 0.51042676, 0.5084623, 0.5143081, 0.51137316, 0.51047754, 0.50977194, 0.5132162, 0.5131659, 0.5119813, 0.51584846, 0.51413053, 0.5141594, 0.5137164, 0.51416045, 0.5137429, 0.5126928, 0.51352817, 0.5139555, 0.5139728, 0.51271886, 0.515518, 0.51407695, 0.5128127, 0.5125664, 0.5021318, 0.5119503, 0.5132848, 0.51041996, 0.51002914, 0.5074077, 0.50257224, 0.5112225, 0.50808734, 0.51038516, 0.51011664, 0.5125354, 0.5113102, 0.51143956, 0.5134773, 0.51008403, 0.51002324, 0.5093789, 0.5084498, 0.50277704, 0.5037946, 0.5074595, 0.50759494, 0.5077571, 0.5076748, 0.5078284, 0.5142825, 0.50903225, 0.5112969, 0.5108446, 0.5083444, 0.5133036, 0.50679547, 0.5040677, 0.50807065, 0.5105757, 0.5097071, 0.50875646, 0.5115905, 0.50789714, 0.50586736, 0.50632775, 0.5033336, 0.5031414, 0.50733805, 0.5091447, 0.5074609, 0.51163256, 0.5103406, 0.51099896, 0.5083913, 0.5079749, 0.51457965, 0.50632244, 0.5090172, 0.50379175, 0.5006918, 0.50673145, 0.50541186, 0.51368326, 0.51414627, 0.51485604, 0.50267357, 0.50490385, 0.50876874, 0.51327944, 0.50775045, 0.50825393, 0.5096, 0.5091286, 0.5023222, 0.5103352, 0.5103273, 0.5014821, 0.51306164, 0.51218474, 0.5104262, 0.50902545, 0.5086507, 0.5116635, 0.5112807, 0.51514626, 0.50630194, 0.5108875, 0.5086201, 0.50947356, 0.5146928, 0.51312256, 0.5131107, 0.5118868, 0.51242507, 0.50726825, 0.5152885, 0.5131327, 0.51274514, 0.515312, 0.51456463, 0.51570123, 0.51312417, 0.5145436, 0.51246977, 0.5123326, 0.5123562, 0.5125498, 0.5137085, 0.51385325, 0.5130558, 0.51161593, 0.502484, 0.50107676, 0.5066565, 0.51158065, 0.51089555, 0.51011914, 0.5144983, 0.50900877, 0.5085364, 0.5087534, 0.5093455, 0.5100129, 0.5080025, 0.51182204, 0.5104112, 0.50706977, 0.51136947, 0.5103586, 0.5105471, 0.510919, 0.510622, 0.5079887, 0.51056576, 0.5109617, 0.50938106, 0.50910324, 0.509715, 0.51097095, 0.5090648, 0.5079088, 0.5116501, 0.5078306, 0.5081697, 0.5067167, 0.5032995, 0.506645, 0.5109782, 0.5133253, 0.5134109, 0.5004309, 0.5067739, 0.5091037, 0.50863475, 0.5093811, 0.5136137, 0.5096901, 0.50925356, 0.5107966, 0.5100576]
[0.5008846, 0.5040848, 0.5049882, 0.50337267, 0.5022047, 0.50118256, 0.50204104, 0.50087243, 0.50204456, 0.5019871, 0.501573, 0.5014329, 0.5009957, 0.5003077, 0.50144064, 0.50148743, 0.5006, 0.5015072, 0.5072719, 0.5079097, 0.50798523, 0.50880194, 0.5077592, 0.5074101, 0.5051404, 0.5082169, 0.50699884, 0.5075609, 0.50893945, 0.5075841, 0.51121753, 0.50498104, 0.51069844, 0.5119362, 0.50078696, 0.5077848, 0.5079422, 0.50979096, 0.50416315, 0.501464, 0.50062466, 0.50274473, 0.503304, 0.50452065, 0.5051522, 0.5053981, 0.5038884, 0.5012818, 0.50694305, 0.50236756, 0.50128686, 0.50071084, 0.50862956, 0.5001931, 0.5041907, 0.50468063, 0.5030509, 0.5003232, 0.50035316, 0.5012358, 0.50743735, 0.5071508, 0.50124365, 0.50958633, 0.50883543, 0.50930315, 0.50696677, 0.50649244, 0.5108958, 0.5087704, 0.50850123, 0.5081288, 0.507332, 0.50455326, 0.51064724, 0.5107498, 0.51087224, 0.5081912, 0.5105076, 0.5080198, 0.5102029, 0.5105256, 0.5105353, 0.5100604, 0.5089123, 0.5096586, 0.5080519, 0.506874, 0.50919855, 0.51058567, 0.50856596, 0.5072557, 0.51057607, 0.5095791, 0.5090495, 0.50886875, 0.5102534, 0.5109914, 0.50976336, 0.512287, 0.51110226, 0.5105678, 0.5105141, 0.5115472, 0.5116679, 0.51018244, 0.5111922, 0.5113808, 0.511264, 0.5097396, 0.51217043, 0.51123995, 0.5105261, 0.5096337, 0.5054878, 0.5092076, 0.5106755, 0.5099786, 0.50852245, 0.5065322, 0.502677, 0.5089337, 0.50734884, 0.5102295, 0.5096923, 0.5100942, 0.50931567, 0.50985205, 0.51088804, 0.5083778, 0.5086, 0.5080557, 0.505754, 0.50366586, 0.5040563, 0.50801224, 0.50746906, 0.50745285, 0.5073898, 0.5073048, 0.5115059, 0.50803375, 0.50932884, 0.5085974, 0.5074402, 0.5112432, 0.50681096, 0.5056714, 0.50593483, 0.507959, 0.5083113, 0.5060737, 0.5104418, 0.5078563, 0.5066066, 0.5053654, 0.5031868, 0.5034027, 0.5074839, 0.5074869, 0.5061476, 0.51004124, 0.50907826, 0.50903875, 0.5037479, 0.50402063, 0.51093453, 0.5055087, 0.5076368, 0.5058883, 0.50359946, 0.5066134, 0.5061659, 0.51073164, 0.51156336, 0.5120131, 0.5051452, 0.5062373, 0.5078093, 0.5111442, 0.5067934, 0.5061045, 0.50738513, 0.5088366, 0.5043524, 0.50913495, 0.5088641, 0.50239646, 0.50992864, 0.50952184, 0.5084413, 0.5069774, 0.5083938, 0.5095885, 0.50978756, 0.5110972, 0.5063826, 0.51008224, 0.50809795, 0.50855285, 0.51133025, 0.5098802, 0.5115795, 0.5099947, 0.510316, 0.5059628, 0.5114156, 0.510459, 0.51006824, 0.51233566, 0.5117481, 0.5119775, 0.51020926, 0.5108837, 0.5092979, 0.5097522, 0.51012474, 0.5113402, 0.51109976, 0.510774, 0.51091206, 0.50946194, 0.5014436, 0.50036097, 0.5061139, 0.50966644, 0.5091497, 0.5081626, 0.5115121, 0.5063271, 0.50528604, 0.50590205, 0.50661457, 0.5074116, 0.50710386, 0.50904524, 0.50704634, 0.5065259, 0.50954425, 0.5092037, 0.5091858, 0.5093782, 0.5091453, 0.5077902, 0.5096217, 0.50894094, 0.5081623, 0.5081973, 0.508915, 0.50910646, 0.508054, 0.50579363, 0.5097746, 0.5064876, 0.50747305, 0.5067059, 0.503159, 0.5068747, 0.50944114, 0.5099645, 0.50993395, 0.50424033, 0.50785077, 0.5082326, 0.5074881, 0.5084783, 0.51116717, 0.5094236, 0.5069157, 0.5095723, 0.5094794]
[0.5005101, 0.5019971, 0.5027919, 0.5016365, 0.5001809, 0.50034326, 0.5000139, 0.5002237, 0.5004102, 0.5041394, 0.5041815, 0.503361, 0.5030323, 0.5026156, 0.50393444, 0.50053376, 0.50182605, 0.50316167, 0.5114922, 0.5111159, 0.5111046, 0.51219326, 0.51100314, 0.51058966, 0.50777256, 0.5116345, 0.51055825, 0.5110891, 0.5127006, 0.5109708, 0.51635695, 0.50768495, 0.51511204, 0.5169972, 0.49995655, 0.51153654, 0.511673, 0.51411617, 0.5060136, 0.50222397, 0.50091815, 0.50560683, 0.50121015, 0.50216305, 0.5026783, 0.50264573, 0.5013995, 0.5032086, 0.50985885, 0.50525016, 0.50353533, 0.5010117, 0.5132871, 0.5007386, 0.5020252, 0.5022865, 0.501216, 0.5013477, 0.5017069, 0.50277936, 0.51059246, 0.51016045, 0.50236654, 0.5140375, 0.51262623, 0.51356095, 0.50950235, 0.51011384, 0.51575977, 0.51265806, 0.5125743, 0.5120003, 0.51074743, 0.507234, 0.51538163, 0.5157767, 0.5157612, 0.5122145, 0.51536244, 0.5118121, 0.5156634, 0.5153999, 0.5153584, 0.51462084, 0.5129768, 0.5140867, 0.51250213, 0.5112675, 0.5137268, 0.51536345, 0.51276183, 0.5108556, 0.5154684, 0.51401174, 0.5131344, 0.5126668, 0.514606, 0.5161685, 0.5141053, 0.5177672, 0.516394, 0.5154689, 0.5156755, 0.5168702, 0.51695096, 0.5149964, 0.5162449, 0.5165865, 0.51647884, 0.51441, 0.51789486, 0.51635045, 0.5155597, 0.51413214, 0.5077371, 0.5130485, 0.5149352, 0.51460034, 0.5124127, 0.51021725, 0.5056746, 0.5130086, 0.5104907, 0.5150643, 0.5140687, 0.51516634, 0.5136871, 0.51416695, 0.51627374, 0.51219606, 0.5122715, 0.5115834, 0.50929505, 0.50699776, 0.5070288, 0.5113118, 0.5109842, 0.51079047, 0.5112942, 0.51059306, 0.5165468, 0.5116281, 0.51393795, 0.5130386, 0.5106403, 0.51627344, 0.5101272, 0.508807, 0.5090046, 0.5116875, 0.5122381, 0.5096231, 0.51501054, 0.5114099, 0.5096971, 0.5081268, 0.5014287, 0.5014922, 0.5109488, 0.5112811, 0.50946903, 0.514465, 0.5131563, 0.5132042, 0.50740135, 0.5069223, 0.51576674, 0.5086361, 0.5111114, 0.5088877, 0.5052515, 0.51003414, 0.5093482, 0.51560956, 0.5166495, 0.51769376, 0.50803286, 0.50927573, 0.5115025, 0.5162935, 0.5100331, 0.5090524, 0.5106982, 0.5128791, 0.5068783, 0.5133207, 0.51290035, 0.5048985, 0.514659, 0.5140328, 0.51290333, 0.5104822, 0.5118817, 0.51414084, 0.5144539, 0.51677895, 0.5087595, 0.5144501, 0.5120138, 0.51266545, 0.5163673, 0.5145039, 0.5167504, 0.51450324, 0.51483953, 0.50882447, 0.5167433, 0.5151321, 0.5147952, 0.5184857, 0.51679975, 0.51743597, 0.5149677, 0.5158896, 0.51408166, 0.5146075, 0.514858, 0.51638556, 0.51595795, 0.5159095, 0.5157502, 0.51404727, 0.5033657, 0.50242317, 0.5088298, 0.51408, 0.51327014, 0.51161647, 0.51672137, 0.5093364, 0.5080909, 0.50833356, 0.50946915, 0.5106484, 0.5102277, 0.51330495, 0.51030695, 0.5088774, 0.5135197, 0.51360196, 0.51354325, 0.51365495, 0.5133702, 0.5111969, 0.5138305, 0.5129625, 0.5118465, 0.5122897, 0.51319134, 0.51328194, 0.51213986, 0.50928646, 0.51423824, 0.50922227, 0.51081246, 0.5096883, 0.5013147, 0.5097, 0.5135256, 0.51440835, 0.51460195, 0.50606036, 0.511092, 0.5117819, 0.51115745, 0.51180935, 0.5162089, 0.51362395, 0.51028675, 0.5137402, 0.51341736]
[0.50241035, 0.5053062, 0.50586104, 0.5043238, 0.50307065, 0.50143814, 0.50215334, 0.5020411, 0.5023462, 0.5005298, 0.50056446, 0.5020326, 0.5016405, 0.50098014, 0.5052468, 0.50190854, 0.5004162, 0.5002905, 0.5091587, 0.5092835, 0.5098395, 0.5099581, 0.50878435, 0.5082645, 0.5069745, 0.50948983, 0.50904053, 0.5091081, 0.51084894, 0.5087832, 0.5137238, 0.50649565, 0.5126013, 0.5143039, 0.5017592, 0.50898075, 0.5099838, 0.5118509, 0.504087, 0.5000999, 0.5015535, 0.5017707, 0.5036393, 0.5045522, 0.50526935, 0.50495464, 0.50322235, 0.500061, 0.50625294, 0.5018244, 0.5000677, 0.5012349, 0.5113204, 0.5016724, 0.5047272, 0.5053282, 0.50345504, 0.5006539, 0.50065565, 0.501875, 0.50762445, 0.5069187, 0.50030696, 0.51180804, 0.5111559, 0.5113396, 0.50842065, 0.5084947, 0.51350445, 0.51011986, 0.5104581, 0.51041234, 0.5091252, 0.5059245, 0.51304495, 0.51352113, 0.51350194, 0.5105265, 0.5128885, 0.5100642, 0.51246256, 0.5133723, 0.51281404, 0.51198465, 0.51076967, 0.51240975, 0.5100216, 0.5084369, 0.5111819, 0.5132357, 0.5106905, 0.50862527, 0.5135945, 0.5114325, 0.5106364, 0.5106949, 0.5126614, 0.5134509, 0.5116967, 0.51517123, 0.513277, 0.5134986, 0.51308686, 0.5142899, 0.5141151, 0.51245135, 0.5139506, 0.51404303, 0.5137728, 0.51256514, 0.5150032, 0.51375157, 0.5122808, 0.51247174, 0.50408363, 0.5113848, 0.5131831, 0.511902, 0.510133, 0.5084161, 0.50244516, 0.511081, 0.5086896, 0.5117094, 0.51103264, 0.512428, 0.5114888, 0.51176536, 0.51329255, 0.50985485, 0.5100708, 0.5098023, 0.5085444, 0.5028591, 0.50463194, 0.50876486, 0.5086583, 0.5089956, 0.5089468, 0.50828874, 0.5143032, 0.50984454, 0.51151663, 0.51066834, 0.5090659, 0.5131196, 0.50796765, 0.5062192, 0.50789666, 0.5098667, 0.51036465, 0.5091418, 0.5122561, 0.50875086, 0.50626844, 0.5062343, 0.5035534, 0.50344574, 0.50861144, 0.5090909, 0.50811374, 0.5119176, 0.51061004, 0.5109451, 0.50726765, 0.5071609, 0.5140506, 0.50558823, 0.5091609, 0.5036039, 0.5003033, 0.50762093, 0.5066773, 0.5133073, 0.5141552, 0.5149202, 0.5053931, 0.50738406, 0.5091553, 0.5132824, 0.5078632, 0.50719386, 0.5097568, 0.51009697, 0.5026297, 0.510987, 0.51094186, 0.50086856, 0.5128395, 0.5120958, 0.51053315, 0.5092195, 0.50968343, 0.51180124, 0.5115552, 0.5144623, 0.50803554, 0.5119436, 0.5095032, 0.51038873, 0.5142127, 0.51241297, 0.51355034, 0.5119946, 0.5122288, 0.5068988, 0.5144177, 0.5127745, 0.5128218, 0.5149499, 0.5140881, 0.5148974, 0.5127601, 0.513683, 0.5121535, 0.5121902, 0.5122637, 0.5136521, 0.5140993, 0.5137323, 0.51377046, 0.511748, 0.5017817, 0.50002277, 0.50838006, 0.5121418, 0.51097953, 0.51078826, 0.5139474, 0.5081573, 0.5079191, 0.5080674, 0.5086751, 0.5094646, 0.507902, 0.5114384, 0.50938725, 0.50715446, 0.5116696, 0.5107408, 0.5109358, 0.51120025, 0.5115137, 0.5091156, 0.5111575, 0.5110004, 0.5098112, 0.50990844, 0.5104706, 0.5116138, 0.5098341, 0.50583464, 0.51182586, 0.5078886, 0.509081, 0.5076151, 0.503747, 0.50840116, 0.5120275, 0.51291513, 0.5129179, 0.5013791, 0.5089102, 0.50988775, 0.5090274, 0.50953454, 0.5137752, 0.51078206, 0.5085496, 0.51166385, 0.51053476]
[0.50463617, 0.50774753, 0.508504, 0.5066766, 0.5053332, 0.504112, 0.50474006, 0.5042586, 0.50485545, 0.50210255, 0.5011088, 0.5014375, 0.50188595, 0.5023525, 0.5002641, 0.50420284, 0.50275177, 0.50171226, 0.5078145, 0.5080003, 0.50902855, 0.50921714, 0.50709856, 0.5059782, 0.5037396, 0.50842935, 0.50741965, 0.50748664, 0.51041156, 0.50850797, 0.5135292, 0.50439, 0.51192605, 0.51462054, 0.50385636, 0.50815916, 0.5089166, 0.51103985, 0.5015004, 0.50205785, 0.5037962, 0.50025177, 0.50628406, 0.5074215, 0.5080844, 0.5078478, 0.50580883, 0.5021917, 0.50492823, 0.50077116, 0.5022041, 0.5034839, 0.5101215, 0.5042903, 0.50729996, 0.5079956, 0.50546753, 0.50323886, 0.50317574, 0.50157064, 0.50700134, 0.5053375, 0.5016365, 0.5103433, 0.5098693, 0.5098223, 0.5055009, 0.50638384, 0.51365834, 0.509672, 0.5091902, 0.509203, 0.50789356, 0.50425005, 0.51217437, 0.512622, 0.51370203, 0.5096269, 0.51220644, 0.50936896, 0.5121238, 0.5127292, 0.51234496, 0.5114455, 0.50980854, 0.5116493, 0.5093341, 0.50766397, 0.5098101, 0.5127844, 0.5093877, 0.5073606, 0.51316094, 0.510317, 0.5099118, 0.5093119, 0.51208365, 0.5126435, 0.51120186, 0.5152593, 0.5134639, 0.5128715, 0.5125521, 0.5137095, 0.5137673, 0.51191473, 0.51374835, 0.51363295, 0.51328444, 0.5119574, 0.51476794, 0.51302207, 0.5122288, 0.51160824, 0.5012952, 0.5102956, 0.5121002, 0.51078624, 0.50960976, 0.50668174, 0.5019674, 0.51026845, 0.50728494, 0.5109616, 0.5104679, 0.51200646, 0.510727, 0.510499, 0.5132735, 0.5097579, 0.5094327, 0.5087925, 0.5070523, 0.5016316, 0.5021321, 0.50785005, 0.5072829, 0.5080621, 0.5080186, 0.50721794, 0.51362914, 0.5086305, 0.5109518, 0.51032025, 0.50762254, 0.5128634, 0.50633436, 0.5025052, 0.50540906, 0.509015, 0.5094655, 0.50714314, 0.51191, 0.5073971, 0.5045003, 0.50331104, 0.5056189, 0.5056669, 0.50769365, 0.50763845, 0.505627, 0.5110168, 0.5098445, 0.5093448, 0.5057895, 0.50323933, 0.5141208, 0.504601, 0.5088246, 0.50329417, 0.50047135, 0.50675243, 0.50591683, 0.51261497, 0.513858, 0.5148304, 0.50158453, 0.50470996, 0.507768, 0.51281303, 0.507417, 0.50521433, 0.50763446, 0.50947624, 0.5003301, 0.5102645, 0.50986505, 0.5001166, 0.5123617, 0.5116378, 0.50961065, 0.5074816, 0.50845075, 0.51102, 0.51143324, 0.5141336, 0.5038365, 0.51101714, 0.5089169, 0.5095236, 0.51368904, 0.51175183, 0.51331806, 0.51107436, 0.5120149, 0.50544673, 0.514473, 0.512211, 0.51210177, 0.5155771, 0.51415217, 0.51483667, 0.51195115, 0.5130224, 0.5117243, 0.5120473, 0.51208043, 0.51266825, 0.5133181, 0.5134527, 0.51245, 0.5114279, 0.50087935, 0.50300366, 0.5063263, 0.51104265, 0.5100446, 0.50914615, 0.5137376, 0.50471365, 0.50462925, 0.5052944, 0.50671387, 0.5079096, 0.5076514, 0.51088333, 0.50771123, 0.50609636, 0.5108991, 0.5100217, 0.50995636, 0.51016045, 0.50996315, 0.50809616, 0.51064163, 0.5105378, 0.5086915, 0.50896716, 0.5094659, 0.5105413, 0.50847226, 0.5066254, 0.51121944, 0.50524026, 0.507511, 0.5048391, 0.50623786, 0.5070875, 0.51071745, 0.5120255, 0.51217, 0.5017025, 0.50731486, 0.508745, 0.50730133, 0.50877357, 0.51342666, 0.51024777, 0.5079096, 0.510389, 0.5097742]
[0.5027384, 0.5062122, 0.5069493, 0.5053339, 0.5038041, 0.50271535, 0.50314206, 0.5028136, 0.50377274, 0.5021928, 0.5021525, 0.5012443, 0.5007472, 0.5018579, 0.5020214, 0.50233364, 0.50114954, 0.50096667, 0.5108184, 0.5111693, 0.5117882, 0.5119978, 0.51092786, 0.5101272, 0.5071093, 0.5118187, 0.5103874, 0.51079273, 0.5129079, 0.5107094, 0.5160685, 0.5082327, 0.5148366, 0.5177631, 0.5024686, 0.51084137, 0.5113744, 0.5136203, 0.50690657, 0.500479, 0.50242335, 0.5037628, 0.5047638, 0.50579864, 0.5066489, 0.506537, 0.5047891, 0.500692, 0.50886875, 0.50148916, 0.5006156, 0.5024921, 0.5124682, 0.5020059, 0.50546813, 0.50602907, 0.50485504, 0.501418, 0.501885, 0.5005074, 0.51002306, 0.5095081, 0.5008754, 0.51423776, 0.51315284, 0.5127047, 0.50829935, 0.508611, 0.51624376, 0.5127508, 0.5126434, 0.51194954, 0.5102302, 0.5074463, 0.51564085, 0.51585335, 0.51633, 0.5122643, 0.51510036, 0.51126605, 0.5154107, 0.5156455, 0.5157703, 0.514883, 0.5126153, 0.5141807, 0.51186347, 0.51005375, 0.51322436, 0.51589775, 0.5123859, 0.51028836, 0.5159978, 0.51308566, 0.5125881, 0.51290274, 0.51482224, 0.51628757, 0.5143202, 0.51832205, 0.5163209, 0.515868, 0.5157671, 0.51708466, 0.5179737, 0.5149594, 0.5173083, 0.5170853, 0.51669025, 0.5146944, 0.51809794, 0.5164872, 0.5154034, 0.51470995, 0.5069336, 0.51325494, 0.5149935, 0.5144756, 0.5121662, 0.50969106, 0.50494653, 0.5132799, 0.51011086, 0.5148739, 0.513755, 0.51512975, 0.5136139, 0.5137853, 0.51638246, 0.51194686, 0.5124414, 0.51184183, 0.507623, 0.5067426, 0.50675666, 0.51117945, 0.51021975, 0.5107287, 0.5106756, 0.51031095, 0.5171972, 0.51175743, 0.5139489, 0.51283425, 0.5101791, 0.51621443, 0.5094567, 0.50781965, 0.50776064, 0.51097924, 0.5126419, 0.50907063, 0.5153241, 0.5110117, 0.5090236, 0.5076941, 0.50424325, 0.5043171, 0.5104786, 0.5102306, 0.5083382, 0.51438665, 0.51291, 0.5129092, 0.50621897, 0.50505537, 0.5169895, 0.50836504, 0.51102436, 0.50742173, 0.50397176, 0.5101579, 0.5099557, 0.5162854, 0.51724654, 0.5181268, 0.50694513, 0.50863904, 0.5110159, 0.51628214, 0.50950676, 0.5076753, 0.5102357, 0.5125415, 0.5059114, 0.51345414, 0.5131084, 0.5026725, 0.5148901, 0.51405466, 0.5128469, 0.5100765, 0.5116513, 0.51412314, 0.51431006, 0.5166549, 0.509037, 0.515022, 0.51207614, 0.5126571, 0.5168161, 0.5144057, 0.51715696, 0.51458454, 0.515075, 0.50924534, 0.51710916, 0.5151825, 0.51505023, 0.5190409, 0.517544, 0.51778877, 0.5152345, 0.5163591, 0.51405954, 0.51457125, 0.5154049, 0.51665235, 0.5168491, 0.51611906, 0.5158946, 0.5141872, 0.50123775, 0.5008933, 0.5097052, 0.5143034, 0.512771, 0.51167685, 0.5172016, 0.5075956, 0.50701284, 0.50814897, 0.50910383, 0.5105622, 0.51010257, 0.51380825, 0.50991195, 0.50917447, 0.514147, 0.5133977, 0.51329595, 0.5137744, 0.5135438, 0.51178294, 0.51423895, 0.5134074, 0.51164645, 0.5114898, 0.51314336, 0.5130669, 0.5116035, 0.50912815, 0.51421875, 0.5080272, 0.510949, 0.5091412, 0.50471973, 0.5109923, 0.51390094, 0.51402, 0.51460177, 0.5044625, 0.51105905, 0.51194215, 0.51026267, 0.51175076, 0.51673234, 0.51325244, 0.50987166, 0.51435417, 0.5130027]
[0.50230867, 0.5061625, 0.5069396, 0.5052859, 0.5038575, 0.50202, 0.5030845, 0.5015141, 0.50188243, 0.5031342, 0.5033053, 0.505154, 0.50502896, 0.50474447, 0.5063402, 0.50190806, 0.5021418, 0.5033209, 0.5087957, 0.50899714, 0.5092439, 0.5094771, 0.50870436, 0.5083132, 0.5074312, 0.509296, 0.50843793, 0.5088439, 0.5104207, 0.5086523, 0.51189697, 0.5070923, 0.5113137, 0.5125059, 0.50111026, 0.50871974, 0.5094192, 0.510474, 0.5065503, 0.50183684, 0.50122535, 0.5060046, 0.50454766, 0.50563735, 0.50701237, 0.5063235, 0.5040908, 0.5026786, 0.5071372, 0.50591624, 0.5043553, 0.501542, 0.5103708, 0.5018415, 0.5056809, 0.50654846, 0.50448084, 0.5021348, 0.5018005, 0.5051682, 0.5081251, 0.5077519, 0.5032483, 0.510633, 0.5097928, 0.5105389, 0.5083402, 0.5085891, 0.51166016, 0.50957376, 0.50937396, 0.5098658, 0.5090715, 0.5074824, 0.51158106, 0.5116961, 0.5119164, 0.50961685, 0.5113466, 0.50911117, 0.51127356, 0.5116936, 0.5116323, 0.5107979, 0.510263, 0.5110867, 0.5094194, 0.5085257, 0.50993603, 0.5116689, 0.5099299, 0.5082691, 0.51180506, 0.51013863, 0.5096989, 0.50987345, 0.5112727, 0.5117321, 0.51083565, 0.5131175, 0.51178926, 0.51189315, 0.51170415, 0.5123348, 0.5119782, 0.5109635, 0.51166284, 0.5121192, 0.51206857, 0.5111694, 0.5128606, 0.5120721, 0.51129967, 0.51083654, 0.5064073, 0.51062393, 0.5113142, 0.51054025, 0.50995225, 0.5080826, 0.5053068, 0.51011413, 0.50867707, 0.5104114, 0.5100774, 0.5112111, 0.51037705, 0.51084507, 0.51165104, 0.509478, 0.5094267, 0.509058, 0.50841194, 0.50590634, 0.5067353, 0.508385, 0.5087203, 0.5087803, 0.50867003, 0.5082776, 0.5122222, 0.50922126, 0.5105943, 0.50981003, 0.5087469, 0.5117981, 0.5077569, 0.50684655, 0.50765276, 0.50938517, 0.50956416, 0.5087693, 0.51057696, 0.50848174, 0.50736815, 0.50706387, 0.5038928, 0.5039961, 0.5082722, 0.5087972, 0.50801176, 0.51088756, 0.509831, 0.5100006, 0.5080615, 0.5077884, 0.5123742, 0.5073077, 0.5086331, 0.506249, 0.5038952, 0.5078052, 0.5073517, 0.51181936, 0.5122463, 0.51275426, 0.5064655, 0.5075837, 0.5089237, 0.51164633, 0.5078627, 0.5077924, 0.508844, 0.50954735, 0.50564206, 0.5098852, 0.5099346, 0.5046254, 0.51118106, 0.5108066, 0.5098696, 0.50869346, 0.5089468, 0.51063293, 0.5104544, 0.5125597, 0.5076372, 0.5107035, 0.50909066, 0.50967395, 0.51228625, 0.51097894, 0.51162446, 0.5108209, 0.510772, 0.50797594, 0.51237094, 0.51137006, 0.5111304, 0.5129525, 0.5124336, 0.5126398, 0.5112908, 0.5121509, 0.5107385, 0.51067704, 0.5107193, 0.511274, 0.51201266, 0.5119988, 0.5119509, 0.5105676, 0.504607, 0.5028888, 0.5081316, 0.5110595, 0.5098721, 0.5095074, 0.51233417, 0.5083616, 0.50797635, 0.5080294, 0.5083431, 0.5088933, 0.50807405, 0.51049906, 0.5092422, 0.50735015, 0.51029587, 0.51010245, 0.510199, 0.51052195, 0.5106305, 0.508355, 0.5100692, 0.51025075, 0.509276, 0.50909543, 0.5092912, 0.5106198, 0.5094552, 0.5079391, 0.51058835, 0.50799876, 0.5086172, 0.5076459, 0.50425416, 0.5080714, 0.5104404, 0.5115233, 0.5114572, 0.50456464, 0.508525, 0.5089958, 0.5087702, 0.509358, 0.51188666, 0.5098232, 0.5085465, 0.5103897, 0.5097896]
[0.50143105, 0.5034873, 0.5042486, 0.50243473, 0.50055283, 0.500564, 0.5009945, 0.50147325, 0.5006904, 0.50454867, 0.5045097, 0.50455445, 0.5036828, 0.50339043, 0.50552624, 0.5012825, 0.50232095, 0.50486, 0.510662, 0.511202, 0.51136076, 0.51165056, 0.5112643, 0.51080567, 0.5077034, 0.51103777, 0.5099074, 0.5109413, 0.5127507, 0.5105263, 0.5144323, 0.5085361, 0.5138252, 0.5156959, 0.50113755, 0.5104002, 0.5109148, 0.5131576, 0.50874764, 0.5038106, 0.50147367, 0.5056827, 0.50227904, 0.5037839, 0.50409144, 0.504098, 0.5021562, 0.50518155, 0.5094472, 0.5054043, 0.50438637, 0.5017369, 0.51161915, 0.50128806, 0.5028806, 0.50345653, 0.50204515, 0.5022995, 0.50233394, 0.5043497, 0.50990236, 0.50923735, 0.50390255, 0.5129866, 0.51173353, 0.51254904, 0.50914586, 0.5095858, 0.51408345, 0.5121277, 0.5118874, 0.5113954, 0.51047766, 0.5084157, 0.51406175, 0.5143064, 0.51447487, 0.5112945, 0.51400805, 0.5108885, 0.5143064, 0.5142006, 0.514395, 0.5137621, 0.51213527, 0.5127142, 0.5114551, 0.5099526, 0.51272595, 0.51457006, 0.5118425, 0.51054907, 0.51426667, 0.51273394, 0.5121348, 0.5129395, 0.5136346, 0.5147671, 0.5131436, 0.5158142, 0.5147291, 0.5141172, 0.51411366, 0.51533663, 0.5155158, 0.51382625, 0.5151113, 0.515165, 0.5150408, 0.5134263, 0.5158203, 0.51489174, 0.5138409, 0.5128992, 0.50855213, 0.5127809, 0.5143152, 0.5133735, 0.51179254, 0.5105199, 0.5060923, 0.5124227, 0.5102376, 0.5136039, 0.51251525, 0.5142042, 0.5127931, 0.5130441, 0.51456505, 0.5116273, 0.51169837, 0.51132053, 0.5082535, 0.5073414, 0.50796926, 0.5109725, 0.5106661, 0.5105577, 0.51065975, 0.51055044, 0.51495403, 0.5110634, 0.5129768, 0.5123108, 0.5099857, 0.5145958, 0.5094852, 0.5083796, 0.5091684, 0.51120204, 0.5114772, 0.5097744, 0.513565, 0.5105667, 0.50909066, 0.50871897, 0.5024051, 0.5023943, 0.5105797, 0.5100084, 0.508722, 0.5137761, 0.5123614, 0.5120857, 0.5083434, 0.508365, 0.51446176, 0.50851434, 0.5107672, 0.5076208, 0.5050643, 0.51038426, 0.5102095, 0.5150909, 0.51524687, 0.51577073, 0.50859004, 0.50938165, 0.51073503, 0.5151252, 0.51021564, 0.50878775, 0.5107327, 0.5121109, 0.5074176, 0.5124867, 0.51206255, 0.50509894, 0.51376015, 0.51304793, 0.5119214, 0.51001316, 0.5116391, 0.51327735, 0.51310575, 0.5141885, 0.5097381, 0.51380485, 0.5115434, 0.5119382, 0.5152266, 0.5130367, 0.5150393, 0.51342696, 0.5137894, 0.50981843, 0.51490915, 0.51365954, 0.5133653, 0.5166174, 0.51558983, 0.5156238, 0.5140379, 0.5149384, 0.51251405, 0.5132829, 0.5138306, 0.5149904, 0.5154388, 0.5142204, 0.5144199, 0.5128055, 0.5049074, 0.5029125, 0.509512, 0.5128056, 0.5120836, 0.5109447, 0.5153499, 0.50865084, 0.5083969, 0.5086974, 0.5095065, 0.51032984, 0.50991064, 0.51255316, 0.5101853, 0.509269, 0.51317585, 0.5121957, 0.5121458, 0.5123335, 0.51221085, 0.5110237, 0.51288724, 0.51216584, 0.51081586, 0.51121485, 0.51212037, 0.5120635, 0.51105267, 0.50917083, 0.51306176, 0.5096558, 0.51088434, 0.50967187, 0.50219864, 0.5104344, 0.51321954, 0.51368374, 0.5136713, 0.50632656, 0.5109372, 0.51134527, 0.51067597, 0.51135904, 0.514965, 0.5125074, 0.5097752, 0.5129697, 0.51187515]
[0.5028178, 0.5071912, 0.50811183, 0.50561297, 0.5039238, 0.5023914, 0.5033155, 0.502438, 0.50309914, 0.5035861, 0.5026628, 0.5028564, 0.5026031, 0.50245446, 0.5044316, 0.5019203, 0.50149536, 0.502952, 0.5070637, 0.50716174, 0.50739044, 0.5077307, 0.507272, 0.50683343, 0.5058112, 0.5073183, 0.5070511, 0.50718457, 0.50831306, 0.5072402, 0.5099862, 0.5055412, 0.50951356, 0.51039195, 0.50263226, 0.50698537, 0.5075715, 0.5087902, 0.5047067, 0.50220966, 0.5018584, 0.5039889, 0.5052663, 0.5068112, 0.50772893, 0.5071124, 0.5046771, 0.50253767, 0.50609416, 0.50330603, 0.5022282, 0.50117844, 0.5082148, 0.5018374, 0.50632226, 0.507398, 0.5051251, 0.5013649, 0.5013994, 0.50316584, 0.5064831, 0.50630194, 0.50262815, 0.5088607, 0.50818914, 0.5086057, 0.50641584, 0.50648427, 0.5096922, 0.5081155, 0.5079508, 0.50787365, 0.5071516, 0.5051223, 0.50979656, 0.5098551, 0.5098727, 0.50792944, 0.50950617, 0.50760424, 0.5093733, 0.50990677, 0.5094397, 0.5089498, 0.5080727, 0.50910044, 0.5075467, 0.5066823, 0.5084918, 0.50971055, 0.50797147, 0.50718915, 0.5095827, 0.5086652, 0.50796354, 0.5081365, 0.5092243, 0.5098935, 0.5088998, 0.5110905, 0.5099634, 0.5096411, 0.5096003, 0.5102947, 0.5104128, 0.5092791, 0.5101713, 0.5102342, 0.5099921, 0.5091357, 0.51082176, 0.5100171, 0.5093781, 0.5091095, 0.505387, 0.50848776, 0.5096504, 0.5089907, 0.50775087, 0.50680065, 0.5038019, 0.50841856, 0.5069469, 0.5090679, 0.5085551, 0.5092545, 0.5086788, 0.5088239, 0.5097264, 0.50778687, 0.50782233, 0.50742763, 0.50662154, 0.50424826, 0.50494, 0.50711304, 0.50705683, 0.5071176, 0.5070093, 0.50672317, 0.5104013, 0.5076271, 0.5090346, 0.5084276, 0.50728434, 0.50980747, 0.50644886, 0.505457, 0.5062634, 0.50762624, 0.5078112, 0.50689054, 0.50928223, 0.5069166, 0.50593853, 0.505631, 0.50543404, 0.5054521, 0.5069584, 0.5071033, 0.5063973, 0.5090805, 0.5082202, 0.50807065, 0.50564563, 0.5059003, 0.5098548, 0.5056108, 0.5071608, 0.50542253, 0.5031979, 0.50670445, 0.5063593, 0.50987875, 0.51025784, 0.51070404, 0.505542, 0.50628334, 0.50734574, 0.50986433, 0.5065528, 0.506122, 0.5072346, 0.50801027, 0.5045765, 0.50828767, 0.508127, 0.5032227, 0.50943726, 0.50885534, 0.5080699, 0.50704485, 0.5075212, 0.50901043, 0.5089273, 0.510117, 0.50596005, 0.50905037, 0.5075123, 0.5078806, 0.5103712, 0.5089865, 0.51031756, 0.5089437, 0.50904375, 0.5058457, 0.5105634, 0.5093545, 0.50931174, 0.5112529, 0.51047844, 0.5107196, 0.5094058, 0.5101107, 0.5088202, 0.50909996, 0.5093712, 0.5099667, 0.51029074, 0.5099048, 0.51011944, 0.5089092, 0.50314295, 0.5013008, 0.5064733, 0.5089531, 0.5084371, 0.50777644, 0.5101452, 0.5061739, 0.5058024, 0.50598615, 0.5064941, 0.5071265, 0.50628656, 0.5083586, 0.5069047, 0.506334, 0.50863844, 0.50835127, 0.5083794, 0.50860554, 0.50859106, 0.507462, 0.50862116, 0.50824726, 0.5074418, 0.5077798, 0.50823164, 0.50866073, 0.5076252, 0.505795, 0.50895494, 0.5062626, 0.50717485, 0.50650096, 0.5055204, 0.5065075, 0.50871414, 0.5091792, 0.50914514, 0.5038684, 0.5070225, 0.5075153, 0.5070039, 0.5076883, 0.5100992, 0.5084033, 0.5070172, 0.50864273, 0.5080912]
[0.5043302, 0.5076512, 0.5082086, 0.50647706, 0.5046428, 0.50297654, 0.5039163, 0.5042074, 0.5047181, 0.50117254, 0.50053614, 0.500904, 0.5020708, 0.50263476, 0.5004446, 0.5036938, 0.50189966, 0.50073856, 0.5088043, 0.5085951, 0.51046175, 0.5103042, 0.5064991, 0.5069373, 0.504746, 0.50934607, 0.5080909, 0.50810003, 0.5109956, 0.50956273, 0.5138393, 0.5050373, 0.51218235, 0.5148852, 0.50313437, 0.50935537, 0.5103894, 0.51175565, 0.5025371, 0.5024705, 0.5023432, 0.5017319, 0.5055882, 0.5067352, 0.50829375, 0.50805444, 0.5057924, 0.501115, 0.5038531, 0.5004493, 0.501953, 0.5029495, 0.51156086, 0.5038989, 0.50728947, 0.5080817, 0.50518715, 0.50288516, 0.5030091, 0.5010534, 0.5076132, 0.50594145, 0.50165784, 0.51078165, 0.51056015, 0.51087445, 0.5071448, 0.5076298, 0.5146649, 0.5096739, 0.51030093, 0.510282, 0.50816154, 0.50637054, 0.5126409, 0.51304525, 0.5142291, 0.51037186, 0.51303965, 0.5101773, 0.51272875, 0.51345074, 0.51311433, 0.51257277, 0.5108495, 0.5128275, 0.5105488, 0.5089112, 0.51085, 0.51335007, 0.51040626, 0.5083131, 0.5139571, 0.5113602, 0.5107673, 0.51012903, 0.512914, 0.51306206, 0.511657, 0.51528025, 0.51413757, 0.5141834, 0.5137297, 0.51439404, 0.51435393, 0.512703, 0.51411605, 0.51428837, 0.51399904, 0.512875, 0.51554924, 0.51362354, 0.51275086, 0.51284236, 0.5026377, 0.51143086, 0.51287603, 0.51098096, 0.50972325, 0.50718397, 0.5035997, 0.5113253, 0.5080615, 0.511459, 0.51099706, 0.51277554, 0.51145464, 0.51067483, 0.5135121, 0.5098906, 0.5102518, 0.5102906, 0.5078882, 0.5038569, 0.50396484, 0.50801015, 0.5079809, 0.5087408, 0.5087977, 0.5081931, 0.5140413, 0.5087932, 0.5112485, 0.5109994, 0.50812733, 0.5131247, 0.50752944, 0.50548345, 0.5078296, 0.51021177, 0.50998515, 0.50828326, 0.51226956, 0.5074805, 0.50469965, 0.50634116, 0.5053513, 0.50518525, 0.5080666, 0.50842315, 0.5070875, 0.51189417, 0.5107359, 0.51100016, 0.5067348, 0.50652593, 0.51428425, 0.50605315, 0.5091925, 0.50479245, 0.5014192, 0.5075276, 0.5064818, 0.51356924, 0.51432765, 0.51534075, 0.50242585, 0.50540566, 0.5089307, 0.51355153, 0.5080549, 0.5073208, 0.50930953, 0.5093681, 0.5012657, 0.51040304, 0.51052713, 0.5010404, 0.51256305, 0.5123574, 0.5109882, 0.5089627, 0.50856453, 0.51186365, 0.5120238, 0.5150958, 0.5061578, 0.51120883, 0.5093089, 0.5100466, 0.51428974, 0.51272655, 0.5132659, 0.5121748, 0.5128121, 0.50673753, 0.5147682, 0.51255727, 0.5126062, 0.5155853, 0.5145422, 0.5154092, 0.5132665, 0.514285, 0.51266366, 0.5121476, 0.51267034, 0.51343274, 0.5141362, 0.5142861, 0.513078, 0.5119614, 0.5011298, 0.5025704, 0.5065378, 0.51173353, 0.5108685, 0.5105028, 0.5142764, 0.5075397, 0.50752145, 0.50806826, 0.5087994, 0.5096531, 0.507479, 0.5116805, 0.5089771, 0.50574154, 0.5117471, 0.5104187, 0.5105974, 0.51091677, 0.51103437, 0.5083785, 0.5111203, 0.51109403, 0.5096617, 0.5096096, 0.50982964, 0.510869, 0.5090863, 0.50724024, 0.5116299, 0.5069656, 0.50869346, 0.5067082, 0.5063321, 0.50796735, 0.51155764, 0.5132105, 0.5135302, 0.49996936, 0.5074873, 0.50973487, 0.50847757, 0.509536, 0.51384765, 0.510526, 0.5088654, 0.5118387, 0.51028484]
[0.5012033, 0.5035831, 0.50395113, 0.5029183, 0.50189054, 0.50163597, 0.5021604, 0.5012478, 0.5019017, 0.5004672, 0.50109935, 0.5004302, 0.500144, 0.5007009, 0.50143325, 0.5012859, 0.5004249, 0.5001864, 0.50881404, 0.50902325, 0.5100881, 0.5105273, 0.50845504, 0.50743866, 0.504901, 0.5098758, 0.5085735, 0.50912344, 0.5112947, 0.508761, 0.51429194, 0.50546294, 0.5132819, 0.51574874, 0.5014433, 0.50918174, 0.509424, 0.5121057, 0.50368387, 0.50026083, 0.50117135, 0.5020878, 0.5029427, 0.5035642, 0.5043194, 0.5040153, 0.50295454, 0.5002509, 0.5067071, 0.5012222, 0.5000782, 0.50103223, 0.5110792, 0.5013255, 0.5036994, 0.5040021, 0.50264704, 0.50092036, 0.50095004, 0.5000406, 0.5084987, 0.5079895, 0.5006481, 0.51180553, 0.5105859, 0.5113535, 0.5060846, 0.5066612, 0.51432043, 0.510746, 0.51047885, 0.51014066, 0.50871843, 0.50483185, 0.5135166, 0.5140469, 0.51465225, 0.5104718, 0.51332706, 0.5095882, 0.51326615, 0.5136014, 0.51365864, 0.5127763, 0.51066357, 0.5121492, 0.5105104, 0.5088139, 0.51135445, 0.51405185, 0.510397, 0.5081003, 0.5139491, 0.51160586, 0.510711, 0.5112459, 0.5129526, 0.51418996, 0.51197726, 0.51642513, 0.51435494, 0.5136597, 0.5135387, 0.51502895, 0.5154974, 0.51281244, 0.5148435, 0.5147025, 0.51448774, 0.5126756, 0.5158687, 0.5145446, 0.51343423, 0.5123178, 0.50341845, 0.51137924, 0.5131643, 0.5128679, 0.51055133, 0.5081197, 0.50354844, 0.51121914, 0.5081812, 0.5126796, 0.51155293, 0.51318675, 0.5115477, 0.51199675, 0.5143198, 0.5104245, 0.51045585, 0.50953585, 0.5071656, 0.50330454, 0.50352705, 0.5091325, 0.50854445, 0.5088895, 0.50893724, 0.50853235, 0.5149178, 0.5097565, 0.5120728, 0.5111922, 0.5082404, 0.51454246, 0.50797176, 0.5054712, 0.50561184, 0.509404, 0.5102564, 0.50678027, 0.5131268, 0.50875235, 0.5061591, 0.50434744, 0.503163, 0.5032697, 0.508577, 0.50844073, 0.50599265, 0.5124305, 0.51063985, 0.5107657, 0.5052402, 0.50391024, 0.51466984, 0.50547594, 0.5096328, 0.50569123, 0.5018021, 0.50766814, 0.50714624, 0.5138838, 0.515106, 0.5163413, 0.50438005, 0.50609076, 0.50893104, 0.51402384, 0.5083831, 0.5052193, 0.50824416, 0.5105911, 0.5033422, 0.5112168, 0.51062673, 0.5016424, 0.513025, 0.5125055, 0.5107637, 0.5079683, 0.50977397, 0.5120898, 0.51266444, 0.51467246, 0.50561917, 0.5127932, 0.51016515, 0.51071817, 0.5149352, 0.51275855, 0.5148533, 0.5124471, 0.5126836, 0.50665414, 0.51490015, 0.51332396, 0.51283085, 0.51699954, 0.5151902, 0.5161592, 0.5134274, 0.51421183, 0.51215214, 0.5128279, 0.5127519, 0.51435107, 0.5148474, 0.5142374, 0.5135231, 0.51217324, 0.5003164, 0.50042784, 0.50690556, 0.51200145, 0.51058066, 0.50938886, 0.51507604, 0.50552255, 0.5044518, 0.504829, 0.5068456, 0.5082587, 0.5081322, 0.51163757, 0.5072377, 0.5063684, 0.51214015, 0.51141244, 0.5114894, 0.5115293, 0.5112064, 0.50918657, 0.5120625, 0.51148903, 0.509899, 0.5098939, 0.51063585, 0.5112877, 0.50942916, 0.50651664, 0.51233816, 0.5067952, 0.5085937, 0.5067023, 0.5030306, 0.5077259, 0.51202065, 0.5129314, 0.51311296, 0.50181323, 0.50928074, 0.5101156, 0.50812787, 0.50961775, 0.5145793, 0.5116512, 0.5080341, 0.5120316, 0.51093334]
[0.49921736, 0.5017315, 0.5022123, 0.5012304, 0.50023615, 0.49952176, 0.49996686, 0.49919415, 0.49997735, 0.5010742, 0.501395, 0.500944, 0.50133175, 0.5004764, 0.50250363, 0.49915043, 0.49958456, 0.50060606, 0.50817657, 0.5084131, 0.5095634, 0.5095389, 0.50765723, 0.5072194, 0.5050499, 0.5086336, 0.50765073, 0.50757545, 0.51049024, 0.508845, 0.5132389, 0.50577873, 0.512003, 0.51471007, 0.49929327, 0.5087987, 0.50895697, 0.5110732, 0.50517946, 0.5001093, 0.4992448, 0.50242937, 0.50087726, 0.50173914, 0.50190735, 0.5018069, 0.500637, 0.50053155, 0.5050754, 0.5019043, 0.5006954, 0.49929053, 0.51005924, 0.49918723, 0.5012573, 0.50181174, 0.5005643, 0.49898806, 0.49904072, 0.50071853, 0.5072604, 0.5052355, 0.5014697, 0.51050234, 0.5094971, 0.5106177, 0.5064424, 0.5070017, 0.51302177, 0.50988716, 0.5097075, 0.5097053, 0.50822073, 0.50499195, 0.51246333, 0.51273066, 0.51414406, 0.5101776, 0.5125676, 0.50912714, 0.51300323, 0.51274604, 0.5127841, 0.5118696, 0.5097845, 0.51136225, 0.5103334, 0.5083021, 0.510411, 0.5129268, 0.50978184, 0.50801605, 0.5133852, 0.5105859, 0.5098862, 0.51015323, 0.5120839, 0.5129023, 0.51179564, 0.5151802, 0.5136213, 0.5132638, 0.51283866, 0.5136916, 0.51379067, 0.51236194, 0.51386386, 0.51353484, 0.5131413, 0.5116137, 0.51483774, 0.5132313, 0.51219136, 0.5115448, 0.5046632, 0.5111152, 0.51201993, 0.5112242, 0.5095882, 0.50780505, 0.5032641, 0.51065165, 0.50801307, 0.5110588, 0.510457, 0.51244766, 0.51086193, 0.51067656, 0.51312435, 0.5098794, 0.5093744, 0.5088737, 0.50632304, 0.5042512, 0.5049062, 0.50811356, 0.50807357, 0.5084463, 0.508646, 0.50793755, 0.5137556, 0.50879574, 0.51075524, 0.5099605, 0.50745374, 0.5127753, 0.50722647, 0.505573, 0.5058039, 0.5090702, 0.5091638, 0.50714135, 0.51145464, 0.5073396, 0.50506103, 0.50538695, 0.50080645, 0.50067, 0.50772387, 0.50785935, 0.5056365, 0.51189923, 0.5100594, 0.5097542, 0.5073157, 0.50579995, 0.5138208, 0.5062273, 0.5089905, 0.5038629, 0.5009101, 0.50711113, 0.5072483, 0.5130592, 0.5141473, 0.515318, 0.5048543, 0.5063679, 0.5082681, 0.51334983, 0.50763136, 0.5053641, 0.5077364, 0.50970036, 0.5032952, 0.5103548, 0.5101534, 0.5016603, 0.5120739, 0.51181245, 0.51053333, 0.50773966, 0.50896025, 0.5113383, 0.5114519, 0.5136488, 0.5063377, 0.5113649, 0.50898093, 0.50977135, 0.51374805, 0.5118272, 0.5137523, 0.5118202, 0.51191616, 0.507418, 0.51409495, 0.51192325, 0.51235193, 0.51534754, 0.5140175, 0.51463306, 0.51246834, 0.51351064, 0.5118227, 0.5120659, 0.51184005, 0.51283634, 0.5144378, 0.51316, 0.5121599, 0.5108722, 0.50233, 0.49906668, 0.5068688, 0.51123625, 0.510118, 0.50923324, 0.5141262, 0.5061903, 0.5057709, 0.5060872, 0.5072902, 0.5078853, 0.5080941, 0.5105603, 0.5076182, 0.5059577, 0.5111652, 0.5101348, 0.5099309, 0.5099, 0.5099397, 0.5083658, 0.5109682, 0.51088405, 0.50942314, 0.5090712, 0.5096644, 0.5102634, 0.5089251, 0.50654614, 0.5113184, 0.5068291, 0.5080734, 0.5063411, 0.5009485, 0.50756, 0.51118994, 0.5120409, 0.5124726, 0.50117296, 0.5070537, 0.50900066, 0.5081535, 0.5092928, 0.51384234, 0.51024806, 0.5082637, 0.51088554, 0.5099656]
[0.50339735, 0.50678015, 0.50773525, 0.5059607, 0.504435, 0.5038264, 0.5045802, 0.503438, 0.50429326, 0.50077605, 0.5010126, 0.5014965, 0.502062, 0.5027103, 0.50123686, 0.5034489, 0.5021901, 0.5015111, 0.5099083, 0.50957626, 0.5100122, 0.5108863, 0.5085675, 0.5075866, 0.5051301, 0.510879, 0.5090115, 0.5098437, 0.5125314, 0.5094981, 0.51597536, 0.50361675, 0.51460665, 0.5177259, 0.5035009, 0.51026195, 0.5103018, 0.51322937, 0.50077766, 0.5023489, 0.50304794, 0.50131625, 0.5054363, 0.50636333, 0.50795865, 0.5078284, 0.5061407, 0.50183636, 0.5071694, 0.50037044, 0.50177807, 0.5029222, 0.51247376, 0.50337243, 0.50676924, 0.50747794, 0.50546014, 0.50287944, 0.5026687, 0.5015336, 0.50891906, 0.5081535, 0.5012958, 0.51328987, 0.5115706, 0.5125494, 0.5061691, 0.5077081, 0.51569134, 0.511592, 0.5108851, 0.510575, 0.509061, 0.5045248, 0.51458347, 0.5155044, 0.5161871, 0.51143324, 0.5147256, 0.5103758, 0.5153191, 0.5150836, 0.5150536, 0.51404965, 0.5118956, 0.513624, 0.51163083, 0.5098686, 0.51234126, 0.51545537, 0.5111613, 0.5082101, 0.5154849, 0.51246077, 0.5114344, 0.5109739, 0.51427865, 0.51571983, 0.5134421, 0.5183453, 0.5162731, 0.5153416, 0.51566535, 0.5168853, 0.51755565, 0.5145017, 0.5163887, 0.51654875, 0.5164668, 0.51391673, 0.51836723, 0.5159077, 0.51551306, 0.5143311, 0.50240445, 0.51256466, 0.5144763, 0.51398087, 0.5114912, 0.5083527, 0.50201297, 0.5123333, 0.50846267, 0.5142426, 0.5129426, 0.5149867, 0.5125931, 0.5135911, 0.51621985, 0.51155776, 0.5110251, 0.5100792, 0.50885636, 0.501672, 0.5021692, 0.5098966, 0.5094648, 0.5091193, 0.5096187, 0.50891966, 0.5169023, 0.51056516, 0.513886, 0.51237273, 0.50916594, 0.51630855, 0.5079647, 0.5046963, 0.5054254, 0.5106775, 0.5112205, 0.5062654, 0.5140505, 0.5093942, 0.5065034, 0.5040162, 0.50621957, 0.50597894, 0.50909764, 0.50940275, 0.5058438, 0.51357114, 0.5118724, 0.51186454, 0.5040557, 0.502305, 0.51664114, 0.5048324, 0.5101128, 0.50735873, 0.50183046, 0.50777614, 0.5073675, 0.51504785, 0.5166564, 0.5184778, 0.50447845, 0.5068628, 0.5097111, 0.5159117, 0.50802004, 0.5050103, 0.50816107, 0.5113704, 0.50229234, 0.5124705, 0.5120088, 0.50044304, 0.5143552, 0.51350063, 0.51201314, 0.5081213, 0.5099783, 0.513406, 0.5135611, 0.51711965, 0.50509715, 0.5138301, 0.5105702, 0.5114145, 0.5169194, 0.51426554, 0.5172381, 0.5139459, 0.51369613, 0.50638425, 0.5171183, 0.5148481, 0.5141982, 0.51965714, 0.51683664, 0.518566, 0.51459944, 0.51628894, 0.51387674, 0.514256, 0.5144233, 0.51553905, 0.51595175, 0.51606107, 0.51566666, 0.5139412, 0.50158924, 0.50253737, 0.5057557, 0.5134271, 0.51161325, 0.5106426, 0.51681024, 0.50624377, 0.50407344, 0.5046629, 0.50721174, 0.5091706, 0.5087044, 0.5129585, 0.5079891, 0.5067328, 0.5128054, 0.5126075, 0.51259404, 0.51301235, 0.5124511, 0.5096785, 0.51325434, 0.5124736, 0.5109503, 0.51101416, 0.5119831, 0.5125798, 0.5109146, 0.50710505, 0.513612, 0.50643075, 0.5090619, 0.50650686, 0.5059431, 0.5064714, 0.5126769, 0.5142036, 0.51449466, 0.50175524, 0.50997496, 0.51101345, 0.5089494, 0.5103067, 0.51627296, 0.5126825, 0.5087381, 0.51311046, 0.5119422]
[0.50318915, 0.50662184, 0.507314, 0.50560135, 0.50435466, 0.5033732, 0.5040104, 0.5034451, 0.5038053, 0.501269, 0.50152296, 0.50069183, 0.5012346, 0.5017089, 0.50004286, 0.5034367, 0.5021577, 0.5014381, 0.5101915, 0.5096212, 0.51031804, 0.51115984, 0.50957006, 0.5080273, 0.5049796, 0.51083666, 0.5091135, 0.51019585, 0.5126662, 0.50830394, 0.51789206, 0.5041074, 0.5164849, 0.5179531, 0.5034056, 0.5097983, 0.5108932, 0.51403546, 0.49985114, 0.50209546, 0.5029657, 0.49983937, 0.5052749, 0.5063399, 0.5073386, 0.5070152, 0.5053321, 0.50193727, 0.5074806, 0.5005673, 0.5016408, 0.50237733, 0.5133779, 0.50330675, 0.5062907, 0.5067737, 0.50470215, 0.5024813, 0.5021773, 0.50106704, 0.5079815, 0.50880843, 0.5015501, 0.5141756, 0.5124991, 0.51373434, 0.50796944, 0.50877535, 0.51641595, 0.51158357, 0.5113137, 0.5108616, 0.50920075, 0.50383526, 0.51607245, 0.51687866, 0.5162471, 0.5115373, 0.5162769, 0.5105846, 0.5154952, 0.5162681, 0.5155075, 0.5142543, 0.5129926, 0.51482797, 0.5109226, 0.50881064, 0.51325786, 0.51666296, 0.5118185, 0.5083103, 0.5165434, 0.51387715, 0.51260716, 0.51190287, 0.51533973, 0.51710147, 0.5141529, 0.5199383, 0.51639813, 0.5164305, 0.516302, 0.51877236, 0.5184077, 0.5151597, 0.5175896, 0.5177207, 0.51755387, 0.5150875, 0.5198521, 0.51790935, 0.5158108, 0.5146513, 0.5022943, 0.5129649, 0.5165661, 0.51536, 0.51171416, 0.50782543, 0.49989298, 0.51269054, 0.50905424, 0.5154857, 0.5139632, 0.51547444, 0.5129996, 0.5146226, 0.5167942, 0.51114285, 0.51145035, 0.5103337, 0.50815797, 0.5005417, 0.50169253, 0.5094071, 0.50936294, 0.50909615, 0.50949556, 0.50856954, 0.518561, 0.51070327, 0.51440287, 0.51235056, 0.5094936, 0.5173158, 0.50736207, 0.5043015, 0.50631505, 0.5111815, 0.5117919, 0.5078598, 0.51520395, 0.5100732, 0.50730675, 0.5032112, 0.50592875, 0.50585544, 0.50915414, 0.5098006, 0.50705665, 0.5145427, 0.5122017, 0.5122709, 0.50226885, 0.5026035, 0.517005, 0.50331986, 0.50943667, 0.505723, 0.49986836, 0.50693214, 0.5049734, 0.51576203, 0.5178421, 0.5187295, 0.50347054, 0.50622606, 0.51041144, 0.5165153, 0.5072432, 0.5055099, 0.50984657, 0.511476, 0.5015452, 0.5129436, 0.51243496, 0.50029415, 0.5153945, 0.5146157, 0.5118611, 0.5091115, 0.51083684, 0.51422524, 0.5139613, 0.51863796, 0.5068119, 0.51477385, 0.5107639, 0.5117821, 0.5184257, 0.5150448, 0.5176282, 0.5147511, 0.5144536, 0.5043293, 0.518433, 0.5164204, 0.5156835, 0.5202857, 0.5184465, 0.5193614, 0.51553065, 0.517177, 0.5139258, 0.5144904, 0.51475275, 0.51692504, 0.51700896, 0.5173195, 0.5178917, 0.51469934, 0.501077, 0.50174326, 0.5065084, 0.514664, 0.5122613, 0.5111088, 0.5179181, 0.5071146, 0.50547403, 0.5060335, 0.50824547, 0.5099228, 0.50789297, 0.5132903, 0.5087689, 0.5060362, 0.5134765, 0.5128092, 0.51330125, 0.513945, 0.5136526, 0.50970113, 0.51351404, 0.5123147, 0.51062655, 0.5116496, 0.5122948, 0.5133186, 0.5109392, 0.504473, 0.51452297, 0.5068166, 0.50938517, 0.506909, 0.50517637, 0.5068538, 0.51372486, 0.51662624, 0.51535445, 0.5016442, 0.5107428, 0.51087254, 0.50940704, 0.5109888, 0.51709735, 0.5137109, 0.5083485, 0.51386833, 0.5127343]
[0.49935353, 0.5023123, 0.50299, 0.501925, 0.50072074, 0.49963382, 0.49959227, 0.49939632, 0.49964666, 0.5030689, 0.50288683, 0.5028608, 0.5032788, 0.5019993, 0.50446826, 0.4995823, 0.50170636, 0.50246036, 0.5117389, 0.5119484, 0.5119261, 0.5128621, 0.51147014, 0.5108345, 0.5080576, 0.5125918, 0.5106569, 0.511303, 0.51388043, 0.5119439, 0.51737934, 0.5078245, 0.51571125, 0.51831716, 0.4992968, 0.51193416, 0.5128144, 0.5142821, 0.506984, 0.50201094, 0.4995611, 0.50539213, 0.50075924, 0.50186616, 0.50246197, 0.5022782, 0.5007525, 0.5035004, 0.5093933, 0.504691, 0.503315, 0.50152206, 0.51378894, 0.4993886, 0.50181407, 0.5024057, 0.5009624, 0.5014372, 0.50106937, 0.5036253, 0.510329, 0.5100802, 0.5020919, 0.5150932, 0.5137704, 0.5142151, 0.51041913, 0.511193, 0.5169292, 0.5136663, 0.51312846, 0.51323456, 0.5115135, 0.5077356, 0.5161462, 0.51635945, 0.5167368, 0.5123667, 0.51593566, 0.5120618, 0.515926, 0.51704365, 0.5165184, 0.5158777, 0.5138847, 0.51554203, 0.5125178, 0.5108761, 0.51440066, 0.5161984, 0.51378465, 0.51099044, 0.51631135, 0.5144558, 0.51334274, 0.51256424, 0.5157302, 0.51674044, 0.5155324, 0.519023, 0.5168666, 0.5169795, 0.5167324, 0.5181869, 0.5179455, 0.5158335, 0.5169012, 0.5173412, 0.5173565, 0.5154633, 0.5190269, 0.5170651, 0.51647586, 0.51559013, 0.5073604, 0.51445776, 0.5161608, 0.51451993, 0.5131277, 0.51100993, 0.50502867, 0.5140215, 0.5115862, 0.5157879, 0.5145616, 0.5159013, 0.514573, 0.5153891, 0.51660335, 0.5133221, 0.5127412, 0.5122359, 0.510058, 0.505857, 0.5065895, 0.5118828, 0.51176673, 0.51117, 0.5115223, 0.5107363, 0.5176554, 0.51248646, 0.51512355, 0.513382, 0.51173383, 0.5171248, 0.51023483, 0.50801283, 0.50915045, 0.5121482, 0.51296157, 0.510136, 0.5157684, 0.51144636, 0.5095684, 0.5084819, 0.5008041, 0.5005851, 0.51119936, 0.5120947, 0.5095705, 0.51551616, 0.51393855, 0.5143869, 0.5080119, 0.5079642, 0.5167289, 0.5097042, 0.5114983, 0.5082392, 0.50463885, 0.5097002, 0.5090111, 0.51636493, 0.51776946, 0.5182986, 0.5083714, 0.50986284, 0.5118834, 0.5166892, 0.50940454, 0.51028216, 0.5115774, 0.513374, 0.5060311, 0.51413363, 0.51387244, 0.50444376, 0.5155963, 0.51482534, 0.5135477, 0.5112102, 0.5123754, 0.5148598, 0.5147603, 0.51817954, 0.5089693, 0.51557124, 0.5125893, 0.513339, 0.51736414, 0.51544744, 0.51744485, 0.5153886, 0.51542485, 0.5090825, 0.5181184, 0.51663166, 0.5157713, 0.51936525, 0.5180436, 0.51867735, 0.516118, 0.5171391, 0.51531667, 0.5148977, 0.5160595, 0.51703703, 0.5175486, 0.51771337, 0.5169077, 0.51492697, 0.5036728, 0.5013118, 0.51005036, 0.515673, 0.5139695, 0.5128583, 0.5175523, 0.5099046, 0.5083617, 0.5086154, 0.509978, 0.51132196, 0.51002693, 0.51402724, 0.5117414, 0.5098712, 0.51444745, 0.5140862, 0.514334, 0.51475, 0.51454, 0.51169974, 0.51475024, 0.5134801, 0.51237726, 0.5134005, 0.5138849, 0.51503724, 0.5124677, 0.5095915, 0.51507145, 0.5097205, 0.51127136, 0.51039803, 0.50077707, 0.50979483, 0.51346374, 0.5156571, 0.5149361, 0.5058618, 0.5118411, 0.5125237, 0.51223326, 0.51280606, 0.5173355, 0.51404905, 0.5103246, 0.5146104, 0.51389986]
[0.50204825, 0.5047833, 0.5054887, 0.5040391, 0.5029759, 0.5020063, 0.5026191, 0.50183827, 0.5023827, 0.50196314, 0.5014629, 0.5017039, 0.5017928, 0.5014105, 0.5026475, 0.5021781, 0.5010291, 0.502018, 0.5081465, 0.5082024, 0.508865, 0.5089769, 0.50738025, 0.50679463, 0.5063074, 0.5082744, 0.50745845, 0.5077693, 0.50941664, 0.5082094, 0.51134247, 0.5060221, 0.5105083, 0.51187783, 0.50166196, 0.5083183, 0.5090946, 0.51002073, 0.50396085, 0.50086474, 0.50121266, 0.50427186, 0.5032302, 0.5041843, 0.5053876, 0.5053326, 0.5039322, 0.50124, 0.50630194, 0.50268096, 0.5014276, 0.50158983, 0.509378, 0.50202125, 0.5047194, 0.50556767, 0.503023, 0.50070506, 0.5009075, 0.5025788, 0.5070719, 0.5058356, 0.5023072, 0.5095005, 0.50909823, 0.5092927, 0.50769824, 0.50718397, 0.5114578, 0.50900865, 0.5086001, 0.50865394, 0.5078002, 0.5056465, 0.51035035, 0.51059985, 0.5114221, 0.50913054, 0.5105527, 0.50909543, 0.51061237, 0.5106628, 0.51046324, 0.5100538, 0.5091742, 0.51047045, 0.50898284, 0.50808656, 0.508984, 0.51078176, 0.50902057, 0.50808215, 0.5109191, 0.5096257, 0.50905, 0.5087417, 0.51054925, 0.51078653, 0.5099541, 0.5120994, 0.5111637, 0.5111018, 0.51090825, 0.5113071, 0.51147765, 0.5102809, 0.51122886, 0.51131225, 0.5111331, 0.5103689, 0.5120248, 0.51113313, 0.51062655, 0.5101685, 0.5032854, 0.50954896, 0.510637, 0.50918585, 0.5090437, 0.5073236, 0.5033641, 0.50960577, 0.50786895, 0.5096988, 0.5092548, 0.51025, 0.50963396, 0.5098171, 0.5110352, 0.5091637, 0.5088994, 0.5087903, 0.5078662, 0.50414306, 0.5047747, 0.50755644, 0.50789106, 0.50785834, 0.5079695, 0.50777346, 0.51141787, 0.50861895, 0.509626, 0.50924337, 0.50810546, 0.5108934, 0.5070202, 0.50525993, 0.5074503, 0.5089998, 0.50893694, 0.5073959, 0.51037, 0.5076125, 0.5057167, 0.5056068, 0.50323045, 0.50296134, 0.5077971, 0.50832987, 0.5071938, 0.5100537, 0.5092098, 0.50926316, 0.5067626, 0.5063508, 0.5114353, 0.5066235, 0.50825083, 0.50524724, 0.5017516, 0.50690657, 0.5065527, 0.51060647, 0.5114314, 0.5117956, 0.5035051, 0.5055989, 0.5082528, 0.5108254, 0.50723386, 0.507656, 0.50865555, 0.50861543, 0.5035867, 0.5092417, 0.50899863, 0.5025801, 0.5105162, 0.5100581, 0.5091745, 0.5082449, 0.50854856, 0.50974476, 0.5097231, 0.51165044, 0.5064744, 0.5096845, 0.50843495, 0.5088113, 0.5115458, 0.5103255, 0.51084304, 0.51014245, 0.51028216, 0.5068231, 0.51166856, 0.51046425, 0.51045287, 0.51194906, 0.5114125, 0.51196885, 0.51047444, 0.51110655, 0.5102421, 0.51028466, 0.5102134, 0.51077086, 0.5112374, 0.51096106, 0.51055604, 0.5098688, 0.50223273, 0.50068665, 0.5071034, 0.50995255, 0.50957435, 0.5090875, 0.51148343, 0.5078033, 0.50750244, 0.5078063, 0.50817853, 0.50861984, 0.5074433, 0.50961626, 0.50852984, 0.50701165, 0.5098544, 0.5091839, 0.50920427, 0.5094529, 0.5092928, 0.5078872, 0.5095302, 0.50961936, 0.50896746, 0.50854015, 0.50868744, 0.5092342, 0.50843275, 0.5074525, 0.50998485, 0.5067145, 0.50800246, 0.5067541, 0.5030297, 0.50748104, 0.509484, 0.5107756, 0.51064956, 0.5022814, 0.5077065, 0.5087198, 0.5080726, 0.5085078, 0.5112679, 0.50917137, 0.5083006, 0.5094903, 0.5091533]
[0.5031462, 0.5069218, 0.50773716, 0.50566965, 0.50415677, 0.50220233, 0.5030467, 0.5027901, 0.5030946, 0.5013342, 0.5016429, 0.5020684, 0.50219136, 0.501801, 0.5039136, 0.50295746, 0.5004981, 0.5013616, 0.50819176, 0.50817734, 0.50882095, 0.5089879, 0.5074453, 0.50732195, 0.50522953, 0.50826126, 0.50753736, 0.5079012, 0.50991243, 0.5085459, 0.51237994, 0.5054522, 0.51105654, 0.51321185, 0.5022059, 0.50837106, 0.50905716, 0.51047564, 0.504451, 0.5007617, 0.5016804, 0.5035248, 0.50494915, 0.5063179, 0.50718343, 0.5068072, 0.5045635, 0.50081193, 0.50556344, 0.502791, 0.5014415, 0.5013204, 0.50996023, 0.5029082, 0.50681794, 0.5072236, 0.5046327, 0.5007665, 0.50071436, 0.5023595, 0.5072478, 0.5057743, 0.50123334, 0.5105214, 0.50985, 0.5102863, 0.50717044, 0.5075679, 0.5126759, 0.50952303, 0.5094125, 0.5097906, 0.50813544, 0.50564456, 0.5116297, 0.51182425, 0.5126236, 0.509311, 0.51162374, 0.508874, 0.5114163, 0.5121459, 0.5118142, 0.5109855, 0.5094545, 0.51128685, 0.50919396, 0.50768596, 0.51000607, 0.5118943, 0.50973153, 0.50809497, 0.5122574, 0.51013523, 0.5095229, 0.5093619, 0.51164585, 0.5117767, 0.5105137, 0.5136268, 0.5122621, 0.5121238, 0.5120176, 0.5127643, 0.5127436, 0.5114975, 0.512508, 0.51240605, 0.5123471, 0.51123446, 0.51374567, 0.51240855, 0.51153904, 0.51119834, 0.5044535, 0.5104956, 0.511763, 0.5100404, 0.5091453, 0.5077811, 0.5036942, 0.51008934, 0.50805044, 0.51058227, 0.5096639, 0.5111864, 0.5105329, 0.51051694, 0.51219034, 0.50926894, 0.50933737, 0.50875276, 0.5072538, 0.5036376, 0.5047039, 0.50795496, 0.50770783, 0.5079327, 0.5081974, 0.50780517, 0.51255167, 0.50865734, 0.51036704, 0.5095745, 0.50819135, 0.5119692, 0.50743383, 0.505566, 0.5070319, 0.50866413, 0.50889957, 0.50810134, 0.5110857, 0.50751674, 0.5054643, 0.5057785, 0.5045109, 0.504424, 0.5078051, 0.5081173, 0.5067316, 0.5107926, 0.5095934, 0.5094912, 0.50717366, 0.5063616, 0.5128049, 0.5063916, 0.5085277, 0.50463057, 0.50167817, 0.5069685, 0.5063401, 0.5122752, 0.5128419, 0.5134255, 0.5046045, 0.5060909, 0.5081867, 0.51203746, 0.50708675, 0.5071902, 0.50863194, 0.5090757, 0.5027764, 0.5098738, 0.5098249, 0.50207233, 0.5113363, 0.51074255, 0.50957835, 0.5081511, 0.5080961, 0.5106285, 0.5106413, 0.513051, 0.5059422, 0.5108799, 0.5085696, 0.5093177, 0.5127241, 0.511064, 0.5119557, 0.51065457, 0.510804, 0.50667244, 0.5132622, 0.51123047, 0.5113615, 0.5138549, 0.51278126, 0.51327175, 0.5114895, 0.51219493, 0.51107424, 0.51074475, 0.51131296, 0.5122374, 0.5127875, 0.5125103, 0.5119945, 0.51061314, 0.50261235, 0.50079393, 0.50732195, 0.51074046, 0.5103608, 0.50941503, 0.5126388, 0.5065457, 0.5062857, 0.50645155, 0.50729656, 0.5081131, 0.5074024, 0.5101845, 0.5084002, 0.5065204, 0.510607, 0.50965065, 0.509637, 0.5100685, 0.5103224, 0.5083045, 0.5104463, 0.5101152, 0.50904334, 0.50869817, 0.5094583, 0.510585, 0.5087265, 0.5066079, 0.51064885, 0.50687253, 0.50819373, 0.50715625, 0.5050456, 0.5071527, 0.510218, 0.51150036, 0.511443, 0.5014942, 0.5074384, 0.5090649, 0.5081909, 0.5084924, 0.5123724, 0.50977546, 0.5079389, 0.510239, 0.5093784]
[0.50287014, 0.50604165, 0.50663793, 0.5052685, 0.5039434, 0.5026898, 0.50360626, 0.5029403, 0.5031007, 0.5001991, 0.500551, 0.5004685, 0.4999867, 0.5007513, 0.50194615, 0.5032656, 0.5012745, 0.5005643, 0.5085163, 0.5085483, 0.5094215, 0.50959826, 0.50730914, 0.50658435, 0.5052989, 0.50873613, 0.50782645, 0.50806385, 0.51067835, 0.5088176, 0.51336426, 0.505013, 0.5121754, 0.5142491, 0.50262165, 0.508163, 0.5098543, 0.5112671, 0.50334823, 0.5011644, 0.5020372, 0.5021214, 0.5045309, 0.50556004, 0.50698733, 0.50677115, 0.504904, 0.5006217, 0.5053412, 0.5007815, 0.50072634, 0.50184506, 0.5107294, 0.50330395, 0.5061893, 0.50701964, 0.50443083, 0.5018202, 0.5019819, 0.5008043, 0.5072765, 0.50630367, 0.5002221, 0.5108617, 0.5104004, 0.51075774, 0.50740063, 0.50739485, 0.5136599, 0.50967073, 0.5094964, 0.50997907, 0.50827986, 0.50447947, 0.51248497, 0.51282215, 0.51350874, 0.5094858, 0.51220495, 0.5094964, 0.5121252, 0.51306784, 0.51247656, 0.5117206, 0.5101307, 0.5120429, 0.5095405, 0.50822276, 0.51051825, 0.5129393, 0.5101039, 0.50779927, 0.51304716, 0.5111315, 0.50990915, 0.50961226, 0.51208866, 0.51272756, 0.5114259, 0.514843, 0.5129869, 0.5130408, 0.51287717, 0.51387906, 0.51376474, 0.5118424, 0.513304, 0.51353484, 0.5133241, 0.5121373, 0.5149781, 0.51329625, 0.51231754, 0.5120794, 0.5033586, 0.51127607, 0.51280755, 0.51058984, 0.50955284, 0.5075649, 0.50215673, 0.51062804, 0.5077097, 0.5108934, 0.51002216, 0.5119617, 0.51074666, 0.5111729, 0.5130246, 0.50961596, 0.50951135, 0.509154, 0.50782394, 0.5019946, 0.50370556, 0.50755376, 0.50817305, 0.5082095, 0.508416, 0.50781345, 0.5137875, 0.509075, 0.5111912, 0.5103968, 0.50823414, 0.51325643, 0.50693816, 0.5051174, 0.5069836, 0.5094892, 0.50965124, 0.5075958, 0.51187944, 0.50765854, 0.5052358, 0.5049606, 0.50508803, 0.50477475, 0.50758195, 0.50851345, 0.50705105, 0.51138204, 0.5100002, 0.5102773, 0.5063534, 0.5061216, 0.5135413, 0.50540847, 0.5089381, 0.5047244, 0.5005419, 0.506993, 0.5061156, 0.5127596, 0.5137252, 0.51449656, 0.5038948, 0.5057478, 0.5085686, 0.5128513, 0.5073297, 0.50655, 0.5087668, 0.5094807, 0.50167286, 0.5102158, 0.51001805, 0.50060546, 0.51224124, 0.5116196, 0.51003075, 0.50844324, 0.5086748, 0.511289, 0.5111334, 0.51421237, 0.5052845, 0.5111924, 0.50884235, 0.5094133, 0.5138074, 0.51192075, 0.51305354, 0.5116229, 0.51169604, 0.5062647, 0.51399106, 0.51225126, 0.51194197, 0.5151417, 0.5138348, 0.51444906, 0.51234025, 0.513255, 0.5117205, 0.51172835, 0.5119908, 0.5127827, 0.51362735, 0.5131772, 0.5127979, 0.51151544, 0.5015377, 0.50101376, 0.5071307, 0.51173484, 0.51058674, 0.5101168, 0.5137308, 0.5070739, 0.5063991, 0.50672555, 0.507704, 0.50870186, 0.5070939, 0.5108516, 0.5088895, 0.5065284, 0.5112039, 0.5100954, 0.51012754, 0.51075804, 0.51045907, 0.50824016, 0.51087207, 0.51042664, 0.5093522, 0.50957173, 0.50988084, 0.510931, 0.5087092, 0.5067085, 0.5112005, 0.5067007, 0.5081511, 0.50644594, 0.5047578, 0.5074824, 0.5109633, 0.5127393, 0.5124027, 0.5019319, 0.50800925, 0.50942284, 0.50860643, 0.5093862, 0.51338905, 0.5101516, 0.50820094, 0.5111153, 0.50966096]
[0.50268155, 0.506104, 0.50680554, 0.5052557, 0.50397176, 0.5031965, 0.5040682, 0.5031059, 0.5034003, 0.50077283, 0.501007, 0.5007295, 0.5006129, 0.50158495, 0.50099546, 0.50344145, 0.5013995, 0.5007382, 0.5067541, 0.5062373, 0.5069612, 0.50690526, 0.5050412, 0.50458723, 0.5035283, 0.50661534, 0.50587904, 0.50601625, 0.5077687, 0.50623447, 0.5095991, 0.503381, 0.50897497, 0.51023215, 0.50254744, 0.5065972, 0.5071855, 0.50834155, 0.50150365, 0.5014955, 0.5023358, 0.50178194, 0.5051543, 0.5060189, 0.50743395, 0.50695115, 0.50506645, 0.50054604, 0.5045343, 0.50137407, 0.5007603, 0.5024028, 0.50793225, 0.503285, 0.50646955, 0.5072638, 0.50432044, 0.5018423, 0.50204086, 0.50104207, 0.5053552, 0.50508857, 0.50075114, 0.5078214, 0.50729007, 0.5077126, 0.50531286, 0.505006, 0.5096862, 0.5068316, 0.50671387, 0.50684905, 0.5056961, 0.50371885, 0.5088209, 0.5090701, 0.5097361, 0.507364, 0.5089057, 0.5071962, 0.50903636, 0.5088999, 0.50887996, 0.5084771, 0.5075646, 0.50869584, 0.5074476, 0.5064709, 0.5074317, 0.5092082, 0.50728947, 0.505695, 0.5093663, 0.5080219, 0.5073286, 0.5069455, 0.5088268, 0.50920826, 0.50823766, 0.5107832, 0.5095249, 0.50940746, 0.5093379, 0.5097881, 0.5100382, 0.50880206, 0.50955236, 0.50964266, 0.5094974, 0.50863844, 0.51061165, 0.5096504, 0.5091182, 0.5087828, 0.5018138, 0.5078948, 0.5089057, 0.5080506, 0.5072583, 0.50523823, 0.50171393, 0.5078196, 0.5059836, 0.5083786, 0.5079755, 0.5087041, 0.50761163, 0.50807965, 0.50943434, 0.5071095, 0.50706935, 0.5068713, 0.5059603, 0.5017746, 0.50229585, 0.50592756, 0.505903, 0.50595766, 0.5061379, 0.50587654, 0.50998825, 0.506662, 0.50832397, 0.50781703, 0.5061405, 0.5093443, 0.5052094, 0.50334996, 0.505092, 0.50724286, 0.50725085, 0.5048568, 0.5085666, 0.5057394, 0.5037193, 0.5036951, 0.5054856, 0.5054173, 0.5057502, 0.50642025, 0.50529504, 0.5081786, 0.50747335, 0.5075977, 0.50373286, 0.50366676, 0.5098109, 0.5033831, 0.5066645, 0.50435466, 0.50125706, 0.5052351, 0.50434536, 0.5087566, 0.5097617, 0.51021624, 0.5030837, 0.50443846, 0.50648314, 0.5092905, 0.5056134, 0.5045656, 0.5060096, 0.50700384, 0.5020328, 0.50746864, 0.50739706, 0.500966, 0.50898886, 0.50855356, 0.50746775, 0.50638837, 0.5064659, 0.5082244, 0.5083914, 0.51026237, 0.503555, 0.5079684, 0.50649095, 0.50705063, 0.50996995, 0.50880605, 0.50933003, 0.50853753, 0.5085236, 0.50389946, 0.51021516, 0.5089714, 0.5088139, 0.51061934, 0.5099134, 0.51059294, 0.50895053, 0.5094362, 0.5088029, 0.50858396, 0.5086434, 0.5088779, 0.5092656, 0.50940657, 0.509385, 0.5085585, 0.5013058, 0.5013064, 0.5041491, 0.5083428, 0.5075272, 0.5070412, 0.5097113, 0.50509, 0.5043006, 0.5046751, 0.50583506, 0.50666094, 0.5056068, 0.50805676, 0.5063801, 0.5044666, 0.5077938, 0.5074815, 0.5075663, 0.50771713, 0.50753987, 0.5061339, 0.50784457, 0.50784725, 0.507108, 0.50724816, 0.5074518, 0.5079859, 0.5067187, 0.504971, 0.50832707, 0.50464314, 0.5055721, 0.5038014, 0.50502956, 0.50518686, 0.5080541, 0.50893664, 0.5090179, 0.5016552, 0.5062053, 0.5068152, 0.5061756, 0.50679886, 0.50953037, 0.5076339, 0.50611025, 0.5082147, 0.5073253]
[0.5011433, 0.50378823, 0.5045395, 0.5030939, 0.5019341, 0.5012864, 0.50181174, 0.5007559, 0.50144416, 0.50180566, 0.501494, 0.500642, 0.499923, 0.5007522, 0.50144315, 0.50117373, 0.5000707, 0.50100046, 0.5133883, 0.5135798, 0.51477295, 0.5147579, 0.5125551, 0.51195693, 0.5083753, 0.51468927, 0.5126723, 0.5133204, 0.51638246, 0.5133051, 0.519147, 0.50919855, 0.51829135, 0.5216505, 0.5006102, 0.51366675, 0.5138104, 0.51654565, 0.5067058, 0.5002797, 0.50098455, 0.5040821, 0.5031336, 0.5039416, 0.50465494, 0.504101, 0.50271004, 0.50115305, 0.51028365, 0.50211024, 0.5002145, 0.500667, 0.51528037, 0.5012276, 0.5036131, 0.504147, 0.50289625, 0.5003913, 0.5006546, 0.5011868, 0.5126104, 0.5115617, 0.5008453, 0.5167368, 0.51565695, 0.5157753, 0.5098268, 0.5110639, 0.5197368, 0.5152525, 0.5148838, 0.5146407, 0.5122146, 0.50972605, 0.51854426, 0.51897854, 0.5197581, 0.5148334, 0.518648, 0.5135469, 0.5184534, 0.5185867, 0.5192633, 0.5180672, 0.5154544, 0.51701224, 0.5147053, 0.5123244, 0.51586044, 0.51944166, 0.51471716, 0.51226383, 0.5192849, 0.516114, 0.5152316, 0.51505053, 0.5179686, 0.51924014, 0.5174719, 0.52206933, 0.5197295, 0.518984, 0.51877284, 0.52050483, 0.52119017, 0.5180836, 0.5203602, 0.5202604, 0.5198866, 0.51751053, 0.5214354, 0.5197207, 0.51835877, 0.51770043, 0.507267, 0.5165358, 0.51800185, 0.5174523, 0.51495403, 0.5115712, 0.5062994, 0.51603246, 0.5123032, 0.51767355, 0.5160994, 0.5184018, 0.51661664, 0.5168958, 0.5191837, 0.51491225, 0.5151571, 0.5139553, 0.5107858, 0.50647724, 0.50704885, 0.5133759, 0.51282096, 0.5130909, 0.5132064, 0.51286364, 0.52082247, 0.5135384, 0.51711255, 0.5158145, 0.5124183, 0.51969737, 0.51198494, 0.50838315, 0.51013136, 0.5139398, 0.5147189, 0.51079404, 0.5175948, 0.5125098, 0.50993174, 0.50908154, 0.5028735, 0.5028873, 0.512479, 0.5121237, 0.5093656, 0.5175435, 0.5154028, 0.5154287, 0.50867856, 0.5071539, 0.5202205, 0.5091341, 0.5139732, 0.50929576, 0.5054875, 0.512196, 0.5115284, 0.5193195, 0.5205533, 0.52189577, 0.50898737, 0.5109019, 0.51330405, 0.5194307, 0.5122377, 0.50912243, 0.5122293, 0.51530135, 0.50603545, 0.5158195, 0.5155713, 0.50279903, 0.5181727, 0.51686794, 0.5154816, 0.51206034, 0.5136986, 0.5172752, 0.5177365, 0.5200994, 0.5093978, 0.5178927, 0.5144674, 0.5152904, 0.5200234, 0.5176867, 0.52023476, 0.5178077, 0.51791286, 0.51051986, 0.5203699, 0.51848197, 0.5177624, 0.52323, 0.52102196, 0.5218528, 0.51862466, 0.519936, 0.5168409, 0.5175861, 0.5179229, 0.5194117, 0.52012074, 0.5192559, 0.51911885, 0.5175871, 0.5010314, 0.5002036, 0.5108213, 0.51706135, 0.51490563, 0.5135759, 0.5208692, 0.509343, 0.5081564, 0.5092686, 0.5111274, 0.51252586, 0.5119507, 0.51654977, 0.51143056, 0.5104633, 0.5169908, 0.5159993, 0.51592255, 0.5163361, 0.51597303, 0.5141494, 0.51707536, 0.5160724, 0.5139816, 0.5141931, 0.5157832, 0.5156383, 0.51379013, 0.5107087, 0.51705635, 0.510941, 0.51300985, 0.51019025, 0.50301224, 0.5120881, 0.51647884, 0.51748234, 0.5179059, 0.5048584, 0.5136942, 0.51398045, 0.5127004, 0.51467943, 0.5200362, 0.5162479, 0.5116364, 0.5169147, 0.5150705]
[0.5006494, 0.5022335, 0.50307685, 0.50187045, 0.5001917, 0.50062716, 0.499954, 0.5005211, 0.49994683, 0.50366944, 0.50283885, 0.5037183, 0.503278, 0.502587, 0.5041425, 0.50060993, 0.501925, 0.5027471, 0.5077092, 0.50754094, 0.5077605, 0.50775003, 0.50727916, 0.5068953, 0.50613916, 0.50801283, 0.5075849, 0.50753736, 0.50895774, 0.5072567, 0.5107608, 0.5055883, 0.5101819, 0.51103354, 0.50115913, 0.5076356, 0.50802815, 0.5090793, 0.50451905, 0.5023733, 0.50130415, 0.5039432, 0.5012585, 0.5023815, 0.50344217, 0.50293773, 0.50128883, 0.5024533, 0.50641334, 0.5042601, 0.5029947, 0.5013277, 0.5088564, 0.5011393, 0.50247896, 0.5029654, 0.50121003, 0.5013979, 0.5015478, 0.5029874, 0.50702673, 0.50679, 0.50299424, 0.50922084, 0.508707, 0.5091882, 0.506709, 0.5069395, 0.5102994, 0.5082379, 0.5081657, 0.50820625, 0.5070651, 0.5061135, 0.50993156, 0.51001275, 0.5101659, 0.50834817, 0.5100552, 0.5081894, 0.5098276, 0.5101855, 0.5101407, 0.50955254, 0.5086635, 0.50957626, 0.508304, 0.50728506, 0.50897014, 0.5101829, 0.50839555, 0.50686723, 0.5102612, 0.50898474, 0.50847095, 0.5080181, 0.5096892, 0.5102799, 0.50961494, 0.5117814, 0.51027524, 0.51038146, 0.5102077, 0.5109472, 0.5109507, 0.5096956, 0.510625, 0.5107294, 0.51051795, 0.5096491, 0.5116477, 0.51053256, 0.5099032, 0.5098068, 0.5052638, 0.5088189, 0.5099183, 0.50951856, 0.50813055, 0.5065152, 0.5037809, 0.50886905, 0.5073269, 0.5096402, 0.50955904, 0.50992954, 0.50890446, 0.50915754, 0.51004, 0.5077694, 0.50782627, 0.5074235, 0.5068873, 0.50443965, 0.50500524, 0.50754935, 0.507067, 0.5071455, 0.5071254, 0.5068292, 0.5112489, 0.50787336, 0.50948036, 0.50892866, 0.5073429, 0.5103067, 0.50654596, 0.5054273, 0.50640494, 0.50779253, 0.5084112, 0.50683427, 0.50976306, 0.50741297, 0.506415, 0.5057763, 0.5012947, 0.50137883, 0.50713, 0.5074255, 0.5067312, 0.50944465, 0.5086655, 0.5086336, 0.50553125, 0.50566155, 0.51063615, 0.5057398, 0.5076366, 0.5059577, 0.5044265, 0.506761, 0.5061615, 0.50986135, 0.5107011, 0.5115736, 0.5057865, 0.5064305, 0.5078261, 0.5100617, 0.50622696, 0.506365, 0.50745493, 0.50822467, 0.5046798, 0.50871855, 0.50880444, 0.50352734, 0.5095795, 0.509614, 0.5082958, 0.50727254, 0.5075888, 0.5093018, 0.50911653, 0.5110447, 0.5064205, 0.5090201, 0.50777787, 0.50823635, 0.5109561, 0.5096483, 0.5108432, 0.50979733, 0.5095857, 0.50591743, 0.51114327, 0.5099027, 0.50998247, 0.5116414, 0.51112837, 0.5113502, 0.5098714, 0.51084256, 0.5093394, 0.5097578, 0.50973755, 0.5103201, 0.5104604, 0.5103029, 0.51088005, 0.5097959, 0.5035229, 0.5021382, 0.506247, 0.50946546, 0.50845164, 0.5080826, 0.51072377, 0.50674456, 0.50640714, 0.5065448, 0.50720406, 0.5078434, 0.50690097, 0.5088151, 0.50730807, 0.5065179, 0.5087901, 0.50900525, 0.50890785, 0.5090558, 0.5088309, 0.5076819, 0.5091141, 0.50862336, 0.50791377, 0.5085366, 0.508848, 0.50900936, 0.5076986, 0.50615185, 0.50939476, 0.5061837, 0.5073848, 0.50666994, 0.50129986, 0.50630444, 0.5086027, 0.509418, 0.5097204, 0.50458765, 0.50763154, 0.5077864, 0.5072638, 0.50826705, 0.5105573, 0.50862914, 0.507153, 0.5090362, 0.5086821]
[0.50366366, 0.50750446, 0.5083179, 0.50636727, 0.50537676, 0.50338215, 0.5041221, 0.50292635, 0.5041048, 0.5013302, 0.50129384, 0.50123, 0.5009269, 0.50179917, 0.50223106, 0.50329596, 0.5020924, 0.50095344, 0.507655, 0.50723517, 0.5081519, 0.5086237, 0.5066667, 0.5060922, 0.5051731, 0.50782126, 0.50706166, 0.5070823, 0.5086698, 0.5076751, 0.5115999, 0.50488514, 0.5104104, 0.5122163, 0.50305384, 0.50781757, 0.50807035, 0.50979686, 0.5028074, 0.5016394, 0.50246036, 0.50280744, 0.50563866, 0.5067197, 0.508145, 0.5083722, 0.5064222, 0.50111365, 0.50598645, 0.5024222, 0.500907, 0.50263757, 0.5089177, 0.5032244, 0.5072216, 0.5077756, 0.5053047, 0.50240505, 0.5020701, 0.50091803, 0.5069283, 0.5064241, 0.50173676, 0.50941277, 0.5088559, 0.5092182, 0.5060682, 0.5066704, 0.5113684, 0.50861585, 0.5083071, 0.5079785, 0.50717396, 0.5046685, 0.51068515, 0.51099455, 0.51140773, 0.5085406, 0.51045084, 0.5083968, 0.51067054, 0.5108583, 0.5104946, 0.5100306, 0.5087801, 0.5100531, 0.5087364, 0.50749135, 0.509044, 0.5110486, 0.508405, 0.5071381, 0.51090467, 0.50954837, 0.50890374, 0.5084603, 0.5103058, 0.5112607, 0.5096734, 0.5127621, 0.51154125, 0.5110464, 0.5109247, 0.51167816, 0.51197714, 0.51024, 0.51152, 0.5115862, 0.51135767, 0.51012754, 0.5126938, 0.51141477, 0.5107725, 0.51019126, 0.5033253, 0.50895673, 0.51057535, 0.5100815, 0.50853103, 0.50646627, 0.5028438, 0.50897807, 0.5069799, 0.51026976, 0.50961405, 0.510286, 0.50929415, 0.5095395, 0.51139927, 0.5085025, 0.508523, 0.5082218, 0.50689393, 0.50367117, 0.50387436, 0.5074239, 0.5069539, 0.50724715, 0.5071767, 0.5067225, 0.51184094, 0.50808024, 0.5098307, 0.50906587, 0.50728625, 0.5112998, 0.50655586, 0.50508004, 0.50558704, 0.50813466, 0.50867736, 0.50658226, 0.5105246, 0.507637, 0.50590867, 0.50476515, 0.50595915, 0.5058465, 0.50737923, 0.50762826, 0.50620705, 0.5097322, 0.5088069, 0.50852656, 0.50535244, 0.5037989, 0.5113506, 0.5057871, 0.50768983, 0.50591344, 0.50178295, 0.5061718, 0.50580364, 0.51058507, 0.511697, 0.5125962, 0.5035358, 0.50529677, 0.5075146, 0.51107204, 0.50676906, 0.5057642, 0.5070539, 0.50826705, 0.5036121, 0.50911653, 0.50890297, 0.5019786, 0.51061946, 0.510026, 0.5089249, 0.5070451, 0.5079827, 0.5096454, 0.50995445, 0.51196873, 0.5052503, 0.50969833, 0.5079454, 0.5084742, 0.51170605, 0.51030123, 0.51196975, 0.5100666, 0.51019305, 0.5057146, 0.51222014, 0.5104217, 0.510539, 0.51291865, 0.5119711, 0.51248145, 0.5103803, 0.51104957, 0.51021016, 0.5101771, 0.51017946, 0.51125824, 0.51142514, 0.51131827, 0.5111113, 0.5096442, 0.50092584, 0.50185424, 0.50584036, 0.50986344, 0.50916106, 0.50835377, 0.5118312, 0.50564456, 0.50523525, 0.5056103, 0.5066511, 0.50744754, 0.50676346, 0.5092278, 0.50698555, 0.5061343, 0.50964445, 0.50914425, 0.50918084, 0.5092186, 0.5090552, 0.5073542, 0.5092957, 0.50904936, 0.5080469, 0.50814027, 0.508719, 0.50910634, 0.50818205, 0.50649506, 0.50989497, 0.5052542, 0.5073447, 0.5061249, 0.5057922, 0.5068348, 0.5094554, 0.5102053, 0.51035863, 0.50187653, 0.50712854, 0.5080282, 0.507221, 0.50806504, 0.511557, 0.5091294, 0.5073198, 0.50963, 0.5091703]
[0.50076467, 0.503528, 0.5040512, 0.5025068, 0.5013972, 0.50060797, 0.5011619, 0.5004987, 0.5011688, 0.50136065, 0.5020232, 0.50148225, 0.5009038, 0.5004716, 0.5019707, 0.500621, 0.5004665, 0.5011318, 0.5077014, 0.5074125, 0.5082269, 0.5088926, 0.5068037, 0.50646126, 0.5056167, 0.50813866, 0.50718504, 0.5075193, 0.50904626, 0.5072285, 0.5116094, 0.50533015, 0.5106666, 0.5120714, 0.5005212, 0.5080308, 0.5084114, 0.5099787, 0.50304073, 0.5000696, 0.499801, 0.5038134, 0.5016852, 0.5027556, 0.50368506, 0.5038289, 0.50239235, 0.5009406, 0.5066561, 0.50227714, 0.5008182, 0.49989346, 0.50935596, 0.5003197, 0.50293314, 0.50366944, 0.5015081, 0.49978557, 0.5000651, 0.50127244, 0.50681555, 0.5065781, 0.5010936, 0.5098367, 0.50886905, 0.508737, 0.5064112, 0.5066466, 0.51126474, 0.5086402, 0.5085558, 0.5079775, 0.5073904, 0.50570554, 0.51035804, 0.5108374, 0.51110905, 0.5084566, 0.51051384, 0.5084326, 0.51056373, 0.51098794, 0.5104526, 0.5099673, 0.50890917, 0.51007074, 0.50860304, 0.50753886, 0.5090905, 0.5109634, 0.5085568, 0.5071874, 0.5110891, 0.509547, 0.5088417, 0.50875384, 0.51041955, 0.51148015, 0.5097696, 0.51262474, 0.5114577, 0.5109264, 0.5110531, 0.51181805, 0.5119573, 0.5102563, 0.51147956, 0.51162577, 0.5115297, 0.5103271, 0.51272994, 0.5113666, 0.5109696, 0.51001924, 0.5046661, 0.50906307, 0.5106874, 0.50984585, 0.5085985, 0.50676745, 0.5032541, 0.50906694, 0.50690067, 0.5103836, 0.5099194, 0.51043975, 0.509446, 0.50990134, 0.5114716, 0.5084888, 0.5083912, 0.5081539, 0.50694853, 0.50419307, 0.50451255, 0.50739884, 0.50695026, 0.50705093, 0.5073513, 0.5070161, 0.51165885, 0.5082261, 0.5098821, 0.5089374, 0.50737786, 0.5113537, 0.5065064, 0.5058204, 0.50615185, 0.5082644, 0.5088454, 0.5063554, 0.5105389, 0.5075558, 0.5060048, 0.50550956, 0.50245327, 0.50225466, 0.50719887, 0.5076323, 0.5062485, 0.5098104, 0.50893056, 0.5092581, 0.50461656, 0.5041804, 0.51112735, 0.50552505, 0.5076194, 0.50601476, 0.50344193, 0.5063603, 0.50558853, 0.5108423, 0.5116979, 0.51234204, 0.50421, 0.50559145, 0.5078997, 0.51108325, 0.5067, 0.5062292, 0.50761324, 0.50829965, 0.5042578, 0.5091535, 0.508896, 0.50265324, 0.5104324, 0.5098352, 0.5086937, 0.50703245, 0.50798535, 0.5098388, 0.5095538, 0.51216537, 0.5059731, 0.5099201, 0.50820726, 0.50876504, 0.5116996, 0.510177, 0.51164055, 0.5100587, 0.5104074, 0.50572956, 0.51190776, 0.5107577, 0.51051116, 0.5126792, 0.5120763, 0.51220906, 0.5105351, 0.51138085, 0.51011556, 0.5100369, 0.5101052, 0.51124835, 0.5111547, 0.5113207, 0.5110912, 0.50967, 0.5012227, 0.5005586, 0.5059992, 0.50984216, 0.5091743, 0.5083319, 0.51175046, 0.5063793, 0.5061123, 0.5064283, 0.5070038, 0.5078398, 0.5066926, 0.50943524, 0.50729334, 0.50616074, 0.509814, 0.50933325, 0.5092927, 0.50960785, 0.50933623, 0.5071309, 0.5094039, 0.5091046, 0.5083018, 0.5082988, 0.5085258, 0.50943303, 0.5083372, 0.50630075, 0.5099151, 0.5059677, 0.507323, 0.5059408, 0.5022077, 0.50654495, 0.5095127, 0.51051277, 0.5103682, 0.5033968, 0.5074109, 0.5082444, 0.5071857, 0.50795126, 0.51164263, 0.5092067, 0.50739443, 0.5098244, 0.5091781]
[0.50041616, 0.5024797, 0.502994, 0.5018994, 0.501058, 0.5002203, 0.50061756, 0.5005388, 0.5008825, 0.5005454, 0.500562, 0.501356, 0.5019497, 0.50072825, 0.50433654, 0.500373, 0.49935812, 0.5000247, 0.511612, 0.5107756, 0.51184416, 0.51270634, 0.51027477, 0.50957924, 0.5075338, 0.5113452, 0.5107623, 0.5111984, 0.5138025, 0.5106949, 0.5179919, 0.507603, 0.516039, 0.518853, 0.50045526, 0.51088613, 0.51218605, 0.5148256, 0.50475615, 0.49947092, 0.50008464, 0.50551313, 0.5010787, 0.5019788, 0.50264907, 0.50256985, 0.50151527, 0.4991466, 0.5076545, 0.50209934, 0.5000929, 0.49971887, 0.51374125, 0.5003379, 0.50221956, 0.5026874, 0.50112313, 0.49941054, 0.49919105, 0.50159526, 0.50921994, 0.5077227, 0.50048923, 0.51494586, 0.5134076, 0.51435786, 0.51061565, 0.5103941, 0.5175832, 0.5130078, 0.51245373, 0.51259524, 0.5113112, 0.50725204, 0.5165872, 0.5167193, 0.5177788, 0.51329875, 0.5165076, 0.51265895, 0.51607364, 0.51685417, 0.5162264, 0.51499987, 0.5138489, 0.5160334, 0.5132807, 0.51135087, 0.5129494, 0.51675785, 0.51307976, 0.51115644, 0.517549, 0.514289, 0.513159, 0.5129807, 0.5163027, 0.517227, 0.5146677, 0.5197142, 0.51774967, 0.51742804, 0.5174511, 0.5179865, 0.51772517, 0.51592076, 0.51761186, 0.5179531, 0.5175634, 0.5159659, 0.51936895, 0.51782876, 0.51620007, 0.51575327, 0.5043726, 0.51419955, 0.5166167, 0.514566, 0.51257616, 0.51030767, 0.5032537, 0.51390713, 0.5107718, 0.51495874, 0.51409304, 0.5155403, 0.5142439, 0.5147103, 0.5175809, 0.5128086, 0.5126037, 0.5119271, 0.51012623, 0.5042052, 0.50603867, 0.51035315, 0.5101508, 0.51035005, 0.5105482, 0.5104229, 0.5180081, 0.5118327, 0.51473105, 0.513423, 0.5111219, 0.5170694, 0.50972086, 0.5080569, 0.5091887, 0.5124427, 0.512599, 0.51060766, 0.51564, 0.51068854, 0.50766677, 0.50709575, 0.5013696, 0.5013699, 0.51039857, 0.5113218, 0.5092371, 0.5153062, 0.5138708, 0.5136053, 0.5094669, 0.50859493, 0.5181962, 0.5082075, 0.51114905, 0.50636107, 0.50087535, 0.50852716, 0.5081993, 0.51706994, 0.5180939, 0.51900446, 0.50413173, 0.5075315, 0.51120406, 0.5171444, 0.5095312, 0.50976145, 0.51164025, 0.5119997, 0.50425494, 0.5136636, 0.5128922, 0.5017968, 0.5164724, 0.51522195, 0.51348263, 0.5108601, 0.5115528, 0.5148938, 0.51458204, 0.51859057, 0.50859076, 0.51523554, 0.5114106, 0.512405, 0.5183607, 0.5158324, 0.51733536, 0.5152417, 0.51513314, 0.50875306, 0.5185561, 0.5162636, 0.5157675, 0.5196862, 0.5179588, 0.51930135, 0.51600057, 0.5176843, 0.5155748, 0.5152188, 0.5153901, 0.5173781, 0.5177885, 0.51741636, 0.5171499, 0.51462764, 0.50297153, 0.49936923, 0.50935006, 0.51513535, 0.5144038, 0.5132886, 0.51829606, 0.5105429, 0.5094685, 0.50982463, 0.51066166, 0.5120539, 0.5099731, 0.51417404, 0.51170367, 0.508533, 0.5146708, 0.51324433, 0.51367563, 0.5141898, 0.5142627, 0.51066804, 0.5136726, 0.5138978, 0.5125773, 0.51195806, 0.51282406, 0.51486325, 0.51260805, 0.5089277, 0.5147283, 0.5096483, 0.5108005, 0.5087977, 0.5013809, 0.50923514, 0.51481193, 0.51685596, 0.51667386, 0.5011848, 0.5105285, 0.51203316, 0.5111423, 0.5112891, 0.517179, 0.51302075, 0.5110377, 0.51417994, 0.5135502]
[0.50183827, 0.50434303, 0.50482184, 0.503562, 0.50266683, 0.50154245, 0.50198185, 0.50161135, 0.5022865, 0.49962738, 0.500232, 0.49977198, 0.49967524, 0.5002186, 0.50054306, 0.5017016, 0.500136, 0.49975407, 0.5098955, 0.50963855, 0.5107232, 0.5112076, 0.5087408, 0.50780654, 0.5052769, 0.5105116, 0.5092943, 0.5093833, 0.5121492, 0.5100375, 0.515958, 0.50525, 0.5143389, 0.51701903, 0.5013415, 0.50987494, 0.51064736, 0.5137283, 0.50175124, 0.5004025, 0.5013175, 0.5021596, 0.50289667, 0.50389403, 0.50451183, 0.5044366, 0.5030523, 0.5003979, 0.50674886, 0.50048333, 0.4999684, 0.50121486, 0.5121932, 0.5015683, 0.5040337, 0.5044458, 0.50267756, 0.50092745, 0.50061744, 0.49978414, 0.50863, 0.50782084, 0.4997043, 0.51292163, 0.5124281, 0.51203394, 0.5069529, 0.507623, 0.5159602, 0.5120971, 0.51143205, 0.51115173, 0.5092255, 0.50581723, 0.5146432, 0.5149773, 0.5156866, 0.51141024, 0.5143298, 0.51081496, 0.51452446, 0.51526487, 0.51460487, 0.5138043, 0.5115502, 0.51375157, 0.51108915, 0.50913525, 0.51240224, 0.51517296, 0.51154447, 0.50939584, 0.5155662, 0.51290786, 0.51184654, 0.51159465, 0.51423633, 0.5156097, 0.512977, 0.5175923, 0.51599413, 0.5150871, 0.5149627, 0.51665145, 0.5168598, 0.51402396, 0.5162323, 0.5162197, 0.5160262, 0.514085, 0.51751566, 0.51575625, 0.51491725, 0.5140424, 0.50386477, 0.51192176, 0.51427007, 0.513433, 0.5115187, 0.5084531, 0.5021389, 0.5123381, 0.50880146, 0.51395345, 0.5128497, 0.51391226, 0.5129116, 0.5134243, 0.5158873, 0.51135385, 0.5114083, 0.51055807, 0.5083485, 0.50252503, 0.50330544, 0.5097135, 0.5088072, 0.5090518, 0.50924027, 0.5084815, 0.51593333, 0.5108066, 0.5133795, 0.5123468, 0.50951606, 0.51559025, 0.50809467, 0.505323, 0.5068765, 0.51053107, 0.5114712, 0.5075885, 0.5147453, 0.50968045, 0.50652385, 0.5049411, 0.5029824, 0.50306517, 0.50953776, 0.5095039, 0.5068049, 0.5133211, 0.51208633, 0.5116244, 0.5047896, 0.5031653, 0.51604295, 0.5063391, 0.5104146, 0.5062786, 0.50208336, 0.5077612, 0.5071544, 0.5151726, 0.51638097, 0.5173908, 0.50363195, 0.5065423, 0.50966763, 0.5153922, 0.50844216, 0.5072844, 0.50935215, 0.51133996, 0.5031657, 0.51219267, 0.5121219, 0.50061435, 0.5145751, 0.5134722, 0.51182973, 0.50890565, 0.5101045, 0.5133685, 0.5137241, 0.51657736, 0.50518185, 0.5136856, 0.5108986, 0.51154286, 0.5163445, 0.5140863, 0.51601654, 0.5137091, 0.5136256, 0.5057527, 0.516607, 0.5145786, 0.5141607, 0.51804894, 0.5166149, 0.5173442, 0.5142649, 0.5152517, 0.51366276, 0.5141215, 0.5143753, 0.515576, 0.5157533, 0.5156861, 0.51516753, 0.51347315, 0.4996867, 0.50080407, 0.50778025, 0.5131381, 0.5122174, 0.5112207, 0.5161109, 0.5058843, 0.50456446, 0.50502497, 0.5076303, 0.5094069, 0.5078735, 0.51266754, 0.5092931, 0.5078333, 0.5132219, 0.5126624, 0.5123631, 0.5130295, 0.5123875, 0.51002246, 0.5131193, 0.51258415, 0.5105219, 0.51087004, 0.5120846, 0.51283675, 0.5108255, 0.507045, 0.5135638, 0.5054423, 0.50949764, 0.50718033, 0.5032914, 0.5086716, 0.51292276, 0.5141151, 0.5139292, 0.50110185, 0.50961477, 0.5110022, 0.5088244, 0.5105579, 0.51573545, 0.51264286, 0.50946826, 0.51303995, 0.5122096]
[0.50455254, 0.50847685, 0.50919855, 0.50680494, 0.5051952, 0.5041158, 0.5048254, 0.5043308, 0.505192, 0.500062, 0.5005496, 0.50110275, 0.5018461, 0.50241953, 0.5001099, 0.50388604, 0.502471, 0.50118166, 0.50943327, 0.5091754, 0.5097952, 0.5106171, 0.508777, 0.50804377, 0.50671643, 0.50964236, 0.5086774, 0.50871974, 0.5114488, 0.5090386, 0.51462966, 0.5057969, 0.5132612, 0.51529884, 0.5038961, 0.509513, 0.51003873, 0.512037, 0.5028257, 0.50234735, 0.5033126, 0.50326526, 0.5063158, 0.50751466, 0.50901043, 0.5090612, 0.5070683, 0.5020232, 0.50726235, 0.5001478, 0.5019695, 0.50353044, 0.51142144, 0.50370055, 0.507621, 0.50849766, 0.5055884, 0.50286305, 0.5029796, 0.50095785, 0.5079541, 0.5073696, 0.50087637, 0.5121492, 0.5111253, 0.51134455, 0.5073777, 0.50785774, 0.51426715, 0.5104894, 0.51043576, 0.50981545, 0.50877714, 0.5067845, 0.5131357, 0.5137419, 0.5141929, 0.51064706, 0.51326054, 0.51020974, 0.51367486, 0.51387584, 0.5132697, 0.51257145, 0.5112945, 0.5125022, 0.5106429, 0.50908965, 0.51142937, 0.51406384, 0.510466, 0.50866836, 0.51417005, 0.51180357, 0.51092106, 0.5107702, 0.5133281, 0.51443577, 0.5123559, 0.5159624, 0.51463234, 0.5140082, 0.514033, 0.5150437, 0.5151506, 0.51285094, 0.5148223, 0.51500106, 0.51487595, 0.5131211, 0.5160398, 0.51456815, 0.51369613, 0.5128964, 0.50436413, 0.5114451, 0.5132256, 0.5122777, 0.51089746, 0.50793105, 0.5020547, 0.51109046, 0.508472, 0.51266235, 0.51225525, 0.5132723, 0.51195556, 0.51210004, 0.5144406, 0.51054746, 0.51049376, 0.50997424, 0.5079894, 0.5040243, 0.5043121, 0.508609, 0.50851893, 0.508831, 0.5088441, 0.50828767, 0.51485145, 0.5098838, 0.51235163, 0.51106447, 0.5088201, 0.51436156, 0.5065603, 0.50561357, 0.5073371, 0.5104694, 0.51081973, 0.5083573, 0.5130334, 0.5089934, 0.50662255, 0.506567, 0.5064699, 0.50641245, 0.50859743, 0.50943667, 0.5073146, 0.51231825, 0.5111304, 0.511405, 0.50466436, 0.5044163, 0.51462555, 0.5061796, 0.5092989, 0.5066149, 0.50169516, 0.5077841, 0.50680614, 0.51399356, 0.514754, 0.5155958, 0.5040636, 0.5067409, 0.50970596, 0.51427805, 0.50779635, 0.5071648, 0.5095387, 0.5102488, 0.50429785, 0.5110607, 0.511042, 0.50012034, 0.51296353, 0.5123734, 0.5109968, 0.5087013, 0.5099291, 0.5122111, 0.5119174, 0.5151337, 0.5074538, 0.512537, 0.5099283, 0.5106925, 0.51474977, 0.51282054, 0.51464885, 0.51276946, 0.5130909, 0.5066158, 0.5150379, 0.5134175, 0.5131899, 0.51635814, 0.51543987, 0.51547366, 0.51320547, 0.514348, 0.512697, 0.5125333, 0.51308376, 0.5142029, 0.514178, 0.5139848, 0.51409763, 0.5122417, 0.5016676, 0.5022724, 0.5072863, 0.51228267, 0.5113316, 0.5105458, 0.51498026, 0.50750846, 0.50716895, 0.50795263, 0.50847775, 0.5096619, 0.50797975, 0.512045, 0.5091668, 0.5073712, 0.51204187, 0.51149565, 0.5116076, 0.5119225, 0.5117108, 0.5087298, 0.5116135, 0.5115173, 0.50992465, 0.50942653, 0.51050866, 0.511859, 0.50967586, 0.50760156, 0.5122304, 0.50741255, 0.5089465, 0.5071056, 0.50661373, 0.508197, 0.51221186, 0.5133825, 0.5131507, 0.5020305, 0.50894874, 0.5104026, 0.5089351, 0.5096675, 0.5146153, 0.5112616, 0.5088337, 0.5118938, 0.51132655]
[0.50224644, 0.5055261, 0.5060261, 0.50489503, 0.50311553, 0.5020136, 0.5028034, 0.50233847, 0.5030047, 0.50139856, 0.50148976, 0.5023929, 0.5019206, 0.50070655, 0.5052239, 0.50196743, 0.5004142, 0.502035, 0.5090845, 0.5096297, 0.5103295, 0.51020575, 0.5095182, 0.508764, 0.50791705, 0.50929433, 0.5082558, 0.5086185, 0.5110024, 0.5097023, 0.51380813, 0.5073316, 0.5121515, 0.5147063, 0.5018698, 0.5090147, 0.51072794, 0.5116348, 0.5066747, 0.5014255, 0.5017896, 0.5033313, 0.50427926, 0.50501215, 0.505996, 0.5054216, 0.5033683, 0.5014505, 0.5071143, 0.5033549, 0.5012422, 0.5004553, 0.5105809, 0.5019347, 0.5050686, 0.5056377, 0.50398535, 0.5001897, 0.5008474, 0.50281936, 0.507952, 0.5071001, 0.501715, 0.511513, 0.5109056, 0.5113503, 0.50873226, 0.5088588, 0.5135635, 0.5106535, 0.51030743, 0.5106975, 0.5096803, 0.50672615, 0.5126833, 0.5128824, 0.51390696, 0.5101405, 0.51280427, 0.510486, 0.5127401, 0.5134214, 0.5130039, 0.5122291, 0.5106421, 0.5121229, 0.5098073, 0.5085462, 0.51129436, 0.51346105, 0.51107293, 0.509242, 0.5132052, 0.5118042, 0.51086915, 0.51102287, 0.51234794, 0.5130872, 0.5121992, 0.5149877, 0.5134376, 0.51336753, 0.51291424, 0.513937, 0.51423484, 0.51257473, 0.5135122, 0.51363975, 0.513563, 0.5126741, 0.5149526, 0.51382893, 0.5125962, 0.51250005, 0.50704545, 0.5117947, 0.51328206, 0.5112054, 0.5105585, 0.50936824, 0.50288826, 0.5113483, 0.5090936, 0.5116626, 0.5104688, 0.5125972, 0.51150954, 0.51171464, 0.5132544, 0.51028484, 0.51030576, 0.5102048, 0.508271, 0.5046065, 0.5059729, 0.50914174, 0.5090147, 0.5093259, 0.5094172, 0.5088076, 0.5137618, 0.50988936, 0.5113668, 0.51092714, 0.50914735, 0.51325965, 0.5083636, 0.50723934, 0.5083364, 0.51004666, 0.510274, 0.5092577, 0.5124712, 0.50909775, 0.50754976, 0.50749934, 0.50348085, 0.5034698, 0.5090711, 0.5096951, 0.50842863, 0.512243, 0.51091355, 0.51074314, 0.5076772, 0.5075057, 0.5132994, 0.5077331, 0.5094566, 0.50576794, 0.50117713, 0.5086823, 0.5081475, 0.5135904, 0.5143536, 0.5143916, 0.5068531, 0.50787216, 0.5093339, 0.5133819, 0.5083149, 0.50847775, 0.50979894, 0.5106986, 0.502671, 0.51124096, 0.5110716, 0.5036028, 0.5125591, 0.5120756, 0.5107894, 0.50937486, 0.5099115, 0.5117381, 0.51194566, 0.5140569, 0.5079913, 0.51213115, 0.50969607, 0.5102992, 0.51411444, 0.5120962, 0.5132446, 0.512358, 0.5121702, 0.5084568, 0.5142904, 0.51265603, 0.5129354, 0.51513696, 0.5142813, 0.5144182, 0.5129102, 0.51335984, 0.5122597, 0.5121859, 0.5123841, 0.5135731, 0.5147039, 0.51360255, 0.51311946, 0.5114945, 0.50257117, 0.50067884, 0.5090233, 0.5119977, 0.5113107, 0.51062614, 0.5141136, 0.5081744, 0.5077113, 0.50806713, 0.508709, 0.5093389, 0.5085302, 0.51147777, 0.50949043, 0.50786704, 0.5119216, 0.5105815, 0.5106436, 0.510969, 0.51092434, 0.5096302, 0.5117005, 0.511041, 0.50998306, 0.51011914, 0.51088756, 0.5109567, 0.5095257, 0.50825465, 0.51204836, 0.50790405, 0.5095931, 0.5086834, 0.50362915, 0.5089664, 0.51162744, 0.5125268, 0.5125414, 0.5028589, 0.5091812, 0.5098043, 0.5094683, 0.50969, 0.513873, 0.5110904, 0.5090553, 0.51187, 0.5105087]
[0.5013598, 0.50562733, 0.5064675, 0.50481, 0.50286263, 0.5002511, 0.5015786, 0.5007466, 0.5012512, 0.50326073, 0.502596, 0.50294006, 0.5032766, 0.50240713, 0.5045556, 0.50093997, 0.5010568, 0.50286555, 0.50731575, 0.5074046, 0.507671, 0.50813466, 0.50768024, 0.50714135, 0.506265, 0.50756866, 0.50698936, 0.5072749, 0.50855833, 0.50765914, 0.51092774, 0.5057413, 0.5098159, 0.5110391, 0.5008381, 0.5074147, 0.50783366, 0.50893646, 0.50488245, 0.50180393, 0.500279, 0.50458324, 0.50334156, 0.50473595, 0.50582355, 0.50545096, 0.5031536, 0.5025289, 0.50645685, 0.503294, 0.50207615, 0.50155354, 0.5087934, 0.50037074, 0.5045139, 0.5052828, 0.5032048, 0.5011623, 0.50137025, 0.50341296, 0.50647014, 0.50631434, 0.5022958, 0.5094452, 0.5087837, 0.5090411, 0.5065505, 0.507034, 0.5103523, 0.50836957, 0.50840247, 0.50810134, 0.507493, 0.50528955, 0.5102144, 0.5104069, 0.5105071, 0.50823015, 0.5100467, 0.5079912, 0.5100849, 0.51065725, 0.51015526, 0.50952446, 0.50869393, 0.5094721, 0.50800484, 0.5070453, 0.509492, 0.5106027, 0.50853366, 0.50731903, 0.51012796, 0.5092181, 0.5085885, 0.5084848, 0.50979203, 0.5104512, 0.50968945, 0.5116482, 0.5104492, 0.510357, 0.510106, 0.5112072, 0.511037, 0.5097271, 0.51090956, 0.51089513, 0.5106696, 0.5097539, 0.51179105, 0.51077473, 0.50993437, 0.50991714, 0.50572854, 0.5089506, 0.5104017, 0.5093294, 0.5083673, 0.5072818, 0.50361186, 0.5087334, 0.5072384, 0.509735, 0.5091496, 0.51001936, 0.50912696, 0.5094316, 0.5105688, 0.5082626, 0.5080912, 0.5078201, 0.50697005, 0.5047823, 0.5051747, 0.50744736, 0.507616, 0.50767326, 0.50767297, 0.50711954, 0.51107913, 0.50780934, 0.5094388, 0.5086334, 0.5074049, 0.51045835, 0.50648814, 0.5058233, 0.5063304, 0.50784713, 0.5082693, 0.5072185, 0.5097919, 0.50734067, 0.50613636, 0.50599045, 0.50344986, 0.50301355, 0.50753516, 0.5077747, 0.5066784, 0.50965583, 0.50883317, 0.5086792, 0.505683, 0.50592774, 0.51023644, 0.5059653, 0.5073302, 0.5058133, 0.5036793, 0.5068831, 0.50641924, 0.5104898, 0.5110821, 0.51140064, 0.50602823, 0.5067473, 0.5078414, 0.5105852, 0.5064116, 0.50609124, 0.50762355, 0.50864935, 0.5046541, 0.50896937, 0.5087012, 0.5034088, 0.5099001, 0.50944376, 0.5085419, 0.50736886, 0.50789905, 0.5095081, 0.5091374, 0.51115626, 0.5066162, 0.50979924, 0.5078792, 0.5083879, 0.5110819, 0.50962794, 0.5110008, 0.5097863, 0.5097892, 0.5060879, 0.51135576, 0.50997186, 0.5101815, 0.5122192, 0.51128334, 0.51135415, 0.5100052, 0.51070064, 0.50951445, 0.5096202, 0.51002556, 0.5109569, 0.51122195, 0.51092523, 0.51082736, 0.5092955, 0.5031298, 0.5018707, 0.5067846, 0.5096802, 0.5088318, 0.50824296, 0.51090354, 0.5063392, 0.5058731, 0.50622433, 0.5067223, 0.5072486, 0.5068279, 0.50885624, 0.5069884, 0.5065551, 0.5094031, 0.5087254, 0.5087197, 0.5089404, 0.5090618, 0.507639, 0.5092432, 0.50859, 0.50764185, 0.50801563, 0.50856197, 0.5090626, 0.5077003, 0.5061612, 0.50953543, 0.50656086, 0.50754, 0.50696534, 0.5039507, 0.5068369, 0.50918543, 0.5100522, 0.50981563, 0.5034255, 0.5073969, 0.5081348, 0.50773454, 0.5078912, 0.51108986, 0.5089981, 0.50704926, 0.5092635, 0.50862145]
[0.50125253, 0.5040523, 0.50473034, 0.5033924, 0.5022822, 0.5012411, 0.5017359, 0.5010085, 0.5017551, 0.5020087, 0.5022038, 0.5027147, 0.5018122, 0.5008318, 0.5045746, 0.50070953, 0.4999584, 0.50197786, 0.5111073, 0.51109403, 0.5121607, 0.5121629, 0.5110917, 0.5097861, 0.5076492, 0.51198596, 0.51119524, 0.5108269, 0.5135834, 0.5103701, 0.51678425, 0.5082065, 0.51583785, 0.5178895, 0.5011513, 0.51067936, 0.51174664, 0.5140545, 0.50634223, 0.500802, 0.5003121, 0.5033761, 0.5032063, 0.50385135, 0.5044997, 0.5040115, 0.5025408, 0.5010527, 0.5081673, 0.5029003, 0.50095874, 0.5005511, 0.5129082, 0.5008337, 0.5035347, 0.50414073, 0.50239646, 0.50000525, 0.50032437, 0.5023072, 0.510029, 0.5094727, 0.5020397, 0.5143541, 0.51329535, 0.5136785, 0.5090114, 0.50929976, 0.51637423, 0.51229185, 0.5124409, 0.5121716, 0.51028764, 0.5078807, 0.5162761, 0.5163945, 0.51661474, 0.5122878, 0.5160528, 0.51153946, 0.5156406, 0.51614124, 0.51600486, 0.5146867, 0.512968, 0.5145133, 0.5122461, 0.5102221, 0.513541, 0.5164891, 0.51232326, 0.5099045, 0.5163351, 0.51393265, 0.512922, 0.5130025, 0.51508075, 0.51689005, 0.51425135, 0.5189208, 0.51602876, 0.516489, 0.51580834, 0.5174168, 0.51769096, 0.5152014, 0.51742965, 0.5172366, 0.51681507, 0.5151955, 0.5187232, 0.51680386, 0.51503843, 0.5146393, 0.5066469, 0.5136379, 0.5154245, 0.5156038, 0.51220554, 0.5097945, 0.50360775, 0.51343745, 0.510515, 0.514647, 0.514276, 0.5155586, 0.5139539, 0.5138873, 0.5162923, 0.51166487, 0.5122012, 0.51161015, 0.5094265, 0.5061189, 0.5073962, 0.511105, 0.5104742, 0.5112979, 0.51074964, 0.5100308, 0.51757336, 0.51164603, 0.5141746, 0.5131818, 0.510188, 0.51616013, 0.5096402, 0.50864005, 0.5086882, 0.5116146, 0.5122197, 0.5102423, 0.5152581, 0.5108932, 0.50848866, 0.5074148, 0.5028323, 0.50289565, 0.51037973, 0.51037186, 0.5086074, 0.5146167, 0.51308846, 0.5127541, 0.5082133, 0.50768304, 0.516573, 0.50729555, 0.5111101, 0.5069372, 0.50266415, 0.50969607, 0.50950783, 0.51636004, 0.51752645, 0.5187807, 0.5067065, 0.5086214, 0.51102555, 0.5165646, 0.509746, 0.50832367, 0.5109278, 0.5118522, 0.5044986, 0.5129776, 0.51307964, 0.50253576, 0.51524156, 0.51474375, 0.512622, 0.51024216, 0.51156646, 0.5146015, 0.51422966, 0.51703346, 0.50919443, 0.5149048, 0.5119718, 0.51261574, 0.51761013, 0.51503456, 0.5171927, 0.5151993, 0.51491857, 0.50912607, 0.51744676, 0.51519275, 0.5153965, 0.5188967, 0.51787406, 0.518147, 0.51581156, 0.51708204, 0.514033, 0.51503515, 0.5144367, 0.5165018, 0.51726234, 0.5160401, 0.5171192, 0.5143097, 0.5027067, 0.50040805, 0.50915045, 0.51431197, 0.5123712, 0.51188844, 0.5173235, 0.5085673, 0.5083293, 0.5087632, 0.5097191, 0.51076293, 0.5096704, 0.51379967, 0.50990516, 0.5085631, 0.51378703, 0.5131794, 0.5134139, 0.5137709, 0.51373416, 0.51158524, 0.51404935, 0.5133054, 0.5117834, 0.5121319, 0.5131237, 0.513639, 0.5115652, 0.508784, 0.51458174, 0.5082891, 0.5108917, 0.5092218, 0.5033639, 0.5103531, 0.5146486, 0.51518106, 0.51544404, 0.5042267, 0.5110289, 0.51205325, 0.5105863, 0.5119468, 0.51666296, 0.513718, 0.5098779, 0.5143817, 0.51287675]
[0.5031788, 0.5059382, 0.50653905, 0.5051326, 0.503987, 0.5028724, 0.5035127, 0.5027364, 0.50330055, 0.5001539, 0.5001323, 0.50045323, 0.50078666, 0.5011291, 0.50113994, 0.5027912, 0.5015812, 0.50051534, 0.5105789, 0.5113156, 0.51219475, 0.51231587, 0.51102775, 0.5104432, 0.5076112, 0.5115463, 0.5107742, 0.5104756, 0.5135439, 0.51183736, 0.5166155, 0.50862867, 0.5144626, 0.51831615, 0.5025469, 0.5108731, 0.51191455, 0.51412344, 0.5080876, 0.5008955, 0.50258774, 0.5018719, 0.5045439, 0.50556815, 0.5061329, 0.5057243, 0.5041353, 0.5005451, 0.5079472, 0.5000554, 0.50090945, 0.5025541, 0.5126602, 0.5027939, 0.50515884, 0.5058986, 0.50441164, 0.5021098, 0.50212353, 0.50057983, 0.509508, 0.5073899, 0.5005378, 0.5140974, 0.513185, 0.51330984, 0.509169, 0.5096249, 0.5164388, 0.5130935, 0.51331687, 0.512514, 0.51099855, 0.5084712, 0.51532364, 0.5158447, 0.5171466, 0.51288915, 0.51545763, 0.5123802, 0.51638854, 0.5162351, 0.515935, 0.51507205, 0.51262605, 0.5143193, 0.5124756, 0.5104199, 0.5143358, 0.5164287, 0.51292115, 0.511065, 0.51648796, 0.51393056, 0.5131842, 0.5134652, 0.5150676, 0.5160819, 0.5148614, 0.5185691, 0.51692814, 0.51602584, 0.5160887, 0.5175415, 0.5175989, 0.5151967, 0.5173908, 0.5171615, 0.51680225, 0.5150904, 0.51863366, 0.5162747, 0.51509875, 0.515176, 0.50790364, 0.5138877, 0.51581603, 0.5143572, 0.5125623, 0.5110507, 0.5034051, 0.51356465, 0.5104531, 0.5145841, 0.5135337, 0.5155263, 0.51441056, 0.51384073, 0.5167623, 0.512675, 0.5125765, 0.5120342, 0.50938416, 0.50616604, 0.50665015, 0.510924, 0.5107276, 0.51111096, 0.51138306, 0.5105726, 0.5169686, 0.5119037, 0.5141007, 0.51318246, 0.51033896, 0.51608086, 0.5097943, 0.50724596, 0.50914097, 0.512049, 0.51238054, 0.5104476, 0.51535684, 0.5106004, 0.50780654, 0.5084776, 0.503877, 0.5038968, 0.5111673, 0.5109497, 0.50891215, 0.51496863, 0.51325727, 0.5129819, 0.5094789, 0.5078001, 0.51721597, 0.50911105, 0.51167333, 0.50578105, 0.5010099, 0.51043993, 0.5100001, 0.5165992, 0.51746124, 0.51843345, 0.5068326, 0.50912017, 0.51120484, 0.5168693, 0.5103021, 0.5079725, 0.51140755, 0.51314586, 0.50407284, 0.5139818, 0.5140322, 0.5011259, 0.5155254, 0.5145349, 0.5130439, 0.51051563, 0.5116958, 0.51446897, 0.5144728, 0.5167593, 0.5091899, 0.5152472, 0.51241547, 0.51313883, 0.5173776, 0.51485497, 0.51758623, 0.5148115, 0.5155941, 0.5099568, 0.5177812, 0.515166, 0.51576823, 0.5190986, 0.5177175, 0.51795805, 0.5157564, 0.51687396, 0.51477957, 0.5152139, 0.5159375, 0.5172125, 0.5180829, 0.51666784, 0.51595217, 0.51394075, 0.50039095, 0.50179535, 0.5101138, 0.5141185, 0.51350826, 0.51255214, 0.5174779, 0.50845575, 0.50774443, 0.5084361, 0.50987536, 0.51095396, 0.5109072, 0.5142011, 0.5103236, 0.5090246, 0.51446843, 0.5128949, 0.51280236, 0.513056, 0.5131964, 0.51190513, 0.51434046, 0.51388854, 0.51165146, 0.5120903, 0.5130205, 0.5132687, 0.5117918, 0.50944, 0.51485854, 0.5093055, 0.51078045, 0.50941575, 0.504765, 0.5105054, 0.51436716, 0.51503366, 0.51534915, 0.49984616, 0.5105926, 0.51208746, 0.51079875, 0.51133096, 0.51743555, 0.5134337, 0.51076394, 0.51420397, 0.5132093]
[0.50268364, 0.5063812, 0.5069004, 0.5049114, 0.5034652, 0.5028004, 0.50330037, 0.50316876, 0.50362945, 0.5009596, 0.5004767, 0.50183505, 0.50131184, 0.5007395, 0.5037511, 0.502696, 0.5002972, 0.5009656, 0.50728005, 0.5076077, 0.5083275, 0.50818664, 0.5069411, 0.50698125, 0.50501865, 0.5077564, 0.5069073, 0.50716704, 0.5088057, 0.507067, 0.5113511, 0.50512165, 0.5108418, 0.5121962, 0.5026585, 0.5075894, 0.5085416, 0.5099394, 0.50395554, 0.500566, 0.5021916, 0.5016706, 0.50513184, 0.506155, 0.5064742, 0.5059753, 0.50351405, 0.50092036, 0.50539714, 0.5022577, 0.50079507, 0.5014143, 0.50868934, 0.5027041, 0.50627637, 0.5067276, 0.50437814, 0.50038016, 0.50093997, 0.50234264, 0.5064572, 0.5060758, 0.5007286, 0.5093262, 0.5086941, 0.5095162, 0.5070118, 0.506419, 0.51149386, 0.5080065, 0.5080544, 0.5081908, 0.5070922, 0.5047062, 0.51089317, 0.51101035, 0.51147425, 0.5085053, 0.51113266, 0.50823945, 0.5103037, 0.5107597, 0.51073515, 0.5100002, 0.5088671, 0.5099298, 0.50828606, 0.5070285, 0.5090121, 0.5113192, 0.5086332, 0.5070381, 0.5111341, 0.50954235, 0.5088449, 0.5089949, 0.51046807, 0.51091343, 0.509788, 0.5127779, 0.51113665, 0.5110943, 0.51085347, 0.51145667, 0.5119333, 0.5108871, 0.5114934, 0.5112207, 0.5111293, 0.509958, 0.5126212, 0.51170945, 0.51028293, 0.5101261, 0.5034501, 0.509379, 0.5109369, 0.5098721, 0.50844705, 0.5070428, 0.5019982, 0.5093079, 0.5074426, 0.50993633, 0.5090212, 0.5104643, 0.5092867, 0.509618, 0.51094854, 0.50801796, 0.5084106, 0.5082263, 0.50611913, 0.5027646, 0.50424254, 0.5072145, 0.50732046, 0.5073347, 0.5071904, 0.5069858, 0.5120806, 0.50776666, 0.5095507, 0.50894177, 0.50726587, 0.5111705, 0.50689536, 0.5053657, 0.5066054, 0.5080786, 0.5083128, 0.50671643, 0.50997084, 0.5069997, 0.5050513, 0.5052864, 0.5049518, 0.5051962, 0.50710714, 0.5072024, 0.50653493, 0.5099476, 0.5088943, 0.5088966, 0.50506955, 0.5055359, 0.51132274, 0.5046972, 0.50756353, 0.5028141, 0.5008905, 0.50658005, 0.5060963, 0.51083237, 0.5117866, 0.5123524, 0.5046442, 0.50597286, 0.5074686, 0.51127577, 0.50714207, 0.505774, 0.5075417, 0.50818104, 0.5026801, 0.5090895, 0.50840527, 0.50104594, 0.5107591, 0.5100217, 0.5084829, 0.5075031, 0.50807464, 0.5100728, 0.5099246, 0.5117743, 0.5060621, 0.5099747, 0.5076726, 0.50818676, 0.51191175, 0.51030576, 0.5106622, 0.5103466, 0.5100843, 0.5058967, 0.5117079, 0.5106502, 0.51051426, 0.5123698, 0.5119343, 0.512391, 0.51080304, 0.51118904, 0.5100038, 0.50989723, 0.50971854, 0.5111839, 0.5115856, 0.51099193, 0.51146865, 0.509642, 0.50227344, 0.5009539, 0.5064615, 0.5099123, 0.50879425, 0.5080484, 0.5116689, 0.5066033, 0.50586295, 0.50626874, 0.5069627, 0.50750256, 0.5063578, 0.50951463, 0.5070323, 0.5057128, 0.5099335, 0.5086515, 0.50866544, 0.50869286, 0.5090229, 0.5079601, 0.5092966, 0.50905395, 0.5080938, 0.5086361, 0.50870717, 0.50893736, 0.50739926, 0.5052612, 0.50998896, 0.50630826, 0.5070863, 0.50575805, 0.50427765, 0.5069245, 0.51000804, 0.5107699, 0.5107145, 0.5025426, 0.5076749, 0.5077562, 0.5073565, 0.5081697, 0.5113405, 0.50917524, 0.5068076, 0.5096632, 0.50822514]
[0.5029198, 0.50661874, 0.5073316, 0.5058945, 0.50401396, 0.50270057, 0.5036535, 0.50300527, 0.50419855, 0.50093985, 0.5017763, 0.50104374, 0.5020543, 0.5023801, 0.500465, 0.5023139, 0.5019193, 0.50051856, 0.50846463, 0.50906354, 0.508875, 0.50953025, 0.5090914, 0.50831056, 0.50593895, 0.5089674, 0.5083731, 0.5084295, 0.5100951, 0.5088722, 0.51305604, 0.50652355, 0.511859, 0.51395744, 0.50331575, 0.50836253, 0.50944453, 0.51105326, 0.505143, 0.50077873, 0.5030901, 0.5019252, 0.50517726, 0.5064087, 0.50661814, 0.50669676, 0.50493276, 0.50087714, 0.5068455, 0.5008234, 0.5012434, 0.50273734, 0.50993794, 0.50255316, 0.50573117, 0.50640863, 0.5046338, 0.502205, 0.5022418, 0.5017308, 0.50745493, 0.50717866, 0.5005276, 0.5116631, 0.5101508, 0.50987786, 0.5062734, 0.50766623, 0.5125369, 0.5101607, 0.5102217, 0.5093543, 0.50871855, 0.50509155, 0.5122854, 0.51279604, 0.5129989, 0.50974816, 0.5121046, 0.50956905, 0.51244795, 0.5127543, 0.5122742, 0.51169, 0.50979805, 0.5109603, 0.50955665, 0.5081589, 0.5112797, 0.5127858, 0.5097749, 0.5086291, 0.51189995, 0.51073736, 0.5100497, 0.5103827, 0.51154995, 0.51296645, 0.5115546, 0.5143498, 0.51296496, 0.5124385, 0.5123528, 0.5136329, 0.5138179, 0.5118696, 0.51359653, 0.5131882, 0.513039, 0.51151705, 0.5140942, 0.512669, 0.51195157, 0.5114706, 0.5059044, 0.5105218, 0.51253366, 0.51184225, 0.5097011, 0.50848395, 0.50449497, 0.5104919, 0.5080787, 0.51167953, 0.51073873, 0.51205707, 0.51105493, 0.51131934, 0.51296926, 0.5101632, 0.5097465, 0.50936866, 0.50713336, 0.5044201, 0.5050444, 0.5088671, 0.5083772, 0.50838166, 0.5085846, 0.50805277, 0.51309335, 0.50983447, 0.5113059, 0.5104819, 0.50825965, 0.5126622, 0.50748265, 0.5060293, 0.5062968, 0.5089261, 0.5097213, 0.5080526, 0.5117965, 0.50821465, 0.50631607, 0.5059388, 0.50412244, 0.50446606, 0.50896597, 0.50854903, 0.5075429, 0.5116855, 0.51033515, 0.50977904, 0.50587046, 0.50443614, 0.5129817, 0.5070137, 0.5087286, 0.50586855, 0.5016973, 0.5075628, 0.5079689, 0.51284033, 0.51369935, 0.5144149, 0.50571954, 0.50719684, 0.5087167, 0.5130267, 0.5076379, 0.5063221, 0.50829774, 0.51070756, 0.504279, 0.51090026, 0.5105261, 0.5022674, 0.5119657, 0.5112577, 0.5102036, 0.5078983, 0.5098013, 0.51127887, 0.511146, 0.5128732, 0.5072714, 0.5119596, 0.5093654, 0.5098946, 0.51300216, 0.51135033, 0.5135797, 0.51135534, 0.5119167, 0.5072168, 0.51368934, 0.51187146, 0.51176435, 0.5151627, 0.5138025, 0.5139567, 0.51199776, 0.51263857, 0.5113219, 0.51204365, 0.5122691, 0.51370484, 0.51382345, 0.5130844, 0.5125046, 0.51076335, 0.5010286, 0.50176674, 0.5080331, 0.5112322, 0.51051986, 0.5094106, 0.513505, 0.5062962, 0.5054001, 0.50630414, 0.5073478, 0.5083548, 0.50848454, 0.51048476, 0.507792, 0.50742006, 0.51107234, 0.51046485, 0.51071304, 0.5106736, 0.5102377, 0.5092598, 0.5112491, 0.5104155, 0.5089772, 0.5094981, 0.510468, 0.5104871, 0.5093887, 0.50732815, 0.51114947, 0.5071819, 0.508861, 0.5072587, 0.50579333, 0.5082808, 0.5110377, 0.5113043, 0.5115521, 0.5017863, 0.508468, 0.50965065, 0.5083519, 0.50938886, 0.51367545, 0.51059437, 0.50802004, 0.51082826, 0.5101699]
[0.49901158, 0.50074, 0.50112855, 0.5003407, 0.4995141, 0.49897826, 0.49907362, 0.49880636, 0.49913076, 0.5033957, 0.50250953, 0.50356334, 0.50280344, 0.50116396, 0.50440985, 0.49889916, 0.49998963, 0.50186783, 0.51272917, 0.51258683, 0.5127887, 0.5132431, 0.5118303, 0.51081836, 0.50787586, 0.51343036, 0.51191974, 0.51234376, 0.51519847, 0.5118431, 0.5192827, 0.50706977, 0.5180339, 0.52042687, 0.49905646, 0.51299673, 0.51353174, 0.5156075, 0.504886, 0.5008927, 0.4997455, 0.5046194, 0.50002563, 0.5006237, 0.5010047, 0.5007702, 0.49995416, 0.5024039, 0.5100625, 0.50428253, 0.50262386, 0.49990264, 0.51537377, 0.49950156, 0.50043756, 0.5008265, 0.49991325, 0.50016516, 0.50095063, 0.50197375, 0.5108794, 0.5106071, 0.5001011, 0.5170363, 0.5149402, 0.5152618, 0.5104747, 0.51076514, 0.5184542, 0.5144615, 0.51478463, 0.5140951, 0.5119484, 0.50946957, 0.5181431, 0.51836973, 0.51781714, 0.5144303, 0.51775104, 0.51352084, 0.5177611, 0.51853526, 0.5180553, 0.5172609, 0.5154443, 0.51715094, 0.5137064, 0.5114509, 0.51602906, 0.5180762, 0.51458925, 0.51176894, 0.5183205, 0.5154572, 0.5147626, 0.51370263, 0.5174098, 0.5191162, 0.5171856, 0.5214636, 0.51854676, 0.5180813, 0.5185737, 0.5201897, 0.52064365, 0.5172795, 0.5195619, 0.51982045, 0.51988477, 0.5171879, 0.521538, 0.519345, 0.5182476, 0.51723254, 0.5077451, 0.5155277, 0.51740855, 0.516759, 0.5142466, 0.5097724, 0.50437975, 0.5147291, 0.5120289, 0.5174759, 0.51644737, 0.51735693, 0.5160042, 0.5169785, 0.51841193, 0.5133773, 0.51371336, 0.51262325, 0.51037526, 0.50580513, 0.5058532, 0.5124809, 0.5116228, 0.51149046, 0.5114911, 0.5116084, 0.52039427, 0.5130583, 0.51616424, 0.51431227, 0.51185894, 0.51917183, 0.5105465, 0.50818133, 0.508848, 0.51271206, 0.5143807, 0.5110067, 0.51736975, 0.5126483, 0.51035404, 0.50933677, 0.49980137, 0.4997153, 0.51135063, 0.51274633, 0.5103414, 0.51700395, 0.51486844, 0.5154758, 0.5075599, 0.50747025, 0.5188812, 0.5086543, 0.5122054, 0.5090315, 0.50638956, 0.5101147, 0.5086213, 0.51778233, 0.5196054, 0.52047825, 0.5084947, 0.51023835, 0.5130865, 0.51872796, 0.50859815, 0.50938517, 0.51202905, 0.5146471, 0.5062648, 0.5155845, 0.51526314, 0.50338554, 0.51760757, 0.51628035, 0.51412934, 0.5120345, 0.51307964, 0.51609284, 0.5157644, 0.52022165, 0.5103006, 0.51733595, 0.51352346, 0.51452065, 0.5192211, 0.51685303, 0.5195227, 0.51726776, 0.5171272, 0.50885975, 0.52056736, 0.5184834, 0.5180042, 0.5216001, 0.52041614, 0.5205539, 0.51767117, 0.5194733, 0.5168463, 0.5168843, 0.51721054, 0.51944065, 0.51896524, 0.5190223, 0.5197156, 0.5166796, 0.5023942, 0.5014465, 0.51018924, 0.5168943, 0.5152706, 0.5136736, 0.5195843, 0.51007813, 0.5095471, 0.50990033, 0.5105282, 0.5124252, 0.51128423, 0.5157548, 0.5120081, 0.51045823, 0.51610976, 0.51581603, 0.51608396, 0.51676786, 0.516815, 0.5130049, 0.51633614, 0.51509047, 0.5134197, 0.5137878, 0.5152142, 0.5158376, 0.5134039, 0.50871325, 0.5163293, 0.51007986, 0.5123028, 0.5108371, 0.4998699, 0.5099134, 0.51490855, 0.516806, 0.51696855, 0.50672454, 0.5125935, 0.5129707, 0.512252, 0.5137484, 0.51934797, 0.51513356, 0.5109812, 0.5168743, 0.51581234]
[0.50009805, 0.50282884, 0.5030095, 0.5018898, 0.50095254, 0.50041765, 0.50095165, 0.500516, 0.5008456, 0.4999588, 0.5005004, 0.5005135, 0.50031555, 0.49955812, 0.5015825, 0.50065327, 0.4996688, 0.49978176, 0.5087011, 0.5086208, 0.5098994, 0.5102525, 0.5072963, 0.50723475, 0.50524116, 0.50917554, 0.50815964, 0.50868124, 0.5108372, 0.50835884, 0.513078, 0.5053374, 0.51258683, 0.5143099, 0.50060165, 0.5087855, 0.50975865, 0.5116652, 0.5027036, 0.49942565, 0.49979362, 0.5027515, 0.50177026, 0.50247943, 0.5033747, 0.5032103, 0.5019515, 0.5000906, 0.5066815, 0.50200903, 0.49985608, 0.49991015, 0.51098526, 0.5002102, 0.5025669, 0.5032806, 0.50132936, 0.49948448, 0.49948364, 0.5008735, 0.50755376, 0.5078453, 0.50021875, 0.5106647, 0.5097151, 0.510614, 0.5076914, 0.5072921, 0.51358294, 0.5094691, 0.5092353, 0.50945276, 0.50828564, 0.5049981, 0.51243633, 0.5130385, 0.51353395, 0.50978285, 0.5124857, 0.5089635, 0.512511, 0.512599, 0.51231575, 0.5115908, 0.51025957, 0.5118262, 0.5101527, 0.50897586, 0.51027423, 0.5128445, 0.50988716, 0.5079116, 0.51324284, 0.51112795, 0.5099439, 0.50999665, 0.512427, 0.5128284, 0.51082623, 0.5151252, 0.5133835, 0.5131365, 0.5130931, 0.5137426, 0.5140299, 0.51238483, 0.51314366, 0.51343006, 0.51343876, 0.5119066, 0.5148787, 0.5132946, 0.5125129, 0.5121501, 0.503325, 0.5110159, 0.51225126, 0.51128197, 0.50962955, 0.50786376, 0.5032764, 0.510926, 0.50785136, 0.51147306, 0.5105408, 0.5119526, 0.5105499, 0.5112564, 0.51332, 0.5099717, 0.51012295, 0.5096104, 0.5078249, 0.5034474, 0.50456285, 0.50834465, 0.50853664, 0.508144, 0.5087584, 0.5083189, 0.5137443, 0.50943565, 0.51152885, 0.5102043, 0.5085684, 0.5132703, 0.5078672, 0.50634336, 0.5066586, 0.5095732, 0.50940156, 0.5066091, 0.51181376, 0.5079415, 0.5057449, 0.5050831, 0.5023351, 0.50220656, 0.50796485, 0.50818783, 0.50678164, 0.511598, 0.5101595, 0.5101923, 0.50601286, 0.5053317, 0.51354384, 0.50535196, 0.5092338, 0.5057599, 0.5005609, 0.5073872, 0.50697064, 0.51226443, 0.5137765, 0.5149817, 0.50466496, 0.5061688, 0.50855845, 0.51313907, 0.5084884, 0.50651574, 0.5078691, 0.50942886, 0.5024999, 0.5101833, 0.509701, 0.50129914, 0.51231575, 0.5117599, 0.5104606, 0.50819445, 0.50896657, 0.5113608, 0.5116522, 0.51417565, 0.50562054, 0.51104265, 0.50909215, 0.5098421, 0.5139324, 0.51210314, 0.5134104, 0.51151186, 0.5117255, 0.50688237, 0.51353574, 0.5121907, 0.51185787, 0.5151242, 0.5136347, 0.51488495, 0.5121203, 0.513104, 0.51152027, 0.5116093, 0.5119569, 0.51221055, 0.5132434, 0.5132966, 0.51255447, 0.51132965, 0.50103, 0.4995374, 0.50570256, 0.51127625, 0.5100536, 0.5091189, 0.5136334, 0.5071839, 0.5061004, 0.50648427, 0.50772536, 0.5085235, 0.5075938, 0.5110583, 0.50811064, 0.505322, 0.5112399, 0.5103349, 0.51035666, 0.51055425, 0.51011086, 0.5081435, 0.5105822, 0.51057065, 0.5099251, 0.50998145, 0.5096876, 0.5106589, 0.5093642, 0.50657135, 0.51112854, 0.5073348, 0.507854, 0.50578016, 0.5018409, 0.5077327, 0.51111287, 0.51274014, 0.51243186, 0.50343555, 0.5084355, 0.50970864, 0.5082669, 0.5092552, 0.51337975, 0.5106978, 0.5082594, 0.51113826, 0.50989336]
[0.5040504, 0.5077991, 0.50883526, 0.5068719, 0.5049339, 0.50348645, 0.50441724, 0.5031813, 0.5039271, 0.50119007, 0.5011181, 0.5009759, 0.5007737, 0.50091416, 0.5024754, 0.5035888, 0.50179714, 0.5007694, 0.5078409, 0.5073278, 0.5082494, 0.50819063, 0.5059243, 0.50562906, 0.50488573, 0.5075427, 0.5067332, 0.5071724, 0.5089246, 0.5080529, 0.51097614, 0.50518686, 0.51016325, 0.5120907, 0.50307107, 0.50796777, 0.5083795, 0.50969356, 0.5036601, 0.5005095, 0.50294477, 0.50296986, 0.5060133, 0.50736415, 0.50815874, 0.50783455, 0.50570416, 0.50122553, 0.50542706, 0.5019701, 0.50091916, 0.5027901, 0.5089823, 0.50358826, 0.5074811, 0.508288, 0.50568837, 0.50233626, 0.5018234, 0.5007776, 0.5064231, 0.50567234, 0.500982, 0.5093638, 0.5088365, 0.50877285, 0.50613403, 0.5067902, 0.51166, 0.5086656, 0.50866705, 0.5083405, 0.50709116, 0.5057299, 0.5104765, 0.51057154, 0.51151067, 0.50879014, 0.5103452, 0.508442, 0.5104508, 0.51079065, 0.5105447, 0.5100706, 0.50892514, 0.5101687, 0.5088278, 0.5075622, 0.5087446, 0.5108604, 0.50860375, 0.50729275, 0.5109367, 0.5093176, 0.50853735, 0.5081141, 0.5105284, 0.51061845, 0.50980973, 0.51242745, 0.5113627, 0.51108634, 0.51100427, 0.5115074, 0.51169395, 0.5102313, 0.51149046, 0.51131856, 0.51125616, 0.5101232, 0.512314, 0.5113055, 0.51053166, 0.51063013, 0.5035597, 0.50920886, 0.51053697, 0.5089644, 0.5081958, 0.50665385, 0.50332725, 0.50895447, 0.507012, 0.5095008, 0.5089197, 0.5097901, 0.5090901, 0.50944775, 0.5111045, 0.5084716, 0.50831574, 0.50820506, 0.5070137, 0.50385433, 0.5042339, 0.5067229, 0.5067586, 0.5068362, 0.5068404, 0.5069468, 0.51166874, 0.5079174, 0.5095364, 0.50885004, 0.50725746, 0.5110623, 0.5065848, 0.5048845, 0.506205, 0.50818676, 0.50878805, 0.507189, 0.51009774, 0.5070893, 0.5054067, 0.50588703, 0.5052057, 0.50521255, 0.5069085, 0.50772685, 0.50638145, 0.50956166, 0.5086486, 0.50882524, 0.5062138, 0.504763, 0.51152194, 0.50638485, 0.50759953, 0.5047277, 0.502132, 0.50638074, 0.5060271, 0.5107233, 0.5115834, 0.5119287, 0.50359607, 0.5052555, 0.5076013, 0.51059926, 0.5065432, 0.5067116, 0.5077474, 0.5083334, 0.5033972, 0.50909054, 0.5087929, 0.50167996, 0.5108664, 0.5098803, 0.5089874, 0.5077716, 0.50744873, 0.509816, 0.50976396, 0.5119371, 0.50547194, 0.5093792, 0.50768816, 0.5082294, 0.51130265, 0.51022077, 0.51091486, 0.5098014, 0.5102325, 0.5057193, 0.51211554, 0.51062167, 0.51025057, 0.5127443, 0.51163346, 0.5123766, 0.5104849, 0.5113803, 0.510402, 0.51022, 0.51054424, 0.5106934, 0.51120436, 0.51123744, 0.5106732, 0.50985163, 0.50149626, 0.501547, 0.50672734, 0.5097545, 0.5094712, 0.50854325, 0.51149255, 0.5062916, 0.5057685, 0.50630623, 0.506998, 0.5078687, 0.5066129, 0.50968665, 0.50794935, 0.5066409, 0.50976276, 0.50879294, 0.5089767, 0.50919265, 0.509258, 0.50732917, 0.50921905, 0.50889415, 0.5079615, 0.50790983, 0.5085809, 0.50906223, 0.50774866, 0.50642025, 0.50967735, 0.5060297, 0.5073201, 0.5063455, 0.50616795, 0.5066868, 0.5094068, 0.51046675, 0.5105885, 0.50181895, 0.50669575, 0.50805277, 0.50740296, 0.50774527, 0.51149386, 0.508409, 0.50712913, 0.5096107, 0.508856]
[0.5040675, 0.5067449, 0.50709313, 0.5053891, 0.5044787, 0.5036964, 0.50435835, 0.50330615, 0.5035383, 0.500922, 0.50106275, 0.50081706, 0.50172627, 0.5021288, 0.50054497, 0.503534, 0.50230706, 0.5015015, 0.50918704, 0.509459, 0.51083684, 0.51085794, 0.50929874, 0.50784147, 0.503725, 0.5102618, 0.50904626, 0.5094224, 0.51238984, 0.50890636, 0.5153689, 0.504208, 0.5143214, 0.5170303, 0.5032165, 0.50918555, 0.5099499, 0.5127124, 0.5009223, 0.50216043, 0.5025506, 0.49969757, 0.5051887, 0.5061287, 0.5072762, 0.50704294, 0.50539386, 0.5018273, 0.50661653, 0.5009095, 0.50213045, 0.50333905, 0.5115988, 0.503458, 0.50617826, 0.50694513, 0.5047279, 0.5024392, 0.5025878, 0.5008272, 0.50775725, 0.5079253, 0.5012478, 0.5129011, 0.5115931, 0.51210403, 0.5054213, 0.50700915, 0.51501703, 0.5112951, 0.5111004, 0.5102347, 0.50886893, 0.5039566, 0.51439196, 0.514953, 0.5153019, 0.51059157, 0.5139534, 0.5102265, 0.51469743, 0.514657, 0.51436806, 0.51346326, 0.5113198, 0.51305395, 0.51068157, 0.50841326, 0.51191187, 0.5150857, 0.5109938, 0.5081666, 0.5153349, 0.51246643, 0.5112773, 0.5111528, 0.5139205, 0.51543766, 0.5129166, 0.5176127, 0.5154478, 0.5146139, 0.51444995, 0.5166182, 0.516473, 0.5133161, 0.51637006, 0.5163764, 0.5158758, 0.51389635, 0.5175428, 0.5156171, 0.51454395, 0.513586, 0.5020067, 0.51219904, 0.5140091, 0.51349396, 0.51103204, 0.50766253, 0.49940062, 0.5116762, 0.5079156, 0.51360947, 0.5126424, 0.51401615, 0.5122605, 0.51274735, 0.5156553, 0.5106632, 0.51108676, 0.5104423, 0.5069583, 0.5005821, 0.50120294, 0.5096224, 0.50903183, 0.50950354, 0.5094195, 0.5085908, 0.51620144, 0.51047945, 0.5129562, 0.5117026, 0.5089524, 0.515362, 0.5075091, 0.50363934, 0.50479764, 0.5104575, 0.5112315, 0.5077592, 0.5143227, 0.5092691, 0.5058872, 0.50342655, 0.50579935, 0.5056479, 0.5086495, 0.5086591, 0.5053611, 0.51320785, 0.51126266, 0.51148397, 0.5036237, 0.5027085, 0.51620203, 0.50427115, 0.50970125, 0.5038426, 0.5006352, 0.5079255, 0.506516, 0.51503575, 0.51634365, 0.5175514, 0.5016778, 0.5048453, 0.50942254, 0.5152195, 0.50775594, 0.5038068, 0.5090483, 0.5114254, 0.5011916, 0.51187015, 0.5118025, 0.5006216, 0.5138133, 0.51311475, 0.5109966, 0.5084881, 0.51011693, 0.5127586, 0.51316196, 0.5159689, 0.5061236, 0.5137169, 0.5109687, 0.5115807, 0.5162455, 0.5132478, 0.51628876, 0.5132088, 0.51370543, 0.50602317, 0.51637983, 0.5142484, 0.5137701, 0.5183565, 0.5166117, 0.5169413, 0.5139539, 0.51558566, 0.5129209, 0.5134045, 0.51423335, 0.5152395, 0.51586103, 0.5148764, 0.51526165, 0.51316357, 0.5012039, 0.5021941, 0.5067846, 0.513029, 0.5116455, 0.51043034, 0.516332, 0.50468713, 0.5038674, 0.5049782, 0.50742084, 0.50918674, 0.50800836, 0.5126364, 0.50846606, 0.50584364, 0.51279455, 0.51215285, 0.51202744, 0.51241964, 0.5122662, 0.50933874, 0.5126865, 0.5124472, 0.510394, 0.50995463, 0.5112225, 0.5122541, 0.50995284, 0.505742, 0.5129958, 0.50681424, 0.50922614, 0.50636417, 0.50523204, 0.5085248, 0.51302993, 0.5136154, 0.514134, 0.49959537, 0.5097222, 0.5106966, 0.50854665, 0.51040125, 0.5160787, 0.5120085, 0.50854915, 0.5129593, 0.5112255]
[0.49957067, 0.50084364, 0.50124174, 0.50067836, 0.5000224, 0.4995561, 0.49985632, 0.49937838, 0.49957585, 0.49917737, 0.49879965, 0.50106853, 0.5019749, 0.50244224, 0.50493544, 0.49974287, 0.49900872, 0.5002701, 0.510371, 0.51136035, 0.51109225, 0.5123304, 0.511087, 0.5107334, 0.50712, 0.5102894, 0.50828254, 0.50920594, 0.5128456, 0.51053715, 0.51824343, 0.50573903, 0.51606643, 0.5188529, 0.4994947, 0.5107244, 0.51280355, 0.51427174, 0.50585073, 0.4988327, 0.499369, 0.5014535, 0.50014764, 0.50053996, 0.50093293, 0.5009035, 0.50013775, 0.5011523, 0.5068914, 0.5035941, 0.50199306, 0.49898225, 0.5136929, 0.4997511, 0.5008317, 0.50103176, 0.5001491, 0.49905562, 0.49888152, 0.502315, 0.5070198, 0.5039862, 0.4987776, 0.51484925, 0.5128793, 0.51389605, 0.5106602, 0.5110059, 0.516445, 0.51171297, 0.5123792, 0.51300263, 0.51146686, 0.5065582, 0.51587945, 0.51690584, 0.5169204, 0.5121342, 0.5162525, 0.5118335, 0.51666266, 0.51776457, 0.51662105, 0.515147, 0.5131615, 0.51529586, 0.5122092, 0.5094766, 0.5135691, 0.51679224, 0.51323813, 0.5102089, 0.517163, 0.5142338, 0.5126658, 0.5128654, 0.5160615, 0.51718116, 0.51541805, 0.5199599, 0.51682645, 0.5175931, 0.51676136, 0.51880795, 0.5177117, 0.51551324, 0.5169908, 0.5176833, 0.5180875, 0.51608604, 0.5196491, 0.5180262, 0.515761, 0.5152395, 0.50482476, 0.5151314, 0.5167822, 0.5135086, 0.5127769, 0.51032805, 0.4987421, 0.5135538, 0.5101902, 0.51465744, 0.5131853, 0.51579356, 0.5138876, 0.5154237, 0.5168519, 0.5119644, 0.51184946, 0.5119909, 0.50938, 0.5017914, 0.503787, 0.50960994, 0.5102049, 0.50950617, 0.50992495, 0.5093967, 0.5181212, 0.51160496, 0.5142358, 0.5127575, 0.5107217, 0.51674366, 0.507964, 0.5055521, 0.50875264, 0.5120148, 0.5119765, 0.51131356, 0.5148669, 0.5100462, 0.5069375, 0.5067344, 0.50003874, 0.49993533, 0.50948143, 0.5111459, 0.5095335, 0.5157367, 0.5131847, 0.51319355, 0.5084041, 0.50800574, 0.51739645, 0.5087881, 0.5100304, 0.50026625, 0.4989185, 0.50794876, 0.5062558, 0.5167882, 0.51798123, 0.51792485, 0.5041722, 0.50733966, 0.51048154, 0.51703584, 0.50629395, 0.5096649, 0.5119662, 0.5120181, 0.50252366, 0.51357955, 0.513236, 0.50056404, 0.51599234, 0.51502264, 0.5126089, 0.5108072, 0.51172704, 0.5144131, 0.513844, 0.5182987, 0.50877166, 0.51531404, 0.51127106, 0.5120899, 0.5180586, 0.5152946, 0.5163201, 0.5149341, 0.51537263, 0.50838476, 0.51856184, 0.516362, 0.5162532, 0.51942307, 0.5178052, 0.5183816, 0.51609993, 0.5176282, 0.51501346, 0.51412946, 0.51511675, 0.51758164, 0.5185448, 0.5174563, 0.517233, 0.51327807, 0.50048393, 0.49895826, 0.51048243, 0.51547956, 0.5140114, 0.51256526, 0.5183713, 0.5106005, 0.50933325, 0.5098497, 0.5104411, 0.5114669, 0.50872624, 0.5142804, 0.51255566, 0.50752205, 0.51458013, 0.5125932, 0.5128595, 0.5134389, 0.5143819, 0.5096016, 0.5131047, 0.5130962, 0.51144314, 0.51169896, 0.5115563, 0.51440674, 0.5109917, 0.5077487, 0.51433057, 0.5097661, 0.51048857, 0.5095181, 0.49989513, 0.50915676, 0.51452297, 0.5164414, 0.5163385, 0.49997115, 0.5094188, 0.5109423, 0.51135296, 0.51175374, 0.51806056, 0.51266295, 0.5099091, 0.5146402, 0.51348245]
[0.50404143, 0.5073966, 0.5080204, 0.5062358, 0.5048225, 0.50298876, 0.50368875, 0.5031593, 0.5039037, 0.50114286, 0.5007999, 0.5015173, 0.5021215, 0.5023475, 0.5006284, 0.5033491, 0.502215, 0.5011376, 0.5082753, 0.50814736, 0.50940305, 0.5096103, 0.50784016, 0.5067221, 0.5045151, 0.5091968, 0.5078553, 0.5081546, 0.5104594, 0.5088059, 0.51387495, 0.5046051, 0.5124681, 0.5150703, 0.5036545, 0.5085725, 0.5094985, 0.5116442, 0.5013795, 0.5019132, 0.50306183, 0.5011662, 0.50489813, 0.5061011, 0.5070027, 0.5070214, 0.50509256, 0.5004581, 0.50541794, 0.50017065, 0.50154376, 0.5027916, 0.5102532, 0.5033312, 0.5062316, 0.50698113, 0.50454, 0.50258416, 0.5021555, 0.50140154, 0.50725013, 0.5064346, 0.5012262, 0.51153475, 0.5105752, 0.51041925, 0.50464493, 0.50738746, 0.51341563, 0.5106947, 0.5102072, 0.509233, 0.50828826, 0.50447613, 0.512606, 0.5130747, 0.51327616, 0.5096773, 0.51249224, 0.5097073, 0.5131125, 0.51329696, 0.5125676, 0.51206183, 0.5104036, 0.51162255, 0.5093284, 0.5071982, 0.5111784, 0.51357156, 0.50972354, 0.50814337, 0.5127076, 0.51164657, 0.5103572, 0.5098518, 0.5122516, 0.5136334, 0.51180935, 0.5153063, 0.5138321, 0.5129594, 0.5130264, 0.5146343, 0.514571, 0.5120723, 0.5143132, 0.5139416, 0.5138754, 0.5123366, 0.51530474, 0.5141226, 0.5131927, 0.51209414, 0.50387543, 0.51032484, 0.5128707, 0.5117957, 0.50988233, 0.5073805, 0.5009247, 0.5105565, 0.50781405, 0.5124593, 0.51186454, 0.5126229, 0.5112796, 0.5119486, 0.51393175, 0.5100717, 0.50976473, 0.5093133, 0.50673056, 0.50220054, 0.5028352, 0.5084735, 0.5077279, 0.507794, 0.5079245, 0.5077431, 0.51403236, 0.5094663, 0.5117046, 0.5102571, 0.5079963, 0.5134407, 0.5067049, 0.50426984, 0.50565374, 0.50903964, 0.5103072, 0.5078978, 0.5129743, 0.5086521, 0.5058678, 0.50466806, 0.50521016, 0.5053237, 0.5085313, 0.5089765, 0.5064532, 0.5119284, 0.5104989, 0.51009536, 0.5044159, 0.5024792, 0.5133324, 0.5062828, 0.5084449, 0.50443655, 0.50050825, 0.5062155, 0.5053239, 0.5134318, 0.5144239, 0.51564974, 0.50257456, 0.50502, 0.50861275, 0.51362205, 0.506739, 0.5049839, 0.5080832, 0.51070106, 0.5017215, 0.51077455, 0.5106724, 0.50047636, 0.5124487, 0.51175594, 0.51017696, 0.5075451, 0.509329, 0.5118423, 0.5116698, 0.51451504, 0.5051901, 0.5118316, 0.509502, 0.5103056, 0.51417375, 0.5118951, 0.51443535, 0.5120226, 0.51252544, 0.50522035, 0.5150557, 0.512766, 0.51277936, 0.5163207, 0.51491606, 0.5150497, 0.5125491, 0.5137957, 0.5122657, 0.5122829, 0.51242435, 0.5140244, 0.51410365, 0.5139668, 0.5138741, 0.51186985, 0.5014159, 0.5022412, 0.5069955, 0.51150346, 0.51086366, 0.50971127, 0.5143018, 0.5044596, 0.50408715, 0.50509465, 0.50669694, 0.50837266, 0.50705355, 0.51097316, 0.50781626, 0.50700045, 0.5118107, 0.51110256, 0.511148, 0.51121235, 0.51089746, 0.5083537, 0.5114396, 0.51062137, 0.5089722, 0.5091368, 0.51038116, 0.5110124, 0.5091023, 0.50726986, 0.511805, 0.50562835, 0.50866324, 0.50683343, 0.5057244, 0.5068805, 0.51108867, 0.5122883, 0.5121973, 0.50049704, 0.50812846, 0.509484, 0.5078759, 0.50895435, 0.51445144, 0.51095617, 0.5073907, 0.5116537, 0.5109941]
[0.50522876, 0.50978744, 0.51043206, 0.5080447, 0.5065315, 0.50500256, 0.506128, 0.5049879, 0.5056844, 0.5024937, 0.50206906, 0.5018889, 0.503067, 0.5038698, 0.5020235, 0.5050456, 0.50285584, 0.5020862, 0.504407, 0.50411844, 0.50475657, 0.50461006, 0.5034411, 0.5034549, 0.50327873, 0.50427806, 0.5039403, 0.5040551, 0.5047464, 0.50477356, 0.505603, 0.50362813, 0.5052533, 0.50617456, 0.5045317, 0.5046964, 0.5046972, 0.5052039, 0.502785, 0.502932, 0.50448257, 0.502668, 0.50776094, 0.50914717, 0.5105612, 0.51004416, 0.5078545, 0.5022952, 0.5030534, 0.502161, 0.50267607, 0.50403434, 0.504931, 0.50538033, 0.5093622, 0.51019305, 0.50712496, 0.5036924, 0.5042632, 0.50183994, 0.5040852, 0.50351495, 0.5022246, 0.50479424, 0.5047192, 0.5046338, 0.5036737, 0.50384265, 0.5059588, 0.50469744, 0.5048723, 0.50447327, 0.50383264, 0.5037882, 0.50508523, 0.5050566, 0.50593793, 0.5047724, 0.50534666, 0.5049016, 0.50546205, 0.5053343, 0.50543064, 0.50529635, 0.5046941, 0.50530034, 0.5048357, 0.5043662, 0.50466573, 0.5056402, 0.504732, 0.50439763, 0.5057655, 0.50500727, 0.5047522, 0.5046087, 0.50537664, 0.50538146, 0.5050094, 0.5062089, 0.5060915, 0.5056981, 0.5056061, 0.50569946, 0.50598234, 0.50553584, 0.505921, 0.5059332, 0.50575036, 0.5054874, 0.50618213, 0.5056389, 0.50551426, 0.5056976, 0.5028964, 0.50464034, 0.5052552, 0.5048442, 0.5044137, 0.5039667, 0.5032212, 0.5050866, 0.5040541, 0.50510097, 0.5048843, 0.505184, 0.50502867, 0.5046162, 0.5058873, 0.50476336, 0.50481445, 0.50460017, 0.504197, 0.50311005, 0.5031462, 0.50397426, 0.50393647, 0.50416213, 0.50436485, 0.50417006, 0.50564736, 0.50422955, 0.5049368, 0.50510883, 0.504158, 0.50542593, 0.50400317, 0.5036025, 0.50410867, 0.5047954, 0.50471234, 0.5038549, 0.50533986, 0.5041571, 0.5034648, 0.503942, 0.50722975, 0.5072144, 0.5041456, 0.5042437, 0.5036865, 0.5048557, 0.50468034, 0.50485563, 0.50380856, 0.5034742, 0.5057635, 0.50375336, 0.50442815, 0.50339615, 0.5024412, 0.50390714, 0.50378245, 0.5055717, 0.50590533, 0.5061655, 0.5025882, 0.5031027, 0.5042419, 0.5055912, 0.5043984, 0.50406426, 0.50437385, 0.5046201, 0.5028692, 0.50464463, 0.5045493, 0.50236714, 0.50552166, 0.5052444, 0.5048807, 0.5042919, 0.50417936, 0.5051853, 0.5055065, 0.5062251, 0.50366354, 0.5043631, 0.5041178, 0.5044218, 0.5058567, 0.50544107, 0.5055446, 0.5052148, 0.5054685, 0.5037425, 0.50601965, 0.5054201, 0.5053499, 0.5062463, 0.50592434, 0.50627136, 0.5056154, 0.5057934, 0.50558376, 0.5055739, 0.505529, 0.5052601, 0.5055625, 0.50581825, 0.5052427, 0.50537974, 0.5020423, 0.5034052, 0.5037897, 0.50489914, 0.50498706, 0.504647, 0.5058044, 0.5036495, 0.5037448, 0.50399107, 0.5042913, 0.50457305, 0.5039107, 0.505253, 0.5044537, 0.5037492, 0.5051823, 0.5046586, 0.5047363, 0.5045765, 0.5043766, 0.50409317, 0.5048488, 0.50492877, 0.5043107, 0.50439477, 0.5046677, 0.5044129, 0.50433815, 0.50436574, 0.5050541, 0.50352305, 0.5043583, 0.50375724, 0.5076531, 0.50424325, 0.50513816, 0.50550884, 0.5056634, 0.50219023, 0.5037572, 0.50463057, 0.50404, 0.50423366, 0.50577664, 0.5047588, 0.50441027, 0.50523865, 0.5049301]
[0.5007493, 0.50350475, 0.5039752, 0.5022363, 0.5014927, 0.50087005, 0.5014788, 0.5006285, 0.50131124, 0.5007879, 0.5011381, 0.5000669, 0.50037116, 0.50111306, 0.50048417, 0.5011585, 0.49980482, 0.5003012, 0.5101056, 0.5093285, 0.51121205, 0.51111674, 0.5066484, 0.50664026, 0.5054127, 0.51067704, 0.5093367, 0.50957316, 0.5115928, 0.50950694, 0.51413536, 0.5057588, 0.51329195, 0.5160205, 0.5000362, 0.5114025, 0.5098408, 0.51312023, 0.5018717, 0.5002774, 0.4997475, 0.50352013, 0.50259215, 0.5035455, 0.50489414, 0.50500757, 0.5037115, 0.50024015, 0.5076133, 0.5019385, 0.49983764, 0.5004713, 0.51162136, 0.5006807, 0.5039936, 0.5044687, 0.5017946, 0.50032794, 0.50075525, 0.49991417, 0.5097484, 0.5092074, 0.5008435, 0.51096, 0.51108605, 0.5112805, 0.5067503, 0.50626135, 0.5153263, 0.51086736, 0.51052976, 0.5102028, 0.50696766, 0.5068261, 0.5130543, 0.5131981, 0.5145615, 0.5113919, 0.51378685, 0.5106, 0.5136414, 0.51285815, 0.513328, 0.5128662, 0.5115008, 0.5129198, 0.5120595, 0.5106189, 0.5108917, 0.51436955, 0.51054245, 0.50858766, 0.51451975, 0.51228064, 0.51131105, 0.5107931, 0.51369095, 0.5144779, 0.5117688, 0.5161517, 0.51491725, 0.5141508, 0.5143296, 0.5146204, 0.515941, 0.51356083, 0.51532316, 0.5152092, 0.51487863, 0.5128202, 0.5160616, 0.51466125, 0.5138341, 0.51288676, 0.50305974, 0.51121575, 0.51292366, 0.51274455, 0.5110125, 0.5080965, 0.5047752, 0.5115931, 0.50842613, 0.5131083, 0.5128481, 0.51331985, 0.511899, 0.51145226, 0.5149836, 0.5108882, 0.5110868, 0.5102824, 0.50782764, 0.50528806, 0.5055961, 0.50884694, 0.50865155, 0.50875, 0.50905454, 0.50908047, 0.51531965, 0.5095987, 0.5121375, 0.5116745, 0.5086974, 0.5146192, 0.50852835, 0.50705093, 0.507511, 0.5106574, 0.5111835, 0.5059443, 0.5136044, 0.50942725, 0.5070799, 0.50623006, 0.50343394, 0.50353545, 0.5090365, 0.509292, 0.50683403, 0.5123517, 0.5110976, 0.5115338, 0.5060867, 0.5030534, 0.51527756, 0.50677466, 0.51051843, 0.50871927, 0.5052638, 0.5084493, 0.50761604, 0.51331043, 0.51487607, 0.5166268, 0.5048014, 0.50650406, 0.5096614, 0.5144299, 0.5100335, 0.50646424, 0.5082005, 0.5104178, 0.5055252, 0.51118004, 0.5107512, 0.50198454, 0.51340914, 0.512799, 0.51150537, 0.50875336, 0.5095885, 0.5132171, 0.5128947, 0.51541215, 0.5057224, 0.51143044, 0.51019907, 0.5107838, 0.51508784, 0.5133728, 0.5150503, 0.5130212, 0.5131334, 0.5062768, 0.5151052, 0.51356775, 0.5132673, 0.5163082, 0.51521766, 0.51672596, 0.5135908, 0.51477605, 0.5130169, 0.513548, 0.5133074, 0.5145185, 0.51378113, 0.51394284, 0.5133473, 0.513341, 0.50008106, 0.49971014, 0.50568366, 0.5116538, 0.5111851, 0.5099841, 0.5149767, 0.5068011, 0.5067495, 0.5071366, 0.5089129, 0.509801, 0.50878793, 0.51262766, 0.50810575, 0.50729084, 0.51216227, 0.51191145, 0.5115221, 0.5114116, 0.51094383, 0.5095875, 0.51200795, 0.51178694, 0.51072764, 0.51071525, 0.511757, 0.51056635, 0.51003116, 0.50790477, 0.5127975, 0.5070453, 0.5092271, 0.5065792, 0.5030791, 0.50854516, 0.512586, 0.51381624, 0.51417774, 0.50302964, 0.5092187, 0.51091194, 0.5086084, 0.5097472, 0.5144211, 0.5121261, 0.50924826, 0.51257646, 0.5115883]
[0.49916893, 0.5015121, 0.5019831, 0.50085676, 0.49984378, 0.4996578, 0.5001675, 0.4993181, 0.4993644, 0.49946746, 0.49944076, 0.49930626, 0.49895108, 0.49940717, 0.49972633, 0.49942392, 0.49935985, 0.49956515, 0.5078192, 0.50692624, 0.50863016, 0.50872606, 0.50425863, 0.50416845, 0.50373936, 0.5073394, 0.50615436, 0.50637186, 0.5092147, 0.50845665, 0.51296073, 0.5036633, 0.5113937, 0.5144899, 0.49861997, 0.5085994, 0.50853914, 0.5105797, 0.50160384, 0.49892667, 0.49871033, 0.5030397, 0.501023, 0.5018322, 0.5029823, 0.5028244, 0.5015692, 0.49955064, 0.5038867, 0.5008723, 0.4990799, 0.4991166, 0.5098005, 0.49970156, 0.50239766, 0.502954, 0.500743, 0.49928445, 0.4993867, 0.4991188, 0.50666445, 0.5050757, 0.49993122, 0.50883514, 0.50833166, 0.50888604, 0.505005, 0.50529474, 0.5135578, 0.5084194, 0.5083021, 0.50795823, 0.50556433, 0.50488156, 0.51095706, 0.51133114, 0.5136607, 0.5091914, 0.5116931, 0.50872916, 0.5117613, 0.5113521, 0.51164126, 0.5111032, 0.5092678, 0.51147264, 0.50966, 0.5079945, 0.50840664, 0.51198, 0.50861967, 0.50686103, 0.51273745, 0.5094366, 0.5082992, 0.5075894, 0.5113696, 0.5116664, 0.51052815, 0.51463896, 0.5135998, 0.5131961, 0.5129721, 0.51268715, 0.51357144, 0.5119493, 0.5129221, 0.5128408, 0.5126646, 0.51122135, 0.5145119, 0.51261026, 0.51230985, 0.5114758, 0.50119865, 0.5097443, 0.51126146, 0.50956, 0.5087313, 0.5060473, 0.5023581, 0.5099713, 0.50689733, 0.51007026, 0.5097035, 0.51096267, 0.5098953, 0.50932413, 0.51301783, 0.50923413, 0.5086195, 0.50833017, 0.50647664, 0.5029354, 0.5031964, 0.50586253, 0.50641227, 0.50625557, 0.5067206, 0.5066722, 0.51332295, 0.50759554, 0.5101221, 0.50933546, 0.50691897, 0.5122667, 0.5058817, 0.50381285, 0.5060928, 0.50856876, 0.5084814, 0.5046446, 0.51075107, 0.5062262, 0.5038087, 0.50489116, 0.5015228, 0.50132895, 0.5067548, 0.5068949, 0.50497144, 0.5105367, 0.50898397, 0.50888383, 0.50546896, 0.504299, 0.5133877, 0.5050336, 0.5081767, 0.50475556, 0.50206053, 0.5057878, 0.5050998, 0.51126724, 0.5129924, 0.51459306, 0.50202024, 0.5037926, 0.5071731, 0.5123228, 0.50715005, 0.5054378, 0.50630414, 0.50770515, 0.50271547, 0.508741, 0.50881743, 0.5008008, 0.5115811, 0.5109821, 0.5094806, 0.5067601, 0.50697225, 0.5105826, 0.5107748, 0.5138479, 0.5039443, 0.508429, 0.5070687, 0.5080645, 0.51286584, 0.5116317, 0.51262295, 0.5111376, 0.5111884, 0.50516737, 0.51330054, 0.51156086, 0.51128554, 0.51492554, 0.51326066, 0.5146246, 0.511651, 0.5126016, 0.5119119, 0.5113088, 0.5114719, 0.51122695, 0.51240975, 0.5124862, 0.51125395, 0.5107834, 0.50076985, 0.49908328, 0.50409395, 0.51017076, 0.50932497, 0.5085855, 0.5134086, 0.50557595, 0.5053195, 0.5053527, 0.50683564, 0.5076003, 0.50622094, 0.51024544, 0.5070694, 0.5057469, 0.51022345, 0.5095514, 0.5088361, 0.5085969, 0.50821537, 0.50656074, 0.5095016, 0.50947654, 0.5081852, 0.50821185, 0.5089882, 0.50896823, 0.5073976, 0.50684667, 0.51049757, 0.5049224, 0.5068056, 0.5042582, 0.5015723, 0.5059457, 0.50957406, 0.51179147, 0.511606, 0.5007933, 0.5057012, 0.50798446, 0.5066484, 0.50780207, 0.5127991, 0.5090983, 0.5077791, 0.50987947, 0.5092985]
[0.4990646, 0.5007648, 0.5011159, 0.5002263, 0.49940312, 0.49888882, 0.49902403, 0.4992934, 0.4990832, 0.50241435, 0.5029092, 0.50263494, 0.5029321, 0.5019292, 0.5046339, 0.49867648, 0.50064147, 0.50214195, 0.50893664, 0.509494, 0.5099648, 0.5106367, 0.5092969, 0.50916445, 0.5066819, 0.5096554, 0.5088671, 0.5092206, 0.5111243, 0.50897187, 0.51331294, 0.50671285, 0.5126012, 0.51460296, 0.49936536, 0.50915116, 0.50965214, 0.5120651, 0.50672996, 0.501671, 0.49978575, 0.50426406, 0.50001514, 0.50063527, 0.50095946, 0.5007567, 0.49962014, 0.50195396, 0.50794834, 0.50403345, 0.502543, 0.49977705, 0.5106546, 0.499744, 0.5003172, 0.5007792, 0.49978575, 0.50056463, 0.5002314, 0.50250393, 0.5086183, 0.5077491, 0.5023792, 0.51221645, 0.5106982, 0.51140845, 0.50816053, 0.5081464, 0.51319885, 0.51058775, 0.5104364, 0.51038486, 0.5094922, 0.5063765, 0.5132569, 0.5134793, 0.51336086, 0.51040816, 0.51326966, 0.5095808, 0.5127973, 0.513282, 0.51293755, 0.51206154, 0.51104486, 0.5118278, 0.51026905, 0.5090757, 0.5112569, 0.51329935, 0.5104001, 0.50855815, 0.513382, 0.5112882, 0.51095575, 0.5114429, 0.5127142, 0.51350933, 0.5117975, 0.51505566, 0.5135813, 0.513448, 0.51319134, 0.5142593, 0.5143245, 0.5123182, 0.5138889, 0.51388633, 0.5138119, 0.5120728, 0.51481545, 0.513952, 0.5123889, 0.5118429, 0.5056328, 0.5116567, 0.51309633, 0.5125026, 0.5103182, 0.5087955, 0.50513434, 0.5107997, 0.5086527, 0.5123635, 0.51154214, 0.5126684, 0.5114855, 0.51202494, 0.51355326, 0.51006746, 0.5102817, 0.51014364, 0.5076256, 0.50586164, 0.5064798, 0.5093611, 0.5091599, 0.5090951, 0.5090281, 0.50871974, 0.5144856, 0.50980675, 0.51194793, 0.5106817, 0.50875807, 0.5137045, 0.5085655, 0.50727636, 0.50666046, 0.5094074, 0.5100604, 0.508837, 0.51236635, 0.5093002, 0.5075156, 0.506563, 0.49955842, 0.49962762, 0.5089866, 0.5087126, 0.50736785, 0.512544, 0.5108357, 0.5105834, 0.50764316, 0.5067261, 0.51369256, 0.5073198, 0.50934285, 0.50598896, 0.5027472, 0.50867987, 0.5082034, 0.5130841, 0.51394147, 0.5150614, 0.5063474, 0.50745076, 0.5095633, 0.51360106, 0.50847775, 0.5065563, 0.5091325, 0.51029193, 0.5053567, 0.5111544, 0.5107987, 0.5030318, 0.5123055, 0.51190954, 0.5107635, 0.5087578, 0.5101017, 0.51198083, 0.5118194, 0.5133587, 0.50834274, 0.5127387, 0.5101627, 0.51064116, 0.5141738, 0.5120021, 0.51386404, 0.51189303, 0.51244926, 0.50808346, 0.51404834, 0.5125701, 0.51260024, 0.51530427, 0.51421726, 0.5149118, 0.5124427, 0.513674, 0.5112806, 0.5121766, 0.512045, 0.5139475, 0.5141412, 0.51357925, 0.5137037, 0.511271, 0.50269514, 0.50190115, 0.5083199, 0.51164275, 0.5103774, 0.50990504, 0.5142349, 0.5073251, 0.5069436, 0.5073985, 0.5079364, 0.5087616, 0.5086694, 0.51133615, 0.50841886, 0.50745136, 0.51215035, 0.51118183, 0.5110027, 0.51145273, 0.51166797, 0.5096849, 0.51163197, 0.5110494, 0.51013035, 0.50975674, 0.51076466, 0.510963, 0.50978225, 0.5070262, 0.5116461, 0.50826323, 0.5092399, 0.5076271, 0.4998241, 0.5088444, 0.5120391, 0.5124664, 0.5128225, 0.50449365, 0.50972015, 0.50977844, 0.5087447, 0.51001555, 0.51375204, 0.5115947, 0.508532, 0.51161605, 0.51084507]
[0.50357825, 0.50629485, 0.5069882, 0.5055358, 0.50446177, 0.5034769, 0.5040819, 0.5032881, 0.5036334, 0.5011108, 0.5019277, 0.5015735, 0.50222176, 0.5025848, 0.50110054, 0.50384146, 0.502497, 0.50158745, 0.50902784, 0.50918174, 0.50963974, 0.5099016, 0.5087566, 0.5079742, 0.50273895, 0.510163, 0.50858206, 0.50934386, 0.5118679, 0.5081384, 0.51466954, 0.5031225, 0.5141035, 0.5155071, 0.50338507, 0.5090853, 0.50947577, 0.5125856, 0.5003103, 0.50214183, 0.50279754, 0.50021666, 0.5050862, 0.50612384, 0.5069284, 0.50677085, 0.5052086, 0.5013433, 0.5075948, 0.50100166, 0.50189203, 0.5029161, 0.5111567, 0.50319374, 0.5058965, 0.50635636, 0.5048475, 0.5024576, 0.5026726, 0.5013305, 0.5078582, 0.5081265, 0.5018883, 0.51245874, 0.5110128, 0.51141536, 0.5066988, 0.50693995, 0.5141001, 0.5106463, 0.5102153, 0.50932425, 0.5078224, 0.5032321, 0.51366097, 0.5142863, 0.5139541, 0.5101265, 0.5134108, 0.50956786, 0.5134766, 0.51384765, 0.5134817, 0.51279867, 0.5113175, 0.5126567, 0.5097683, 0.50781703, 0.5115358, 0.5140326, 0.51018065, 0.50770295, 0.5136188, 0.5121517, 0.5107737, 0.510503, 0.5134438, 0.5144935, 0.51258916, 0.51636624, 0.51425993, 0.5141841, 0.51397806, 0.5157948, 0.51604277, 0.5130138, 0.5152748, 0.5149531, 0.5148182, 0.51234156, 0.51641315, 0.51462334, 0.5135174, 0.51270723, 0.50324935, 0.5114308, 0.5136855, 0.51323104, 0.5104788, 0.50678706, 0.50026476, 0.5111881, 0.5077163, 0.5135118, 0.51242006, 0.51361865, 0.51159203, 0.5126174, 0.5140821, 0.5100223, 0.5101162, 0.5094085, 0.5060182, 0.49995393, 0.50074416, 0.50938046, 0.5086929, 0.5084084, 0.5083291, 0.50811553, 0.51564294, 0.50975543, 0.512573, 0.5109674, 0.50843984, 0.514516, 0.50679195, 0.50413454, 0.5054222, 0.5096467, 0.5104517, 0.50660706, 0.5136438, 0.50895476, 0.5065732, 0.50487757, 0.5054897, 0.505169, 0.5085395, 0.5084962, 0.505777, 0.5127235, 0.5110758, 0.5111336, 0.50187474, 0.5003228, 0.51433206, 0.5032304, 0.50859666, 0.50591016, 0.5004331, 0.50784934, 0.5065144, 0.5140272, 0.5151612, 0.5164226, 0.50455564, 0.50686866, 0.50936365, 0.51449764, 0.50691473, 0.5033614, 0.50834477, 0.5112184, 0.5015715, 0.51129884, 0.51089156, 0.50058305, 0.5130892, 0.51252896, 0.5106899, 0.50792074, 0.5097922, 0.5125439, 0.5121172, 0.51515496, 0.50652236, 0.5128248, 0.50996345, 0.5106586, 0.5152287, 0.512637, 0.5159122, 0.5130385, 0.5129079, 0.5053067, 0.5155999, 0.5135773, 0.51334083, 0.5173708, 0.5158371, 0.5162965, 0.5131437, 0.51507044, 0.5121302, 0.5129619, 0.5131102, 0.5147449, 0.514843, 0.51414, 0.51515836, 0.51276064, 0.5018606, 0.5023944, 0.5057219, 0.5123005, 0.5106886, 0.50959396, 0.5151183, 0.5067459, 0.5048248, 0.50533503, 0.5074695, 0.5087532, 0.50735575, 0.5115674, 0.5078223, 0.50716966, 0.5120035, 0.51185507, 0.51177245, 0.5122145, 0.511681, 0.5093857, 0.5121677, 0.51121616, 0.509777, 0.5104788, 0.5114064, 0.5113868, 0.5099514, 0.5046211, 0.51267195, 0.5061287, 0.5088281, 0.50650364, 0.5051139, 0.50716263, 0.51150554, 0.5130744, 0.5130202, 0.5014519, 0.5098329, 0.5098831, 0.5087645, 0.51022804, 0.5148124, 0.51181567, 0.5071888, 0.5124841, 0.5110532]
[0.5027848, 0.5059905, 0.50664717, 0.50480723, 0.50365126, 0.50239617, 0.5029984, 0.50232244, 0.502935, 0.5000559, 0.5007026, 0.5003744, 0.50024676, 0.5009439, 0.50120264, 0.5024471, 0.5011396, 0.50049555, 0.5102578, 0.5097491, 0.5104361, 0.51094896, 0.50844574, 0.5076804, 0.5056751, 0.51024336, 0.50913364, 0.5096163, 0.5120913, 0.50950396, 0.5153779, 0.5058689, 0.5136336, 0.5165232, 0.50222015, 0.5100022, 0.5106966, 0.51263803, 0.50163674, 0.5010426, 0.50183415, 0.50252, 0.504222, 0.5051829, 0.50636804, 0.506217, 0.50432456, 0.5009237, 0.50766915, 0.50123155, 0.500512, 0.50153714, 0.5122944, 0.50229186, 0.50532705, 0.5060007, 0.50389683, 0.50157857, 0.5011, 0.50017244, 0.5083962, 0.50800866, 0.500534, 0.5131429, 0.51200897, 0.5116114, 0.5066178, 0.508202, 0.51547647, 0.511644, 0.5111547, 0.5107948, 0.50936675, 0.5064003, 0.5139259, 0.5145505, 0.5148206, 0.51091605, 0.5135316, 0.5107677, 0.5144712, 0.51481676, 0.51410747, 0.5135532, 0.51202404, 0.5133732, 0.5114524, 0.50952953, 0.51234376, 0.51452017, 0.5112114, 0.50892264, 0.515127, 0.51236457, 0.5114013, 0.5106589, 0.5140645, 0.5148087, 0.512868, 0.51678157, 0.5153402, 0.51443493, 0.5149858, 0.51613015, 0.5160787, 0.51376235, 0.5154689, 0.51592237, 0.51598006, 0.5139454, 0.5171449, 0.51533306, 0.5145706, 0.5138177, 0.50387526, 0.5120147, 0.5138628, 0.51280326, 0.5111124, 0.5080971, 0.5021227, 0.5120114, 0.50868183, 0.5138485, 0.5125933, 0.5137655, 0.5123319, 0.5128546, 0.5153375, 0.51098484, 0.5110058, 0.51041996, 0.5084139, 0.5029361, 0.5036197, 0.50947076, 0.5091148, 0.5089531, 0.50947565, 0.5088626, 0.5155175, 0.51059747, 0.5131564, 0.5117898, 0.5091714, 0.51481926, 0.5075944, 0.50501037, 0.50691634, 0.51077586, 0.5116097, 0.5082236, 0.51404136, 0.50976443, 0.5071886, 0.5055304, 0.50400937, 0.5040073, 0.5092593, 0.5099173, 0.50733316, 0.5130164, 0.5117652, 0.51175386, 0.50649834, 0.50369734, 0.5157916, 0.5071151, 0.5102826, 0.5070851, 0.5024167, 0.50747764, 0.5068413, 0.5142252, 0.51571524, 0.5164349, 0.5036469, 0.5062926, 0.50974107, 0.51495063, 0.50771844, 0.5064184, 0.5094544, 0.5110774, 0.50329494, 0.5119394, 0.5119364, 0.5011125, 0.5139019, 0.5130349, 0.51161337, 0.5092069, 0.50988305, 0.5128162, 0.5126928, 0.5161901, 0.5058367, 0.5135681, 0.51078343, 0.51158845, 0.51583695, 0.51363647, 0.5156298, 0.51342696, 0.51341486, 0.506, 0.5166245, 0.51422656, 0.5140574, 0.51768756, 0.5161587, 0.51645356, 0.5138098, 0.5149569, 0.5134993, 0.51341414, 0.5143895, 0.5151235, 0.51512945, 0.5153774, 0.5149441, 0.51333636, 0.500784, 0.5011302, 0.5072962, 0.51303065, 0.51194805, 0.51102704, 0.5155433, 0.50553715, 0.50545835, 0.5062702, 0.50811505, 0.50974214, 0.50893426, 0.51258606, 0.5096458, 0.5073236, 0.51262015, 0.5119398, 0.5120594, 0.5126042, 0.5124445, 0.50949275, 0.51266664, 0.5122357, 0.5104627, 0.51054555, 0.5117856, 0.51275885, 0.51080847, 0.5078261, 0.51318276, 0.50607955, 0.50937593, 0.5069319, 0.5046299, 0.5082804, 0.5125145, 0.51365036, 0.51400584, 0.50151, 0.50943416, 0.5110237, 0.50933266, 0.51023483, 0.51566595, 0.51184374, 0.50908583, 0.5129326, 0.5120476]
[0.50180286, 0.50372446, 0.50421244, 0.50301176, 0.5020522, 0.50174665, 0.50227946, 0.501737, 0.502173, 0.5023665, 0.5023259, 0.50242275, 0.5015826, 0.50154054, 0.50291777, 0.50175905, 0.50150764, 0.5027995, 0.50754833, 0.5076486, 0.50862205, 0.5085858, 0.507123, 0.5067176, 0.50537044, 0.5078015, 0.50717324, 0.507358, 0.50887835, 0.5075856, 0.51103806, 0.5060304, 0.51008517, 0.5119127, 0.5015012, 0.5080681, 0.5084728, 0.5097288, 0.5047915, 0.50216407, 0.5014595, 0.503614, 0.5029923, 0.5036782, 0.50430626, 0.5042485, 0.50290227, 0.50231075, 0.50606453, 0.50290775, 0.50209063, 0.5015339, 0.50882894, 0.50178593, 0.503745, 0.5043485, 0.50242037, 0.5012103, 0.50129163, 0.50214076, 0.50724536, 0.5067696, 0.5020988, 0.5091731, 0.5087365, 0.5089743, 0.506442, 0.5067437, 0.51090825, 0.508402, 0.50840765, 0.50801665, 0.5073183, 0.50519365, 0.5101967, 0.5104853, 0.51083505, 0.508436, 0.51033753, 0.5085575, 0.51029915, 0.5101986, 0.5100334, 0.5097869, 0.5087643, 0.5097124, 0.5084493, 0.5075593, 0.5089974, 0.5108784, 0.50863355, 0.5076168, 0.5106188, 0.50958127, 0.50910693, 0.50901526, 0.509984, 0.5105042, 0.5095235, 0.5118484, 0.51112425, 0.51054806, 0.5105448, 0.5110988, 0.5113384, 0.5102884, 0.5111452, 0.5110678, 0.51092553, 0.5100298, 0.51183355, 0.511033, 0.51043934, 0.5096932, 0.50438976, 0.50914794, 0.5104446, 0.50967735, 0.5085078, 0.50733554, 0.50407076, 0.50912535, 0.50732404, 0.5099326, 0.50919765, 0.5101893, 0.50922585, 0.5095189, 0.510727, 0.50855124, 0.50868404, 0.5083268, 0.5063725, 0.50479496, 0.5051078, 0.50747055, 0.5074408, 0.5074678, 0.5076243, 0.50727385, 0.51125497, 0.50824654, 0.509339, 0.50898826, 0.50737196, 0.5107115, 0.5068224, 0.505829, 0.5067256, 0.5082188, 0.5084058, 0.50699043, 0.51001805, 0.5074025, 0.5057641, 0.50571823, 0.5031242, 0.5033181, 0.5077849, 0.50780815, 0.5065681, 0.50984186, 0.50883657, 0.5087485, 0.50530195, 0.5052454, 0.5107943, 0.50550646, 0.5079453, 0.50533974, 0.50282377, 0.5068461, 0.50650513, 0.51052976, 0.51119006, 0.51188016, 0.5045325, 0.505878, 0.5078691, 0.51086015, 0.5074398, 0.50586796, 0.5076148, 0.5086566, 0.5040386, 0.5091284, 0.5087684, 0.50293267, 0.5100864, 0.5097707, 0.50873387, 0.50733596, 0.5083839, 0.5097926, 0.50976557, 0.5110405, 0.50606483, 0.5096231, 0.50817424, 0.5086325, 0.51122063, 0.5098596, 0.51092815, 0.50983125, 0.51014906, 0.50626093, 0.51117617, 0.51030654, 0.5101361, 0.511998, 0.5114, 0.51195043, 0.5104708, 0.5108383, 0.50976187, 0.50984764, 0.5097789, 0.5108056, 0.51102096, 0.5105178, 0.5105982, 0.5094057, 0.50245696, 0.50171906, 0.50604564, 0.5094179, 0.50871944, 0.50822306, 0.51139015, 0.50623924, 0.5059784, 0.5065622, 0.5071781, 0.5079017, 0.50727457, 0.5093147, 0.5072549, 0.5063353, 0.5095261, 0.50884235, 0.5090073, 0.50899035, 0.5087426, 0.50787103, 0.5094052, 0.5089797, 0.50812334, 0.508304, 0.50873965, 0.5087196, 0.5077433, 0.5071053, 0.5096127, 0.5063929, 0.5078667, 0.5061857, 0.50294626, 0.50698733, 0.5097598, 0.51043814, 0.51026505, 0.5036818, 0.50772065, 0.50849456, 0.507279, 0.50799376, 0.51117224, 0.50931245, 0.5075722, 0.50961477, 0.50894165]
[0.500134, 0.5027581, 0.5030754, 0.5014543, 0.50098044, 0.500111, 0.5007248, 0.49953243, 0.50028497, 0.5039096, 0.5029984, 0.50235337, 0.5011566, 0.4994554, 0.50246435, 0.49959245, 0.5006258, 0.5015305, 0.51152045, 0.511531, 0.51245916, 0.51227516, 0.51072115, 0.5104812, 0.50831276, 0.5129085, 0.51122385, 0.51171035, 0.51377904, 0.51079535, 0.5158077, 0.50872785, 0.51521695, 0.51707166, 0.49983156, 0.5117268, 0.5115701, 0.51417506, 0.5045791, 0.5006609, 0.5011249, 0.5058516, 0.50162363, 0.5024681, 0.50348896, 0.5033321, 0.5021934, 0.5007817, 0.51073545, 0.50291073, 0.5008234, 0.4995617, 0.51315683, 0.49969274, 0.5019642, 0.50267804, 0.50115705, 0.50034016, 0.49996448, 0.5008364, 0.5113118, 0.5116757, 0.5020312, 0.5139827, 0.5132802, 0.5134307, 0.50924027, 0.5091644, 0.5161296, 0.5127797, 0.5124805, 0.51174945, 0.51050955, 0.5088897, 0.51515454, 0.5154463, 0.51547205, 0.5121672, 0.5148083, 0.51180387, 0.5150184, 0.51526135, 0.51508623, 0.51443845, 0.5132825, 0.51427954, 0.51229376, 0.51074994, 0.51332474, 0.51560205, 0.51251817, 0.510255, 0.5156784, 0.5139478, 0.51305187, 0.51279676, 0.51501817, 0.5165172, 0.513816, 0.5178596, 0.5158663, 0.51546484, 0.51530683, 0.5169131, 0.5177344, 0.5145916, 0.5167534, 0.51681805, 0.51656467, 0.5146435, 0.51771665, 0.51636755, 0.51542133, 0.5145142, 0.5084084, 0.5129805, 0.5144976, 0.5151845, 0.51259923, 0.5096765, 0.5064354, 0.51316977, 0.5101907, 0.5156348, 0.5147943, 0.515048, 0.51340336, 0.5140247, 0.5157449, 0.51208735, 0.5124732, 0.5120521, 0.5102145, 0.5074519, 0.5075617, 0.51174057, 0.5108374, 0.511629, 0.51127374, 0.5108741, 0.51715064, 0.5121429, 0.51417905, 0.51296026, 0.5108631, 0.5161652, 0.5100941, 0.5088091, 0.50880253, 0.51180214, 0.5128519, 0.50936264, 0.51529115, 0.5119529, 0.51032734, 0.5086821, 0.5022073, 0.5022279, 0.5109292, 0.51096034, 0.5092579, 0.51432717, 0.5129509, 0.5133863, 0.5048386, 0.5046, 0.51634175, 0.5088149, 0.5115281, 0.51092476, 0.5080661, 0.510393, 0.50989074, 0.51546514, 0.51660454, 0.5175514, 0.5088357, 0.50996023, 0.5117963, 0.51593155, 0.51056165, 0.5088773, 0.510547, 0.51262504, 0.5072975, 0.5129254, 0.51289046, 0.5045968, 0.5146776, 0.51420146, 0.51289153, 0.5105557, 0.51185, 0.5142567, 0.5144194, 0.51702285, 0.5091016, 0.51471126, 0.5122721, 0.51278096, 0.51672405, 0.51467246, 0.5173036, 0.51477414, 0.51468295, 0.50914115, 0.51667994, 0.5153847, 0.51503795, 0.5181055, 0.5173155, 0.5174564, 0.5150226, 0.5161134, 0.5141609, 0.51453525, 0.51488054, 0.5161811, 0.5156866, 0.5158324, 0.516296, 0.5149887, 0.5003882, 0.50195, 0.5095364, 0.51405346, 0.51263857, 0.5116217, 0.51648986, 0.50870526, 0.5086603, 0.509319, 0.5102507, 0.5113027, 0.5101999, 0.5136174, 0.5100448, 0.5095201, 0.5138744, 0.513663, 0.5137206, 0.51423573, 0.5135989, 0.51202065, 0.51420504, 0.51348436, 0.5122726, 0.5119596, 0.51336837, 0.51277614, 0.51213896, 0.5093739, 0.51436615, 0.5093519, 0.5115459, 0.5098896, 0.5017323, 0.5115391, 0.5141119, 0.51462334, 0.5148915, 0.50775343, 0.51202625, 0.51267725, 0.5109632, 0.5124121, 0.51623505, 0.5143813, 0.5101073, 0.51479125, 0.5134449]
[0.5035366, 0.5070604, 0.50809443, 0.50666285, 0.5046469, 0.5031256, 0.50378495, 0.5029206, 0.5038029, 0.5008813, 0.5015955, 0.5009445, 0.50062615, 0.5006475, 0.5022116, 0.5028807, 0.50200933, 0.50084436, 0.5079675, 0.50827765, 0.508624, 0.5094561, 0.508004, 0.507264, 0.505876, 0.5078346, 0.5069939, 0.50714904, 0.5097573, 0.5091042, 0.51376516, 0.5058187, 0.5110168, 0.5145183, 0.5028529, 0.5083142, 0.50915635, 0.51101106, 0.50502634, 0.50147843, 0.50297713, 0.5035526, 0.5045805, 0.50570506, 0.50715625, 0.5068694, 0.5049564, 0.5011877, 0.5046252, 0.50206864, 0.50097066, 0.5024209, 0.50963795, 0.5032283, 0.5065284, 0.5072917, 0.50529253, 0.50226927, 0.50155485, 0.50045073, 0.5068627, 0.5043255, 0.50056493, 0.511411, 0.5107038, 0.5100676, 0.5061245, 0.5076557, 0.51304257, 0.5108474, 0.5104286, 0.50958997, 0.50826395, 0.5047071, 0.51167065, 0.51213163, 0.5132786, 0.5092568, 0.51200753, 0.5098561, 0.5126495, 0.5135082, 0.5126535, 0.5119621, 0.51002187, 0.5115261, 0.5090144, 0.5075585, 0.51115644, 0.5131313, 0.51032525, 0.508676, 0.5123408, 0.51114047, 0.510185, 0.5101396, 0.5115782, 0.5128599, 0.511547, 0.514326, 0.51364154, 0.51284415, 0.5126985, 0.513968, 0.51389396, 0.5120553, 0.51401985, 0.5136742, 0.51366055, 0.51232207, 0.5150459, 0.5133033, 0.5123468, 0.51156324, 0.5048242, 0.5102825, 0.51262045, 0.510489, 0.50969094, 0.508551, 0.50197315, 0.51011676, 0.507689, 0.51133204, 0.51055527, 0.51238126, 0.5113608, 0.51150984, 0.51356065, 0.5099874, 0.50927776, 0.5092599, 0.50695056, 0.5032513, 0.5045351, 0.50821984, 0.50773054, 0.5080304, 0.5082446, 0.50758845, 0.5132252, 0.50916874, 0.5108345, 0.51009923, 0.5081859, 0.5129232, 0.5060305, 0.5042191, 0.5068044, 0.5087696, 0.50957483, 0.5087416, 0.51226366, 0.5082453, 0.5061187, 0.50597346, 0.50378144, 0.50414014, 0.5086826, 0.5093872, 0.5069187, 0.5117544, 0.5107089, 0.51011693, 0.5066254, 0.5053435, 0.5128632, 0.50685436, 0.50801724, 0.50365263, 0.501228, 0.5067237, 0.5065727, 0.51347154, 0.5140779, 0.514001, 0.50367594, 0.5056015, 0.50838697, 0.5131293, 0.5059593, 0.5074147, 0.50897914, 0.5104271, 0.5024667, 0.51093686, 0.51072454, 0.5018147, 0.5122403, 0.5109017, 0.5099103, 0.5082045, 0.5088659, 0.5114513, 0.51130086, 0.5138804, 0.5066438, 0.5119061, 0.50899076, 0.50959206, 0.51335335, 0.5118647, 0.51331395, 0.5117661, 0.51194024, 0.50688267, 0.51436955, 0.51231706, 0.51248664, 0.515144, 0.5142395, 0.51418746, 0.5129015, 0.513642, 0.5119676, 0.51182514, 0.51258415, 0.5141049, 0.5138683, 0.5132339, 0.51297563, 0.51088756, 0.5009667, 0.50197345, 0.50792575, 0.5115812, 0.5113185, 0.51030636, 0.51358074, 0.50618297, 0.50611454, 0.5065218, 0.5073743, 0.50844526, 0.50772566, 0.5108331, 0.50839746, 0.5069521, 0.51139903, 0.51026493, 0.5104589, 0.5108593, 0.51076525, 0.50832546, 0.5111162, 0.51046646, 0.5083908, 0.50857437, 0.510052, 0.51027143, 0.5090134, 0.5078495, 0.5113058, 0.50517815, 0.50873315, 0.50758004, 0.50537974, 0.5073602, 0.51085293, 0.51192915, 0.5119338, 0.50068206, 0.5070971, 0.50998497, 0.50839245, 0.5078088, 0.5137031, 0.51032823, 0.50839543, 0.51103854, 0.5106774]
[0.502135, 0.50543875, 0.5061551, 0.50444776, 0.5030421, 0.50182146, 0.50283694, 0.50135726, 0.50252753, 0.5027172, 0.50266856, 0.50231975, 0.5014183, 0.5005353, 0.5024371, 0.50126463, 0.50092286, 0.50140727, 0.5091712, 0.5089274, 0.5095298, 0.5097492, 0.5085587, 0.50778806, 0.5070545, 0.509823, 0.5090005, 0.50916225, 0.5109033, 0.50866705, 0.5131201, 0.5066977, 0.5123906, 0.5137271, 0.50146574, 0.50947154, 0.50940984, 0.51133746, 0.5030682, 0.50062835, 0.50080806, 0.50381917, 0.50405324, 0.50493705, 0.5060598, 0.505858, 0.5040244, 0.5009361, 0.50802624, 0.50288624, 0.5010916, 0.5011202, 0.5109303, 0.5013272, 0.50494146, 0.5055303, 0.5035613, 0.50039184, 0.5004382, 0.50164175, 0.50837916, 0.50853074, 0.5013342, 0.5111666, 0.51064396, 0.51068956, 0.50723135, 0.50743496, 0.512458, 0.5098579, 0.50978494, 0.50924957, 0.50831574, 0.5065178, 0.51207364, 0.51252997, 0.51239526, 0.51006234, 0.51204836, 0.50949204, 0.51236504, 0.5122676, 0.5121382, 0.511665, 0.5104493, 0.5115087, 0.5100023, 0.50874585, 0.5108174, 0.5126466, 0.51005346, 0.50819606, 0.51252574, 0.51106584, 0.51051164, 0.5097887, 0.5119167, 0.51297104, 0.5112689, 0.51459104, 0.5129256, 0.51226085, 0.51231956, 0.51373655, 0.5140137, 0.51177514, 0.51343036, 0.5135039, 0.5133734, 0.5118116, 0.514373, 0.51304317, 0.5124915, 0.5116918, 0.5063912, 0.5104591, 0.5117966, 0.51195914, 0.5102552, 0.5076361, 0.5038908, 0.5104853, 0.50853115, 0.5122451, 0.5115973, 0.5122217, 0.51079094, 0.5113032, 0.5129131, 0.5098252, 0.50998986, 0.5094749, 0.50821346, 0.5042713, 0.5053796, 0.50929594, 0.5087023, 0.5089528, 0.50903344, 0.50843006, 0.5136715, 0.5094505, 0.51148367, 0.5106559, 0.5087006, 0.5130905, 0.50786614, 0.5067946, 0.50716007, 0.5096347, 0.5102634, 0.50749916, 0.51209766, 0.5091281, 0.5075441, 0.5067905, 0.50422657, 0.50418484, 0.50859714, 0.5088025, 0.5074253, 0.51142436, 0.5102615, 0.51034796, 0.504657, 0.5048621, 0.5130874, 0.5064461, 0.5093576, 0.508, 0.5054474, 0.50811166, 0.50722003, 0.512079, 0.51325995, 0.5140309, 0.50682163, 0.50764984, 0.509435, 0.51274836, 0.5079963, 0.5069417, 0.50868034, 0.5100484, 0.5055776, 0.5103574, 0.51029706, 0.50309336, 0.5118774, 0.51140934, 0.509882, 0.5086139, 0.5094649, 0.51118517, 0.51148796, 0.51356244, 0.5072517, 0.51150614, 0.509698, 0.5101835, 0.51342386, 0.5117566, 0.51346695, 0.51175004, 0.5116501, 0.50653136, 0.5136942, 0.5123706, 0.51230145, 0.5145491, 0.5136569, 0.5139841, 0.5118638, 0.5128453, 0.5113685, 0.51171994, 0.5117171, 0.5129409, 0.5126906, 0.5125868, 0.5129155, 0.5118622, 0.5012985, 0.5013362, 0.5073688, 0.51116633, 0.5100419, 0.50955045, 0.5133644, 0.50709593, 0.5068236, 0.50722575, 0.50821376, 0.5091397, 0.5084944, 0.5108328, 0.5084629, 0.5074511, 0.5109377, 0.5109307, 0.5107875, 0.5111079, 0.51084596, 0.50909644, 0.5111805, 0.5108248, 0.5097454, 0.5098627, 0.51054263, 0.5106346, 0.5093905, 0.5068909, 0.5116772, 0.5073713, 0.5087761, 0.5072367, 0.5042024, 0.5081783, 0.5110374, 0.5118236, 0.5120032, 0.50590277, 0.5094806, 0.5096634, 0.5087195, 0.5096985, 0.51331335, 0.51095396, 0.50862753, 0.511448, 0.51075834]
[0.50520104, 0.5084795, 0.5090225, 0.5071004, 0.5056487, 0.5043486, 0.5053696, 0.504696, 0.50509685, 0.50142753, 0.5018994, 0.50153553, 0.50215137, 0.5028, 0.50127506, 0.5047458, 0.5029919, 0.50233287, 0.5083447, 0.5086562, 0.50933456, 0.5098024, 0.5078513, 0.5073752, 0.50465155, 0.50946414, 0.50809634, 0.50838226, 0.5104771, 0.50878197, 0.5140244, 0.5041572, 0.5129061, 0.514657, 0.50416094, 0.5092816, 0.5098128, 0.5114898, 0.50134593, 0.50283337, 0.5037885, 0.5010161, 0.5071605, 0.5083664, 0.5089522, 0.50856334, 0.5065853, 0.5027447, 0.50569314, 0.5012453, 0.50280356, 0.5037118, 0.5110053, 0.50441253, 0.5079368, 0.5087666, 0.50652784, 0.5033177, 0.5032165, 0.501562, 0.50718564, 0.5068347, 0.50234574, 0.5112928, 0.5110637, 0.5109709, 0.50650024, 0.50711507, 0.51346534, 0.5098142, 0.510344, 0.51023763, 0.5075986, 0.50447756, 0.51303905, 0.51334757, 0.513502, 0.51020765, 0.51299924, 0.50958043, 0.5128189, 0.51337993, 0.51295084, 0.5120553, 0.51042897, 0.512109, 0.5099101, 0.50821906, 0.5113604, 0.5131688, 0.5103375, 0.50803375, 0.51331764, 0.5112468, 0.5106088, 0.51008934, 0.51256657, 0.5133633, 0.5120577, 0.51558125, 0.5137492, 0.513176, 0.51303303, 0.5143147, 0.5145446, 0.5124427, 0.5140015, 0.5140577, 0.51374185, 0.512339, 0.5155958, 0.51375103, 0.51270324, 0.51241267, 0.5036172, 0.51106995, 0.5126305, 0.5122154, 0.50986683, 0.5074323, 0.5017368, 0.51073354, 0.5083384, 0.5122763, 0.5115214, 0.5126259, 0.51141673, 0.511426, 0.51328874, 0.50956744, 0.5100444, 0.5092084, 0.5075739, 0.50265074, 0.5030659, 0.5085113, 0.5086125, 0.50887173, 0.50877696, 0.5077345, 0.5144534, 0.50911444, 0.5118182, 0.5108311, 0.5085869, 0.5136272, 0.50761014, 0.5047667, 0.5057471, 0.5096118, 0.51000696, 0.5071301, 0.5123333, 0.50839996, 0.5056427, 0.5043856, 0.507377, 0.5073313, 0.5082121, 0.5085164, 0.50672126, 0.51180005, 0.5104818, 0.5107776, 0.5035787, 0.5034822, 0.5136338, 0.50504094, 0.50937134, 0.5054888, 0.5014797, 0.50716, 0.5056579, 0.5127199, 0.51417875, 0.5153412, 0.5040691, 0.50619787, 0.50906205, 0.5131862, 0.5066786, 0.505856, 0.50829065, 0.5097739, 0.50194675, 0.51086277, 0.51058716, 0.50094664, 0.51208675, 0.51190287, 0.51033723, 0.5084598, 0.50899875, 0.51193553, 0.5118925, 0.5147276, 0.50557226, 0.5118996, 0.5095704, 0.5103449, 0.5139709, 0.51209545, 0.51377356, 0.512022, 0.5125193, 0.5051196, 0.51445633, 0.5124655, 0.512611, 0.5155299, 0.51469725, 0.5150404, 0.51259446, 0.51364493, 0.5120793, 0.51205814, 0.51233554, 0.51366234, 0.5139114, 0.5140058, 0.5135972, 0.51186115, 0.5011303, 0.5025508, 0.5067767, 0.511827, 0.5106796, 0.5098107, 0.514062, 0.50542516, 0.5050887, 0.50603694, 0.5072703, 0.5084429, 0.5072489, 0.5110238, 0.50736696, 0.5058464, 0.51148576, 0.5110157, 0.51093465, 0.5110267, 0.5113356, 0.5091308, 0.5117062, 0.5109436, 0.5093536, 0.5097911, 0.51063764, 0.51105386, 0.5089177, 0.50471026, 0.51192963, 0.5069052, 0.5082057, 0.5062316, 0.506977, 0.5067544, 0.5109483, 0.5124578, 0.5123301, 0.5016917, 0.50855434, 0.5093353, 0.50838923, 0.50985307, 0.514004, 0.5114362, 0.5079569, 0.5114737, 0.51062703]
[0.5004758, 0.50237244, 0.5028977, 0.5017571, 0.5007172, 0.49992204, 0.50039375, 0.50018656, 0.50045604, 0.5018402, 0.5014281, 0.5012581, 0.50129896, 0.5000162, 0.5030886, 0.5003571, 0.50044006, 0.50119627, 0.5097878, 0.51020145, 0.5105856, 0.5113288, 0.50991863, 0.50947183, 0.5068162, 0.5103837, 0.50914943, 0.50966513, 0.51156455, 0.5106158, 0.5152065, 0.50725967, 0.51345676, 0.51600623, 0.50006336, 0.50995016, 0.5109372, 0.5127052, 0.5070538, 0.5013774, 0.4999748, 0.5039325, 0.50122136, 0.50209, 0.50242764, 0.50228006, 0.50108427, 0.5026027, 0.50744987, 0.5024657, 0.50098294, 0.49961627, 0.5116217, 0.50027514, 0.5022222, 0.50250113, 0.50114566, 0.49998844, 0.49971366, 0.5018021, 0.5090225, 0.50831926, 0.5007994, 0.5129741, 0.51176775, 0.51195717, 0.50804186, 0.509185, 0.5147783, 0.5113285, 0.5117248, 0.51069915, 0.50978714, 0.5067122, 0.5140187, 0.5141959, 0.5149446, 0.51066226, 0.5138343, 0.5108196, 0.5137395, 0.5146988, 0.5143153, 0.5137281, 0.51136106, 0.5130674, 0.51102215, 0.5095209, 0.5123296, 0.51452124, 0.5115988, 0.50979275, 0.514229, 0.5125125, 0.5116935, 0.5116758, 0.5134538, 0.51451176, 0.5130882, 0.516533, 0.5150725, 0.51474553, 0.5145138, 0.5155499, 0.5158083, 0.5139714, 0.5152272, 0.5153693, 0.51517946, 0.5132838, 0.51637703, 0.5150034, 0.51402634, 0.513323, 0.5062478, 0.51205397, 0.5141547, 0.5126185, 0.51124156, 0.5096593, 0.504429, 0.511871, 0.5095133, 0.51332587, 0.51232666, 0.51373255, 0.51260495, 0.51283747, 0.514635, 0.51119214, 0.5109863, 0.51088345, 0.5075095, 0.50534225, 0.50619966, 0.5098821, 0.5094888, 0.5096136, 0.50978625, 0.50951004, 0.5154507, 0.51061976, 0.51246494, 0.5115818, 0.5097472, 0.5148529, 0.50877327, 0.50691545, 0.5082513, 0.5100176, 0.5107135, 0.5091006, 0.5135798, 0.509632, 0.5075672, 0.50774294, 0.5012733, 0.5013863, 0.50988287, 0.50971776, 0.5084678, 0.51352483, 0.5118838, 0.51180387, 0.5066528, 0.50613284, 0.51464313, 0.5081711, 0.509988, 0.5055328, 0.501842, 0.50868696, 0.5087385, 0.514423, 0.51562315, 0.5162544, 0.5063722, 0.50808597, 0.5099107, 0.515061, 0.508665, 0.508258, 0.5094941, 0.5116492, 0.50521374, 0.5123286, 0.51154035, 0.5026074, 0.51366967, 0.5128241, 0.51151514, 0.50926286, 0.510666, 0.5130684, 0.51282847, 0.51518315, 0.50829566, 0.5132411, 0.5106176, 0.5111336, 0.5150186, 0.51328886, 0.5153514, 0.51332915, 0.51361513, 0.50844485, 0.51536673, 0.51415896, 0.51368856, 0.51729304, 0.515434, 0.5162761, 0.51385945, 0.51468444, 0.51331633, 0.5132585, 0.5137312, 0.51509404, 0.51541704, 0.5148161, 0.51457536, 0.5122134, 0.50208724, 0.50130975, 0.50880384, 0.5130013, 0.5120129, 0.51122934, 0.5155157, 0.50812846, 0.50710833, 0.5078443, 0.5086908, 0.50974125, 0.50915736, 0.5121305, 0.50941014, 0.5084596, 0.51317537, 0.5119914, 0.5117544, 0.51195693, 0.51177204, 0.51012874, 0.5125898, 0.51187986, 0.51035535, 0.5110046, 0.5116725, 0.51199275, 0.5102836, 0.5088101, 0.5127164, 0.5081235, 0.5098783, 0.5083945, 0.5011753, 0.5093599, 0.5122079, 0.51380426, 0.5132691, 0.50359315, 0.50964755, 0.5108448, 0.50988036, 0.5105404, 0.51536906, 0.5120744, 0.5093083, 0.5126611, 0.51195306]
[0.5002242, 0.5021879, 0.50255775, 0.5017474, 0.5011997, 0.5005777, 0.50104344, 0.5002876, 0.5005451, 0.5004623, 0.5005838, 0.5017977, 0.50248086, 0.49983197, 0.50497955, 0.5007081, 0.49970734, 0.49978557, 0.5112572, 0.5114159, 0.5125177, 0.5126561, 0.51014596, 0.5097383, 0.5081539, 0.51203597, 0.51034254, 0.510857, 0.5136334, 0.5114883, 0.5169258, 0.507466, 0.51570106, 0.5182667, 0.5000563, 0.5115784, 0.5125775, 0.51447815, 0.5058318, 0.49965703, 0.49977082, 0.5036846, 0.50156015, 0.50215846, 0.5028639, 0.5027785, 0.5016616, 0.4999994, 0.5077958, 0.50520986, 0.5017487, 0.5000204, 0.51389235, 0.5007927, 0.5024476, 0.50279677, 0.50152624, 0.4997929, 0.4999435, 0.5019704, 0.5098787, 0.5082303, 0.50135446, 0.5138332, 0.51234525, 0.5138517, 0.5102927, 0.51028967, 0.5170725, 0.5122495, 0.51210093, 0.51295364, 0.51121026, 0.50815403, 0.5162348, 0.51637375, 0.5174761, 0.51309115, 0.5157713, 0.5123166, 0.51561004, 0.5161126, 0.5160404, 0.5148412, 0.51339036, 0.51510423, 0.5127765, 0.5111495, 0.5125481, 0.5163888, 0.5130729, 0.5104095, 0.5167079, 0.513964, 0.5125751, 0.5126108, 0.51565677, 0.5162006, 0.5148034, 0.5189247, 0.5164388, 0.5168935, 0.5166095, 0.5172375, 0.51723814, 0.51515114, 0.5166572, 0.51670945, 0.516701, 0.51500535, 0.51845616, 0.51685476, 0.5157047, 0.51507837, 0.50420976, 0.5143565, 0.51563895, 0.51357925, 0.5132495, 0.5102399, 0.50372505, 0.51378495, 0.51096785, 0.5140412, 0.5133755, 0.5151547, 0.5137257, 0.5146014, 0.516344, 0.51307243, 0.51263785, 0.5121959, 0.5105133, 0.5048068, 0.50626457, 0.5104757, 0.51084036, 0.51110214, 0.51109475, 0.5106486, 0.5174005, 0.5119062, 0.51393014, 0.51299745, 0.5107954, 0.5164711, 0.5097751, 0.5067364, 0.50922656, 0.5120368, 0.51233345, 0.5104787, 0.5144326, 0.5102039, 0.50745535, 0.50716054, 0.50156164, 0.5015459, 0.5100656, 0.51087093, 0.5094154, 0.5147508, 0.51269203, 0.5130858, 0.5104802, 0.5092422, 0.51764625, 0.5088601, 0.5119567, 0.5059211, 0.5006781, 0.50944936, 0.5088248, 0.5158352, 0.5174346, 0.51858324, 0.5059955, 0.5083557, 0.5109435, 0.516032, 0.5105064, 0.508352, 0.5107779, 0.5124344, 0.504389, 0.5133339, 0.5131634, 0.50184345, 0.51572675, 0.51495653, 0.5132519, 0.511108, 0.5118344, 0.51435167, 0.51436436, 0.51776123, 0.5081348, 0.5141864, 0.5115702, 0.5124121, 0.51722944, 0.5152318, 0.51630974, 0.5145862, 0.5146741, 0.50945467, 0.5175534, 0.515662, 0.51537204, 0.5184659, 0.5172495, 0.5182854, 0.5156086, 0.51662767, 0.51527965, 0.51463574, 0.5143462, 0.5156379, 0.5172614, 0.51698315, 0.5157774, 0.5141567, 0.5035982, 0.4994527, 0.5096456, 0.51518357, 0.5132223, 0.512416, 0.5175182, 0.5102878, 0.50969946, 0.5097167, 0.51053184, 0.5113775, 0.51030064, 0.5141063, 0.5119048, 0.50924796, 0.514334, 0.5132498, 0.5133602, 0.5135545, 0.51331365, 0.5106314, 0.5132853, 0.51357853, 0.5124857, 0.5122805, 0.5123275, 0.5141034, 0.5117821, 0.51000345, 0.51419806, 0.5101574, 0.51053697, 0.50854313, 0.501344, 0.5105174, 0.514006, 0.516049, 0.516027, 0.50186986, 0.51063263, 0.5116525, 0.51084214, 0.51273555, 0.5168796, 0.51300806, 0.51102823, 0.51396304, 0.51242536]
[0.5013951, 0.50510716, 0.50595033, 0.5044217, 0.50290465, 0.5013993, 0.50220925, 0.5012839, 0.50185335, 0.5006452, 0.50102365, 0.5022099, 0.5029529, 0.5020475, 0.5039911, 0.50128126, 0.5000173, 0.5008634, 0.50788224, 0.5082112, 0.50881326, 0.50910556, 0.50749815, 0.5071981, 0.50574464, 0.50822526, 0.50698984, 0.5074715, 0.5095888, 0.5078016, 0.5126059, 0.50538266, 0.5112899, 0.51331925, 0.5009667, 0.507823, 0.5090326, 0.51041216, 0.5047324, 0.50048035, 0.50113976, 0.5029884, 0.5034985, 0.50457543, 0.50554407, 0.50497633, 0.50312346, 0.50054383, 0.50504315, 0.50321585, 0.50195956, 0.50014716, 0.5097365, 0.50128293, 0.5046284, 0.50551325, 0.5035802, 0.499938, 0.49992067, 0.5023236, 0.5069161, 0.50539833, 0.50129384, 0.5105796, 0.50973684, 0.5102176, 0.50789297, 0.5076931, 0.5122269, 0.50951374, 0.5091262, 0.5095244, 0.5081571, 0.50527954, 0.51165175, 0.51179695, 0.51244116, 0.5090509, 0.511373, 0.5087548, 0.51141715, 0.51220906, 0.5116132, 0.5108824, 0.50968367, 0.51111346, 0.5087443, 0.5074658, 0.50964874, 0.5118247, 0.509779, 0.50767267, 0.51221585, 0.5101308, 0.50942117, 0.50936335, 0.5114222, 0.5119923, 0.51059914, 0.5140614, 0.5122234, 0.5122057, 0.5121197, 0.51304394, 0.51298004, 0.5111, 0.51251984, 0.5129102, 0.5127397, 0.51140857, 0.513939, 0.51258177, 0.511546, 0.5112661, 0.50386584, 0.51044136, 0.5119397, 0.5100692, 0.5090824, 0.50726926, 0.50158215, 0.5097693, 0.507844, 0.51067245, 0.50988543, 0.5111432, 0.51011026, 0.5106378, 0.5122475, 0.508827, 0.5090311, 0.5089108, 0.5071936, 0.50358784, 0.5044719, 0.5076198, 0.507581, 0.5077326, 0.5076369, 0.5073221, 0.512975, 0.50863236, 0.5102407, 0.5092913, 0.5080452, 0.51212984, 0.5070169, 0.50512415, 0.50657946, 0.5089149, 0.5090927, 0.5078167, 0.51125324, 0.5079799, 0.5058857, 0.5049584, 0.50275505, 0.50276065, 0.5073318, 0.50846386, 0.5069352, 0.5110156, 0.5096121, 0.50990707, 0.50691503, 0.5061094, 0.51273775, 0.5060902, 0.50788647, 0.5026249, 0.50079256, 0.5066351, 0.50542104, 0.51186866, 0.5130204, 0.5132054, 0.5040215, 0.50579524, 0.5080521, 0.5123728, 0.5065666, 0.5069207, 0.5086685, 0.50905395, 0.50329554, 0.50970966, 0.50976795, 0.50193214, 0.5115558, 0.5106782, 0.5094584, 0.5079888, 0.5083939, 0.5103308, 0.51038474, 0.51320064, 0.50633186, 0.5106458, 0.50821346, 0.50896996, 0.51313543, 0.5113387, 0.51202595, 0.5107639, 0.510771, 0.506415, 0.5132833, 0.5116674, 0.51150316, 0.5135718, 0.51274365, 0.513457, 0.51154184, 0.5124839, 0.51080763, 0.51063514, 0.5111601, 0.5120317, 0.51260805, 0.5125669, 0.5123211, 0.51049995, 0.50255114, 0.5000627, 0.5073058, 0.51120687, 0.5101984, 0.5095941, 0.5129274, 0.5075829, 0.50673807, 0.5069593, 0.507841, 0.5084272, 0.5068093, 0.5103531, 0.5088673, 0.5062625, 0.51041305, 0.5095446, 0.50956875, 0.51014405, 0.5102147, 0.5073985, 0.510042, 0.50990945, 0.5088194, 0.5087465, 0.50925297, 0.5104065, 0.5086491, 0.50597286, 0.51052237, 0.506637, 0.5079731, 0.5066277, 0.5030866, 0.5073515, 0.5105618, 0.5116955, 0.51157093, 0.5023924, 0.50755143, 0.5088551, 0.5079878, 0.50831103, 0.51243085, 0.5095799, 0.5077978, 0.51071715, 0.5097483]
[0.50216734, 0.5059783, 0.50667137, 0.5050671, 0.5034539, 0.5024979, 0.503277, 0.50225335, 0.5029252, 0.50043464, 0.50111294, 0.50081086, 0.5013614, 0.50055563, 0.50326294, 0.5021488, 0.50043476, 0.50010926, 0.5104909, 0.510439, 0.51138085, 0.51228535, 0.5106756, 0.50915915, 0.50664014, 0.51041955, 0.5097144, 0.51014674, 0.5129796, 0.5105442, 0.51712066, 0.5064275, 0.515273, 0.5180498, 0.5023417, 0.50959367, 0.5108913, 0.5143311, 0.5058462, 0.5002695, 0.50185406, 0.5037126, 0.50406307, 0.5053003, 0.50661033, 0.50631857, 0.504525, 0.50059634, 0.5068848, 0.5016975, 0.5001726, 0.50143015, 0.5128461, 0.5019738, 0.50550795, 0.50630087, 0.50357515, 0.5013541, 0.5012667, 0.50104535, 0.508871, 0.50725436, 0.5006482, 0.5140145, 0.5127819, 0.51354533, 0.50874346, 0.5093567, 0.51649374, 0.5128748, 0.51208115, 0.5117086, 0.51050943, 0.50629765, 0.51548994, 0.516001, 0.51703984, 0.51238084, 0.51551634, 0.51152414, 0.5157118, 0.5164278, 0.51567686, 0.514277, 0.51260704, 0.51469326, 0.5120794, 0.5100976, 0.51357526, 0.5163093, 0.5121426, 0.5098645, 0.51687896, 0.51344407, 0.5123794, 0.5131139, 0.5151108, 0.5166408, 0.5140557, 0.5187523, 0.51663285, 0.5163591, 0.51626617, 0.51764274, 0.51736313, 0.5151027, 0.517728, 0.5172275, 0.5169552, 0.51490825, 0.5185259, 0.51690817, 0.515491, 0.5149937, 0.5053458, 0.5135365, 0.5160456, 0.5140898, 0.5122781, 0.5101552, 0.50285876, 0.5129853, 0.50963056, 0.5142714, 0.5136551, 0.5152458, 0.5136985, 0.51407975, 0.51688, 0.5126891, 0.5117206, 0.5111533, 0.50893116, 0.5037289, 0.504669, 0.5100535, 0.5094852, 0.50955915, 0.50993323, 0.50886697, 0.51725364, 0.51124793, 0.51396924, 0.51264185, 0.509811, 0.51634103, 0.50812703, 0.50646806, 0.5076201, 0.51140827, 0.5114719, 0.50966716, 0.5150838, 0.51018107, 0.5070799, 0.50575507, 0.5039551, 0.50376433, 0.5102759, 0.5102018, 0.5073079, 0.5146012, 0.5130955, 0.51234436, 0.508156, 0.50739324, 0.51717675, 0.5073974, 0.51032054, 0.50512195, 0.50105596, 0.50846994, 0.5084079, 0.5166279, 0.51749295, 0.5185423, 0.50421655, 0.50679857, 0.51021236, 0.5166626, 0.5090058, 0.50835556, 0.51137877, 0.5122095, 0.503591, 0.512988, 0.5129418, 0.50192624, 0.51534635, 0.5143905, 0.51228523, 0.50929344, 0.5110073, 0.5143117, 0.51394475, 0.5170866, 0.50791436, 0.5148769, 0.5112799, 0.5122149, 0.5177117, 0.5146272, 0.517307, 0.51445234, 0.51464474, 0.50818753, 0.51758003, 0.51539767, 0.5154288, 0.5191783, 0.5174385, 0.5183356, 0.5152356, 0.51684433, 0.5142034, 0.5147277, 0.5152581, 0.51678175, 0.51754606, 0.5169615, 0.5162942, 0.51379764, 0.501114, 0.5010279, 0.50905895, 0.5140903, 0.5132439, 0.5121954, 0.5173182, 0.5084644, 0.5073223, 0.5078104, 0.509035, 0.51021725, 0.5089644, 0.5136713, 0.5102698, 0.508007, 0.51413673, 0.51254404, 0.51265055, 0.5132779, 0.5130996, 0.51000875, 0.51344067, 0.51337105, 0.51136255, 0.5113946, 0.5125022, 0.51392514, 0.5113074, 0.5083366, 0.514232, 0.50772166, 0.510499, 0.50815165, 0.50461054, 0.50963783, 0.51451546, 0.51594037, 0.5155752, 0.50141776, 0.5097688, 0.51190144, 0.5099647, 0.5102381, 0.5169112, 0.5128227, 0.51003385, 0.51332885, 0.5128597]
[0.49977598, 0.5019343, 0.5022987, 0.5013955, 0.5005308, 0.5000204, 0.5006147, 0.50027406, 0.5007636, 0.5034822, 0.5036563, 0.50210786, 0.5003871, 0.50006247, 0.50263935, 0.5000793, 0.5012737, 0.50268656, 0.5118769, 0.5119053, 0.5130076, 0.5129595, 0.5105603, 0.5104379, 0.50888014, 0.51253957, 0.5105361, 0.5110995, 0.5136479, 0.51280254, 0.5172361, 0.50914305, 0.51570094, 0.51875645, 0.4997398, 0.5127491, 0.51293355, 0.5151099, 0.5075342, 0.50191504, 0.49975014, 0.5057933, 0.50147057, 0.50216734, 0.5026752, 0.5025429, 0.5014869, 0.50289816, 0.50943995, 0.5035625, 0.5016531, 0.49971834, 0.513827, 0.4999181, 0.50205183, 0.5025319, 0.5013685, 0.5004058, 0.49982196, 0.5020916, 0.51100874, 0.5103295, 0.50210375, 0.51420176, 0.51396716, 0.5134563, 0.50980324, 0.509509, 0.5178134, 0.51342803, 0.5135845, 0.51238585, 0.5104766, 0.5088942, 0.5157744, 0.5161071, 0.5176687, 0.51321894, 0.5162932, 0.5133863, 0.51642305, 0.5162379, 0.5162757, 0.51606023, 0.51356626, 0.51532125, 0.51342875, 0.5116524, 0.5143241, 0.5167974, 0.5137135, 0.5117297, 0.51665217, 0.5147704, 0.5138585, 0.5132364, 0.51589745, 0.5168381, 0.5151063, 0.51901895, 0.51773626, 0.5171176, 0.5169303, 0.5175985, 0.51887244, 0.5164458, 0.5179312, 0.5177449, 0.51743174, 0.5153474, 0.5190829, 0.5171062, 0.5166217, 0.51606417, 0.5079006, 0.5141587, 0.51597613, 0.5146673, 0.5132087, 0.5112353, 0.50680315, 0.51427966, 0.5115874, 0.5158636, 0.5146207, 0.51583797, 0.5146621, 0.51445913, 0.51739806, 0.51374805, 0.51331747, 0.5130888, 0.5096127, 0.50775284, 0.50803715, 0.51170045, 0.5112232, 0.5113987, 0.51160026, 0.5113861, 0.5179566, 0.51241726, 0.51422447, 0.5137499, 0.511429, 0.51719815, 0.51093704, 0.509302, 0.5101407, 0.5122627, 0.51316404, 0.50910985, 0.516417, 0.5116826, 0.509571, 0.509976, 0.5014185, 0.5014526, 0.5117263, 0.51197654, 0.509543, 0.5153497, 0.5138428, 0.51405287, 0.50782853, 0.50733256, 0.5172535, 0.50974256, 0.51230043, 0.509256, 0.5066535, 0.5109935, 0.5106136, 0.5164936, 0.5181023, 0.5189771, 0.5085348, 0.5097221, 0.51192707, 0.5171158, 0.51123774, 0.51027465, 0.511473, 0.5136321, 0.5076744, 0.51415, 0.513517, 0.50422084, 0.5158362, 0.5149763, 0.5136996, 0.5114912, 0.51253664, 0.5154636, 0.5155635, 0.5181066, 0.50941867, 0.5144705, 0.51227605, 0.5131201, 0.51742345, 0.51576465, 0.51770157, 0.51573575, 0.5162113, 0.5100499, 0.51784, 0.5158584, 0.5158573, 0.5192343, 0.518091, 0.5190497, 0.5163778, 0.51706576, 0.5157366, 0.51582336, 0.516501, 0.5177122, 0.51763546, 0.5171129, 0.5162562, 0.5152447, 0.50374335, 0.5012206, 0.5099846, 0.51490235, 0.51431835, 0.513013, 0.517924, 0.50965655, 0.5086743, 0.5096303, 0.5106517, 0.5116936, 0.5108878, 0.51468134, 0.5112178, 0.51089823, 0.5150834, 0.5140401, 0.5137659, 0.51369536, 0.51330674, 0.5126525, 0.515218, 0.51436687, 0.5127871, 0.51313704, 0.5142626, 0.51319975, 0.51189727, 0.5101609, 0.5151812, 0.509515, 0.5120324, 0.5101858, 0.50157547, 0.5116078, 0.5146559, 0.5156492, 0.5158626, 0.50618273, 0.5115266, 0.5133421, 0.51164955, 0.512224, 0.51768434, 0.51418084, 0.5113467, 0.5154176, 0.51407117]
[0.50157493, 0.504116, 0.5047084, 0.50325376, 0.501732, 0.50168407, 0.5014778, 0.5016477, 0.501552, 0.50278157, 0.50292987, 0.5029876, 0.50278455, 0.5026279, 0.5036196, 0.501814, 0.5024737, 0.50292206, 0.5047598, 0.5049115, 0.5052823, 0.5054907, 0.5049857, 0.504784, 0.50405693, 0.5048644, 0.50443953, 0.5046807, 0.5055465, 0.5049708, 0.5066368, 0.50418806, 0.50609034, 0.50705713, 0.50167966, 0.50480074, 0.50530565, 0.5060077, 0.50412303, 0.50254756, 0.5017672, 0.5033331, 0.50244117, 0.50366884, 0.50440466, 0.5041917, 0.5023183, 0.5027129, 0.50413966, 0.50310093, 0.50263774, 0.5017954, 0.505348, 0.5017462, 0.50341636, 0.5041929, 0.50253344, 0.5021859, 0.5021899, 0.5029407, 0.5044637, 0.5039887, 0.50283545, 0.5058463, 0.5054715, 0.5056435, 0.5045734, 0.5046613, 0.5063909, 0.50534105, 0.5053207, 0.50533074, 0.50515705, 0.5037392, 0.50634426, 0.506416, 0.50683004, 0.5053791, 0.5062395, 0.50513303, 0.5062552, 0.5064459, 0.5064006, 0.50601923, 0.505377, 0.5059222, 0.50522226, 0.50462973, 0.50556016, 0.50655586, 0.5054606, 0.5049072, 0.50666994, 0.5058214, 0.5054868, 0.5056818, 0.5062421, 0.5065514, 0.50590146, 0.5071622, 0.506675, 0.5064844, 0.5063539, 0.50675, 0.5067379, 0.506158, 0.5066785, 0.50671613, 0.5065846, 0.50617564, 0.5070588, 0.5067352, 0.50613636, 0.5060881, 0.50373924, 0.5058898, 0.50647813, 0.5059096, 0.5053854, 0.5049609, 0.5032409, 0.5057437, 0.5048238, 0.50593245, 0.50547326, 0.5061886, 0.5057713, 0.5058831, 0.50658786, 0.50530607, 0.50555253, 0.50540036, 0.5042882, 0.50364923, 0.5038488, 0.50477195, 0.5047361, 0.5048397, 0.5049133, 0.50479054, 0.5067619, 0.505247, 0.50578904, 0.5055142, 0.50482094, 0.50663334, 0.50459415, 0.50417006, 0.5043313, 0.50518376, 0.5053206, 0.5047974, 0.5061324, 0.50468457, 0.50393754, 0.50406873, 0.5027744, 0.5028524, 0.50471395, 0.50469655, 0.5043081, 0.5060577, 0.50556254, 0.50547254, 0.50427336, 0.50417536, 0.5066432, 0.50421894, 0.50494087, 0.5033619, 0.502448, 0.5045209, 0.50451565, 0.5066009, 0.50683594, 0.50698906, 0.5036764, 0.50413936, 0.5049133, 0.5065942, 0.50479025, 0.5043279, 0.5050501, 0.50530374, 0.5035041, 0.50568795, 0.505457, 0.5030187, 0.50629526, 0.50603145, 0.50548106, 0.50482917, 0.5052121, 0.50587523, 0.5058781, 0.50657934, 0.5044349, 0.50611943, 0.5051159, 0.50531536, 0.50680834, 0.5060157, 0.50645095, 0.5059956, 0.50620055, 0.5044925, 0.50677025, 0.5062064, 0.50623703, 0.50725067, 0.50676894, 0.50699925, 0.50626534, 0.5064809, 0.505893, 0.5059709, 0.5060024, 0.506703, 0.50702405, 0.50657976, 0.5063259, 0.50550264, 0.5029898, 0.5025835, 0.50476265, 0.5057982, 0.50562006, 0.505274, 0.50685954, 0.50442094, 0.50426316, 0.50435984, 0.5045445, 0.5048776, 0.50452334, 0.50570685, 0.50485307, 0.50432813, 0.5061128, 0.5053406, 0.50530934, 0.50543946, 0.5055755, 0.5049049, 0.5056899, 0.5056761, 0.5051572, 0.5049986, 0.5052981, 0.5053802, 0.5050354, 0.5043568, 0.5058466, 0.5046409, 0.5048741, 0.5043447, 0.50230396, 0.50484675, 0.5060193, 0.5062964, 0.5062998, 0.5030577, 0.5048739, 0.5051044, 0.5048722, 0.5050607, 0.50673807, 0.505562, 0.504779, 0.5058395, 0.50543743]
[0.5031805, 0.50605905, 0.50669754, 0.50438434, 0.5035455, 0.50223595, 0.5029539, 0.5020244, 0.502303, 0.5021966, 0.50088096, 0.5010129, 0.5021175, 0.5022672, 0.50062066, 0.50255436, 0.5009174, 0.50072163, 0.5097846, 0.5094126, 0.5101005, 0.5100492, 0.5077836, 0.50723463, 0.5050704, 0.51055455, 0.509442, 0.5096581, 0.51136816, 0.5085839, 0.5143501, 0.5053792, 0.5134641, 0.5150445, 0.50164115, 0.51042587, 0.5101891, 0.51233524, 0.50233525, 0.5013952, 0.5007223, 0.5028606, 0.5046048, 0.505684, 0.50675595, 0.50640774, 0.50489247, 0.5012799, 0.5080532, 0.50110567, 0.5019835, 0.5011776, 0.5114138, 0.50202936, 0.50554067, 0.50629306, 0.50312597, 0.5017951, 0.5016389, 0.5007437, 0.50844604, 0.509426, 0.5005512, 0.5119676, 0.51107186, 0.51073116, 0.50657415, 0.5070375, 0.51404184, 0.5106803, 0.510401, 0.5093647, 0.50747293, 0.5067474, 0.512908, 0.5132241, 0.51350117, 0.51072305, 0.51306266, 0.5100121, 0.5128116, 0.51345384, 0.51307327, 0.5126559, 0.5108891, 0.5127982, 0.5107062, 0.5092104, 0.5114477, 0.5136277, 0.5101307, 0.50792277, 0.5133791, 0.5117804, 0.51059055, 0.5097468, 0.5130184, 0.5141956, 0.51231337, 0.51575315, 0.5140105, 0.5138267, 0.5136805, 0.5149177, 0.51542705, 0.5130908, 0.51466304, 0.5144365, 0.5141385, 0.5125228, 0.51558864, 0.5139378, 0.5133055, 0.5129207, 0.5046286, 0.51119787, 0.5123635, 0.51256406, 0.5103252, 0.5070513, 0.50338995, 0.51110595, 0.5084081, 0.5133023, 0.51235557, 0.5132008, 0.51144207, 0.5121712, 0.51389104, 0.5105462, 0.5102752, 0.5095799, 0.50831264, 0.5045117, 0.5044625, 0.5093881, 0.5088316, 0.5087931, 0.50897056, 0.50880265, 0.5151552, 0.50963753, 0.51266134, 0.51123405, 0.508358, 0.5140484, 0.5079422, 0.50604606, 0.50669795, 0.5100321, 0.51093495, 0.5064029, 0.51301354, 0.5090251, 0.5070552, 0.5058502, 0.5053155, 0.50475574, 0.50841814, 0.50867575, 0.50697154, 0.51238436, 0.5112154, 0.5108903, 0.5029638, 0.502145, 0.5140763, 0.50591063, 0.5096547, 0.50862056, 0.50540745, 0.5079286, 0.507247, 0.5131054, 0.5142798, 0.51595116, 0.506061, 0.5073661, 0.5096946, 0.51330024, 0.5079973, 0.5060256, 0.50806975, 0.51051974, 0.50458926, 0.5109467, 0.5106273, 0.502485, 0.5130745, 0.51234984, 0.5107271, 0.5083988, 0.5094612, 0.5123402, 0.51243854, 0.5151943, 0.5060643, 0.5121575, 0.5103762, 0.5109311, 0.51426846, 0.51270354, 0.5146041, 0.5125509, 0.5128889, 0.5057219, 0.5149128, 0.51388204, 0.51322675, 0.516371, 0.51527375, 0.5159241, 0.51284426, 0.5142598, 0.5126979, 0.51281583, 0.51283365, 0.5135752, 0.5138039, 0.51387703, 0.5141131, 0.51260954, 0.50126565, 0.5009625, 0.50635576, 0.5117153, 0.51076317, 0.5092817, 0.5144482, 0.5068926, 0.5064123, 0.50666845, 0.50845104, 0.50945514, 0.5078385, 0.5118957, 0.50826526, 0.5071863, 0.5113232, 0.51185524, 0.51207143, 0.5120366, 0.5116869, 0.50945807, 0.51186323, 0.5113481, 0.5103951, 0.51082444, 0.5112016, 0.51148313, 0.5097619, 0.50677294, 0.51241636, 0.50704235, 0.5088656, 0.50689095, 0.50427055, 0.50753176, 0.51132834, 0.5123482, 0.5127218, 0.504745, 0.5098578, 0.509911, 0.50900745, 0.5102227, 0.5143001, 0.51151264, 0.5079076, 0.5121083, 0.5111188]
[0.50188786, 0.5049157, 0.50530314, 0.50366926, 0.50222045, 0.5019652, 0.5023242, 0.5019274, 0.5019737, 0.503236, 0.5029984, 0.5030263, 0.5027569, 0.5023119, 0.5035171, 0.50172615, 0.50236976, 0.5029925, 0.5063356, 0.50644886, 0.50684065, 0.5068199, 0.50610447, 0.50593895, 0.50495374, 0.50671047, 0.50631106, 0.5065145, 0.5073224, 0.50639224, 0.5080208, 0.5050407, 0.50794894, 0.50857985, 0.5020265, 0.5064917, 0.50661683, 0.50743866, 0.5043026, 0.5025596, 0.5021168, 0.5037423, 0.50402516, 0.50494707, 0.505916, 0.5054954, 0.50373536, 0.5027112, 0.5056082, 0.5032235, 0.5027496, 0.5020239, 0.5072727, 0.5018679, 0.50443316, 0.50528455, 0.50302786, 0.5024194, 0.50225997, 0.50330573, 0.50605655, 0.5060261, 0.5030737, 0.5072567, 0.5068293, 0.50714624, 0.5056021, 0.5055772, 0.5082261, 0.5066058, 0.506737, 0.5066648, 0.50628704, 0.50565183, 0.50788504, 0.5080578, 0.50823593, 0.5070281, 0.507939, 0.506612, 0.5078486, 0.5077693, 0.50789374, 0.50754416, 0.5071957, 0.5074889, 0.5067546, 0.5062652, 0.5070357, 0.5081268, 0.50678873, 0.5060795, 0.5081112, 0.50719833, 0.5067285, 0.50703937, 0.5078507, 0.5081014, 0.50746256, 0.50879884, 0.5080698, 0.50799626, 0.5080526, 0.5084232, 0.50849485, 0.5077481, 0.5082871, 0.5081965, 0.508133, 0.5075266, 0.50862676, 0.50826, 0.5077326, 0.5077559, 0.5046208, 0.50734615, 0.5079207, 0.5077658, 0.5069103, 0.5060194, 0.50436807, 0.50721574, 0.5061402, 0.5075339, 0.5071957, 0.5077051, 0.5070971, 0.50745106, 0.508059, 0.506919, 0.50696164, 0.50666225, 0.50592536, 0.5044281, 0.5047219, 0.5062251, 0.5062779, 0.5063529, 0.5063242, 0.5061813, 0.50840795, 0.5065869, 0.50758475, 0.50719887, 0.5061367, 0.5081351, 0.5058675, 0.5050776, 0.50555056, 0.506763, 0.50685114, 0.5057021, 0.50752205, 0.50599474, 0.50512075, 0.5051983, 0.503776, 0.5039916, 0.5061812, 0.5059833, 0.5055324, 0.50762635, 0.50705075, 0.50688934, 0.5053006, 0.5049755, 0.50837624, 0.50499254, 0.5066851, 0.50531495, 0.5039579, 0.50604326, 0.5057064, 0.5080306, 0.5082421, 0.5087778, 0.5049183, 0.5055436, 0.5065369, 0.5082185, 0.5063402, 0.5047869, 0.50619096, 0.5068079, 0.50472414, 0.50702727, 0.5069023, 0.5035504, 0.50778, 0.507706, 0.5070429, 0.5062004, 0.5064704, 0.5075932, 0.5074473, 0.5083116, 0.50544584, 0.50754035, 0.50666225, 0.50690365, 0.5084897, 0.5075359, 0.5083122, 0.5076158, 0.5076244, 0.5056169, 0.5083811, 0.5078558, 0.5075872, 0.5090534, 0.50843734, 0.5087835, 0.50785977, 0.50833726, 0.50748795, 0.5076255, 0.5076058, 0.50788206, 0.5083432, 0.5081548, 0.507914, 0.50759286, 0.50333744, 0.5027182, 0.50555265, 0.5074148, 0.5069407, 0.50663316, 0.50831324, 0.5054358, 0.50535834, 0.50560594, 0.5059496, 0.50630456, 0.50598735, 0.50729674, 0.5061204, 0.50582963, 0.5074699, 0.50708914, 0.5070948, 0.50713336, 0.50699407, 0.506337, 0.5072207, 0.50718397, 0.5066933, 0.50670797, 0.5068812, 0.50715035, 0.5065542, 0.50563604, 0.5074561, 0.5059705, 0.506219, 0.5053545, 0.5040744, 0.50599754, 0.50752383, 0.5080203, 0.50789654, 0.5042899, 0.5065082, 0.5067648, 0.5061071, 0.50660235, 0.5081853, 0.5072438, 0.50615317, 0.50736004, 0.5067513]
[0.5037763, 0.50743526, 0.50833553, 0.50617737, 0.50428885, 0.5025752, 0.5034576, 0.50293463, 0.5032379, 0.50152147, 0.5011638, 0.5013557, 0.5013553, 0.5013929, 0.5016722, 0.50259376, 0.50157493, 0.5014575, 0.5062887, 0.5066654, 0.50692236, 0.5069943, 0.5066249, 0.50609654, 0.50372475, 0.5066138, 0.5061747, 0.50619453, 0.5077698, 0.5068504, 0.5096001, 0.50443536, 0.5083744, 0.5101402, 0.50244176, 0.50634843, 0.5069355, 0.5079926, 0.50376534, 0.50114787, 0.5021951, 0.5021977, 0.5055915, 0.5069675, 0.5079892, 0.5075788, 0.50527626, 0.50127715, 0.5049564, 0.5014459, 0.50125176, 0.5020457, 0.5074426, 0.5026527, 0.5068001, 0.5075165, 0.5052219, 0.5019551, 0.502237, 0.50131613, 0.5056506, 0.5048392, 0.5011227, 0.5079523, 0.5077467, 0.5075916, 0.5046361, 0.5053906, 0.5095161, 0.5076881, 0.5073705, 0.50744325, 0.5062365, 0.50423497, 0.50888026, 0.5092168, 0.5095181, 0.5071324, 0.5085843, 0.506944, 0.50903136, 0.5094794, 0.50913495, 0.50868225, 0.50748056, 0.50834364, 0.5069758, 0.50588024, 0.50824106, 0.5092281, 0.5073887, 0.506316, 0.5090983, 0.50789404, 0.5075044, 0.5076394, 0.5086113, 0.50930995, 0.5084579, 0.5101788, 0.50940275, 0.5091998, 0.5091036, 0.5099263, 0.5099378, 0.50876576, 0.5097894, 0.5095935, 0.5094871, 0.50861394, 0.5103916, 0.50931764, 0.50869787, 0.508607, 0.5037465, 0.50812143, 0.5091757, 0.50814706, 0.5074468, 0.50629365, 0.50211996, 0.50776297, 0.5060421, 0.5081151, 0.507653, 0.50906336, 0.5081846, 0.5080501, 0.5093359, 0.5075135, 0.50711125, 0.5069293, 0.50532156, 0.5030556, 0.5034527, 0.5064067, 0.50635296, 0.5063722, 0.5063147, 0.5059363, 0.5095612, 0.50698835, 0.5082094, 0.5077059, 0.50607216, 0.5092291, 0.5051868, 0.5034124, 0.5048992, 0.50684506, 0.5072305, 0.5059531, 0.5087776, 0.50602126, 0.504555, 0.5044191, 0.50543225, 0.50519055, 0.50652236, 0.50646675, 0.5052489, 0.5086661, 0.5078115, 0.50745344, 0.5043711, 0.5039289, 0.50936484, 0.50412875, 0.5066515, 0.50385743, 0.5022376, 0.50614655, 0.5056024, 0.50961, 0.51003027, 0.5102203, 0.50395924, 0.505204, 0.50657994, 0.50956017, 0.5054349, 0.5042409, 0.50664234, 0.5075501, 0.5031725, 0.5078914, 0.5079402, 0.5019219, 0.508718, 0.50850606, 0.5076876, 0.5062405, 0.5068001, 0.5084336, 0.50820804, 0.5095728, 0.5048598, 0.50858855, 0.50705373, 0.5074197, 0.5098472, 0.50850725, 0.5097037, 0.50852436, 0.5086155, 0.50528616, 0.5100269, 0.50859356, 0.5088341, 0.5110059, 0.5099503, 0.5102769, 0.50911814, 0.50950277, 0.5083472, 0.50853306, 0.5089749, 0.5098135, 0.5102996, 0.5094379, 0.50902313, 0.5081629, 0.50124687, 0.5023017, 0.5055465, 0.50826156, 0.50766826, 0.5072717, 0.5098024, 0.5044014, 0.5041589, 0.50450444, 0.50573045, 0.5064027, 0.5059014, 0.508022, 0.5060823, 0.5054317, 0.50816596, 0.50762296, 0.50744814, 0.5075826, 0.50752395, 0.5069791, 0.50831246, 0.50786895, 0.5067046, 0.5071473, 0.5077001, 0.50788844, 0.50658876, 0.5049545, 0.50839794, 0.50504094, 0.50656843, 0.5055605, 0.50612515, 0.5059599, 0.5079207, 0.50842524, 0.5087339, 0.5015915, 0.50622636, 0.50718737, 0.50660926, 0.50659204, 0.509894, 0.5076261, 0.5059277, 0.5081023, 0.50743526]
[0.5003652, 0.50326467, 0.50385183, 0.5026775, 0.50158566, 0.5004242, 0.50104713, 0.50019336, 0.5006849, 0.5011559, 0.5011932, 0.50283825, 0.5024264, 0.50152004, 0.5042563, 0.50042677, 0.49985412, 0.5017202, 0.5103816, 0.51045954, 0.51118684, 0.51132435, 0.5094042, 0.50902784, 0.5074702, 0.5108073, 0.5099051, 0.5100641, 0.5124281, 0.51046115, 0.51573265, 0.5070356, 0.5143146, 0.5167892, 0.5001727, 0.5103938, 0.51138437, 0.5132331, 0.5050769, 0.5003202, 0.49973527, 0.5032513, 0.5023043, 0.50291157, 0.5036668, 0.50343406, 0.5020393, 0.50028604, 0.5072617, 0.5040942, 0.5020499, 0.4997194, 0.51226425, 0.50041467, 0.50277036, 0.5034445, 0.50228363, 0.49958545, 0.49943006, 0.5013129, 0.50898623, 0.508245, 0.5015619, 0.513073, 0.51160616, 0.51304704, 0.50900614, 0.50903064, 0.51564693, 0.5117436, 0.51159906, 0.51210463, 0.5103526, 0.50739396, 0.51501465, 0.5153547, 0.5158695, 0.51169336, 0.5146422, 0.5114936, 0.51418877, 0.51496863, 0.5147526, 0.5135587, 0.5121261, 0.5137024, 0.51179814, 0.5100254, 0.5124182, 0.51508784, 0.5120109, 0.5098106, 0.51529473, 0.51286095, 0.51182985, 0.51212347, 0.51421916, 0.5151756, 0.51329607, 0.5174617, 0.5153925, 0.5151619, 0.5149945, 0.5160094, 0.5160187, 0.5143451, 0.51552, 0.5156811, 0.5154387, 0.51394355, 0.51719975, 0.5158665, 0.5147245, 0.5140372, 0.50514865, 0.51302665, 0.514947, 0.5135374, 0.51184916, 0.5094228, 0.5038641, 0.51254064, 0.5103045, 0.5130379, 0.5125416, 0.5139771, 0.51277804, 0.5132606, 0.51533514, 0.5113739, 0.51154554, 0.5108217, 0.50898397, 0.5048472, 0.505806, 0.50981766, 0.50974363, 0.5098478, 0.5096531, 0.50935334, 0.5162462, 0.5110888, 0.5131573, 0.51219285, 0.5100103, 0.5152745, 0.50903994, 0.5070166, 0.50860614, 0.5111241, 0.51184726, 0.5099659, 0.5136743, 0.51009923, 0.5080881, 0.50642186, 0.5017991, 0.5019846, 0.5095362, 0.51042193, 0.50919515, 0.5136392, 0.5120415, 0.51209635, 0.5088973, 0.5079468, 0.5159175, 0.50722086, 0.5106925, 0.5060184, 0.50227267, 0.50884414, 0.50850064, 0.5150436, 0.5161923, 0.51691276, 0.5062711, 0.50808805, 0.5101613, 0.5150061, 0.5093722, 0.507311, 0.5096123, 0.5115699, 0.5044435, 0.5123582, 0.5123428, 0.50211096, 0.51450306, 0.51384515, 0.5120924, 0.51022524, 0.5109493, 0.51357496, 0.51347184, 0.5162468, 0.50799274, 0.5133482, 0.5108791, 0.51172763, 0.5160827, 0.5139802, 0.515469, 0.5137835, 0.5135939, 0.50813293, 0.51657546, 0.5142896, 0.5143176, 0.51732904, 0.5164072, 0.51714027, 0.5148083, 0.515914, 0.51381516, 0.5140042, 0.51385546, 0.51495135, 0.51577264, 0.515549, 0.5155006, 0.51348746, 0.50303304, 0.5001599, 0.50907576, 0.5136543, 0.5120401, 0.51106423, 0.5159831, 0.5083939, 0.50801075, 0.50805753, 0.5090601, 0.51010346, 0.50911045, 0.51296926, 0.51000506, 0.5085927, 0.5130044, 0.51248765, 0.51233584, 0.5126825, 0.5125141, 0.510585, 0.5127635, 0.512337, 0.5111033, 0.5113272, 0.5119227, 0.5126479, 0.5110117, 0.5084314, 0.51315856, 0.5083777, 0.5100489, 0.5081663, 0.5019788, 0.50985146, 0.5135198, 0.5141629, 0.51474905, 0.5028465, 0.5097274, 0.51095104, 0.5099684, 0.51142365, 0.5154038, 0.51237535, 0.50987345, 0.51347685, 0.512048]
[0.5026554, 0.50642323, 0.5073255, 0.5051707, 0.50361043, 0.50156796, 0.5025195, 0.501577, 0.5023411, 0.50207365, 0.5021931, 0.50243783, 0.50143796, 0.50142807, 0.5030346, 0.5014643, 0.500521, 0.50186926, 0.5086927, 0.508845, 0.5091191, 0.5097897, 0.50869167, 0.5077745, 0.5063629, 0.50921094, 0.5084559, 0.50863236, 0.5104886, 0.5083604, 0.51331246, 0.5061084, 0.5121074, 0.51370794, 0.5016168, 0.50870353, 0.50944495, 0.5111593, 0.5037568, 0.5009573, 0.50126135, 0.5037522, 0.50390154, 0.50522894, 0.5061347, 0.50598896, 0.50397474, 0.5013456, 0.50710297, 0.50253546, 0.50096047, 0.50088936, 0.5104015, 0.50185, 0.50515425, 0.5060093, 0.50377506, 0.5007866, 0.50053686, 0.50155824, 0.50780654, 0.5067957, 0.50133675, 0.51157385, 0.51057905, 0.51027083, 0.50738853, 0.5078362, 0.5122784, 0.50980115, 0.5098283, 0.50952595, 0.50877655, 0.5065097, 0.51197124, 0.512493, 0.5125234, 0.50986725, 0.5119262, 0.50949234, 0.5121364, 0.51271886, 0.5122068, 0.5114595, 0.5099601, 0.51147515, 0.5095157, 0.50818753, 0.51050276, 0.5125338, 0.5099821, 0.5082787, 0.51259094, 0.5110542, 0.5101861, 0.50995576, 0.5116296, 0.5130252, 0.51142067, 0.51449674, 0.5129986, 0.51248866, 0.5124563, 0.5135164, 0.51359236, 0.5117511, 0.5132748, 0.51342833, 0.51321745, 0.5118702, 0.5144074, 0.51298076, 0.5120799, 0.51133835, 0.50543296, 0.5103168, 0.5120348, 0.51151776, 0.51003385, 0.50737065, 0.5026769, 0.5105192, 0.5083699, 0.51183665, 0.51109385, 0.5121315, 0.5108569, 0.51128656, 0.5127265, 0.5095571, 0.50949484, 0.50918853, 0.50783557, 0.50381184, 0.5049521, 0.50863117, 0.5081984, 0.5086004, 0.5083685, 0.5079469, 0.5132883, 0.50923747, 0.5111233, 0.51053196, 0.5081871, 0.5127669, 0.5071228, 0.5055842, 0.50694686, 0.5095484, 0.5099871, 0.50809187, 0.51195204, 0.5086341, 0.5069238, 0.5061572, 0.5037049, 0.5037174, 0.5082116, 0.50889945, 0.5074422, 0.51121825, 0.51036173, 0.51043904, 0.50501096, 0.5048173, 0.5129633, 0.506309, 0.50894636, 0.50636595, 0.50346464, 0.50748545, 0.5065293, 0.51244277, 0.51326394, 0.5136368, 0.5055755, 0.5070433, 0.50909597, 0.51277703, 0.5072645, 0.5068811, 0.5088481, 0.5098377, 0.5048475, 0.51045555, 0.5106623, 0.50263846, 0.5119822, 0.5111676, 0.5097362, 0.5082251, 0.50931156, 0.511157, 0.5110609, 0.5133777, 0.5068203, 0.51155645, 0.5093686, 0.5100467, 0.5132948, 0.51168084, 0.51297027, 0.5116482, 0.51183736, 0.5063914, 0.5137628, 0.51232827, 0.5121415, 0.5144216, 0.5137119, 0.5137778, 0.5121817, 0.51292396, 0.51126647, 0.5115151, 0.5115229, 0.5129629, 0.5128821, 0.5127012, 0.5128801, 0.511075, 0.5015897, 0.5005791, 0.507539, 0.5112109, 0.5101725, 0.50980544, 0.51324916, 0.5071526, 0.5069998, 0.5074012, 0.5080254, 0.50897634, 0.50789183, 0.5108, 0.50857663, 0.5073881, 0.5108044, 0.5105947, 0.5107026, 0.51099813, 0.51077306, 0.5086909, 0.5108905, 0.5105246, 0.50914514, 0.50931174, 0.51006484, 0.5108252, 0.5093522, 0.5066544, 0.5115605, 0.50696933, 0.508439, 0.5070069, 0.50387293, 0.5072253, 0.51092887, 0.5114594, 0.51183015, 0.50343925, 0.5085924, 0.50927633, 0.5082958, 0.50933295, 0.51321465, 0.5104267, 0.50850916, 0.5110847, 0.5106467]
[0.50107706, 0.5053289, 0.50642073, 0.5046912, 0.50291014, 0.5014075, 0.5026882, 0.50049794, 0.5010145, 0.5028067, 0.50207794, 0.50373685, 0.5039298, 0.50216, 0.5044824, 0.5026673, 0.5016595, 0.502028, 0.5081368, 0.50800633, 0.5086701, 0.50884885, 0.5073512, 0.50706714, 0.5063399, 0.50850743, 0.5079379, 0.5079871, 0.5093553, 0.50759506, 0.5111939, 0.5058372, 0.51067185, 0.5118078, 0.5009679, 0.5080577, 0.5085944, 0.5097893, 0.50431603, 0.5013642, 0.5009467, 0.504746, 0.5040933, 0.5056325, 0.5072117, 0.50703406, 0.50490934, 0.502498, 0.5063927, 0.5047826, 0.50333816, 0.5006597, 0.50976586, 0.50178117, 0.5067111, 0.5075559, 0.5045843, 0.5013731, 0.5012602, 0.5033537, 0.5073555, 0.5070938, 0.5027812, 0.50939035, 0.5083248, 0.50966, 0.5074692, 0.5071769, 0.5110356, 0.5082945, 0.50809336, 0.50862205, 0.5077851, 0.5060442, 0.51072603, 0.51102823, 0.5114563, 0.5092067, 0.5107825, 0.50812405, 0.5104651, 0.5104429, 0.5106427, 0.50998527, 0.5093562, 0.5102288, 0.5091876, 0.50836045, 0.5087384, 0.51068985, 0.5087241, 0.5072129, 0.51107305, 0.5093152, 0.5087443, 0.5086752, 0.51052463, 0.51071715, 0.5097564, 0.5126292, 0.5111315, 0.51120204, 0.5111498, 0.5114308, 0.5115036, 0.51040745, 0.5110389, 0.5113164, 0.511088, 0.5099999, 0.51224804, 0.5112118, 0.51043135, 0.50993764, 0.5040034, 0.5096689, 0.51049685, 0.5099304, 0.5090091, 0.5069645, 0.5044918, 0.5095012, 0.5076003, 0.50956553, 0.5089215, 0.510516, 0.5092498, 0.50980496, 0.5110584, 0.50867873, 0.5085746, 0.50839674, 0.5075303, 0.5049192, 0.50519866, 0.5078056, 0.5078163, 0.50758487, 0.50761575, 0.50744194, 0.5118169, 0.50812143, 0.5099164, 0.5090627, 0.50780034, 0.5111714, 0.5071169, 0.50608826, 0.5065384, 0.5085652, 0.50850654, 0.5068071, 0.5096365, 0.5075441, 0.50630677, 0.5056109, 0.5056394, 0.5050962, 0.5072795, 0.5076944, 0.5069592, 0.5100406, 0.50881344, 0.5088942, 0.50638473, 0.50622344, 0.5115734, 0.50548947, 0.50838864, 0.5061363, 0.5029998, 0.50733846, 0.50668395, 0.5101852, 0.5114306, 0.5123374, 0.50551534, 0.5066554, 0.5081258, 0.5109157, 0.50759494, 0.50604826, 0.5073708, 0.5085, 0.50491166, 0.509022, 0.5086163, 0.5028758, 0.51049453, 0.5102105, 0.50913644, 0.50787526, 0.50808567, 0.5098724, 0.50989896, 0.5115643, 0.50636184, 0.5096693, 0.5082123, 0.5087877, 0.5116352, 0.5102372, 0.51115483, 0.510106, 0.5099404, 0.5066243, 0.51157284, 0.5104279, 0.5103526, 0.5122564, 0.511198, 0.5123128, 0.5103638, 0.5112526, 0.51004696, 0.51026165, 0.5097643, 0.51032925, 0.5109764, 0.5107839, 0.5107417, 0.50979793, 0.50393003, 0.5019218, 0.50617385, 0.50982267, 0.5085584, 0.50828195, 0.511667, 0.50732964, 0.5067718, 0.5068539, 0.50746185, 0.50798637, 0.50757354, 0.5095676, 0.50776017, 0.5065932, 0.50943476, 0.50937414, 0.5092293, 0.50934273, 0.50921446, 0.50763947, 0.50918514, 0.5092939, 0.5088883, 0.5088987, 0.50881624, 0.5093953, 0.50846314, 0.50632846, 0.5096536, 0.5072815, 0.5072419, 0.5060643, 0.50361633, 0.50666565, 0.50933707, 0.510778, 0.51069635, 0.5047924, 0.5078445, 0.50813293, 0.5076753, 0.50862026, 0.51108485, 0.50918543, 0.50786567, 0.50964576, 0.5087942]
[0.5018516, 0.506092, 0.5069807, 0.5049764, 0.5036469, 0.50192493, 0.50294703, 0.50191987, 0.5026922, 0.5025693, 0.5026855, 0.5024221, 0.5021082, 0.5015839, 0.50291973, 0.5021423, 0.501853, 0.5020193, 0.5070103, 0.50696653, 0.507635, 0.5074396, 0.5061217, 0.5059961, 0.50514627, 0.5073599, 0.50654715, 0.5065007, 0.5079503, 0.5070959, 0.5094482, 0.50504047, 0.5088586, 0.51027936, 0.50155425, 0.5073135, 0.5073872, 0.50854045, 0.5039678, 0.5020069, 0.50157773, 0.50339353, 0.50485617, 0.5062383, 0.50738037, 0.5070949, 0.50452644, 0.50177485, 0.5054779, 0.503188, 0.5022608, 0.50119084, 0.50801474, 0.50198823, 0.50632954, 0.50704706, 0.5042999, 0.50140566, 0.50118166, 0.50213814, 0.50638795, 0.50589293, 0.50218666, 0.50808644, 0.5078209, 0.5078145, 0.50589144, 0.5058856, 0.50981283, 0.5074841, 0.5074654, 0.5075814, 0.50648683, 0.5053522, 0.5090102, 0.5092056, 0.5095825, 0.5076775, 0.5089268, 0.5075913, 0.5089899, 0.5090591, 0.50910974, 0.5086956, 0.5077933, 0.5085677, 0.5077661, 0.5068892, 0.5079634, 0.5093684, 0.5075976, 0.5064193, 0.5094959, 0.50809467, 0.5077744, 0.5076919, 0.509025, 0.5090474, 0.5084366, 0.5103851, 0.5096933, 0.50935423, 0.5094196, 0.50968015, 0.5099058, 0.50889695, 0.5097462, 0.50963867, 0.5095676, 0.5087136, 0.5103189, 0.50941813, 0.50908124, 0.5089523, 0.50415, 0.50795513, 0.50888574, 0.50833195, 0.5075294, 0.5063506, 0.50398654, 0.5081034, 0.50652295, 0.50866884, 0.508268, 0.50867736, 0.5081593, 0.50812554, 0.50945014, 0.5075846, 0.5077334, 0.5074334, 0.50642663, 0.504333, 0.5046067, 0.5063512, 0.5064774, 0.5066264, 0.50678146, 0.50650537, 0.50983006, 0.5071251, 0.5083185, 0.50788456, 0.50661784, 0.50937074, 0.5062774, 0.5050398, 0.50599265, 0.50734234, 0.50757897, 0.5060189, 0.50872564, 0.5064269, 0.505044, 0.5052456, 0.5046871, 0.5046505, 0.50652426, 0.50675535, 0.5056776, 0.5084083, 0.5076499, 0.50774825, 0.50563675, 0.50513995, 0.5096798, 0.5054986, 0.50738174, 0.50512767, 0.503783, 0.5062896, 0.5056271, 0.5090665, 0.50978655, 0.51040983, 0.5043278, 0.5054531, 0.5067101, 0.5092426, 0.50674295, 0.505587, 0.50654864, 0.5074645, 0.5040535, 0.5077517, 0.5077416, 0.50311536, 0.5088409, 0.50865597, 0.5078731, 0.50667644, 0.50703585, 0.50848997, 0.50862455, 0.5098653, 0.505399, 0.50817764, 0.5071887, 0.5076226, 0.5096486, 0.50880164, 0.5095405, 0.5085896, 0.5088967, 0.50572574, 0.50982213, 0.5088991, 0.5088436, 0.51040256, 0.5098571, 0.51029146, 0.50893426, 0.5095061, 0.50877917, 0.50886685, 0.5089751, 0.5091915, 0.50946873, 0.50936276, 0.5090276, 0.50860596, 0.50274783, 0.5019318, 0.50589454, 0.50841737, 0.50796974, 0.50748336, 0.5098332, 0.5055378, 0.5055334, 0.5057442, 0.50630945, 0.5068116, 0.5060842, 0.5083929, 0.50677466, 0.50579804, 0.50852364, 0.50799733, 0.5077351, 0.50782526, 0.50783086, 0.5068243, 0.508218, 0.50785375, 0.50723237, 0.5074204, 0.50774705, 0.50801253, 0.50684917, 0.50620574, 0.5084021, 0.5056227, 0.50666803, 0.505516, 0.5046729, 0.5066139, 0.5083535, 0.50873977, 0.50904614, 0.5032532, 0.50655717, 0.507176, 0.5064042, 0.50753045, 0.50962234, 0.50810254, 0.50661665, 0.5084481, 0.5077828]
[0.5029258, 0.505654, 0.5064637, 0.504804, 0.5035518, 0.50212514, 0.5027522, 0.5022901, 0.5029376, 0.5000983, 0.5005558, 0.5001313, 0.5005719, 0.5004413, 0.5015375, 0.502353, 0.5014264, 0.50016147, 0.5086906, 0.50855446, 0.5093379, 0.50945437, 0.5084379, 0.5072405, 0.50459296, 0.5087495, 0.5077213, 0.50789565, 0.51080674, 0.5090074, 0.51402104, 0.50532514, 0.5120493, 0.51475286, 0.50227976, 0.50877035, 0.5098621, 0.5119917, 0.50250745, 0.5009521, 0.5022092, 0.5016634, 0.5039129, 0.50496626, 0.5054673, 0.5052964, 0.5036101, 0.50025564, 0.5061268, 0.5007094, 0.5005863, 0.502011, 0.5104874, 0.5023687, 0.5049744, 0.5055571, 0.50376254, 0.5016981, 0.5011676, 0.5005752, 0.5065256, 0.50570035, 0.50079775, 0.5117754, 0.51128083, 0.5107358, 0.5063583, 0.5074281, 0.5135966, 0.5106455, 0.5104327, 0.51028055, 0.50867975, 0.5053209, 0.51264185, 0.5131146, 0.5136596, 0.50990075, 0.51258415, 0.5097469, 0.51277095, 0.5135305, 0.51273435, 0.5122607, 0.5103442, 0.5121222, 0.50951034, 0.5076226, 0.51171607, 0.5131285, 0.5105468, 0.5086838, 0.5131745, 0.5116694, 0.5110073, 0.5104555, 0.512391, 0.51329315, 0.51187354, 0.51524174, 0.5140062, 0.5128722, 0.5128933, 0.51458603, 0.51450896, 0.5123782, 0.514269, 0.5141867, 0.5140613, 0.51259357, 0.5153739, 0.5140213, 0.51290303, 0.5120846, 0.50476676, 0.5110374, 0.51316345, 0.51170665, 0.5100557, 0.50795776, 0.5009136, 0.51063746, 0.50815994, 0.51215285, 0.51118904, 0.5124922, 0.51135665, 0.51199996, 0.51382595, 0.50982475, 0.5101527, 0.5095995, 0.5065188, 0.50183576, 0.503471, 0.5086916, 0.50779575, 0.50833094, 0.50808483, 0.50781363, 0.51393664, 0.50933176, 0.51146305, 0.5107438, 0.5084315, 0.51332754, 0.50695205, 0.5042465, 0.5068066, 0.50958633, 0.51017755, 0.50862217, 0.51307416, 0.50877374, 0.50621694, 0.50542814, 0.503431, 0.50353205, 0.508595, 0.5092722, 0.50702155, 0.5115629, 0.510614, 0.5105469, 0.50604594, 0.50534445, 0.5136639, 0.50616723, 0.5090779, 0.5041648, 0.50107485, 0.50706774, 0.505499, 0.51332414, 0.51437974, 0.51426893, 0.50404537, 0.5062829, 0.5090545, 0.51340395, 0.5066721, 0.5065982, 0.50932485, 0.5106089, 0.50323963, 0.5112859, 0.51133615, 0.5007404, 0.51281756, 0.51178205, 0.5099917, 0.50849473, 0.5093695, 0.51182246, 0.511725, 0.51437783, 0.50580066, 0.51246065, 0.50972116, 0.51029164, 0.51408654, 0.51220816, 0.513758, 0.51184607, 0.51237184, 0.5049836, 0.51518536, 0.5126796, 0.5130476, 0.51537347, 0.51464874, 0.51472425, 0.51260453, 0.5135576, 0.51216835, 0.5122762, 0.51273906, 0.51433724, 0.5144203, 0.51373035, 0.513788, 0.5116721, 0.5003914, 0.5011417, 0.50788593, 0.51141083, 0.51130164, 0.51044226, 0.5141844, 0.50486, 0.50550985, 0.505905, 0.5073085, 0.5087108, 0.50763005, 0.5111218, 0.50889224, 0.50727737, 0.51169133, 0.51074845, 0.51063204, 0.51102734, 0.51125926, 0.50946623, 0.51181656, 0.51099235, 0.5092269, 0.5094111, 0.5108612, 0.5113265, 0.5091627, 0.5058225, 0.5122772, 0.5059557, 0.50869447, 0.50743914, 0.50427204, 0.5073603, 0.51143503, 0.5122326, 0.5124256, 0.50044626, 0.5083961, 0.50971615, 0.50869405, 0.5091689, 0.5144073, 0.5109229, 0.50811166, 0.51179594, 0.5111326]
[0.5039435, 0.50790936, 0.50861067, 0.5064399, 0.50466335, 0.50301874, 0.5042226, 0.5035771, 0.5042879, 0.5004929, 0.500302, 0.5007146, 0.5002568, 0.50128126, 0.5015635, 0.5035316, 0.5015451, 0.50011456, 0.5092762, 0.50869083, 0.5101207, 0.510408, 0.50782603, 0.5074015, 0.5055967, 0.5092957, 0.508655, 0.50876427, 0.5110137, 0.5093264, 0.51483274, 0.5053553, 0.5133276, 0.5155398, 0.5032498, 0.50933176, 0.5098938, 0.5123701, 0.5021773, 0.5015387, 0.5026535, 0.50343233, 0.5056513, 0.5069401, 0.5084544, 0.5082113, 0.50640714, 0.50012606, 0.5068205, 0.50161815, 0.50042146, 0.50256723, 0.51132274, 0.5033839, 0.5072045, 0.50836504, 0.5052354, 0.50179446, 0.50190157, 0.50043267, 0.50803995, 0.5077253, 0.4999932, 0.511949, 0.51078385, 0.5113889, 0.5068223, 0.50724286, 0.5147554, 0.5104674, 0.5104646, 0.51005894, 0.50839096, 0.50566, 0.51355505, 0.5137801, 0.51463306, 0.5106415, 0.5135241, 0.51019406, 0.513603, 0.5137815, 0.51340425, 0.5127097, 0.51108384, 0.5128674, 0.5107322, 0.5092857, 0.51131624, 0.51405394, 0.5104981, 0.5087049, 0.5142248, 0.51179796, 0.5105671, 0.5105862, 0.513569, 0.514055, 0.5120741, 0.51640874, 0.51473826, 0.51386976, 0.5142226, 0.5151768, 0.5154058, 0.5132779, 0.5149447, 0.5149977, 0.5146738, 0.5129546, 0.5164068, 0.5147062, 0.51390433, 0.5132842, 0.50406486, 0.5113407, 0.51332694, 0.51248294, 0.51041305, 0.5080758, 0.5034818, 0.51135385, 0.50836796, 0.51293945, 0.51159585, 0.51303893, 0.51177704, 0.5119993, 0.51459056, 0.5103324, 0.5104568, 0.50994146, 0.50795436, 0.5035178, 0.50393707, 0.5085427, 0.5084652, 0.50804096, 0.50866485, 0.5081548, 0.51516825, 0.50986063, 0.5126204, 0.5109141, 0.50867605, 0.51432574, 0.50733924, 0.5057106, 0.50664634, 0.50994325, 0.5106545, 0.50763136, 0.51308095, 0.5087644, 0.5063427, 0.5056114, 0.505953, 0.5060475, 0.508798, 0.50915056, 0.50702995, 0.51261675, 0.5110048, 0.51106334, 0.5059283, 0.5049253, 0.5148426, 0.5058264, 0.5093773, 0.5063948, 0.5024545, 0.50740105, 0.50683886, 0.5137862, 0.51493645, 0.5162575, 0.50389683, 0.5062012, 0.5091743, 0.51437247, 0.5077125, 0.5061033, 0.5086637, 0.5105477, 0.50335795, 0.5112387, 0.5108443, 0.50111187, 0.51321805, 0.51255286, 0.511095, 0.50861645, 0.5091437, 0.51225144, 0.51238835, 0.51553136, 0.50663525, 0.5125129, 0.50978017, 0.51062423, 0.51513726, 0.513061, 0.51479906, 0.5129337, 0.51278186, 0.5061276, 0.51557904, 0.51341206, 0.51317817, 0.51682407, 0.5152777, 0.51619536, 0.5135923, 0.514633, 0.51312435, 0.5128766, 0.51325816, 0.5142164, 0.5143028, 0.5143215, 0.5143636, 0.5125608, 0.5005512, 0.50082725, 0.50687534, 0.51245993, 0.5112438, 0.5101826, 0.51496416, 0.5069335, 0.505982, 0.5065669, 0.50784594, 0.50918317, 0.5078302, 0.51200974, 0.50865483, 0.50744367, 0.5122136, 0.51144487, 0.51138294, 0.5115947, 0.51134515, 0.5092007, 0.5118835, 0.5114228, 0.5099725, 0.5096217, 0.51123, 0.51167583, 0.5097293, 0.5072086, 0.51207465, 0.5067103, 0.5088924, 0.5068648, 0.50618607, 0.50773925, 0.51215535, 0.5134953, 0.513364, 0.5020506, 0.5088736, 0.5102047, 0.5084859, 0.50941515, 0.5147353, 0.5114567, 0.50878143, 0.5123471, 0.5111057]
[0.50234216, 0.50642407, 0.5071633, 0.50542, 0.5035811, 0.5020457, 0.50277895, 0.5026397, 0.5036593, 0.5024499, 0.50311863, 0.50213116, 0.50141364, 0.5007683, 0.50297076, 0.5016968, 0.50068045, 0.50178313, 0.5114685, 0.5108568, 0.5118403, 0.51203626, 0.5094225, 0.5093259, 0.5076016, 0.511838, 0.51075363, 0.5107324, 0.51314086, 0.51102424, 0.51687276, 0.5077354, 0.51508564, 0.5177547, 0.502439, 0.5118446, 0.51207095, 0.51475585, 0.50445104, 0.50107616, 0.50128317, 0.50575006, 0.50420934, 0.5055618, 0.5070284, 0.5067998, 0.5048502, 0.50144345, 0.5087235, 0.50349003, 0.5016115, 0.50181013, 0.51377064, 0.50209683, 0.5060372, 0.50676334, 0.50374544, 0.5006219, 0.5011964, 0.5022496, 0.51007557, 0.50965166, 0.5013259, 0.51390487, 0.5130165, 0.513613, 0.5090061, 0.5091876, 0.51688486, 0.512402, 0.51244366, 0.51209956, 0.51048404, 0.50751626, 0.51545113, 0.515964, 0.5168887, 0.5129319, 0.515299, 0.5125582, 0.51591456, 0.5158876, 0.5153218, 0.5147747, 0.5130577, 0.5148613, 0.51320875, 0.51142776, 0.5138114, 0.51606655, 0.51274604, 0.5107199, 0.5161557, 0.5140138, 0.5128432, 0.51234466, 0.5153032, 0.51641023, 0.51393276, 0.5184861, 0.51694524, 0.51619273, 0.5163665, 0.5171692, 0.5173347, 0.51530224, 0.5169628, 0.5171562, 0.5167051, 0.51518947, 0.5185464, 0.5166551, 0.51581824, 0.51523584, 0.50595665, 0.5134066, 0.5153828, 0.5141552, 0.5120786, 0.510058, 0.50600994, 0.5134362, 0.5101104, 0.514865, 0.51417935, 0.5153511, 0.5138307, 0.5140312, 0.5169453, 0.51248837, 0.5122178, 0.5117127, 0.5100898, 0.50634754, 0.50619835, 0.51083416, 0.5102842, 0.5104171, 0.51084435, 0.5103789, 0.5169152, 0.51170707, 0.51440793, 0.51356494, 0.51052684, 0.5159308, 0.5094487, 0.5077836, 0.50922436, 0.5121308, 0.5121919, 0.5103118, 0.5150762, 0.51053417, 0.5082631, 0.5077176, 0.5044861, 0.504602, 0.5108145, 0.51139027, 0.50947994, 0.5144833, 0.51318836, 0.5133657, 0.50797325, 0.5069026, 0.51714945, 0.50822484, 0.51155, 0.509207, 0.50479144, 0.50915146, 0.5087577, 0.5158571, 0.5170844, 0.5184782, 0.5066753, 0.50844413, 0.5113074, 0.516438, 0.50994116, 0.5082564, 0.51078415, 0.51231366, 0.50602597, 0.5135537, 0.51303715, 0.5038852, 0.51544034, 0.51471627, 0.5129924, 0.5104826, 0.5111828, 0.5143344, 0.51448005, 0.5178431, 0.5079405, 0.514432, 0.51175123, 0.5125782, 0.5174016, 0.5154098, 0.51710325, 0.51488066, 0.51511574, 0.5082566, 0.5181112, 0.51554984, 0.5154407, 0.51883245, 0.51730543, 0.51858854, 0.51561767, 0.5166165, 0.5152713, 0.515201, 0.5153247, 0.5166286, 0.5166545, 0.51666737, 0.51624423, 0.5145576, 0.50297534, 0.5005747, 0.5083595, 0.51433676, 0.5134175, 0.51238, 0.5169759, 0.50879943, 0.5086529, 0.50911635, 0.5103925, 0.5115595, 0.510245, 0.51361597, 0.5109507, 0.5088425, 0.513898, 0.5134347, 0.5136753, 0.5137909, 0.5134523, 0.51109004, 0.5140065, 0.51394475, 0.51241386, 0.51233816, 0.5127704, 0.51412064, 0.51227576, 0.5094921, 0.5144924, 0.50884837, 0.51078707, 0.50889635, 0.50544935, 0.5093197, 0.51436543, 0.515655, 0.51582617, 0.5038039, 0.50990796, 0.5126122, 0.5105831, 0.5113609, 0.51692575, 0.51332873, 0.5107443, 0.51428056, 0.51339203]
[0.50200886, 0.5052939, 0.50593066, 0.50432926, 0.5027296, 0.50077456, 0.5016275, 0.5016428, 0.50223964, 0.50047696, 0.50056756, 0.5003119, 0.4999832, 0.49959597, 0.5012735, 0.5014185, 0.50016886, 0.5004168, 0.5076733, 0.5071064, 0.50822586, 0.5088621, 0.50633186, 0.5061203, 0.5045001, 0.507489, 0.506319, 0.5067863, 0.5087842, 0.50812614, 0.5122044, 0.50475454, 0.510561, 0.51328474, 0.5016071, 0.5077818, 0.5085842, 0.51050866, 0.503147, 0.49956313, 0.5008052, 0.5030321, 0.50315535, 0.50439715, 0.50538576, 0.50527835, 0.50372297, 0.5008079, 0.5051708, 0.50206995, 0.5003819, 0.50016457, 0.50958735, 0.5012839, 0.5045699, 0.50510335, 0.50311613, 0.50037295, 0.49998116, 0.5003683, 0.50598747, 0.5053195, 0.49961525, 0.5100736, 0.5089902, 0.5093913, 0.5056654, 0.50647336, 0.51237416, 0.5088803, 0.5090105, 0.5086353, 0.5072234, 0.50509673, 0.5110772, 0.5116038, 0.51205504, 0.5088854, 0.51104194, 0.50912076, 0.5113698, 0.51161927, 0.5111619, 0.5106979, 0.5095368, 0.5108481, 0.50876504, 0.50751376, 0.509416, 0.51172936, 0.5092122, 0.5075977, 0.5118732, 0.51035166, 0.5091733, 0.5092566, 0.51114327, 0.5118563, 0.5099811, 0.51337117, 0.5125957, 0.5117172, 0.5118179, 0.51269865, 0.5126523, 0.5112822, 0.5122364, 0.51248366, 0.51244694, 0.5111419, 0.51353973, 0.5125157, 0.51158667, 0.5112373, 0.50394243, 0.5094441, 0.5115609, 0.5096764, 0.50842804, 0.50716144, 0.5030442, 0.50947, 0.5068173, 0.51058537, 0.5097009, 0.5108088, 0.50993985, 0.5102292, 0.51236355, 0.5085894, 0.5086828, 0.5085725, 0.5064261, 0.5036336, 0.50372636, 0.5065184, 0.5063728, 0.5065976, 0.5066632, 0.5066846, 0.5124512, 0.50818044, 0.510084, 0.5093201, 0.5073296, 0.5117455, 0.50567615, 0.5042908, 0.5062214, 0.5084051, 0.509064, 0.50739974, 0.51108795, 0.50717527, 0.5048264, 0.50517714, 0.50318265, 0.5032388, 0.5074248, 0.5078886, 0.5064827, 0.5105058, 0.5094104, 0.5095808, 0.50547963, 0.5045243, 0.5121515, 0.5052698, 0.5073557, 0.5040379, 0.50112975, 0.5057663, 0.50528985, 0.5119793, 0.51268274, 0.5130526, 0.5028839, 0.5046891, 0.5074104, 0.5121776, 0.5064491, 0.5058832, 0.5077786, 0.5086942, 0.5030404, 0.5097222, 0.5093327, 0.5013302, 0.5115006, 0.510483, 0.5093412, 0.5073972, 0.50774664, 0.51043046, 0.5103168, 0.5130491, 0.5053782, 0.510372, 0.5077175, 0.5085295, 0.5126376, 0.51098484, 0.5121679, 0.5106602, 0.5108429, 0.5049415, 0.51324207, 0.51146275, 0.51105154, 0.51396465, 0.5125442, 0.5134481, 0.5114653, 0.5121795, 0.51098925, 0.5106219, 0.5113591, 0.51235235, 0.5123128, 0.5125872, 0.51177025, 0.51016283, 0.5004036, 0.49975985, 0.50647974, 0.51054865, 0.51013196, 0.5090814, 0.5125055, 0.5058438, 0.5052764, 0.50593406, 0.5067959, 0.50807303, 0.50628144, 0.50979656, 0.507792, 0.5062617, 0.51041514, 0.5090581, 0.5090894, 0.5095864, 0.50952864, 0.5073644, 0.50977683, 0.5095212, 0.50798213, 0.50797135, 0.5088818, 0.50960106, 0.5084664, 0.50645924, 0.51024216, 0.50632524, 0.50722194, 0.50562805, 0.50339425, 0.5070791, 0.510518, 0.5115806, 0.51144326, 0.50121665, 0.50648123, 0.5085978, 0.5070334, 0.507362, 0.5123353, 0.50927544, 0.50729823, 0.510422, 0.5095659]
[0.50190324, 0.5056307, 0.50647336, 0.5048918, 0.5036884, 0.5029954, 0.50371474, 0.50253594, 0.50272006, 0.5006648, 0.5002933, 0.5018878, 0.50187093, 0.50094646, 0.5043616, 0.50281316, 0.50071454, 0.50175345, 0.50965565, 0.509948, 0.51033515, 0.51134706, 0.50947267, 0.50882554, 0.5068638, 0.51000863, 0.50948554, 0.5093733, 0.5116689, 0.5092383, 0.51463664, 0.5066725, 0.51368845, 0.51542586, 0.5018615, 0.50960445, 0.5110875, 0.5126522, 0.50512475, 0.5009509, 0.501931, 0.50367635, 0.50432813, 0.5054694, 0.5065229, 0.50639373, 0.5044979, 0.5015151, 0.5070181, 0.50326246, 0.50132746, 0.50163573, 0.511968, 0.50280017, 0.505868, 0.5064283, 0.50401163, 0.50097275, 0.50076246, 0.5025505, 0.50836265, 0.50720775, 0.5012851, 0.5120645, 0.51082736, 0.51211417, 0.50954735, 0.5092793, 0.5140143, 0.5106024, 0.5101198, 0.5106526, 0.5100017, 0.50517136, 0.513625, 0.514113, 0.51465243, 0.5114768, 0.51410633, 0.5102717, 0.51338965, 0.51376283, 0.5134892, 0.5125464, 0.51163405, 0.51296467, 0.51103497, 0.5095763, 0.511044, 0.51410973, 0.5111965, 0.5093232, 0.5145802, 0.51206523, 0.51128435, 0.5113334, 0.51348305, 0.5143199, 0.5125115, 0.5160597, 0.514409, 0.51463807, 0.5142196, 0.5147559, 0.5145709, 0.513166, 0.51403606, 0.51452655, 0.51437956, 0.5130154, 0.51565665, 0.51460624, 0.51311845, 0.51250035, 0.5037316, 0.51240075, 0.5140089, 0.51257396, 0.51155674, 0.5091769, 0.5024863, 0.51192015, 0.5090687, 0.51226854, 0.5113764, 0.51347554, 0.51193106, 0.5127062, 0.5143551, 0.5111714, 0.5108063, 0.5107986, 0.5088476, 0.5036921, 0.5054003, 0.5091939, 0.5095732, 0.50922215, 0.5091452, 0.50910217, 0.5151209, 0.5104233, 0.51225704, 0.5113724, 0.5094761, 0.51431525, 0.50863695, 0.5069483, 0.5081424, 0.5108369, 0.51058227, 0.5091899, 0.51272273, 0.5093114, 0.50690395, 0.50569826, 0.50572735, 0.5051202, 0.5090875, 0.5097152, 0.5085531, 0.5127843, 0.51139605, 0.51131654, 0.50750947, 0.5072706, 0.51456666, 0.5059862, 0.50968474, 0.5047848, 0.50053984, 0.50807804, 0.5074763, 0.51355034, 0.5147908, 0.51559037, 0.5041998, 0.5068181, 0.5100981, 0.5141578, 0.50950307, 0.5077359, 0.50992143, 0.51000875, 0.5034927, 0.5117037, 0.5108699, 0.5016462, 0.51350033, 0.51297843, 0.51159805, 0.50950646, 0.510646, 0.51258034, 0.51224786, 0.5148959, 0.50801176, 0.51253194, 0.5100396, 0.51069385, 0.5151388, 0.5132105, 0.51388097, 0.51289815, 0.5130119, 0.50797546, 0.5148458, 0.51360846, 0.51345253, 0.51588726, 0.514788, 0.5158778, 0.5134421, 0.5144656, 0.51251626, 0.51259106, 0.5119668, 0.51406085, 0.51474816, 0.51428425, 0.5140064, 0.51172674, 0.50231653, 0.5003397, 0.50834656, 0.5125107, 0.51073974, 0.5104505, 0.5150741, 0.50941944, 0.5082882, 0.5087635, 0.50935185, 0.5102353, 0.5086855, 0.512313, 0.50997823, 0.5072752, 0.51253, 0.51147527, 0.5113412, 0.511739, 0.5116053, 0.50915027, 0.5114112, 0.5116045, 0.5110051, 0.5108847, 0.51059014, 0.5118166, 0.5101906, 0.50750977, 0.5124336, 0.5087653, 0.5093897, 0.50739837, 0.50380665, 0.50807583, 0.51236796, 0.51460123, 0.5136638, 0.50243545, 0.50938404, 0.5098891, 0.509616, 0.5102949, 0.5144462, 0.5113274, 0.5097783, 0.51221067, 0.5112801]
[0.49993074, 0.50310683, 0.5037057, 0.50221044, 0.50140357, 0.50022954, 0.50092185, 0.49982256, 0.5003545, 0.5014638, 0.501143, 0.5020756, 0.5022528, 0.50164175, 0.50407755, 0.50015414, 0.50043, 0.5021346, 0.50901395, 0.5091295, 0.50983286, 0.5104694, 0.5083013, 0.5076772, 0.5061067, 0.50942177, 0.50854206, 0.5090952, 0.51101565, 0.5084609, 0.51406676, 0.50600916, 0.5130273, 0.51432484, 0.5000931, 0.5088588, 0.51029027, 0.51185614, 0.5042777, 0.50055254, 0.4992973, 0.5038042, 0.5019008, 0.5027817, 0.5036847, 0.5035276, 0.5017802, 0.50108624, 0.5072062, 0.5027574, 0.50121456, 0.49963632, 0.5114121, 0.50048137, 0.50310665, 0.5035079, 0.5014303, 0.50023013, 0.50040424, 0.5028183, 0.5076987, 0.5077607, 0.50161994, 0.5118348, 0.5108138, 0.5115049, 0.50826687, 0.50812244, 0.51378906, 0.5102449, 0.5098737, 0.5102241, 0.50929284, 0.5060481, 0.51307607, 0.5135964, 0.51349485, 0.5102441, 0.51283205, 0.5100117, 0.5127636, 0.51347685, 0.5126057, 0.5117774, 0.51078504, 0.5124852, 0.5101572, 0.50860155, 0.5108657, 0.51331204, 0.51031333, 0.5084335, 0.5136754, 0.51170874, 0.510535, 0.51052064, 0.51276755, 0.5138159, 0.5118633, 0.51529735, 0.51339847, 0.5137424, 0.5134028, 0.5143582, 0.51392466, 0.5123515, 0.51359284, 0.51368684, 0.5137761, 0.51251507, 0.5151855, 0.5138442, 0.5128309, 0.51247513, 0.504324, 0.5116846, 0.5129973, 0.51181364, 0.51035374, 0.5084348, 0.50248975, 0.5109204, 0.5086913, 0.5120711, 0.5114332, 0.5123236, 0.51125354, 0.51190525, 0.513361, 0.5104673, 0.51011795, 0.5098466, 0.50817156, 0.5038921, 0.5049733, 0.5087133, 0.50872594, 0.5088991, 0.5087586, 0.5082771, 0.51401645, 0.5099301, 0.5118677, 0.5107337, 0.50895894, 0.5136444, 0.50803876, 0.5062698, 0.50736535, 0.5100025, 0.51030546, 0.50845826, 0.51232207, 0.5083423, 0.50631976, 0.5054188, 0.50232935, 0.50226676, 0.5081971, 0.5090862, 0.5073959, 0.5119709, 0.5107765, 0.5109758, 0.50701696, 0.5068288, 0.51390165, 0.5060361, 0.50912434, 0.5058999, 0.501506, 0.506884, 0.5063272, 0.5132723, 0.51405483, 0.51454586, 0.50467384, 0.50612664, 0.50916284, 0.5132433, 0.5080425, 0.50734514, 0.509437, 0.5098972, 0.50414854, 0.51074433, 0.51043963, 0.50253487, 0.51273954, 0.5122402, 0.5105661, 0.50880104, 0.50976455, 0.5119085, 0.51140684, 0.51469857, 0.50642574, 0.51211655, 0.50944996, 0.5102264, 0.5141024, 0.5124248, 0.513578, 0.5122568, 0.51189125, 0.50692177, 0.5143823, 0.5130033, 0.5125583, 0.51519716, 0.5142101, 0.51484925, 0.5128165, 0.5136718, 0.51234806, 0.5117914, 0.51187, 0.51345336, 0.5138984, 0.5137664, 0.51370895, 0.5115287, 0.5024662, 0.500633, 0.5074075, 0.512164, 0.5110267, 0.5102211, 0.5139131, 0.50809467, 0.5074248, 0.5075761, 0.5087468, 0.5094586, 0.50752854, 0.5114016, 0.50942355, 0.50707847, 0.51171374, 0.51081944, 0.51097953, 0.5114223, 0.5113262, 0.50885296, 0.51098, 0.51101506, 0.5100323, 0.51026464, 0.5100143, 0.5120173, 0.50947434, 0.5071531, 0.5118215, 0.5079629, 0.5085122, 0.5066996, 0.50183547, 0.5079252, 0.51162726, 0.5134797, 0.5126469, 0.5029128, 0.5089599, 0.50979245, 0.50901884, 0.5099043, 0.5136437, 0.5109471, 0.50874835, 0.51160043, 0.5105094]
[0.50220525, 0.50457513, 0.5050001, 0.50384384, 0.5030537, 0.5017193, 0.5021398, 0.5019406, 0.5022787, 0.5006488, 0.5015923, 0.5008081, 0.50206155, 0.5003966, 0.50411034, 0.5020452, 0.50074166, 0.5007055, 0.5102529, 0.5098625, 0.5115875, 0.5121174, 0.5095441, 0.5088359, 0.50732, 0.51047504, 0.50964826, 0.51013935, 0.5121877, 0.5110358, 0.5156853, 0.50754476, 0.5138108, 0.5166124, 0.50185144, 0.51011866, 0.51127225, 0.51410127, 0.5051807, 0.5009452, 0.5016858, 0.50512826, 0.50275975, 0.50378054, 0.504453, 0.5045178, 0.50340134, 0.50051063, 0.5072511, 0.5039623, 0.50143206, 0.5014964, 0.51259923, 0.5018583, 0.50412405, 0.50459766, 0.502675, 0.5009637, 0.5009917, 0.50143045, 0.50899625, 0.5081786, 0.50150067, 0.5130168, 0.5120801, 0.5127024, 0.50902474, 0.5093352, 0.51598895, 0.5121054, 0.5113204, 0.51128286, 0.5104522, 0.5062951, 0.5145004, 0.51522726, 0.51633686, 0.5118678, 0.5143648, 0.511762, 0.51464194, 0.51510835, 0.51426417, 0.51354486, 0.51206493, 0.51418465, 0.51196307, 0.5108175, 0.5125044, 0.5150023, 0.5118294, 0.51022637, 0.5160213, 0.51334304, 0.51204175, 0.5122614, 0.51448786, 0.5152608, 0.512554, 0.51735723, 0.51579905, 0.5154137, 0.51545364, 0.5162535, 0.5164649, 0.51451355, 0.51604193, 0.5161686, 0.5158576, 0.51396936, 0.5174147, 0.51575446, 0.51473814, 0.51427364, 0.5056554, 0.5123503, 0.51514107, 0.513107, 0.51145977, 0.5101387, 0.50568676, 0.5124388, 0.50928766, 0.5136523, 0.51223445, 0.5144312, 0.5131647, 0.5131474, 0.516113, 0.5119696, 0.51165634, 0.511355, 0.5097077, 0.50538874, 0.50633365, 0.5095553, 0.5095152, 0.5094904, 0.5100242, 0.50939053, 0.51609004, 0.5110596, 0.51337254, 0.51238936, 0.5099822, 0.5156283, 0.50903374, 0.50755495, 0.50884396, 0.5113991, 0.5114731, 0.5094505, 0.51448095, 0.51001745, 0.50728923, 0.50707495, 0.50340146, 0.50320756, 0.5100402, 0.51019853, 0.50841326, 0.5136948, 0.5119776, 0.51228136, 0.50908786, 0.50807405, 0.51645833, 0.50820607, 0.5103831, 0.50598633, 0.5012596, 0.50923896, 0.5089522, 0.51538354, 0.5163581, 0.5173863, 0.5048539, 0.507375, 0.50989383, 0.51562196, 0.5100747, 0.5082604, 0.5105864, 0.51163065, 0.50466925, 0.5126897, 0.5122395, 0.50272983, 0.5144454, 0.51355606, 0.51233155, 0.5098215, 0.5106925, 0.5135462, 0.5135802, 0.5166426, 0.50770825, 0.513653, 0.5106272, 0.5114259, 0.5166526, 0.51425296, 0.5160207, 0.5135892, 0.5139294, 0.50811905, 0.5164565, 0.51442146, 0.5144112, 0.51828676, 0.5159235, 0.51769006, 0.5144951, 0.51587963, 0.5137366, 0.5142593, 0.5144618, 0.5154943, 0.51637393, 0.5160188, 0.5147807, 0.5132084, 0.50127834, 0.5005518, 0.5090628, 0.51311886, 0.51292694, 0.5121708, 0.51606965, 0.50858563, 0.5075177, 0.5083629, 0.50889516, 0.5101213, 0.50936127, 0.51299083, 0.5097087, 0.50867057, 0.5137891, 0.5119365, 0.51205015, 0.5127311, 0.5124981, 0.50984573, 0.51251554, 0.51282394, 0.5113214, 0.51117545, 0.5116646, 0.51233065, 0.511638, 0.50869703, 0.51317304, 0.5084192, 0.5101408, 0.5077977, 0.50300866, 0.509658, 0.5135548, 0.51519626, 0.5147342, 0.5017708, 0.5096885, 0.51159763, 0.5096538, 0.5099461, 0.5156922, 0.5123173, 0.5101713, 0.5132226, 0.5120994]
[0.5027603, 0.50666463, 0.507041, 0.5054887, 0.5038028, 0.5029112, 0.5037427, 0.50339335, 0.50407344, 0.5002516, 0.500911, 0.500037, 0.500597, 0.50142395, 0.50148773, 0.5033577, 0.5015201, 0.50020885, 0.50965464, 0.51003057, 0.5111123, 0.5115416, 0.5095051, 0.5089268, 0.5055718, 0.5107197, 0.509106, 0.50976944, 0.512615, 0.51030815, 0.5158273, 0.5059451, 0.51451045, 0.51738507, 0.5031414, 0.51015675, 0.5110596, 0.5136945, 0.504995, 0.5006776, 0.5027849, 0.50180197, 0.50524306, 0.50633156, 0.5074878, 0.5069291, 0.50503826, 0.50014365, 0.5068217, 0.50067645, 0.5004194, 0.5021418, 0.51241595, 0.50274897, 0.50617784, 0.5070183, 0.5050937, 0.5016857, 0.50200444, 0.5001199, 0.5087414, 0.5084135, 0.50034505, 0.51359177, 0.5124113, 0.5126313, 0.50733906, 0.5078954, 0.5160638, 0.51205885, 0.51202005, 0.5114177, 0.5097019, 0.50508726, 0.5152718, 0.5157679, 0.51618624, 0.51137334, 0.5147587, 0.51096576, 0.51498497, 0.515433, 0.51497996, 0.514351, 0.5120956, 0.5141653, 0.5109826, 0.50897974, 0.51322466, 0.51564616, 0.51192194, 0.5095402, 0.5156611, 0.513263, 0.5121826, 0.5124348, 0.5143373, 0.5157408, 0.51358986, 0.51791507, 0.51611644, 0.51537675, 0.51531845, 0.5166237, 0.5175756, 0.51476294, 0.51658356, 0.5166881, 0.5165302, 0.51430094, 0.5179115, 0.51622754, 0.515074, 0.5142889, 0.50489265, 0.5127989, 0.51537037, 0.51403624, 0.51132774, 0.50935674, 0.50345546, 0.5128144, 0.50913846, 0.5145764, 0.51266766, 0.51466244, 0.51303655, 0.5135981, 0.5160248, 0.5115981, 0.5117348, 0.51108366, 0.5078084, 0.50384796, 0.50434494, 0.5102087, 0.50976354, 0.509926, 0.51023597, 0.50950104, 0.5168077, 0.511258, 0.5134686, 0.5123159, 0.5096248, 0.5159669, 0.50873065, 0.50660837, 0.506821, 0.5107215, 0.51161766, 0.5081188, 0.5147582, 0.50961405, 0.5066999, 0.5059222, 0.5054807, 0.5056081, 0.5100537, 0.50966555, 0.507374, 0.5140904, 0.5122395, 0.5125457, 0.5061376, 0.50534666, 0.5160144, 0.50583756, 0.5104071, 0.50502646, 0.5009437, 0.50887114, 0.50833136, 0.51578444, 0.51693463, 0.51804626, 0.5052943, 0.5074033, 0.5098818, 0.516081, 0.5087556, 0.506706, 0.5097734, 0.51205426, 0.502727, 0.5127725, 0.5124468, 0.5012097, 0.5145705, 0.5139293, 0.5123795, 0.5093157, 0.5108796, 0.5137857, 0.5139852, 0.5166066, 0.50686675, 0.5142049, 0.5109561, 0.5119135, 0.5168934, 0.51432806, 0.5169605, 0.5140984, 0.51443577, 0.5077538, 0.5168456, 0.51462144, 0.51455975, 0.5188512, 0.5172705, 0.5178017, 0.51505816, 0.51590997, 0.5134278, 0.51437086, 0.51477504, 0.5163848, 0.5168419, 0.51608795, 0.5156685, 0.51379967, 0.5000771, 0.50119805, 0.50840116, 0.5138936, 0.51231253, 0.51140994, 0.51662153, 0.50640535, 0.50520694, 0.50636566, 0.5077001, 0.50956446, 0.50863063, 0.5129183, 0.50867236, 0.5072996, 0.51396304, 0.5126786, 0.51276666, 0.51310253, 0.51284474, 0.5108205, 0.51374984, 0.5128648, 0.5111326, 0.511289, 0.5125058, 0.512417, 0.51098174, 0.50712097, 0.51390254, 0.50715494, 0.5105012, 0.5080672, 0.505456, 0.50883305, 0.5135654, 0.51424545, 0.51455647, 0.50199187, 0.5098874, 0.51164365, 0.5095136, 0.51070464, 0.516366, 0.51310426, 0.5090709, 0.5137729, 0.5121381]
[0.5021788, 0.5054557, 0.5064219, 0.5046601, 0.5034531, 0.50214493, 0.50301224, 0.5019675, 0.50260615, 0.5029618, 0.5023987, 0.5040318, 0.50338185, 0.50275695, 0.5052623, 0.5018659, 0.50078744, 0.50268215, 0.50826657, 0.508663, 0.50880784, 0.5088721, 0.50853217, 0.5079724, 0.50637746, 0.5084444, 0.5078313, 0.5081068, 0.509718, 0.50813586, 0.51249963, 0.5063885, 0.5115273, 0.512908, 0.50178266, 0.5081971, 0.5089477, 0.5103664, 0.506054, 0.5019373, 0.501106, 0.5035353, 0.50444824, 0.5055534, 0.506066, 0.5055847, 0.50348115, 0.5023388, 0.50643873, 0.5042613, 0.50292104, 0.50069857, 0.5096359, 0.5019276, 0.50524527, 0.5057602, 0.50438046, 0.5006273, 0.5005804, 0.5034436, 0.5074384, 0.5067931, 0.50175184, 0.510307, 0.5097558, 0.51028764, 0.508024, 0.5078951, 0.5117976, 0.5091153, 0.50931484, 0.5097867, 0.5085908, 0.50649, 0.5114797, 0.5116868, 0.51205003, 0.5092473, 0.51158684, 0.5088784, 0.51133156, 0.5120047, 0.5116577, 0.51084125, 0.50979656, 0.5107112, 0.50877714, 0.5076214, 0.5101005, 0.5119192, 0.5095849, 0.50782037, 0.51206565, 0.5102062, 0.5095863, 0.5098724, 0.5112013, 0.51196396, 0.51080793, 0.51354, 0.5117585, 0.51213646, 0.51160306, 0.5125639, 0.51259685, 0.5112209, 0.5122248, 0.5122644, 0.51214737, 0.5110097, 0.5135107, 0.5123926, 0.5111172, 0.5108104, 0.50588554, 0.51046884, 0.5118318, 0.51063293, 0.5094565, 0.50791055, 0.5021535, 0.50999314, 0.5081966, 0.510343, 0.5098155, 0.5112513, 0.51010495, 0.51048034, 0.5116179, 0.5089714, 0.50909984, 0.50869876, 0.5073726, 0.5043641, 0.50555295, 0.50819814, 0.50809234, 0.50825447, 0.50805354, 0.50773317, 0.51253074, 0.50857776, 0.5101214, 0.5096015, 0.5081159, 0.51169586, 0.50742656, 0.5062956, 0.50708747, 0.5087823, 0.50890946, 0.50810707, 0.51082814, 0.50815064, 0.50698864, 0.50658697, 0.5038588, 0.50401103, 0.5078264, 0.5083628, 0.50725216, 0.51083887, 0.5096241, 0.5096564, 0.50723654, 0.5069085, 0.5120891, 0.50633186, 0.5084544, 0.5049058, 0.50298876, 0.5075607, 0.5069156, 0.5119806, 0.51259446, 0.51261646, 0.50642776, 0.50730354, 0.50826514, 0.5118238, 0.50722784, 0.5071306, 0.5088086, 0.5091212, 0.50494885, 0.51011795, 0.50998795, 0.5031361, 0.5114232, 0.5108847, 0.50938165, 0.5082646, 0.5088963, 0.5105158, 0.51032025, 0.5124904, 0.50726265, 0.5110482, 0.50873125, 0.50928867, 0.5126438, 0.5110818, 0.5119811, 0.51093286, 0.51076305, 0.50731105, 0.51277316, 0.51142395, 0.51144433, 0.5133527, 0.5126463, 0.5129243, 0.51154387, 0.51215327, 0.51046103, 0.5104789, 0.5110163, 0.5120977, 0.51266646, 0.512076, 0.5120522, 0.51038945, 0.5041971, 0.5011464, 0.50764215, 0.5108733, 0.5098651, 0.50919235, 0.51244766, 0.5077446, 0.5073479, 0.5072076, 0.50792795, 0.5084382, 0.5075184, 0.5100441, 0.5085969, 0.5070127, 0.510378, 0.50948346, 0.5092959, 0.50974816, 0.5100623, 0.5086414, 0.5102362, 0.5098058, 0.50878996, 0.5092968, 0.5094647, 0.5100255, 0.5084696, 0.50671035, 0.5108159, 0.50748545, 0.5080853, 0.5075522, 0.5041443, 0.50782406, 0.5104164, 0.51140326, 0.5114107, 0.5041233, 0.50813, 0.50871223, 0.5084621, 0.50906646, 0.51233476, 0.50972766, 0.5079677, 0.51048464, 0.5097883]
[0.5024664, 0.5053455, 0.5060084, 0.5044517, 0.50295925, 0.5015484, 0.5023538, 0.50151575, 0.5024559, 0.4997455, 0.49988094, 0.5006725, 0.4999795, 0.49951267, 0.5015255, 0.5016569, 0.50015575, 0.4994708, 0.51042056, 0.51048505, 0.51110834, 0.5113069, 0.50872594, 0.5083903, 0.506014, 0.5109632, 0.5093603, 0.50996584, 0.5126902, 0.5100569, 0.51545876, 0.50610995, 0.5143398, 0.51671356, 0.5013314, 0.51056516, 0.5114747, 0.51304984, 0.50412625, 0.5000116, 0.5009143, 0.50222445, 0.5036864, 0.5046065, 0.5055037, 0.50510925, 0.50369513, 0.49943724, 0.50736773, 0.50141484, 0.49989697, 0.5009418, 0.51280355, 0.501715, 0.5047114, 0.5052552, 0.50371367, 0.5006806, 0.5000971, 0.49988273, 0.508916, 0.50786394, 0.49955752, 0.5128684, 0.5119113, 0.5128198, 0.5084308, 0.5087085, 0.515199, 0.5113395, 0.5116297, 0.5116333, 0.5094645, 0.5061246, 0.51450986, 0.5152305, 0.51539946, 0.51151294, 0.51439106, 0.5106888, 0.51474094, 0.5151285, 0.5148124, 0.5140505, 0.512369, 0.51388645, 0.5120604, 0.51004016, 0.5124225, 0.51513946, 0.5120233, 0.50919604, 0.5155503, 0.5130748, 0.51213706, 0.5116567, 0.5146002, 0.5149176, 0.5134511, 0.5174603, 0.51547134, 0.51536113, 0.5151059, 0.5165416, 0.516557, 0.5141269, 0.51551014, 0.5163308, 0.5164781, 0.51439476, 0.5175325, 0.51589686, 0.51480645, 0.514016, 0.50362587, 0.5132651, 0.5146814, 0.5129775, 0.51171464, 0.50890464, 0.50210875, 0.51231444, 0.50929356, 0.5133364, 0.5121408, 0.5143049, 0.5129308, 0.5132083, 0.5153431, 0.51112694, 0.51163405, 0.5110164, 0.5086979, 0.5031543, 0.5039708, 0.5092807, 0.509905, 0.5098494, 0.5099422, 0.5096636, 0.5164124, 0.5108948, 0.51335466, 0.5121107, 0.50965506, 0.5155214, 0.5086658, 0.50600564, 0.5072525, 0.5113379, 0.5114281, 0.5088503, 0.5136592, 0.50954324, 0.50719637, 0.5063893, 0.5036739, 0.50376755, 0.50883245, 0.5100707, 0.50766575, 0.5136771, 0.51189154, 0.51263815, 0.50684637, 0.50668573, 0.5157537, 0.50637823, 0.5105269, 0.505584, 0.5008828, 0.5088448, 0.5072172, 0.51504296, 0.516161, 0.51672167, 0.5048725, 0.5075754, 0.510352, 0.51519495, 0.50847393, 0.5075775, 0.50999355, 0.51097274, 0.5029388, 0.5121773, 0.51164544, 0.50042146, 0.51423687, 0.51390773, 0.51220685, 0.5101219, 0.51061887, 0.51338094, 0.5131392, 0.51653564, 0.5074784, 0.5136766, 0.5106758, 0.5115757, 0.5161239, 0.51432365, 0.5154393, 0.5139413, 0.5139205, 0.507625, 0.51628035, 0.51469076, 0.5143574, 0.51753914, 0.51606506, 0.51734155, 0.51482755, 0.5158717, 0.5136066, 0.5133884, 0.5139096, 0.51491517, 0.5156488, 0.51551056, 0.5150351, 0.5136803, 0.49968952, 0.49943143, 0.5083574, 0.5135444, 0.51183414, 0.5109394, 0.51618266, 0.5078686, 0.50671405, 0.5074976, 0.5087378, 0.5101227, 0.5086791, 0.5130009, 0.5102127, 0.5069337, 0.5135579, 0.5120742, 0.5124974, 0.51304895, 0.5128265, 0.51006234, 0.51273495, 0.51246, 0.51104915, 0.510729, 0.5115093, 0.5126794, 0.5106291, 0.5072526, 0.5133228, 0.5087838, 0.509458, 0.5071065, 0.50365865, 0.5090932, 0.5129973, 0.5144629, 0.5147165, 0.50316864, 0.5099807, 0.5109058, 0.51016235, 0.51099724, 0.515896, 0.51230395, 0.50957596, 0.5137402, 0.511812]
[0.5022739, 0.50605994, 0.5068784, 0.5052196, 0.5038835, 0.50252485, 0.50351495, 0.50251746, 0.50347257, 0.50036657, 0.5004254, 0.50039977, 0.50022626, 0.500679, 0.5016937, 0.50235647, 0.5008399, 0.5003303, 0.50975007, 0.5094909, 0.5102608, 0.51098746, 0.5087989, 0.50802976, 0.5055971, 0.5100461, 0.50851405, 0.50948775, 0.5117101, 0.51006305, 0.51448643, 0.50576437, 0.51333505, 0.51574105, 0.5025146, 0.5096648, 0.5102872, 0.512508, 0.50458497, 0.50059444, 0.50173134, 0.5035894, 0.50457156, 0.50567406, 0.5068791, 0.5070489, 0.5054035, 0.5005977, 0.50712407, 0.5013505, 0.5004881, 0.50206864, 0.5116817, 0.502205, 0.50591284, 0.5066693, 0.50453633, 0.5013671, 0.50121707, 0.50048536, 0.5080403, 0.50671107, 0.50009656, 0.5121565, 0.5111119, 0.51161635, 0.5081479, 0.5082243, 0.5145816, 0.51071644, 0.51077384, 0.51071036, 0.5098143, 0.50696945, 0.51378226, 0.51406866, 0.51475954, 0.5112034, 0.5132668, 0.5102367, 0.5136426, 0.51378185, 0.51381546, 0.5128175, 0.511648, 0.5128729, 0.5111394, 0.50938606, 0.5115375, 0.5139578, 0.51098305, 0.5096869, 0.5144919, 0.51204276, 0.51101154, 0.51087075, 0.51339567, 0.5143617, 0.5126486, 0.516148, 0.51463944, 0.5141922, 0.51427114, 0.5149209, 0.51486117, 0.5133137, 0.5146877, 0.5148395, 0.5147042, 0.5129262, 0.51592505, 0.5145991, 0.51362675, 0.51333374, 0.50487995, 0.5120294, 0.5135948, 0.51227325, 0.5107297, 0.5084922, 0.5019088, 0.5113982, 0.5090766, 0.5123684, 0.5116072, 0.5130351, 0.51216894, 0.5124678, 0.51448745, 0.5109862, 0.51084846, 0.5101246, 0.50837946, 0.5035726, 0.50459844, 0.5085913, 0.5091049, 0.5093562, 0.5094707, 0.50886345, 0.5148709, 0.51005197, 0.5124294, 0.51115793, 0.5095903, 0.51415443, 0.50730973, 0.5051891, 0.5079396, 0.5106829, 0.51078016, 0.50867593, 0.51284695, 0.50861084, 0.50581986, 0.50667894, 0.5050206, 0.5050014, 0.5090616, 0.50961024, 0.5070941, 0.51274145, 0.51121616, 0.5116397, 0.50759155, 0.50687206, 0.5148698, 0.5071416, 0.50919926, 0.50568587, 0.50117904, 0.50720376, 0.5069014, 0.5143169, 0.515058, 0.51570463, 0.5043327, 0.5069118, 0.5099087, 0.51444894, 0.5081256, 0.5078577, 0.5096031, 0.5105859, 0.5043441, 0.5114755, 0.51135737, 0.5012849, 0.5134518, 0.5125822, 0.5113506, 0.5093817, 0.5098031, 0.51269174, 0.5121512, 0.514895, 0.50702506, 0.5127968, 0.509853, 0.5106918, 0.51515436, 0.51313484, 0.5146108, 0.51310754, 0.5128181, 0.5071984, 0.5151382, 0.51356256, 0.5130394, 0.5164751, 0.514964, 0.51575845, 0.5136329, 0.5149451, 0.51297694, 0.5126223, 0.5128832, 0.5141244, 0.5148799, 0.5142688, 0.51380616, 0.5122766, 0.49997538, 0.5007083, 0.5077082, 0.5127185, 0.51196134, 0.5109769, 0.514906, 0.5082932, 0.50732666, 0.50778896, 0.5088807, 0.50978166, 0.50822294, 0.51190645, 0.509419, 0.5076055, 0.51261944, 0.5112698, 0.51139104, 0.5118172, 0.5118372, 0.50907993, 0.5118721, 0.5117966, 0.5101861, 0.50964445, 0.5108343, 0.5116664, 0.5102544, 0.5077719, 0.5124656, 0.50822186, 0.50916886, 0.50713664, 0.5050817, 0.50815564, 0.51242125, 0.51375365, 0.5135971, 0.50237393, 0.50856775, 0.5106921, 0.50972736, 0.50995874, 0.51473206, 0.5112057, 0.5093799, 0.51211554, 0.51127553]
[0.4991706, 0.5022496, 0.50250006, 0.5009387, 0.50000197, 0.4992249, 0.5001275, 0.4992027, 0.49965608, 0.50147665, 0.5008363, 0.50201726, 0.5005177, 0.49961597, 0.5022182, 0.49953023, 0.50030047, 0.5017003, 0.50820106, 0.5077802, 0.5093566, 0.5090228, 0.5063281, 0.5059791, 0.50525737, 0.5087003, 0.5075634, 0.5078523, 0.5098174, 0.50723165, 0.5124345, 0.5053226, 0.5117698, 0.5135555, 0.49921173, 0.5085825, 0.5093258, 0.51060975, 0.5025818, 0.50003916, 0.5000094, 0.5033316, 0.5011294, 0.50187045, 0.50319654, 0.5030955, 0.5016502, 0.5007676, 0.50641394, 0.50224555, 0.50045, 0.49925172, 0.5102884, 0.49957955, 0.50256765, 0.50317883, 0.5001939, 0.49993646, 0.4998129, 0.50178796, 0.5073099, 0.50713545, 0.5012915, 0.5094258, 0.50912666, 0.50991505, 0.50677496, 0.50664896, 0.51286846, 0.5083955, 0.50845605, 0.50853765, 0.50708854, 0.50601405, 0.5115338, 0.5118706, 0.5124134, 0.5093027, 0.5117042, 0.5088796, 0.5113318, 0.51127666, 0.51107377, 0.51051825, 0.5097785, 0.51105255, 0.5096408, 0.5084578, 0.5093414, 0.5123104, 0.5089904, 0.5069793, 0.5125481, 0.510254, 0.50932294, 0.50890315, 0.5115169, 0.5120227, 0.5102929, 0.5140018, 0.51258755, 0.51240236, 0.51221466, 0.5125516, 0.513079, 0.5111965, 0.5124518, 0.5125687, 0.5124695, 0.51131094, 0.5138317, 0.5124772, 0.5116508, 0.51121753, 0.5034229, 0.51002, 0.51121026, 0.51036423, 0.50899136, 0.5068846, 0.50339806, 0.5100715, 0.5074079, 0.51075506, 0.51049733, 0.51105684, 0.50956225, 0.5099051, 0.5122371, 0.50884134, 0.5090067, 0.5085406, 0.5071166, 0.504608, 0.5049204, 0.50694543, 0.50768036, 0.5074104, 0.50760746, 0.50742817, 0.51321954, 0.50845426, 0.51043284, 0.50988466, 0.5077148, 0.5121441, 0.5070578, 0.5063345, 0.50679135, 0.5091568, 0.5089639, 0.5065945, 0.5109413, 0.50713, 0.50541157, 0.50560963, 0.50222397, 0.50207895, 0.5071313, 0.5076709, 0.50673914, 0.51044124, 0.5091711, 0.5097603, 0.5056501, 0.5053549, 0.5126252, 0.5047485, 0.5084256, 0.5063697, 0.50308204, 0.50675154, 0.50593525, 0.51124984, 0.51265705, 0.51392, 0.50399584, 0.50552046, 0.50813067, 0.5118594, 0.50764877, 0.50590444, 0.50762576, 0.50826794, 0.50324774, 0.50913537, 0.5088718, 0.5022885, 0.5114349, 0.5114298, 0.5095791, 0.50785244, 0.5083302, 0.510916, 0.51055217, 0.51346076, 0.50594896, 0.50979567, 0.5080247, 0.5087965, 0.51279575, 0.5113372, 0.51213604, 0.5110167, 0.5110451, 0.5056265, 0.5129213, 0.5116546, 0.51103413, 0.51403004, 0.51336473, 0.5138497, 0.51172256, 0.5127616, 0.5113026, 0.5109007, 0.51061046, 0.51137346, 0.5119803, 0.512135, 0.5120691, 0.51103157, 0.502032, 0.50044644, 0.50589263, 0.5102057, 0.5090495, 0.5082802, 0.51277786, 0.5067933, 0.506542, 0.50696903, 0.50775665, 0.5084536, 0.5066217, 0.5103033, 0.5079085, 0.5060654, 0.51038617, 0.50947195, 0.5098776, 0.50983757, 0.5093116, 0.5077921, 0.50985056, 0.5097299, 0.5089122, 0.5089101, 0.5091693, 0.5094569, 0.50774807, 0.5067388, 0.51043814, 0.50678563, 0.50730366, 0.50515306, 0.501085, 0.50654376, 0.5102395, 0.51200855, 0.5117341, 0.50391424, 0.507839, 0.5085326, 0.5074681, 0.50883543, 0.51231134, 0.5100943, 0.50788516, 0.5107758, 0.50916904]
[0.5015421, 0.5046967, 0.50551534, 0.5038982, 0.50284225, 0.5023589, 0.5027946, 0.5020411, 0.5023927, 0.5008819, 0.5008369, 0.50211704, 0.5021883, 0.5011838, 0.5055318, 0.50193846, 0.5006574, 0.5019577, 0.5111118, 0.5116598, 0.5128775, 0.5129322, 0.51128566, 0.51073444, 0.50787246, 0.51179683, 0.50980794, 0.5106908, 0.5140073, 0.5115903, 0.51820165, 0.5079345, 0.51627624, 0.5199548, 0.50119513, 0.5115519, 0.5128634, 0.51568925, 0.50737447, 0.5002156, 0.5018194, 0.5042891, 0.50390464, 0.5049548, 0.50554717, 0.50530946, 0.50381297, 0.5000065, 0.5079258, 0.5035085, 0.50120574, 0.50137377, 0.51363873, 0.5024223, 0.5050474, 0.5054255, 0.50398016, 0.50072175, 0.50126386, 0.5014352, 0.5099715, 0.5080062, 0.5011141, 0.5148959, 0.5139754, 0.51483285, 0.5107137, 0.5104112, 0.51772565, 0.5135926, 0.5127022, 0.5137773, 0.5117597, 0.50778174, 0.51736313, 0.51744354, 0.5185449, 0.51304364, 0.5171609, 0.51244074, 0.5165106, 0.51731515, 0.51703835, 0.5160117, 0.51401913, 0.51577085, 0.5126827, 0.510225, 0.5136849, 0.51730317, 0.5140541, 0.5113695, 0.5178972, 0.5146029, 0.51388854, 0.5143479, 0.51691073, 0.51800525, 0.51573664, 0.52041787, 0.51809233, 0.5181279, 0.5175187, 0.51849496, 0.5186401, 0.5166259, 0.51810366, 0.5183679, 0.51807487, 0.51631063, 0.5198029, 0.5186663, 0.5167144, 0.51565856, 0.50525165, 0.51531214, 0.51748586, 0.5154919, 0.51387984, 0.5113853, 0.503067, 0.514413, 0.51118946, 0.5155756, 0.5143112, 0.5161711, 0.5150816, 0.5153844, 0.5178291, 0.51329017, 0.51347667, 0.5127266, 0.50940454, 0.50465846, 0.5065891, 0.51100546, 0.51082, 0.51120883, 0.51097596, 0.51039207, 0.51884985, 0.51256657, 0.514804, 0.51372117, 0.51142824, 0.51795685, 0.50999254, 0.50743264, 0.50885516, 0.5125692, 0.5132121, 0.51124454, 0.51630634, 0.51086587, 0.50808495, 0.5073906, 0.50409347, 0.5041682, 0.5105814, 0.5116569, 0.50959194, 0.51588356, 0.51399606, 0.514039, 0.5089987, 0.50826627, 0.51849264, 0.508512, 0.51169693, 0.5046101, 0.5011878, 0.5095419, 0.50900865, 0.51773894, 0.5190116, 0.5192782, 0.50546294, 0.50767416, 0.5118692, 0.5179639, 0.51017886, 0.509085, 0.51237637, 0.51278436, 0.5051836, 0.5141609, 0.51401913, 0.50160956, 0.51686066, 0.51574755, 0.5139531, 0.51133543, 0.5125476, 0.5157306, 0.51527494, 0.5187698, 0.50922936, 0.5156107, 0.51206774, 0.513089, 0.5188904, 0.51604456, 0.51733905, 0.51577085, 0.51590776, 0.5096719, 0.51899904, 0.5168095, 0.516543, 0.5198292, 0.5190444, 0.5198401, 0.51694554, 0.5181822, 0.5155117, 0.5157195, 0.5157605, 0.51828146, 0.5187265, 0.5176331, 0.51733005, 0.5149456, 0.5019896, 0.50069535, 0.51066196, 0.5155267, 0.51410115, 0.5131735, 0.5190467, 0.50998336, 0.50932807, 0.50967956, 0.51071423, 0.5120083, 0.50987047, 0.5151275, 0.5120755, 0.5098928, 0.5153283, 0.5138976, 0.5138676, 0.5144341, 0.5144438, 0.5114276, 0.5145624, 0.51405704, 0.51246315, 0.5127319, 0.5133839, 0.51424944, 0.51207715, 0.5092019, 0.5154901, 0.5096753, 0.5116843, 0.50989974, 0.503585, 0.51038206, 0.515579, 0.51725006, 0.51671547, 0.50220776, 0.51116145, 0.5122592, 0.5116843, 0.5123843, 0.51776934, 0.51418227, 0.5113575, 0.5152282, 0.51408964]
[0.50197065, 0.5053542, 0.5058585, 0.5045717, 0.5033657, 0.50263834, 0.5032137, 0.5028549, 0.5029533, 0.5005982, 0.50094074, 0.501491, 0.5012812, 0.50004494, 0.5053893, 0.5026138, 0.50079626, 0.49995995, 0.50927913, 0.51015025, 0.5112327, 0.511439, 0.5096236, 0.50905424, 0.50716895, 0.5100088, 0.5095959, 0.5096586, 0.511842, 0.5098738, 0.51508784, 0.507413, 0.51423067, 0.51638466, 0.5020945, 0.50939107, 0.510689, 0.5134193, 0.50690746, 0.5005786, 0.50203824, 0.50350845, 0.50460106, 0.50570065, 0.50634426, 0.5060646, 0.5042064, 0.50037944, 0.50748754, 0.50303495, 0.5003342, 0.501601, 0.51179844, 0.5022298, 0.50545675, 0.50610435, 0.50402623, 0.50129336, 0.50160193, 0.50193715, 0.50864995, 0.5081448, 0.50047165, 0.5125448, 0.5119324, 0.5124475, 0.5087481, 0.5086259, 0.5150076, 0.5115067, 0.5115107, 0.51111704, 0.5098853, 0.5073841, 0.5147511, 0.515165, 0.515615, 0.5112233, 0.5147952, 0.5107755, 0.51390105, 0.514864, 0.51453, 0.51326084, 0.5116415, 0.51285213, 0.5108403, 0.5093363, 0.512075, 0.5150956, 0.5114601, 0.50928265, 0.51524633, 0.51252246, 0.5116962, 0.51227206, 0.51397806, 0.5151001, 0.51285696, 0.5174135, 0.5149574, 0.5150417, 0.51472604, 0.51606727, 0.5159848, 0.5139255, 0.51570755, 0.515628, 0.5150874, 0.51355135, 0.5168518, 0.5154466, 0.51358485, 0.5138837, 0.50676966, 0.51273805, 0.5147607, 0.5133099, 0.5109537, 0.50960255, 0.5053294, 0.5122456, 0.5092195, 0.5133451, 0.5122799, 0.513677, 0.5121646, 0.5127787, 0.5150983, 0.51099503, 0.51123977, 0.51081294, 0.50804365, 0.5059885, 0.5068741, 0.5095119, 0.5093861, 0.50980926, 0.5098228, 0.5090929, 0.5161274, 0.5106665, 0.5129139, 0.51209605, 0.5094005, 0.5149952, 0.5091178, 0.5078971, 0.5081394, 0.51067966, 0.51078725, 0.5092539, 0.5137573, 0.5091808, 0.5070672, 0.5069077, 0.5046307, 0.50466406, 0.50951207, 0.509017, 0.50811666, 0.5134677, 0.5115884, 0.5116163, 0.5080582, 0.50765306, 0.5153393, 0.507491, 0.5102994, 0.5052034, 0.5007671, 0.5087899, 0.5086613, 0.5149203, 0.5161102, 0.51718205, 0.5067952, 0.50795066, 0.5097511, 0.51524186, 0.50937897, 0.50770205, 0.5100352, 0.5110017, 0.5056471, 0.51196986, 0.5119244, 0.503504, 0.51430404, 0.5134997, 0.5113784, 0.50935805, 0.51068443, 0.5134146, 0.51334065, 0.51520056, 0.50821847, 0.51343524, 0.5106361, 0.51128393, 0.51618135, 0.51338726, 0.5156185, 0.5132783, 0.5136598, 0.50861347, 0.5158104, 0.5140265, 0.5140188, 0.5175285, 0.5161882, 0.5166244, 0.5143228, 0.5152153, 0.5128349, 0.51348823, 0.5137517, 0.51558536, 0.51639694, 0.5149913, 0.51468307, 0.5122343, 0.50366396, 0.5004329, 0.50896776, 0.51284754, 0.5119688, 0.5112278, 0.5159024, 0.50807434, 0.5076282, 0.5080707, 0.5087792, 0.5094871, 0.50864506, 0.5125495, 0.5092309, 0.50783277, 0.51330775, 0.5114625, 0.51149106, 0.5115443, 0.5116768, 0.50992095, 0.5124261, 0.51194066, 0.5108819, 0.5111141, 0.5116096, 0.5119065, 0.5100199, 0.50789016, 0.5131865, 0.50859314, 0.50977457, 0.5082976, 0.5047443, 0.50972897, 0.51377267, 0.5141616, 0.5141295, 0.50319636, 0.50974697, 0.5108329, 0.50931275, 0.5104732, 0.51541376, 0.5122628, 0.5093168, 0.51286733, 0.5110615]
[0.50249577, 0.50660884, 0.50706965, 0.5051865, 0.50387245, 0.50257707, 0.5031997, 0.50251734, 0.50313395, 0.50206435, 0.501955, 0.50204927, 0.50215834, 0.501935, 0.50289255, 0.5023386, 0.5015696, 0.5019018, 0.5055942, 0.5056609, 0.50597286, 0.5061974, 0.5054975, 0.50504035, 0.5044936, 0.5058856, 0.50559014, 0.505601, 0.506405, 0.50534284, 0.5075755, 0.50435823, 0.50717217, 0.50782394, 0.50248194, 0.5053636, 0.5058045, 0.50674653, 0.5033722, 0.50140667, 0.50144136, 0.5031034, 0.5046353, 0.50576264, 0.5071366, 0.50670266, 0.5046855, 0.5012402, 0.5047171, 0.50225836, 0.5014729, 0.50162625, 0.50638515, 0.50229675, 0.5057896, 0.5067684, 0.50384265, 0.50123984, 0.50125474, 0.5022111, 0.50517476, 0.50519246, 0.50221014, 0.506759, 0.50641793, 0.50649214, 0.5048833, 0.50503224, 0.50750405, 0.5060356, 0.5060345, 0.5057903, 0.505427, 0.504355, 0.5072054, 0.50734746, 0.50744885, 0.5061316, 0.5071116, 0.50585574, 0.50704825, 0.5073185, 0.50705653, 0.50667435, 0.5063261, 0.50683165, 0.5060178, 0.5054184, 0.5063098, 0.50738895, 0.506046, 0.5051648, 0.50752413, 0.50665295, 0.5062147, 0.5063564, 0.50707215, 0.5076154, 0.5065779, 0.50819546, 0.50742555, 0.5074183, 0.5073163, 0.5078258, 0.5077826, 0.5069122, 0.50761795, 0.5076416, 0.50754464, 0.5070395, 0.50806373, 0.5075918, 0.5071754, 0.5070691, 0.5035754, 0.5063648, 0.50720626, 0.50697106, 0.50602555, 0.50521934, 0.50301975, 0.5063286, 0.5053164, 0.5069315, 0.50678927, 0.5069505, 0.50646406, 0.50660884, 0.50748384, 0.5061176, 0.50613475, 0.50593054, 0.5052693, 0.50343, 0.5039521, 0.50534207, 0.50541574, 0.50550574, 0.5054989, 0.5052045, 0.50779486, 0.50592697, 0.5068606, 0.506322, 0.50545126, 0.50749516, 0.5049269, 0.50447, 0.5044434, 0.50593877, 0.5061374, 0.50513375, 0.50704336, 0.50555116, 0.50453883, 0.5039217, 0.50506634, 0.50505006, 0.50533485, 0.5054072, 0.5047031, 0.5067522, 0.5062272, 0.50625026, 0.5044339, 0.5043439, 0.50767636, 0.5045741, 0.50568306, 0.50429285, 0.5022597, 0.5048271, 0.5047311, 0.507323, 0.5075499, 0.5080885, 0.5035306, 0.5044326, 0.505593, 0.5074332, 0.5051881, 0.5047044, 0.50551844, 0.50591964, 0.5032844, 0.5062803, 0.5062441, 0.50239384, 0.507073, 0.5068428, 0.5061087, 0.5053334, 0.5058481, 0.50672, 0.5067202, 0.5077345, 0.5045998, 0.50673705, 0.5058259, 0.5061267, 0.50780547, 0.50698394, 0.5076912, 0.5068691, 0.5068597, 0.5045085, 0.5076254, 0.5072288, 0.5069856, 0.5083678, 0.507798, 0.5080699, 0.50696737, 0.5074923, 0.50680894, 0.50695074, 0.5069332, 0.50731844, 0.50742924, 0.5074048, 0.5074261, 0.5066974, 0.50194216, 0.5015854, 0.50497067, 0.5068011, 0.50632447, 0.50614834, 0.50761944, 0.5047331, 0.5043988, 0.50442374, 0.5050736, 0.5055241, 0.5049363, 0.50662863, 0.50539947, 0.5046686, 0.5067567, 0.50632817, 0.5062782, 0.50650465, 0.5064286, 0.50545394, 0.50639737, 0.50628, 0.50581497, 0.5059226, 0.5061936, 0.5065259, 0.5058227, 0.5049803, 0.5065579, 0.5047801, 0.5055475, 0.50469315, 0.5049921, 0.50543654, 0.506887, 0.50729984, 0.50719655, 0.50319993, 0.5056605, 0.50601256, 0.50534683, 0.50572383, 0.5073699, 0.5065887, 0.5054865, 0.5066229, 0.5063502]
[0.50058365, 0.50315565, 0.50359684, 0.50228727, 0.5014667, 0.5007976, 0.50126797, 0.50095224, 0.5013657, 0.5005172, 0.50105697, 0.49979773, 0.49963537, 0.49975193, 0.5009756, 0.5009163, 0.49970597, 0.49942523, 0.50957936, 0.5096582, 0.51073766, 0.5114276, 0.50853664, 0.50790346, 0.5051601, 0.5104801, 0.509162, 0.50966555, 0.51214564, 0.50924605, 0.5153521, 0.50614446, 0.51404, 0.51695335, 0.5009767, 0.5099921, 0.51054305, 0.51388836, 0.5038347, 0.4995292, 0.50011396, 0.5032746, 0.50200886, 0.5029619, 0.5037321, 0.50380194, 0.5025231, 0.49969107, 0.50750846, 0.5014694, 0.5000715, 0.5002513, 0.51209307, 0.5004804, 0.50285774, 0.5034808, 0.50161576, 0.4999181, 0.50003856, 0.5004505, 0.5083188, 0.5083854, 0.49951053, 0.51277417, 0.5116138, 0.51189154, 0.5078965, 0.50774145, 0.5158778, 0.5113383, 0.51090187, 0.51041317, 0.5091652, 0.50570154, 0.5146645, 0.5153591, 0.5158133, 0.51132035, 0.5146342, 0.5105154, 0.51456934, 0.5144312, 0.5142054, 0.51353604, 0.5117751, 0.51347876, 0.5115285, 0.50974786, 0.51224196, 0.51476073, 0.51132965, 0.5089722, 0.5154345, 0.5127637, 0.5117545, 0.5116501, 0.5144806, 0.51553935, 0.5127263, 0.51768595, 0.51594734, 0.51501006, 0.5150819, 0.5164817, 0.51663345, 0.51417655, 0.51600254, 0.51624364, 0.5160292, 0.51366943, 0.5173172, 0.5156959, 0.51502186, 0.5138407, 0.5040349, 0.5121852, 0.51461583, 0.513518, 0.5109715, 0.5086627, 0.50370854, 0.5119151, 0.50839984, 0.5138089, 0.5125284, 0.51407385, 0.51247597, 0.51290184, 0.5159744, 0.511209, 0.51150143, 0.5109397, 0.5078995, 0.50420195, 0.504353, 0.509626, 0.50920916, 0.509042, 0.5094823, 0.5091256, 0.51607585, 0.5102854, 0.513236, 0.51172346, 0.5093918, 0.5156834, 0.508205, 0.5066803, 0.50689894, 0.51043695, 0.5111159, 0.50719607, 0.51409906, 0.5091876, 0.5062206, 0.50549465, 0.50260025, 0.50246334, 0.5093005, 0.50957197, 0.5072683, 0.51337934, 0.5115893, 0.5121538, 0.50623244, 0.50496113, 0.5161176, 0.5061789, 0.5097643, 0.506244, 0.50202227, 0.5079408, 0.50748837, 0.514743, 0.5162859, 0.51786774, 0.5045745, 0.50665325, 0.509954, 0.5156195, 0.50931644, 0.50666493, 0.5091508, 0.51121676, 0.50390106, 0.51224715, 0.51167405, 0.5014421, 0.51414156, 0.51301324, 0.511702, 0.50906444, 0.5106326, 0.513269, 0.5133021, 0.5164359, 0.5068687, 0.5134982, 0.5109188, 0.5116524, 0.516395, 0.5137208, 0.5163081, 0.5134359, 0.513947, 0.5068663, 0.5162802, 0.51438147, 0.51399916, 0.5180126, 0.51652765, 0.5173582, 0.5141882, 0.51534486, 0.51336396, 0.5138927, 0.51423866, 0.5155358, 0.5156526, 0.5155911, 0.5149715, 0.5131639, 0.5005924, 0.50005907, 0.5073193, 0.5129568, 0.5123781, 0.5106569, 0.516171, 0.5076333, 0.50609326, 0.5068339, 0.5083871, 0.50974065, 0.5088127, 0.5126742, 0.5089379, 0.50724494, 0.51321596, 0.51207566, 0.5121076, 0.51236206, 0.5121392, 0.50953287, 0.51280105, 0.51230776, 0.5112113, 0.5107831, 0.5116893, 0.51201236, 0.5106627, 0.5074759, 0.5129574, 0.5075684, 0.5089987, 0.5066368, 0.5019332, 0.5085731, 0.51322323, 0.514567, 0.5141388, 0.5027757, 0.50996214, 0.51090884, 0.50923604, 0.50989276, 0.5159005, 0.5124557, 0.50875574, 0.51294965, 0.5120574]
[0.5020497, 0.50564855, 0.5066524, 0.5050381, 0.5038545, 0.5029035, 0.50383294, 0.50243574, 0.5030831, 0.50033563, 0.50085396, 0.50037867, 0.50110906, 0.5004296, 0.501072, 0.50344735, 0.5006669, 0.50044435, 0.50963664, 0.5085253, 0.5096885, 0.51006645, 0.50584775, 0.50586444, 0.505586, 0.50937563, 0.5084126, 0.5084004, 0.51081663, 0.5084047, 0.51385283, 0.5044634, 0.51269966, 0.5143154, 0.50227225, 0.50966454, 0.5096552, 0.5117121, 0.50028056, 0.5022689, 0.5014529, 0.5038568, 0.5042207, 0.50547785, 0.50698197, 0.50706583, 0.505632, 0.50061667, 0.5061536, 0.50330204, 0.50073946, 0.5017052, 0.51131034, 0.503345, 0.506755, 0.5072265, 0.5040137, 0.50169134, 0.50191987, 0.5004345, 0.50800914, 0.5073898, 0.5001438, 0.5105227, 0.5092083, 0.510992, 0.5082335, 0.50770885, 0.5138827, 0.50961035, 0.5084912, 0.5092431, 0.50854117, 0.5056308, 0.51250964, 0.5127227, 0.5140237, 0.5107588, 0.5127117, 0.50989944, 0.51238906, 0.5122716, 0.51232636, 0.51138765, 0.51099527, 0.5124641, 0.510944, 0.50971425, 0.50928855, 0.5127652, 0.50953656, 0.50786763, 0.5134612, 0.5108144, 0.5097776, 0.50905013, 0.51286244, 0.5128022, 0.5112611, 0.5153392, 0.513419, 0.5135201, 0.5135878, 0.51346165, 0.5134512, 0.51226103, 0.51318836, 0.51325816, 0.51286465, 0.51173234, 0.5150945, 0.5135909, 0.5127053, 0.5121779, 0.5004472, 0.51091325, 0.5123153, 0.51091576, 0.51000553, 0.5073407, 0.50245273, 0.5108235, 0.5084263, 0.51138216, 0.51110417, 0.51208633, 0.5104524, 0.51095015, 0.51332134, 0.510107, 0.5096329, 0.5091414, 0.5089553, 0.5017827, 0.5028961, 0.507815, 0.50799954, 0.50777847, 0.50791276, 0.5077628, 0.5140269, 0.50910264, 0.5116121, 0.51035726, 0.5082206, 0.51307416, 0.5074, 0.5043748, 0.5072244, 0.51007354, 0.5096233, 0.5076876, 0.5116088, 0.50787616, 0.50559986, 0.504451, 0.50532997, 0.50500697, 0.50771844, 0.5085171, 0.5071734, 0.5112279, 0.510257, 0.51013345, 0.5076425, 0.5065511, 0.51414484, 0.5050796, 0.5092446, 0.5071542, 0.5007547, 0.5067638, 0.5054656, 0.51193005, 0.5134925, 0.5150791, 0.5024234, 0.505158, 0.50853163, 0.51281667, 0.507825, 0.5069423, 0.50819516, 0.50908864, 0.5022086, 0.5100217, 0.50973547, 0.50080454, 0.51256204, 0.5123379, 0.51025105, 0.508679, 0.5085103, 0.51160914, 0.5114569, 0.5145026, 0.5043319, 0.51026356, 0.50871646, 0.50954705, 0.51408386, 0.5125837, 0.5131709, 0.51173264, 0.5116789, 0.50583035, 0.51457256, 0.51265603, 0.51233715, 0.5152261, 0.51375896, 0.5153963, 0.51211286, 0.5136478, 0.5126765, 0.51216567, 0.51153153, 0.5119784, 0.512767, 0.51301193, 0.51304317, 0.51181924, 0.50163966, 0.5014432, 0.5048758, 0.51113063, 0.51019436, 0.5092703, 0.51372886, 0.5084919, 0.50792176, 0.5078303, 0.5089181, 0.5097645, 0.5077185, 0.5110733, 0.5094232, 0.5067129, 0.510862, 0.51059955, 0.5105806, 0.5105804, 0.5099466, 0.50752527, 0.5101606, 0.5107621, 0.50983286, 0.51018983, 0.5096469, 0.51125985, 0.50926495, 0.5080608, 0.51119125, 0.5066873, 0.50789064, 0.5059058, 0.5046815, 0.5063234, 0.5106419, 0.512864, 0.5130474, 0.50082403, 0.5077826, 0.50874144, 0.5084267, 0.5097108, 0.51322746, 0.51019275, 0.5090979, 0.51066536, 0.5101241]
[0.50097394, 0.50383925, 0.50439745, 0.5027911, 0.50173694, 0.5000559, 0.50081915, 0.5000245, 0.5009868, 0.50228614, 0.5026794, 0.50142026, 0.50082976, 0.5004573, 0.502155, 0.50028515, 0.50129175, 0.50201625, 0.50838864, 0.5083886, 0.50874096, 0.5091447, 0.50762373, 0.50716275, 0.5055317, 0.508827, 0.5078187, 0.50812835, 0.50974035, 0.5083287, 0.511888, 0.50569814, 0.5110406, 0.5126024, 0.5000075, 0.5084455, 0.50875515, 0.5103184, 0.5045545, 0.5017635, 0.5004406, 0.50467646, 0.50191, 0.5029838, 0.5038311, 0.5037466, 0.5022493, 0.5018679, 0.5066996, 0.5023611, 0.5013446, 0.5003342, 0.5095275, 0.5003569, 0.50326914, 0.5035975, 0.5015106, 0.50059074, 0.50075006, 0.50133854, 0.50771266, 0.5073035, 0.5018236, 0.5102492, 0.5096407, 0.50934964, 0.5066333, 0.507187, 0.5120025, 0.50958157, 0.5092238, 0.50888836, 0.5079456, 0.5064218, 0.51108354, 0.51140493, 0.5117468, 0.5089426, 0.510891, 0.5085854, 0.5108732, 0.51140356, 0.5111308, 0.5106883, 0.50943, 0.51065665, 0.50900984, 0.50796694, 0.50970024, 0.5113093, 0.50900495, 0.5078275, 0.51156294, 0.50979143, 0.5091567, 0.5089602, 0.5110391, 0.51164985, 0.5103259, 0.51299787, 0.5118285, 0.51154757, 0.5115448, 0.5122501, 0.51242584, 0.51083183, 0.5121369, 0.51200324, 0.5119003, 0.51059735, 0.51278013, 0.5116024, 0.5111635, 0.5106823, 0.50504357, 0.5097386, 0.51065826, 0.51041174, 0.50897646, 0.50733227, 0.50436944, 0.50959057, 0.50768006, 0.5106495, 0.51008445, 0.5106675, 0.50997585, 0.51028526, 0.511709, 0.5092705, 0.5092105, 0.50868416, 0.50728166, 0.5046931, 0.5050264, 0.5083518, 0.50784224, 0.5078118, 0.5078746, 0.50763714, 0.51235235, 0.50890684, 0.51034003, 0.509389, 0.50804484, 0.5116599, 0.50732493, 0.5056829, 0.50614655, 0.50845546, 0.5092475, 0.50741994, 0.5110402, 0.50818366, 0.5068464, 0.50585306, 0.50191605, 0.5020778, 0.50794023, 0.5080811, 0.50666225, 0.51049775, 0.5096037, 0.50921184, 0.50579375, 0.5041004, 0.51194763, 0.50663567, 0.5082591, 0.506214, 0.5041132, 0.5070501, 0.5067451, 0.5113575, 0.51224434, 0.5128601, 0.5049598, 0.50637573, 0.5082696, 0.51148796, 0.50704515, 0.506743, 0.50785744, 0.50920564, 0.5045001, 0.5095981, 0.50948316, 0.5039114, 0.5109896, 0.5103826, 0.5093307, 0.507673, 0.508389, 0.5102713, 0.51022583, 0.51234764, 0.50592536, 0.51064306, 0.5088602, 0.5092851, 0.51195294, 0.5107285, 0.51216877, 0.51049083, 0.51064444, 0.50681895, 0.5124609, 0.51120824, 0.51088905, 0.51338536, 0.51241565, 0.5130415, 0.5107628, 0.5117933, 0.51052874, 0.51090163, 0.5109306, 0.5116655, 0.51181674, 0.51173955, 0.51156, 0.51035684, 0.5013379, 0.5004099, 0.5070463, 0.5102772, 0.5095244, 0.5088194, 0.51200557, 0.50641984, 0.5058215, 0.5062722, 0.50710005, 0.508025, 0.50762105, 0.5098901, 0.50782275, 0.5074282, 0.5101435, 0.5098696, 0.50992906, 0.5103954, 0.5099882, 0.5082824, 0.51018447, 0.5098701, 0.50887907, 0.5088393, 0.5096216, 0.5101426, 0.5088874, 0.5069767, 0.5104913, 0.50641495, 0.50832987, 0.50715053, 0.50229836, 0.5071717, 0.50971997, 0.5107406, 0.5106021, 0.50329393, 0.5080461, 0.5089543, 0.50810456, 0.5085933, 0.51177305, 0.509863, 0.50767064, 0.51005995, 0.5097271]
[0.49936566, 0.5019013, 0.50260437, 0.5013049, 0.5001734, 0.5002289, 0.49965, 0.49933606, 0.4998794, 0.5028648, 0.50410587, 0.5039208, 0.50307506, 0.50345594, 0.5057117, 0.49973932, 0.5013194, 0.5042366, 0.5085198, 0.50896657, 0.50943947, 0.50977343, 0.5089195, 0.50821143, 0.5072382, 0.5085588, 0.50695217, 0.50766164, 0.5101453, 0.5096817, 0.5134085, 0.5073771, 0.5114829, 0.514173, 0.4994742, 0.50862205, 0.50980455, 0.5114502, 0.5068845, 0.50310546, 0.49958235, 0.50559217, 0.50051, 0.50141895, 0.50189155, 0.50187814, 0.5003713, 0.50442576, 0.50647676, 0.50558203, 0.5041322, 0.50124735, 0.5099268, 0.49932975, 0.5015532, 0.5019463, 0.5007334, 0.50090766, 0.5015418, 0.5039692, 0.5070362, 0.50541735, 0.5035061, 0.51136255, 0.51073414, 0.51057005, 0.5082025, 0.5088713, 0.5128967, 0.51054037, 0.51013964, 0.51008743, 0.5095596, 0.50669515, 0.51178324, 0.5121341, 0.5134371, 0.50997704, 0.5121416, 0.51000315, 0.51252574, 0.5132922, 0.51228905, 0.5116836, 0.5102368, 0.5117515, 0.509223, 0.5078919, 0.5108438, 0.5131035, 0.51060003, 0.50928587, 0.51278526, 0.51165164, 0.5109338, 0.51101214, 0.51204413, 0.51289254, 0.5119423, 0.51417994, 0.5132414, 0.5129782, 0.51263076, 0.5137091, 0.5134045, 0.5119779, 0.5133302, 0.51351357, 0.513391, 0.51229024, 0.5144799, 0.51356083, 0.51202625, 0.5118524, 0.5067918, 0.51105255, 0.5131098, 0.510451, 0.5100253, 0.5092292, 0.50501263, 0.5104545, 0.50867254, 0.5111471, 0.51059604, 0.51218075, 0.5114043, 0.51156986, 0.5132824, 0.5103259, 0.51008606, 0.50974405, 0.5083044, 0.50566494, 0.5063819, 0.50844973, 0.50808996, 0.5086293, 0.50868994, 0.5083267, 0.5130389, 0.50916237, 0.5109064, 0.5106041, 0.50857294, 0.51295924, 0.50742143, 0.5060341, 0.50800693, 0.50971615, 0.5097998, 0.5095535, 0.51211816, 0.50853777, 0.506897, 0.5075002, 0.4996146, 0.4995392, 0.5088514, 0.50955725, 0.5080418, 0.51166713, 0.5103769, 0.51026535, 0.5079292, 0.50725806, 0.5130505, 0.5080367, 0.5084994, 0.50529206, 0.50267494, 0.50764376, 0.50754386, 0.51336616, 0.5138015, 0.5130647, 0.50561404, 0.5068211, 0.50879914, 0.51319075, 0.5079379, 0.50868934, 0.510176, 0.5102162, 0.5053549, 0.51096296, 0.5107927, 0.5043841, 0.5124476, 0.5115142, 0.5102667, 0.5088046, 0.5096872, 0.511509, 0.51153445, 0.5134603, 0.5076467, 0.5118969, 0.5094563, 0.51002026, 0.5135868, 0.51176476, 0.5125256, 0.51138455, 0.51207614, 0.5080551, 0.51425064, 0.51245993, 0.51268, 0.5147611, 0.51395273, 0.5137796, 0.5126814, 0.5129707, 0.51174176, 0.51175815, 0.51219505, 0.513651, 0.51424396, 0.5134356, 0.5128422, 0.5106706, 0.5041443, 0.50144523, 0.50889957, 0.5114544, 0.5116492, 0.51080847, 0.5137964, 0.50815684, 0.5079582, 0.50850046, 0.5086504, 0.5093882, 0.50775105, 0.5112439, 0.50951695, 0.50785357, 0.5116596, 0.5097793, 0.51005656, 0.5104223, 0.5107261, 0.5088429, 0.51087993, 0.51063, 0.5089373, 0.50887924, 0.5098846, 0.5105013, 0.5092639, 0.5083182, 0.5114349, 0.507619, 0.5091223, 0.50819916, 0.5003875, 0.5083943, 0.5112896, 0.5125958, 0.51251084, 0.5022968, 0.50769836, 0.50970614, 0.5091517, 0.5087184, 0.51352555, 0.5102088, 0.5089617, 0.5110156, 0.5107047]
[0.5010711, 0.5036538, 0.50414723, 0.50288737, 0.50182706, 0.5011919, 0.50188524, 0.50102335, 0.5013395, 0.502735, 0.5020582, 0.5032894, 0.5022146, 0.5017948, 0.5051751, 0.5007373, 0.5011313, 0.50258535, 0.5124388, 0.5117214, 0.51338863, 0.51331764, 0.5107281, 0.51016283, 0.5093676, 0.5124591, 0.5114646, 0.5114218, 0.5146498, 0.51136583, 0.51775664, 0.5087429, 0.5167197, 0.51908726, 0.50060284, 0.51201457, 0.51351047, 0.51537293, 0.5062357, 0.50070715, 0.50064, 0.50665164, 0.5025633, 0.5033809, 0.5043706, 0.50430274, 0.502888, 0.5012995, 0.5089982, 0.5046269, 0.5015412, 0.5007795, 0.51441735, 0.50129306, 0.5039133, 0.50428134, 0.50229764, 0.5001665, 0.50026274, 0.5040926, 0.5108131, 0.51020575, 0.50364465, 0.51410556, 0.51315403, 0.51454455, 0.51072145, 0.51063806, 0.5179661, 0.51282674, 0.51233435, 0.5129165, 0.51152825, 0.5084342, 0.51667607, 0.5171617, 0.51811767, 0.5135349, 0.51683635, 0.5133007, 0.51669586, 0.5167273, 0.51622003, 0.51544183, 0.5139548, 0.5159817, 0.5140045, 0.5121408, 0.5136533, 0.5172104, 0.5134711, 0.5110602, 0.51768804, 0.51455003, 0.51359975, 0.5131077, 0.5165292, 0.51713896, 0.51496077, 0.51968974, 0.5178706, 0.5179495, 0.5174088, 0.517951, 0.51818365, 0.5162235, 0.5175875, 0.517747, 0.51765484, 0.51617074, 0.5195385, 0.5176659, 0.51654464, 0.51585025, 0.50599134, 0.51474655, 0.516282, 0.514724, 0.5134836, 0.5104862, 0.50510293, 0.5145448, 0.511046, 0.5150882, 0.5146783, 0.5165701, 0.5145306, 0.51454186, 0.5177425, 0.5138028, 0.5131818, 0.5128095, 0.51125705, 0.50676924, 0.50785774, 0.51111084, 0.51138556, 0.51148653, 0.5115401, 0.51105595, 0.5181763, 0.5126945, 0.51497066, 0.5141782, 0.51164466, 0.5171198, 0.51044375, 0.50917494, 0.51043826, 0.5132045, 0.5132209, 0.51087356, 0.5158541, 0.5109695, 0.5087703, 0.50854737, 0.5030873, 0.50286794, 0.51091725, 0.5116632, 0.5102974, 0.5153302, 0.5136239, 0.5135375, 0.5102126, 0.50933146, 0.5181705, 0.50829166, 0.51269495, 0.50858027, 0.5033293, 0.5102504, 0.5092882, 0.5164519, 0.5182454, 0.51958185, 0.50673413, 0.50865626, 0.51178515, 0.51724565, 0.51126903, 0.5095456, 0.5118304, 0.512394, 0.50529724, 0.5136685, 0.51335305, 0.5045319, 0.5165008, 0.51611155, 0.5142874, 0.5116374, 0.51247257, 0.5151395, 0.51536924, 0.5187984, 0.5088455, 0.51416695, 0.51213396, 0.51318955, 0.51845855, 0.5164606, 0.51721317, 0.5156641, 0.5155284, 0.50997865, 0.51847404, 0.516011, 0.5164557, 0.51943487, 0.51856995, 0.5195424, 0.51637477, 0.517855, 0.5160374, 0.5158287, 0.51534384, 0.5168217, 0.5173499, 0.51701593, 0.5169176, 0.5156111, 0.504496, 0.5005819, 0.5090976, 0.51511496, 0.5135262, 0.512989, 0.51839745, 0.51083255, 0.5103653, 0.51046973, 0.5116556, 0.51242805, 0.5106355, 0.51494527, 0.51217866, 0.5089398, 0.5148008, 0.51409537, 0.51376265, 0.5139761, 0.51376855, 0.51130855, 0.5140724, 0.51445055, 0.5133294, 0.513, 0.5130661, 0.5146647, 0.5122293, 0.5103079, 0.5151238, 0.5102017, 0.5113245, 0.50936776, 0.5029116, 0.5105404, 0.51505953, 0.51691717, 0.5170293, 0.5037376, 0.5110795, 0.51247877, 0.51151246, 0.5128267, 0.51790583, 0.51402646, 0.5118564, 0.5148803, 0.5134808]
[0.5029841, 0.50622106, 0.5067094, 0.50478584, 0.50344336, 0.50233036, 0.502867, 0.50217533, 0.5027041, 0.5006626, 0.5007708, 0.50071037, 0.50046986, 0.5003584, 0.5011763, 0.5022765, 0.5002589, 0.5003344, 0.5065095, 0.5065295, 0.5071956, 0.5075429, 0.5062018, 0.5056655, 0.5037569, 0.50735456, 0.5062969, 0.50646883, 0.50866836, 0.5067515, 0.5104848, 0.5041942, 0.5097658, 0.5115266, 0.5019982, 0.5067621, 0.5073246, 0.5086166, 0.50314444, 0.50056905, 0.5017461, 0.502147, 0.5042226, 0.50543153, 0.5064085, 0.50599563, 0.5039314, 0.5003993, 0.50432277, 0.5012545, 0.5003246, 0.5009574, 0.50857055, 0.5025828, 0.5054618, 0.50613457, 0.503401, 0.50100607, 0.50113577, 0.5009475, 0.50587696, 0.50557375, 0.5003721, 0.50870097, 0.50817895, 0.50813895, 0.505116, 0.5056179, 0.5103588, 0.5076431, 0.50764745, 0.50752443, 0.5061041, 0.5044403, 0.50990367, 0.5101749, 0.5103572, 0.5073725, 0.50960517, 0.50691795, 0.50987685, 0.5104494, 0.5099999, 0.50938654, 0.50798994, 0.50940984, 0.5075037, 0.5062224, 0.5083537, 0.5101177, 0.5080811, 0.50604856, 0.51073354, 0.5085091, 0.50783896, 0.50733626, 0.50962114, 0.5104479, 0.50907207, 0.51201296, 0.510489, 0.51048476, 0.5103066, 0.51131815, 0.5113128, 0.5095307, 0.51074636, 0.5112448, 0.511103, 0.5097372, 0.51196694, 0.51042074, 0.5099461, 0.5095223, 0.5034804, 0.5086277, 0.50956094, 0.5087652, 0.5075455, 0.5059379, 0.5022174, 0.5084226, 0.5061098, 0.5092424, 0.50858444, 0.50958204, 0.50863874, 0.50889254, 0.5104396, 0.5076708, 0.5075521, 0.50713897, 0.50587326, 0.50317645, 0.5035984, 0.5064603, 0.50646394, 0.5062923, 0.50667036, 0.50617206, 0.5108852, 0.5070862, 0.50882584, 0.50810254, 0.50637573, 0.51046425, 0.50555784, 0.50446594, 0.50470454, 0.5074416, 0.5075045, 0.50535876, 0.509564, 0.5064108, 0.50462466, 0.50430816, 0.5040188, 0.5040805, 0.5060824, 0.5064774, 0.50470275, 0.5092391, 0.5081403, 0.50835896, 0.5039669, 0.50326294, 0.51083696, 0.5046754, 0.5067258, 0.50416905, 0.5019372, 0.50560564, 0.504993, 0.51025474, 0.51097375, 0.51174194, 0.50330824, 0.50476694, 0.5066781, 0.5104687, 0.505444, 0.50522006, 0.5067589, 0.5075422, 0.50255877, 0.5081282, 0.5080498, 0.5010979, 0.50964314, 0.5090284, 0.50813764, 0.5063075, 0.50644386, 0.5092061, 0.5089368, 0.51140213, 0.50458765, 0.50931484, 0.50737995, 0.50790215, 0.51088834, 0.50932986, 0.5107723, 0.50917435, 0.5093022, 0.50519115, 0.51119304, 0.50992495, 0.50942314, 0.5124123, 0.51121587, 0.511618, 0.5097518, 0.51076967, 0.50912726, 0.50924265, 0.50968766, 0.5102625, 0.5107031, 0.5106805, 0.51019436, 0.5091271, 0.50059396, 0.50072885, 0.50528127, 0.50917804, 0.50817764, 0.50752795, 0.51086855, 0.5050348, 0.50442463, 0.5048297, 0.50558555, 0.50653416, 0.50534874, 0.5087037, 0.5064709, 0.50464815, 0.508861, 0.5083498, 0.50839955, 0.5088636, 0.508499, 0.50639886, 0.5087127, 0.5082576, 0.50733143, 0.50720686, 0.5079096, 0.5087247, 0.5070122, 0.5050886, 0.50903165, 0.5050822, 0.5064349, 0.50525075, 0.50395507, 0.5052631, 0.5084616, 0.50983804, 0.50948733, 0.5020786, 0.5062913, 0.5074642, 0.5065152, 0.50715584, 0.5106404, 0.50815004, 0.50622416, 0.50889486, 0.5080244]
[0.4999857, 0.5032731, 0.50388163, 0.5022852, 0.5015755, 0.50014913, 0.500782, 0.50001746, 0.50085515, 0.5016495, 0.5022093, 0.50118744, 0.5016851, 0.5004455, 0.5026374, 0.49983603, 0.5008128, 0.5008695, 0.50920266, 0.50912344, 0.51014364, 0.5103936, 0.5082521, 0.5071719, 0.50612116, 0.51007795, 0.5088743, 0.50912327, 0.5111883, 0.50937, 0.5137639, 0.50606513, 0.51281345, 0.5144803, 0.49967232, 0.50958586, 0.50969917, 0.5119159, 0.504457, 0.50078976, 0.49998295, 0.50447714, 0.5018486, 0.503038, 0.50402033, 0.5039163, 0.5022627, 0.50081074, 0.5068417, 0.502547, 0.5010509, 0.5001223, 0.5107824, 0.499872, 0.5028438, 0.5035805, 0.50161976, 0.4998552, 0.49983376, 0.5016818, 0.50876623, 0.5079126, 0.5019107, 0.5112223, 0.51084584, 0.5114683, 0.5078925, 0.50773656, 0.5139872, 0.5106869, 0.5101448, 0.51034975, 0.5087882, 0.5057524, 0.5128523, 0.5130532, 0.5140386, 0.51046777, 0.5126568, 0.51015323, 0.5124442, 0.5133113, 0.51283306, 0.51211745, 0.5108918, 0.5121035, 0.5104056, 0.50925237, 0.5107966, 0.5132251, 0.51037383, 0.50852454, 0.5137396, 0.5113012, 0.5107181, 0.5103377, 0.51270103, 0.5132706, 0.5115622, 0.51539713, 0.5137206, 0.5134911, 0.51341504, 0.5140716, 0.514399, 0.5124683, 0.51401806, 0.5139806, 0.51362455, 0.5120889, 0.5151766, 0.5135597, 0.513101, 0.51259124, 0.50477767, 0.51128423, 0.5127164, 0.51195985, 0.5103018, 0.5079745, 0.5049049, 0.51116407, 0.5087188, 0.5121433, 0.5113059, 0.5124672, 0.5112263, 0.5115054, 0.51346946, 0.5105365, 0.5106837, 0.5098693, 0.5086078, 0.504674, 0.50509715, 0.50892437, 0.5088557, 0.5092813, 0.50931495, 0.5088291, 0.5140782, 0.50959384, 0.51173186, 0.5108953, 0.5089201, 0.5137862, 0.5085717, 0.50655466, 0.5072326, 0.5100623, 0.51023984, 0.5073615, 0.5124553, 0.5089399, 0.5069469, 0.50583905, 0.5019293, 0.50196135, 0.5088228, 0.50891525, 0.5069326, 0.5117722, 0.5107233, 0.5107638, 0.5072799, 0.5064576, 0.5142001, 0.50666225, 0.50955063, 0.50689244, 0.5039983, 0.50830686, 0.5078521, 0.5128784, 0.51416767, 0.51513046, 0.5054081, 0.5071095, 0.5090355, 0.5133502, 0.5086628, 0.5073423, 0.50894684, 0.51045084, 0.5036771, 0.5112653, 0.5108812, 0.5026016, 0.51266116, 0.5119993, 0.5107327, 0.5084636, 0.50929725, 0.511685, 0.5121124, 0.5146237, 0.5065743, 0.5122289, 0.50992095, 0.51049703, 0.5143117, 0.51254493, 0.51402605, 0.51216817, 0.5121146, 0.5071488, 0.5142723, 0.5128745, 0.51256686, 0.5156423, 0.5143434, 0.5148992, 0.51283854, 0.5135507, 0.5121024, 0.51240337, 0.51263285, 0.5130687, 0.5138234, 0.513826, 0.51313263, 0.5121371, 0.5034092, 0.50075257, 0.5075942, 0.51183367, 0.5109442, 0.5100743, 0.51399755, 0.5071051, 0.5060886, 0.5066313, 0.5078476, 0.5087893, 0.50843525, 0.5113547, 0.5084372, 0.5074709, 0.511714, 0.51076525, 0.51089543, 0.51115173, 0.5109692, 0.509332, 0.51163495, 0.5111286, 0.5101053, 0.510447, 0.5106232, 0.51130944, 0.5098762, 0.50791526, 0.51194423, 0.5072543, 0.5086598, 0.50723976, 0.50212383, 0.5084152, 0.5110862, 0.51276404, 0.51251686, 0.50343895, 0.5088165, 0.50999624, 0.5088322, 0.5101521, 0.5136021, 0.51141435, 0.5090004, 0.51154685, 0.5108671]
[0.5018741, 0.5044178, 0.50519, 0.5038592, 0.5028085, 0.5015671, 0.5022821, 0.5016714, 0.50210255, 0.5006574, 0.501468, 0.5007347, 0.50041074, 0.50114316, 0.5012319, 0.50168294, 0.5004918, 0.5008991, 0.50822335, 0.50795716, 0.508647, 0.5088808, 0.50674504, 0.5062035, 0.5049341, 0.507966, 0.50677013, 0.5075131, 0.50955594, 0.5090967, 0.5125016, 0.5059438, 0.5106159, 0.5136356, 0.50108534, 0.50885123, 0.5091031, 0.5102294, 0.5047512, 0.5005865, 0.50116277, 0.5035038, 0.5031668, 0.5040008, 0.5048566, 0.50481987, 0.5034775, 0.501703, 0.5061018, 0.50214314, 0.500754, 0.5012829, 0.5099074, 0.5015922, 0.50432324, 0.5049177, 0.5033363, 0.5013048, 0.5012131, 0.5003561, 0.50711113, 0.50583607, 0.50051355, 0.5103204, 0.5099665, 0.5093998, 0.50651044, 0.5076519, 0.51270807, 0.5099224, 0.5098199, 0.50963736, 0.5080779, 0.50660086, 0.5112586, 0.5114787, 0.5125771, 0.509137, 0.51117873, 0.5091386, 0.51195556, 0.51218826, 0.5117294, 0.51146835, 0.50965536, 0.5112829, 0.5092384, 0.507854, 0.50997, 0.51171046, 0.509732, 0.5083768, 0.5119962, 0.50998473, 0.5093125, 0.5089683, 0.5113773, 0.5119321, 0.5110806, 0.5134824, 0.5125227, 0.5120688, 0.5120479, 0.51282823, 0.51295537, 0.5113029, 0.5126461, 0.51272637, 0.51277804, 0.51152384, 0.5139148, 0.51234955, 0.51198196, 0.51150936, 0.5045495, 0.51043665, 0.51151055, 0.5093646, 0.5090986, 0.5076012, 0.50270677, 0.5096387, 0.5078487, 0.51049674, 0.50945956, 0.5109945, 0.5104196, 0.5105944, 0.512696, 0.50947386, 0.5090343, 0.50881624, 0.5075313, 0.50368476, 0.5043441, 0.5079426, 0.50751257, 0.50779784, 0.50794774, 0.50779223, 0.51239115, 0.50858974, 0.510063, 0.5096054, 0.5079757, 0.5120304, 0.5071408, 0.505281, 0.5068368, 0.50867796, 0.5092876, 0.5077783, 0.5115368, 0.5080151, 0.50641435, 0.50637084, 0.50289696, 0.5028748, 0.50775814, 0.5087406, 0.50675875, 0.51076865, 0.5097595, 0.5097419, 0.50728434, 0.5059301, 0.51252407, 0.50738484, 0.50808954, 0.5053926, 0.5022935, 0.5068326, 0.50640136, 0.51204175, 0.5128992, 0.5129348, 0.5040389, 0.50598556, 0.5084712, 0.5117023, 0.50678843, 0.5074025, 0.5085371, 0.5094045, 0.50428635, 0.51009834, 0.50996125, 0.5020658, 0.51141334, 0.51062936, 0.5096854, 0.5081481, 0.50828755, 0.51053524, 0.51037925, 0.5132361, 0.50602716, 0.5107104, 0.5085741, 0.50912493, 0.51224035, 0.51110387, 0.5121272, 0.51088554, 0.5112659, 0.50694406, 0.513646, 0.51170665, 0.51150984, 0.51454383, 0.51291645, 0.5134231, 0.5115179, 0.5124096, 0.51151127, 0.5110802, 0.5117978, 0.5124782, 0.5127754, 0.51270086, 0.511778, 0.5106448, 0.501151, 0.5011945, 0.5075053, 0.51094383, 0.51092106, 0.50960904, 0.51270854, 0.50681543, 0.5064855, 0.5066734, 0.507459, 0.5083775, 0.5073953, 0.5102813, 0.5086562, 0.50733507, 0.5108308, 0.5094911, 0.50976354, 0.51000404, 0.50999075, 0.50798106, 0.51051396, 0.5102142, 0.5087786, 0.508366, 0.509502, 0.5104521, 0.5087078, 0.507011, 0.5107586, 0.5070792, 0.5082649, 0.5075405, 0.5035117, 0.50718206, 0.5100191, 0.51116043, 0.5111329, 0.50113, 0.5071472, 0.5090953, 0.5083878, 0.508299, 0.5129951, 0.5093176, 0.5081522, 0.5105547, 0.51002795]
[0.50198406, 0.50516254, 0.50591826, 0.5042996, 0.50308394, 0.501267, 0.5018315, 0.50120884, 0.5021927, 0.50016606, 0.5014861, 0.5008447, 0.50029236, 0.49997556, 0.50202227, 0.5013454, 0.5003134, 0.5005096, 0.50595516, 0.5066432, 0.50728923, 0.5075779, 0.50722724, 0.5067094, 0.5042041, 0.5065208, 0.5054103, 0.5057093, 0.50795776, 0.5069221, 0.51045394, 0.5047827, 0.508798, 0.5112769, 0.50141704, 0.5061138, 0.5071534, 0.5086355, 0.5048426, 0.50063556, 0.5015227, 0.50185156, 0.50339013, 0.5045665, 0.50514877, 0.5046079, 0.5030023, 0.500627, 0.5045674, 0.50144637, 0.5007363, 0.5005526, 0.507661, 0.501468, 0.5042556, 0.5046809, 0.5033369, 0.50052303, 0.50034714, 0.50009143, 0.505211, 0.50389063, 0.50031245, 0.5088642, 0.5084086, 0.50789446, 0.5048459, 0.5063036, 0.5100513, 0.5081859, 0.5084037, 0.5077459, 0.5069909, 0.5042014, 0.50929666, 0.50972486, 0.5102651, 0.5071799, 0.5095705, 0.50747705, 0.5098901, 0.5103744, 0.5099985, 0.50948966, 0.5077785, 0.50851935, 0.5068365, 0.50530237, 0.5089625, 0.5102047, 0.5079899, 0.50653285, 0.51005256, 0.5088762, 0.50822324, 0.5087373, 0.5090866, 0.5100075, 0.50917494, 0.5114756, 0.51051223, 0.5097782, 0.5098722, 0.51096886, 0.5109089, 0.5094245, 0.51079404, 0.51085496, 0.51073635, 0.5095039, 0.5117262, 0.5104768, 0.5092572, 0.5090192, 0.5052081, 0.5085871, 0.5103262, 0.50871307, 0.50746816, 0.5070581, 0.5020165, 0.5080986, 0.50626624, 0.50918347, 0.5084892, 0.5096095, 0.5088542, 0.50903213, 0.5105465, 0.5073354, 0.50757146, 0.50735563, 0.50470996, 0.5034831, 0.5040131, 0.5067628, 0.5061275, 0.50647944, 0.50671834, 0.5061961, 0.5105329, 0.50728345, 0.5085169, 0.50776774, 0.506025, 0.51026326, 0.5053999, 0.503901, 0.5050916, 0.5069149, 0.5075391, 0.5067288, 0.5095421, 0.5064873, 0.5048598, 0.5048284, 0.50284487, 0.5028339, 0.50664055, 0.5069582, 0.50534344, 0.5094491, 0.50811416, 0.5080106, 0.504867, 0.5039164, 0.5099452, 0.5053816, 0.50641835, 0.50262576, 0.50101256, 0.50574845, 0.505251, 0.5105228, 0.5111355, 0.5110065, 0.5037063, 0.50479937, 0.5067746, 0.5106048, 0.50523984, 0.504656, 0.5071954, 0.5083116, 0.5023306, 0.5088516, 0.50875443, 0.50144976, 0.5095166, 0.5089391, 0.5078915, 0.5061459, 0.5073895, 0.50905585, 0.5087217, 0.51030415, 0.5055784, 0.5095451, 0.5074727, 0.50788397, 0.5106144, 0.50904083, 0.51067495, 0.50915664, 0.5096395, 0.5059154, 0.5112631, 0.5095297, 0.5099943, 0.5120056, 0.5109746, 0.5109302, 0.50976115, 0.5104149, 0.50881267, 0.5091675, 0.50981176, 0.5113191, 0.51170206, 0.51050484, 0.5102671, 0.50816894, 0.50040627, 0.5000013, 0.5065345, 0.5088449, 0.5085303, 0.50792986, 0.51080304, 0.5041158, 0.50416285, 0.5049115, 0.5053166, 0.50632197, 0.5058343, 0.50860095, 0.50637573, 0.5052679, 0.5092115, 0.50783664, 0.507672, 0.5078352, 0.5081362, 0.5070079, 0.50889623, 0.5081339, 0.50665236, 0.50697833, 0.507957, 0.5079418, 0.50708777, 0.5055746, 0.5090418, 0.504759, 0.5069674, 0.50615096, 0.5035103, 0.50622624, 0.50886434, 0.50915706, 0.50937325, 0.50086176, 0.50620043, 0.5074512, 0.5063486, 0.50657034, 0.5113204, 0.5084391, 0.5057408, 0.5090969, 0.5081891]
[0.50182915, 0.5048717, 0.50562495, 0.5039344, 0.5026859, 0.5012138, 0.5017603, 0.5017225, 0.5018202, 0.5035908, 0.5039084, 0.5034457, 0.50224376, 0.50143886, 0.5046321, 0.5017285, 0.50243473, 0.5037219, 0.5114713, 0.5111435, 0.5122116, 0.51205623, 0.50917274, 0.50962466, 0.5086685, 0.5114143, 0.5104849, 0.51081926, 0.5125622, 0.51199925, 0.5154122, 0.5089904, 0.51390636, 0.5163121, 0.50124484, 0.5120581, 0.51240814, 0.5141101, 0.5063263, 0.5019784, 0.50100833, 0.5077762, 0.50321066, 0.5042512, 0.50519526, 0.50496995, 0.50343555, 0.50446296, 0.50927794, 0.5063558, 0.5035802, 0.5014383, 0.51318014, 0.501638, 0.50467986, 0.5051643, 0.5030698, 0.501395, 0.5015641, 0.5033503, 0.5100602, 0.5095417, 0.5028191, 0.5129292, 0.51216847, 0.51238453, 0.5102024, 0.51036745, 0.5159053, 0.5122969, 0.5122194, 0.51180017, 0.5107386, 0.5098142, 0.5142416, 0.5146153, 0.51577514, 0.5126765, 0.514482, 0.5126613, 0.5146018, 0.5146899, 0.514321, 0.5140073, 0.5128494, 0.51412374, 0.5126253, 0.5114731, 0.51256096, 0.514929, 0.5123886, 0.5114701, 0.5147648, 0.5136821, 0.5125238, 0.5120658, 0.5146697, 0.51472825, 0.5135067, 0.516673, 0.51592654, 0.515202, 0.51532674, 0.51574886, 0.5159431, 0.51460475, 0.51548475, 0.5155169, 0.51534945, 0.5141028, 0.5165498, 0.51542866, 0.51458037, 0.5147136, 0.5072684, 0.5128805, 0.51463264, 0.5129476, 0.51229215, 0.51074904, 0.50838166, 0.5131524, 0.51063204, 0.5136147, 0.5127802, 0.51405466, 0.5133909, 0.513385, 0.51557815, 0.51259017, 0.5123232, 0.5121577, 0.51090145, 0.50780237, 0.507927, 0.5101878, 0.51066715, 0.51031744, 0.5106761, 0.51074344, 0.5158046, 0.5117793, 0.5138009, 0.5129601, 0.51102144, 0.5151625, 0.5103709, 0.508561, 0.5105519, 0.51236075, 0.51251227, 0.510658, 0.5139005, 0.5102876, 0.5081976, 0.50962937, 0.5032255, 0.5031376, 0.51127815, 0.51158583, 0.510562, 0.5138645, 0.5125591, 0.5128318, 0.5103748, 0.50947475, 0.51553565, 0.5095731, 0.51139086, 0.50889075, 0.5061843, 0.5102816, 0.50986314, 0.5147025, 0.5157976, 0.5165592, 0.50763965, 0.5091547, 0.5112568, 0.51524395, 0.511099, 0.50980645, 0.5112819, 0.5124294, 0.5078359, 0.5131373, 0.51267564, 0.50551367, 0.5149552, 0.5139591, 0.51295227, 0.51134294, 0.5113849, 0.5140389, 0.51385254, 0.51640654, 0.5091962, 0.51300246, 0.5115426, 0.5121836, 0.5156894, 0.51445776, 0.515156, 0.5138771, 0.5145453, 0.50941586, 0.5166583, 0.51468295, 0.51444006, 0.5171217, 0.5158416, 0.5169621, 0.51483274, 0.5156183, 0.5149168, 0.5144192, 0.5144515, 0.5150409, 0.5157718, 0.5157441, 0.5147426, 0.5138504, 0.5045773, 0.50166124, 0.5098938, 0.5136401, 0.5133841, 0.5121938, 0.5157044, 0.5103543, 0.5100844, 0.51042044, 0.5111799, 0.5118813, 0.51030666, 0.5135807, 0.5113094, 0.51046956, 0.51377183, 0.5127358, 0.5125699, 0.5125335, 0.512517, 0.5112698, 0.5130896, 0.5128763, 0.51193494, 0.5118811, 0.5125144, 0.5124586, 0.5117177, 0.5106981, 0.51372916, 0.5099277, 0.5110657, 0.5091951, 0.50352466, 0.51057935, 0.51354146, 0.5147585, 0.51487046, 0.5045749, 0.5104204, 0.51195997, 0.51116997, 0.5111062, 0.51588446, 0.5125881, 0.510936, 0.51366276, 0.5125513]
[0.49995196, 0.5023935, 0.5028579, 0.50186586, 0.50091445, 0.50008744, 0.5002067, 0.50025034, 0.5006023, 0.5043361, 0.5035616, 0.504316, 0.50458, 0.5032239, 0.50809246, 0.5001077, 0.5022607, 0.5037423, 0.51217604, 0.5130033, 0.5130592, 0.51363707, 0.5128023, 0.5124594, 0.5095641, 0.51265204, 0.51152825, 0.5120199, 0.5142146, 0.5132166, 0.5177176, 0.5095, 0.51590484, 0.51863104, 0.49991027, 0.512428, 0.513987, 0.5156777, 0.50921917, 0.50340694, 0.49979457, 0.506666, 0.5012501, 0.5021056, 0.5023287, 0.5021909, 0.500845, 0.505266, 0.5093159, 0.5068334, 0.50428295, 0.50102675, 0.51454616, 0.4999435, 0.50200874, 0.5025162, 0.50130713, 0.50193554, 0.50126606, 0.5058505, 0.5105542, 0.509267, 0.5034582, 0.5154911, 0.514263, 0.51526994, 0.5119565, 0.511985, 0.51757437, 0.51406646, 0.5140128, 0.5145502, 0.5129074, 0.50790256, 0.51702064, 0.5175356, 0.517842, 0.5135801, 0.5167974, 0.51365423, 0.5163977, 0.5174289, 0.5169727, 0.51622313, 0.51408845, 0.5159504, 0.5133502, 0.512033, 0.5152459, 0.51706964, 0.5143838, 0.51263714, 0.51687217, 0.5155177, 0.51448405, 0.5145471, 0.51644903, 0.5171928, 0.51555735, 0.5191573, 0.517588, 0.5173019, 0.5170741, 0.5180604, 0.5180626, 0.51659036, 0.51749384, 0.5177073, 0.517481, 0.5160458, 0.51938224, 0.5177151, 0.51650596, 0.5158835, 0.5093253, 0.5152641, 0.5173465, 0.5152, 0.51399326, 0.51251584, 0.5078607, 0.5147345, 0.51253736, 0.5155534, 0.51429886, 0.51645124, 0.5153623, 0.51561046, 0.5173926, 0.5139025, 0.5140369, 0.5134433, 0.5112649, 0.50731, 0.5079822, 0.51235664, 0.512507, 0.51241845, 0.51262033, 0.51213837, 0.51793975, 0.51328826, 0.51506394, 0.51419634, 0.51252145, 0.5173453, 0.51169163, 0.5096899, 0.5112158, 0.5131631, 0.5135886, 0.5123003, 0.51617706, 0.5116837, 0.50920844, 0.5096907, 0.50089103, 0.50091374, 0.51251274, 0.5128652, 0.5115188, 0.51597655, 0.5144267, 0.5146315, 0.51147205, 0.5108078, 0.5173242, 0.5100438, 0.512766, 0.506293, 0.50326824, 0.5116715, 0.5110972, 0.51747465, 0.51849943, 0.51866674, 0.5092534, 0.51074725, 0.5124818, 0.51756966, 0.51157403, 0.5110544, 0.5128919, 0.51422924, 0.5051783, 0.5150873, 0.5145879, 0.5055961, 0.5164445, 0.51550895, 0.51446146, 0.51252973, 0.51341605, 0.5156668, 0.5154611, 0.5181116, 0.5107025, 0.5163638, 0.5136193, 0.5141881, 0.51787084, 0.5162498, 0.51760685, 0.5158208, 0.51613826, 0.51124424, 0.51875055, 0.51634556, 0.51655024, 0.5195158, 0.5182125, 0.5189904, 0.51667464, 0.5174432, 0.51582026, 0.51606303, 0.5163985, 0.5178687, 0.51839095, 0.5180384, 0.5175953, 0.5149787, 0.5068117, 0.5017527, 0.5119669, 0.5157241, 0.51488924, 0.51378834, 0.51821274, 0.51108897, 0.5101243, 0.51076347, 0.5112325, 0.51228213, 0.511652, 0.51478875, 0.5123167, 0.51100296, 0.51538974, 0.5144284, 0.5144548, 0.5149654, 0.5151757, 0.5133291, 0.5154097, 0.5144897, 0.51327264, 0.5137388, 0.5141963, 0.51500624, 0.5131036, 0.5103135, 0.51588863, 0.511206, 0.51271397, 0.51141477, 0.50126916, 0.5111213, 0.5149323, 0.5163208, 0.51594096, 0.50341314, 0.5118202, 0.5130408, 0.5129181, 0.5133358, 0.5179502, 0.5148412, 0.5120517, 0.51502365, 0.5141332]
[0.500762, 0.50430244, 0.50520784, 0.50372547, 0.50173414, 0.5006146, 0.5012419, 0.500495, 0.5008878, 0.5032791, 0.5035442, 0.5047297, 0.50503635, 0.50437254, 0.5058733, 0.5005987, 0.5019011, 0.50346994, 0.50914043, 0.509449, 0.509812, 0.51044714, 0.509339, 0.5091245, 0.507133, 0.509474, 0.50889605, 0.5095, 0.5109182, 0.50960934, 0.5135182, 0.5072427, 0.51232797, 0.5141622, 0.5004565, 0.5093371, 0.5101434, 0.5118623, 0.50630575, 0.502506, 0.5005733, 0.50531363, 0.502496, 0.5034056, 0.5042538, 0.50388014, 0.50181866, 0.5035627, 0.5077617, 0.50523186, 0.5041779, 0.50179034, 0.510974, 0.5008294, 0.50397205, 0.5045112, 0.5026081, 0.50219816, 0.502103, 0.50491405, 0.50845593, 0.5077515, 0.5028555, 0.5116624, 0.51047134, 0.5114297, 0.5087207, 0.50894594, 0.51299804, 0.51062584, 0.510548, 0.51039624, 0.5093818, 0.5070458, 0.51276857, 0.51317465, 0.5133184, 0.51026255, 0.5126721, 0.5101084, 0.51265615, 0.51303935, 0.51288086, 0.51216316, 0.51083636, 0.5121036, 0.5102608, 0.508998, 0.5112921, 0.5128459, 0.510885, 0.5093329, 0.5130533, 0.51164, 0.51083446, 0.51120466, 0.5123245, 0.5130235, 0.511678, 0.51481825, 0.5134378, 0.5131494, 0.51299316, 0.51386684, 0.5138996, 0.5124273, 0.5132421, 0.5137327, 0.5135495, 0.51216364, 0.5145506, 0.5135368, 0.51254416, 0.5118951, 0.506424, 0.5115054, 0.51310045, 0.51156366, 0.510529, 0.50920576, 0.50481623, 0.51098204, 0.509271, 0.51234317, 0.51134175, 0.5125353, 0.5114979, 0.5119185, 0.513379, 0.5102727, 0.5102402, 0.51006496, 0.50829875, 0.5056864, 0.50647974, 0.5095062, 0.5094163, 0.50912654, 0.5094327, 0.5089879, 0.51364994, 0.5098249, 0.5116653, 0.51078045, 0.5092428, 0.513422, 0.5085652, 0.5071474, 0.50799316, 0.5099105, 0.51020783, 0.5089336, 0.51237553, 0.5091163, 0.5073706, 0.50714874, 0.50241584, 0.50217795, 0.50920904, 0.5093359, 0.50827336, 0.5123122, 0.5110932, 0.51094913, 0.5077845, 0.50740856, 0.5132305, 0.5073599, 0.50929064, 0.50593036, 0.5035152, 0.50848377, 0.50789934, 0.51328003, 0.513914, 0.5144008, 0.5066672, 0.5078995, 0.50955164, 0.5134039, 0.5085951, 0.50796807, 0.5097455, 0.5106169, 0.50602365, 0.5110786, 0.51063424, 0.50446284, 0.512451, 0.51189905, 0.51086795, 0.50922924, 0.5096315, 0.51192325, 0.51171017, 0.5136874, 0.50804573, 0.5121282, 0.5098789, 0.51041675, 0.5138297, 0.5120597, 0.5133538, 0.51201797, 0.51210195, 0.5079936, 0.5140415, 0.51275915, 0.51214975, 0.5148291, 0.5137814, 0.5144765, 0.5126451, 0.5134471, 0.5117278, 0.51189417, 0.5120122, 0.5132711, 0.5135187, 0.5134108, 0.5132703, 0.5113927, 0.50463694, 0.50267637, 0.50860643, 0.51179916, 0.5111209, 0.5104806, 0.5136639, 0.50845706, 0.5077285, 0.5081027, 0.5084813, 0.50934434, 0.5085497, 0.51127326, 0.50940305, 0.50786906, 0.51155865, 0.5111496, 0.51123, 0.5114605, 0.5114301, 0.50915194, 0.5112493, 0.51089233, 0.51011, 0.5101073, 0.5105948, 0.51148444, 0.5101286, 0.5076579, 0.5117349, 0.5081993, 0.5092952, 0.5081712, 0.50199974, 0.50837487, 0.5114595, 0.5126174, 0.5124309, 0.5043559, 0.50916904, 0.50977886, 0.5092701, 0.5096329, 0.5133064, 0.5110985, 0.50926495, 0.51162124, 0.51076525]
[0.5005032, 0.50300807, 0.50371814, 0.5028612, 0.50185543, 0.5008032, 0.5012361, 0.50096023, 0.5015043, 0.4995733, 0.49916455, 0.49900573, 0.49909487, 0.49909434, 0.499928, 0.5010732, 0.4997978, 0.4991611, 0.50871253, 0.5073909, 0.508505, 0.50943685, 0.5042956, 0.50400996, 0.50260526, 0.50748986, 0.5049997, 0.5063113, 0.51047367, 0.5081454, 0.51481026, 0.5023209, 0.51240516, 0.5162959, 0.5005529, 0.5085781, 0.5095048, 0.5118629, 0.5002956, 0.5001188, 0.5003937, 0.50141513, 0.50168836, 0.5025805, 0.5035241, 0.50343174, 0.50234747, 0.49904, 0.5026332, 0.5013064, 0.49959943, 0.50048727, 0.51132363, 0.5008343, 0.50330293, 0.50361586, 0.50199354, 0.50023556, 0.5001033, 0.4989251, 0.5045741, 0.5026613, 0.49973658, 0.5113413, 0.51018655, 0.51111245, 0.5078314, 0.5068366, 0.51448774, 0.50971115, 0.50895, 0.5100123, 0.5078699, 0.5027881, 0.5127758, 0.51318455, 0.51493055, 0.51004076, 0.5129759, 0.5093206, 0.51349634, 0.51378465, 0.51302505, 0.5123336, 0.51093644, 0.51344377, 0.51001513, 0.50796443, 0.5095217, 0.5134613, 0.5108952, 0.507939, 0.51442057, 0.5115845, 0.51067203, 0.509268, 0.5136862, 0.5142746, 0.5120098, 0.5164906, 0.51515055, 0.51464725, 0.514279, 0.515247, 0.5150237, 0.5129733, 0.51401573, 0.51495343, 0.5150334, 0.5129623, 0.5167182, 0.5153186, 0.51343393, 0.51270026, 0.5007912, 0.51140994, 0.5134654, 0.5104945, 0.5095742, 0.50628483, 0.4991007, 0.5105977, 0.50671804, 0.51143736, 0.51041615, 0.51271546, 0.51120216, 0.5123996, 0.5146985, 0.5091621, 0.5091689, 0.5085961, 0.5067057, 0.500066, 0.5010745, 0.5059558, 0.5057501, 0.505766, 0.50601524, 0.5067247, 0.51511693, 0.50811213, 0.5110715, 0.5102941, 0.50744224, 0.51415306, 0.5049089, 0.50143063, 0.50644064, 0.51014733, 0.50949657, 0.5078688, 0.5125583, 0.5071927, 0.5034371, 0.5035989, 0.5015299, 0.501589, 0.50674945, 0.50929, 0.5062947, 0.5119519, 0.5101951, 0.5113208, 0.507423, 0.5051693, 0.51491946, 0.5048777, 0.50733864, 0.5024522, 0.4990771, 0.50446427, 0.50265497, 0.51356995, 0.5152924, 0.51523507, 0.5001732, 0.5023672, 0.50835603, 0.51399446, 0.50533426, 0.5073308, 0.509127, 0.5089408, 0.4999957, 0.51077396, 0.51075214, 0.49927816, 0.51357734, 0.51200765, 0.5101745, 0.5078663, 0.5073014, 0.511423, 0.5114074, 0.5162208, 0.50404924, 0.51137936, 0.50760454, 0.5088445, 0.5153117, 0.5132995, 0.51369834, 0.5119501, 0.5122967, 0.5049362, 0.51635075, 0.51362354, 0.51322657, 0.51642495, 0.51494414, 0.5164086, 0.51339245, 0.5147432, 0.5130361, 0.5125287, 0.51228243, 0.51458526, 0.5145473, 0.5149443, 0.5139801, 0.5116172, 0.49900243, 0.49970835, 0.50554186, 0.5119704, 0.51168495, 0.5107376, 0.5150369, 0.50808, 0.50754565, 0.5076734, 0.5085359, 0.5097659, 0.50610566, 0.5115254, 0.5097874, 0.50425076, 0.51091313, 0.51005864, 0.51026285, 0.51092017, 0.51134586, 0.5066471, 0.5107726, 0.51086074, 0.5095494, 0.5083577, 0.50962317, 0.5113103, 0.509186, 0.5058004, 0.5123993, 0.50519776, 0.50695515, 0.50495905, 0.5013919, 0.50448805, 0.5111143, 0.5139479, 0.51404583, 0.4991368, 0.5049194, 0.5089514, 0.50810474, 0.50738746, 0.5145783, 0.50976235, 0.5075721, 0.51157206, 0.5110098]
[0.50057656, 0.5026094, 0.50300306, 0.50200266, 0.50129884, 0.5003392, 0.5006823, 0.50043577, 0.5007573, 0.50255424, 0.50275886, 0.5016547, 0.50094277, 0.5004745, 0.5039063, 0.50034636, 0.49960133, 0.50183344, 0.5114268, 0.5113977, 0.5125526, 0.5130556, 0.5114827, 0.5107547, 0.508361, 0.51220024, 0.51106954, 0.5115014, 0.5136621, 0.5117745, 0.51745296, 0.50861096, 0.5159396, 0.5185494, 0.5005507, 0.51143754, 0.51226205, 0.51513827, 0.506216, 0.5000249, 0.50034666, 0.5053112, 0.5014706, 0.50223833, 0.5025558, 0.5024703, 0.501362, 0.50204283, 0.5092711, 0.5029287, 0.5010993, 0.5000735, 0.5136008, 0.5004353, 0.5021413, 0.502573, 0.5012185, 0.49960133, 0.4996703, 0.5025523, 0.5108178, 0.5100282, 0.5014106, 0.514852, 0.5135122, 0.5141525, 0.50943255, 0.51003355, 0.5170286, 0.51356304, 0.5132528, 0.51259756, 0.51155925, 0.5082094, 0.5163432, 0.5168777, 0.5172778, 0.51317394, 0.51608956, 0.51258045, 0.5162615, 0.51667637, 0.5162883, 0.5154113, 0.5134601, 0.5151031, 0.5125969, 0.51112115, 0.5142677, 0.51698637, 0.51335746, 0.511505, 0.51640755, 0.51507676, 0.5135123, 0.5139388, 0.51559514, 0.51744545, 0.5146727, 0.51912683, 0.51760024, 0.51651734, 0.51652825, 0.5180586, 0.518239, 0.51615447, 0.5178607, 0.517813, 0.51746166, 0.5155847, 0.5190403, 0.5178077, 0.51648057, 0.51536906, 0.5080782, 0.5137977, 0.5165932, 0.51557225, 0.5130603, 0.5110721, 0.504672, 0.5139145, 0.51127523, 0.51569545, 0.51482403, 0.5159377, 0.51469463, 0.51537234, 0.5172333, 0.5132731, 0.51307046, 0.51238066, 0.5099548, 0.50615203, 0.507466, 0.511689, 0.5113442, 0.5112974, 0.51123035, 0.5108471, 0.5180614, 0.5125624, 0.515121, 0.51387334, 0.5112088, 0.51730853, 0.5106569, 0.50837517, 0.50972587, 0.5122968, 0.5134286, 0.51062995, 0.5161642, 0.51191074, 0.50950325, 0.50892127, 0.5018222, 0.5019248, 0.5119641, 0.5118671, 0.5094949, 0.5154545, 0.51393366, 0.513743, 0.50851226, 0.5084344, 0.5169167, 0.50883925, 0.51151615, 0.5075053, 0.5035015, 0.510352, 0.5099423, 0.51720005, 0.51771706, 0.518972, 0.5077299, 0.50970864, 0.51193, 0.51726305, 0.5110419, 0.50904876, 0.5116215, 0.5133387, 0.5060567, 0.5142522, 0.51363444, 0.5032257, 0.516407, 0.5150071, 0.51339424, 0.5111618, 0.512375, 0.5155006, 0.51519537, 0.5180168, 0.5093305, 0.5157591, 0.51267725, 0.5132698, 0.5179412, 0.51565117, 0.51768917, 0.5156369, 0.5155361, 0.50920564, 0.5183784, 0.51640517, 0.5162077, 0.51982605, 0.51835126, 0.5188627, 0.5161976, 0.51730543, 0.51518905, 0.51570135, 0.51563776, 0.5176397, 0.51783484, 0.51729286, 0.5175924, 0.5147691, 0.50195074, 0.4997074, 0.5104116, 0.515091, 0.5140451, 0.5125481, 0.51750505, 0.50889367, 0.5078452, 0.50840724, 0.5095174, 0.51105344, 0.5105233, 0.51428145, 0.5104599, 0.51008904, 0.51497567, 0.51428986, 0.51425886, 0.5146499, 0.514488, 0.5121003, 0.5149616, 0.5139676, 0.51213765, 0.5127093, 0.5136698, 0.5144086, 0.5125331, 0.50968516, 0.5153792, 0.50963926, 0.5116489, 0.5102342, 0.501799, 0.5102819, 0.5148396, 0.5160789, 0.515617, 0.5038949, 0.5117283, 0.51282215, 0.51133704, 0.5115661, 0.51738256, 0.5143534, 0.5110521, 0.51465064, 0.5136892]
[0.50276744, 0.50569516, 0.50643796, 0.5044452, 0.5033578, 0.5014856, 0.50213504, 0.5019735, 0.50278693, 0.5019311, 0.5026637, 0.5013535, 0.5010127, 0.500734, 0.5028064, 0.50137633, 0.500576, 0.5013407, 0.509419, 0.50927204, 0.5102045, 0.5102728, 0.50821185, 0.5081621, 0.50629675, 0.5096945, 0.5086411, 0.50870705, 0.5113678, 0.5098924, 0.51384306, 0.5069187, 0.5122417, 0.5149476, 0.501632, 0.50953335, 0.510107, 0.51211065, 0.50552064, 0.5004756, 0.50120133, 0.50533766, 0.5035237, 0.504928, 0.5056979, 0.50563776, 0.50371313, 0.50047386, 0.5065716, 0.502398, 0.50120705, 0.5008478, 0.5106724, 0.5017215, 0.5050057, 0.5055772, 0.50355756, 0.50056565, 0.5003263, 0.5013808, 0.50831854, 0.5068647, 0.50155234, 0.51118726, 0.5111565, 0.510784, 0.5075335, 0.50791085, 0.51417303, 0.51130563, 0.51073945, 0.51005346, 0.50878567, 0.5069584, 0.5128286, 0.5129948, 0.5140241, 0.51058155, 0.51271415, 0.51029027, 0.513082, 0.5133826, 0.5128958, 0.51238483, 0.51088536, 0.5126819, 0.51038235, 0.508864, 0.5111864, 0.5135477, 0.51072276, 0.50926644, 0.5135583, 0.5111595, 0.51048994, 0.5104629, 0.5129183, 0.51351297, 0.5118417, 0.51521957, 0.5141639, 0.5137072, 0.5134623, 0.5142933, 0.5145025, 0.5129216, 0.51442045, 0.5143481, 0.51416343, 0.5126457, 0.51523995, 0.5137827, 0.513149, 0.512974, 0.50530803, 0.5114318, 0.5128184, 0.5111736, 0.51027757, 0.5086569, 0.5039936, 0.5111965, 0.5087191, 0.51191324, 0.5113304, 0.51256573, 0.5116517, 0.5116035, 0.5141691, 0.51072437, 0.51060593, 0.510356, 0.50806415, 0.5050468, 0.50557745, 0.5092026, 0.5087108, 0.50867915, 0.50913364, 0.50893426, 0.5141875, 0.50986385, 0.5118233, 0.5109518, 0.5093711, 0.5133636, 0.5082036, 0.5063606, 0.50780904, 0.510085, 0.5105217, 0.5080503, 0.5130409, 0.50902057, 0.5068067, 0.5070396, 0.5032436, 0.503163, 0.5090778, 0.50924486, 0.50738114, 0.5122439, 0.51109976, 0.51059145, 0.50735044, 0.50606835, 0.51427156, 0.5074293, 0.5096354, 0.50569296, 0.50330365, 0.5082155, 0.50807387, 0.51364464, 0.5145614, 0.51499736, 0.5046925, 0.506466, 0.5091278, 0.5139433, 0.50887597, 0.50785464, 0.5092606, 0.5103212, 0.50495636, 0.5112353, 0.5109055, 0.5027733, 0.5130656, 0.51223624, 0.51099175, 0.5090702, 0.50962466, 0.5120455, 0.5119352, 0.51464623, 0.50697243, 0.51207566, 0.5097924, 0.51048774, 0.5144516, 0.51265156, 0.51395506, 0.5122864, 0.51240206, 0.5075064, 0.5147039, 0.5128281, 0.5125327, 0.5155819, 0.514529, 0.5152502, 0.5129823, 0.51393116, 0.5124217, 0.51235306, 0.5133297, 0.5138377, 0.5144288, 0.51377374, 0.5131347, 0.5120993, 0.50228125, 0.50109994, 0.50816107, 0.51200044, 0.51135904, 0.5105862, 0.5142105, 0.5076074, 0.50712156, 0.5073474, 0.5084431, 0.5093726, 0.5080228, 0.5118127, 0.5092308, 0.5081973, 0.5120178, 0.5110004, 0.5109466, 0.51128423, 0.5111831, 0.50926584, 0.51166135, 0.51143944, 0.50999373, 0.5097078, 0.5107762, 0.51145244, 0.51001954, 0.50807166, 0.5121681, 0.50741625, 0.5094081, 0.5077473, 0.5039579, 0.5090524, 0.51187825, 0.5127826, 0.5127486, 0.5021528, 0.50844544, 0.51034564, 0.5090128, 0.50956005, 0.5141609, 0.5109156, 0.5091222, 0.511639, 0.5109338]
[0.5007315, 0.5033644, 0.5038183, 0.5029723, 0.5018364, 0.5009637, 0.5014571, 0.50097907, 0.5013882, 0.49939853, 0.49954337, 0.50191516, 0.5016412, 0.5007236, 0.5036502, 0.50103116, 0.49961346, 0.50073797, 0.51285595, 0.51198995, 0.513518, 0.51377726, 0.51075214, 0.510303, 0.5094402, 0.5125674, 0.51203656, 0.5121178, 0.51556253, 0.51154965, 0.52033067, 0.50707173, 0.5185722, 0.52086294, 0.5006892, 0.5121316, 0.5140336, 0.5165158, 0.50358653, 0.49980897, 0.50032455, 0.50402606, 0.5020947, 0.5027247, 0.5038121, 0.5035087, 0.50227547, 0.49911013, 0.50776225, 0.5026248, 0.5003057, 0.5005742, 0.5158695, 0.5010349, 0.50327456, 0.5039012, 0.50172275, 0.49984294, 0.49974376, 0.5004641, 0.5105181, 0.50917834, 0.49915385, 0.516924, 0.5144914, 0.51626366, 0.51117784, 0.51092786, 0.51982164, 0.5135194, 0.5136305, 0.51378864, 0.51276636, 0.50740165, 0.5185781, 0.51934665, 0.5197191, 0.5147946, 0.5185005, 0.51367956, 0.5183679, 0.5189549, 0.5180848, 0.5165812, 0.51545846, 0.5177777, 0.5149087, 0.51277596, 0.5148306, 0.5192657, 0.5146847, 0.511494, 0.5195627, 0.51590073, 0.51438177, 0.5140795, 0.51790035, 0.5190441, 0.5166572, 0.5222766, 0.51935726, 0.51941866, 0.51922244, 0.5205409, 0.52007383, 0.51743877, 0.51936394, 0.5204864, 0.5203889, 0.51850015, 0.52201974, 0.5200622, 0.5184282, 0.51807266, 0.50241625, 0.51578987, 0.5181134, 0.51601034, 0.5140302, 0.5110255, 0.5024246, 0.5154759, 0.5120555, 0.51627207, 0.51510715, 0.517818, 0.51573575, 0.5167178, 0.51945287, 0.5134453, 0.51400685, 0.51288086, 0.51204383, 0.503207, 0.5045819, 0.51136464, 0.5116561, 0.5116134, 0.51211816, 0.51106584, 0.52035105, 0.5132703, 0.516953, 0.51535815, 0.5120446, 0.5193112, 0.5096159, 0.50758976, 0.51033413, 0.51368195, 0.5141269, 0.51232827, 0.5166628, 0.5112199, 0.5074988, 0.50676274, 0.5021934, 0.5022401, 0.5111585, 0.512489, 0.51071167, 0.516675, 0.5147077, 0.5149406, 0.5088881, 0.5089772, 0.52016556, 0.5079415, 0.5125739, 0.5064367, 0.49976015, 0.50948447, 0.5080724, 0.5187608, 0.5204218, 0.52170074, 0.50459254, 0.5081537, 0.51261216, 0.5187653, 0.5100267, 0.51013845, 0.512537, 0.5129929, 0.5015117, 0.5147699, 0.5144275, 0.5002691, 0.5182771, 0.5176287, 0.5147071, 0.51215595, 0.5130556, 0.5164042, 0.51649034, 0.520964, 0.5092572, 0.51641756, 0.51283914, 0.5141736, 0.5209763, 0.5175088, 0.5190791, 0.5170769, 0.51686865, 0.50943613, 0.52053684, 0.51829803, 0.5179625, 0.5219117, 0.52072364, 0.5218324, 0.51855916, 0.5197437, 0.51737976, 0.5168011, 0.5167049, 0.5182027, 0.5192128, 0.5189992, 0.5196556, 0.5164869, 0.501129, 0.4996021, 0.5100403, 0.51755774, 0.51503146, 0.5139768, 0.520377, 0.51097333, 0.5106705, 0.5110426, 0.5117685, 0.5130212, 0.5101585, 0.51591426, 0.51312643, 0.50763893, 0.5159191, 0.51495993, 0.5153703, 0.51603377, 0.5158806, 0.5115642, 0.51502544, 0.5153652, 0.5134849, 0.5136634, 0.5136947, 0.51680213, 0.51313204, 0.510252, 0.5162416, 0.5103538, 0.5114306, 0.50910103, 0.50211275, 0.5107692, 0.51660824, 0.51883364, 0.51855224, 0.50274867, 0.511927, 0.51359624, 0.51187193, 0.5131606, 0.5193406, 0.5146751, 0.5120428, 0.51635027, 0.5145692]
[0.50170463, 0.50543916, 0.506289, 0.5045808, 0.5028909, 0.50089264, 0.5019211, 0.5013466, 0.50237036, 0.50222313, 0.50254035, 0.50204307, 0.50181645, 0.5015356, 0.5032877, 0.50097275, 0.5007964, 0.50225526, 0.5079249, 0.5080343, 0.50835294, 0.50884914, 0.50776976, 0.50715125, 0.50626284, 0.5083011, 0.5076446, 0.5078759, 0.5095429, 0.50857496, 0.5118059, 0.5062584, 0.510535, 0.5125321, 0.5013192, 0.5080929, 0.5089289, 0.5101681, 0.5051242, 0.5010575, 0.50126445, 0.5046249, 0.50336343, 0.5046474, 0.50527906, 0.504985, 0.50306773, 0.5024395, 0.5061883, 0.50320995, 0.50187993, 0.50010973, 0.50942916, 0.5009863, 0.5044344, 0.5053035, 0.5032435, 0.5006663, 0.5005764, 0.50227857, 0.5068682, 0.5067626, 0.50190496, 0.5103436, 0.509674, 0.50933653, 0.50628054, 0.50708413, 0.5117495, 0.5093833, 0.5093918, 0.5089221, 0.50806653, 0.5058918, 0.5110502, 0.5115106, 0.5117738, 0.50878847, 0.5107916, 0.5087919, 0.51124144, 0.5117078, 0.5112262, 0.5106826, 0.50904524, 0.51034653, 0.5087569, 0.5074567, 0.5102208, 0.51156914, 0.5092025, 0.5079632, 0.51124257, 0.51003677, 0.5091551, 0.5089886, 0.51049423, 0.51149595, 0.51041234, 0.5129277, 0.51202136, 0.5112202, 0.5113934, 0.51216114, 0.5123091, 0.5110165, 0.51194733, 0.5119552, 0.511881, 0.5107149, 0.5129745, 0.5116932, 0.51116383, 0.5107132, 0.50629646, 0.5097024, 0.51110476, 0.51016605, 0.50880307, 0.5079268, 0.5049032, 0.5097753, 0.50786334, 0.5105355, 0.50964886, 0.51101816, 0.51007444, 0.51027495, 0.51160026, 0.5089345, 0.50900024, 0.50855947, 0.5069492, 0.5051073, 0.5057081, 0.5080538, 0.5078794, 0.5081105, 0.5082889, 0.507695, 0.511841, 0.5088538, 0.5099552, 0.50928605, 0.5078554, 0.5115921, 0.5071927, 0.5061889, 0.50681025, 0.5084819, 0.5090673, 0.5077284, 0.5107475, 0.5077131, 0.5061765, 0.50640684, 0.5031547, 0.5032787, 0.508099, 0.5082921, 0.5069484, 0.51032364, 0.5093934, 0.50937665, 0.50650465, 0.5059559, 0.51165134, 0.50659376, 0.5080553, 0.50586915, 0.5029736, 0.50702876, 0.50707114, 0.5116075, 0.51234686, 0.51280063, 0.5057487, 0.50669456, 0.50801796, 0.51172686, 0.50718874, 0.5066808, 0.50776833, 0.5092566, 0.5046308, 0.50953496, 0.50948405, 0.5031994, 0.5108895, 0.51030177, 0.5093428, 0.5077248, 0.5083484, 0.51035345, 0.5100078, 0.5122478, 0.50651157, 0.5105435, 0.50857973, 0.50899637, 0.5117845, 0.5105686, 0.51209486, 0.51056606, 0.5106025, 0.5067436, 0.5124634, 0.5108049, 0.5109763, 0.5133569, 0.51242524, 0.5127574, 0.51123714, 0.51183087, 0.51052475, 0.51072866, 0.51097065, 0.51199037, 0.5121909, 0.5119356, 0.51144475, 0.51034194, 0.50274485, 0.50087035, 0.50740135, 0.51037765, 0.5097189, 0.5091661, 0.5120294, 0.5063304, 0.5063884, 0.5065858, 0.5070768, 0.50797033, 0.5071724, 0.5097945, 0.5079221, 0.5068754, 0.51023704, 0.5094236, 0.50943065, 0.50974786, 0.50967366, 0.5082716, 0.51012576, 0.509542, 0.50820243, 0.5086536, 0.50943655, 0.50963354, 0.5086094, 0.50735277, 0.5102961, 0.5066318, 0.5080529, 0.5068439, 0.5036463, 0.50747323, 0.50964147, 0.5106425, 0.51056135, 0.5032167, 0.5075122, 0.50898343, 0.5079943, 0.50846475, 0.5120951, 0.5096807, 0.50785327, 0.5102068, 0.50946355]
[0.4992262, 0.5010215, 0.5014593, 0.50056577, 0.4995187, 0.49942103, 0.49971405, 0.49950173, 0.49932903, 0.5021641, 0.5020636, 0.5027935, 0.5018284, 0.50091094, 0.50376344, 0.49965918, 0.50106955, 0.5023122, 0.5087464, 0.50871164, 0.5097323, 0.5096119, 0.50793314, 0.5074714, 0.50645936, 0.5089999, 0.50808585, 0.5083806, 0.510449, 0.5090784, 0.51271826, 0.50650907, 0.51183486, 0.5137913, 0.4999528, 0.50897837, 0.5095875, 0.51087946, 0.5052065, 0.5015336, 0.5000524, 0.5035061, 0.50046325, 0.5010605, 0.5014789, 0.50120723, 0.50013137, 0.5023273, 0.50617266, 0.5029039, 0.50137913, 0.5004182, 0.5104533, 0.49928957, 0.500892, 0.5013614, 0.5003641, 0.5007124, 0.5004869, 0.5023182, 0.5077388, 0.5068456, 0.5017881, 0.51085603, 0.5102212, 0.51008964, 0.5071428, 0.507691, 0.513062, 0.5094874, 0.5102009, 0.5095156, 0.50815576, 0.507351, 0.51176846, 0.51188105, 0.5126695, 0.5098236, 0.5120981, 0.509621, 0.51199293, 0.51235205, 0.51224065, 0.5116562, 0.51024306, 0.51134586, 0.5097163, 0.508143, 0.5102661, 0.5126544, 0.5100929, 0.5082211, 0.512631, 0.51074195, 0.510114, 0.5100996, 0.5118273, 0.5124486, 0.5113863, 0.5141834, 0.5128914, 0.51265806, 0.5125724, 0.5131102, 0.51355237, 0.51192397, 0.5131926, 0.5131988, 0.51304233, 0.5119632, 0.5141122, 0.512907, 0.51203394, 0.51202524, 0.5055155, 0.5105783, 0.5120576, 0.51100624, 0.5098511, 0.5078115, 0.5043038, 0.5106575, 0.50854915, 0.51130897, 0.510823, 0.51169217, 0.51079124, 0.51041985, 0.5126863, 0.5096368, 0.50961083, 0.5095276, 0.50764847, 0.5052249, 0.50575864, 0.50806266, 0.50801075, 0.50849026, 0.508511, 0.50817835, 0.51315767, 0.5090178, 0.5108889, 0.5104192, 0.5083505, 0.51264626, 0.5077027, 0.50635725, 0.50752467, 0.5095197, 0.5102019, 0.5080691, 0.51162124, 0.5084254, 0.50667673, 0.50730604, 0.50017524, 0.5002842, 0.50810814, 0.5084336, 0.5073402, 0.5112229, 0.5100951, 0.5103808, 0.50622654, 0.5062182, 0.51287717, 0.5070547, 0.50888205, 0.5056436, 0.50356925, 0.5077493, 0.5069524, 0.5124568, 0.5131373, 0.513554, 0.5052187, 0.5066184, 0.50907236, 0.51251686, 0.5077989, 0.50725245, 0.5090078, 0.50979793, 0.5051065, 0.51015913, 0.5102212, 0.5031517, 0.5119623, 0.511366, 0.5100117, 0.50869995, 0.5090835, 0.51126957, 0.5114035, 0.5133668, 0.50735337, 0.51062, 0.5088516, 0.5095835, 0.5129117, 0.5115064, 0.51265794, 0.5117111, 0.51188964, 0.507387, 0.5132903, 0.5120945, 0.51184094, 0.51428354, 0.51358604, 0.5137684, 0.5122309, 0.5130414, 0.5114713, 0.51151454, 0.51175326, 0.51232606, 0.5129024, 0.51271135, 0.51219946, 0.5113007, 0.50307935, 0.5013168, 0.50755227, 0.5111278, 0.51046914, 0.50989187, 0.5131618, 0.5072682, 0.5072123, 0.50773925, 0.50834364, 0.50917083, 0.50772387, 0.51139504, 0.5085238, 0.5071299, 0.51114225, 0.5101016, 0.5100221, 0.51011354, 0.5102357, 0.50854653, 0.51053166, 0.5102676, 0.50886244, 0.5092702, 0.51001316, 0.51008815, 0.50872076, 0.5073422, 0.5110912, 0.5071584, 0.508785, 0.50725764, 0.50025964, 0.5083836, 0.5110569, 0.51178986, 0.5121284, 0.5039443, 0.50835174, 0.50939006, 0.508354, 0.5089622, 0.5129465, 0.51020074, 0.5085011, 0.5113416, 0.5103254]
[0.5036684, 0.50702196, 0.50793815, 0.50583786, 0.5049369, 0.5037574, 0.5043635, 0.5035162, 0.5040918, 0.5011051, 0.50084436, 0.5009512, 0.5009441, 0.5016873, 0.5025273, 0.5036926, 0.502249, 0.50089246, 0.50700283, 0.507744, 0.5082061, 0.50893426, 0.5083339, 0.5079102, 0.504169, 0.5079702, 0.5066207, 0.5068688, 0.5088886, 0.5077779, 0.5115582, 0.50517195, 0.51040596, 0.5120931, 0.5032517, 0.50703305, 0.5078471, 0.5093873, 0.5054842, 0.50116694, 0.50326943, 0.5011856, 0.5060985, 0.5073482, 0.5076172, 0.5075714, 0.5056135, 0.50093824, 0.5060895, 0.50139695, 0.5011392, 0.50234807, 0.5086339, 0.503463, 0.50688636, 0.5075913, 0.5058938, 0.5026568, 0.5031347, 0.5008738, 0.50678325, 0.50558186, 0.5008874, 0.5096882, 0.5094472, 0.5095167, 0.506495, 0.5071409, 0.5111597, 0.5086519, 0.5088557, 0.50912225, 0.50762266, 0.504161, 0.51116353, 0.51123, 0.5111178, 0.50800276, 0.51073146, 0.5078413, 0.51025695, 0.51166284, 0.51122, 0.5104722, 0.5089792, 0.5095701, 0.507751, 0.5064227, 0.5095393, 0.5109928, 0.50871927, 0.507159, 0.51104444, 0.50974065, 0.5091175, 0.509614, 0.5104701, 0.51112616, 0.51033795, 0.51274705, 0.51100343, 0.51101595, 0.51086265, 0.5119529, 0.5115539, 0.5103257, 0.5115033, 0.5116563, 0.5115311, 0.5104218, 0.5127593, 0.51166135, 0.51021165, 0.5098603, 0.5050602, 0.51002884, 0.5113427, 0.5098255, 0.5083214, 0.50775284, 0.5016481, 0.5091607, 0.5074449, 0.50985694, 0.509372, 0.5103022, 0.5095664, 0.5098781, 0.51072603, 0.5082962, 0.5084751, 0.5082163, 0.50573254, 0.50355214, 0.5041983, 0.5074305, 0.5073318, 0.50763065, 0.50724113, 0.50695765, 0.51180524, 0.5081663, 0.5095931, 0.5087612, 0.5074108, 0.5112835, 0.50658494, 0.5052115, 0.5059593, 0.5077719, 0.50847244, 0.50697, 0.510365, 0.5073966, 0.5056961, 0.50524867, 0.5060687, 0.50595784, 0.50733453, 0.50728583, 0.50591636, 0.51049006, 0.50916773, 0.5090426, 0.5047541, 0.5047069, 0.51091516, 0.5059499, 0.5076566, 0.50300556, 0.5011616, 0.50676656, 0.5062341, 0.5113415, 0.5119384, 0.5117902, 0.5044886, 0.5060084, 0.507794, 0.5113509, 0.5063376, 0.5064307, 0.5082614, 0.50867724, 0.502732, 0.5096564, 0.5094413, 0.5012134, 0.5101903, 0.50993294, 0.50876397, 0.50729257, 0.50858486, 0.50998926, 0.50978863, 0.51104957, 0.5064055, 0.5111043, 0.50834405, 0.5087735, 0.51151735, 0.50986636, 0.511358, 0.5101397, 0.51045436, 0.5065387, 0.5118945, 0.5107529, 0.51031035, 0.5132167, 0.51203334, 0.511998, 0.5106225, 0.51132, 0.5093653, 0.50959456, 0.5108102, 0.5118709, 0.5125566, 0.5115169, 0.5114765, 0.509097, 0.50152785, 0.5023817, 0.5071262, 0.5101961, 0.509416, 0.5086012, 0.512006, 0.50568116, 0.5044328, 0.5056411, 0.5063139, 0.5070816, 0.5065467, 0.5089728, 0.50683814, 0.5061663, 0.51018864, 0.508878, 0.5087312, 0.50893414, 0.5092363, 0.5082704, 0.5098934, 0.50873494, 0.5075349, 0.50827235, 0.5089361, 0.509491, 0.50752175, 0.5049719, 0.50987005, 0.50647813, 0.5076841, 0.5067435, 0.5059619, 0.50691146, 0.50964373, 0.51038784, 0.51013786, 0.5016059, 0.5076487, 0.5083292, 0.5077231, 0.5087209, 0.5116683, 0.50954115, 0.5068363, 0.509649, 0.50892335]
[0.503093, 0.50683475, 0.5078438, 0.5060937, 0.504523, 0.50369185, 0.50444925, 0.5034164, 0.5042541, 0.5011669, 0.5009829, 0.50138026, 0.50109255, 0.50156343, 0.5004592, 0.5037736, 0.50214195, 0.5014483, 0.5092947, 0.50821054, 0.50992745, 0.5100604, 0.50571716, 0.50558436, 0.50390196, 0.50948215, 0.5077802, 0.5086013, 0.5110606, 0.5080298, 0.5150321, 0.5037551, 0.5133134, 0.5162607, 0.5033168, 0.50983626, 0.5094018, 0.51221246, 0.50028443, 0.50254256, 0.50251275, 0.50164646, 0.5053518, 0.50664276, 0.5083512, 0.50818646, 0.5063727, 0.50181186, 0.50530213, 0.50049, 0.50073767, 0.50287664, 0.51144373, 0.5034652, 0.5070649, 0.5079437, 0.5051025, 0.50270975, 0.5023732, 0.50121856, 0.50745535, 0.5067214, 0.5015966, 0.51169676, 0.5106276, 0.5109782, 0.506817, 0.5062905, 0.5150575, 0.5100293, 0.5095873, 0.50887334, 0.50726706, 0.5046324, 0.5131577, 0.51346487, 0.51480913, 0.51051664, 0.5133495, 0.5096963, 0.5135738, 0.5133181, 0.51319253, 0.5126895, 0.51101273, 0.51292914, 0.51101744, 0.509155, 0.51035523, 0.51386, 0.5104451, 0.5079071, 0.514599, 0.51188976, 0.51054037, 0.50957257, 0.51350474, 0.51431346, 0.51185316, 0.5169884, 0.51484793, 0.51411676, 0.5145197, 0.5153778, 0.5156772, 0.5132172, 0.51487726, 0.51525277, 0.5150726, 0.5129378, 0.5166057, 0.51477814, 0.5139351, 0.5129989, 0.50135756, 0.510826, 0.51309925, 0.511871, 0.51013416, 0.50594985, 0.5010748, 0.51101184, 0.5073021, 0.5127937, 0.5117573, 0.5129981, 0.51146704, 0.51198334, 0.5149426, 0.51020133, 0.5099507, 0.50916076, 0.50753546, 0.5018197, 0.5021366, 0.5074276, 0.5075239, 0.5074186, 0.5077653, 0.5074557, 0.5154967, 0.5086286, 0.51189244, 0.5108656, 0.5078456, 0.51458704, 0.505993, 0.5033701, 0.506031, 0.5099606, 0.5099748, 0.5058344, 0.51299644, 0.5083677, 0.50552, 0.50390834, 0.5054497, 0.50541717, 0.50789577, 0.5088412, 0.5059434, 0.51226574, 0.5108738, 0.51089597, 0.5049911, 0.5035735, 0.5156645, 0.50485176, 0.5086353, 0.506079, 0.50179213, 0.5056275, 0.5045999, 0.51344687, 0.5150844, 0.51626647, 0.5014608, 0.5043077, 0.5087402, 0.5144472, 0.506699, 0.5062369, 0.5084521, 0.5100469, 0.50215167, 0.51093674, 0.5101213, 0.5004243, 0.513611, 0.51227504, 0.51085114, 0.50794363, 0.50836545, 0.5122264, 0.5123181, 0.5160328, 0.5041207, 0.5115907, 0.5091142, 0.510155, 0.51541865, 0.5133203, 0.5146638, 0.51255685, 0.5127389, 0.50433815, 0.5157927, 0.51392275, 0.51297766, 0.5170676, 0.51527214, 0.5167945, 0.5133993, 0.51494116, 0.5131382, 0.5131084, 0.51290935, 0.51384467, 0.5140803, 0.5145243, 0.51392454, 0.51267415, 0.50163597, 0.50192016, 0.5043927, 0.5119216, 0.5110829, 0.5098987, 0.51537627, 0.50715613, 0.50587904, 0.50610626, 0.5082849, 0.50954425, 0.5069116, 0.51221347, 0.50859076, 0.5052065, 0.511502, 0.51093626, 0.511667, 0.51155186, 0.5109849, 0.50776666, 0.51103854, 0.5109849, 0.50956386, 0.509608, 0.51076114, 0.5111767, 0.50980425, 0.5068006, 0.512175, 0.5051912, 0.5081552, 0.5049357, 0.50518966, 0.50554174, 0.5117061, 0.5137801, 0.514045, 0.5007156, 0.5077012, 0.50960386, 0.5079361, 0.50853676, 0.5144755, 0.51058805, 0.5078185, 0.5119764, 0.5112356]
[0.50292283, 0.5062174, 0.5070669, 0.50543964, 0.5041089, 0.50316787, 0.5038557, 0.5031043, 0.50354785, 0.5010441, 0.5005833, 0.50075114, 0.500642, 0.50102806, 0.50197595, 0.50345147, 0.50167584, 0.50074655, 0.50742483, 0.50714046, 0.50816554, 0.50835955, 0.50693274, 0.5068181, 0.50440925, 0.50751495, 0.5061331, 0.5069197, 0.5087845, 0.50744224, 0.5112163, 0.5044294, 0.5103727, 0.5120489, 0.502546, 0.5075873, 0.5082372, 0.50944203, 0.5022908, 0.5019425, 0.5024858, 0.50132424, 0.50492334, 0.50611335, 0.50719744, 0.50725675, 0.50548744, 0.5013362, 0.50553656, 0.5016723, 0.5004824, 0.5024476, 0.5089203, 0.50321764, 0.5063212, 0.5069037, 0.50466955, 0.5024004, 0.50206155, 0.5004874, 0.50576717, 0.50452673, 0.5007815, 0.50969857, 0.508945, 0.50912863, 0.5070899, 0.5071483, 0.5111761, 0.50846153, 0.5083641, 0.50845003, 0.5076807, 0.50548476, 0.51046205, 0.5107689, 0.5107941, 0.50822985, 0.51049125, 0.5082076, 0.51018286, 0.5108359, 0.5102638, 0.5097266, 0.50874364, 0.51006, 0.5081589, 0.5066189, 0.5085922, 0.5104204, 0.5085881, 0.5071459, 0.5110296, 0.50923425, 0.50868523, 0.5080889, 0.5104944, 0.5106478, 0.5099417, 0.5124876, 0.510946, 0.51075566, 0.5108071, 0.5117393, 0.5113184, 0.5099081, 0.5110744, 0.5111875, 0.5112571, 0.5101981, 0.512352, 0.51138884, 0.5104116, 0.5103171, 0.50267446, 0.5096673, 0.5106051, 0.5088021, 0.5081372, 0.50656354, 0.50076795, 0.5086375, 0.50720733, 0.5098247, 0.5088393, 0.50973296, 0.5090205, 0.50982493, 0.510772, 0.50819725, 0.50825804, 0.5080889, 0.50632906, 0.5019987, 0.50279856, 0.5069829, 0.5066642, 0.5069573, 0.5068678, 0.5066705, 0.5115507, 0.5078857, 0.50929755, 0.5083814, 0.50718033, 0.51074815, 0.5061933, 0.50339353, 0.5060171, 0.5078667, 0.5087792, 0.5076108, 0.5100395, 0.50711334, 0.5050706, 0.5042051, 0.50483394, 0.5045853, 0.50692356, 0.507468, 0.506247, 0.5098174, 0.50861096, 0.508608, 0.5058718, 0.505019, 0.5112207, 0.5062801, 0.5070531, 0.5038401, 0.5001941, 0.50557745, 0.5044846, 0.51051825, 0.51137364, 0.5116511, 0.50187916, 0.5049406, 0.5074968, 0.5104807, 0.5053572, 0.50665814, 0.50815374, 0.5082203, 0.5017623, 0.5090277, 0.50897074, 0.50051254, 0.51055396, 0.5097063, 0.5083241, 0.50735664, 0.50756586, 0.5094401, 0.5095482, 0.5118792, 0.5057238, 0.5097232, 0.507777, 0.50828445, 0.51155484, 0.5097808, 0.5106989, 0.5096113, 0.50976676, 0.50562304, 0.51225054, 0.51066273, 0.5105911, 0.5120777, 0.5114296, 0.51202047, 0.51012003, 0.5113188, 0.51011956, 0.5094479, 0.50992113, 0.51091045, 0.5113805, 0.5114016, 0.5110476, 0.50925297, 0.50009286, 0.5020848, 0.50679624, 0.50981843, 0.50968033, 0.50865024, 0.51155615, 0.506793, 0.5061924, 0.50667834, 0.5072061, 0.5078531, 0.50623965, 0.509423, 0.50817937, 0.5061436, 0.5095157, 0.5085717, 0.5088188, 0.50921875, 0.5094274, 0.5071589, 0.5089889, 0.5086974, 0.5079207, 0.50761694, 0.50826424, 0.5094962, 0.50781417, 0.5057, 0.50944895, 0.5064313, 0.5073124, 0.5064174, 0.50515133, 0.5064491, 0.50923574, 0.5104885, 0.51059955, 0.5000287, 0.5071305, 0.5075346, 0.5072426, 0.50788033, 0.51134205, 0.5083289, 0.5068962, 0.5095215, 0.50870174]
[0.50221133, 0.50480366, 0.50527227, 0.50384146, 0.50294834, 0.50224155, 0.5026706, 0.5019296, 0.50238997, 0.50108886, 0.50064844, 0.50075114, 0.50038564, 0.50083625, 0.501891, 0.501707, 0.5008973, 0.5009347, 0.5091115, 0.5082891, 0.5096858, 0.5096399, 0.50744957, 0.50642765, 0.50486624, 0.50927174, 0.5085445, 0.50834435, 0.51057726, 0.5078893, 0.51341087, 0.50493056, 0.5127161, 0.5140764, 0.50185716, 0.5085944, 0.50953096, 0.5113733, 0.50268936, 0.50116825, 0.5011392, 0.5024385, 0.50348973, 0.50428593, 0.50540966, 0.5051289, 0.5037284, 0.50074613, 0.50605565, 0.5009757, 0.5009206, 0.50131565, 0.51060444, 0.5021624, 0.50440353, 0.5051351, 0.5030981, 0.5014086, 0.5011083, 0.50111747, 0.50755215, 0.5070359, 0.5008397, 0.5111905, 0.5102702, 0.51090884, 0.50682986, 0.5070154, 0.51342905, 0.5098421, 0.50963515, 0.50943196, 0.50828105, 0.5045898, 0.5125187, 0.51273286, 0.51330006, 0.5099985, 0.5124391, 0.5094305, 0.51229924, 0.51286846, 0.5123974, 0.51153094, 0.5104664, 0.5117564, 0.5097721, 0.5079545, 0.5100657, 0.5130758, 0.5097219, 0.5077134, 0.5132725, 0.5110985, 0.50999296, 0.50955355, 0.5124006, 0.51313525, 0.51123655, 0.51504713, 0.5131031, 0.5130349, 0.512938, 0.5138583, 0.5136466, 0.51183075, 0.5136391, 0.51373035, 0.5134295, 0.512341, 0.51481694, 0.51346964, 0.5125753, 0.5121426, 0.50297713, 0.5108559, 0.51236445, 0.51138806, 0.50942683, 0.5073339, 0.5018285, 0.51068044, 0.50770664, 0.51169336, 0.5106393, 0.51180446, 0.5105286, 0.51113284, 0.51331276, 0.509747, 0.50989896, 0.50912166, 0.5077832, 0.5029161, 0.50358754, 0.5076682, 0.5078554, 0.5078286, 0.5081111, 0.5077066, 0.51368403, 0.50936544, 0.51160944, 0.5104396, 0.50834656, 0.51319784, 0.5074135, 0.5050415, 0.50626, 0.509558, 0.5098359, 0.5070507, 0.5119378, 0.50784737, 0.50528896, 0.504273, 0.5040611, 0.5040978, 0.507673, 0.50807005, 0.50587547, 0.51164556, 0.5102569, 0.50999385, 0.50530183, 0.50427, 0.5137634, 0.50502276, 0.5087522, 0.50519836, 0.50159174, 0.50610787, 0.5058091, 0.51276106, 0.5136617, 0.5145488, 0.5028797, 0.50484544, 0.5083719, 0.5128936, 0.5069238, 0.50620645, 0.50873774, 0.5091109, 0.50302076, 0.5101795, 0.5098608, 0.5015445, 0.51228404, 0.51171166, 0.51000774, 0.5078739, 0.5087296, 0.5112143, 0.5113453, 0.51395136, 0.5053516, 0.5116405, 0.50907284, 0.50977147, 0.514034, 0.5120485, 0.51325715, 0.51178616, 0.51149184, 0.50557274, 0.51409554, 0.512473, 0.51208115, 0.5153796, 0.5137599, 0.5145135, 0.5126212, 0.5134375, 0.51165193, 0.5117327, 0.51181376, 0.5127466, 0.5133927, 0.5132011, 0.5129441, 0.5116048, 0.50150573, 0.5010658, 0.50625604, 0.51147306, 0.51052445, 0.50950325, 0.51365477, 0.5067005, 0.50572115, 0.5060403, 0.5078294, 0.5088456, 0.50655663, 0.51108843, 0.5085794, 0.5059547, 0.51125365, 0.51034063, 0.510552, 0.51079243, 0.51068926, 0.50829285, 0.5107822, 0.51044875, 0.50933653, 0.5093221, 0.50966275, 0.51108056, 0.5091179, 0.50605524, 0.5114696, 0.5068646, 0.5082994, 0.5061267, 0.50392187, 0.50666404, 0.5111625, 0.51259226, 0.51231116, 0.50239617, 0.5082511, 0.5094893, 0.5079458, 0.50924015, 0.5133024, 0.5102485, 0.50804394, 0.5111125, 0.5100159]
[0.50266796, 0.5060453, 0.5067457, 0.50533384, 0.5041825, 0.5027695, 0.50352424, 0.5026766, 0.5029219, 0.50096124, 0.500462, 0.50110877, 0.500539, 0.5006264, 0.5023669, 0.50317323, 0.5010629, 0.50028175, 0.51390463, 0.51355606, 0.5140442, 0.51481164, 0.51241505, 0.5112554, 0.5092918, 0.5137266, 0.5132248, 0.51308984, 0.51546514, 0.513302, 0.5201086, 0.5085294, 0.5185604, 0.52057785, 0.5021345, 0.5135559, 0.5141578, 0.5170073, 0.50374305, 0.5014127, 0.5019953, 0.5046888, 0.5046049, 0.50567555, 0.5068685, 0.5067822, 0.50524944, 0.50115865, 0.5106669, 0.50207394, 0.5006241, 0.50184107, 0.5161737, 0.5028694, 0.5061098, 0.5064437, 0.50446707, 0.50184613, 0.5017441, 0.50041586, 0.5122146, 0.51176816, 0.5002888, 0.51647913, 0.51528555, 0.51608056, 0.5115965, 0.5107998, 0.5195438, 0.5150801, 0.51444066, 0.5141435, 0.51259536, 0.5082144, 0.51877326, 0.5189722, 0.51943266, 0.5153688, 0.51865315, 0.51453245, 0.5182217, 0.5183007, 0.5181339, 0.51730007, 0.5157734, 0.51749474, 0.5152139, 0.5136724, 0.51551336, 0.51894563, 0.51487404, 0.5125119, 0.5190996, 0.51650876, 0.51540035, 0.51486236, 0.5179454, 0.5192758, 0.51683784, 0.5217167, 0.51954174, 0.51914597, 0.5192895, 0.51988995, 0.52041185, 0.51813823, 0.5198823, 0.51996785, 0.51952136, 0.51744336, 0.5214786, 0.51973903, 0.5186078, 0.51764476, 0.5057393, 0.51568544, 0.5180662, 0.517507, 0.5152789, 0.5114853, 0.5033642, 0.51607484, 0.51259905, 0.5175953, 0.5167054, 0.5181187, 0.5161339, 0.5167753, 0.5196721, 0.51456785, 0.5146894, 0.5138166, 0.51135993, 0.50535876, 0.5064046, 0.51295626, 0.51293343, 0.51245004, 0.5125593, 0.51183057, 0.52035445, 0.5142303, 0.51682305, 0.5154124, 0.5131563, 0.5192401, 0.51089454, 0.5089342, 0.5101797, 0.5146732, 0.5148361, 0.5111808, 0.5175758, 0.5129568, 0.510249, 0.5074554, 0.50503373, 0.50510347, 0.5125892, 0.5133286, 0.51109374, 0.51726294, 0.51563555, 0.515496, 0.508732, 0.5082361, 0.51986706, 0.5085267, 0.5137131, 0.5103104, 0.50380695, 0.51105005, 0.5102643, 0.51801986, 0.51998514, 0.52161646, 0.506966, 0.5098516, 0.5137117, 0.5193288, 0.5115642, 0.5093175, 0.5125492, 0.5146012, 0.50571454, 0.5155705, 0.51516175, 0.5021586, 0.5179179, 0.5173355, 0.51541746, 0.5129314, 0.51381236, 0.5169931, 0.51686513, 0.5203163, 0.5099492, 0.51651657, 0.5138314, 0.51472116, 0.5203077, 0.5177662, 0.5202814, 0.5179393, 0.5176763, 0.5098709, 0.5203108, 0.51805186, 0.5182052, 0.5214404, 0.5203301, 0.5214757, 0.51811445, 0.51930237, 0.5174983, 0.5176644, 0.51755875, 0.51919484, 0.51891345, 0.5189622, 0.51900506, 0.5173652, 0.50088876, 0.50164753, 0.5093746, 0.51686364, 0.5155729, 0.5147791, 0.51992244, 0.51126456, 0.51024866, 0.5108367, 0.5123527, 0.51351744, 0.51235825, 0.51617295, 0.5126251, 0.51081586, 0.5161384, 0.51635313, 0.5162895, 0.51616013, 0.5155949, 0.5128937, 0.51611334, 0.51596206, 0.5146225, 0.5150352, 0.5156448, 0.5156003, 0.5141347, 0.51074535, 0.51722497, 0.50981, 0.5126128, 0.5104142, 0.50465524, 0.5109182, 0.51637316, 0.5182673, 0.5178902, 0.50415, 0.5134373, 0.5144711, 0.51247543, 0.5143122, 0.51944715, 0.51620704, 0.51353204, 0.51668906, 0.5159996]
[0.5045202, 0.50849366, 0.5094353, 0.5069868, 0.505415, 0.50394756, 0.50462884, 0.50343597, 0.50491625, 0.50108814, 0.50050855, 0.5010738, 0.5012271, 0.50198686, 0.5012998, 0.5036005, 0.5016716, 0.50109285, 0.50805444, 0.5077835, 0.50897104, 0.5092185, 0.5070602, 0.50684935, 0.50470126, 0.50818974, 0.5071769, 0.50759995, 0.50957894, 0.5078166, 0.51187146, 0.5052304, 0.51098305, 0.51297265, 0.5038614, 0.5080163, 0.5088042, 0.5105011, 0.50279975, 0.50224787, 0.50333476, 0.5025672, 0.5061841, 0.5075552, 0.50879794, 0.50870174, 0.5064428, 0.50158155, 0.50587523, 0.50142103, 0.500702, 0.50357807, 0.50932086, 0.50374514, 0.5076009, 0.508775, 0.5056243, 0.5027952, 0.5025197, 0.50056463, 0.5071871, 0.506031, 0.5006811, 0.5098489, 0.50928575, 0.5096201, 0.50666356, 0.50701594, 0.5120419, 0.50894815, 0.50862986, 0.5087354, 0.5078573, 0.5050905, 0.5112255, 0.51140195, 0.5120361, 0.5089475, 0.5112675, 0.50874716, 0.5110969, 0.51133287, 0.5113322, 0.51055914, 0.5091339, 0.51073116, 0.50885916, 0.50744224, 0.5090149, 0.51175195, 0.50880915, 0.50741553, 0.51208174, 0.50997496, 0.50912017, 0.50916755, 0.5110147, 0.51166344, 0.51017046, 0.5132495, 0.51213837, 0.5117631, 0.51172304, 0.5122695, 0.5122713, 0.5107441, 0.5122351, 0.5119671, 0.5118223, 0.5108249, 0.5129558, 0.51184005, 0.51123476, 0.5107903, 0.5027475, 0.50992566, 0.51116365, 0.5098833, 0.50888246, 0.50726223, 0.5025386, 0.50963694, 0.5075444, 0.5104523, 0.5098119, 0.51077586, 0.50977755, 0.5101284, 0.51181686, 0.5090405, 0.5091294, 0.5086785, 0.50672597, 0.5031088, 0.5042029, 0.5074265, 0.5073772, 0.5075721, 0.5076423, 0.50758517, 0.51209897, 0.50840527, 0.5102001, 0.50947905, 0.50773984, 0.5116477, 0.50703984, 0.5051955, 0.5065176, 0.5083446, 0.5087461, 0.5070216, 0.5107621, 0.5072299, 0.5049469, 0.5048872, 0.50651336, 0.5065746, 0.5074808, 0.5077293, 0.50589854, 0.51049453, 0.5094439, 0.5090123, 0.5061101, 0.5045172, 0.5123333, 0.5057388, 0.5081655, 0.50427306, 0.5011156, 0.50632983, 0.50608575, 0.5116767, 0.5123482, 0.51335555, 0.50276154, 0.50518215, 0.50776607, 0.511752, 0.5076088, 0.50633496, 0.50795525, 0.50844306, 0.5027039, 0.50924426, 0.5090055, 0.5012671, 0.5109846, 0.5104466, 0.50920886, 0.50743, 0.508272, 0.5104097, 0.5104912, 0.51224124, 0.5051437, 0.5102716, 0.5083025, 0.5089075, 0.51228213, 0.51056916, 0.5115373, 0.5105285, 0.5106451, 0.5059399, 0.5123256, 0.51119626, 0.5107597, 0.5134777, 0.5123672, 0.51311535, 0.51102704, 0.5119301, 0.5104222, 0.5105126, 0.51056737, 0.5116259, 0.51227266, 0.5118428, 0.5111953, 0.50999004, 0.5015195, 0.5021512, 0.5066775, 0.510027, 0.50973934, 0.5088198, 0.5123076, 0.5066144, 0.5062167, 0.5067697, 0.507406, 0.50798243, 0.50673705, 0.5099082, 0.50798476, 0.5062756, 0.51042134, 0.50920385, 0.50921893, 0.5094333, 0.5094622, 0.5075824, 0.5096495, 0.50957876, 0.50865155, 0.508525, 0.5089609, 0.50989246, 0.50814354, 0.5066631, 0.51014805, 0.5067622, 0.50784624, 0.50597733, 0.50652134, 0.5071387, 0.510258, 0.5113581, 0.51111054, 0.5011097, 0.5077059, 0.50861174, 0.50735855, 0.50823027, 0.5121082, 0.5093821, 0.50751996, 0.50977653, 0.5091414]
[0.50014645, 0.50210947, 0.50240886, 0.50104135, 0.5003034, 0.5001365, 0.5005885, 0.5000254, 0.50053614, 0.50051457, 0.5010624, 0.49944022, 0.49954498, 0.50026214, 0.49953723, 0.5001303, 0.49979398, 0.49972853, 0.5096585, 0.50933534, 0.5116472, 0.5116148, 0.50746006, 0.5069481, 0.5059239, 0.5105338, 0.50902313, 0.509544, 0.51153696, 0.5099758, 0.5148873, 0.5067592, 0.51413304, 0.5167658, 0.4997537, 0.51122814, 0.51003575, 0.51392716, 0.50307536, 0.4992806, 0.49941966, 0.5037966, 0.50135547, 0.50217575, 0.50302565, 0.50312805, 0.5019233, 0.49938998, 0.5080298, 0.50035053, 0.49925297, 0.4997015, 0.51153, 0.50011444, 0.502233, 0.50276774, 0.50061536, 0.49948263, 0.49969763, 0.49912035, 0.5095993, 0.5094673, 0.5004263, 0.5111897, 0.5114648, 0.51151466, 0.50728875, 0.5063769, 0.5159187, 0.51126486, 0.51065147, 0.5095568, 0.50728875, 0.5061047, 0.5135805, 0.5138788, 0.5155661, 0.5112928, 0.5141257, 0.510863, 0.51405126, 0.5134498, 0.5135334, 0.5134749, 0.51109606, 0.5131058, 0.5117162, 0.5100395, 0.51182127, 0.51480526, 0.51064396, 0.5089716, 0.5148247, 0.5127516, 0.5116822, 0.5111169, 0.5140584, 0.5147867, 0.5119671, 0.5168159, 0.5158101, 0.5146019, 0.5146082, 0.5153071, 0.51676726, 0.5142594, 0.5160306, 0.5157675, 0.5153729, 0.51290065, 0.51685214, 0.5150221, 0.5146906, 0.51347154, 0.50471956, 0.5114211, 0.5136055, 0.51297945, 0.5107887, 0.50836694, 0.50546783, 0.51187223, 0.50830346, 0.5139639, 0.5129292, 0.51363105, 0.5121247, 0.5120894, 0.51554763, 0.51137304, 0.5112803, 0.5109066, 0.5075024, 0.5055585, 0.50579417, 0.5098429, 0.5092198, 0.50923496, 0.50972176, 0.50935495, 0.51576656, 0.5101335, 0.51256794, 0.51183224, 0.50928396, 0.51503235, 0.5084747, 0.5071925, 0.50732493, 0.510506, 0.51062286, 0.50522834, 0.51413256, 0.50929576, 0.5067804, 0.506506, 0.5019226, 0.5018091, 0.5095031, 0.5090698, 0.5066228, 0.51300037, 0.5114469, 0.5115457, 0.50461143, 0.5026635, 0.51584953, 0.50657606, 0.50986314, 0.5083066, 0.5050958, 0.5084792, 0.50845957, 0.5143558, 0.5157315, 0.5175097, 0.5054039, 0.5070074, 0.50947326, 0.5153726, 0.5100112, 0.5075435, 0.5085144, 0.5107752, 0.5049455, 0.5117879, 0.5111748, 0.5020784, 0.5134756, 0.5125201, 0.51160777, 0.5087482, 0.50985336, 0.5130695, 0.5136453, 0.5158779, 0.5055547, 0.51233876, 0.51027703, 0.51102686, 0.51583177, 0.5135652, 0.5163208, 0.51358, 0.5138769, 0.50725245, 0.5153916, 0.5138922, 0.5132739, 0.517528, 0.51611215, 0.5172273, 0.51375204, 0.51463205, 0.51301426, 0.5140419, 0.5141465, 0.51491076, 0.5150291, 0.5147252, 0.5140189, 0.51353425, 0.4998225, 0.49946198, 0.50606304, 0.51203746, 0.5118052, 0.5102183, 0.5158139, 0.50724757, 0.50616527, 0.5071207, 0.50864273, 0.5096828, 0.5089735, 0.5123147, 0.50795513, 0.50759727, 0.51315826, 0.5119334, 0.5116736, 0.51143575, 0.5106286, 0.5097361, 0.5126095, 0.51222664, 0.51110977, 0.51057094, 0.5119939, 0.51052445, 0.509747, 0.5082133, 0.5127248, 0.5063316, 0.50938255, 0.5066766, 0.5015112, 0.5094528, 0.5129168, 0.51429945, 0.51391023, 0.5038179, 0.50950575, 0.5115137, 0.5087521, 0.51006943, 0.51526046, 0.51248956, 0.50923944, 0.5127256, 0.5118654]
[0.5037465, 0.5082129, 0.50882185, 0.5068094, 0.5057732, 0.50520825, 0.5060608, 0.5053991, 0.50580627, 0.501425, 0.5015918, 0.5019753, 0.5019934, 0.50372887, 0.50049055, 0.5050255, 0.50251186, 0.5023073, 0.5093572, 0.5096119, 0.510882, 0.5108082, 0.50807476, 0.5081445, 0.5049897, 0.51062965, 0.50892127, 0.50993854, 0.511665, 0.5097555, 0.51420367, 0.5058426, 0.51386523, 0.5154856, 0.504257, 0.51001334, 0.50985104, 0.5126122, 0.5041094, 0.50237495, 0.50421387, 0.5026425, 0.50787956, 0.5093751, 0.5103551, 0.5099559, 0.50768393, 0.5024268, 0.5072146, 0.5008808, 0.5024845, 0.50398016, 0.51116115, 0.5047462, 0.50849134, 0.50987303, 0.5071495, 0.503782, 0.50426453, 0.5014209, 0.509276, 0.50880086, 0.5009247, 0.5115978, 0.5110106, 0.51191396, 0.5081956, 0.50759244, 0.5148925, 0.51078016, 0.51070386, 0.51076025, 0.5092086, 0.50537515, 0.51382554, 0.5140157, 0.51479197, 0.510947, 0.5140186, 0.5103757, 0.51297563, 0.5133332, 0.51378673, 0.51281387, 0.51123244, 0.51241076, 0.510932, 0.5093781, 0.5108133, 0.5140183, 0.51083523, 0.5087661, 0.5142232, 0.51165223, 0.5108935, 0.51105446, 0.51351124, 0.5139054, 0.5122367, 0.51646966, 0.51436484, 0.5141027, 0.5137328, 0.51484466, 0.51520216, 0.51308024, 0.5149577, 0.5148224, 0.5142269, 0.5126146, 0.5158014, 0.51453346, 0.51351017, 0.5132369, 0.50437224, 0.511793, 0.5133419, 0.51283383, 0.5106736, 0.508057, 0.50442934, 0.51158255, 0.50917494, 0.5126207, 0.51183134, 0.51270866, 0.51175374, 0.51188594, 0.51421916, 0.5112353, 0.5112553, 0.51012677, 0.50780624, 0.50387883, 0.50456613, 0.5093963, 0.5091942, 0.5095651, 0.5095958, 0.509195, 0.5151959, 0.50971085, 0.5123192, 0.5115799, 0.50909823, 0.51445174, 0.50910735, 0.50652134, 0.5069853, 0.51016307, 0.51062953, 0.5070778, 0.51309997, 0.5091589, 0.50666696, 0.5052971, 0.50808555, 0.5081508, 0.50907516, 0.508505, 0.5065881, 0.51255256, 0.51107013, 0.5111341, 0.5066292, 0.5057415, 0.51486105, 0.5064128, 0.510298, 0.5060635, 0.50217736, 0.5083859, 0.5081424, 0.51344717, 0.5148861, 0.51634455, 0.5058871, 0.5075572, 0.50929075, 0.51394135, 0.50950366, 0.506134, 0.5089079, 0.5107109, 0.5024469, 0.51145047, 0.51123434, 0.5011924, 0.5133457, 0.5128773, 0.51120013, 0.50872344, 0.51003736, 0.51234245, 0.51295984, 0.5149234, 0.50686, 0.5123518, 0.51010084, 0.51072645, 0.5148628, 0.51313514, 0.5147533, 0.5127191, 0.5127858, 0.5074581, 0.5147477, 0.5137665, 0.51288426, 0.5166504, 0.51487845, 0.51603526, 0.5132877, 0.5141772, 0.5124064, 0.5130002, 0.51333696, 0.5135481, 0.5143926, 0.5141629, 0.51383, 0.51285094, 0.50156397, 0.503197, 0.5074596, 0.51230645, 0.5112244, 0.5099927, 0.51505053, 0.50702226, 0.50566405, 0.50639015, 0.50800943, 0.5089523, 0.50875735, 0.5118186, 0.50830346, 0.5075343, 0.5125103, 0.5115523, 0.5113078, 0.511312, 0.5110053, 0.5101471, 0.5121436, 0.51171005, 0.5105053, 0.51065457, 0.5112287, 0.511545, 0.51005834, 0.5069721, 0.51244205, 0.50799423, 0.50902295, 0.5073012, 0.5078084, 0.5088167, 0.5121778, 0.51347154, 0.5132532, 0.50249326, 0.5095351, 0.5100899, 0.5091301, 0.5108483, 0.5143166, 0.5120275, 0.5088536, 0.5121103, 0.51121485]
[0.50256366, 0.50481546, 0.50534433, 0.50430125, 0.50335693, 0.5021496, 0.5026251, 0.5022278, 0.5026791, 0.5008319, 0.5012511, 0.5006434, 0.5007557, 0.5010137, 0.50241816, 0.5019939, 0.50136554, 0.50080496, 0.50798035, 0.508544, 0.50950545, 0.51024884, 0.5088361, 0.508537, 0.50416064, 0.5086937, 0.5080067, 0.5079318, 0.5101622, 0.50893223, 0.51340216, 0.505231, 0.5119487, 0.51410586, 0.5023626, 0.50824714, 0.50953615, 0.51161724, 0.5043691, 0.50089025, 0.5021666, 0.5023183, 0.5035398, 0.504344, 0.50475115, 0.50449914, 0.5033056, 0.500686, 0.50543755, 0.50113666, 0.5009501, 0.50176996, 0.5102096, 0.5018689, 0.5038145, 0.50450677, 0.50334364, 0.50155765, 0.50151014, 0.50090915, 0.50677127, 0.50508463, 0.5007031, 0.5119501, 0.51067424, 0.5105428, 0.5065667, 0.50768614, 0.51317453, 0.51057947, 0.5106694, 0.50988483, 0.508395, 0.5036751, 0.51253927, 0.51297086, 0.51331985, 0.51001424, 0.51260066, 0.5097812, 0.5126093, 0.51311773, 0.5128999, 0.5119888, 0.510293, 0.5116719, 0.5096716, 0.5079973, 0.51138765, 0.5130597, 0.51039934, 0.5086338, 0.5130777, 0.51130617, 0.5104404, 0.5107823, 0.51212585, 0.51294905, 0.5115303, 0.5147228, 0.51326203, 0.5129539, 0.5126852, 0.513893, 0.5139368, 0.51231545, 0.5139327, 0.5137063, 0.51345515, 0.5121647, 0.51493454, 0.51354, 0.51242834, 0.5121979, 0.50439256, 0.51093704, 0.5128635, 0.5115036, 0.50981915, 0.50880355, 0.5025999, 0.5106879, 0.5080523, 0.5121046, 0.51103765, 0.5122608, 0.51154417, 0.51148427, 0.51362973, 0.50973606, 0.5099303, 0.50995725, 0.5066754, 0.50367624, 0.50377625, 0.5088417, 0.5085437, 0.50869256, 0.50891733, 0.5080014, 0.51353204, 0.5093156, 0.5113825, 0.51029146, 0.5083054, 0.5131196, 0.50731605, 0.50538504, 0.5058445, 0.50913554, 0.50980043, 0.5078541, 0.51244295, 0.50850326, 0.50573283, 0.50474155, 0.5032771, 0.50321776, 0.5086624, 0.5084801, 0.50573206, 0.5120162, 0.5106521, 0.5105832, 0.5053302, 0.5042086, 0.51293737, 0.5064255, 0.5086183, 0.5037588, 0.50131124, 0.50764745, 0.50762504, 0.51321673, 0.51398796, 0.51457554, 0.5041524, 0.50619704, 0.50897664, 0.51336706, 0.506619, 0.50655794, 0.5090433, 0.51035684, 0.5025267, 0.5112714, 0.510859, 0.5014878, 0.5122933, 0.5116643, 0.51076156, 0.5083832, 0.50933856, 0.51173943, 0.5116953, 0.51368684, 0.5067978, 0.5123084, 0.5098185, 0.5104312, 0.51375246, 0.5117337, 0.5137221, 0.51180816, 0.5123783, 0.50714475, 0.5140955, 0.5123239, 0.5125068, 0.51518625, 0.5140076, 0.5142131, 0.51238275, 0.5132262, 0.51175743, 0.5119663, 0.512527, 0.5137862, 0.51409274, 0.513731, 0.5133721, 0.51111263, 0.50137365, 0.5011522, 0.5079684, 0.51171863, 0.5110512, 0.51004875, 0.5136635, 0.50594217, 0.5044491, 0.50540733, 0.5068751, 0.5081508, 0.50718933, 0.5110875, 0.5071933, 0.50593364, 0.5117667, 0.5106341, 0.5106186, 0.5109279, 0.5111734, 0.50916326, 0.51145756, 0.51090944, 0.50930053, 0.50946885, 0.51059014, 0.5108893, 0.50971675, 0.50596386, 0.5116576, 0.50666887, 0.5087497, 0.50738716, 0.50356305, 0.5081269, 0.51152986, 0.5122336, 0.5120073, 0.50127923, 0.50791365, 0.50961167, 0.5082695, 0.50900066, 0.51380384, 0.5109422, 0.5077315, 0.51125884, 0.5105564]
[0.49977168, 0.50284183, 0.50325, 0.50201577, 0.50109726, 0.5003546, 0.5009118, 0.5000714, 0.50079757, 0.50233066, 0.5024194, 0.5026642, 0.50207776, 0.5012527, 0.50418675, 0.5001206, 0.5008232, 0.5023099, 0.508635, 0.5088747, 0.51018405, 0.5100879, 0.50891924, 0.50824916, 0.5068069, 0.5097999, 0.5088231, 0.50890696, 0.51084584, 0.5082008, 0.51371515, 0.5065713, 0.51288354, 0.5144962, 0.4999215, 0.50846916, 0.5098359, 0.511638, 0.50503236, 0.50091153, 0.4996734, 0.50326914, 0.5017796, 0.50259846, 0.5034741, 0.5032671, 0.5016115, 0.50084996, 0.5068394, 0.5029205, 0.50138086, 0.4995842, 0.51052195, 0.5005096, 0.5029023, 0.5034821, 0.5013025, 0.50029474, 0.5001259, 0.50233656, 0.5080661, 0.50803596, 0.5021064, 0.5114461, 0.510752, 0.5112858, 0.50793886, 0.507397, 0.5136152, 0.5101299, 0.51027954, 0.50965446, 0.5087512, 0.50619775, 0.5131001, 0.51323885, 0.51325715, 0.50991404, 0.51326734, 0.50977266, 0.51237565, 0.5128519, 0.51269835, 0.5119489, 0.510511, 0.51165766, 0.50987333, 0.508384, 0.5110128, 0.5134801, 0.5102778, 0.5081282, 0.5133277, 0.5115664, 0.5106966, 0.51103365, 0.51212, 0.5136267, 0.511242, 0.51514333, 0.5134296, 0.5133125, 0.5128006, 0.51407284, 0.5143735, 0.5124563, 0.5139463, 0.5138769, 0.51353616, 0.5123559, 0.5148765, 0.5139257, 0.5122457, 0.5118893, 0.50514686, 0.5112328, 0.5129494, 0.5122847, 0.5101238, 0.50838834, 0.50351775, 0.51112175, 0.5086987, 0.5120728, 0.51153857, 0.512482, 0.51112866, 0.511566, 0.5131418, 0.5095711, 0.51007557, 0.50962925, 0.5071214, 0.50433135, 0.5053694, 0.5089738, 0.5084581, 0.5087561, 0.50882757, 0.50844455, 0.5142891, 0.5100201, 0.51137227, 0.510787, 0.50839067, 0.5133856, 0.50817084, 0.50708455, 0.50717884, 0.5094041, 0.51006496, 0.50860465, 0.51238096, 0.50901395, 0.50675505, 0.5063129, 0.50215364, 0.50227356, 0.5083699, 0.50850505, 0.50766015, 0.51206255, 0.5107403, 0.51066977, 0.50591826, 0.50627154, 0.51347375, 0.50578535, 0.50924504, 0.5055342, 0.50240695, 0.50780094, 0.5075754, 0.5134619, 0.51416445, 0.5147349, 0.50519544, 0.50688845, 0.5090388, 0.51331687, 0.5083616, 0.50670755, 0.5092786, 0.50980264, 0.5045685, 0.5108146, 0.5104428, 0.50260484, 0.51246464, 0.5119263, 0.5101398, 0.5087334, 0.51009065, 0.5119203, 0.5119822, 0.51352847, 0.5077468, 0.51193863, 0.5095144, 0.5101388, 0.51405007, 0.5120451, 0.5136172, 0.5122836, 0.51210517, 0.5070377, 0.5138321, 0.51258713, 0.51246494, 0.51486766, 0.51444525, 0.5146013, 0.5130039, 0.5136021, 0.51125723, 0.51162773, 0.511709, 0.513805, 0.5139765, 0.51244164, 0.5135662, 0.5114476, 0.502247, 0.5014073, 0.5079235, 0.5115579, 0.51031554, 0.5098997, 0.51408726, 0.5071146, 0.5070735, 0.5073591, 0.5082375, 0.5091146, 0.50778407, 0.51133233, 0.50835025, 0.50692743, 0.51170504, 0.5107126, 0.51083577, 0.5109843, 0.511124, 0.5094237, 0.5112788, 0.51082134, 0.5096018, 0.5098457, 0.5102983, 0.5105033, 0.50883126, 0.5067319, 0.51167834, 0.50769585, 0.5090789, 0.50727063, 0.5014346, 0.5090905, 0.51214004, 0.51270443, 0.51272124, 0.5043243, 0.5094957, 0.51002884, 0.50846595, 0.50959426, 0.5134713, 0.5113944, 0.5084105, 0.5119915, 0.51046085]
[0.5039624, 0.5085068, 0.5095812, 0.5072325, 0.505891, 0.5044251, 0.5055409, 0.5045127, 0.5052588, 0.50159514, 0.50164145, 0.502169, 0.5021035, 0.50182915, 0.5030878, 0.5042442, 0.5020811, 0.5019867, 0.5069308, 0.5068889, 0.5076432, 0.5080872, 0.5062569, 0.5059016, 0.5054157, 0.5072733, 0.5065004, 0.50665385, 0.5083642, 0.506593, 0.5104149, 0.5048728, 0.5096426, 0.51107806, 0.5042343, 0.506833, 0.5077514, 0.5090358, 0.5033675, 0.5025245, 0.5037804, 0.5034938, 0.50676155, 0.50837713, 0.5096093, 0.5094545, 0.50712144, 0.5018404, 0.5056958, 0.50285226, 0.50167054, 0.50354165, 0.5084624, 0.5047431, 0.5086948, 0.50956875, 0.5059128, 0.5033156, 0.5030335, 0.502216, 0.5063645, 0.5057928, 0.50205684, 0.50832367, 0.50787574, 0.50859636, 0.5063472, 0.50641906, 0.5103628, 0.50755703, 0.50727975, 0.5077745, 0.5070548, 0.5047871, 0.5095722, 0.5099341, 0.51047, 0.5078991, 0.5095814, 0.507655, 0.50945354, 0.5098474, 0.5095955, 0.5089315, 0.507954, 0.5092366, 0.5078674, 0.5071159, 0.50758386, 0.5100652, 0.5077903, 0.5064613, 0.5105894, 0.508804, 0.50814927, 0.5082254, 0.50956696, 0.51008904, 0.5086633, 0.51150787, 0.5104164, 0.5102941, 0.5100666, 0.5105131, 0.5103072, 0.5093147, 0.51008457, 0.5102975, 0.5101117, 0.5093047, 0.5112352, 0.51032233, 0.5095455, 0.5091764, 0.5030003, 0.5086127, 0.5098067, 0.5087343, 0.50799304, 0.5065997, 0.5030231, 0.5083634, 0.50671816, 0.5087423, 0.5086537, 0.50927734, 0.5084187, 0.5086998, 0.5100899, 0.5078382, 0.50788265, 0.5075685, 0.5064869, 0.50342363, 0.5042298, 0.5064545, 0.50654656, 0.50669146, 0.5066712, 0.5064882, 0.5105081, 0.5074491, 0.50878114, 0.50823116, 0.50694203, 0.50997466, 0.50617975, 0.50516117, 0.5058795, 0.5077297, 0.50753194, 0.5065006, 0.50911194, 0.5064675, 0.50491565, 0.5046555, 0.50786, 0.5076842, 0.5064252, 0.5068895, 0.50587285, 0.5087345, 0.50804305, 0.50816107, 0.50558764, 0.50545114, 0.5106743, 0.50471485, 0.5072219, 0.5045725, 0.50147355, 0.5057237, 0.5054994, 0.5098591, 0.5105232, 0.51107836, 0.50351244, 0.50502527, 0.5069215, 0.50984645, 0.50683266, 0.5059759, 0.507227, 0.50728834, 0.50304765, 0.5080829, 0.5078926, 0.5025338, 0.50953555, 0.5092289, 0.5080873, 0.5066655, 0.5073558, 0.5088453, 0.50892216, 0.5108039, 0.5050591, 0.50861716, 0.50705135, 0.50759804, 0.510498, 0.50932646, 0.50994277, 0.50890243, 0.50909495, 0.5056349, 0.51054436, 0.5096034, 0.509262, 0.5113927, 0.51059854, 0.5112073, 0.5094312, 0.510138, 0.5091611, 0.50903237, 0.50898254, 0.5097448, 0.5101007, 0.5102951, 0.5096976, 0.5086899, 0.5028412, 0.502736, 0.50607044, 0.5087436, 0.50811076, 0.5077499, 0.5105939, 0.5062304, 0.50601804, 0.50623703, 0.5066647, 0.50714916, 0.5060899, 0.50863504, 0.5072852, 0.50545126, 0.508905, 0.5079638, 0.50794834, 0.508118, 0.5080553, 0.506577, 0.50803995, 0.50825435, 0.5076647, 0.50764537, 0.50752807, 0.50853056, 0.5071539, 0.5061403, 0.5086887, 0.5061765, 0.50641364, 0.504871, 0.50673026, 0.50634176, 0.50881255, 0.509938, 0.5096877, 0.5023895, 0.5065589, 0.5073517, 0.50657576, 0.5074831, 0.51011384, 0.50834805, 0.50712174, 0.5084013, 0.5078367]
[0.5001798, 0.5037111, 0.504561, 0.5031353, 0.50184155, 0.50023097, 0.5010547, 0.5008891, 0.50108296, 0.5024408, 0.5021009, 0.502228, 0.50195044, 0.50098866, 0.5029837, 0.500622, 0.50148594, 0.50182426, 0.5083748, 0.507836, 0.5089705, 0.5089882, 0.5067822, 0.5065359, 0.5060019, 0.5083024, 0.5078375, 0.507675, 0.5092922, 0.5076904, 0.5116192, 0.50582963, 0.51077646, 0.51209277, 0.500107, 0.50830245, 0.50894594, 0.50998807, 0.5034593, 0.50084424, 0.5008774, 0.50433654, 0.5024862, 0.5035469, 0.505161, 0.5050742, 0.50338805, 0.5013617, 0.5066296, 0.5031349, 0.5014799, 0.5006225, 0.5098803, 0.50051355, 0.5041825, 0.5050918, 0.5017028, 0.5007796, 0.50089574, 0.50238013, 0.507251, 0.50714344, 0.5022027, 0.5095876, 0.50917596, 0.5093123, 0.5071081, 0.5071221, 0.511842, 0.5086943, 0.50873995, 0.5084285, 0.50751287, 0.50603086, 0.51054174, 0.51091516, 0.51148033, 0.50910455, 0.510758, 0.50880444, 0.5107316, 0.5108945, 0.51051694, 0.5100515, 0.50939655, 0.5103996, 0.50916827, 0.5081599, 0.50899816, 0.51123536, 0.50888956, 0.5074746, 0.51153994, 0.5097948, 0.50908256, 0.5086819, 0.510728, 0.5112592, 0.5098139, 0.51267123, 0.511459, 0.51136667, 0.51151186, 0.5118813, 0.5117689, 0.5104155, 0.51158935, 0.5116821, 0.5115974, 0.5106631, 0.51261216, 0.5114727, 0.5108701, 0.5106215, 0.5042023, 0.5093868, 0.51078725, 0.509675, 0.5088673, 0.50716054, 0.50400096, 0.5095655, 0.50734067, 0.51022804, 0.5098447, 0.5105161, 0.50954926, 0.5098458, 0.511512, 0.50901735, 0.5087339, 0.5085153, 0.5076036, 0.5049051, 0.505012, 0.5073588, 0.5073286, 0.5073593, 0.5075219, 0.5074287, 0.51166856, 0.5084509, 0.51002806, 0.5093879, 0.50754887, 0.51124245, 0.50691676, 0.505951, 0.5069885, 0.5088945, 0.5089521, 0.50693583, 0.51053166, 0.5076291, 0.50589925, 0.50560236, 0.5032417, 0.50269485, 0.50752765, 0.5079839, 0.5067667, 0.5100888, 0.50919914, 0.50934654, 0.50659704, 0.50602394, 0.5117643, 0.5060807, 0.5082842, 0.5065217, 0.50366825, 0.5065247, 0.50601685, 0.5105925, 0.51154417, 0.5124453, 0.50435114, 0.5058675, 0.50797415, 0.5110916, 0.5074856, 0.50638175, 0.50814354, 0.50845647, 0.5045694, 0.50920695, 0.508977, 0.50315285, 0.5108047, 0.5103905, 0.5091105, 0.50765896, 0.50816274, 0.5100027, 0.5100084, 0.51218534, 0.5061391, 0.50974137, 0.5082288, 0.5087889, 0.51190966, 0.51067966, 0.5113776, 0.51035494, 0.51040304, 0.5062468, 0.51201624, 0.5109438, 0.5106779, 0.51271665, 0.51164013, 0.5125521, 0.5108266, 0.5114702, 0.5105039, 0.51023686, 0.5104744, 0.5111498, 0.51129395, 0.5113809, 0.5109254, 0.51007897, 0.50299495, 0.50102, 0.5061436, 0.5101026, 0.50960094, 0.50894725, 0.51172835, 0.5071831, 0.5069322, 0.5070576, 0.5078957, 0.50853515, 0.50696707, 0.509952, 0.50840867, 0.5064684, 0.5099739, 0.5091979, 0.509318, 0.5094759, 0.50925416, 0.50754714, 0.5094208, 0.5094726, 0.508629, 0.5086832, 0.50882417, 0.5096868, 0.50829506, 0.506922, 0.5099371, 0.50665766, 0.5077219, 0.5062696, 0.5030634, 0.5068274, 0.50994277, 0.51103157, 0.51102984, 0.5037333, 0.50769424, 0.5086712, 0.5075154, 0.5081915, 0.5115734, 0.50915414, 0.50791514, 0.51004314, 0.50923514]
[0.50173444, 0.50498444, 0.5054818, 0.5039532, 0.5024149, 0.50156194, 0.50221354, 0.5013595, 0.50199383, 0.5005607, 0.5003862, 0.50093925, 0.49988416, 0.50029093, 0.5013527, 0.5012514, 0.50034523, 0.50055724, 0.50868404, 0.5086312, 0.5092946, 0.5092813, 0.50801635, 0.5076098, 0.504817, 0.50916207, 0.50875103, 0.5083831, 0.51034355, 0.5076634, 0.5134426, 0.5056467, 0.5121063, 0.51425666, 0.50154924, 0.5085325, 0.50918466, 0.51145023, 0.50271416, 0.50017965, 0.50065506, 0.50212127, 0.5034527, 0.5042383, 0.50554293, 0.50523466, 0.50376046, 0.50001234, 0.5067059, 0.5008965, 0.5000189, 0.5014073, 0.510391, 0.50135845, 0.50448734, 0.5051866, 0.5024525, 0.5006998, 0.5007503, 0.5000371, 0.5075452, 0.50784224, 0.5000876, 0.5110918, 0.50975454, 0.51034147, 0.50641716, 0.50650966, 0.51337117, 0.50928444, 0.5095389, 0.508782, 0.5076727, 0.5062237, 0.51233107, 0.51308477, 0.512987, 0.5098003, 0.5124457, 0.5095955, 0.51241434, 0.51208454, 0.5119038, 0.51118183, 0.51001745, 0.5112762, 0.5096024, 0.5083069, 0.5107637, 0.5131028, 0.5096719, 0.5079632, 0.5126376, 0.5111221, 0.51011896, 0.5103776, 0.5117503, 0.5132433, 0.5110119, 0.51476413, 0.51349026, 0.51264435, 0.5126959, 0.51385754, 0.51408577, 0.51246005, 0.5139727, 0.5135471, 0.5132855, 0.51197225, 0.51468354, 0.51353395, 0.5122625, 0.511619, 0.5041796, 0.51015395, 0.51230323, 0.5122956, 0.5094718, 0.5072524, 0.50226676, 0.510413, 0.50786495, 0.5120343, 0.51148856, 0.51248413, 0.5106638, 0.5109146, 0.51330703, 0.50887394, 0.5095894, 0.50896555, 0.50629336, 0.50423473, 0.50495744, 0.5082966, 0.5077382, 0.5077721, 0.5076491, 0.50753516, 0.51410073, 0.5092861, 0.5113455, 0.51039374, 0.5076749, 0.5129707, 0.5070952, 0.5059032, 0.5068635, 0.5091442, 0.50971866, 0.5076946, 0.5118033, 0.5085128, 0.5063987, 0.5059933, 0.503735, 0.50406367, 0.5081717, 0.5083902, 0.5073467, 0.51141894, 0.51026386, 0.51023686, 0.505012, 0.50520086, 0.5132232, 0.50380045, 0.50881076, 0.5059178, 0.5019295, 0.5073353, 0.50710964, 0.5125163, 0.5135714, 0.51514757, 0.50478643, 0.5063242, 0.50872904, 0.5131659, 0.50749165, 0.50429976, 0.5078414, 0.5095742, 0.5037283, 0.5105036, 0.5101943, 0.50111324, 0.5121605, 0.51136535, 0.5098749, 0.5078781, 0.50942063, 0.5114568, 0.51128674, 0.51363397, 0.50689095, 0.51132774, 0.5090203, 0.50968426, 0.5140167, 0.5117721, 0.51387274, 0.5119607, 0.51205117, 0.50597817, 0.51390296, 0.51199526, 0.5124646, 0.5148686, 0.51422256, 0.5148931, 0.5125313, 0.5135898, 0.51149213, 0.5119154, 0.51188433, 0.5136875, 0.5131993, 0.5124697, 0.5133622, 0.51161855, 0.499903, 0.4999684, 0.5059166, 0.51091594, 0.50979316, 0.50901127, 0.5136769, 0.50624996, 0.506186, 0.50665367, 0.50773156, 0.5087734, 0.5080261, 0.5105698, 0.5074525, 0.50653476, 0.5106442, 0.510414, 0.51035005, 0.5104425, 0.51038045, 0.5088637, 0.5108308, 0.51019335, 0.50905246, 0.5094193, 0.5104721, 0.50996083, 0.50898075, 0.50710505, 0.5113623, 0.50659186, 0.50842744, 0.50665414, 0.50365174, 0.5078793, 0.5115338, 0.5122651, 0.512329, 0.5027392, 0.5087096, 0.50936174, 0.5077318, 0.50897366, 0.51350945, 0.5106898, 0.5074939, 0.5115968, 0.51047224]
[0.5013244, 0.5038661, 0.50436354, 0.5028583, 0.50182015, 0.50083125, 0.5014284, 0.50102353, 0.50143445, 0.50088656, 0.5012208, 0.50056285, 0.5003481, 0.49955812, 0.50263745, 0.50112396, 0.49948853, 0.5006693, 0.51098186, 0.5114405, 0.5124164, 0.51303196, 0.5096531, 0.5093222, 0.5067588, 0.511556, 0.51045036, 0.5104514, 0.51291776, 0.5113183, 0.5177496, 0.50764805, 0.5161143, 0.5189318, 0.5008363, 0.51166415, 0.51271826, 0.51537645, 0.5042775, 0.49977824, 0.50058305, 0.5032335, 0.502469, 0.5032464, 0.50394094, 0.50376374, 0.502614, 0.50038135, 0.50766253, 0.50227076, 0.50030106, 0.5002127, 0.5138027, 0.5010897, 0.5032999, 0.50383115, 0.5017719, 0.49985138, 0.4999653, 0.5008414, 0.51024497, 0.50866807, 0.49972084, 0.51421356, 0.51341254, 0.5134543, 0.50912404, 0.5093096, 0.517852, 0.51271224, 0.5130939, 0.51223594, 0.50993335, 0.50641626, 0.51607513, 0.51647764, 0.51774925, 0.51315856, 0.51636463, 0.51274616, 0.516207, 0.51657593, 0.5161691, 0.5154299, 0.51318955, 0.51543134, 0.51294893, 0.5110382, 0.5137837, 0.51706135, 0.5131912, 0.5109459, 0.517552, 0.514706, 0.51365936, 0.5134469, 0.5162286, 0.51751906, 0.51475084, 0.5197815, 0.5181508, 0.51715255, 0.5171218, 0.5180045, 0.518265, 0.5163969, 0.51797396, 0.51802605, 0.51774365, 0.51580316, 0.51944464, 0.5178697, 0.5163945, 0.51561964, 0.50475746, 0.5135487, 0.5165868, 0.5148949, 0.512655, 0.5100456, 0.5037676, 0.5139864, 0.5101206, 0.5152004, 0.51451385, 0.5157849, 0.5145535, 0.514638, 0.51769453, 0.5127045, 0.5129331, 0.5124578, 0.50890684, 0.505206, 0.5062565, 0.510348, 0.5100283, 0.5105032, 0.5104633, 0.51023096, 0.5184849, 0.5119185, 0.5144253, 0.5133914, 0.5109553, 0.51722586, 0.50953126, 0.5076137, 0.5090231, 0.5122031, 0.51261306, 0.5093988, 0.5160092, 0.5110262, 0.50819236, 0.50767606, 0.50276667, 0.5027451, 0.5109666, 0.5113599, 0.5092523, 0.5152959, 0.51345164, 0.5136719, 0.50702196, 0.50633144, 0.517636, 0.50800645, 0.51145303, 0.50625765, 0.50148624, 0.5094392, 0.5084508, 0.51679224, 0.51819634, 0.5194597, 0.50463486, 0.5075792, 0.5111358, 0.5173987, 0.5107247, 0.50880134, 0.5111023, 0.5129476, 0.50478745, 0.5139869, 0.5132932, 0.50168765, 0.51604474, 0.5150379, 0.51316816, 0.51057273, 0.51203233, 0.5151109, 0.5151894, 0.51864713, 0.50840104, 0.51439446, 0.5118317, 0.51286864, 0.5181896, 0.5160593, 0.51752, 0.5154587, 0.51599044, 0.5081273, 0.5182795, 0.51624525, 0.51615894, 0.5196983, 0.51825035, 0.5194625, 0.5163186, 0.5173145, 0.5156404, 0.51581407, 0.51604843, 0.51746094, 0.51763994, 0.5175256, 0.5170397, 0.514481, 0.5010618, 0.4994585, 0.5091239, 0.51471025, 0.51399064, 0.5127947, 0.51833576, 0.50894797, 0.50838137, 0.509399, 0.51035124, 0.511708, 0.50975055, 0.5145279, 0.51074773, 0.5088209, 0.5149737, 0.513698, 0.5137051, 0.51383835, 0.5136383, 0.511055, 0.51425624, 0.513835, 0.5121273, 0.51217467, 0.5133834, 0.5134325, 0.51175827, 0.50962335, 0.51504046, 0.5082648, 0.51108444, 0.50871634, 0.50207967, 0.5103186, 0.51509166, 0.5165982, 0.5161549, 0.5018258, 0.5100942, 0.51237005, 0.51057714, 0.5116654, 0.5180061, 0.51374584, 0.5106845, 0.51480556, 0.5139858]
[0.5026432, 0.50608426, 0.5068302, 0.505159, 0.5037032, 0.5031981, 0.50400835, 0.503123, 0.5031881, 0.50045925, 0.50010717, 0.5004888, 0.50082076, 0.50171477, 0.50036234, 0.50349885, 0.50136834, 0.5007022, 0.509426, 0.5094551, 0.51078916, 0.5115533, 0.5088965, 0.507391, 0.5043404, 0.509977, 0.50830597, 0.5091351, 0.5120189, 0.51017183, 0.51584464, 0.50488347, 0.5147726, 0.51749444, 0.5023652, 0.50995576, 0.5108521, 0.51325226, 0.50255436, 0.5014514, 0.5023902, 0.50139517, 0.50496936, 0.5061736, 0.50752795, 0.50733256, 0.50555795, 0.50047493, 0.505951, 0.50031036, 0.5003789, 0.50212586, 0.51235455, 0.50289667, 0.50594735, 0.50721645, 0.50426, 0.50183326, 0.50197387, 0.50025976, 0.50776446, 0.50627923, 0.5003921, 0.5129365, 0.5118736, 0.51248926, 0.50836045, 0.5085798, 0.51603776, 0.5111263, 0.51109695, 0.51118994, 0.5093018, 0.50429934, 0.5146414, 0.51494783, 0.5160354, 0.51139903, 0.51483536, 0.51069254, 0.5148626, 0.51521355, 0.5145202, 0.5135887, 0.5117844, 0.51414293, 0.51103073, 0.5088946, 0.5120197, 0.515129, 0.51150435, 0.5093599, 0.51576334, 0.5128809, 0.5114252, 0.51116306, 0.51452553, 0.51552224, 0.5136293, 0.51788944, 0.51563364, 0.515462, 0.5154782, 0.5166692, 0.51647204, 0.5141727, 0.51592106, 0.51631993, 0.5160905, 0.51430094, 0.5177547, 0.515938, 0.51492, 0.51430887, 0.5027509, 0.51285976, 0.515064, 0.5127405, 0.5112319, 0.5084653, 0.50157136, 0.5125066, 0.5083869, 0.51351047, 0.5121166, 0.5141563, 0.5124424, 0.51360947, 0.51574737, 0.5121921, 0.51131034, 0.51067585, 0.50904495, 0.5021698, 0.50273436, 0.5088304, 0.509358, 0.5089634, 0.5097478, 0.5092158, 0.5163122, 0.5103719, 0.51336694, 0.5118555, 0.50949484, 0.51584685, 0.5070782, 0.5037189, 0.5071495, 0.5108798, 0.51120234, 0.50758964, 0.5142603, 0.5087462, 0.5046504, 0.50348073, 0.5052978, 0.5048923, 0.5092264, 0.50974953, 0.50612336, 0.51377225, 0.511844, 0.51170135, 0.5069848, 0.5050805, 0.5162244, 0.50644803, 0.50959116, 0.5043537, 0.50007534, 0.5069515, 0.50612986, 0.5151959, 0.51639414, 0.5172606, 0.5033871, 0.506083, 0.50998837, 0.5155964, 0.5081324, 0.5073755, 0.5100721, 0.5112036, 0.50202215, 0.5123041, 0.5119043, 0.50030506, 0.51435024, 0.513575, 0.51206553, 0.5090033, 0.50963116, 0.51345646, 0.51326823, 0.5164719, 0.5050163, 0.5132328, 0.5104807, 0.5113857, 0.5163765, 0.51390755, 0.5155878, 0.51359767, 0.51401234, 0.5067999, 0.5167909, 0.5148958, 0.5141871, 0.51852274, 0.51629466, 0.51744175, 0.5141986, 0.5156616, 0.5137327, 0.5139661, 0.51432276, 0.51511276, 0.5162871, 0.516246, 0.51517576, 0.51349676, 0.49976468, 0.502028, 0.50707346, 0.51367867, 0.5127692, 0.5114908, 0.5163731, 0.5086459, 0.5066233, 0.50743514, 0.5083482, 0.50979525, 0.5083726, 0.51280224, 0.5102299, 0.5070805, 0.5131293, 0.5119553, 0.51208097, 0.5122703, 0.5120327, 0.50877595, 0.5124944, 0.512205, 0.5110177, 0.51074535, 0.5114448, 0.513224, 0.51085603, 0.5074698, 0.5135593, 0.50741744, 0.5090529, 0.5066754, 0.5053711, 0.5062951, 0.51283616, 0.51554745, 0.514489, 0.5002621, 0.5088071, 0.5107902, 0.50955707, 0.5099516, 0.5161262, 0.51181155, 0.509377, 0.5124372, 0.5117691]
[0.50506973, 0.5083339, 0.5091113, 0.5070689, 0.5057441, 0.5037972, 0.5046115, 0.5039982, 0.5048529, 0.50114614, 0.5009281, 0.5017475, 0.50241804, 0.5031122, 0.5010585, 0.5036261, 0.5027976, 0.5018825, 0.5071917, 0.50698096, 0.5076325, 0.50786096, 0.506291, 0.5061193, 0.5039838, 0.50769347, 0.506899, 0.5068864, 0.5081406, 0.50705695, 0.5104932, 0.504391, 0.50965863, 0.51117486, 0.50389105, 0.50752354, 0.50754744, 0.5092416, 0.50135523, 0.5027132, 0.5036077, 0.5022908, 0.50596005, 0.5074362, 0.50844, 0.5085209, 0.5068912, 0.5022726, 0.50550914, 0.5010289, 0.50219727, 0.50359064, 0.50852925, 0.5038614, 0.5073764, 0.5081307, 0.5054952, 0.503186, 0.5030725, 0.50224483, 0.5065181, 0.50630605, 0.50190985, 0.5089423, 0.5084047, 0.50817406, 0.5051193, 0.50568134, 0.51051587, 0.5082968, 0.5080984, 0.5075214, 0.50660443, 0.50487185, 0.5097709, 0.50990045, 0.5102845, 0.5080705, 0.5098205, 0.5078039, 0.5097704, 0.51015276, 0.5096419, 0.509393, 0.5083243, 0.5095294, 0.50811386, 0.50709456, 0.5086531, 0.5100244, 0.5079268, 0.5069208, 0.5101395, 0.5088246, 0.508045, 0.5076911, 0.50966716, 0.5104755, 0.50891644, 0.51155716, 0.51073945, 0.5099834, 0.5100268, 0.5108941, 0.51116604, 0.5095528, 0.51081306, 0.510737, 0.51055557, 0.5094685, 0.5115304, 0.51050055, 0.5101307, 0.5096575, 0.5030751, 0.5082642, 0.5096262, 0.50908095, 0.5079388, 0.5059735, 0.5020628, 0.50839263, 0.5065692, 0.5096586, 0.50904125, 0.509448, 0.5089036, 0.5091066, 0.5105524, 0.50799215, 0.50790495, 0.5076433, 0.5065542, 0.50279343, 0.502945, 0.50694954, 0.5065939, 0.506701, 0.5067116, 0.50660706, 0.51086825, 0.5074725, 0.50907093, 0.50837004, 0.50697124, 0.51030797, 0.5064621, 0.50383145, 0.50558877, 0.5075046, 0.5082967, 0.5059408, 0.50989, 0.5072812, 0.5059006, 0.5046242, 0.50612575, 0.50614405, 0.5071534, 0.5073357, 0.5055108, 0.509158, 0.508435, 0.50826323, 0.50387436, 0.50268507, 0.5105307, 0.5052051, 0.5069673, 0.50575924, 0.50228053, 0.50605303, 0.50562763, 0.50995874, 0.5106915, 0.51161, 0.50338435, 0.5051505, 0.50717586, 0.5102281, 0.5061898, 0.50520056, 0.5066414, 0.5081095, 0.5033848, 0.50866437, 0.5082946, 0.5012953, 0.5097916, 0.50898606, 0.50831854, 0.5068353, 0.5073681, 0.50926864, 0.5091923, 0.51122993, 0.50524235, 0.50909674, 0.5076687, 0.50811875, 0.5107262, 0.50953156, 0.51058525, 0.5093821, 0.50955355, 0.5046438, 0.51127684, 0.51007736, 0.5097349, 0.51185787, 0.5111676, 0.51164395, 0.50965023, 0.5104113, 0.5095442, 0.50978655, 0.5097581, 0.5105854, 0.51048523, 0.5106216, 0.510428, 0.50913376, 0.50222653, 0.50285876, 0.5056907, 0.5090909, 0.50859946, 0.50778246, 0.51065063, 0.50522584, 0.50424016, 0.50463563, 0.50599045, 0.5070735, 0.5061166, 0.5086606, 0.50642824, 0.5061469, 0.50896126, 0.50875074, 0.5088804, 0.5090542, 0.5088127, 0.50710857, 0.50884736, 0.50851285, 0.50754625, 0.50775737, 0.508478, 0.508753, 0.5078093, 0.50554454, 0.5093346, 0.5049975, 0.507237, 0.5058546, 0.50661445, 0.5062942, 0.50902885, 0.50969917, 0.5096076, 0.501666, 0.50707966, 0.5078344, 0.50655985, 0.50706124, 0.51055205, 0.5085152, 0.5066496, 0.50917274, 0.5086922]
[0.50200754, 0.5045678, 0.50505745, 0.50377846, 0.5028411, 0.5026282, 0.5030592, 0.50212985, 0.50262344, 0.50090563, 0.5009125, 0.50079596, 0.5012885, 0.5016953, 0.5004069, 0.5021862, 0.50122786, 0.50095403, 0.5092729, 0.50865865, 0.51040167, 0.51027566, 0.50628364, 0.505456, 0.50342023, 0.5100104, 0.50875217, 0.509185, 0.5110563, 0.50878423, 0.51402307, 0.5043106, 0.51328653, 0.5156525, 0.50197506, 0.50988287, 0.5098932, 0.5117579, 0.50112337, 0.50120324, 0.5018317, 0.5011694, 0.5038282, 0.504562, 0.50544524, 0.50517213, 0.503882, 0.5011197, 0.50511897, 0.5002161, 0.5012729, 0.5020896, 0.5111587, 0.50258815, 0.50489056, 0.50529486, 0.5032961, 0.50186604, 0.50192434, 0.5011248, 0.50888664, 0.50821656, 0.5009069, 0.5109848, 0.5103549, 0.5111, 0.5063918, 0.5060152, 0.51491046, 0.509937, 0.5100112, 0.50975215, 0.507622, 0.50541365, 0.51297945, 0.5133793, 0.51420903, 0.51050496, 0.51300323, 0.50978774, 0.5128473, 0.5128596, 0.51314265, 0.512286, 0.5109764, 0.5122801, 0.51068634, 0.50923973, 0.5102876, 0.5136686, 0.510073, 0.50765294, 0.51435316, 0.5114276, 0.51072925, 0.51011246, 0.5130737, 0.51352227, 0.5117101, 0.51602215, 0.5142227, 0.51380074, 0.5138861, 0.514504, 0.5152327, 0.51294607, 0.5146717, 0.51441133, 0.514288, 0.5125463, 0.51570654, 0.51422405, 0.5135873, 0.51259685, 0.5012562, 0.51106477, 0.5129815, 0.51226777, 0.510124, 0.50717276, 0.50208926, 0.5110868, 0.5083876, 0.51221824, 0.5118977, 0.51252806, 0.5111831, 0.5113136, 0.5138523, 0.510088, 0.5105282, 0.5096892, 0.5078328, 0.50189656, 0.5029908, 0.50775605, 0.5081122, 0.5084824, 0.50842017, 0.50819665, 0.5149204, 0.5096032, 0.51158816, 0.5111731, 0.5080995, 0.51412356, 0.5080144, 0.5055662, 0.5064867, 0.5100103, 0.51016885, 0.506602, 0.51241267, 0.5085667, 0.5057554, 0.50468004, 0.5040304, 0.5040716, 0.5079322, 0.50866675, 0.5063038, 0.51175034, 0.5103386, 0.5108283, 0.505886, 0.5037599, 0.5147664, 0.50474554, 0.50935596, 0.50630265, 0.50138867, 0.5069032, 0.5059787, 0.51302177, 0.5142238, 0.51591676, 0.50202733, 0.5041534, 0.5089541, 0.51344466, 0.5085272, 0.5062411, 0.50815123, 0.50962937, 0.50206697, 0.51056653, 0.51044995, 0.50011754, 0.51304054, 0.51247615, 0.5104979, 0.5081579, 0.50929296, 0.51229554, 0.5125438, 0.51509976, 0.5047836, 0.5114995, 0.5092232, 0.5100172, 0.514523, 0.5128981, 0.5143061, 0.5123427, 0.5123484, 0.50607526, 0.5144437, 0.5133169, 0.5123641, 0.51622885, 0.5148683, 0.5158871, 0.51335144, 0.51434666, 0.5125043, 0.5126804, 0.51228637, 0.5129427, 0.5136429, 0.5137546, 0.513503, 0.5124295, 0.50051117, 0.50135416, 0.5057756, 0.51176935, 0.51021117, 0.5094034, 0.514562, 0.5063637, 0.5049764, 0.50596225, 0.50815964, 0.5092653, 0.5074279, 0.5121378, 0.5082769, 0.5059178, 0.5118511, 0.51094633, 0.51110315, 0.51134133, 0.5107095, 0.5088892, 0.5113866, 0.5107774, 0.50966495, 0.5100422, 0.51040304, 0.51068026, 0.5091199, 0.5075209, 0.511858, 0.50631773, 0.50832784, 0.5049165, 0.50375986, 0.5076853, 0.5113914, 0.51340955, 0.51327986, 0.501544, 0.50864357, 0.50969946, 0.50811976, 0.51006407, 0.51385576, 0.5113046, 0.5085527, 0.5119794, 0.51077]
[0.50148046, 0.50611216, 0.5070984, 0.5053476, 0.5032641, 0.5016084, 0.50276333, 0.501834, 0.50303316, 0.50127083, 0.5015678, 0.501853, 0.50135636, 0.50073916, 0.5028388, 0.5015942, 0.5003748, 0.50132746, 0.50830114, 0.5084942, 0.5086017, 0.50920725, 0.5085251, 0.5079769, 0.5056894, 0.508623, 0.50732553, 0.5077766, 0.50991863, 0.508102, 0.5131747, 0.50555295, 0.51167184, 0.513993, 0.50224966, 0.5080848, 0.508899, 0.5104215, 0.505164, 0.50149906, 0.50169283, 0.50265914, 0.50462115, 0.5061223, 0.50685, 0.5061868, 0.50393033, 0.50174767, 0.506608, 0.5020796, 0.5011439, 0.50065726, 0.50953, 0.5015533, 0.5055899, 0.50630647, 0.50454193, 0.50058895, 0.50024986, 0.5008081, 0.5071514, 0.5069912, 0.5011279, 0.51146954, 0.50995487, 0.5103224, 0.5067001, 0.507331, 0.5125758, 0.5099302, 0.5096872, 0.5091588, 0.5081522, 0.5052241, 0.51215607, 0.5126588, 0.5126069, 0.5089699, 0.5118309, 0.5088795, 0.51202184, 0.512793, 0.5123841, 0.5116916, 0.50962156, 0.5108509, 0.50887394, 0.50734586, 0.5107232, 0.5125501, 0.50974494, 0.5077862, 0.51203066, 0.5107073, 0.51017326, 0.5099695, 0.5116262, 0.51251626, 0.51124173, 0.5145531, 0.5129599, 0.5124679, 0.5122174, 0.51378286, 0.5137774, 0.5118063, 0.5131314, 0.5134105, 0.5132277, 0.51161313, 0.514605, 0.5131761, 0.5121415, 0.5110429, 0.50524575, 0.510659, 0.512206, 0.5113213, 0.50943106, 0.50771683, 0.5024313, 0.51011527, 0.5077833, 0.511846, 0.5106618, 0.51189095, 0.51073694, 0.5112059, 0.5124353, 0.5087903, 0.50942725, 0.5087885, 0.505965, 0.50405896, 0.50466365, 0.5083679, 0.50787854, 0.507776, 0.5080569, 0.5076671, 0.51363105, 0.5091086, 0.51091325, 0.5098132, 0.5078056, 0.5128932, 0.50685817, 0.50579053, 0.5058672, 0.5083493, 0.50961727, 0.5076638, 0.51175237, 0.50842875, 0.50684947, 0.5056812, 0.5042654, 0.5042882, 0.5078697, 0.50825906, 0.5071246, 0.51150864, 0.50996906, 0.50992733, 0.50517726, 0.50504124, 0.51247054, 0.50626624, 0.5081984, 0.5050704, 0.50236124, 0.50725466, 0.50671864, 0.5125503, 0.51364946, 0.51392055, 0.50555986, 0.50680953, 0.50845295, 0.51271355, 0.50645983, 0.50638837, 0.50790054, 0.5098851, 0.5032241, 0.51055866, 0.5101551, 0.5024404, 0.5119984, 0.51110697, 0.5095088, 0.5078444, 0.50922745, 0.51092535, 0.510983, 0.51336473, 0.50696516, 0.51188385, 0.5089893, 0.5095057, 0.5133635, 0.5114272, 0.51354194, 0.511338, 0.5116889, 0.50673497, 0.51384574, 0.51207465, 0.51198786, 0.51504904, 0.5139958, 0.5142334, 0.51211226, 0.5130583, 0.51103586, 0.5111484, 0.511922, 0.5133331, 0.51329446, 0.51290053, 0.513146, 0.51096207, 0.5015438, 0.50086015, 0.5071798, 0.5112735, 0.509957, 0.5090005, 0.513612, 0.5061793, 0.5054591, 0.50592875, 0.5067654, 0.50779164, 0.5078248, 0.51043385, 0.5075595, 0.5067684, 0.5109143, 0.5103908, 0.5102471, 0.5105531, 0.51039296, 0.50871974, 0.51105607, 0.5098121, 0.50866187, 0.50923854, 0.5100862, 0.5101278, 0.50892776, 0.5066202, 0.5108506, 0.5064932, 0.5082408, 0.50715035, 0.5042947, 0.5076097, 0.5103076, 0.5112755, 0.5115276, 0.50340843, 0.508654, 0.5087463, 0.5081706, 0.50920594, 0.5133871, 0.51038074, 0.5074041, 0.5111125, 0.51027375]
[0.50059533, 0.5030998, 0.50377584, 0.5027679, 0.5013834, 0.5007648, 0.5011987, 0.5003334, 0.50095874, 0.50278115, 0.50222147, 0.50322115, 0.5026589, 0.50225484, 0.50435394, 0.50067705, 0.5004685, 0.50288177, 0.50984424, 0.51059437, 0.5103582, 0.51108575, 0.5106448, 0.5095124, 0.5076464, 0.5103838, 0.5090561, 0.508929, 0.5117036, 0.5100494, 0.5156878, 0.5070261, 0.5141647, 0.515888, 0.50049525, 0.50978214, 0.5110419, 0.5128914, 0.5061014, 0.5014449, 0.50058794, 0.5039923, 0.5018166, 0.50245285, 0.5030216, 0.502733, 0.5013788, 0.50260043, 0.50771964, 0.50364184, 0.502337, 0.5004624, 0.51184684, 0.50058347, 0.5026809, 0.50312495, 0.50183356, 0.50050986, 0.5006638, 0.5031827, 0.5084944, 0.5064542, 0.5020594, 0.51314056, 0.5123654, 0.51243556, 0.5090181, 0.5093206, 0.5144077, 0.51150393, 0.5114504, 0.511289, 0.51016, 0.50667125, 0.51420546, 0.5147137, 0.51479626, 0.5114062, 0.5140624, 0.51102984, 0.51430637, 0.5146508, 0.5140552, 0.51328206, 0.51205516, 0.5133978, 0.51089495, 0.5090529, 0.5125461, 0.5148257, 0.5118915, 0.50974005, 0.51459455, 0.51272774, 0.5119586, 0.51224613, 0.5136686, 0.5151363, 0.5135637, 0.5166594, 0.5147837, 0.5149362, 0.5144409, 0.5157527, 0.51586217, 0.5136587, 0.5153786, 0.51559305, 0.51518035, 0.51376784, 0.51643354, 0.5154519, 0.5138996, 0.51307744, 0.5061264, 0.5122645, 0.5145055, 0.5134779, 0.51196235, 0.5100335, 0.50241697, 0.512156, 0.5098591, 0.5132154, 0.5127855, 0.514318, 0.5128156, 0.5131867, 0.51489526, 0.5114299, 0.51104075, 0.51084095, 0.50858194, 0.50424963, 0.50556195, 0.5100414, 0.50962025, 0.510014, 0.50968826, 0.5089208, 0.5155729, 0.5108491, 0.5129021, 0.51195186, 0.5096192, 0.5148812, 0.50806415, 0.5060286, 0.50811845, 0.511106, 0.5113244, 0.5099939, 0.5138919, 0.51014686, 0.50804037, 0.5071251, 0.50155586, 0.50145966, 0.50942385, 0.5103653, 0.5087047, 0.51336294, 0.5120341, 0.5120255, 0.50664705, 0.5063945, 0.514892, 0.5076596, 0.5102799, 0.50469977, 0.5022066, 0.5087073, 0.5080157, 0.51460904, 0.5155448, 0.51579094, 0.5064988, 0.5081868, 0.51035714, 0.51501095, 0.5079417, 0.5081646, 0.51052177, 0.51156723, 0.5048449, 0.51227295, 0.5123379, 0.5027714, 0.5137637, 0.5133297, 0.5114692, 0.50958914, 0.51121616, 0.51312894, 0.51285297, 0.5152278, 0.50857776, 0.5135493, 0.51071566, 0.51156783, 0.5155154, 0.513494, 0.51476306, 0.51359296, 0.5137099, 0.5078375, 0.5154338, 0.5139504, 0.5141122, 0.51667815, 0.51585007, 0.51623106, 0.51431745, 0.51505125, 0.51295215, 0.5130212, 0.51359415, 0.51550317, 0.51550275, 0.5144996, 0.51493424, 0.5127655, 0.5031668, 0.50147325, 0.5093412, 0.5133604, 0.5117407, 0.51162386, 0.51571214, 0.5086923, 0.5080922, 0.50838995, 0.50936973, 0.5103695, 0.5089009, 0.5126854, 0.5101442, 0.5082524, 0.5127392, 0.51212883, 0.5119875, 0.5123562, 0.5124695, 0.51027733, 0.51263267, 0.5123235, 0.5105623, 0.51090515, 0.51159996, 0.51251984, 0.5100665, 0.50724304, 0.51339763, 0.50846565, 0.5100753, 0.5090552, 0.50158656, 0.509014, 0.51303667, 0.51372576, 0.5142128, 0.50322074, 0.5098434, 0.510862, 0.51037073, 0.5108196, 0.51536596, 0.5120664, 0.5098876, 0.5128627, 0.5123237]
[0.501899, 0.5040127, 0.50448996, 0.50348425, 0.5027715, 0.5016831, 0.50213873, 0.5016762, 0.5021686, 0.50160724, 0.50156426, 0.5016788, 0.50165117, 0.5010541, 0.50339144, 0.5015965, 0.50073975, 0.5017271, 0.5076003, 0.5077147, 0.50858665, 0.5088134, 0.5078057, 0.5071027, 0.50502753, 0.5079258, 0.5071944, 0.5073123, 0.50945246, 0.50794727, 0.51207805, 0.5056057, 0.51124966, 0.5129845, 0.50175214, 0.507297, 0.50861496, 0.51014775, 0.5045329, 0.50109756, 0.5015628, 0.5026715, 0.5029248, 0.5038257, 0.50428337, 0.5041242, 0.50291085, 0.5017702, 0.5051785, 0.5020516, 0.5011961, 0.5014466, 0.50949967, 0.5016248, 0.50349337, 0.5040097, 0.50261533, 0.50078297, 0.50075823, 0.50261074, 0.5063314, 0.50558275, 0.50134504, 0.5104421, 0.50944304, 0.50981915, 0.5063953, 0.5067844, 0.5120367, 0.5087038, 0.5090195, 0.50883496, 0.50777006, 0.50483096, 0.51150686, 0.51181793, 0.5122528, 0.50909054, 0.5115449, 0.5083703, 0.5115193, 0.51203823, 0.5115653, 0.51062703, 0.50924486, 0.5105998, 0.5084306, 0.5069971, 0.5098762, 0.5119922, 0.509249, 0.50747865, 0.5121518, 0.51020604, 0.50929254, 0.5095127, 0.5110659, 0.5119359, 0.51069796, 0.5136332, 0.5119956, 0.5118639, 0.5118279, 0.51296234, 0.51259667, 0.51090586, 0.5125079, 0.5125958, 0.51227635, 0.5112292, 0.5137993, 0.5124397, 0.5112406, 0.51125664, 0.50445396, 0.51026565, 0.51169455, 0.5102768, 0.5086811, 0.5075649, 0.5027944, 0.50977874, 0.5077293, 0.5102908, 0.50940007, 0.51091194, 0.51007867, 0.51038796, 0.51179343, 0.50890595, 0.5090749, 0.5086834, 0.50634956, 0.50367504, 0.5042191, 0.5073196, 0.5074689, 0.5079494, 0.50781375, 0.507253, 0.5126179, 0.5084831, 0.5101656, 0.5093837, 0.50748134, 0.5118668, 0.50656605, 0.5050336, 0.50628185, 0.5085257, 0.50876045, 0.50714135, 0.51096064, 0.5069756, 0.50470066, 0.5054152, 0.5028784, 0.50295246, 0.50759083, 0.50753653, 0.5062126, 0.5106721, 0.50924796, 0.5095607, 0.50526714, 0.5054481, 0.512227, 0.50549835, 0.5076313, 0.50350684, 0.5015791, 0.50648075, 0.50600356, 0.51216084, 0.51253814, 0.5129849, 0.5046183, 0.50614876, 0.5079236, 0.5122482, 0.5067834, 0.50605947, 0.5083147, 0.5087225, 0.50328505, 0.509625, 0.5094805, 0.50194633, 0.5115153, 0.510871, 0.50944024, 0.50765914, 0.50821555, 0.51051396, 0.5104358, 0.51236844, 0.50594556, 0.51115495, 0.5085287, 0.5090797, 0.512854, 0.5107576, 0.51183665, 0.5105774, 0.51084065, 0.5060313, 0.5128659, 0.5113789, 0.51131064, 0.51410824, 0.51279706, 0.5131937, 0.5115155, 0.51207227, 0.51060593, 0.5106506, 0.51103425, 0.51198626, 0.5130286, 0.5123519, 0.5119772, 0.50994986, 0.5022297, 0.500585, 0.50712496, 0.5107709, 0.509834, 0.5090925, 0.5125001, 0.50630283, 0.5056039, 0.5062563, 0.50677615, 0.5075944, 0.5063093, 0.5100164, 0.50740963, 0.5061641, 0.51061964, 0.50905305, 0.50915116, 0.5096303, 0.5099969, 0.5079867, 0.5099089, 0.5096467, 0.50809604, 0.5081823, 0.50909936, 0.51004905, 0.50794625, 0.50562364, 0.51035196, 0.5066818, 0.50764984, 0.5060551, 0.50304556, 0.5072488, 0.51049495, 0.5116608, 0.5111321, 0.5022248, 0.5077431, 0.5086233, 0.5074068, 0.5080316, 0.51235497, 0.50949997, 0.50712276, 0.5100279, 0.50873816]
[0.49976206, 0.50130105, 0.5016722, 0.500468, 0.499583, 0.50022733, 0.4993078, 0.5008262, 0.4993846, 0.5051645, 0.5039299, 0.5058292, 0.5056024, 0.504519, 0.507045, 0.49991834, 0.5025688, 0.50398695, 0.51031095, 0.5107396, 0.5114456, 0.51192284, 0.5107566, 0.5098783, 0.5087455, 0.510655, 0.50981885, 0.51022947, 0.51200235, 0.5101186, 0.515195, 0.508557, 0.514323, 0.5159884, 0.5002073, 0.51032746, 0.51148736, 0.51329786, 0.50696313, 0.5023838, 0.500959, 0.50584817, 0.49999702, 0.5007829, 0.50170845, 0.5018248, 0.5006371, 0.5032928, 0.5088218, 0.5059008, 0.5045314, 0.50101006, 0.51234615, 0.49982786, 0.50109965, 0.5014819, 0.5000239, 0.50305593, 0.50280833, 0.5058175, 0.5093257, 0.5091756, 0.5044306, 0.5131614, 0.5120351, 0.5128703, 0.5101532, 0.5095701, 0.5144668, 0.5113494, 0.511316, 0.5113518, 0.5108677, 0.50824, 0.5143528, 0.5147051, 0.51487166, 0.5116, 0.514392, 0.5113384, 0.51378584, 0.5143146, 0.51403695, 0.51315653, 0.5120941, 0.5136792, 0.5113862, 0.51019764, 0.51238006, 0.51455814, 0.51187617, 0.5100309, 0.51488596, 0.51298356, 0.5121287, 0.51211834, 0.51383394, 0.51496756, 0.51305497, 0.5166537, 0.51493764, 0.5146261, 0.5145416, 0.51564455, 0.5156089, 0.5137835, 0.5151459, 0.5152197, 0.51503956, 0.51385033, 0.5162762, 0.5153126, 0.5140702, 0.5136026, 0.5078489, 0.5127035, 0.5143313, 0.51339066, 0.5116519, 0.50996774, 0.5056546, 0.5124692, 0.5103905, 0.5133249, 0.5128866, 0.51377267, 0.5123637, 0.51342654, 0.51463234, 0.51106614, 0.5115907, 0.5113237, 0.50947493, 0.50693536, 0.5077944, 0.51036954, 0.5103917, 0.5102644, 0.51036155, 0.5098235, 0.5158993, 0.51124763, 0.5127173, 0.51169497, 0.5103799, 0.51477647, 0.5096862, 0.5090281, 0.5093259, 0.51138836, 0.5115283, 0.5102908, 0.51386684, 0.510529, 0.50869185, 0.50804335, 0.50051004, 0.50073177, 0.51018363, 0.5105248, 0.50951433, 0.51352215, 0.5120231, 0.51212066, 0.5082547, 0.5084582, 0.515043, 0.5083822, 0.5103808, 0.50754833, 0.50448006, 0.50942385, 0.5086658, 0.51417524, 0.51541287, 0.51594085, 0.50760627, 0.5088101, 0.51059747, 0.5150146, 0.5095493, 0.508442, 0.5103118, 0.51134354, 0.50733554, 0.51208776, 0.511816, 0.50526536, 0.5138357, 0.5132527, 0.5117752, 0.5103139, 0.5113704, 0.5131031, 0.51297134, 0.5153611, 0.50944746, 0.5132543, 0.5108161, 0.5114885, 0.515872, 0.5136061, 0.5149032, 0.5135997, 0.51339555, 0.50879467, 0.51547414, 0.5140576, 0.5142866, 0.51625586, 0.51532125, 0.5160586, 0.51381433, 0.5148163, 0.5133934, 0.51341337, 0.5131088, 0.5148983, 0.5152605, 0.51485443, 0.51505375, 0.5126419, 0.50386554, 0.5039897, 0.5094202, 0.51346284, 0.5122104, 0.5118365, 0.5154252, 0.50992936, 0.5091964, 0.50945115, 0.509948, 0.51066726, 0.5095595, 0.51275676, 0.5102967, 0.50867116, 0.5130437, 0.5122051, 0.5122127, 0.51260394, 0.51265407, 0.51025087, 0.5123383, 0.51242703, 0.5114894, 0.51145536, 0.5117941, 0.51236063, 0.5109758, 0.5086582, 0.51297456, 0.5094585, 0.5105683, 0.50917095, 0.4999658, 0.50998384, 0.51335865, 0.5144493, 0.51447207, 0.5070251, 0.5107316, 0.5110815, 0.51036406, 0.51090753, 0.5149776, 0.5125401, 0.5103749, 0.51324236, 0.51244164]
[0.50058186, 0.50221014, 0.50272375, 0.5017229, 0.5008483, 0.5003802, 0.50063443, 0.50053924, 0.5008326, 0.5042112, 0.50434446, 0.50434524, 0.5043473, 0.5035833, 0.5068611, 0.50019515, 0.50288117, 0.5040427, 0.51019806, 0.51063067, 0.5116507, 0.51199657, 0.51011425, 0.50950795, 0.5081934, 0.5108583, 0.50988257, 0.5101937, 0.5126094, 0.51101565, 0.5155267, 0.5080778, 0.51435643, 0.516664, 0.5011853, 0.51045, 0.5114892, 0.5140054, 0.50810754, 0.50315636, 0.50116056, 0.50666445, 0.50143814, 0.50233257, 0.50286597, 0.5027378, 0.50165397, 0.5030765, 0.50810033, 0.50553524, 0.50380397, 0.5009108, 0.512523, 0.50034344, 0.5023419, 0.50280213, 0.5014186, 0.5014504, 0.5014367, 0.5047481, 0.5093691, 0.50807685, 0.5051722, 0.5131446, 0.512527, 0.5129726, 0.5101053, 0.50953734, 0.51563454, 0.51226825, 0.511811, 0.51228845, 0.5108549, 0.507117, 0.51506096, 0.5153152, 0.5161834, 0.5119992, 0.5146738, 0.511487, 0.5143104, 0.5151665, 0.5149377, 0.51398003, 0.51242995, 0.513926, 0.5119322, 0.5102752, 0.51233906, 0.5151409, 0.5120879, 0.51052237, 0.51551247, 0.5129239, 0.5123368, 0.51220566, 0.51457983, 0.5150247, 0.5133088, 0.51731807, 0.5154866, 0.51528555, 0.5151298, 0.5158807, 0.5161163, 0.5142762, 0.51569796, 0.5158615, 0.51553077, 0.5138683, 0.517145, 0.51552683, 0.5144965, 0.514206, 0.5073905, 0.5132408, 0.51496774, 0.5128528, 0.5119219, 0.51036006, 0.50683993, 0.5127777, 0.5102681, 0.5131716, 0.51217544, 0.5141848, 0.5132174, 0.51322544, 0.51531416, 0.5120649, 0.5119418, 0.5114922, 0.5096747, 0.50654763, 0.5070098, 0.51053834, 0.5103814, 0.5106892, 0.51072395, 0.51023936, 0.51612556, 0.51115215, 0.51305115, 0.5121676, 0.5104484, 0.51520973, 0.50973415, 0.50822294, 0.50898874, 0.5114927, 0.5114361, 0.50995225, 0.5144768, 0.51018596, 0.5080967, 0.5077946, 0.5016555, 0.5013779, 0.51009667, 0.51044095, 0.5088429, 0.5136808, 0.5121887, 0.5121609, 0.5096252, 0.5088901, 0.51588374, 0.5086479, 0.511299, 0.50704175, 0.5038785, 0.50970894, 0.50939125, 0.5152788, 0.5163673, 0.5170343, 0.5073726, 0.5086197, 0.51038843, 0.51507187, 0.5102817, 0.5093231, 0.5108808, 0.5116855, 0.50558466, 0.51269567, 0.5125075, 0.50473464, 0.5145339, 0.51375276, 0.51240265, 0.5105225, 0.51143396, 0.513477, 0.5133914, 0.5158678, 0.5088358, 0.51374376, 0.5111357, 0.5119511, 0.5161725, 0.51418513, 0.51566803, 0.5137346, 0.5138076, 0.50958246, 0.5161821, 0.51425254, 0.51424485, 0.5172887, 0.51577866, 0.51696855, 0.51433873, 0.51528525, 0.5135675, 0.5140359, 0.51414627, 0.51547873, 0.5162677, 0.5156633, 0.5148579, 0.51310015, 0.5059407, 0.50181365, 0.5101621, 0.5136674, 0.51258785, 0.5120418, 0.5161463, 0.50934434, 0.50847816, 0.50880384, 0.5096008, 0.51032716, 0.50988644, 0.51313645, 0.5104547, 0.50905603, 0.5138537, 0.5124149, 0.51237863, 0.5127235, 0.5126087, 0.51103, 0.51311785, 0.512946, 0.5117935, 0.5117163, 0.5119644, 0.51310366, 0.5112428, 0.50885457, 0.51363784, 0.50914, 0.5101507, 0.5091537, 0.50160736, 0.5102156, 0.5134573, 0.51447797, 0.51454926, 0.5046636, 0.51017326, 0.51122123, 0.5104848, 0.5115101, 0.5157413, 0.5125465, 0.5105497, 0.5128409, 0.5119987]
[0.50344217, 0.50695777, 0.5073494, 0.5055716, 0.5042921, 0.50326765, 0.50392556, 0.5031329, 0.5035744, 0.50105137, 0.50083697, 0.5010253, 0.5016705, 0.50256115, 0.5009079, 0.50345206, 0.5015904, 0.5015808, 0.5101711, 0.50899065, 0.5108388, 0.51071256, 0.5067278, 0.50654626, 0.5063245, 0.51009613, 0.5092434, 0.5095576, 0.5118187, 0.5093189, 0.5144568, 0.5061087, 0.5136103, 0.5156602, 0.5025472, 0.5103281, 0.510238, 0.51241547, 0.50074804, 0.5020509, 0.50170183, 0.50356835, 0.5052925, 0.506371, 0.50807697, 0.5076514, 0.5059, 0.50115657, 0.50760454, 0.4999531, 0.501759, 0.50270146, 0.5117857, 0.5032683, 0.50684255, 0.5076714, 0.50474787, 0.5025051, 0.50237364, 0.5011932, 0.5092391, 0.50907975, 0.50091434, 0.5114365, 0.510961, 0.51144075, 0.50728697, 0.5075948, 0.51505035, 0.5104688, 0.5103222, 0.50998557, 0.5082447, 0.50723773, 0.5133896, 0.5136529, 0.51458484, 0.51092684, 0.5134785, 0.51017404, 0.5134019, 0.5136613, 0.513504, 0.51284593, 0.51145494, 0.51280665, 0.51157117, 0.5099904, 0.51064146, 0.5139189, 0.51037323, 0.5084746, 0.5143904, 0.51154166, 0.51077104, 0.5098944, 0.51353157, 0.5139716, 0.5119603, 0.51627946, 0.514642, 0.51438, 0.51426345, 0.51487154, 0.515282, 0.5130167, 0.514738, 0.51494366, 0.51476437, 0.5129785, 0.5162321, 0.51455176, 0.51399076, 0.5133771, 0.50195575, 0.5116402, 0.5132247, 0.51199454, 0.5104463, 0.5080381, 0.5043821, 0.511397, 0.5085818, 0.5128755, 0.51181036, 0.51306665, 0.5114368, 0.51157904, 0.514699, 0.5105574, 0.51085925, 0.5100457, 0.5086562, 0.50511116, 0.5049772, 0.50879645, 0.5089473, 0.5089057, 0.509235, 0.5089055, 0.5150082, 0.5099516, 0.51258856, 0.5113354, 0.50896645, 0.5143981, 0.5083665, 0.506979, 0.507473, 0.5104391, 0.51081765, 0.5074951, 0.51302207, 0.5088868, 0.5068362, 0.50634456, 0.50607395, 0.505793, 0.5085445, 0.50909334, 0.50732857, 0.512287, 0.51105374, 0.5112496, 0.50686353, 0.5041878, 0.5149722, 0.5068281, 0.51014274, 0.50810456, 0.503507, 0.5082326, 0.5074125, 0.5131753, 0.5147641, 0.516337, 0.5037206, 0.50647026, 0.50952786, 0.5139062, 0.5084957, 0.5070697, 0.50876504, 0.5100831, 0.5035556, 0.5109347, 0.5105625, 0.5009347, 0.5133001, 0.5128456, 0.5110634, 0.50884193, 0.5092998, 0.5123765, 0.5127706, 0.51551783, 0.50645167, 0.5117545, 0.51006216, 0.51076275, 0.515021, 0.5131258, 0.51488674, 0.51272327, 0.5130158, 0.50676763, 0.5151445, 0.51357174, 0.5128683, 0.5166339, 0.5150498, 0.51644, 0.51336396, 0.5146164, 0.51291615, 0.51297265, 0.5131202, 0.51366323, 0.5138363, 0.5140938, 0.5136611, 0.5129658, 0.50008065, 0.5019565, 0.5066823, 0.5121903, 0.51096267, 0.5098264, 0.5149938, 0.50727636, 0.5070527, 0.50740045, 0.5086082, 0.50958693, 0.50811416, 0.51229584, 0.50909716, 0.50722855, 0.5120969, 0.51164585, 0.51166224, 0.5116447, 0.5111479, 0.5088548, 0.51170194, 0.51134634, 0.51042724, 0.5101798, 0.5109707, 0.51156557, 0.50973964, 0.5079895, 0.5122053, 0.5075505, 0.5088833, 0.50664246, 0.5057325, 0.5082272, 0.5115044, 0.5133678, 0.513669, 0.50211245, 0.5090765, 0.51024806, 0.5088336, 0.5103261, 0.51461947, 0.5115113, 0.5090601, 0.51250273, 0.5110436]
[0.5005905, 0.5034565, 0.5039294, 0.50253016, 0.5014423, 0.50038487, 0.5008938, 0.50062776, 0.50116074, 0.50149053, 0.5014652, 0.5023194, 0.5023525, 0.5013002, 0.50537807, 0.50068825, 0.5003203, 0.5016686, 0.5101322, 0.5097945, 0.5115537, 0.5117909, 0.509488, 0.5085271, 0.50734603, 0.51004684, 0.50960344, 0.509751, 0.5120229, 0.5102385, 0.5151993, 0.50796777, 0.51401526, 0.5162742, 0.50069857, 0.5098941, 0.5114777, 0.51322013, 0.505933, 0.5004658, 0.5001478, 0.5046482, 0.5018129, 0.5027417, 0.503516, 0.5034216, 0.5019148, 0.50162476, 0.50778824, 0.50313485, 0.5009904, 0.49977717, 0.5119127, 0.5006119, 0.5031709, 0.5036293, 0.5013228, 0.49958122, 0.49989882, 0.5021646, 0.5089541, 0.5075359, 0.5021596, 0.5124331, 0.51147777, 0.5126675, 0.50949925, 0.50967205, 0.51512694, 0.511422, 0.5109943, 0.5111047, 0.5102663, 0.50615907, 0.5141329, 0.5145309, 0.51537395, 0.5115783, 0.51435244, 0.51143146, 0.51411223, 0.51433384, 0.5141091, 0.5130704, 0.51193434, 0.51381063, 0.51147425, 0.5098796, 0.5117301, 0.51471865, 0.51146257, 0.50984335, 0.5149166, 0.5129705, 0.5119634, 0.51195145, 0.51408494, 0.5144955, 0.51307553, 0.51702744, 0.5153737, 0.5150513, 0.5147775, 0.51556313, 0.5155533, 0.513955, 0.5151572, 0.5150872, 0.51501775, 0.51369005, 0.51666325, 0.5153071, 0.5137458, 0.5131939, 0.50442183, 0.5125992, 0.5146605, 0.51265424, 0.51103234, 0.5096672, 0.50418234, 0.5124144, 0.5098968, 0.5131137, 0.5123073, 0.5139177, 0.5124829, 0.51258993, 0.51484555, 0.5112686, 0.51150733, 0.5113132, 0.50898147, 0.50543886, 0.50663096, 0.5097298, 0.50956684, 0.5096355, 0.50963765, 0.5093605, 0.5156459, 0.51104987, 0.5129322, 0.51205343, 0.50996876, 0.51477504, 0.5089735, 0.50773436, 0.5088783, 0.5112297, 0.5112859, 0.5098616, 0.51372856, 0.50959265, 0.5073303, 0.5073538, 0.50233525, 0.5022148, 0.50948024, 0.5103308, 0.50871325, 0.51318866, 0.51201004, 0.51148933, 0.5091141, 0.507911, 0.5151531, 0.5076094, 0.5105588, 0.50557786, 0.5007867, 0.5083923, 0.5079591, 0.5143385, 0.5159128, 0.5163487, 0.5049189, 0.5069745, 0.5101336, 0.51499915, 0.50971925, 0.50867516, 0.510174, 0.51068956, 0.50397724, 0.51216745, 0.51149833, 0.5031257, 0.5141879, 0.51361746, 0.51197165, 0.5099648, 0.5107816, 0.5130472, 0.51317555, 0.5156345, 0.50795996, 0.5128236, 0.51016456, 0.5110942, 0.5158539, 0.5137162, 0.5150247, 0.5133236, 0.5135426, 0.50878453, 0.5158895, 0.5141663, 0.51419264, 0.5165615, 0.5156838, 0.5166839, 0.5139512, 0.5149589, 0.5134047, 0.5134871, 0.5128956, 0.5144719, 0.5155031, 0.51474965, 0.5147236, 0.5126325, 0.50385845, 0.5000932, 0.5088828, 0.51294005, 0.51211905, 0.51142067, 0.515737, 0.50926894, 0.50881755, 0.50946194, 0.5099519, 0.51075983, 0.50886816, 0.51277393, 0.5104521, 0.5079227, 0.5129688, 0.5115895, 0.51166356, 0.5118379, 0.5120604, 0.50987566, 0.5122311, 0.5121294, 0.5109108, 0.51091325, 0.51114494, 0.5117954, 0.5107655, 0.5092894, 0.512966, 0.5084501, 0.51006967, 0.5082288, 0.50202173, 0.50986284, 0.51303613, 0.5144697, 0.5143784, 0.5018706, 0.50950545, 0.5105545, 0.5097489, 0.5106918, 0.5151632, 0.51196945, 0.5101088, 0.51310587, 0.5119024]
[0.50373906, 0.50698596, 0.5078307, 0.5060603, 0.5048356, 0.50304896, 0.5037602, 0.5032414, 0.5041651, 0.5004092, 0.50015295, 0.50164026, 0.5027066, 0.5035997, 0.5007197, 0.5032867, 0.5017354, 0.50069386, 0.51084715, 0.5109818, 0.51222426, 0.5124742, 0.5086486, 0.508483, 0.5055684, 0.5114001, 0.50970596, 0.5104365, 0.51323843, 0.51229954, 0.5160471, 0.50677586, 0.514245, 0.5179163, 0.5027358, 0.5118004, 0.5119773, 0.51441437, 0.5051496, 0.50157213, 0.50270617, 0.50275475, 0.5053356, 0.50657344, 0.50732464, 0.5073243, 0.50549996, 0.50029725, 0.50664616, 0.5014014, 0.5014112, 0.5030124, 0.5130878, 0.50306284, 0.5065986, 0.5071509, 0.50503653, 0.5027445, 0.50292075, 0.5019033, 0.51029897, 0.5079251, 0.50144815, 0.51336765, 0.51277316, 0.51234114, 0.50815374, 0.5092835, 0.51715803, 0.51289773, 0.5131821, 0.5123376, 0.51016927, 0.50870854, 0.51495296, 0.5152702, 0.51724803, 0.51246387, 0.51504934, 0.512365, 0.51545334, 0.5160392, 0.5156921, 0.51525635, 0.51293576, 0.514697, 0.51231986, 0.510784, 0.5130921, 0.51606447, 0.5124053, 0.5108775, 0.5162755, 0.51386076, 0.5128608, 0.51269925, 0.5154726, 0.5160121, 0.51444614, 0.51809037, 0.51707894, 0.5161548, 0.51632506, 0.51704925, 0.5175816, 0.5154022, 0.5171316, 0.5171188, 0.51692504, 0.51494485, 0.5181736, 0.51638824, 0.5154931, 0.515097, 0.5050299, 0.51328945, 0.5152221, 0.5134823, 0.5122617, 0.5098174, 0.50629884, 0.5134585, 0.5100464, 0.513989, 0.51304954, 0.5147342, 0.5139758, 0.5136467, 0.51668304, 0.5127405, 0.51253295, 0.512044, 0.5097471, 0.5046522, 0.5046222, 0.5101778, 0.50972223, 0.5101504, 0.5106047, 0.51045346, 0.5165907, 0.51145256, 0.5135765, 0.51313245, 0.5103194, 0.51604956, 0.5094872, 0.5067404, 0.50896615, 0.511829, 0.5123222, 0.5098081, 0.5150215, 0.51052004, 0.50755656, 0.508727, 0.5047142, 0.50494033, 0.51077664, 0.51060915, 0.508286, 0.51436025, 0.512798, 0.51271325, 0.5090248, 0.50538665, 0.51713157, 0.5092317, 0.51118946, 0.50705403, 0.5024386, 0.5098351, 0.5095399, 0.5162421, 0.5172934, 0.51824445, 0.5051889, 0.507642, 0.5105647, 0.5163647, 0.51073456, 0.5087435, 0.5106929, 0.51275975, 0.50479937, 0.51336575, 0.5130209, 0.5016512, 0.5151129, 0.5141652, 0.5131026, 0.5104214, 0.5111775, 0.51428336, 0.51429415, 0.51728773, 0.50769883, 0.51412195, 0.5115403, 0.51217353, 0.51628345, 0.51511097, 0.51631856, 0.5145527, 0.5154738, 0.50912845, 0.5174955, 0.5156093, 0.51508343, 0.5192216, 0.517406, 0.51839036, 0.5156432, 0.5166987, 0.5149583, 0.5154149, 0.51595074, 0.5162971, 0.5171525, 0.5167789, 0.5153916, 0.5142559, 0.5009538, 0.502323, 0.50938267, 0.5137213, 0.51350474, 0.51236874, 0.51702607, 0.5078691, 0.50719416, 0.50881827, 0.50953037, 0.5110191, 0.509933, 0.5139577, 0.5104908, 0.51024705, 0.51457024, 0.5128218, 0.5130083, 0.5132339, 0.5130449, 0.5112936, 0.51387215, 0.5134926, 0.5115867, 0.511333, 0.5127138, 0.51260513, 0.51169425, 0.50991, 0.5145041, 0.5081928, 0.5109492, 0.5085495, 0.50583625, 0.51006395, 0.5137131, 0.51513165, 0.51528347, 0.5008272, 0.50948936, 0.51215786, 0.51054394, 0.51120657, 0.5169267, 0.5128434, 0.51044196, 0.5139467, 0.5130678]
[0.50142455, 0.50461566, 0.5051905, 0.50402296, 0.50279313, 0.5009728, 0.501602, 0.50134575, 0.5017487, 0.49984258, 0.50030875, 0.4999578, 0.4999547, 0.49969226, 0.50049543, 0.5014226, 0.50030917, 0.50001645, 0.5049887, 0.5051932, 0.50535077, 0.5057684, 0.5046147, 0.504579, 0.50206035, 0.5051953, 0.504256, 0.5049537, 0.5062388, 0.5052833, 0.5081005, 0.5025098, 0.5071764, 0.5089219, 0.5013717, 0.505225, 0.50523615, 0.5069311, 0.50187033, 0.5000248, 0.5005387, 0.5007042, 0.50325465, 0.504313, 0.5050198, 0.50500715, 0.5032274, 0.50010836, 0.50342447, 0.5008155, 0.50033784, 0.50007385, 0.5061929, 0.5010328, 0.50397706, 0.50472337, 0.5029244, 0.5003869, 0.50054544, 0.49992418, 0.504227, 0.50371206, 0.49995387, 0.506918, 0.5061389, 0.5060022, 0.50363517, 0.504112, 0.5081227, 0.50622445, 0.50624347, 0.5058044, 0.50463986, 0.50263375, 0.5075669, 0.5076758, 0.5080141, 0.50554293, 0.5076031, 0.5053671, 0.5077571, 0.5080291, 0.5079048, 0.5076106, 0.5061656, 0.50696635, 0.5057239, 0.50455797, 0.50666326, 0.50775456, 0.5060811, 0.5047403, 0.50772876, 0.50656474, 0.5061418, 0.50606126, 0.507474, 0.5079273, 0.50686556, 0.50906736, 0.50820744, 0.50802, 0.507709, 0.5085754, 0.5088162, 0.50746745, 0.5083571, 0.50867254, 0.50865114, 0.5073581, 0.5092451, 0.50806093, 0.50771224, 0.50714946, 0.50252503, 0.5064687, 0.50754565, 0.50670165, 0.505629, 0.50397134, 0.5011592, 0.5062121, 0.5044329, 0.50723356, 0.50654465, 0.50733423, 0.50683177, 0.5068044, 0.50820994, 0.50560325, 0.50556463, 0.5053883, 0.5033992, 0.5017389, 0.5018772, 0.5053135, 0.5048501, 0.50470686, 0.5050372, 0.50472397, 0.50829977, 0.505071, 0.5067533, 0.50603926, 0.5046089, 0.5081458, 0.5040155, 0.5027275, 0.50332344, 0.50518626, 0.5053862, 0.50383234, 0.5073037, 0.50481343, 0.50339895, 0.502887, 0.5027113, 0.5026599, 0.5048476, 0.50486434, 0.50325763, 0.5073649, 0.50624895, 0.5063253, 0.5030835, 0.5022238, 0.5080496, 0.50373846, 0.50483304, 0.5027716, 0.5009059, 0.5042577, 0.50374347, 0.5079932, 0.508657, 0.5090363, 0.5027621, 0.503546, 0.50495726, 0.5081818, 0.50385183, 0.50384283, 0.50506467, 0.5061982, 0.501568, 0.5065684, 0.5062602, 0.50044787, 0.5072183, 0.5067006, 0.5061055, 0.5044777, 0.5052476, 0.5069946, 0.50690305, 0.50848174, 0.5035502, 0.5071585, 0.5055934, 0.50593674, 0.5082602, 0.50709003, 0.50845295, 0.50694734, 0.5073484, 0.5038362, 0.50863016, 0.5075302, 0.5073056, 0.50962883, 0.50865674, 0.5088776, 0.507479, 0.5080978, 0.50703835, 0.5071293, 0.5077982, 0.50834435, 0.5084535, 0.50835633, 0.5077209, 0.5067361, 0.5000554, 0.49961227, 0.5037791, 0.5068609, 0.50655, 0.5056001, 0.5084192, 0.5034349, 0.50269604, 0.5029946, 0.503762, 0.5045413, 0.5042246, 0.5064279, 0.5046371, 0.5033969, 0.50681984, 0.5063327, 0.50633276, 0.50639564, 0.5063883, 0.5050828, 0.5068482, 0.50613445, 0.5055569, 0.505737, 0.5063804, 0.5062409, 0.505492, 0.5035774, 0.5069716, 0.5034106, 0.50497174, 0.50421464, 0.50295067, 0.5044629, 0.50654477, 0.5072222, 0.50724566, 0.50107753, 0.5046486, 0.5055887, 0.5049789, 0.5052313, 0.5082874, 0.5063225, 0.5039286, 0.5069978, 0.5064798]
[0.5004554, 0.50385934, 0.50431746, 0.5031022, 0.5022869, 0.50154966, 0.5021242, 0.5012882, 0.50165844, 0.5014163, 0.502507, 0.50288224, 0.5021703, 0.50146264, 0.5035716, 0.5013999, 0.50088984, 0.5016722, 0.5086893, 0.50865537, 0.5096123, 0.5098342, 0.5081854, 0.50756913, 0.50656545, 0.5092337, 0.5081897, 0.5087067, 0.510479, 0.5088018, 0.5124481, 0.5065876, 0.511813, 0.5137309, 0.501122, 0.5085147, 0.5094382, 0.5110839, 0.5055518, 0.5013883, 0.50091493, 0.50329167, 0.50336885, 0.50417554, 0.50470066, 0.5043568, 0.5027467, 0.5018818, 0.5067886, 0.50394684, 0.50193715, 0.5004582, 0.51030576, 0.50147945, 0.50414616, 0.5045848, 0.502871, 0.50041366, 0.5005419, 0.5024551, 0.5080656, 0.5075073, 0.5018653, 0.511009, 0.50997555, 0.510727, 0.50770295, 0.5078046, 0.5127582, 0.509955, 0.50975084, 0.5098697, 0.50899357, 0.5060338, 0.51219875, 0.51255083, 0.51293176, 0.50974035, 0.5121131, 0.50926405, 0.5119362, 0.51224595, 0.5123117, 0.5112996, 0.51015204, 0.5113024, 0.5096495, 0.50847685, 0.51025397, 0.5125677, 0.5099804, 0.5082631, 0.5126455, 0.5108794, 0.51016796, 0.5106457, 0.51150155, 0.5124267, 0.5110033, 0.5142046, 0.5126341, 0.5124835, 0.5123465, 0.5130903, 0.51322556, 0.5117398, 0.51282114, 0.5130868, 0.5128059, 0.51169676, 0.5139895, 0.51284254, 0.5117689, 0.5113102, 0.5052803, 0.51092225, 0.5120669, 0.51113975, 0.50963897, 0.5083238, 0.50493574, 0.5104759, 0.50828695, 0.5109622, 0.51021636, 0.511686, 0.51045674, 0.51096755, 0.5125969, 0.5095843, 0.50992125, 0.50944793, 0.50785303, 0.5048938, 0.5055486, 0.5085739, 0.5083523, 0.50864804, 0.5088338, 0.5083959, 0.51305026, 0.50928825, 0.51087177, 0.5102174, 0.50832564, 0.51268345, 0.5081625, 0.50678104, 0.50694513, 0.50920963, 0.5094857, 0.5080711, 0.51136655, 0.5083783, 0.50680274, 0.505822, 0.503534, 0.5035179, 0.5080639, 0.50848615, 0.50725603, 0.5111657, 0.50999594, 0.5100071, 0.5071662, 0.5067845, 0.5130054, 0.50637233, 0.50908965, 0.5055006, 0.5025323, 0.5079852, 0.50760597, 0.51242614, 0.51322573, 0.513856, 0.5061789, 0.5070872, 0.5086431, 0.5125183, 0.50863284, 0.5066407, 0.50856316, 0.50970316, 0.50392574, 0.510567, 0.51012224, 0.5028806, 0.51182836, 0.5114374, 0.51012796, 0.5083251, 0.50895643, 0.51120216, 0.51131076, 0.5129418, 0.50690335, 0.51140666, 0.5091859, 0.5097322, 0.513043, 0.5113954, 0.51245356, 0.5111545, 0.5115067, 0.50782305, 0.5132673, 0.51211095, 0.5115227, 0.5145828, 0.51342994, 0.51389223, 0.5120291, 0.5127125, 0.51100093, 0.5115405, 0.5113924, 0.5123817, 0.5131251, 0.5128333, 0.5123147, 0.5108071, 0.5040384, 0.5010967, 0.50775754, 0.5112235, 0.5101488, 0.50935507, 0.5130216, 0.5066957, 0.5063276, 0.50687563, 0.507445, 0.5083676, 0.50797504, 0.5108708, 0.50819707, 0.50669897, 0.5109385, 0.510115, 0.51026934, 0.5105449, 0.510419, 0.5087848, 0.51064676, 0.5104443, 0.5095251, 0.5094635, 0.5098833, 0.5105398, 0.5093478, 0.5069202, 0.51102734, 0.50774527, 0.5084811, 0.5072093, 0.5031101, 0.50839216, 0.5112442, 0.5118504, 0.51206285, 0.5034358, 0.50866234, 0.50942147, 0.50823915, 0.50928676, 0.512813, 0.51058227, 0.508271, 0.5110989, 0.5098273]
[0.5037871, 0.5073417, 0.50829726, 0.50670224, 0.50529844, 0.50333405, 0.5041258, 0.5033353, 0.5043546, 0.5009407, 0.5004116, 0.5005275, 0.500595, 0.50154835, 0.500985, 0.50358725, 0.5023975, 0.5012317, 0.5078192, 0.5082739, 0.5084785, 0.50904644, 0.5083397, 0.5080229, 0.50460416, 0.50853986, 0.5074536, 0.5081013, 0.5094365, 0.5079271, 0.51285684, 0.5042067, 0.51164067, 0.51380724, 0.5034579, 0.50806487, 0.5082465, 0.5106813, 0.50329834, 0.50143445, 0.5034389, 0.5002906, 0.50587875, 0.50721985, 0.5077566, 0.5077312, 0.5060528, 0.50153995, 0.5064688, 0.5005581, 0.50044906, 0.50312084, 0.5093785, 0.50347495, 0.5068703, 0.50717777, 0.5060023, 0.5026409, 0.5023762, 0.5017648, 0.50747985, 0.5069105, 0.50205404, 0.511022, 0.50958294, 0.5102372, 0.5064075, 0.5067824, 0.51249826, 0.50961393, 0.5096685, 0.5091169, 0.5080762, 0.5045657, 0.51209253, 0.51249415, 0.5120861, 0.5089623, 0.5119484, 0.5087064, 0.511701, 0.51228476, 0.5121516, 0.5113769, 0.50970966, 0.5108855, 0.5086815, 0.5070641, 0.510546, 0.51220983, 0.509269, 0.5077235, 0.5121432, 0.510494, 0.5098291, 0.51004285, 0.51134, 0.5127161, 0.51086676, 0.5143646, 0.5128764, 0.51194143, 0.5119424, 0.5134192, 0.5134988, 0.5116256, 0.5131621, 0.51322156, 0.5131364, 0.5112419, 0.514381, 0.5130993, 0.5118932, 0.5111409, 0.5037471, 0.50991505, 0.5120619, 0.5112862, 0.509283, 0.5069566, 0.50108373, 0.50965035, 0.5077821, 0.51167995, 0.5105292, 0.5113961, 0.5105066, 0.5109552, 0.5126935, 0.50874597, 0.50914896, 0.5084755, 0.50568, 0.5020737, 0.50346774, 0.5083686, 0.5075711, 0.5076177, 0.5074358, 0.5074947, 0.51374274, 0.5085963, 0.5107925, 0.50959456, 0.5077392, 0.5126517, 0.5070245, 0.5051836, 0.5056773, 0.5077819, 0.5095215, 0.50728196, 0.51152056, 0.508268, 0.50645727, 0.50468814, 0.50568414, 0.5059114, 0.5081097, 0.5080375, 0.5066836, 0.51128364, 0.5098445, 0.5096847, 0.5050921, 0.5045685, 0.51230913, 0.50562614, 0.5077032, 0.5037919, 0.5004431, 0.5072415, 0.50655293, 0.5122864, 0.5132972, 0.51421446, 0.50506616, 0.50656265, 0.50816894, 0.5126003, 0.5062204, 0.50490236, 0.5074228, 0.5098559, 0.5024747, 0.5104064, 0.5102115, 0.5001363, 0.5114233, 0.5106513, 0.5091741, 0.5074692, 0.50906247, 0.5109786, 0.51091295, 0.5129924, 0.5063888, 0.5113447, 0.5091647, 0.5096913, 0.5133565, 0.51118195, 0.51338893, 0.51119316, 0.5113322, 0.50595325, 0.5136481, 0.5118533, 0.51191443, 0.51488024, 0.51346165, 0.5139945, 0.5114663, 0.5126293, 0.5106833, 0.5112053, 0.511335, 0.5134142, 0.5131301, 0.5126915, 0.5132568, 0.5104365, 0.50139594, 0.5017694, 0.5069485, 0.5108786, 0.50999266, 0.5089048, 0.51333714, 0.5053955, 0.5037211, 0.50443023, 0.5057919, 0.50724643, 0.5074048, 0.50984335, 0.5064651, 0.50655836, 0.51087654, 0.510466, 0.5101632, 0.5104603, 0.51042396, 0.508656, 0.5108437, 0.50960976, 0.5082643, 0.50893694, 0.51000357, 0.51026654, 0.50901794, 0.50547314, 0.5109115, 0.5058205, 0.5079425, 0.5067435, 0.50598776, 0.50755876, 0.51056635, 0.5109625, 0.51117146, 0.50136983, 0.50869346, 0.50833786, 0.5076222, 0.50865245, 0.512949, 0.510218, 0.506862, 0.5108773, 0.51031]
[0.49988082, 0.5028623, 0.50385356, 0.50206864, 0.49997032, 0.4998707, 0.50010234, 0.50015825, 0.4998785, 0.50251925, 0.5027871, 0.5024556, 0.50147223, 0.50105083, 0.502225, 0.5002892, 0.50099456, 0.50248444, 0.50843835, 0.5086098, 0.50902724, 0.5092648, 0.5081279, 0.5074085, 0.50591516, 0.50888294, 0.5077239, 0.50827676, 0.5099612, 0.50813544, 0.5121595, 0.50590134, 0.51133233, 0.51330745, 0.50032806, 0.5087289, 0.5088667, 0.5102959, 0.50479203, 0.5017767, 0.5007079, 0.5037958, 0.50167876, 0.50283283, 0.50418216, 0.50382245, 0.50212073, 0.5016678, 0.5070628, 0.50310624, 0.50218934, 0.5002922, 0.5096011, 0.50029474, 0.50250477, 0.5034291, 0.5015419, 0.500987, 0.5007535, 0.5016972, 0.50789803, 0.5073962, 0.50184506, 0.51033634, 0.50971437, 0.5101487, 0.5067654, 0.50702506, 0.5120885, 0.50964975, 0.50925946, 0.5088366, 0.50781626, 0.50594807, 0.51126003, 0.5117625, 0.51182544, 0.5088435, 0.51095724, 0.5090344, 0.51158583, 0.5115094, 0.5112967, 0.5110129, 0.5098137, 0.5105495, 0.50906974, 0.50771177, 0.51015097, 0.51155555, 0.509479, 0.50797117, 0.51172, 0.5106438, 0.5096255, 0.5095311, 0.511075, 0.5121152, 0.51067, 0.51331085, 0.5120814, 0.5116023, 0.5118238, 0.5128697, 0.5129601, 0.5110943, 0.5123184, 0.51246774, 0.5124816, 0.5111192, 0.51343143, 0.51231736, 0.5117786, 0.5108372, 0.505607, 0.5099894, 0.51143247, 0.5109401, 0.5093183, 0.50699806, 0.5033964, 0.509867, 0.5077738, 0.511391, 0.5104966, 0.51134485, 0.5101893, 0.5106596, 0.5119616, 0.50921977, 0.5092531, 0.5086679, 0.5068916, 0.5049861, 0.5052346, 0.5080974, 0.5079512, 0.50796, 0.50791293, 0.5079279, 0.51265615, 0.5088514, 0.5103354, 0.5093527, 0.5077322, 0.51207584, 0.50694275, 0.5056157, 0.50675553, 0.5088598, 0.50975055, 0.5071343, 0.5113494, 0.5087124, 0.5073569, 0.5064476, 0.50142527, 0.5016931, 0.5081449, 0.5086526, 0.50708634, 0.5107654, 0.5096178, 0.51013684, 0.50535834, 0.5053492, 0.5120844, 0.5061244, 0.5082024, 0.5066378, 0.5048225, 0.50728786, 0.5065292, 0.51199514, 0.5127112, 0.5131823, 0.5055859, 0.5067406, 0.508445, 0.5119581, 0.5070831, 0.50687134, 0.508115, 0.5097411, 0.50451803, 0.50981957, 0.5097099, 0.5031455, 0.511036, 0.51039255, 0.5094013, 0.5077481, 0.50898623, 0.5105241, 0.5103691, 0.5126635, 0.5065816, 0.5109477, 0.5088531, 0.5093784, 0.5123812, 0.5110623, 0.51286334, 0.51128376, 0.511277, 0.5066133, 0.51288646, 0.5114506, 0.5112428, 0.513662, 0.5129282, 0.51326525, 0.5115259, 0.5123847, 0.51059675, 0.51105404, 0.5114328, 0.51226014, 0.5121705, 0.51181096, 0.5121352, 0.51093405, 0.5015781, 0.5011389, 0.50657135, 0.5107562, 0.5099389, 0.50902003, 0.5124564, 0.5065806, 0.50631857, 0.5066613, 0.50754124, 0.5084457, 0.50778157, 0.51015794, 0.5079954, 0.5068948, 0.5104308, 0.5101207, 0.51012343, 0.5104299, 0.51005054, 0.5085066, 0.51052135, 0.5097368, 0.50865114, 0.50882715, 0.5099868, 0.5097936, 0.50894237, 0.5074716, 0.51075083, 0.5063624, 0.5086162, 0.50735295, 0.50179684, 0.5072072, 0.51020163, 0.5108133, 0.51114446, 0.5043316, 0.5082929, 0.5091738, 0.5080579, 0.5088216, 0.5124439, 0.50997764, 0.5073411, 0.5109511, 0.5101307]
[0.50454533, 0.5079499, 0.50887066, 0.5067037, 0.5053739, 0.5033893, 0.5040464, 0.5040663, 0.50446594, 0.50057787, 0.5008439, 0.5008576, 0.5009237, 0.50197834, 0.5013574, 0.50371265, 0.5021159, 0.5013524, 0.50834113, 0.5082532, 0.5095386, 0.5095703, 0.50796133, 0.50708115, 0.5041734, 0.5091052, 0.5077737, 0.50804955, 0.5104517, 0.5087462, 0.514021, 0.5052, 0.51248884, 0.5149285, 0.5039738, 0.508454, 0.5093199, 0.51123667, 0.502516, 0.5015103, 0.5035213, 0.5014532, 0.5059481, 0.5072316, 0.5079434, 0.5076376, 0.50549287, 0.5018432, 0.5053422, 0.5005156, 0.5016939, 0.50271297, 0.5106451, 0.50360626, 0.50716007, 0.5077845, 0.50543857, 0.5025974, 0.50269437, 0.50107247, 0.50722843, 0.5063938, 0.50128233, 0.5111685, 0.5105646, 0.51056695, 0.5060541, 0.50695854, 0.51417935, 0.5099358, 0.50966185, 0.50964093, 0.50793344, 0.5048127, 0.5131055, 0.51327807, 0.5139658, 0.5099546, 0.5127267, 0.50939304, 0.51245624, 0.513496, 0.5128595, 0.512024, 0.5101996, 0.5117786, 0.5094844, 0.50791264, 0.5107929, 0.51362514, 0.50998306, 0.50787455, 0.513529, 0.51118404, 0.51016754, 0.51027524, 0.5124937, 0.51334244, 0.51172304, 0.51574475, 0.51401204, 0.5134841, 0.51322603, 0.5143755, 0.5145399, 0.5125308, 0.5141978, 0.5142225, 0.5139434, 0.5123673, 0.51557755, 0.5139392, 0.51275027, 0.5125568, 0.50269216, 0.5106945, 0.51307786, 0.51175284, 0.50968444, 0.5078043, 0.50145096, 0.5110801, 0.50793016, 0.5119883, 0.51121265, 0.5122055, 0.511238, 0.5114183, 0.51329273, 0.5097851, 0.5098164, 0.5092994, 0.5075115, 0.50230736, 0.5032758, 0.5076913, 0.5078268, 0.50793386, 0.5078675, 0.5073338, 0.5144517, 0.50934947, 0.5116035, 0.51061976, 0.5083172, 0.5135217, 0.5070531, 0.50507414, 0.5059575, 0.50893545, 0.5100275, 0.5071605, 0.51247406, 0.5081573, 0.50547945, 0.5046608, 0.50577974, 0.505912, 0.50818115, 0.508325, 0.50627095, 0.5118571, 0.51051, 0.51043534, 0.5055696, 0.5045724, 0.5138151, 0.5052414, 0.50888103, 0.50388545, 0.500726, 0.5068333, 0.5064017, 0.51327676, 0.51443326, 0.51526976, 0.50343084, 0.50559556, 0.5083374, 0.51350826, 0.50747377, 0.5054991, 0.50831634, 0.50974035, 0.50209826, 0.51069736, 0.51058733, 0.5002947, 0.5128452, 0.5122017, 0.5103295, 0.50787634, 0.5088772, 0.5121484, 0.51166964, 0.5147738, 0.5056595, 0.51198804, 0.50915116, 0.5099394, 0.5143405, 0.5123541, 0.51391184, 0.5121607, 0.51196176, 0.50546193, 0.51466316, 0.512907, 0.51253057, 0.5160411, 0.51460755, 0.5150979, 0.5128424, 0.51359344, 0.512256, 0.5120385, 0.5125514, 0.5134012, 0.51443815, 0.5141013, 0.5137351, 0.5116104, 0.50059605, 0.5021809, 0.506646, 0.5118637, 0.51039946, 0.50966156, 0.51428103, 0.5054456, 0.5042101, 0.50513333, 0.5069163, 0.5081492, 0.50680023, 0.51111627, 0.50755584, 0.50632465, 0.51179296, 0.51045763, 0.5103286, 0.51084316, 0.51078475, 0.5088791, 0.5111656, 0.5104536, 0.5088554, 0.5096112, 0.51055515, 0.5107838, 0.5088153, 0.5063525, 0.51160794, 0.50595903, 0.5082719, 0.50592613, 0.50618434, 0.50735193, 0.5114627, 0.5127944, 0.51214725, 0.50047326, 0.5080931, 0.50933343, 0.50793767, 0.5090265, 0.5138036, 0.51125616, 0.5079643, 0.5115011, 0.51047]
[0.50235003, 0.50575113, 0.5065369, 0.5046929, 0.50368136, 0.5020481, 0.5026903, 0.502331, 0.50296056, 0.50041044, 0.50080454, 0.5014852, 0.50140107, 0.50122267, 0.5034993, 0.5017866, 0.5002948, 0.5012904, 0.50748014, 0.50810665, 0.5090289, 0.5090438, 0.5076232, 0.50701165, 0.5049612, 0.5077257, 0.50702566, 0.5068111, 0.5096885, 0.50785136, 0.51227343, 0.5053134, 0.5107246, 0.51332957, 0.50171065, 0.50722593, 0.50895834, 0.51018363, 0.5054712, 0.50040716, 0.50173634, 0.5023483, 0.5040046, 0.5052313, 0.5059285, 0.50554895, 0.5033989, 0.5002242, 0.503612, 0.5015744, 0.50050575, 0.50099003, 0.5091693, 0.5023036, 0.5054216, 0.5060386, 0.5040435, 0.5007939, 0.5004908, 0.5015734, 0.5062074, 0.50291413, 0.50145, 0.5103265, 0.50956374, 0.50994104, 0.50723803, 0.5069114, 0.5122867, 0.5091299, 0.50950307, 0.5093982, 0.50823575, 0.50433314, 0.51135254, 0.5112977, 0.51256734, 0.5091861, 0.51146793, 0.50878507, 0.51127166, 0.51225793, 0.5116189, 0.5108517, 0.5092531, 0.510723, 0.5088407, 0.50677556, 0.5092252, 0.51212734, 0.5093042, 0.50749743, 0.5125304, 0.5100267, 0.5096575, 0.5101285, 0.5114638, 0.51185006, 0.51052874, 0.51374865, 0.5122866, 0.51238173, 0.5117796, 0.5127158, 0.5124031, 0.51091176, 0.5124911, 0.5126113, 0.5124478, 0.51137733, 0.5137015, 0.5123469, 0.51090884, 0.5107086, 0.50393754, 0.51061296, 0.51177543, 0.50978214, 0.50886464, 0.5073573, 0.50192714, 0.5099777, 0.5073371, 0.510258, 0.50979024, 0.511129, 0.5102228, 0.51005226, 0.51193416, 0.5088453, 0.50908935, 0.50890297, 0.50644183, 0.5032464, 0.50423014, 0.50699013, 0.5068575, 0.5076313, 0.50769556, 0.5069545, 0.51239246, 0.50813407, 0.50977886, 0.50947064, 0.50720185, 0.5117605, 0.50615954, 0.5047552, 0.5057019, 0.50863904, 0.508807, 0.5079088, 0.51111794, 0.50719684, 0.50401515, 0.5048942, 0.50285846, 0.50307626, 0.5067565, 0.5075718, 0.5056265, 0.5107318, 0.5095471, 0.5093798, 0.5067995, 0.5063792, 0.5126117, 0.50577986, 0.50826937, 0.50187004, 0.49998736, 0.5057674, 0.50563014, 0.5124563, 0.51283085, 0.512916, 0.5025398, 0.5042452, 0.5076612, 0.5121393, 0.50657725, 0.5070748, 0.5089664, 0.5085771, 0.5014073, 0.5095767, 0.50955987, 0.5009416, 0.51142544, 0.510893, 0.50924677, 0.50728405, 0.5084799, 0.5102262, 0.5105736, 0.51244116, 0.5064202, 0.5111006, 0.50820386, 0.5089771, 0.51264614, 0.51102316, 0.51184237, 0.51069653, 0.5111045, 0.5070014, 0.51298386, 0.51135236, 0.51133746, 0.5134016, 0.51275235, 0.5131465, 0.5117707, 0.51241124, 0.5106096, 0.51046866, 0.51096463, 0.5120854, 0.512993, 0.51216745, 0.51187027, 0.5096554, 0.5030088, 0.50078785, 0.5073098, 0.51035213, 0.5098077, 0.5093054, 0.5129821, 0.50731725, 0.50684536, 0.50706446, 0.5076979, 0.5083684, 0.5064524, 0.510285, 0.508407, 0.505091, 0.5107661, 0.5088254, 0.5092495, 0.5096072, 0.50983465, 0.50777787, 0.50986546, 0.5099203, 0.50844026, 0.5080559, 0.5086134, 0.50978523, 0.5079103, 0.50635284, 0.5103016, 0.50609493, 0.5075416, 0.5057103, 0.5039744, 0.5075719, 0.51071227, 0.51140076, 0.5116126, 0.500318, 0.50649524, 0.5083153, 0.5072969, 0.5082895, 0.51225847, 0.5095439, 0.50807446, 0.5101872, 0.50905544]
[0.50199986, 0.5038587, 0.5045031, 0.5032848, 0.5027794, 0.50184286, 0.5023393, 0.50182265, 0.5024266, 0.50054646, 0.5003631, 0.5002803, 0.49990693, 0.50064343, 0.50062376, 0.5017121, 0.5010714, 0.5006169, 0.50797355, 0.50770664, 0.5095868, 0.5101611, 0.5061174, 0.50536996, 0.5032114, 0.5083528, 0.5072612, 0.5080228, 0.5105399, 0.5086637, 0.5136551, 0.5043254, 0.51242286, 0.51475155, 0.50171584, 0.5088237, 0.50946516, 0.510968, 0.5019413, 0.50108564, 0.5014581, 0.5011622, 0.5029202, 0.50362486, 0.5042308, 0.50426847, 0.50327796, 0.50067586, 0.50373745, 0.50000834, 0.5006572, 0.5012194, 0.5107402, 0.50179034, 0.5036787, 0.50419855, 0.5029746, 0.50107205, 0.5009844, 0.49990138, 0.5068046, 0.50439674, 0.50012183, 0.5112395, 0.5107186, 0.51060826, 0.50680137, 0.5072617, 0.51431996, 0.509935, 0.51027673, 0.5098992, 0.50833356, 0.50331736, 0.5126005, 0.5127521, 0.51393604, 0.510188, 0.51250595, 0.5097943, 0.512248, 0.5133796, 0.5128308, 0.51205933, 0.5103856, 0.51224744, 0.50998545, 0.5079579, 0.5098269, 0.5130119, 0.50990766, 0.5078826, 0.5136257, 0.5109188, 0.51022327, 0.5099295, 0.51261586, 0.5129602, 0.51194286, 0.5153726, 0.51367474, 0.5136084, 0.5133445, 0.51403713, 0.5138357, 0.5119271, 0.51388943, 0.51415694, 0.5139222, 0.51255876, 0.5153815, 0.51371485, 0.512712, 0.51247364, 0.5015915, 0.5112341, 0.5129531, 0.51071465, 0.5094707, 0.50618654, 0.5009052, 0.5104659, 0.5074044, 0.511359, 0.5107635, 0.51194143, 0.51113355, 0.51073545, 0.5134213, 0.5095824, 0.509881, 0.5092475, 0.5072486, 0.5016177, 0.5024229, 0.50751364, 0.50715965, 0.50837415, 0.50833344, 0.50771993, 0.5138756, 0.50858945, 0.51072276, 0.5103749, 0.50803906, 0.5132831, 0.5062834, 0.50296396, 0.5060679, 0.5097017, 0.509992, 0.5075412, 0.51219344, 0.5078266, 0.503837, 0.50400233, 0.5029, 0.50277793, 0.5066875, 0.5080704, 0.5050836, 0.5113594, 0.509976, 0.5105692, 0.50655174, 0.50472426, 0.51392, 0.50594896, 0.50820494, 0.5027771, 0.50036055, 0.5047845, 0.50351715, 0.5131488, 0.5140366, 0.51473814, 0.5009335, 0.50371456, 0.5084746, 0.51307976, 0.50582826, 0.50717676, 0.50933605, 0.50921535, 0.50109494, 0.51038957, 0.5100226, 0.50014627, 0.5124646, 0.5116961, 0.5101362, 0.5080507, 0.50874335, 0.51105535, 0.5113718, 0.51431423, 0.5042494, 0.5113044, 0.50857186, 0.5094186, 0.51382077, 0.5121806, 0.5135676, 0.511683, 0.5122219, 0.50564915, 0.5146208, 0.5127777, 0.51231766, 0.51589906, 0.51398975, 0.514933, 0.5126829, 0.51368326, 0.5119975, 0.51198226, 0.5122005, 0.512872, 0.5140283, 0.5139129, 0.51311594, 0.51139987, 0.5001241, 0.5007367, 0.5065113, 0.5116362, 0.51119524, 0.510435, 0.5143254, 0.50719774, 0.5065623, 0.5075275, 0.5080793, 0.5091594, 0.50675905, 0.5112915, 0.50938493, 0.5055156, 0.51158094, 0.5100978, 0.5102966, 0.51078945, 0.5106955, 0.5073236, 0.5109125, 0.5109452, 0.50942975, 0.5085292, 0.5091822, 0.51118803, 0.5089535, 0.5060306, 0.51129407, 0.505478, 0.5082867, 0.50584644, 0.5028731, 0.506808, 0.5109774, 0.5129123, 0.5128208, 0.5001614, 0.507007, 0.5093212, 0.5079088, 0.5090002, 0.51399475, 0.50985044, 0.5084681, 0.5111466, 0.51052624]
[0.50026834, 0.5030106, 0.5036362, 0.5021662, 0.5009745, 0.50000936, 0.50025713, 0.50026757, 0.5004777, 0.50475097, 0.5044835, 0.5044839, 0.5039932, 0.5030511, 0.50513333, 0.50040436, 0.5024806, 0.50347584, 0.5108777, 0.5106412, 0.5111773, 0.51162916, 0.5102072, 0.5095294, 0.5082929, 0.5106813, 0.5103667, 0.5106072, 0.51229346, 0.51032466, 0.51481545, 0.5082849, 0.5137118, 0.51575625, 0.50030655, 0.5104523, 0.51092386, 0.5128651, 0.5069921, 0.5023509, 0.5009138, 0.50668836, 0.50132316, 0.5023571, 0.5032566, 0.5032685, 0.501859, 0.50351006, 0.50925523, 0.505518, 0.503849, 0.5011104, 0.512054, 0.50069594, 0.5027501, 0.50322574, 0.5009864, 0.5014057, 0.5025316, 0.503777, 0.5097316, 0.5093898, 0.50337774, 0.5129403, 0.51192296, 0.51226306, 0.509402, 0.50952756, 0.5146407, 0.51176333, 0.51153105, 0.51124024, 0.51020825, 0.5087006, 0.51393527, 0.51431525, 0.5144711, 0.5116492, 0.51376444, 0.511162, 0.5139093, 0.5141943, 0.5139315, 0.51334447, 0.51219994, 0.51335025, 0.51175433, 0.5104336, 0.51201683, 0.5142095, 0.5115572, 0.51009417, 0.5146119, 0.5124793, 0.5117667, 0.51180035, 0.51390684, 0.5145588, 0.5127514, 0.515895, 0.5147594, 0.5143588, 0.51430106, 0.5152208, 0.51538414, 0.5135548, 0.51509166, 0.5150946, 0.5149331, 0.513469, 0.5160556, 0.5147825, 0.5140307, 0.5133401, 0.50756633, 0.51249814, 0.5138972, 0.5129563, 0.51162577, 0.50964963, 0.5059995, 0.5122402, 0.5098929, 0.51338136, 0.5125363, 0.51365507, 0.5125025, 0.51286423, 0.5149066, 0.51143605, 0.5113801, 0.5111754, 0.50957316, 0.5070507, 0.50755024, 0.51041585, 0.50998116, 0.50995576, 0.5100256, 0.5099616, 0.5152577, 0.51118964, 0.5130483, 0.51200557, 0.51022613, 0.5146947, 0.5094927, 0.50833005, 0.50871557, 0.5110774, 0.5117584, 0.509407, 0.51366526, 0.51038945, 0.50895286, 0.5085517, 0.5017462, 0.50179046, 0.50992537, 0.5101906, 0.5089463, 0.5133345, 0.5121592, 0.51211345, 0.508289, 0.50808644, 0.51499933, 0.50862765, 0.5106466, 0.5083641, 0.50590616, 0.5095174, 0.50927037, 0.5144123, 0.5150303, 0.5158576, 0.50798166, 0.50881296, 0.51066923, 0.51469356, 0.50918967, 0.50910413, 0.510594, 0.51132256, 0.5073563, 0.51233447, 0.51197296, 0.50553805, 0.5137822, 0.51296973, 0.5118048, 0.5101584, 0.5108631, 0.5130136, 0.51277626, 0.51493347, 0.50914705, 0.5134844, 0.511109, 0.5116819, 0.5152789, 0.513379, 0.5150503, 0.5133826, 0.51352423, 0.5089867, 0.51530284, 0.5138042, 0.5137001, 0.5164697, 0.5150503, 0.5158517, 0.51375204, 0.51488006, 0.51293355, 0.51331013, 0.5136632, 0.51461744, 0.51478684, 0.5144356, 0.51457036, 0.5128723, 0.5043771, 0.502325, 0.50917065, 0.5128608, 0.51220125, 0.51130915, 0.5150502, 0.5092919, 0.50867254, 0.50892097, 0.5096407, 0.5106891, 0.5098213, 0.5125108, 0.51014394, 0.50913143, 0.5128512, 0.5122626, 0.5122757, 0.5126456, 0.5124419, 0.5103555, 0.5125515, 0.51218057, 0.51114726, 0.5109771, 0.5117419, 0.512443, 0.5111804, 0.50900745, 0.51305485, 0.5092011, 0.5104259, 0.50918186, 0.50180817, 0.5096378, 0.51285136, 0.5138551, 0.5137245, 0.5066326, 0.51063114, 0.5112779, 0.5101939, 0.5106905, 0.51481724, 0.5120036, 0.51013386, 0.5127854, 0.51198125]
[0.50168633, 0.5047381, 0.5051505, 0.50349265, 0.50227743, 0.50144935, 0.5020777, 0.50150704, 0.5025122, 0.49970305, 0.5011883, 0.5000358, 0.50084704, 0.5012308, 0.5004422, 0.50138474, 0.49975663, 0.4998452, 0.5084148, 0.5083346, 0.5097676, 0.5094618, 0.50724614, 0.50695604, 0.50516516, 0.5092339, 0.50775874, 0.5082576, 0.51035494, 0.5086629, 0.5125118, 0.5060677, 0.5115011, 0.5140608, 0.5010793, 0.5091915, 0.5090628, 0.5109965, 0.5037729, 0.49959454, 0.5012943, 0.5015447, 0.5034519, 0.50428146, 0.5053131, 0.50502914, 0.5030688, 0.49948615, 0.5056839, 0.5005164, 0.4998135, 0.5009425, 0.5098237, 0.5016629, 0.50437456, 0.504919, 0.50268483, 0.5002357, 0.500905, 0.4997062, 0.50781727, 0.5070433, 0.4994634, 0.51022357, 0.5103139, 0.5094546, 0.50568616, 0.50615436, 0.51321244, 0.5099451, 0.5099614, 0.50905126, 0.5077687, 0.50685745, 0.51158285, 0.5118329, 0.5129931, 0.50929725, 0.51205146, 0.5092023, 0.51187086, 0.51205266, 0.5119609, 0.51180875, 0.50997436, 0.51089185, 0.5091044, 0.50780714, 0.5104284, 0.51268095, 0.50981647, 0.5081078, 0.5126248, 0.51084447, 0.51012194, 0.51017475, 0.5116731, 0.5128908, 0.51087976, 0.51385915, 0.5131682, 0.5124764, 0.51222193, 0.5131641, 0.51413274, 0.51223934, 0.5135421, 0.5135164, 0.51325047, 0.51167846, 0.514201, 0.5129518, 0.51202244, 0.511378, 0.50447124, 0.51007783, 0.5119414, 0.5111147, 0.509628, 0.50753397, 0.50326735, 0.5105867, 0.5074331, 0.51134753, 0.51043326, 0.5115402, 0.5109494, 0.51071846, 0.51299375, 0.50954473, 0.5097201, 0.5094749, 0.5063295, 0.5039686, 0.5049764, 0.5082816, 0.50770015, 0.50802267, 0.5082618, 0.50813913, 0.5133655, 0.50910723, 0.51044405, 0.5102209, 0.50787884, 0.5127066, 0.50722945, 0.50593126, 0.50677466, 0.50903463, 0.5097003, 0.50695944, 0.5119157, 0.5084444, 0.50621, 0.5063196, 0.50328374, 0.50353926, 0.50860286, 0.50832766, 0.5063907, 0.51127833, 0.50998795, 0.51006633, 0.5044717, 0.5030478, 0.51324236, 0.5056931, 0.5084631, 0.5058826, 0.50306755, 0.5074371, 0.5072365, 0.51278865, 0.51349235, 0.5140736, 0.5045417, 0.50590485, 0.5087666, 0.51290035, 0.50835824, 0.5060446, 0.50803757, 0.50989217, 0.5046659, 0.51045173, 0.51018006, 0.5012338, 0.51187396, 0.5110675, 0.5097846, 0.507828, 0.50906074, 0.5115227, 0.5115111, 0.51334184, 0.5064944, 0.51122856, 0.50898, 0.50958675, 0.5130937, 0.5115921, 0.5129494, 0.51153046, 0.5118344, 0.5063585, 0.51329994, 0.51224655, 0.51191396, 0.51447403, 0.51396537, 0.51424295, 0.5123336, 0.51313406, 0.5109214, 0.5118673, 0.5117683, 0.51325816, 0.5133272, 0.5124345, 0.5123722, 0.51124036, 0.4998498, 0.49996138, 0.5068443, 0.51068425, 0.5101283, 0.5093582, 0.5132217, 0.5055231, 0.5055871, 0.5066168, 0.5074328, 0.5086159, 0.5075556, 0.511033, 0.50761366, 0.5070597, 0.5112771, 0.5101848, 0.5102501, 0.51056004, 0.5101966, 0.50869876, 0.51097184, 0.51044637, 0.5088641, 0.5089691, 0.51006424, 0.5093435, 0.5087765, 0.5069901, 0.51129663, 0.50539637, 0.5086822, 0.506623, 0.5037528, 0.5083104, 0.51144254, 0.51182914, 0.5118253, 0.502685, 0.508019, 0.509893, 0.50781006, 0.5085635, 0.51312107, 0.5103852, 0.50796396, 0.511478, 0.51041603]
[0.5029267, 0.5058544, 0.5064832, 0.50498927, 0.5034955, 0.5024711, 0.50336266, 0.50261277, 0.5030156, 0.49983788, 0.50001264, 0.4997669, 0.5005961, 0.50109094, 0.50008935, 0.5025015, 0.5013058, 0.5004467, 0.50898343, 0.50879985, 0.50949717, 0.50962377, 0.5073426, 0.5069338, 0.5049047, 0.50932384, 0.50789464, 0.5086325, 0.5106822, 0.5087068, 0.5134576, 0.5043523, 0.5120844, 0.51459235, 0.5025025, 0.5094603, 0.50983286, 0.51137847, 0.5023032, 0.50108135, 0.5018485, 0.501073, 0.5045857, 0.50554305, 0.5064181, 0.50608414, 0.5044657, 0.49987116, 0.5053457, 0.50040376, 0.5005175, 0.50196326, 0.51035297, 0.5030166, 0.5055585, 0.5062574, 0.5040303, 0.50177723, 0.5017547, 0.49999171, 0.5070532, 0.50653684, 0.50044197, 0.5109243, 0.51030034, 0.51017106, 0.5069838, 0.5070668, 0.51354796, 0.5101129, 0.5100274, 0.50965965, 0.50832, 0.50595534, 0.5125298, 0.51286626, 0.51336247, 0.51006854, 0.51215476, 0.509696, 0.51250505, 0.5126158, 0.51250285, 0.5119409, 0.5100382, 0.511641, 0.50994945, 0.5081562, 0.5107592, 0.51292837, 0.5101063, 0.508177, 0.5128898, 0.51095235, 0.5103737, 0.50997955, 0.51194984, 0.51306885, 0.5118979, 0.5149576, 0.5135616, 0.51290774, 0.5129609, 0.51382935, 0.5142753, 0.51202583, 0.51395947, 0.5139433, 0.51363266, 0.51200926, 0.5144876, 0.5130293, 0.5125198, 0.5120356, 0.5032078, 0.5109536, 0.5123229, 0.51129735, 0.5099584, 0.50686723, 0.50244886, 0.51067215, 0.5081992, 0.51209676, 0.51130813, 0.51213527, 0.51105404, 0.51129866, 0.51310897, 0.50979745, 0.51001966, 0.50930196, 0.50687015, 0.5027197, 0.502745, 0.5084476, 0.5079433, 0.5085766, 0.50843245, 0.5080947, 0.51365733, 0.50945526, 0.51085854, 0.51031464, 0.50796205, 0.5131897, 0.506825, 0.5038768, 0.50655246, 0.50924873, 0.5099209, 0.5079313, 0.5120055, 0.5078357, 0.50499415, 0.50501204, 0.5038758, 0.50391316, 0.5077778, 0.50850284, 0.50678223, 0.511588, 0.51022696, 0.51049846, 0.5061218, 0.50507915, 0.5139157, 0.50588983, 0.50897735, 0.50520843, 0.5015262, 0.5067829, 0.50556594, 0.51293266, 0.5140392, 0.51495636, 0.50372696, 0.5055172, 0.5085806, 0.5129691, 0.50696635, 0.5054925, 0.50834095, 0.5104371, 0.5028068, 0.5103818, 0.51027805, 0.50079906, 0.5124316, 0.51140344, 0.50978553, 0.5079846, 0.5093262, 0.5114164, 0.5117742, 0.5139877, 0.50570023, 0.51158845, 0.5092682, 0.50997585, 0.5134385, 0.5118227, 0.5135798, 0.5117786, 0.5123183, 0.5059265, 0.51413935, 0.5123327, 0.51189995, 0.5150397, 0.5141036, 0.5147762, 0.5128221, 0.51342076, 0.5117615, 0.51207167, 0.5123868, 0.51326114, 0.5134317, 0.5131803, 0.51266605, 0.51156855, 0.5003774, 0.50087696, 0.50721455, 0.5113359, 0.5108256, 0.50969416, 0.5138989, 0.50694764, 0.5067122, 0.5070562, 0.50795746, 0.5091181, 0.5075585, 0.51124465, 0.5089109, 0.50712794, 0.5112315, 0.51064116, 0.5108401, 0.51086247, 0.51070607, 0.50864804, 0.51127136, 0.5107433, 0.50947815, 0.5095387, 0.5102082, 0.51066846, 0.5088431, 0.5071162, 0.51122594, 0.5072248, 0.50849986, 0.50640595, 0.5040406, 0.5076404, 0.5112016, 0.5118034, 0.51227784, 0.5010268, 0.50839925, 0.50953496, 0.508489, 0.5097003, 0.5138184, 0.51038134, 0.50817424, 0.51171297, 0.5107121]
[0.50444853, 0.508843, 0.509923, 0.50778544, 0.5058458, 0.5041137, 0.50484097, 0.5040712, 0.5055108, 0.5017878, 0.5015521, 0.5013803, 0.50152063, 0.5019343, 0.5030563, 0.5033922, 0.5020106, 0.5015445, 0.50900805, 0.50903654, 0.5098546, 0.51041013, 0.50904006, 0.50808144, 0.50626093, 0.5093148, 0.5084276, 0.50883543, 0.51055324, 0.5090509, 0.5136625, 0.50611335, 0.5123121, 0.5144773, 0.5043574, 0.5088436, 0.5097791, 0.5116562, 0.50471556, 0.5014066, 0.5041864, 0.50339097, 0.5064895, 0.50804436, 0.5091243, 0.5088887, 0.5067208, 0.5015061, 0.50693125, 0.50195193, 0.5015568, 0.50360376, 0.5105778, 0.504106, 0.50783265, 0.5085852, 0.5064719, 0.5027466, 0.5024944, 0.5014, 0.50820976, 0.5075613, 0.50161994, 0.5117476, 0.51086044, 0.51113343, 0.50774443, 0.5077424, 0.5133809, 0.51042205, 0.5102703, 0.5099458, 0.5091043, 0.50522065, 0.5129115, 0.5130777, 0.51336616, 0.5101634, 0.5125705, 0.5098954, 0.51225245, 0.5130411, 0.512705, 0.51203847, 0.51065344, 0.51197135, 0.50986147, 0.50840944, 0.5109791, 0.51300144, 0.51026255, 0.5087444, 0.51302576, 0.51138663, 0.5105156, 0.5104171, 0.5123952, 0.5131438, 0.51179177, 0.51511765, 0.5133267, 0.5130588, 0.51302814, 0.51410973, 0.5140374, 0.51221406, 0.51367563, 0.5137704, 0.51355565, 0.5123026, 0.51474965, 0.5138389, 0.51279783, 0.51238716, 0.5045063, 0.51109904, 0.5129184, 0.5116191, 0.51009756, 0.5082572, 0.5026224, 0.51085776, 0.5087447, 0.5120492, 0.5113433, 0.5119301, 0.51123655, 0.51187503, 0.51322466, 0.5098301, 0.5102281, 0.5098702, 0.5076106, 0.50350726, 0.5044202, 0.5086814, 0.50838387, 0.50875306, 0.5086112, 0.5080526, 0.5141436, 0.51003534, 0.511743, 0.51060575, 0.5091509, 0.5132602, 0.5072455, 0.50560683, 0.50695217, 0.5097231, 0.51067114, 0.5084416, 0.51249427, 0.5090402, 0.5068615, 0.50568527, 0.50606245, 0.50642014, 0.50867856, 0.50931793, 0.50766563, 0.51187724, 0.5108853, 0.51062363, 0.5060842, 0.50594103, 0.5135331, 0.50664747, 0.5087487, 0.5050073, 0.501795, 0.5073746, 0.5068082, 0.5130657, 0.513934, 0.51453733, 0.50426304, 0.5064702, 0.5093627, 0.5132512, 0.5073655, 0.5072826, 0.5091875, 0.5102127, 0.5037608, 0.5109489, 0.51068074, 0.50222135, 0.5124958, 0.5117547, 0.5103882, 0.5086504, 0.5097041, 0.51154906, 0.51160383, 0.51394284, 0.50698125, 0.51196444, 0.5093421, 0.51003784, 0.51403457, 0.5120463, 0.513901, 0.51220894, 0.51208526, 0.50674295, 0.51425844, 0.5127556, 0.51242054, 0.51498747, 0.5139717, 0.51469076, 0.5125813, 0.5133909, 0.511882, 0.5121466, 0.51235473, 0.5133465, 0.5137417, 0.5131662, 0.5134925, 0.5115245, 0.50134397, 0.5020635, 0.50822955, 0.51210505, 0.5110295, 0.51041764, 0.5138596, 0.5076042, 0.5063476, 0.5069077, 0.5082993, 0.50941086, 0.5075737, 0.5111566, 0.50904936, 0.5076887, 0.5116166, 0.51082546, 0.51087826, 0.51128155, 0.51101416, 0.50915325, 0.51136297, 0.5108249, 0.50938475, 0.5096521, 0.51065904, 0.51127887, 0.5097921, 0.5076022, 0.5116717, 0.5069023, 0.5090369, 0.5076545, 0.5066292, 0.50879604, 0.5115047, 0.5124083, 0.5122869, 0.5028981, 0.5090004, 0.50983477, 0.508606, 0.509624, 0.51353985, 0.5110296, 0.5084658, 0.5117343, 0.5111722]
[0.5042524, 0.5081745, 0.5089198, 0.50678205, 0.50554204, 0.5035655, 0.5042706, 0.50331694, 0.5046416, 0.501131, 0.50080514, 0.5014493, 0.50244206, 0.503503, 0.5011655, 0.5036106, 0.5026537, 0.5016801, 0.50626534, 0.5061837, 0.5068102, 0.5068856, 0.5054149, 0.5053607, 0.50280744, 0.50651526, 0.5057199, 0.50622994, 0.5075125, 0.50605184, 0.50938654, 0.50353235, 0.5087542, 0.5104443, 0.50378513, 0.5067312, 0.50659055, 0.5083296, 0.50225216, 0.5019842, 0.50286347, 0.50142556, 0.5064543, 0.5079608, 0.5089078, 0.50864106, 0.5067887, 0.50109327, 0.5045519, 0.50095505, 0.50146896, 0.5031132, 0.5073493, 0.5033674, 0.5077055, 0.50822514, 0.5061656, 0.5026352, 0.503088, 0.50164884, 0.5057539, 0.5056171, 0.50116456, 0.50807416, 0.5074435, 0.5079038, 0.5045503, 0.50428456, 0.5094552, 0.50778586, 0.50737953, 0.5068708, 0.5053178, 0.5029993, 0.50912285, 0.5090403, 0.5095315, 0.5070018, 0.50914437, 0.5068076, 0.50893444, 0.5089535, 0.5090833, 0.508818, 0.50753593, 0.50839067, 0.507214, 0.5060723, 0.50801396, 0.5092181, 0.5072513, 0.5058085, 0.5091392, 0.5081257, 0.50749576, 0.50749296, 0.50869334, 0.5098477, 0.50806135, 0.5106077, 0.509852, 0.5093301, 0.5092486, 0.5097703, 0.5104352, 0.50911754, 0.5099139, 0.5098675, 0.5096717, 0.5084247, 0.51066554, 0.5098028, 0.508931, 0.508248, 0.5032191, 0.5076789, 0.50896186, 0.50843525, 0.50709856, 0.50502545, 0.50183517, 0.5074704, 0.5057501, 0.50876176, 0.5080131, 0.5088659, 0.50788176, 0.5081839, 0.5095515, 0.506747, 0.5069663, 0.5066706, 0.5041747, 0.5027036, 0.50289035, 0.5066966, 0.50585043, 0.5055925, 0.5056053, 0.5056189, 0.51003844, 0.50667244, 0.5079217, 0.50742906, 0.5056646, 0.5093316, 0.5056874, 0.50368136, 0.5039492, 0.50642264, 0.5071257, 0.50452185, 0.5089873, 0.50666475, 0.50517946, 0.5035931, 0.50680155, 0.50703377, 0.50618, 0.5061739, 0.50438786, 0.5088586, 0.5076888, 0.5075758, 0.50352746, 0.50253725, 0.50946796, 0.5034482, 0.50599885, 0.504245, 0.50186414, 0.50533974, 0.50526404, 0.50938106, 0.5099017, 0.51098317, 0.5034503, 0.5047027, 0.50640565, 0.5097185, 0.50516075, 0.5035003, 0.50530756, 0.50732297, 0.50207514, 0.50811815, 0.50753057, 0.50107247, 0.5087841, 0.5081456, 0.50756586, 0.505569, 0.5063441, 0.5086812, 0.5086154, 0.50993615, 0.50427765, 0.5084938, 0.50680697, 0.5071433, 0.5098802, 0.5085151, 0.5102279, 0.5087901, 0.50864965, 0.50450355, 0.5102538, 0.5089374, 0.50888056, 0.5108078, 0.5102102, 0.51097155, 0.50908935, 0.50985396, 0.5082744, 0.50887537, 0.5086846, 0.5100153, 0.5100239, 0.5094137, 0.5095685, 0.50860685, 0.50131834, 0.50247824, 0.5045502, 0.5080977, 0.50746214, 0.5066242, 0.5097958, 0.50392383, 0.5032441, 0.5035024, 0.5048535, 0.5059019, 0.5054831, 0.5077677, 0.50466466, 0.5045413, 0.5078795, 0.507973, 0.50796455, 0.5079982, 0.5078431, 0.5068248, 0.5085242, 0.5076484, 0.5071842, 0.50695074, 0.50805914, 0.5074005, 0.50702244, 0.50418293, 0.5085974, 0.5040325, 0.50654846, 0.5050644, 0.50697625, 0.5051652, 0.50817096, 0.50851804, 0.50869054, 0.50151587, 0.5060898, 0.50689185, 0.5056235, 0.5061559, 0.50984436, 0.50813824, 0.50530094, 0.5085235, 0.507851]
[0.5052285, 0.5085852, 0.50925726, 0.50718874, 0.5057596, 0.5047451, 0.50527716, 0.50501674, 0.50536084, 0.5021721, 0.50234896, 0.50183576, 0.502413, 0.5030083, 0.5014613, 0.5045566, 0.5028065, 0.50192004, 0.5056801, 0.5054971, 0.50629205, 0.50635433, 0.5047146, 0.504595, 0.5037009, 0.50607425, 0.50540805, 0.505519, 0.50688475, 0.50563586, 0.5083677, 0.50351965, 0.5077326, 0.5089009, 0.50437015, 0.50574744, 0.5061412, 0.5072725, 0.5018559, 0.50333256, 0.50421435, 0.50211287, 0.50651824, 0.50759554, 0.5087576, 0.50853956, 0.50682366, 0.5029222, 0.50385123, 0.5017903, 0.5030692, 0.5040558, 0.50703496, 0.504777, 0.5079775, 0.5088452, 0.50569314, 0.5037823, 0.50376177, 0.5020361, 0.5049119, 0.5042747, 0.5021611, 0.5068821, 0.5067082, 0.5068579, 0.5044112, 0.5049128, 0.5084571, 0.5062162, 0.50632983, 0.5062078, 0.5055628, 0.50380427, 0.5077265, 0.5078409, 0.50832283, 0.50662786, 0.5078613, 0.50631285, 0.50779694, 0.5079914, 0.507861, 0.5073593, 0.5067003, 0.50759107, 0.50669235, 0.5057605, 0.5064872, 0.5081613, 0.5064009, 0.5052539, 0.50836146, 0.50701916, 0.5065384, 0.50631213, 0.5078082, 0.5081847, 0.5071771, 0.5091799, 0.50837976, 0.50818425, 0.5080789, 0.50856084, 0.5085303, 0.5075025, 0.50840294, 0.50859, 0.50843483, 0.5077128, 0.5090026, 0.5083412, 0.5079012, 0.5077547, 0.5020491, 0.5067898, 0.5077093, 0.50706303, 0.5064417, 0.5049559, 0.50231993, 0.5068255, 0.50530064, 0.50723326, 0.50688404, 0.50738704, 0.50698364, 0.5069751, 0.5082942, 0.50639087, 0.50642264, 0.50607115, 0.50521857, 0.5021137, 0.50247836, 0.50510925, 0.5052229, 0.5054275, 0.5055626, 0.5050854, 0.50842947, 0.505987, 0.5074047, 0.5069411, 0.50554323, 0.50817716, 0.50486296, 0.50312513, 0.504631, 0.5062954, 0.5063454, 0.5052714, 0.50746036, 0.50513506, 0.50290626, 0.5032074, 0.5066979, 0.5067232, 0.50539225, 0.5054613, 0.50436807, 0.5073763, 0.50664717, 0.5065243, 0.5040834, 0.5033161, 0.50868875, 0.5038145, 0.5059102, 0.50322634, 0.5014063, 0.5045385, 0.5040667, 0.5080587, 0.50838506, 0.50899, 0.50212204, 0.50356925, 0.50562876, 0.5081499, 0.5052689, 0.5043831, 0.5056748, 0.50603956, 0.5023791, 0.5065099, 0.5065566, 0.5014561, 0.50780493, 0.50741047, 0.5065409, 0.5053641, 0.50589454, 0.5073178, 0.507412, 0.5087202, 0.5036557, 0.5069723, 0.50592834, 0.50635034, 0.50862056, 0.50761366, 0.50806713, 0.50739014, 0.5074395, 0.5037356, 0.5085383, 0.50792074, 0.50750273, 0.509316, 0.50862914, 0.5090473, 0.50783336, 0.5082983, 0.5074675, 0.5075345, 0.5076278, 0.5079674, 0.5081472, 0.5083661, 0.5079388, 0.50738674, 0.501962, 0.5030975, 0.50467026, 0.50730485, 0.5067758, 0.50638443, 0.5085485, 0.5044777, 0.5041971, 0.50451535, 0.5052896, 0.5059268, 0.5048847, 0.50712377, 0.5056906, 0.5040127, 0.5072617, 0.5066914, 0.5066968, 0.5067794, 0.5067451, 0.5054039, 0.50675756, 0.5068004, 0.50601846, 0.50601393, 0.50628126, 0.5068906, 0.5058592, 0.50432616, 0.507273, 0.50467855, 0.505451, 0.50363886, 0.50720733, 0.50501996, 0.5071991, 0.5079759, 0.50799686, 0.501461, 0.5055595, 0.50621223, 0.50542974, 0.50590605, 0.5082669, 0.5065137, 0.50562346, 0.5069332, 0.50647414]
[0.50023264, 0.50424886, 0.5047652, 0.50277823, 0.501127, 0.49972346, 0.5003926, 0.5003494, 0.50042164, 0.50272036, 0.50221354, 0.5021794, 0.50169647, 0.5010737, 0.5033782, 0.49994898, 0.501367, 0.50192106, 0.5094234, 0.50891626, 0.5101874, 0.5100253, 0.5083778, 0.5082718, 0.5069051, 0.5101209, 0.50877285, 0.50895286, 0.51113945, 0.5089997, 0.5133458, 0.5065584, 0.5126349, 0.5142454, 0.49959514, 0.5091905, 0.5102311, 0.51182586, 0.50444156, 0.50085604, 0.50036454, 0.50438696, 0.50202686, 0.5032791, 0.5049197, 0.50440496, 0.5021935, 0.5013631, 0.50712484, 0.5030422, 0.5016882, 0.50040936, 0.5113531, 0.4998006, 0.5035361, 0.5045662, 0.50141346, 0.5006654, 0.50086707, 0.5028273, 0.50802624, 0.50826305, 0.50174713, 0.5116324, 0.51078314, 0.5110182, 0.50756717, 0.5084206, 0.5135237, 0.5103646, 0.5101163, 0.5100052, 0.5087135, 0.50663054, 0.5125572, 0.51284504, 0.5132726, 0.5102278, 0.5125267, 0.51014906, 0.5126316, 0.513055, 0.51248276, 0.5119922, 0.51089483, 0.51215994, 0.5102388, 0.5089115, 0.51116735, 0.5132579, 0.51018494, 0.5085459, 0.51328254, 0.5116096, 0.5105055, 0.509707, 0.512386, 0.51343006, 0.5117192, 0.5149629, 0.51322496, 0.51306367, 0.51286244, 0.5140319, 0.51423407, 0.5124236, 0.5137085, 0.5137542, 0.51351774, 0.51239574, 0.5148692, 0.5135475, 0.5128155, 0.5123929, 0.50554794, 0.51097304, 0.51270825, 0.5116073, 0.5100931, 0.5083932, 0.50462145, 0.51119894, 0.5084262, 0.5121589, 0.511434, 0.5124569, 0.51142526, 0.51162505, 0.51330835, 0.51043165, 0.51026994, 0.50995016, 0.5089001, 0.5047618, 0.5052969, 0.5092469, 0.5089327, 0.5090176, 0.5093404, 0.50867236, 0.5139447, 0.50990695, 0.5120355, 0.5110625, 0.5088733, 0.5132446, 0.5080164, 0.50645405, 0.5075765, 0.50998765, 0.5103754, 0.5085032, 0.51241106, 0.5088497, 0.5070519, 0.50664425, 0.5026004, 0.50230044, 0.50869536, 0.5090096, 0.50772434, 0.5118298, 0.51079845, 0.51073605, 0.5062952, 0.5059506, 0.51366115, 0.5065456, 0.5094959, 0.507055, 0.50404334, 0.5080928, 0.5072639, 0.51285136, 0.5139577, 0.5148642, 0.50604373, 0.5073024, 0.5093378, 0.51306003, 0.50807726, 0.5069622, 0.5089551, 0.51039934, 0.50467056, 0.5107999, 0.51061994, 0.50311446, 0.51233876, 0.5120644, 0.5105515, 0.50886166, 0.5096326, 0.51177937, 0.5117412, 0.5145736, 0.50698173, 0.51177454, 0.5098271, 0.5105188, 0.51401776, 0.512201, 0.51379174, 0.51187474, 0.5118697, 0.5065973, 0.51436347, 0.51285523, 0.5124256, 0.51533824, 0.5140772, 0.5147098, 0.5125351, 0.51340044, 0.51203054, 0.5123216, 0.51230437, 0.51309323, 0.51360655, 0.51336056, 0.51339376, 0.5122746, 0.5022655, 0.5014231, 0.5076653, 0.5120163, 0.51059765, 0.51001984, 0.5139193, 0.507324, 0.5067023, 0.5072443, 0.50845575, 0.509434, 0.5081153, 0.51127344, 0.5088653, 0.5075489, 0.51138264, 0.5109041, 0.5111727, 0.5115429, 0.5112143, 0.5094933, 0.51148504, 0.5110561, 0.50997996, 0.5102108, 0.5104378, 0.5112406, 0.50976366, 0.50750846, 0.5117983, 0.50746894, 0.50901175, 0.5075701, 0.5023571, 0.508168, 0.51141, 0.5126784, 0.5122414, 0.50460047, 0.50929856, 0.51015526, 0.50898206, 0.50992703, 0.5135751, 0.5109963, 0.5085194, 0.5116297, 0.5105248]
[0.49964726, 0.50141734, 0.5017759, 0.50086653, 0.50009125, 0.49938932, 0.4995731, 0.49958834, 0.49944392, 0.5027958, 0.50184035, 0.50280017, 0.5033198, 0.5021771, 0.5052441, 0.49971187, 0.50086313, 0.5022636, 0.5107312, 0.5106776, 0.5116616, 0.51195663, 0.5092316, 0.50942314, 0.50728893, 0.5114352, 0.5098309, 0.51040155, 0.5123193, 0.5106598, 0.5161575, 0.5078418, 0.51494515, 0.5167343, 0.4992557, 0.5112036, 0.5119775, 0.5140234, 0.5053213, 0.5007135, 0.49990955, 0.50546557, 0.5004477, 0.50096065, 0.50158745, 0.5014555, 0.5004795, 0.5029772, 0.5086001, 0.5048273, 0.50310737, 0.50082415, 0.51325047, 0.4995134, 0.5011108, 0.5015067, 0.500244, 0.50131255, 0.5009372, 0.5042475, 0.509628, 0.5088401, 0.50136554, 0.5130252, 0.5121458, 0.5132634, 0.5096659, 0.5099721, 0.51603407, 0.511777, 0.51191854, 0.51153725, 0.5099816, 0.5072061, 0.51491606, 0.5153012, 0.51591074, 0.5122148, 0.51512253, 0.51158434, 0.5147939, 0.5153205, 0.5151094, 0.5142025, 0.51294744, 0.51421934, 0.51212466, 0.5108631, 0.51270247, 0.5156318, 0.51238865, 0.51021934, 0.515711, 0.5138769, 0.5125279, 0.51187867, 0.51507115, 0.5157437, 0.5138848, 0.5177323, 0.5159874, 0.5159643, 0.51562464, 0.5165062, 0.51652783, 0.51464707, 0.5158938, 0.5163757, 0.51613104, 0.5146319, 0.517494, 0.51629514, 0.5148117, 0.51453555, 0.5054172, 0.5129487, 0.5152363, 0.5133842, 0.51224756, 0.5098012, 0.5049977, 0.51308525, 0.50988513, 0.51397073, 0.51303273, 0.51464784, 0.5132231, 0.5137102, 0.5156535, 0.5117528, 0.51194, 0.5115865, 0.5096507, 0.50562763, 0.50685716, 0.51011264, 0.5105124, 0.510348, 0.5104392, 0.5101925, 0.51678705, 0.51130867, 0.5138236, 0.51286036, 0.510536, 0.51589465, 0.50908846, 0.50798935, 0.50903887, 0.5120753, 0.5119952, 0.50964963, 0.5140486, 0.5099204, 0.50767106, 0.50814706, 0.500723, 0.50049293, 0.5101722, 0.5109131, 0.509468, 0.5142626, 0.5124993, 0.512934, 0.5082777, 0.5076758, 0.51597875, 0.5077267, 0.51059365, 0.50732595, 0.50286466, 0.5094415, 0.5083351, 0.5150473, 0.51649374, 0.51745796, 0.5066735, 0.5083673, 0.5109698, 0.5157949, 0.5099607, 0.50871813, 0.5106914, 0.5119006, 0.5061754, 0.51283866, 0.5123392, 0.50377303, 0.51479065, 0.5141072, 0.51253563, 0.5106411, 0.5112423, 0.5141205, 0.5138039, 0.51697177, 0.5085902, 0.51330525, 0.5112732, 0.51209265, 0.51660895, 0.5145297, 0.51567787, 0.5142385, 0.5145868, 0.50818324, 0.5167611, 0.5153312, 0.5145458, 0.5178032, 0.5166189, 0.517383, 0.5151692, 0.51625353, 0.5144136, 0.5140151, 0.5141605, 0.5153585, 0.51606166, 0.51599956, 0.5156637, 0.5136924, 0.5038662, 0.5018274, 0.5087354, 0.5138836, 0.5129352, 0.5118022, 0.51664156, 0.5094226, 0.5087083, 0.50922805, 0.5102508, 0.5111946, 0.50957453, 0.51305395, 0.5107738, 0.50826705, 0.5135932, 0.51273906, 0.5128021, 0.51270324, 0.5128417, 0.5102817, 0.5130662, 0.5127245, 0.5114887, 0.51188797, 0.5120765, 0.5126483, 0.5111355, 0.5088923, 0.513732, 0.5091758, 0.5101812, 0.5083395, 0.5004286, 0.5094824, 0.5136452, 0.5156956, 0.51503605, 0.50454575, 0.5103447, 0.51137614, 0.51062775, 0.51123685, 0.51613104, 0.5129004, 0.51002264, 0.5136057, 0.5124279]
[0.50264513, 0.5051852, 0.505861, 0.50427294, 0.5033546, 0.50241786, 0.5030202, 0.5025768, 0.5025269, 0.5009571, 0.50019413, 0.501038, 0.5011699, 0.5001065, 0.50425535, 0.5023559, 0.5009929, 0.5000723, 0.5110768, 0.5115649, 0.51277936, 0.51321185, 0.5116165, 0.5105455, 0.5081804, 0.5116929, 0.51066625, 0.51081616, 0.5139017, 0.5112225, 0.5174678, 0.5073441, 0.5162423, 0.5183729, 0.5022593, 0.5108265, 0.5126581, 0.5147954, 0.5065097, 0.5007357, 0.5017955, 0.5020364, 0.5040653, 0.50505304, 0.5055129, 0.5054149, 0.50368714, 0.50007147, 0.5080452, 0.50078636, 0.50024533, 0.5015443, 0.513639, 0.50241363, 0.50489324, 0.50551367, 0.50386477, 0.5013087, 0.5010419, 0.5024583, 0.5097234, 0.5070841, 0.5007972, 0.51486063, 0.51432, 0.5144801, 0.51041406, 0.5106036, 0.5172025, 0.5130515, 0.51305103, 0.51312435, 0.5115483, 0.5070405, 0.51668346, 0.516955, 0.5171078, 0.5131297, 0.51628107, 0.5126508, 0.5160543, 0.51699096, 0.5161652, 0.51514333, 0.5135382, 0.51568145, 0.51229244, 0.5097724, 0.5138351, 0.51706517, 0.5132717, 0.5110385, 0.5171156, 0.5144058, 0.5136851, 0.51419574, 0.51612765, 0.51706964, 0.51531565, 0.5194931, 0.51712537, 0.51712507, 0.5167077, 0.5181498, 0.5179324, 0.51557064, 0.5177632, 0.51743174, 0.51725626, 0.5158236, 0.51923174, 0.51732504, 0.515619, 0.5156803, 0.5063258, 0.51480407, 0.5167564, 0.5149926, 0.5131237, 0.5107563, 0.5013168, 0.51422614, 0.5116207, 0.5149997, 0.5145015, 0.51580787, 0.5145694, 0.51447976, 0.51684046, 0.51316726, 0.5130095, 0.5126988, 0.5099804, 0.5033278, 0.5051924, 0.51073664, 0.5109154, 0.51150817, 0.5111487, 0.51064783, 0.51823086, 0.5126071, 0.5146175, 0.51374334, 0.51140165, 0.5167349, 0.5091676, 0.5068098, 0.50920963, 0.51247793, 0.51336366, 0.51134866, 0.51587737, 0.5110325, 0.50707245, 0.50771064, 0.50416166, 0.50395006, 0.5105733, 0.5111918, 0.50947976, 0.51529545, 0.5137317, 0.51358867, 0.5079725, 0.508648, 0.51754737, 0.50756305, 0.51199675, 0.50373334, 0.5000303, 0.50921607, 0.50807005, 0.5170561, 0.5178948, 0.51845837, 0.50469875, 0.5075726, 0.5116065, 0.5171556, 0.5095594, 0.51003087, 0.51262915, 0.5124298, 0.5034941, 0.51373273, 0.51341695, 0.5011299, 0.5162996, 0.515501, 0.5131993, 0.51125675, 0.51253605, 0.5149637, 0.5145683, 0.5176156, 0.50923634, 0.5154437, 0.5121772, 0.51308817, 0.5178468, 0.51548886, 0.5170088, 0.5152621, 0.5152385, 0.50936794, 0.51815426, 0.51603657, 0.51637095, 0.5190973, 0.5179702, 0.51856345, 0.5159915, 0.5174109, 0.51491606, 0.515019, 0.51548386, 0.5174858, 0.51813436, 0.516851, 0.51729345, 0.5144537, 0.5024584, 0.5010293, 0.51078415, 0.5152113, 0.5141231, 0.51356596, 0.5180628, 0.5101329, 0.5097667, 0.5099169, 0.511036, 0.5118982, 0.50952387, 0.5144545, 0.5120281, 0.5091087, 0.51509064, 0.5135585, 0.51350874, 0.5139836, 0.5144556, 0.5116273, 0.5142336, 0.5139437, 0.5121117, 0.51228136, 0.512999, 0.5147537, 0.5115693, 0.50786084, 0.5148688, 0.5096812, 0.51157963, 0.5095256, 0.5040444, 0.5107366, 0.51506627, 0.51638556, 0.5163104, 0.5009051, 0.5111534, 0.5124356, 0.51149505, 0.5126141, 0.5175249, 0.5138863, 0.51127124, 0.5145298, 0.51324207]
[0.5000898, 0.5039281, 0.5046868, 0.502982, 0.5019431, 0.50043297, 0.5010257, 0.5003454, 0.5008342, 0.5023361, 0.5020535, 0.50344694, 0.5038734, 0.5024858, 0.50495976, 0.5009823, 0.50204515, 0.50227255, 0.5084161, 0.50813276, 0.50896513, 0.5092547, 0.50694174, 0.50702775, 0.505735, 0.50847214, 0.5076389, 0.5079873, 0.5097014, 0.5079088, 0.51168287, 0.50623816, 0.5108557, 0.51232314, 0.500591, 0.50841653, 0.50911576, 0.5101633, 0.50522506, 0.5014689, 0.50101477, 0.5053164, 0.5021084, 0.5033737, 0.5045953, 0.50473654, 0.5028029, 0.50262135, 0.50628066, 0.5047039, 0.50331235, 0.50070685, 0.5097368, 0.50085664, 0.5042413, 0.5048979, 0.50207937, 0.5014607, 0.50108105, 0.5038807, 0.5071889, 0.5068842, 0.5023243, 0.5095466, 0.50904995, 0.5096561, 0.5082079, 0.50775236, 0.51196384, 0.5085631, 0.5083974, 0.5089979, 0.50805414, 0.50654924, 0.5110766, 0.5111414, 0.5117618, 0.5090411, 0.5109863, 0.5089599, 0.5105732, 0.5109123, 0.5107265, 0.5101789, 0.5097707, 0.5107605, 0.50904804, 0.5081237, 0.50877684, 0.5110747, 0.5089825, 0.5075935, 0.5116651, 0.50973177, 0.5089402, 0.5087277, 0.5111275, 0.51105887, 0.5102079, 0.51277465, 0.5115027, 0.51183826, 0.5114376, 0.51170766, 0.5114816, 0.5106116, 0.51112646, 0.5113236, 0.51126987, 0.51042426, 0.5124655, 0.5116787, 0.5108692, 0.5107304, 0.5038027, 0.5101833, 0.51103586, 0.5094671, 0.509065, 0.50731134, 0.5045116, 0.5096146, 0.5079118, 0.50987446, 0.50948906, 0.51049185, 0.509542, 0.5098305, 0.5113762, 0.50893766, 0.5091395, 0.50888425, 0.50764227, 0.5049569, 0.5058064, 0.50743365, 0.5076566, 0.50778925, 0.5077267, 0.50782895, 0.51196367, 0.508397, 0.51004213, 0.50926363, 0.5082367, 0.511313, 0.5073781, 0.50635254, 0.50722337, 0.50883275, 0.50880164, 0.50774014, 0.5100666, 0.5074575, 0.5060788, 0.50636727, 0.5032236, 0.50292295, 0.5074153, 0.5080516, 0.50732076, 0.51010835, 0.5091601, 0.50948113, 0.50750685, 0.5073529, 0.5119559, 0.50628644, 0.50822985, 0.505579, 0.5023521, 0.5067803, 0.5061374, 0.51079124, 0.5116915, 0.51230943, 0.5045912, 0.5058383, 0.5081294, 0.51104295, 0.5077113, 0.50738275, 0.50817424, 0.508224, 0.5047052, 0.5092206, 0.50893205, 0.50384283, 0.510921, 0.5106453, 0.50930274, 0.5083222, 0.508417, 0.51007676, 0.50997573, 0.5123626, 0.50637114, 0.5098025, 0.50804627, 0.5086534, 0.51180047, 0.51068497, 0.51099074, 0.5102986, 0.51020426, 0.5070196, 0.5118817, 0.5111315, 0.5104549, 0.5123837, 0.5118925, 0.51272154, 0.51094216, 0.5117256, 0.5106456, 0.5100271, 0.5099387, 0.51064086, 0.51144344, 0.5114513, 0.5112453, 0.5101263, 0.50484675, 0.5024479, 0.5070405, 0.51016206, 0.5092975, 0.5089588, 0.5120484, 0.5082569, 0.50773674, 0.50795585, 0.50842786, 0.5088323, 0.5074963, 0.5099505, 0.5088353, 0.5068596, 0.510032, 0.50896233, 0.50922805, 0.50935364, 0.50935847, 0.5077499, 0.5093525, 0.50943244, 0.5088906, 0.5088566, 0.5085277, 0.5098153, 0.5084968, 0.50741196, 0.50984323, 0.5076246, 0.50766844, 0.5063017, 0.5020874, 0.5074695, 0.50970596, 0.51155794, 0.5110198, 0.50391644, 0.5078557, 0.5082631, 0.50838315, 0.5088294, 0.5113379, 0.50918055, 0.50798583, 0.50999296, 0.5090843]
[0.50352484, 0.5068405, 0.50744927, 0.50537413, 0.5042466, 0.50259066, 0.5033868, 0.5024551, 0.5031086, 0.5002963, 0.499992, 0.49997652, 0.5006555, 0.50133944, 0.5006697, 0.5025354, 0.500777, 0.5000357, 0.50764817, 0.5074594, 0.50799763, 0.5079245, 0.5069133, 0.5059689, 0.50405806, 0.5080943, 0.50727844, 0.5074331, 0.5089954, 0.5068199, 0.5107268, 0.50415033, 0.5101753, 0.51116544, 0.5029329, 0.5074557, 0.5078072, 0.50915056, 0.5017118, 0.50080705, 0.5020169, 0.5008824, 0.50504476, 0.5060457, 0.5070128, 0.5067295, 0.5047108, 0.5006709, 0.505728, 0.50021017, 0.50087935, 0.5018768, 0.5087633, 0.5026709, 0.5061997, 0.506765, 0.5044111, 0.50154126, 0.50165623, 0.49996698, 0.50684476, 0.5069211, 0.4999383, 0.5093299, 0.50864446, 0.5087246, 0.5054651, 0.505973, 0.510566, 0.5082182, 0.50804466, 0.5075746, 0.50706923, 0.5046685, 0.51020306, 0.5103116, 0.51031876, 0.5083294, 0.50997, 0.5077261, 0.5099313, 0.51005787, 0.5098465, 0.5093617, 0.50858057, 0.50944847, 0.5081379, 0.50716186, 0.50879204, 0.51042664, 0.5080146, 0.50641173, 0.51030606, 0.50888264, 0.5083024, 0.5081712, 0.50976276, 0.5105645, 0.50928557, 0.51159286, 0.51041675, 0.5103984, 0.5101059, 0.510952, 0.5110698, 0.50969905, 0.51088035, 0.5107126, 0.5106305, 0.5095529, 0.5114679, 0.5106532, 0.5100906, 0.5097692, 0.50267035, 0.50871736, 0.50973004, 0.50971454, 0.5080874, 0.50636876, 0.50182354, 0.5086862, 0.5068888, 0.50974077, 0.5093944, 0.50981414, 0.508816, 0.50918, 0.510408, 0.50815433, 0.50818527, 0.5077942, 0.5063344, 0.50202906, 0.5026991, 0.5074174, 0.50717115, 0.5071654, 0.5071786, 0.5069411, 0.511045, 0.5080117, 0.50940067, 0.5087385, 0.5071283, 0.51049316, 0.50653154, 0.5047141, 0.50468755, 0.50773454, 0.50827307, 0.5060092, 0.5096694, 0.5073387, 0.5052036, 0.5039798, 0.5050888, 0.50510883, 0.5070064, 0.507142, 0.50515, 0.50934464, 0.5085948, 0.50846857, 0.50441086, 0.50317764, 0.5107126, 0.50430375, 0.50755733, 0.5050389, 0.5010183, 0.50611526, 0.505795, 0.5100843, 0.51071465, 0.51156837, 0.5032896, 0.50538224, 0.5074645, 0.510342, 0.5063583, 0.5042467, 0.5069088, 0.5080787, 0.50247675, 0.508615, 0.5083905, 0.5005502, 0.50975716, 0.5096041, 0.50836974, 0.50688094, 0.5076648, 0.50935453, 0.50923765, 0.5108823, 0.5052528, 0.50966895, 0.5079279, 0.508358, 0.5108975, 0.5095804, 0.5109867, 0.50962275, 0.50947934, 0.50516385, 0.5108296, 0.51000917, 0.50965035, 0.51190466, 0.51106834, 0.51135945, 0.509802, 0.510447, 0.50927687, 0.5093924, 0.50936824, 0.51042, 0.5105769, 0.51017416, 0.51059705, 0.5094062, 0.500158, 0.50138175, 0.5054616, 0.5093902, 0.5082637, 0.5078233, 0.5107803, 0.5051295, 0.50461197, 0.5044928, 0.50628513, 0.50720906, 0.50647503, 0.50896543, 0.50661117, 0.5056057, 0.5089986, 0.5088027, 0.50889415, 0.5091195, 0.50906026, 0.5075324, 0.5091891, 0.5088238, 0.508071, 0.5080134, 0.50847805, 0.50893134, 0.5079099, 0.50530326, 0.5093496, 0.5061573, 0.5071715, 0.50519204, 0.50528795, 0.50656205, 0.5091728, 0.50984496, 0.50979716, 0.5014738, 0.50773925, 0.5081322, 0.5071369, 0.5079482, 0.510607, 0.5091819, 0.506512, 0.50926507, 0.50851274]
[0.5033415, 0.5066871, 0.5073323, 0.5056448, 0.5044961, 0.5034744, 0.5040222, 0.50324047, 0.5038077, 0.50064605, 0.50056833, 0.5014316, 0.50102025, 0.5009058, 0.50385505, 0.50346416, 0.5015488, 0.5006454, 0.51095104, 0.5112748, 0.512746, 0.51294726, 0.5098263, 0.5092683, 0.50749886, 0.51139134, 0.51007515, 0.5110837, 0.51387316, 0.51086986, 0.51746035, 0.5076469, 0.51604354, 0.5187283, 0.5032845, 0.51124954, 0.51258034, 0.5151357, 0.50471246, 0.5017651, 0.5028095, 0.5035307, 0.50513047, 0.50615156, 0.5073654, 0.50719875, 0.50520426, 0.5010707, 0.5085401, 0.50289696, 0.50099754, 0.50249726, 0.513743, 0.50330275, 0.506349, 0.50708306, 0.50494784, 0.5017756, 0.50194645, 0.50189775, 0.50945574, 0.508827, 0.50090206, 0.5139768, 0.5129821, 0.51393574, 0.5101919, 0.5101475, 0.5174411, 0.5124327, 0.51208407, 0.5125387, 0.5110865, 0.50726557, 0.51621085, 0.51673734, 0.51721215, 0.51289624, 0.5161023, 0.51244664, 0.5158661, 0.516673, 0.5162892, 0.51503724, 0.51352036, 0.5154397, 0.51250714, 0.51069236, 0.51291925, 0.51663214, 0.5130689, 0.5102664, 0.51710284, 0.5143822, 0.5130325, 0.51290435, 0.51592755, 0.51680386, 0.5144519, 0.51933813, 0.51716346, 0.517033, 0.51674485, 0.5178492, 0.51783705, 0.51560456, 0.5175025, 0.5175339, 0.5174812, 0.5157701, 0.51917136, 0.5175465, 0.516221, 0.5157824, 0.50439304, 0.514467, 0.51650095, 0.514523, 0.51286435, 0.50964075, 0.50243837, 0.51378906, 0.510313, 0.51461965, 0.51368207, 0.5154211, 0.5138411, 0.5146094, 0.5170708, 0.5125021, 0.5127456, 0.5122861, 0.5099257, 0.5039312, 0.5056691, 0.51019514, 0.51032454, 0.51037246, 0.510634, 0.5105113, 0.51786476, 0.5120509, 0.51465476, 0.5133015, 0.5111693, 0.51687723, 0.509712, 0.5072342, 0.50957245, 0.51238805, 0.5129, 0.5101308, 0.5152117, 0.5104246, 0.50766814, 0.5073467, 0.5055594, 0.50560963, 0.5102644, 0.5108794, 0.5092827, 0.51488674, 0.5132422, 0.5131663, 0.5088678, 0.50773734, 0.5177831, 0.5075503, 0.5114995, 0.5061494, 0.5004783, 0.50895315, 0.5079796, 0.51653796, 0.51786935, 0.51871663, 0.5052493, 0.5081129, 0.51126146, 0.5168104, 0.5101163, 0.5085545, 0.5115654, 0.5120121, 0.50428677, 0.513378, 0.51300687, 0.5024066, 0.5162428, 0.515334, 0.5129322, 0.5108705, 0.51182604, 0.5146057, 0.5145555, 0.5181772, 0.5080116, 0.5144633, 0.51154554, 0.51258975, 0.51796234, 0.5154917, 0.5167913, 0.5150718, 0.5150191, 0.5087424, 0.51827836, 0.51622325, 0.5158364, 0.51915014, 0.5178451, 0.51893073, 0.51585406, 0.51706207, 0.5151408, 0.5150105, 0.5150532, 0.51647615, 0.51752543, 0.5172958, 0.5167507, 0.5145676, 0.502117, 0.5010682, 0.50911814, 0.5149208, 0.51411176, 0.5127983, 0.51782644, 0.5097674, 0.50944865, 0.50966865, 0.510659, 0.51170015, 0.50942975, 0.5144108, 0.5114233, 0.5085629, 0.51474655, 0.51306087, 0.513207, 0.5135261, 0.5135146, 0.51061976, 0.5137588, 0.51346266, 0.51218474, 0.5122572, 0.51235676, 0.51377136, 0.5118972, 0.5084485, 0.5146837, 0.5094101, 0.51061, 0.5084014, 0.50503254, 0.50969964, 0.5148683, 0.5166371, 0.51642835, 0.5028939, 0.51083475, 0.51205754, 0.5107774, 0.51141787, 0.51737696, 0.513249, 0.5104711, 0.5144668, 0.5129689]
[0.50062406, 0.50351685, 0.5042332, 0.502705, 0.50145257, 0.50184387, 0.5005528, 0.50159824, 0.50056076, 0.5048427, 0.50565636, 0.5051625, 0.5051227, 0.5038284, 0.50698537, 0.5011594, 0.50393, 0.5050171, 0.5118704, 0.512151, 0.51353747, 0.51387763, 0.51183015, 0.51130575, 0.5092145, 0.5121147, 0.5109608, 0.511636, 0.51431173, 0.5126826, 0.51790524, 0.50956815, 0.51617587, 0.5190919, 0.5012033, 0.51229334, 0.5134904, 0.5155514, 0.5089085, 0.5045861, 0.50164646, 0.50689363, 0.5019552, 0.5028702, 0.50333005, 0.50292784, 0.5011728, 0.5055156, 0.50961167, 0.5061974, 0.50475615, 0.5020601, 0.5142937, 0.50165224, 0.5027246, 0.5034206, 0.5015937, 0.50320244, 0.5029705, 0.50545526, 0.51091635, 0.5099293, 0.5045328, 0.51528245, 0.5144843, 0.5146812, 0.5106217, 0.51126975, 0.5175994, 0.5144282, 0.5143745, 0.51371413, 0.5120762, 0.50893366, 0.51690185, 0.5173455, 0.51773417, 0.51335835, 0.5167611, 0.5132906, 0.51681006, 0.5175628, 0.5169804, 0.5161705, 0.5140935, 0.51579416, 0.5133908, 0.51140976, 0.5151677, 0.5171029, 0.51401126, 0.5120296, 0.5173754, 0.51517665, 0.51428807, 0.5142464, 0.51621795, 0.51726806, 0.51570237, 0.5195592, 0.51810074, 0.5174046, 0.5172457, 0.5187016, 0.5187963, 0.5165749, 0.5184082, 0.5181869, 0.5182023, 0.51631325, 0.5197014, 0.5179291, 0.5168265, 0.5162348, 0.50906116, 0.515313, 0.5169829, 0.51520306, 0.51365983, 0.5117414, 0.50668114, 0.51448107, 0.51188934, 0.5159204, 0.5145783, 0.51642644, 0.5152753, 0.5155528, 0.51788306, 0.513384, 0.51368, 0.51357424, 0.5101684, 0.50802326, 0.5086915, 0.51207733, 0.51200044, 0.512054, 0.51226985, 0.5117506, 0.5184624, 0.51331997, 0.51518774, 0.5139767, 0.5121344, 0.5176571, 0.51140434, 0.50952333, 0.51041377, 0.512901, 0.5139492, 0.511632, 0.51659834, 0.51192117, 0.50985396, 0.50954044, 0.5018069, 0.50184864, 0.51209325, 0.5121645, 0.51052105, 0.51606447, 0.51430136, 0.5142829, 0.51032346, 0.5095969, 0.51762044, 0.5098455, 0.51234746, 0.5076798, 0.5049272, 0.5109167, 0.5102003, 0.5175663, 0.51876694, 0.5193995, 0.50885123, 0.5103707, 0.5124338, 0.5177238, 0.510552, 0.50997496, 0.5123804, 0.51395535, 0.5074076, 0.51465565, 0.5143201, 0.5063714, 0.51655513, 0.51553833, 0.5140909, 0.5118894, 0.513049, 0.5154987, 0.51548046, 0.5183475, 0.51025367, 0.5159931, 0.5128818, 0.51366836, 0.5181509, 0.51593924, 0.51825273, 0.5160211, 0.5164497, 0.51041394, 0.5188384, 0.51667595, 0.51675105, 0.5197789, 0.51872236, 0.51937306, 0.5168675, 0.51799583, 0.5158194, 0.51592314, 0.516513, 0.5180988, 0.5187504, 0.51793295, 0.51763934, 0.5153835, 0.50605, 0.503834, 0.51117355, 0.5158562, 0.51486844, 0.5136867, 0.51843965, 0.5101177, 0.509531, 0.5101136, 0.5111909, 0.5121698, 0.5110045, 0.5147839, 0.5117698, 0.5104602, 0.5159938, 0.5142693, 0.5141932, 0.5145728, 0.5149186, 0.5125084, 0.5154516, 0.5146811, 0.5129694, 0.51289976, 0.51405925, 0.51478916, 0.5127654, 0.50996226, 0.51576704, 0.5107303, 0.5122515, 0.5105923, 0.50197667, 0.51165515, 0.5154699, 0.51625454, 0.51618874, 0.50628674, 0.51205444, 0.5133376, 0.512131, 0.51266545, 0.5183809, 0.51481676, 0.51148987, 0.5157979, 0.5145098]
[0.50079155, 0.502576, 0.502895, 0.5020468, 0.5011989, 0.5006483, 0.50096864, 0.50079757, 0.5012312, 0.5011292, 0.50164115, 0.5006524, 0.49993908, 0.50001943, 0.50141615, 0.5006, 0.49974316, 0.5003435, 0.5080998, 0.50828433, 0.50885075, 0.5088516, 0.50797355, 0.50784373, 0.5052339, 0.50900537, 0.50790364, 0.50839424, 0.5099109, 0.50802714, 0.5118137, 0.5058891, 0.5113289, 0.51291436, 0.5008854, 0.50840497, 0.50861716, 0.51047754, 0.5051431, 0.50050175, 0.5005366, 0.5020684, 0.50193334, 0.5024718, 0.5029093, 0.5026803, 0.5017394, 0.50045955, 0.5065076, 0.5013967, 0.5003151, 0.50033903, 0.509487, 0.5004839, 0.5022732, 0.5026238, 0.50171906, 0.5000319, 0.5002753, 0.50041664, 0.5078061, 0.50772196, 0.50039315, 0.5104774, 0.509582, 0.5095939, 0.5061203, 0.50693387, 0.5118644, 0.50961477, 0.5094699, 0.5088159, 0.5078234, 0.5060702, 0.5114109, 0.51150453, 0.51180655, 0.50891405, 0.51115894, 0.5087405, 0.511283, 0.5114833, 0.5113777, 0.51092327, 0.5094276, 0.51031005, 0.508757, 0.50762516, 0.51010036, 0.511648, 0.50924355, 0.507732, 0.5114558, 0.5100655, 0.5094248, 0.50955266, 0.51097447, 0.5119893, 0.51047593, 0.5130628, 0.5119465, 0.5115421, 0.51127964, 0.5124543, 0.5128671, 0.51108277, 0.5124215, 0.512258, 0.51216036, 0.5107112, 0.5129676, 0.512309, 0.5111832, 0.5109311, 0.5051525, 0.5097747, 0.51132125, 0.5109673, 0.50901777, 0.5073411, 0.5033382, 0.50979173, 0.5077009, 0.51119566, 0.51037514, 0.51102734, 0.5100134, 0.5104265, 0.511941, 0.50920165, 0.5091077, 0.50874, 0.5065352, 0.504622, 0.50499153, 0.50854826, 0.5078503, 0.5078961, 0.5080484, 0.5078356, 0.5124152, 0.5090831, 0.5103522, 0.5096992, 0.5077128, 0.51178145, 0.50746375, 0.50590104, 0.5062738, 0.5083741, 0.50936776, 0.5070824, 0.51113075, 0.50843, 0.5069657, 0.5060635, 0.5016119, 0.50171506, 0.5081052, 0.50795925, 0.5066114, 0.5108301, 0.5097207, 0.5095453, 0.5059571, 0.5050819, 0.51210785, 0.5064515, 0.5081338, 0.50618726, 0.502211, 0.50741845, 0.5072765, 0.5118141, 0.51241153, 0.51338017, 0.5054663, 0.5066782, 0.5081916, 0.51203793, 0.50706875, 0.5061232, 0.5077985, 0.50963503, 0.5038148, 0.5100624, 0.50963837, 0.5020522, 0.51106954, 0.5105782, 0.50941557, 0.5076921, 0.50893867, 0.51059, 0.5105134, 0.51232797, 0.506679, 0.5109389, 0.50904673, 0.5094338, 0.5122967, 0.51062804, 0.51277107, 0.51069856, 0.5109467, 0.5067787, 0.51248765, 0.51125187, 0.5110573, 0.5135535, 0.51269144, 0.51308763, 0.51117176, 0.5120112, 0.5104244, 0.5109278, 0.5111261, 0.5123411, 0.512385, 0.51167625, 0.5120373, 0.5103575, 0.500612, 0.5003318, 0.50717765, 0.5104117, 0.50944734, 0.50862235, 0.5124249, 0.5058403, 0.50529504, 0.5058199, 0.50696135, 0.5079161, 0.50761926, 0.5100458, 0.50752705, 0.5070662, 0.51047105, 0.51009166, 0.5100084, 0.5102056, 0.50999045, 0.5086522, 0.51045257, 0.5098187, 0.50886977, 0.50895834, 0.50989276, 0.509622, 0.5087079, 0.5071287, 0.5104708, 0.50605977, 0.50829184, 0.50697744, 0.5020136, 0.5077849, 0.5103288, 0.5107005, 0.5109072, 0.50330675, 0.50852877, 0.50898427, 0.5077751, 0.5086479, 0.51223123, 0.5101901, 0.5071213, 0.5107288, 0.5096364]
[0.49960116, 0.5021383, 0.50269014, 0.50161314, 0.50041837, 0.49947965, 0.50005627, 0.49951732, 0.50012803, 0.50278187, 0.5030251, 0.50242376, 0.50202835, 0.50160784, 0.5037844, 0.50000364, 0.5016223, 0.5029765, 0.50937843, 0.5093427, 0.5096512, 0.5098771, 0.5088268, 0.50820327, 0.5069971, 0.50980705, 0.50873727, 0.50882477, 0.5106533, 0.5091877, 0.513339, 0.5064784, 0.5121646, 0.5143163, 0.4996436, 0.5093562, 0.5100129, 0.5114006, 0.50534433, 0.5017294, 0.49983734, 0.50494754, 0.5010899, 0.50188357, 0.50254285, 0.5023531, 0.5006606, 0.5023174, 0.50714356, 0.5038333, 0.5023185, 0.5009638, 0.5104635, 0.49962536, 0.50199926, 0.5024112, 0.5009808, 0.5008534, 0.500482, 0.5025978, 0.5084439, 0.5075343, 0.50224906, 0.5114023, 0.5104721, 0.511167, 0.5077438, 0.5082135, 0.5130654, 0.5100153, 0.50984925, 0.5101066, 0.5088916, 0.5071628, 0.5122693, 0.51250744, 0.5134058, 0.51018894, 0.51243496, 0.5099609, 0.5123846, 0.5126346, 0.5124496, 0.5117522, 0.5105019, 0.5118235, 0.5100249, 0.50876224, 0.51084137, 0.5130975, 0.51050085, 0.5087771, 0.5128819, 0.51124245, 0.51045734, 0.51046157, 0.5119625, 0.5130498, 0.51169986, 0.5144911, 0.5132277, 0.5130574, 0.51288563, 0.5135441, 0.5138792, 0.5123965, 0.5132122, 0.5133148, 0.5130824, 0.5120364, 0.51439434, 0.51342106, 0.5124885, 0.51194495, 0.50540406, 0.510983, 0.5124516, 0.51157695, 0.51038134, 0.50879884, 0.50440496, 0.5111776, 0.5088952, 0.5117744, 0.5111694, 0.512321, 0.5112068, 0.5114926, 0.51284254, 0.5103252, 0.510061, 0.5097368, 0.5081191, 0.50468063, 0.5054502, 0.50894386, 0.50849473, 0.5086427, 0.508679, 0.5082731, 0.5136476, 0.5097157, 0.5115225, 0.51105183, 0.50885916, 0.5129626, 0.5081673, 0.50683516, 0.507653, 0.5096678, 0.5100885, 0.5081686, 0.51194936, 0.508854, 0.5073002, 0.50701845, 0.500952, 0.5011051, 0.50862885, 0.5091079, 0.50776756, 0.51161057, 0.51077, 0.5104589, 0.50664574, 0.5063948, 0.5131972, 0.506783, 0.50955665, 0.50691885, 0.50435764, 0.5081404, 0.50780976, 0.5126944, 0.5134035, 0.51416796, 0.50629073, 0.50728554, 0.50911987, 0.5131278, 0.5084438, 0.50799304, 0.5087493, 0.5100794, 0.5057128, 0.51092285, 0.51069057, 0.5031982, 0.51234275, 0.5117685, 0.5105052, 0.50864, 0.50951576, 0.51160574, 0.5116842, 0.51376987, 0.5071496, 0.51158386, 0.509476, 0.5100913, 0.51353383, 0.5121458, 0.5130231, 0.5120922, 0.51181597, 0.50747764, 0.5136458, 0.5125207, 0.5122811, 0.5146885, 0.51382697, 0.5143646, 0.51264286, 0.5132665, 0.51197326, 0.5118394, 0.51197946, 0.5130295, 0.51335937, 0.5129118, 0.51273185, 0.5115448, 0.50346047, 0.5016971, 0.50785005, 0.51162136, 0.51042414, 0.5099488, 0.5134844, 0.5074964, 0.5071732, 0.50731385, 0.50827014, 0.50913954, 0.5081755, 0.5111749, 0.5090029, 0.50763386, 0.5113257, 0.5106478, 0.5106441, 0.51092225, 0.51078415, 0.50932705, 0.51121986, 0.5107862, 0.5095768, 0.51003224, 0.51053476, 0.51097554, 0.50934124, 0.50829726, 0.5117697, 0.50751716, 0.5089184, 0.5076949, 0.5009746, 0.5083892, 0.5113443, 0.5121739, 0.5121682, 0.50443107, 0.5090801, 0.5096979, 0.50892454, 0.50993854, 0.513262, 0.5107778, 0.50885564, 0.5114166, 0.510565]
[0.5007781, 0.5031138, 0.50374526, 0.50253683, 0.50151163, 0.50102776, 0.5014073, 0.50102854, 0.5014085, 0.5011585, 0.5016808, 0.50191635, 0.50142115, 0.50077355, 0.50412077, 0.50102955, 0.4999991, 0.50213355, 0.5099622, 0.51087147, 0.51177484, 0.5117791, 0.51030326, 0.51053363, 0.5068784, 0.5105634, 0.50789094, 0.5091911, 0.5125535, 0.5107352, 0.51519835, 0.50702786, 0.5137962, 0.5174395, 0.5006986, 0.510332, 0.5118756, 0.5135971, 0.50860095, 0.5024154, 0.5007841, 0.5037095, 0.5024188, 0.50319904, 0.50319344, 0.503154, 0.5016663, 0.5029321, 0.5075357, 0.50405693, 0.5025283, 0.50020367, 0.5117809, 0.50104594, 0.50308675, 0.5033668, 0.5024061, 0.49981898, 0.50010926, 0.5023246, 0.5085098, 0.5063858, 0.50155306, 0.51300067, 0.5119606, 0.51306057, 0.5092942, 0.5096312, 0.51564145, 0.51172394, 0.5112124, 0.51242906, 0.510558, 0.5066253, 0.5150462, 0.514975, 0.5162949, 0.5112778, 0.5145458, 0.5112731, 0.5144732, 0.5151118, 0.5151028, 0.5143838, 0.512089, 0.51365006, 0.51133883, 0.5093829, 0.5126597, 0.5151894, 0.51244, 0.5104643, 0.51536536, 0.5133602, 0.5124991, 0.5126397, 0.51452285, 0.5150441, 0.5140484, 0.51717377, 0.5159615, 0.5157835, 0.5150659, 0.51611, 0.516298, 0.5145076, 0.5153111, 0.51572543, 0.5157916, 0.5139642, 0.51714826, 0.51565677, 0.51434237, 0.5138647, 0.50561756, 0.51425403, 0.5153591, 0.5124302, 0.51167935, 0.51047665, 0.5047259, 0.5126682, 0.5101657, 0.51306546, 0.5117253, 0.51445955, 0.51323736, 0.5135936, 0.5150148, 0.5116047, 0.51201373, 0.51172364, 0.5071552, 0.50542754, 0.50636023, 0.5100687, 0.50973743, 0.5097915, 0.51003814, 0.51003575, 0.51596695, 0.51114, 0.51258343, 0.5119397, 0.5100962, 0.5152955, 0.5092914, 0.5072323, 0.50855577, 0.510727, 0.5111544, 0.509757, 0.5139626, 0.50908196, 0.50670534, 0.50801617, 0.50196165, 0.5019535, 0.5096614, 0.51001227, 0.50840557, 0.5142026, 0.5123615, 0.5127515, 0.5086937, 0.50855076, 0.51577646, 0.50807405, 0.5103586, 0.50345707, 0.50003695, 0.509731, 0.5091093, 0.5156052, 0.5166437, 0.5165323, 0.5067138, 0.50817275, 0.51020783, 0.5155413, 0.50947994, 0.50875336, 0.5110711, 0.5119379, 0.5047749, 0.51282865, 0.51228493, 0.501832, 0.5145074, 0.51376075, 0.51230526, 0.5101697, 0.5114117, 0.5135288, 0.51337814, 0.51570636, 0.50894034, 0.514377, 0.5111469, 0.51161206, 0.5159695, 0.5137504, 0.5148092, 0.51368964, 0.51413286, 0.50960124, 0.5161464, 0.5145407, 0.51419914, 0.5172963, 0.5161926, 0.51713663, 0.51499814, 0.5156759, 0.51355815, 0.51341873, 0.51440704, 0.51584077, 0.51689214, 0.51576173, 0.51488733, 0.5127414, 0.50380135, 0.5005223, 0.5096848, 0.51367784, 0.512821, 0.5114668, 0.516462, 0.508782, 0.5081061, 0.5085645, 0.509225, 0.5100216, 0.5091748, 0.5130318, 0.51078796, 0.5081852, 0.5136867, 0.51163256, 0.511754, 0.5121951, 0.5125465, 0.51078516, 0.5131679, 0.5121163, 0.5109689, 0.5110799, 0.51205575, 0.5126243, 0.51019406, 0.5088947, 0.5131912, 0.5097939, 0.5101955, 0.5086021, 0.50172055, 0.5098401, 0.513161, 0.51448387, 0.5142205, 0.50278646, 0.5100763, 0.5109478, 0.5106354, 0.5114724, 0.5160468, 0.51226443, 0.50963235, 0.5136112, 0.5117137]
[0.5017976, 0.50465715, 0.50540656, 0.504014, 0.5029157, 0.50205094, 0.5026319, 0.50181216, 0.50246096, 0.50043976, 0.5016876, 0.50183046, 0.50117564, 0.50020546, 0.5055843, 0.50156707, 0.4996837, 0.5016478, 0.51022106, 0.51085764, 0.51249826, 0.5127584, 0.5104086, 0.50996524, 0.5077049, 0.5107845, 0.5088227, 0.50990176, 0.5133007, 0.5110007, 0.5169775, 0.50802845, 0.5152665, 0.5185736, 0.5015415, 0.51037353, 0.51224595, 0.51458853, 0.507809, 0.4995414, 0.50131243, 0.5050934, 0.503452, 0.5044106, 0.50517493, 0.5051297, 0.50349265, 0.5005875, 0.5078058, 0.50383943, 0.5010266, 0.50135356, 0.5127597, 0.50169563, 0.5043298, 0.505005, 0.50312227, 0.50030506, 0.5005, 0.5032739, 0.5090029, 0.5071146, 0.5017181, 0.5138507, 0.5128669, 0.51334655, 0.5096795, 0.5098914, 0.5170605, 0.51227313, 0.51255095, 0.51213545, 0.510837, 0.50760734, 0.5153806, 0.51590484, 0.5175014, 0.51218563, 0.51544577, 0.5119176, 0.5155682, 0.51652324, 0.51605695, 0.51502883, 0.5127129, 0.51453143, 0.5120111, 0.5099498, 0.51276237, 0.5167586, 0.5127259, 0.5103014, 0.5172562, 0.51409847, 0.5130894, 0.5139834, 0.515724, 0.5167423, 0.51459473, 0.51922834, 0.5170724, 0.5167538, 0.51646507, 0.51784444, 0.5176104, 0.5149766, 0.5172194, 0.5175866, 0.51717937, 0.515532, 0.5189281, 0.51722145, 0.5154907, 0.51482207, 0.5067894, 0.51407236, 0.5164233, 0.5138815, 0.5123376, 0.51015556, 0.5047545, 0.5133326, 0.510358, 0.5145617, 0.5133142, 0.5153307, 0.5139113, 0.51409596, 0.51715016, 0.5123235, 0.5124505, 0.51233524, 0.50879437, 0.5061451, 0.5069917, 0.5100034, 0.50966954, 0.51017153, 0.51036686, 0.5102552, 0.5173959, 0.51138407, 0.5137278, 0.5126208, 0.5101293, 0.5169501, 0.5093155, 0.5076373, 0.5089138, 0.5116418, 0.5122295, 0.5103196, 0.51531374, 0.5101847, 0.5075979, 0.5081948, 0.50337803, 0.50329196, 0.5100199, 0.51024383, 0.5085465, 0.5147825, 0.51273066, 0.51310897, 0.5092336, 0.5087314, 0.5171256, 0.50876117, 0.510809, 0.50469697, 0.49985316, 0.508986, 0.5086862, 0.5171361, 0.5179322, 0.51801354, 0.5056561, 0.50767994, 0.5104873, 0.51696134, 0.5102229, 0.5091879, 0.51205283, 0.5121811, 0.5052867, 0.5136027, 0.5130049, 0.5033858, 0.5157922, 0.51492304, 0.5125604, 0.5102285, 0.5118957, 0.5142267, 0.5141681, 0.5172509, 0.5090137, 0.5148984, 0.51170343, 0.5125714, 0.5177919, 0.5149814, 0.51640725, 0.51447016, 0.5156564, 0.50969464, 0.51796645, 0.5158554, 0.51580226, 0.51934683, 0.5176358, 0.51844513, 0.5156369, 0.51725, 0.51427025, 0.5147327, 0.5150322, 0.5170033, 0.51828724, 0.51698875, 0.51643646, 0.5132948, 0.5035782, 0.49955034, 0.50992984, 0.51435596, 0.5137501, 0.51273155, 0.51788396, 0.50929755, 0.5088184, 0.5094854, 0.5100045, 0.51092666, 0.5094057, 0.51415265, 0.5108221, 0.5086056, 0.5152624, 0.51234967, 0.5122926, 0.5127003, 0.51320666, 0.5103722, 0.5134296, 0.51346993, 0.5116868, 0.5109727, 0.5120366, 0.51305777, 0.51119894, 0.50927895, 0.5143071, 0.5093142, 0.510791, 0.508777, 0.50331944, 0.5102029, 0.5146934, 0.5160782, 0.5158512, 0.5016972, 0.5101178, 0.5115937, 0.51036376, 0.5106567, 0.51742584, 0.5128358, 0.51006943, 0.51378644, 0.5122857]
[0.50395197, 0.50745153, 0.50818, 0.5061292, 0.5048141, 0.50353456, 0.5042121, 0.50339943, 0.5043511, 0.50114846, 0.50075513, 0.5003609, 0.50045544, 0.50114024, 0.5010436, 0.5036999, 0.50191456, 0.5008665, 0.5069205, 0.5072825, 0.50889534, 0.509077, 0.50653255, 0.50515574, 0.5029821, 0.5076035, 0.5068967, 0.5070742, 0.50948906, 0.5079144, 0.5123636, 0.50407964, 0.5111152, 0.51337445, 0.5032965, 0.5074162, 0.5083099, 0.5106844, 0.5011971, 0.5021856, 0.5030122, 0.5004595, 0.50542414, 0.5068254, 0.5078035, 0.5076311, 0.50555253, 0.50110906, 0.50352883, 0.49975955, 0.50107074, 0.50253063, 0.5092284, 0.50376385, 0.5071226, 0.50763583, 0.50483954, 0.5023199, 0.50199485, 0.4996859, 0.50593853, 0.50428575, 0.5009411, 0.5094522, 0.5095858, 0.5097213, 0.50552917, 0.5051695, 0.5127568, 0.50915134, 0.508957, 0.5087064, 0.50718135, 0.5035141, 0.5114421, 0.51163435, 0.51282865, 0.50912386, 0.51169616, 0.5085522, 0.5110563, 0.51189995, 0.5115461, 0.51069266, 0.5087889, 0.5107631, 0.50875795, 0.5070464, 0.509236, 0.51199037, 0.5090954, 0.50703424, 0.51250756, 0.5099508, 0.50936925, 0.5097487, 0.5111938, 0.5117066, 0.51032925, 0.51381993, 0.51273686, 0.5119825, 0.5118845, 0.5125561, 0.51292545, 0.5114135, 0.51299083, 0.5124837, 0.512202, 0.51095, 0.5136955, 0.5120652, 0.5111252, 0.5109996, 0.5012339, 0.50997615, 0.51155627, 0.5103493, 0.50881, 0.5068662, 0.5008413, 0.5099471, 0.50718963, 0.5102816, 0.5095696, 0.51100034, 0.51000935, 0.5098899, 0.5121043, 0.5090734, 0.50911075, 0.5087127, 0.5052952, 0.50164306, 0.5024978, 0.5071143, 0.5069597, 0.5075146, 0.5075895, 0.50697076, 0.51267236, 0.50831455, 0.5099775, 0.5093553, 0.5073296, 0.512228, 0.50624245, 0.50383383, 0.50521874, 0.50854087, 0.508532, 0.50602317, 0.5111156, 0.50651324, 0.5029517, 0.50338525, 0.5061217, 0.5059277, 0.5070973, 0.50693864, 0.5042111, 0.51060313, 0.5092905, 0.5087564, 0.5042065, 0.5039549, 0.5129425, 0.50372875, 0.5083578, 0.5017742, 0.50085336, 0.50519264, 0.5053627, 0.5120144, 0.5128967, 0.5136954, 0.50138587, 0.50401115, 0.5075317, 0.5121651, 0.50756145, 0.50406206, 0.5075264, 0.50851893, 0.50062364, 0.5097946, 0.50920564, 0.49988976, 0.51160794, 0.5106133, 0.50896657, 0.5068547, 0.50822914, 0.5106263, 0.51083016, 0.51257336, 0.5039717, 0.5104956, 0.5083036, 0.508971, 0.5127483, 0.5111302, 0.5122667, 0.5107431, 0.51089406, 0.5048668, 0.51271236, 0.51108336, 0.51117766, 0.51391906, 0.512744, 0.51367134, 0.5113255, 0.512052, 0.51050955, 0.5110197, 0.5108067, 0.51242256, 0.51319563, 0.5121034, 0.51130635, 0.5100663, 0.5001185, 0.5011695, 0.50551325, 0.5101007, 0.50955856, 0.50886977, 0.5127356, 0.5046825, 0.5043935, 0.5049563, 0.5060788, 0.50719744, 0.50671023, 0.5101143, 0.5065173, 0.5047357, 0.5107562, 0.50919694, 0.50894207, 0.50910926, 0.50925994, 0.5076135, 0.51012796, 0.50992614, 0.50861305, 0.5084224, 0.50889647, 0.50930065, 0.5074491, 0.5043466, 0.5106817, 0.50520617, 0.50709957, 0.50391054, 0.5052453, 0.50663805, 0.510521, 0.51158315, 0.5114208, 0.49987498, 0.50683653, 0.50845754, 0.5067465, 0.507839, 0.51232153, 0.50988835, 0.5075286, 0.5100137, 0.5091007]
[0.50285125, 0.50674784, 0.5076577, 0.5062452, 0.5044392, 0.5036415, 0.5042568, 0.504091, 0.5047249, 0.5014747, 0.5007961, 0.5009295, 0.5007624, 0.5016261, 0.50166094, 0.5038979, 0.5022552, 0.50136805, 0.5091914, 0.50845486, 0.5092698, 0.5095914, 0.50772953, 0.5075191, 0.5067773, 0.50935954, 0.50869685, 0.5089222, 0.5101819, 0.50844795, 0.5121338, 0.5062843, 0.5115889, 0.51282644, 0.50339985, 0.50915205, 0.5093811, 0.51071095, 0.5028233, 0.50202584, 0.5028044, 0.5035443, 0.50544286, 0.5065907, 0.50805265, 0.50805706, 0.5064936, 0.5017711, 0.5075665, 0.50172186, 0.5010397, 0.50328416, 0.51034325, 0.5031369, 0.5070397, 0.5080326, 0.5052878, 0.5026867, 0.5028079, 0.5010467, 0.5081237, 0.50809324, 0.5012838, 0.51048726, 0.50993603, 0.5103205, 0.50799024, 0.5078561, 0.5121138, 0.50939757, 0.5093755, 0.5092185, 0.50832593, 0.506123, 0.51147205, 0.5116819, 0.51198024, 0.5098441, 0.5114876, 0.50949097, 0.5114905, 0.5113947, 0.5111817, 0.5109246, 0.50994384, 0.5110999, 0.5100617, 0.5091079, 0.5099278, 0.51166284, 0.5097457, 0.5083636, 0.5118974, 0.5104191, 0.5097456, 0.5090325, 0.51124316, 0.5120131, 0.5106269, 0.5133724, 0.51209116, 0.5119337, 0.5118599, 0.5123826, 0.5125662, 0.51127553, 0.51221734, 0.5125023, 0.5122175, 0.5111046, 0.5131531, 0.51208866, 0.5117617, 0.51126605, 0.50326025, 0.51019716, 0.5111379, 0.5106592, 0.5096046, 0.5076745, 0.50345767, 0.51009053, 0.50839233, 0.511127, 0.51042175, 0.5111806, 0.51017284, 0.51067793, 0.5121326, 0.5096058, 0.5094857, 0.50906664, 0.5084243, 0.50415236, 0.5049605, 0.5085569, 0.50831145, 0.5084798, 0.50850946, 0.50841236, 0.51260966, 0.5090434, 0.5109238, 0.5101544, 0.50867623, 0.51201695, 0.5078329, 0.50612307, 0.5076466, 0.50943756, 0.5096345, 0.5078087, 0.51111096, 0.5085205, 0.5069585, 0.50605834, 0.5060661, 0.50590813, 0.5082024, 0.5087968, 0.50780094, 0.5108616, 0.51007617, 0.5100702, 0.50672823, 0.50660473, 0.5124396, 0.5068433, 0.5088586, 0.5074146, 0.502545, 0.5075977, 0.50698036, 0.51146734, 0.51225656, 0.51306266, 0.50483054, 0.5069852, 0.5089656, 0.51162183, 0.507666, 0.50767094, 0.5086761, 0.5092737, 0.50413007, 0.5100004, 0.5096616, 0.50089633, 0.511441, 0.5106723, 0.5098124, 0.50859934, 0.5088469, 0.51062393, 0.5107805, 0.5127301, 0.5067405, 0.51076293, 0.509251, 0.50968593, 0.5125551, 0.5112874, 0.51202387, 0.51087976, 0.51092863, 0.5068025, 0.51256204, 0.511637, 0.5111975, 0.51321155, 0.5123811, 0.5133221, 0.51130635, 0.5120439, 0.51106656, 0.51115626, 0.51122314, 0.5117043, 0.51174706, 0.51169956, 0.5118118, 0.5109883, 0.5010937, 0.5017667, 0.5074383, 0.5106492, 0.5099345, 0.50937414, 0.51227736, 0.5079949, 0.5074548, 0.5076774, 0.5083222, 0.5091029, 0.5082098, 0.51046455, 0.5087624, 0.5072895, 0.5103748, 0.51009667, 0.51031345, 0.5105326, 0.51034933, 0.5086578, 0.51028955, 0.5102161, 0.50961834, 0.5095367, 0.50977904, 0.5105608, 0.5092201, 0.50744087, 0.51063395, 0.5079216, 0.50844246, 0.50721544, 0.5054405, 0.50741524, 0.5104222, 0.5113417, 0.5114584, 0.5030669, 0.5089331, 0.50936586, 0.5085537, 0.5090443, 0.5120804, 0.51005566, 0.5086252, 0.51060766, 0.5099158]
[0.5011207, 0.5036984, 0.50434154, 0.5028881, 0.5022862, 0.5007329, 0.5014044, 0.50159746, 0.50171834, 0.50255764, 0.502622, 0.5033591, 0.5032091, 0.50286907, 0.505747, 0.5013934, 0.5019234, 0.5032206, 0.5099218, 0.5102273, 0.5111385, 0.5109988, 0.50909114, 0.50926125, 0.5069275, 0.5096534, 0.50833005, 0.50872886, 0.5115413, 0.5106098, 0.515608, 0.5073158, 0.5137237, 0.51648194, 0.5008414, 0.5101361, 0.5117138, 0.5134272, 0.5057081, 0.50238883, 0.50097585, 0.505173, 0.50239986, 0.50349355, 0.5036639, 0.50366616, 0.5021514, 0.5034305, 0.5059538, 0.50507045, 0.5032054, 0.5009437, 0.5120423, 0.5016485, 0.5039287, 0.50422436, 0.502206, 0.50102276, 0.5011268, 0.5040469, 0.50795025, 0.5058827, 0.50301105, 0.51236796, 0.5118257, 0.5125109, 0.5099535, 0.5094552, 0.5156575, 0.5113874, 0.51121503, 0.51216215, 0.51018465, 0.50728905, 0.51422846, 0.51420534, 0.51592, 0.5116138, 0.5150855, 0.5118448, 0.51374173, 0.51500463, 0.5144496, 0.51364887, 0.5118431, 0.51369274, 0.5112174, 0.509782, 0.5118566, 0.5147992, 0.51211435, 0.5102147, 0.51527244, 0.51291686, 0.51218635, 0.5121953, 0.51431245, 0.51415235, 0.513295, 0.51703125, 0.5155824, 0.5152455, 0.514838, 0.5152936, 0.5156055, 0.5143757, 0.51526153, 0.5151396, 0.51479447, 0.5139962, 0.51731324, 0.5156837, 0.5135436, 0.5139031, 0.5047955, 0.5131795, 0.5149541, 0.5121572, 0.51128805, 0.51018095, 0.5051219, 0.51301813, 0.5101159, 0.5125888, 0.5118598, 0.5139337, 0.5129241, 0.51278573, 0.51512164, 0.51121444, 0.51145536, 0.5113796, 0.509044, 0.50520474, 0.50608385, 0.50965947, 0.50903094, 0.50921834, 0.509397, 0.5093698, 0.5154649, 0.5105889, 0.5125747, 0.51243794, 0.50986373, 0.5146226, 0.50911117, 0.5070926, 0.5094892, 0.51090187, 0.51115024, 0.51031053, 0.5136541, 0.5092412, 0.50658077, 0.5071961, 0.50212896, 0.5020921, 0.50981265, 0.5103, 0.5092026, 0.5136558, 0.5123443, 0.5119146, 0.50897014, 0.5086594, 0.51540416, 0.50762814, 0.51070523, 0.50500363, 0.5024508, 0.5089488, 0.5085087, 0.51493514, 0.516032, 0.5159646, 0.50625384, 0.50756407, 0.5100812, 0.5150817, 0.50955427, 0.50927156, 0.5109737, 0.51127714, 0.5050213, 0.5124177, 0.51219344, 0.50343937, 0.514775, 0.51376224, 0.5118012, 0.5103477, 0.5105368, 0.5133925, 0.51358557, 0.5159987, 0.5077801, 0.51318425, 0.5104752, 0.5112093, 0.5161332, 0.51399565, 0.51401055, 0.5135059, 0.5140145, 0.50842655, 0.5166073, 0.51418924, 0.5146258, 0.5168559, 0.51572293, 0.5165038, 0.5145732, 0.5152247, 0.5140003, 0.51353145, 0.51392794, 0.5152453, 0.51624596, 0.51549, 0.5147517, 0.5125566, 0.5060104, 0.50128424, 0.5088712, 0.5129751, 0.5129143, 0.5119166, 0.5159066, 0.5093157, 0.5088404, 0.5092824, 0.50988746, 0.5106592, 0.50913036, 0.51262265, 0.51073885, 0.50835663, 0.51324886, 0.5113743, 0.51137984, 0.51145625, 0.5119223, 0.51054883, 0.51272154, 0.5123459, 0.51114345, 0.51134837, 0.51186436, 0.5122732, 0.51039535, 0.50854963, 0.51344043, 0.50874865, 0.5096805, 0.5082196, 0.50248456, 0.5090832, 0.51328504, 0.51449764, 0.51436144, 0.5029132, 0.508657, 0.51052123, 0.5100222, 0.5105815, 0.51540196, 0.5120005, 0.50999457, 0.51248467, 0.51132]
[0.50238633, 0.50505656, 0.50602776, 0.50474083, 0.503448, 0.501852, 0.5026912, 0.50179356, 0.5029889, 0.49973908, 0.49973497, 0.5002325, 0.50090903, 0.50145674, 0.5001173, 0.5020544, 0.5013352, 0.5004523, 0.5088908, 0.50888425, 0.5092386, 0.5100206, 0.5090335, 0.5083687, 0.5047646, 0.50951016, 0.5075776, 0.5084689, 0.5108027, 0.508852, 0.5144099, 0.5049547, 0.5125884, 0.515575, 0.5022774, 0.50907445, 0.5092138, 0.5116798, 0.5032746, 0.500535, 0.50175893, 0.5010048, 0.5038868, 0.504946, 0.50551945, 0.5055854, 0.50402534, 0.49988046, 0.50783527, 0.4995368, 0.5005752, 0.50170135, 0.51038224, 0.5012581, 0.5043959, 0.5049489, 0.50431293, 0.5014386, 0.5013422, 0.5008871, 0.5082715, 0.50775176, 0.50062275, 0.5124377, 0.51122475, 0.51072675, 0.50589967, 0.50797695, 0.5137716, 0.51116353, 0.51077175, 0.50958383, 0.5083761, 0.5036389, 0.5129476, 0.5134757, 0.5134927, 0.5092564, 0.51276016, 0.50977457, 0.51364833, 0.5136935, 0.51327163, 0.5130172, 0.51093286, 0.5117176, 0.50963193, 0.5076875, 0.5118356, 0.51355255, 0.51050866, 0.50851625, 0.51296085, 0.51182055, 0.5111006, 0.51040566, 0.51278496, 0.514126, 0.51247543, 0.51554865, 0.5142426, 0.51346743, 0.5135263, 0.5150447, 0.51539767, 0.5126078, 0.5146719, 0.5147371, 0.5147129, 0.51243603, 0.51611704, 0.5144287, 0.5134941, 0.51221853, 0.50603724, 0.5107839, 0.5131288, 0.5127165, 0.5100864, 0.507597, 0.5003202, 0.51065445, 0.50808114, 0.5132471, 0.51252043, 0.5130786, 0.51195145, 0.51238, 0.51437837, 0.51037264, 0.5102291, 0.5097699, 0.50594693, 0.5027372, 0.5035365, 0.5095012, 0.5084608, 0.50852895, 0.5087199, 0.50832015, 0.5144769, 0.50966966, 0.51163965, 0.5105861, 0.5084934, 0.51436365, 0.5071004, 0.5051168, 0.5050862, 0.50902957, 0.510598, 0.5070457, 0.5134352, 0.5095843, 0.5078458, 0.50617427, 0.5037986, 0.5036941, 0.5087865, 0.5095123, 0.5069799, 0.51229185, 0.51082456, 0.51109165, 0.50252014, 0.5022447, 0.5133449, 0.50672054, 0.50862503, 0.5064834, 0.50132906, 0.50744396, 0.506726, 0.5138032, 0.5151325, 0.51544774, 0.5051576, 0.5069059, 0.509353, 0.51444376, 0.505995, 0.5062086, 0.5083601, 0.5112021, 0.5025406, 0.51143086, 0.5108901, 0.50044894, 0.5124973, 0.5116031, 0.5108055, 0.5078309, 0.5100605, 0.51161444, 0.5117641, 0.51466936, 0.5072613, 0.5128741, 0.509819, 0.51043904, 0.51388353, 0.51215756, 0.51554316, 0.5126469, 0.5130507, 0.5069235, 0.5152405, 0.5130719, 0.51318824, 0.5168394, 0.5155408, 0.5151144, 0.51275575, 0.5138755, 0.5123588, 0.5123445, 0.5129344, 0.51530033, 0.51447403, 0.51427877, 0.5144078, 0.5118468, 0.50067264, 0.5006024, 0.50697464, 0.5120758, 0.5113729, 0.5098962, 0.5149342, 0.50527805, 0.50441027, 0.5054103, 0.50696075, 0.50845027, 0.5081315, 0.51096594, 0.50802886, 0.5075271, 0.5120344, 0.5117733, 0.51163137, 0.5118873, 0.511501, 0.509036, 0.51204395, 0.5109755, 0.50934255, 0.5096075, 0.5111948, 0.5109854, 0.51007, 0.5076511, 0.5121027, 0.5057694, 0.5090662, 0.5079853, 0.50399977, 0.50807947, 0.51101375, 0.5119544, 0.51203513, 0.502026, 0.5089824, 0.5100449, 0.5088466, 0.50955826, 0.5148675, 0.5115792, 0.507132, 0.51215273, 0.51170194]
[0.5003908, 0.5018469, 0.5023895, 0.5013443, 0.5003228, 0.4999, 0.49944782, 0.5000082, 0.4996687, 0.50294054, 0.50317466, 0.5038587, 0.5038094, 0.5028503, 0.50592744, 0.4995627, 0.5019154, 0.5040425, 0.5113356, 0.5113506, 0.5122887, 0.51260173, 0.5099617, 0.51001436, 0.5080174, 0.5114925, 0.51015776, 0.51055956, 0.5131932, 0.51148736, 0.5169303, 0.5082945, 0.51548356, 0.5180313, 0.49993318, 0.5117663, 0.51277804, 0.51471704, 0.50699115, 0.50229406, 0.500276, 0.5067098, 0.5002003, 0.5012801, 0.5016607, 0.5018701, 0.5006233, 0.5037157, 0.50853485, 0.5057773, 0.50381047, 0.50082153, 0.51332176, 0.4996236, 0.50154346, 0.5021297, 0.5002774, 0.5010797, 0.5014965, 0.5042288, 0.50990415, 0.5086241, 0.50311637, 0.5136693, 0.5122235, 0.51361156, 0.51067287, 0.51008487, 0.51681894, 0.51243895, 0.5118686, 0.51202524, 0.51101387, 0.507994, 0.5156181, 0.515961, 0.5173103, 0.51322544, 0.5160088, 0.5124843, 0.51547873, 0.515509, 0.515568, 0.5147263, 0.5131805, 0.51492864, 0.5130129, 0.5116475, 0.5129438, 0.51618, 0.5128633, 0.5114509, 0.5164458, 0.5139302, 0.51297224, 0.51301706, 0.5154388, 0.5160862, 0.51451033, 0.51860374, 0.51702225, 0.51644653, 0.51627874, 0.5168453, 0.51700425, 0.51560456, 0.5167636, 0.516621, 0.5163935, 0.51498497, 0.51818186, 0.516741, 0.5154707, 0.5148795, 0.5059314, 0.51411605, 0.5157708, 0.51393247, 0.5127762, 0.51088965, 0.5065193, 0.51369977, 0.5109951, 0.5143792, 0.51340204, 0.515436, 0.5139074, 0.514144, 0.51668257, 0.51266223, 0.51272726, 0.51233137, 0.5098112, 0.5069032, 0.507509, 0.5106073, 0.5111085, 0.5107866, 0.5108967, 0.5107681, 0.51718116, 0.51166016, 0.5139617, 0.5130704, 0.5108816, 0.51647645, 0.5103002, 0.50841963, 0.5098038, 0.5122415, 0.5121909, 0.5102031, 0.5147152, 0.510494, 0.5082984, 0.5084259, 0.5007972, 0.5006911, 0.5107127, 0.5112327, 0.509931, 0.5148711, 0.5133053, 0.5131112, 0.509743, 0.5094516, 0.5169015, 0.5084416, 0.51134026, 0.50721574, 0.50314534, 0.5097489, 0.50975764, 0.51576173, 0.5172466, 0.5180571, 0.50663, 0.5083385, 0.51132524, 0.5164388, 0.51104605, 0.5089297, 0.5109898, 0.51221895, 0.50683403, 0.5133992, 0.51271063, 0.5050188, 0.51576626, 0.51482594, 0.5133219, 0.51096326, 0.5118484, 0.51458967, 0.51448584, 0.5172956, 0.50924224, 0.5140358, 0.511551, 0.5123575, 0.5172736, 0.5152412, 0.5161945, 0.5149103, 0.5152032, 0.5097327, 0.5174375, 0.5154263, 0.5152528, 0.5183881, 0.51717824, 0.5184198, 0.5158251, 0.516603, 0.5153033, 0.51489866, 0.5145869, 0.51621217, 0.51689297, 0.5165694, 0.5157471, 0.5140591, 0.50554144, 0.5021794, 0.5095274, 0.51429504, 0.5132552, 0.51224, 0.51728696, 0.5104203, 0.50957173, 0.51002944, 0.5107542, 0.51148945, 0.51056474, 0.5139915, 0.5110115, 0.5092942, 0.5143362, 0.5130304, 0.5131951, 0.51325667, 0.51303494, 0.5109949, 0.5135678, 0.51353616, 0.5124092, 0.51237917, 0.51247424, 0.5134541, 0.51181746, 0.5103211, 0.5144476, 0.51032984, 0.51069224, 0.50879705, 0.49984384, 0.5105695, 0.5142547, 0.5160643, 0.5152169, 0.50373614, 0.51080644, 0.511646, 0.51090485, 0.5117418, 0.5167635, 0.51328945, 0.51127315, 0.51404357, 0.51306444]
[0.5030433, 0.506909, 0.50794894, 0.5057863, 0.5037051, 0.5019102, 0.5025614, 0.5015555, 0.50351787, 0.5031246, 0.50306, 0.5029744, 0.5024725, 0.5024843, 0.503865, 0.5013174, 0.5013999, 0.50333667, 0.50875056, 0.50888073, 0.50909036, 0.5097277, 0.5090805, 0.5084754, 0.50576895, 0.5088135, 0.5083374, 0.5084401, 0.51025456, 0.50836134, 0.51254904, 0.50619394, 0.51134837, 0.5134919, 0.5018596, 0.5085308, 0.508546, 0.5105841, 0.5053612, 0.50251096, 0.5016599, 0.50412726, 0.5045183, 0.50617504, 0.5068627, 0.5067789, 0.5043469, 0.50259435, 0.5073412, 0.50339097, 0.50250906, 0.5013838, 0.50924534, 0.5014637, 0.50607985, 0.5061884, 0.504459, 0.5015919, 0.50151795, 0.5021871, 0.5080555, 0.5073198, 0.5027448, 0.5111519, 0.51036894, 0.5102074, 0.50689405, 0.50759757, 0.51217073, 0.5101922, 0.5099256, 0.509659, 0.50856763, 0.50631076, 0.51172596, 0.5117404, 0.5121204, 0.50932014, 0.5115943, 0.5089435, 0.51183665, 0.51242226, 0.5119825, 0.51142114, 0.5099811, 0.51104796, 0.5091968, 0.5076448, 0.51053524, 0.51204944, 0.5098168, 0.5081462, 0.51229835, 0.5104551, 0.5101398, 0.51029444, 0.5114558, 0.51250273, 0.5112173, 0.5135705, 0.5126326, 0.51233774, 0.5121197, 0.51307297, 0.51300925, 0.51146305, 0.51297015, 0.5128149, 0.51274765, 0.5113961, 0.5137079, 0.51301974, 0.5116221, 0.5108988, 0.50564307, 0.51056796, 0.51194215, 0.51123166, 0.5097631, 0.5076983, 0.50342554, 0.51014376, 0.50813675, 0.51136565, 0.51096475, 0.51175106, 0.5105819, 0.5108165, 0.51234496, 0.50908864, 0.50952244, 0.50925905, 0.5068674, 0.50501996, 0.50569326, 0.50873256, 0.5079181, 0.50819796, 0.5078954, 0.50786746, 0.51278466, 0.50896525, 0.5106885, 0.50979704, 0.5082589, 0.512298, 0.50745535, 0.5062787, 0.5063871, 0.5091378, 0.50992906, 0.50799537, 0.51184046, 0.50920135, 0.50790536, 0.50645816, 0.5041515, 0.50470334, 0.5082586, 0.50865865, 0.506629, 0.5113193, 0.51026773, 0.50984126, 0.50591457, 0.5053987, 0.51226157, 0.5066953, 0.50846905, 0.50619245, 0.504336, 0.50748825, 0.50710374, 0.5125048, 0.5129905, 0.51327246, 0.50563663, 0.50657415, 0.50889176, 0.5125823, 0.50692534, 0.5069424, 0.50866246, 0.5094992, 0.5049562, 0.5104289, 0.51036495, 0.50316644, 0.5115171, 0.5109927, 0.5096497, 0.5079756, 0.5090552, 0.51105297, 0.51066977, 0.51232696, 0.507314, 0.51176816, 0.509287, 0.50969255, 0.51281846, 0.5112596, 0.5129044, 0.51138484, 0.51163256, 0.50721264, 0.5130047, 0.5117803, 0.51176095, 0.51417327, 0.51338446, 0.5133127, 0.5116516, 0.5128006, 0.5107488, 0.5112171, 0.51137936, 0.5130492, 0.512886, 0.51215464, 0.5125985, 0.5104768, 0.50233614, 0.50179756, 0.50734746, 0.51051074, 0.51017994, 0.50947195, 0.5130289, 0.50670063, 0.5063954, 0.50672895, 0.50761235, 0.508576, 0.5077717, 0.5105612, 0.50832134, 0.507013, 0.5107153, 0.5100949, 0.5101797, 0.5105916, 0.5105474, 0.5088484, 0.5108094, 0.51010036, 0.5087392, 0.50886697, 0.5100453, 0.51021713, 0.5092129, 0.5072106, 0.51113266, 0.5065127, 0.50873536, 0.50775284, 0.50495124, 0.5078592, 0.51083094, 0.51102495, 0.5114795, 0.50416565, 0.5086271, 0.5090055, 0.5083493, 0.50914663, 0.51269925, 0.5102785, 0.50782, 0.51098746, 0.51077753]
[0.50108427, 0.5042406, 0.5048678, 0.5035752, 0.502537, 0.50097203, 0.5017258, 0.5008065, 0.5017788, 0.5021493, 0.50358444, 0.50296026, 0.50347686, 0.50122124, 0.5057614, 0.50112265, 0.4998578, 0.5023694, 0.51399964, 0.5136986, 0.51527065, 0.5157057, 0.5126067, 0.5116191, 0.51017517, 0.51407987, 0.5129363, 0.51306367, 0.5156647, 0.513688, 0.5203097, 0.51000035, 0.51848143, 0.5216613, 0.5007582, 0.5139717, 0.5149227, 0.5175309, 0.50779516, 0.5010322, 0.5005202, 0.50692654, 0.5027534, 0.5037406, 0.504612, 0.5044937, 0.5031864, 0.50199723, 0.511093, 0.5061549, 0.50314444, 0.49996912, 0.5161517, 0.50115466, 0.5038003, 0.50439364, 0.50263435, 0.5000607, 0.5006209, 0.5033572, 0.51238966, 0.5114385, 0.5025849, 0.5167796, 0.5158164, 0.51647145, 0.51237744, 0.51204807, 0.52006245, 0.51596534, 0.5151643, 0.5144493, 0.51296806, 0.5099412, 0.51870376, 0.5193491, 0.52037764, 0.5151993, 0.5190091, 0.51510155, 0.51877594, 0.5191843, 0.51862025, 0.51775646, 0.51573694, 0.5182536, 0.5152625, 0.51335484, 0.51593643, 0.51934034, 0.5155145, 0.5131314, 0.5196323, 0.5170976, 0.5156585, 0.5154114, 0.5183781, 0.5198479, 0.5173813, 0.5226062, 0.52025163, 0.52002025, 0.52017605, 0.52076244, 0.521562, 0.51852727, 0.5203791, 0.52058816, 0.5203262, 0.51815933, 0.52235, 0.5199713, 0.51886994, 0.51769704, 0.50763714, 0.516466, 0.518808, 0.51742214, 0.51552486, 0.51254296, 0.50703853, 0.51619804, 0.5127911, 0.51849574, 0.5168721, 0.51860476, 0.51697975, 0.5173735, 0.5201169, 0.51509446, 0.51502115, 0.51521045, 0.5121645, 0.508056, 0.5088696, 0.5131844, 0.51281697, 0.5129873, 0.5130456, 0.512566, 0.5211718, 0.5142868, 0.51723963, 0.5157175, 0.5131089, 0.5201415, 0.51185, 0.51000553, 0.5110205, 0.51480365, 0.5153751, 0.51182127, 0.5187358, 0.51345575, 0.5108508, 0.50951827, 0.50316995, 0.5032373, 0.51317185, 0.51369995, 0.5112412, 0.51815987, 0.5161523, 0.51569456, 0.510108, 0.50853914, 0.52008533, 0.51049536, 0.51385516, 0.5100077, 0.50545603, 0.51193273, 0.51114595, 0.5189877, 0.5211624, 0.5223489, 0.5080829, 0.51029766, 0.5140551, 0.5200222, 0.5126552, 0.5106683, 0.51337856, 0.5153064, 0.5075975, 0.51626366, 0.51556337, 0.5052156, 0.5186201, 0.5175938, 0.5160532, 0.51296395, 0.5140112, 0.5175051, 0.51768726, 0.52119935, 0.51080775, 0.51727813, 0.5140321, 0.5149782, 0.52074605, 0.5183961, 0.5205279, 0.51812035, 0.5183186, 0.5109548, 0.5212561, 0.5190442, 0.51880664, 0.52255225, 0.52102107, 0.5221626, 0.51882464, 0.52032155, 0.5182087, 0.51839244, 0.5181863, 0.52008426, 0.52029645, 0.5200231, 0.519073, 0.51722604, 0.5028011, 0.5009385, 0.5115276, 0.517653, 0.51634604, 0.5152459, 0.5207541, 0.5121345, 0.5107776, 0.51148725, 0.51290625, 0.514055, 0.51227355, 0.5171163, 0.5131665, 0.5114483, 0.5172327, 0.51640743, 0.51637244, 0.5166402, 0.5160882, 0.51293975, 0.51658005, 0.5163792, 0.51505935, 0.5148442, 0.51610917, 0.5163209, 0.51488024, 0.51196337, 0.51771325, 0.5107669, 0.51398945, 0.51164806, 0.5026445, 0.5126022, 0.51730907, 0.5188385, 0.51878095, 0.5056141, 0.51310205, 0.5143457, 0.51259327, 0.5136467, 0.52018267, 0.51630306, 0.51327205, 0.5177296, 0.516283]
[0.5013686, 0.5051515, 0.5055934, 0.50359875, 0.5028305, 0.5017202, 0.5024545, 0.5013678, 0.50215566, 0.5019755, 0.5016924, 0.50176406, 0.50113595, 0.5006308, 0.502416, 0.5016337, 0.5009856, 0.5015649, 0.50713027, 0.5071301, 0.50790143, 0.50806487, 0.50659937, 0.50612897, 0.5049138, 0.5079463, 0.50729185, 0.50719863, 0.5084774, 0.50662684, 0.5100533, 0.50495684, 0.5097166, 0.51082456, 0.50122166, 0.5071708, 0.50753266, 0.5092003, 0.5030906, 0.50068474, 0.5004987, 0.503054, 0.50377834, 0.50500584, 0.50609595, 0.50638294, 0.5046337, 0.5010958, 0.5063457, 0.50240445, 0.5010962, 0.50136596, 0.5083706, 0.5018207, 0.5053246, 0.50585, 0.5027182, 0.50059736, 0.50107926, 0.50145423, 0.50695044, 0.5070285, 0.5015404, 0.5085227, 0.508089, 0.5085381, 0.5059435, 0.505723, 0.51018125, 0.5076181, 0.5076797, 0.5073474, 0.5065288, 0.50511956, 0.5096095, 0.50985116, 0.51017725, 0.50813425, 0.5097841, 0.5074556, 0.5096421, 0.50951946, 0.50935453, 0.50893664, 0.50819975, 0.5089108, 0.5082359, 0.5073466, 0.5082737, 0.5101054, 0.50780725, 0.5064092, 0.51023984, 0.5087212, 0.5082624, 0.50830543, 0.5093364, 0.51026666, 0.5087177, 0.5112434, 0.5101925, 0.5099186, 0.50983775, 0.51044655, 0.51072997, 0.50950795, 0.51038617, 0.51045024, 0.51015484, 0.50919485, 0.5110173, 0.51019406, 0.5095986, 0.50921077, 0.50349355, 0.50834525, 0.5094921, 0.5095229, 0.5080295, 0.50659734, 0.50359434, 0.508318, 0.50652647, 0.50934166, 0.5088943, 0.5094559, 0.508401, 0.5087188, 0.5102188, 0.507733, 0.5079089, 0.50763893, 0.5058947, 0.5043361, 0.50457805, 0.506934, 0.50694793, 0.50708055, 0.5069364, 0.5068278, 0.5107114, 0.5076425, 0.50898314, 0.5083628, 0.5066655, 0.51027143, 0.50644624, 0.5056345, 0.5054754, 0.5076457, 0.50779605, 0.5058621, 0.5092794, 0.50698566, 0.50536925, 0.50489265, 0.5053308, 0.5052422, 0.5067458, 0.50668836, 0.5057425, 0.5089741, 0.5080357, 0.50807405, 0.50422984, 0.5040651, 0.5104553, 0.50470906, 0.50756514, 0.50588274, 0.50273246, 0.50634587, 0.5062126, 0.5095243, 0.5102677, 0.5113542, 0.5045965, 0.50574565, 0.5071203, 0.510049, 0.50723755, 0.50473243, 0.50643724, 0.5076833, 0.50434095, 0.50821483, 0.5080174, 0.50222343, 0.50943166, 0.5091863, 0.50814253, 0.5066139, 0.5075231, 0.5090944, 0.50909907, 0.5102823, 0.5056865, 0.5089655, 0.5076558, 0.5080153, 0.51058096, 0.50930274, 0.51045847, 0.5091452, 0.50925845, 0.5054319, 0.5102473, 0.5095215, 0.5093588, 0.5114407, 0.5105421, 0.5111281, 0.5094904, 0.5101094, 0.5088846, 0.5092772, 0.5091907, 0.5100329, 0.5101576, 0.50977176, 0.5099361, 0.5089201, 0.50163466, 0.50123316, 0.5055724, 0.50862706, 0.5076762, 0.507339, 0.51053846, 0.5055133, 0.50517493, 0.5053214, 0.50632375, 0.5069571, 0.50671035, 0.5087139, 0.50622135, 0.50549465, 0.5088996, 0.5084076, 0.50825304, 0.50830793, 0.5082437, 0.5072847, 0.5085039, 0.5083515, 0.50772643, 0.50792235, 0.50808007, 0.5081936, 0.5072372, 0.5055198, 0.50892097, 0.506292, 0.5065737, 0.5048427, 0.50379914, 0.50683504, 0.5090618, 0.5097217, 0.50962275, 0.5034971, 0.50749385, 0.5076135, 0.5066969, 0.50760025, 0.51017725, 0.5088855, 0.50666136, 0.508744, 0.50801754]
[0.50057775, 0.50398713, 0.50450486, 0.5032522, 0.50207436, 0.5006709, 0.5014277, 0.50058043, 0.501379, 0.50271606, 0.5042064, 0.50355655, 0.5039255, 0.503017, 0.50505716, 0.5003593, 0.50198674, 0.5028769, 0.50935715, 0.50954556, 0.51024914, 0.510604, 0.5095568, 0.5088196, 0.50728303, 0.51005477, 0.5092058, 0.50964403, 0.5113868, 0.5094378, 0.51355016, 0.50726944, 0.5126186, 0.5144079, 0.5006325, 0.50933754, 0.5101802, 0.5119417, 0.50711185, 0.50217986, 0.5003857, 0.5046732, 0.5025842, 0.50366443, 0.50444305, 0.50414723, 0.50224835, 0.50221574, 0.50712454, 0.5044247, 0.50309116, 0.5009888, 0.5109333, 0.5004709, 0.50370485, 0.50423497, 0.50219685, 0.5014113, 0.5014062, 0.5033832, 0.5088631, 0.5080242, 0.5032497, 0.5119994, 0.51106817, 0.5116871, 0.50868684, 0.50894094, 0.51330876, 0.51090515, 0.5105931, 0.51077425, 0.5098716, 0.5061335, 0.5131398, 0.51332617, 0.51370317, 0.51060003, 0.513013, 0.51012605, 0.5127239, 0.5133738, 0.51306945, 0.5123106, 0.51085955, 0.5120517, 0.51044697, 0.50920296, 0.5114541, 0.5132662, 0.51081383, 0.50896966, 0.5132966, 0.5117034, 0.51097983, 0.5112468, 0.5125606, 0.513439, 0.5117869, 0.51471025, 0.5134533, 0.5134448, 0.51309276, 0.51377743, 0.5140178, 0.51245594, 0.51356924, 0.51380527, 0.5136803, 0.51243097, 0.51487625, 0.5136112, 0.51273674, 0.51223296, 0.5066303, 0.51172817, 0.512913, 0.5122491, 0.5103999, 0.5093825, 0.5054838, 0.5111284, 0.50925237, 0.51222324, 0.5113866, 0.5124735, 0.51161534, 0.5118404, 0.51336956, 0.5104742, 0.5105817, 0.5102863, 0.5081457, 0.50587195, 0.50654626, 0.509683, 0.5094164, 0.5096301, 0.50994074, 0.5093796, 0.51371515, 0.5101815, 0.5118144, 0.5109136, 0.50930375, 0.5137118, 0.5088932, 0.5078854, 0.5073314, 0.5099669, 0.5101319, 0.508936, 0.51233387, 0.5094242, 0.50747716, 0.50661474, 0.50284576, 0.5028017, 0.50911236, 0.50929064, 0.50772834, 0.51212096, 0.5109311, 0.51097625, 0.50774455, 0.50724, 0.5136134, 0.5074694, 0.5098572, 0.50620574, 0.5029784, 0.5084618, 0.5085514, 0.5134203, 0.51407635, 0.51444024, 0.5065121, 0.507665, 0.50945485, 0.51334673, 0.5088177, 0.5081216, 0.50967187, 0.5104983, 0.5042304, 0.5114405, 0.51103073, 0.50385, 0.5125599, 0.51218605, 0.5108091, 0.508936, 0.5102414, 0.51192427, 0.5119556, 0.5136967, 0.50819546, 0.5126265, 0.5102783, 0.5107279, 0.5139247, 0.5123765, 0.5135868, 0.51204157, 0.5119772, 0.50872225, 0.5138014, 0.51264143, 0.51251495, 0.5150211, 0.5139832, 0.5143668, 0.51258314, 0.513406, 0.51161456, 0.5121649, 0.51196617, 0.5133759, 0.5138732, 0.51349604, 0.5133333, 0.5115291, 0.504034, 0.5026736, 0.50851136, 0.5120656, 0.5110187, 0.51037204, 0.5138973, 0.50774443, 0.5067992, 0.50720674, 0.5078974, 0.5087799, 0.5088697, 0.5113977, 0.50900745, 0.507469, 0.5120426, 0.511055, 0.5111417, 0.5116109, 0.51150435, 0.5096213, 0.5116711, 0.5112103, 0.51039064, 0.5103102, 0.5107809, 0.51156926, 0.5100438, 0.50807905, 0.5118719, 0.50819683, 0.50940824, 0.50803226, 0.5026855, 0.5092177, 0.5116285, 0.51277685, 0.51241356, 0.5040634, 0.509572, 0.51028055, 0.50932014, 0.5103019, 0.51352376, 0.5114765, 0.50917363, 0.5115526, 0.51079583]
[0.50216717, 0.50511086, 0.50549823, 0.50387615, 0.5024823, 0.5018284, 0.5024174, 0.50154513, 0.5019492, 0.5016998, 0.5015459, 0.50157964, 0.5004471, 0.5012851, 0.5017645, 0.5019592, 0.50064725, 0.50054276, 0.51126593, 0.511023, 0.5124477, 0.5126492, 0.5093046, 0.5089526, 0.50741553, 0.512126, 0.5110058, 0.5114791, 0.5131277, 0.51039916, 0.51616853, 0.5077926, 0.515281, 0.51726013, 0.5018765, 0.5121077, 0.51196235, 0.51440066, 0.5025837, 0.5013257, 0.50084907, 0.5045675, 0.503525, 0.5043803, 0.50568616, 0.5055502, 0.5043043, 0.50076663, 0.5099361, 0.50222254, 0.5004859, 0.50117385, 0.5139701, 0.5014825, 0.504685, 0.5052804, 0.5027156, 0.5006475, 0.5011415, 0.501913, 0.5104265, 0.51102567, 0.5003429, 0.5134984, 0.5128548, 0.51310253, 0.50868744, 0.50888675, 0.51627856, 0.5119497, 0.5121522, 0.51118857, 0.50876904, 0.5078509, 0.51496196, 0.5154123, 0.5156603, 0.5124791, 0.51508325, 0.5121934, 0.51535225, 0.51511776, 0.51468474, 0.5143183, 0.5132485, 0.5145465, 0.5130492, 0.5114864, 0.51322526, 0.5156932, 0.5125033, 0.51006436, 0.5156641, 0.5141984, 0.5128294, 0.51195663, 0.5151924, 0.5162683, 0.5137578, 0.5180901, 0.5161526, 0.5157595, 0.51587516, 0.5170184, 0.51749134, 0.51494133, 0.5164061, 0.5168518, 0.5167044, 0.5148104, 0.51783055, 0.51655304, 0.5157277, 0.51513535, 0.50581026, 0.51289225, 0.51498854, 0.514449, 0.5120739, 0.5090346, 0.5050229, 0.5130932, 0.5096504, 0.5153344, 0.51429826, 0.5149874, 0.5130558, 0.513861, 0.51614827, 0.51191086, 0.51212204, 0.51188546, 0.510197, 0.5062331, 0.5065341, 0.5109223, 0.5104125, 0.5105147, 0.5107248, 0.51038563, 0.51716834, 0.5114948, 0.5142651, 0.51302695, 0.51050854, 0.5163091, 0.509727, 0.50853705, 0.5088318, 0.51236, 0.5127564, 0.5080962, 0.5149417, 0.51103175, 0.508644, 0.50816154, 0.50435936, 0.5041936, 0.5104887, 0.51100326, 0.509056, 0.5141989, 0.5126858, 0.51346916, 0.50649905, 0.5050538, 0.51630104, 0.5077724, 0.51118386, 0.50978917, 0.50560784, 0.5093425, 0.50838304, 0.51487607, 0.51624405, 0.5180734, 0.50643265, 0.5083722, 0.51148325, 0.5160932, 0.5098349, 0.5085898, 0.5108139, 0.51227707, 0.5063615, 0.51308227, 0.5124037, 0.50311625, 0.5149954, 0.5143229, 0.5126471, 0.51056194, 0.5112855, 0.51435083, 0.51421916, 0.5174247, 0.5077534, 0.51381063, 0.51193404, 0.5125744, 0.5169412, 0.5147966, 0.5167903, 0.51453865, 0.5146772, 0.5070036, 0.5167468, 0.51574427, 0.5148797, 0.51805085, 0.5166627, 0.51821274, 0.5151008, 0.5162828, 0.51460505, 0.51498485, 0.51482517, 0.5158606, 0.5156586, 0.5161122, 0.5160699, 0.5147691, 0.50034136, 0.5019576, 0.5080115, 0.51402974, 0.5132175, 0.5117691, 0.5163459, 0.50934446, 0.5086128, 0.5091566, 0.51074123, 0.51192176, 0.50974, 0.51393014, 0.5101509, 0.50836813, 0.5135659, 0.51338446, 0.51349926, 0.5136376, 0.5132701, 0.5106709, 0.5133384, 0.5131484, 0.51230985, 0.51227045, 0.5128803, 0.51280403, 0.5117786, 0.50880456, 0.5140377, 0.5083622, 0.51106215, 0.50837994, 0.5039533, 0.50965357, 0.51438373, 0.5154747, 0.51551574, 0.5062764, 0.51124513, 0.51249146, 0.51047975, 0.51108545, 0.51631385, 0.51349115, 0.5099666, 0.5146246, 0.5131874]
[0.5023002, 0.5051784, 0.5056955, 0.5043789, 0.50324506, 0.5019173, 0.50250953, 0.50179714, 0.5025232, 0.50016975, 0.50038403, 0.49997818, 0.5001179, 0.5009816, 0.5018613, 0.5022054, 0.5003374, 0.49993455, 0.50858957, 0.5081546, 0.5097062, 0.5096936, 0.5069482, 0.5067855, 0.5056243, 0.5087247, 0.5077762, 0.50812775, 0.5105844, 0.50938284, 0.51415205, 0.505775, 0.51247555, 0.51531976, 0.5015686, 0.5093882, 0.50967515, 0.5119488, 0.50254995, 0.5005113, 0.5014705, 0.50315315, 0.50355554, 0.5044404, 0.5054824, 0.50516146, 0.50351804, 0.50016016, 0.50588125, 0.50208557, 0.5004393, 0.5014923, 0.5112522, 0.50238365, 0.5049988, 0.5056292, 0.50335723, 0.5012792, 0.50116223, 0.5003582, 0.5074159, 0.50625503, 0.5004256, 0.5113472, 0.51056397, 0.5109525, 0.5065148, 0.5075027, 0.51418614, 0.5105939, 0.51027536, 0.51014227, 0.5080031, 0.50537413, 0.5128624, 0.513282, 0.5142524, 0.51027536, 0.51296127, 0.50986093, 0.5133314, 0.51350516, 0.5133972, 0.5124715, 0.510569, 0.51245046, 0.51055616, 0.5084189, 0.51092386, 0.5134849, 0.5103502, 0.5083625, 0.5138193, 0.5112956, 0.5102303, 0.50986606, 0.51271886, 0.5133471, 0.51191366, 0.515717, 0.5140452, 0.5135364, 0.5135808, 0.5145909, 0.5150305, 0.51278484, 0.51434875, 0.5143657, 0.51421666, 0.51250106, 0.51590574, 0.5140738, 0.51327485, 0.5128025, 0.504121, 0.5112809, 0.51297736, 0.5113609, 0.51013416, 0.5081071, 0.5030584, 0.51089096, 0.5080793, 0.5122196, 0.51138425, 0.5128475, 0.51140827, 0.5117667, 0.5142022, 0.5102488, 0.50994, 0.5096866, 0.50811577, 0.5033406, 0.50392026, 0.5084351, 0.50793755, 0.5083106, 0.5086572, 0.5080436, 0.51442146, 0.5093632, 0.511706, 0.51088214, 0.50799257, 0.51382035, 0.50758576, 0.50518185, 0.5073815, 0.5094183, 0.5099437, 0.50795126, 0.51281774, 0.50838375, 0.5064039, 0.5055194, 0.50345224, 0.50339556, 0.5083746, 0.5087702, 0.50669456, 0.51204807, 0.51055104, 0.51040035, 0.50726324, 0.5051853, 0.51418644, 0.50693905, 0.5092348, 0.5057902, 0.501548, 0.50730926, 0.5064333, 0.5134148, 0.5144755, 0.5157235, 0.50382406, 0.5061552, 0.50859433, 0.51367366, 0.50747526, 0.5063898, 0.508488, 0.509977, 0.5030875, 0.5108639, 0.510796, 0.5016083, 0.5126973, 0.51203614, 0.5105926, 0.5082412, 0.5085216, 0.5119501, 0.51213497, 0.51499665, 0.50522393, 0.51188606, 0.509447, 0.51031345, 0.5145397, 0.5124934, 0.5141497, 0.5121915, 0.5122333, 0.5066094, 0.51532227, 0.51283556, 0.51295304, 0.5165233, 0.5147073, 0.51560533, 0.5130227, 0.51400656, 0.5128176, 0.51261723, 0.5127464, 0.51391846, 0.5144308, 0.5144344, 0.5135194, 0.5120863, 0.50092494, 0.50106055, 0.5069692, 0.51194745, 0.51098526, 0.51026493, 0.51446414, 0.5061622, 0.50600076, 0.50619066, 0.5075354, 0.5084556, 0.5075699, 0.5114907, 0.5083749, 0.5072147, 0.5118095, 0.51104426, 0.51094234, 0.51119965, 0.5110255, 0.5085677, 0.51171815, 0.5111543, 0.50984186, 0.50980717, 0.51063293, 0.51157206, 0.50938344, 0.50684315, 0.51207924, 0.50635767, 0.5087682, 0.50709707, 0.50397605, 0.5074248, 0.5111609, 0.5126371, 0.51305455, 0.5003021, 0.5077961, 0.5096098, 0.50808537, 0.508821, 0.5143601, 0.510532, 0.50835305, 0.511818, 0.510579]
[0.500574, 0.5022946, 0.5028682, 0.5016308, 0.5004738, 0.5011456, 0.5003111, 0.50090873, 0.5002745, 0.50323933, 0.50300246, 0.50430703, 0.50417125, 0.5040865, 0.5051632, 0.5008829, 0.5024325, 0.5041183, 0.5088542, 0.5085284, 0.50950176, 0.50983983, 0.50855714, 0.50806016, 0.5070683, 0.50905836, 0.50792533, 0.50840497, 0.51052934, 0.50845385, 0.51378167, 0.50650865, 0.5126251, 0.514194, 0.5008637, 0.508976, 0.51035804, 0.5111632, 0.5051626, 0.50280124, 0.50135046, 0.50513595, 0.50090927, 0.50167644, 0.50242686, 0.5023743, 0.5008258, 0.503541, 0.50654835, 0.5046891, 0.5034825, 0.5020043, 0.5108996, 0.50066096, 0.5018766, 0.50253713, 0.5006623, 0.5024486, 0.50270396, 0.504735, 0.5073741, 0.5066233, 0.50326794, 0.51144165, 0.5103198, 0.51123893, 0.5085945, 0.5088512, 0.51312685, 0.5095306, 0.5096417, 0.5103403, 0.5093912, 0.5066604, 0.51256984, 0.5128949, 0.5132141, 0.50998634, 0.51235306, 0.50970745, 0.512449, 0.51305455, 0.51242036, 0.51163757, 0.5103692, 0.5121754, 0.5097008, 0.50838816, 0.51058835, 0.513004, 0.510441, 0.5085483, 0.5132877, 0.51125866, 0.5105379, 0.51004046, 0.5122685, 0.5129116, 0.51177907, 0.5148763, 0.5133101, 0.51312584, 0.51298, 0.5138469, 0.5133424, 0.51192623, 0.5130852, 0.51345515, 0.5133493, 0.5125917, 0.5147219, 0.51367134, 0.5124717, 0.51207525, 0.5052254, 0.5114909, 0.51242906, 0.51105547, 0.5100923, 0.50807256, 0.5038569, 0.51096106, 0.50901896, 0.51163536, 0.5112174, 0.51198274, 0.5110408, 0.51169693, 0.51295257, 0.5098349, 0.5099075, 0.50947016, 0.5084505, 0.50502044, 0.5057547, 0.50830054, 0.5084271, 0.508423, 0.50852317, 0.5081685, 0.51363635, 0.50959396, 0.5113356, 0.51065934, 0.50893825, 0.5126947, 0.5074448, 0.5064024, 0.5078688, 0.50975716, 0.5100267, 0.50932026, 0.5119194, 0.5084802, 0.5067209, 0.5065964, 0.5008569, 0.50111, 0.5080557, 0.5091848, 0.50818086, 0.5115463, 0.5105653, 0.5106864, 0.5072418, 0.5074725, 0.5132976, 0.5070096, 0.50902903, 0.50532943, 0.50313455, 0.5069756, 0.50613636, 0.51269567, 0.51361126, 0.5141428, 0.5054731, 0.5067558, 0.5089769, 0.5128983, 0.5073046, 0.50795645, 0.5094345, 0.5096182, 0.50458145, 0.5104648, 0.51031876, 0.5040242, 0.5124772, 0.5120996, 0.5102406, 0.50902784, 0.50924516, 0.5112736, 0.51123774, 0.51440525, 0.5072722, 0.51140994, 0.5093013, 0.51000756, 0.51364607, 0.51222086, 0.5125484, 0.5115577, 0.511771, 0.50701016, 0.5142859, 0.51278013, 0.51246995, 0.5145612, 0.51389575, 0.51416767, 0.5124699, 0.5134205, 0.512253, 0.511623, 0.5117147, 0.5126717, 0.51324207, 0.5134081, 0.5133409, 0.51121145, 0.50475717, 0.50286293, 0.50773746, 0.51207936, 0.51097685, 0.5100538, 0.5137807, 0.50850445, 0.50821996, 0.5083963, 0.50873154, 0.5095143, 0.5076361, 0.5109199, 0.5099051, 0.5072129, 0.5110683, 0.5103442, 0.5107174, 0.51111346, 0.51128733, 0.5082436, 0.5107742, 0.51065016, 0.5093792, 0.5095432, 0.5097268, 0.5115901, 0.50918627, 0.5073139, 0.5115604, 0.5079717, 0.5085915, 0.50744855, 0.50109816, 0.50727737, 0.51111245, 0.51278615, 0.51243085, 0.50413686, 0.50836074, 0.5093747, 0.50869346, 0.50946414, 0.5133373, 0.5105106, 0.5088975, 0.5114313, 0.5107754]
[0.5017002, 0.5053806, 0.50606996, 0.504136, 0.50291616, 0.50172156, 0.5023824, 0.5012179, 0.5024834, 0.5018634, 0.50147325, 0.50153023, 0.5014756, 0.5008085, 0.50224376, 0.5012867, 0.5007446, 0.5014032, 0.50807965, 0.50780857, 0.50826156, 0.5084494, 0.5070617, 0.50657433, 0.5056572, 0.50842124, 0.5076646, 0.5077549, 0.5093714, 0.5075376, 0.5115956, 0.50560904, 0.51086193, 0.51232654, 0.50133854, 0.5080684, 0.5082663, 0.5101525, 0.50354034, 0.50084496, 0.5004868, 0.50355387, 0.5034894, 0.5047957, 0.5059328, 0.5059031, 0.5042722, 0.50055665, 0.5063927, 0.50270903, 0.50118554, 0.50128764, 0.50931853, 0.5016562, 0.5052107, 0.5057756, 0.5028167, 0.50023264, 0.5004516, 0.5015769, 0.5075986, 0.5072547, 0.5012562, 0.5096862, 0.50905895, 0.50961846, 0.50687903, 0.5064727, 0.51152074, 0.508863, 0.50840986, 0.5083657, 0.50729597, 0.5058075, 0.51092184, 0.5110111, 0.51177865, 0.5089218, 0.510842, 0.50835747, 0.51077014, 0.51090366, 0.5107297, 0.51020455, 0.50903594, 0.51036453, 0.50909054, 0.5079353, 0.50913703, 0.51108885, 0.5087713, 0.50730413, 0.51152754, 0.50945663, 0.50893646, 0.5086434, 0.5108579, 0.5115711, 0.5097765, 0.51300675, 0.51168495, 0.5111689, 0.511231, 0.5117328, 0.5121816, 0.5106393, 0.51179904, 0.5119031, 0.511576, 0.51022303, 0.51266307, 0.5115049, 0.51097745, 0.5103689, 0.50415444, 0.5092746, 0.5104755, 0.5101251, 0.50873613, 0.50688994, 0.5034222, 0.5093237, 0.5074912, 0.5102391, 0.50996083, 0.51050997, 0.5096186, 0.5098049, 0.51153433, 0.5085948, 0.5087831, 0.50822157, 0.50705934, 0.5042022, 0.504758, 0.5075987, 0.50732094, 0.50731045, 0.50730157, 0.5072555, 0.51223665, 0.5081915, 0.51010746, 0.5093464, 0.50756425, 0.5114917, 0.5069439, 0.5057587, 0.5062843, 0.5082938, 0.5088062, 0.50648415, 0.51059586, 0.5077327, 0.5061033, 0.5050767, 0.50400734, 0.50408024, 0.50737566, 0.50765777, 0.5063625, 0.5100529, 0.5090563, 0.50914353, 0.5052641, 0.5044383, 0.51198894, 0.5059195, 0.50800216, 0.5061102, 0.5025006, 0.5069145, 0.5064277, 0.51093805, 0.5118981, 0.51260036, 0.50477576, 0.50600034, 0.50787306, 0.5113586, 0.50719357, 0.5062683, 0.50749797, 0.5084846, 0.50455517, 0.5091219, 0.5090354, 0.5020329, 0.51078063, 0.51006186, 0.5089885, 0.50738716, 0.5079255, 0.51017886, 0.51027936, 0.5122245, 0.5058575, 0.51008296, 0.50823694, 0.50874156, 0.51206833, 0.51052946, 0.5117202, 0.5101879, 0.5100104, 0.5057909, 0.5119807, 0.5106832, 0.5104677, 0.512945, 0.51196533, 0.5128883, 0.51066494, 0.5116104, 0.51021016, 0.5106539, 0.51045346, 0.5113398, 0.5113476, 0.5111188, 0.51127136, 0.5102533, 0.50132644, 0.500445, 0.50607556, 0.5097889, 0.5091319, 0.50856984, 0.51185876, 0.50652, 0.5058983, 0.50620705, 0.5069387, 0.50781906, 0.5070086, 0.5095961, 0.50735784, 0.50662035, 0.5095066, 0.50953186, 0.5094526, 0.50976145, 0.50941974, 0.50790304, 0.50961757, 0.50947404, 0.5086614, 0.50862265, 0.50913805, 0.50954986, 0.5082064, 0.5061196, 0.5101369, 0.50646454, 0.5075332, 0.5062913, 0.503772, 0.5068093, 0.50950116, 0.51053005, 0.51057196, 0.50332975, 0.5077928, 0.5084861, 0.5074601, 0.5084385, 0.51141894, 0.5095103, 0.50741106, 0.5095543, 0.5090581]
[0.5020969, 0.5057159, 0.50641096, 0.5041475, 0.5030918, 0.5014799, 0.50231737, 0.50166667, 0.5026027, 0.5006614, 0.5008838, 0.5000105, 0.5009547, 0.5016066, 0.500763, 0.5015566, 0.49978003, 0.5007581, 0.50826603, 0.5080704, 0.5092227, 0.5090768, 0.50686383, 0.50644994, 0.5056823, 0.5087768, 0.507175, 0.5074689, 0.5098278, 0.5082107, 0.51263034, 0.5055596, 0.5113563, 0.51387286, 0.5010486, 0.50889313, 0.5091487, 0.51085305, 0.5030545, 0.50009984, 0.50083447, 0.5032557, 0.5038507, 0.50518095, 0.506067, 0.50599843, 0.5039552, 0.5005583, 0.50582063, 0.5014472, 0.50010335, 0.5014769, 0.509751, 0.50201017, 0.5053886, 0.5058727, 0.5034314, 0.5010609, 0.50137895, 0.50032604, 0.50748914, 0.5065472, 0.5002801, 0.5099416, 0.50964797, 0.50966066, 0.50639206, 0.5070198, 0.5129085, 0.50957125, 0.5091106, 0.50906104, 0.5078634, 0.50582063, 0.5116003, 0.51177216, 0.5130474, 0.50936306, 0.5117077, 0.50927645, 0.5116197, 0.5118456, 0.51176304, 0.5112225, 0.5094208, 0.51114464, 0.50908685, 0.50760806, 0.5096841, 0.5122195, 0.50916827, 0.50773, 0.51205844, 0.51028097, 0.5098112, 0.5091602, 0.5113742, 0.5120996, 0.51102346, 0.5138248, 0.512966, 0.5124024, 0.5122151, 0.5127917, 0.5131741, 0.5114786, 0.5128483, 0.51277643, 0.5127265, 0.51144546, 0.51385224, 0.51259655, 0.51174825, 0.5111477, 0.5033977, 0.5102493, 0.5115956, 0.51053023, 0.5092613, 0.5072494, 0.50428975, 0.51006526, 0.5075203, 0.51109195, 0.510327, 0.5112655, 0.51041335, 0.5108147, 0.5123157, 0.5092672, 0.5094576, 0.50912994, 0.50720173, 0.50407135, 0.50450563, 0.5075494, 0.50741464, 0.5075849, 0.5077393, 0.5076623, 0.51282173, 0.50879526, 0.51040226, 0.5098433, 0.50793606, 0.5121771, 0.5069271, 0.5051764, 0.50675577, 0.5086766, 0.50947946, 0.50732124, 0.51143444, 0.50774455, 0.5058351, 0.5057309, 0.50395495, 0.50385773, 0.5078332, 0.50824726, 0.50692564, 0.5108622, 0.50967556, 0.5092786, 0.5063165, 0.50405645, 0.5130164, 0.50641, 0.5086071, 0.5056608, 0.50290084, 0.5067215, 0.50634295, 0.5118804, 0.51313317, 0.5139806, 0.50381833, 0.50543946, 0.5080505, 0.51237774, 0.5075304, 0.5060995, 0.5076708, 0.5092737, 0.5038138, 0.50986785, 0.5099133, 0.5016024, 0.5115134, 0.5109099, 0.5097502, 0.50763553, 0.5085904, 0.51083136, 0.5110258, 0.5132602, 0.505808, 0.5104662, 0.5084439, 0.50909626, 0.51256007, 0.5113587, 0.512298, 0.5110048, 0.51129925, 0.50620914, 0.5132102, 0.5116785, 0.51153046, 0.51414907, 0.5133104, 0.51398337, 0.51191837, 0.5125842, 0.5113215, 0.5112525, 0.51137, 0.51258427, 0.5127948, 0.5125164, 0.5120316, 0.51085734, 0.5008879, 0.50059956, 0.50677156, 0.5106757, 0.5101208, 0.5088878, 0.5131507, 0.5063419, 0.5064208, 0.5067953, 0.50754035, 0.5083808, 0.50711966, 0.5102836, 0.50846446, 0.50722176, 0.51076, 0.5099676, 0.50979996, 0.5099435, 0.50969666, 0.5080254, 0.5104126, 0.5100757, 0.50877774, 0.50866586, 0.5094528, 0.5097901, 0.50852776, 0.50736594, 0.5108647, 0.50633144, 0.50814974, 0.5063006, 0.5040159, 0.5076558, 0.51042044, 0.5113267, 0.51170635, 0.5017019, 0.50767547, 0.50884867, 0.5077963, 0.5090677, 0.5129122, 0.5100433, 0.50766253, 0.5107605, 0.5099937]
[0.502104, 0.5047611, 0.50532424, 0.503718, 0.5027831, 0.50225884, 0.5029213, 0.5020008, 0.5023822, 0.50137305, 0.50113386, 0.50059134, 0.50089854, 0.50147396, 0.50124484, 0.50219923, 0.5005787, 0.5005308, 0.508409, 0.5084214, 0.50903213, 0.5090047, 0.5069982, 0.506851, 0.50514346, 0.5091009, 0.50791645, 0.508228, 0.50989693, 0.5083889, 0.51229036, 0.50569785, 0.511493, 0.5133218, 0.5019951, 0.5089287, 0.50888306, 0.5109424, 0.50294465, 0.5003516, 0.50186497, 0.50220054, 0.50423306, 0.5051308, 0.5057461, 0.5056121, 0.50399613, 0.5004016, 0.506776, 0.5012678, 0.5005095, 0.5017158, 0.50998324, 0.501714, 0.50474507, 0.50543153, 0.5036908, 0.5014919, 0.50184697, 0.5004907, 0.50764936, 0.5074611, 0.50057876, 0.51015776, 0.5098891, 0.50983286, 0.5062531, 0.5059697, 0.5124642, 0.5093552, 0.5091652, 0.50877076, 0.50685453, 0.5052557, 0.5115475, 0.51185024, 0.5126443, 0.509585, 0.5116405, 0.50884163, 0.511691, 0.5114213, 0.5115945, 0.5111178, 0.5096212, 0.5109099, 0.5097147, 0.50837004, 0.5102362, 0.5122355, 0.5093874, 0.50773567, 0.5121451, 0.51025444, 0.5096181, 0.5092819, 0.5115587, 0.51215684, 0.51057565, 0.5138948, 0.51260227, 0.51193106, 0.5118038, 0.5127577, 0.5135441, 0.5116751, 0.5129156, 0.51265275, 0.51251966, 0.5108447, 0.51361656, 0.5125079, 0.51178485, 0.51124275, 0.50437546, 0.5098369, 0.5113177, 0.5111861, 0.50935, 0.50760835, 0.503464, 0.5101036, 0.50748026, 0.51120734, 0.5105206, 0.5115825, 0.5101721, 0.5102853, 0.5123611, 0.50930125, 0.50944304, 0.5087823, 0.5067582, 0.5034399, 0.5042226, 0.5083454, 0.5080404, 0.50814235, 0.50814587, 0.507814, 0.5132999, 0.5086265, 0.5107054, 0.5099557, 0.507917, 0.51264435, 0.5073827, 0.50565404, 0.5062032, 0.50907075, 0.509147, 0.50545067, 0.51136535, 0.5079859, 0.50625205, 0.50550115, 0.50439376, 0.5042936, 0.5079736, 0.5077852, 0.5059239, 0.5106594, 0.5094846, 0.50960845, 0.5038042, 0.5036734, 0.5127324, 0.5051878, 0.50879294, 0.50634736, 0.50350285, 0.50778717, 0.5074107, 0.51152605, 0.51285195, 0.5137163, 0.50552225, 0.50671, 0.50847507, 0.51226854, 0.5080774, 0.5059923, 0.50729454, 0.50923216, 0.5042088, 0.50976694, 0.5093721, 0.5015761, 0.51141846, 0.5107462, 0.5097465, 0.5079051, 0.50871, 0.5110526, 0.5108645, 0.512793, 0.50568277, 0.51059264, 0.50895137, 0.5094377, 0.512814, 0.5110996, 0.5125634, 0.511127, 0.51139194, 0.50604445, 0.5127679, 0.51139444, 0.51125383, 0.51427764, 0.513184, 0.5139145, 0.5113765, 0.5121848, 0.5108611, 0.5114194, 0.5114238, 0.51231754, 0.51232415, 0.51225, 0.5116952, 0.5110949, 0.50074327, 0.50079775, 0.5064353, 0.5103618, 0.50939363, 0.5085545, 0.5127801, 0.50584745, 0.5051151, 0.50568223, 0.5070199, 0.5079921, 0.5075326, 0.51032263, 0.5070964, 0.5066223, 0.51073086, 0.5099295, 0.5099079, 0.50996846, 0.5096182, 0.5087007, 0.51051533, 0.5100237, 0.5089411, 0.5092976, 0.5100693, 0.5094405, 0.508432, 0.5059819, 0.51097864, 0.5064015, 0.50776374, 0.5060613, 0.5041031, 0.50785166, 0.51057, 0.51144475, 0.5114364, 0.5034654, 0.50866604, 0.50894153, 0.5079959, 0.5089723, 0.51249707, 0.5103582, 0.5076122, 0.51050705, 0.50967103]
[0.5022226, 0.50578797, 0.50656253, 0.50517046, 0.5038424, 0.5021301, 0.5029958, 0.5024929, 0.5027954, 0.50091594, 0.50066495, 0.50116277, 0.50115854, 0.5007463, 0.50235194, 0.5023922, 0.5006171, 0.500845, 0.5062684, 0.50661093, 0.5072005, 0.50735503, 0.50617296, 0.5055415, 0.5041885, 0.506654, 0.505674, 0.506111, 0.5078851, 0.5065454, 0.51024604, 0.5042952, 0.5093365, 0.51073164, 0.50201815, 0.5062761, 0.50747645, 0.5086865, 0.50281775, 0.5005853, 0.5019974, 0.50230396, 0.50408804, 0.5051302, 0.50629574, 0.5060356, 0.50410527, 0.5008817, 0.50429153, 0.5021477, 0.50077975, 0.50147146, 0.50810796, 0.5024971, 0.5054218, 0.50619256, 0.5039291, 0.50080293, 0.5010288, 0.501738, 0.5052309, 0.50441015, 0.50075984, 0.50822526, 0.50740266, 0.508262, 0.50573146, 0.50573325, 0.50990176, 0.5071604, 0.50702995, 0.50732976, 0.5066059, 0.5032409, 0.5093757, 0.5097844, 0.51024413, 0.5073982, 0.5092568, 0.5073494, 0.5093078, 0.5096504, 0.5094257, 0.50873464, 0.5076941, 0.5089079, 0.5071341, 0.50621665, 0.5077299, 0.5097744, 0.50772256, 0.5063348, 0.50986516, 0.5085174, 0.50772977, 0.5077083, 0.50902647, 0.5097832, 0.5086364, 0.5111535, 0.5099342, 0.509717, 0.5096355, 0.5104482, 0.51011974, 0.50901943, 0.5099584, 0.51016814, 0.5099177, 0.5091204, 0.51095426, 0.5101331, 0.50919724, 0.5088141, 0.5027439, 0.5082597, 0.5096175, 0.50820816, 0.5076617, 0.5060125, 0.5020674, 0.50825536, 0.506338, 0.5084038, 0.50783324, 0.50926805, 0.5082353, 0.5086524, 0.5098361, 0.507645, 0.5074101, 0.50698024, 0.50574, 0.50253725, 0.50330824, 0.5059836, 0.5062515, 0.50629705, 0.50640434, 0.5060136, 0.5101645, 0.5069327, 0.508557, 0.50775576, 0.50610197, 0.50977117, 0.5052707, 0.5033817, 0.5056631, 0.5073716, 0.5072432, 0.50636595, 0.5088446, 0.50554276, 0.5035747, 0.5035699, 0.5041141, 0.5039556, 0.50612086, 0.50648415, 0.50545233, 0.5086548, 0.5075633, 0.50795907, 0.50479364, 0.5047366, 0.51019806, 0.50441235, 0.5063988, 0.50285745, 0.50044245, 0.50523376, 0.5045323, 0.5098013, 0.5103534, 0.5108226, 0.50325644, 0.50453573, 0.50649065, 0.5098371, 0.5058917, 0.504956, 0.5067702, 0.5074805, 0.5021044, 0.5077639, 0.5075925, 0.5017015, 0.5093691, 0.50884485, 0.5076887, 0.506306, 0.50697213, 0.50856066, 0.508448, 0.51045316, 0.5045161, 0.5084428, 0.50671226, 0.5072762, 0.51049834, 0.50897306, 0.5095616, 0.5087511, 0.5090053, 0.5050945, 0.5106178, 0.5093647, 0.5091528, 0.51118785, 0.5104873, 0.5109169, 0.5094373, 0.5100569, 0.5088906, 0.50900525, 0.50873065, 0.5095389, 0.51018655, 0.5102311, 0.5095327, 0.5083706, 0.5018392, 0.5003925, 0.5054809, 0.5087262, 0.5079319, 0.50740105, 0.5102529, 0.50580746, 0.5052101, 0.5055346, 0.5059088, 0.50670683, 0.5055749, 0.50809675, 0.50669867, 0.5047626, 0.50848544, 0.5077446, 0.5076851, 0.5078814, 0.50778097, 0.50605994, 0.5080292, 0.50803846, 0.50701267, 0.5071797, 0.5072579, 0.50820214, 0.50670505, 0.50535583, 0.5086289, 0.5055262, 0.5061346, 0.50466347, 0.50400746, 0.50542086, 0.50846976, 0.50965744, 0.5093569, 0.50118876, 0.50603855, 0.5068852, 0.50624835, 0.50686204, 0.5100597, 0.507693, 0.5062963, 0.5081654, 0.5073411]
[0.50156844, 0.5054047, 0.50601506, 0.50386274, 0.50291336, 0.50237906, 0.5029372, 0.5013273, 0.5016804, 0.50083655, 0.50062823, 0.5003988, 0.49986044, 0.50076306, 0.49996436, 0.5021044, 0.5001124, 0.49964103, 0.50726646, 0.5075924, 0.50833535, 0.50809395, 0.50636697, 0.5059089, 0.50455827, 0.5088308, 0.50737077, 0.50794554, 0.5095065, 0.5062996, 0.51080835, 0.5048409, 0.5107714, 0.5122162, 0.5013064, 0.50804603, 0.50761557, 0.50966644, 0.50200945, 0.5005454, 0.50012547, 0.5015539, 0.50417393, 0.50507855, 0.5066201, 0.5062433, 0.5045467, 0.50006765, 0.50649565, 0.5008487, 0.49954873, 0.50100636, 0.50876796, 0.5019979, 0.50495404, 0.5057417, 0.5031662, 0.5002833, 0.50109243, 0.5000398, 0.5073294, 0.50788033, 0.49982077, 0.5089521, 0.5089018, 0.50856453, 0.5059106, 0.5053743, 0.5111434, 0.5082996, 0.5078604, 0.50671077, 0.5061773, 0.50524986, 0.5098771, 0.5104697, 0.5107826, 0.5080659, 0.51010716, 0.5076749, 0.51036984, 0.5099197, 0.5104305, 0.50996953, 0.50923014, 0.509292, 0.50826687, 0.50714463, 0.5090044, 0.510962, 0.50818044, 0.5060144, 0.5107806, 0.5092089, 0.5086805, 0.5081137, 0.5100521, 0.5112365, 0.50946504, 0.5123825, 0.5109629, 0.5109995, 0.51053745, 0.51149166, 0.51232123, 0.50994974, 0.51172155, 0.51163787, 0.51156086, 0.5095773, 0.5120595, 0.5110598, 0.51069605, 0.5096871, 0.5034537, 0.508406, 0.5099159, 0.5101872, 0.5085205, 0.5055136, 0.50305015, 0.50875974, 0.5062616, 0.510746, 0.51021177, 0.5107095, 0.50885916, 0.50941616, 0.5110968, 0.5082167, 0.50824875, 0.5077503, 0.5059921, 0.5034868, 0.50410706, 0.50747013, 0.5072908, 0.50722635, 0.5074018, 0.50723064, 0.511865, 0.5073087, 0.5095987, 0.50857717, 0.5064441, 0.5113785, 0.50662994, 0.5051717, 0.50501394, 0.50800407, 0.508236, 0.504946, 0.5100277, 0.507088, 0.5057618, 0.5043156, 0.50486094, 0.5050299, 0.50637615, 0.5067922, 0.5051404, 0.5096058, 0.5083806, 0.508683, 0.50246334, 0.50161475, 0.51149106, 0.50439185, 0.5075972, 0.50684893, 0.5044771, 0.5067897, 0.5055191, 0.5103493, 0.51159656, 0.51261395, 0.50548714, 0.50606793, 0.50752056, 0.5107697, 0.50705135, 0.50440556, 0.5061558, 0.5085474, 0.5042687, 0.50821126, 0.5079621, 0.5005451, 0.5098015, 0.5092918, 0.50824374, 0.5066083, 0.5077968, 0.5098581, 0.5097049, 0.51158285, 0.50497526, 0.509448, 0.508142, 0.5086344, 0.5113017, 0.5098697, 0.5116876, 0.50981927, 0.51016974, 0.505106, 0.5110322, 0.5107799, 0.5096288, 0.5128546, 0.51200336, 0.5126199, 0.5103062, 0.5113588, 0.5092593, 0.51029444, 0.5100531, 0.51074857, 0.51035005, 0.51047385, 0.5106344, 0.5103111, 0.49982816, 0.5000704, 0.50504065, 0.5091578, 0.50816345, 0.5073101, 0.51152986, 0.50588477, 0.5051895, 0.50569427, 0.5068338, 0.5076074, 0.5066417, 0.50945395, 0.5062558, 0.5052738, 0.5090725, 0.5091603, 0.50938547, 0.50943506, 0.5088689, 0.50723505, 0.509257, 0.50897175, 0.50798863, 0.5081672, 0.5086125, 0.5084928, 0.5078717, 0.5058765, 0.5097236, 0.505688, 0.5069734, 0.5049219, 0.5035427, 0.50621307, 0.50920427, 0.50990844, 0.5102583, 0.5046453, 0.5082747, 0.5080447, 0.50704813, 0.50826675, 0.5112829, 0.50924563, 0.5056284, 0.5099549, 0.50863403]
[0.50204754, 0.50485414, 0.5052196, 0.5041447, 0.50301325, 0.5025353, 0.503167, 0.50273156, 0.50293577, 0.5000148, 0.5004867, 0.50060457, 0.50055826, 0.5011685, 0.5005991, 0.5027091, 0.5011783, 0.50060016, 0.50749767, 0.5074152, 0.50790405, 0.507484, 0.50601995, 0.5052732, 0.50420976, 0.50753564, 0.5068597, 0.5071133, 0.5091557, 0.50694495, 0.5115202, 0.5031841, 0.51112276, 0.51253194, 0.50194377, 0.50762707, 0.5082131, 0.5094498, 0.50120956, 0.50110793, 0.5013677, 0.5003741, 0.50459826, 0.5052833, 0.5063782, 0.5059709, 0.5043259, 0.50081885, 0.5043315, 0.5006548, 0.50059307, 0.5018425, 0.5092933, 0.50225323, 0.5052606, 0.50574946, 0.5039604, 0.5014126, 0.5017034, 0.5002668, 0.5060126, 0.5059033, 0.5009424, 0.50933254, 0.50797474, 0.5092008, 0.5062508, 0.50572705, 0.5116677, 0.5076821, 0.50747395, 0.5082972, 0.50654614, 0.50429493, 0.5109506, 0.51100373, 0.5116274, 0.50870484, 0.51086944, 0.5079237, 0.51056397, 0.5107054, 0.5108037, 0.5100555, 0.50875056, 0.51045835, 0.5083615, 0.507062, 0.50858355, 0.51111627, 0.50821775, 0.5058672, 0.51107246, 0.5090084, 0.5084444, 0.5077819, 0.5105987, 0.5109476, 0.5097791, 0.5133644, 0.51136935, 0.5114697, 0.51113576, 0.51170903, 0.5122843, 0.51071143, 0.51202655, 0.51172155, 0.5112793, 0.5103582, 0.51313037, 0.5117551, 0.51076514, 0.5106354, 0.50139326, 0.509408, 0.5103786, 0.5099276, 0.5082757, 0.50541776, 0.5011765, 0.5094138, 0.50727975, 0.5095756, 0.5091714, 0.5105347, 0.5089794, 0.5095186, 0.51099294, 0.5077176, 0.5080539, 0.5074611, 0.5066273, 0.50146735, 0.50183403, 0.5069998, 0.5066423, 0.50676006, 0.5066455, 0.50639164, 0.5125961, 0.5074609, 0.50984, 0.50906765, 0.50685215, 0.5110448, 0.50598073, 0.5040594, 0.5055927, 0.507923, 0.50835943, 0.5060895, 0.509786, 0.50651246, 0.50457895, 0.5034484, 0.50446326, 0.5045375, 0.5061869, 0.5067893, 0.50591576, 0.50955486, 0.5086123, 0.5085376, 0.504128, 0.5048397, 0.5119834, 0.5030552, 0.5081258, 0.5044643, 0.5013032, 0.5059062, 0.50470304, 0.5105329, 0.51190895, 0.51293355, 0.50405794, 0.50535446, 0.5071608, 0.5108478, 0.50579697, 0.50473964, 0.5066391, 0.50795746, 0.50125706, 0.50874543, 0.5085348, 0.5003718, 0.51074827, 0.51032734, 0.5081962, 0.5072618, 0.50732994, 0.5097269, 0.50995725, 0.5124353, 0.50470173, 0.50933754, 0.50733125, 0.5081168, 0.5122518, 0.510328, 0.5113062, 0.509994, 0.5100029, 0.50473595, 0.5125354, 0.5105977, 0.51077807, 0.51283944, 0.5124046, 0.51298213, 0.510524, 0.51138544, 0.51025444, 0.5102749, 0.51013494, 0.5104816, 0.511238, 0.51106495, 0.51170737, 0.51023334, 0.500532, 0.5005548, 0.5047798, 0.5098509, 0.50825465, 0.50753933, 0.5119705, 0.5058074, 0.50507617, 0.50523335, 0.50647306, 0.5072473, 0.506352, 0.5091838, 0.5070064, 0.50472546, 0.5088277, 0.50883645, 0.50896037, 0.5091346, 0.5089746, 0.50744236, 0.50945216, 0.50911117, 0.50830394, 0.508559, 0.50860876, 0.5091001, 0.5073216, 0.504842, 0.5096183, 0.50553113, 0.5064875, 0.5051383, 0.50420105, 0.5057564, 0.5093089, 0.5103783, 0.5107363, 0.5025763, 0.5073028, 0.5073281, 0.50676507, 0.508265, 0.5114397, 0.50891304, 0.5067445, 0.5097573, 0.50852084]
[0.49949047, 0.50234514, 0.5030268, 0.50140107, 0.50030255, 0.49905598, 0.4998825, 0.49916646, 0.49963424, 0.5009851, 0.5007623, 0.5014465, 0.5006627, 0.500321, 0.5028135, 0.49892503, 0.4994174, 0.50097114, 0.5086748, 0.50831574, 0.50932175, 0.5091773, 0.5070762, 0.5063365, 0.50526196, 0.50829405, 0.50713575, 0.507559, 0.5100847, 0.5079394, 0.5135674, 0.50541526, 0.5125195, 0.5144418, 0.4989822, 0.50855106, 0.50929576, 0.51108086, 0.50345343, 0.5000889, 0.49912503, 0.50332266, 0.50100815, 0.5019054, 0.502596, 0.50255054, 0.50094414, 0.5005415, 0.50630504, 0.5021489, 0.5006078, 0.49958408, 0.50992393, 0.4994015, 0.5016856, 0.50241256, 0.5008519, 0.49931952, 0.49925533, 0.5017901, 0.5069266, 0.50618225, 0.5010467, 0.5106568, 0.50999796, 0.5103309, 0.5071652, 0.5069357, 0.51335496, 0.5092809, 0.5089527, 0.5088776, 0.5077256, 0.5057841, 0.51240724, 0.51282305, 0.51319534, 0.5096024, 0.5123013, 0.5093532, 0.5122885, 0.5125372, 0.51201767, 0.5113232, 0.51020783, 0.51154953, 0.50918025, 0.5076122, 0.50987816, 0.5128356, 0.5096454, 0.50754625, 0.5132245, 0.5111331, 0.50973046, 0.5091188, 0.5122262, 0.51305115, 0.5114345, 0.5151585, 0.51335615, 0.5133949, 0.51318187, 0.5138704, 0.51378065, 0.5119376, 0.5135524, 0.5133224, 0.51334274, 0.5117919, 0.51498324, 0.51367205, 0.512402, 0.51216775, 0.50391424, 0.51088774, 0.5128004, 0.5109928, 0.509458, 0.5068486, 0.5012616, 0.51038545, 0.5078274, 0.51165766, 0.51111525, 0.51191574, 0.5102723, 0.51084954, 0.5130367, 0.50947607, 0.5095049, 0.5089292, 0.50757015, 0.5036224, 0.50471854, 0.5071974, 0.50756896, 0.5076512, 0.50739366, 0.5071836, 0.51399165, 0.50842613, 0.5110222, 0.50997293, 0.5079108, 0.51299995, 0.5067218, 0.5052445, 0.5068638, 0.5096777, 0.510031, 0.50710696, 0.51191366, 0.5077984, 0.5059043, 0.5061389, 0.5007039, 0.50070983, 0.50767696, 0.5086752, 0.50635046, 0.5113331, 0.50987715, 0.51021105, 0.5058964, 0.5055566, 0.5133148, 0.50548506, 0.5079931, 0.5056508, 0.50312924, 0.50639755, 0.50520366, 0.5124982, 0.5137756, 0.5143569, 0.50331545, 0.50533026, 0.5085124, 0.5127823, 0.5069715, 0.50681543, 0.5087416, 0.50897694, 0.5041879, 0.510026, 0.5097015, 0.50203997, 0.5123344, 0.51178795, 0.5098068, 0.50815684, 0.5086979, 0.51134723, 0.5109772, 0.5144681, 0.50635415, 0.5106382, 0.5082197, 0.5091267, 0.51393914, 0.5119239, 0.51342094, 0.5118996, 0.51184314, 0.5057166, 0.51448387, 0.5123597, 0.5121526, 0.5148413, 0.5140536, 0.51479155, 0.5125699, 0.5138658, 0.5116588, 0.51129717, 0.5116649, 0.51257145, 0.5138214, 0.51333535, 0.5130789, 0.51134235, 0.50153667, 0.49960905, 0.50645435, 0.5113041, 0.51033044, 0.509576, 0.5137865, 0.5074473, 0.5072306, 0.5074624, 0.50834906, 0.50911, 0.5066465, 0.51095295, 0.5087955, 0.5067277, 0.51102227, 0.50988495, 0.50975025, 0.5101559, 0.50994885, 0.5076249, 0.5105192, 0.5099901, 0.50867707, 0.5090192, 0.50967336, 0.51055855, 0.5083022, 0.507029, 0.5114698, 0.5064588, 0.50797766, 0.5062219, 0.50063753, 0.50711334, 0.51119655, 0.5129082, 0.51269484, 0.5018022, 0.5076419, 0.50874364, 0.508404, 0.5092268, 0.51364785, 0.5102328, 0.50775605, 0.511267, 0.5102055]
