[0.5071232, 0.50237286, 0.5024695, 0.50826097, 0.5007635, 0.50133896, 0.5088268, 0.5030145, 0.5015255, 0.5073688, 0.50012434, 0.5009859, 0.50095636, 0.5088335, 0.5073253, 0.5092366, 0.5019804, 0.4999988, 0.50332177, 0.5078353, 0.5076565, 0.5033329, 0.5011533, 0.5044744, 0.50554067, 0.5083494, 0.5046289, 0.5042399, 0.5000294, 0.51371473, 0.50365216, 0.5004239, 0.5004129, 0.5054148, 0.50101715, 0.50130403, 0.502015, 0.5020632, 0.50197667, 0.5005565, 0.50148857, 0.5049967, 0.50857085, 0.50798315, 0.5015844, 0.5008568, 0.500987, 0.5047135, 0.5044427, 0.50092673, 0.50128084, 0.50079787, 0.50079703, 0.5086029, 0.5094244, 0.50967824, 0.50627357, 0.50500166, 0.50352407, 0.50509596, 0.5083124, 0.5024431, 0.5059181, 0.5090636, 0.5113778, 0.5068641, 0.5040957, 0.5036765, 0.50104487, 0.5083928, 0.5045888, 0.5054982, 0.5018921, 0.5018381, 0.50509876, 0.50270575, 0.50211084, 0.5047774, 0.50457954, 0.5067583, 0.5088004, 0.5063299, 0.5075085, 0.50573814, 0.50320584, 0.5014336, 0.5102676, 0.5062325, 0.50549006, 0.5095336, 0.5010196, 0.5025564, 0.5012393, 0.50524807, 0.50089866, 0.5021736, 0.5022612, 0.5060462, 0.5053224, 0.50572264, 0.5066846, 0.50774735, 0.51189, 0.5150036, 0.513689, 0.512601, 0.51470435, 0.512055, 0.51705325, 0.51557183, 0.5146334, 0.5157171, 0.51191336, 0.5104499, 0.51067734, 0.5165303, 0.51553726, 0.5160675, 0.5118398, 0.5128043, 0.5125614, 0.5122772, 0.5107509, 0.50931823, 0.512446, 0.5131635, 0.5125271, 0.5132402, 0.51347333, 0.513751, 0.51131, 0.5123505, 0.514064, 0.51364696, 0.5126351, 0.5144307, 0.51464397, 0.51478046, 0.51266074, 0.5131258, 0.5140705, 0.5149786, 0.51581985, 0.51403064, 0.5146801, 0.51596975, 0.5138861, 0.51362604, 0.5138527, 0.5162731, 0.5102619, 0.5144591, 0.51271176, 0.515897, 0.5146946, 0.5126758, 0.51142746, 0.5173403, 0.5147782, 0.5137202, 0.5126373, 0.5083667, 0.5085948, 0.51225525, 0.51253045, 0.5119007, 0.5152942, 0.5138358, 0.5127218, 0.51234746, 0.51232123, 0.5139205, 0.5136254, 0.5134584, 0.5151436, 0.51382124, 0.51399004, 0.51592475, 0.5144845, 0.51379687, 0.51478976, 0.51374024, 0.51320475, 0.5143742, 0.5138998, 0.51579016, 0.51410294, 0.51381665, 0.514522, 0.513533, 0.5136092, 0.51250726, 0.5146877, 0.51333404, 0.5134205, 0.5123475, 0.51540947, 0.51415014, 0.5125118, 0.51227206, 0.5150408, 0.5154697, 0.51611656, 0.5141338, 0.51443666, 0.5130703, 0.5124451, 0.5125072, 0.51409, 0.5141991, 0.5164071, 0.5148041, 0.5148663, 0.51503813, 0.5129674, 0.513254, 0.5151819, 0.51404816, 0.515867, 0.516115, 0.5145794, 0.5146934, 0.5140261, 0.514498, 0.5154572, 0.51550645, 0.514737, 0.5129443, 0.51034063, 0.516462, 0.51578325, 0.51260626, 0.51359344, 0.5142284, 0.51310915, 0.5131983, 0.5155518, 0.5154343, 0.5126045, 0.5155716, 0.5155565, 0.51489145, 0.51405805, 0.5137315, 0.51179373, 0.5158445, 0.51220447, 0.5132238, 0.51502836, 0.5149491, 0.51141024, 0.515925, 0.5122739, 0.51222444, 0.51147956, 0.51158834, 0.5147703, 0.5158632, 0.515514, 0.51596534, 0.5121244, 0.514788, 0.5149796, 0.512303, 0.5148851, 0.51458627, 0.5148189, 0.51344424, 0.5128336, 0.51530945, 0.5102574, 0.51465666, 0.51305854, 0.51552224, 0.51561636, 0.5139785, 0.51633304, 0.5141172, 0.51285404, 0.5140576, 0.5157978, 0.51547253, 0.51340586, 0.5155004, 0.5159665, 0.5151576, 0.514838, 0.51458496, 0.51495725, 0.51557, 0.51359284, 0.51331, 0.5137334, 0.51437557, 0.51535964, 0.5136636, 0.5142642, 0.515954, 0.51369715, 0.51540077, 0.5150252, 0.5160379, 0.51123244, 0.5152519, 0.51134455, 0.51207674, 0.514016]
[0.5071814, 0.5005046, 0.50051284, 0.50700194, 0.501757, 0.50151426, 0.50827384, 0.50149333, 0.5016253, 0.5084005, 0.5013638, 0.50050586, 0.50108147, 0.50570446, 0.5039124, 0.5093406, 0.5001188, 0.50100505, 0.50338626, 0.50621897, 0.5067229, 0.5002733, 0.50143844, 0.50091547, 0.5031664, 0.5069759, 0.5017021, 0.50396496, 0.501053, 0.5126798, 0.50201565, 0.50084627, 0.50183606, 0.5035301, 0.49992388, 0.50239736, 0.50232804, 0.50161266, 0.50207794, 0.5004525, 0.5006128, 0.50154924, 0.5061609, 0.50901437, 0.50014496, 0.5011245, 0.50158197, 0.5015197, 0.5014417, 0.5010883, 0.5012615, 0.5010916, 0.5002834, 0.5075187, 0.5090355, 0.5096993, 0.5025916, 0.5016825, 0.49996364, 0.5007628, 0.50681543, 0.50004256, 0.50589013, 0.5072709, 0.51148874, 0.5072351, 0.50010866, 0.4999295, 0.49979922, 0.50884694, 0.5049666, 0.5049753, 0.49996984, 0.500104, 0.5017322, 0.50292706, 0.5013938, 0.5004089, 0.5023471, 0.5072753, 0.50925386, 0.50459754, 0.509065, 0.5025132, 0.5003097, 0.50085783, 0.50950664, 0.500788, 0.50333047, 0.5091071, 0.4996297, 0.5022201, 0.5006489, 0.50553846, 0.502024, 0.5020817, 0.5026149, 0.5059969, 0.5040234, 0.5070827, 0.5060701, 0.50658464, 0.5121782, 0.5146111, 0.5128523, 0.51168066, 0.51487625, 0.5117322, 0.51755196, 0.51546896, 0.5143315, 0.51638246, 0.5110257, 0.5102363, 0.5107459, 0.5158264, 0.51477194, 0.51574457, 0.5117658, 0.51293397, 0.5130301, 0.5124345, 0.5105213, 0.50950134, 0.51240224, 0.5129801, 0.5125139, 0.51207304, 0.5132483, 0.51404417, 0.51251346, 0.51185113, 0.51413405, 0.513406, 0.51270825, 0.51511467, 0.51495326, 0.51488876, 0.51270074, 0.5138455, 0.51483583, 0.51451105, 0.5159808, 0.5140957, 0.5144227, 0.51589864, 0.5148083, 0.5144361, 0.5129794, 0.51651424, 0.5086084, 0.51492196, 0.5133852, 0.51544964, 0.51410174, 0.5112491, 0.5108966, 0.5182473, 0.51490957, 0.513847, 0.5120072, 0.50832385, 0.5087798, 0.51119477, 0.5122244, 0.51150477, 0.51579815, 0.51348406, 0.5123315, 0.51184607, 0.5120748, 0.5150218, 0.51398116, 0.5134479, 0.5158876, 0.51335746, 0.5146179, 0.5162784, 0.5151706, 0.51466686, 0.5149831, 0.51405895, 0.51337934, 0.51489496, 0.5133284, 0.5163012, 0.5144328, 0.5140417, 0.51563305, 0.5140132, 0.5139322, 0.51245356, 0.51460415, 0.5139917, 0.5126475, 0.5107358, 0.5158322, 0.51493186, 0.5125432, 0.5119645, 0.5151782, 0.5150011, 0.5156714, 0.5142073, 0.5142031, 0.51399213, 0.5132564, 0.5129521, 0.5145217, 0.51487195, 0.5171109, 0.5149731, 0.5148487, 0.5144771, 0.5135679, 0.5126866, 0.51514554, 0.5139904, 0.5158826, 0.51626736, 0.5156596, 0.51448965, 0.5132731, 0.5152791, 0.5158333, 0.51529366, 0.51460016, 0.51415706, 0.51076114, 0.5164133, 0.5155158, 0.5122954, 0.5132012, 0.51349366, 0.5124724, 0.5132362, 0.5151503, 0.5159048, 0.5115473, 0.5152773, 0.51533854, 0.5143909, 0.51368165, 0.5136715, 0.5122279, 0.51631945, 0.5131811, 0.51230705, 0.5157403, 0.5161255, 0.5111716, 0.5160175, 0.5116034, 0.5115918, 0.5106034, 0.51104814, 0.51474994, 0.5153364, 0.51586497, 0.5164518, 0.5119284, 0.51529074, 0.5147484, 0.51253283, 0.5152428, 0.5135562, 0.514187, 0.5125503, 0.5132358, 0.5154524, 0.51088697, 0.51448405, 0.5133869, 0.5152795, 0.51542795, 0.5153787, 0.5163856, 0.51447755, 0.5122585, 0.5136739, 0.5161596, 0.51604044, 0.5121084, 0.51544493, 0.515466, 0.5143684, 0.5153165, 0.51453066, 0.51573616, 0.5158074, 0.5140483, 0.5143661, 0.51317966, 0.51451325, 0.51454604, 0.51348096, 0.5133706, 0.5167346, 0.51278424, 0.5160717, 0.5155985, 0.51640934, 0.5107565, 0.5147276, 0.5111517, 0.51191366, 0.5143226]
[0.507688, 0.5014517, 0.50180906, 0.510697, 0.50288814, 0.5023555, 0.50785416, 0.5015352, 0.5004384, 0.50584954, 0.5027948, 0.50101465, 0.50096, 0.50848055, 0.5076949, 0.50998515, 0.5039051, 0.5012592, 0.5044869, 0.5062821, 0.5062921, 0.50535065, 0.50194746, 0.50516784, 0.5056844, 0.50802183, 0.50674987, 0.5068098, 0.50128436, 0.5146937, 0.5012764, 0.5030459, 0.501599, 0.50855285, 0.50393325, 0.5033576, 0.5038653, 0.502898, 0.50541574, 0.5014834, 0.50148803, 0.5047536, 0.5080964, 0.5087018, 0.50053585, 0.5019857, 0.5023471, 0.5054874, 0.5041481, 0.50074893, 0.50144947, 0.50025326, 0.50052994, 0.5089591, 0.50984013, 0.51035523, 0.505849, 0.50593007, 0.5017301, 0.5030879, 0.5078771, 0.5013858, 0.5063187, 0.5107131, 0.5129683, 0.50701153, 0.5052811, 0.5053477, 0.50220066, 0.5079812, 0.5042086, 0.5058749, 0.50237185, 0.5020876, 0.5066517, 0.50209975, 0.50053084, 0.50585973, 0.50468117, 0.50781673, 0.5097701, 0.50528944, 0.5088599, 0.5056353, 0.50167197, 0.50065875, 0.5111187, 0.507138, 0.50823635, 0.50964504, 0.50029737, 0.50432354, 0.5007223, 0.5054688, 0.50101006, 0.5033044, 0.5040093, 0.5058859, 0.5043919, 0.50692075, 0.50769895, 0.5073991, 0.51317096, 0.51633817, 0.5151771, 0.51412016, 0.5165784, 0.5133979, 0.5190931, 0.51722276, 0.51545763, 0.51666677, 0.51287985, 0.51138717, 0.5116971, 0.51765776, 0.51665044, 0.51715535, 0.5146221, 0.51374567, 0.51366186, 0.51429844, 0.5119249, 0.5117054, 0.51437265, 0.51570183, 0.51446664, 0.5145662, 0.5149881, 0.51529026, 0.513572, 0.5142188, 0.51619524, 0.51597595, 0.5139743, 0.5154374, 0.51660675, 0.5171668, 0.51466376, 0.5139159, 0.5159886, 0.5165299, 0.5175709, 0.5150342, 0.51591796, 0.51699704, 0.51489156, 0.5153714, 0.5154564, 0.5181533, 0.5106036, 0.5167777, 0.515405, 0.51690334, 0.5163138, 0.51359487, 0.51263344, 0.5201535, 0.5165472, 0.5152951, 0.51383954, 0.5101889, 0.51007026, 0.5130551, 0.514155, 0.5129934, 0.5179242, 0.5153958, 0.51426077, 0.5137736, 0.5140635, 0.5162934, 0.5149478, 0.5146379, 0.5157208, 0.51535016, 0.51621145, 0.5175591, 0.5164832, 0.5163353, 0.51726985, 0.5167038, 0.51581115, 0.5150595, 0.51482016, 0.5171141, 0.5154139, 0.51549363, 0.5163593, 0.5150595, 0.51498604, 0.5150461, 0.51569074, 0.51523745, 0.5145962, 0.51244074, 0.5172393, 0.5163646, 0.5144358, 0.51372856, 0.5162529, 0.5164267, 0.5168266, 0.5156135, 0.51641524, 0.5146932, 0.5136886, 0.51357967, 0.51539683, 0.5156026, 0.51793605, 0.5169671, 0.5168661, 0.5169576, 0.5134264, 0.5143184, 0.5163064, 0.5146862, 0.5166085, 0.5167107, 0.5164625, 0.51578444, 0.5155319, 0.5165834, 0.5176105, 0.5168318, 0.5155631, 0.5140692, 0.51145923, 0.51751983, 0.5169943, 0.51346046, 0.51395816, 0.51465964, 0.513748, 0.51425433, 0.51648456, 0.5172948, 0.51327556, 0.517648, 0.5175006, 0.51712734, 0.5160786, 0.5160785, 0.5133581, 0.5172702, 0.5139796, 0.514901, 0.5167671, 0.5169477, 0.5122762, 0.5175721, 0.5140114, 0.51387584, 0.5134196, 0.51381844, 0.51582515, 0.5165869, 0.5174044, 0.51814365, 0.51267743, 0.51612693, 0.5155448, 0.5145052, 0.5167361, 0.5158712, 0.51647365, 0.5146389, 0.5149716, 0.5168807, 0.51224935, 0.5160757, 0.5131733, 0.5167259, 0.5166312, 0.51524717, 0.5183518, 0.51688814, 0.51408607, 0.51516616, 0.5178568, 0.51714253, 0.51405126, 0.5168448, 0.51685715, 0.51619434, 0.5171283, 0.5168825, 0.51750076, 0.5173882, 0.5157844, 0.515728, 0.51438993, 0.516696, 0.51745427, 0.5137489, 0.5145039, 0.5174276, 0.51568127, 0.51763016, 0.5170639, 0.51741374, 0.512411, 0.5167745, 0.51146084, 0.51245767, 0.51570976]
[0.50342077, 0.4999789, 0.49972215, 0.505184, 0.5016542, 0.5015639, 0.5050261, 0.50038725, 0.50030625, 0.5050608, 0.50142676, 0.5005789, 0.5009553, 0.5035186, 0.5024721, 0.5075515, 0.49968544, 0.5004245, 0.5016308, 0.5028956, 0.5030785, 0.50013214, 0.50125456, 0.50096494, 0.5017586, 0.5047443, 0.5012896, 0.501705, 0.5008737, 0.5106311, 0.50061905, 0.5009637, 0.501488, 0.50325716, 0.50015926, 0.50166464, 0.50201535, 0.50136864, 0.50240225, 0.5008583, 0.49987057, 0.50078875, 0.50399786, 0.5065609, 0.4998328, 0.5009055, 0.50135034, 0.5007566, 0.5012705, 0.50071645, 0.5011994, 0.5005872, 0.50038624, 0.5052024, 0.50716454, 0.50756276, 0.5024427, 0.5007967, 0.49977076, 0.50031453, 0.5040214, 0.49986055, 0.5043295, 0.50640965, 0.5098459, 0.50490993, 0.4999302, 0.4998757, 0.49979934, 0.5060991, 0.5011679, 0.5028553, 0.49984235, 0.5003954, 0.5001095, 0.5015117, 0.50109327, 0.50073487, 0.50115347, 0.5049682, 0.5071425, 0.50242686, 0.5067017, 0.5009697, 0.49985686, 0.5006159, 0.50748503, 0.50139546, 0.5033766, 0.5069684, 0.4996119, 0.5018003, 0.50070024, 0.5015639, 0.50151706, 0.5021177, 0.5022889, 0.50307417, 0.5017832, 0.5031892, 0.5032985, 0.5041376, 0.5101443, 0.5121797, 0.5111098, 0.50997454, 0.512882, 0.50938, 0.5152879, 0.51355684, 0.5123323, 0.5141128, 0.50956273, 0.5082067, 0.5087931, 0.51364887, 0.5126637, 0.5133783, 0.5100893, 0.51078403, 0.51061356, 0.51031697, 0.50864094, 0.507577, 0.51026064, 0.511077, 0.51042044, 0.5104246, 0.5114182, 0.51173717, 0.5106091, 0.50971925, 0.5118515, 0.51117253, 0.5107962, 0.51269484, 0.51238, 0.51299614, 0.5110871, 0.5117458, 0.512388, 0.51235014, 0.5134833, 0.51197696, 0.51229334, 0.5135893, 0.5122024, 0.5118689, 0.51125205, 0.51407886, 0.50673604, 0.5129016, 0.511409, 0.51393723, 0.51193506, 0.5095414, 0.5089193, 0.5158123, 0.5128985, 0.5117854, 0.51043254, 0.50606805, 0.5063725, 0.5096641, 0.5101939, 0.5095607, 0.5135565, 0.51170063, 0.5106566, 0.5099496, 0.50977534, 0.51239043, 0.5119189, 0.51142555, 0.5132487, 0.5115746, 0.5119346, 0.5141935, 0.5129114, 0.51262116, 0.5132126, 0.5120727, 0.5115199, 0.5122598, 0.5111811, 0.5141117, 0.5122998, 0.5119477, 0.5135026, 0.5119208, 0.51184064, 0.51081014, 0.5126093, 0.5121797, 0.51084965, 0.509266, 0.5135623, 0.5125578, 0.5105035, 0.5099712, 0.5129169, 0.5130538, 0.5136791, 0.51218593, 0.51244175, 0.51140916, 0.51067686, 0.5107464, 0.5123437, 0.512933, 0.5149476, 0.51266253, 0.51257557, 0.5123966, 0.5109354, 0.51084834, 0.5125418, 0.51153576, 0.51392883, 0.5137803, 0.5128567, 0.5124909, 0.511516, 0.51274467, 0.51380134, 0.51321864, 0.5120731, 0.51215416, 0.50882345, 0.51400495, 0.5134484, 0.5100527, 0.5110997, 0.5112419, 0.51056063, 0.511476, 0.51322126, 0.5137722, 0.5099823, 0.51311344, 0.51298976, 0.51255476, 0.5117214, 0.5116696, 0.51019895, 0.51413786, 0.51126987, 0.5107481, 0.5137036, 0.513628, 0.50945157, 0.51368135, 0.51042324, 0.510007, 0.50935864, 0.50974494, 0.5127503, 0.51341826, 0.513592, 0.51422304, 0.5097883, 0.51262456, 0.5127448, 0.5104658, 0.5129411, 0.51194644, 0.5123415, 0.5108309, 0.5108041, 0.5131228, 0.5090779, 0.51224715, 0.5112197, 0.5130282, 0.5132797, 0.51266223, 0.5143418, 0.5120591, 0.510432, 0.51161665, 0.513675, 0.51344275, 0.51083535, 0.5134659, 0.51352704, 0.5126603, 0.5129273, 0.5125523, 0.5130853, 0.51358247, 0.5118931, 0.51207316, 0.51134765, 0.51258546, 0.5125072, 0.5114463, 0.5114103, 0.5136498, 0.5109483, 0.5136189, 0.5133188, 0.51386094, 0.5087217, 0.51283616, 0.5093939, 0.5098599, 0.5119591]
[0.5079446, 0.50031614, 0.50010914, 0.5100992, 0.5025162, 0.50248086, 0.5104131, 0.50110596, 0.49995226, 0.5066346, 0.50241166, 0.50108, 0.50143135, 0.50912267, 0.50825536, 0.5114062, 0.5008296, 0.5008649, 0.50383204, 0.5090545, 0.5082289, 0.5014894, 0.5021764, 0.5025016, 0.5045584, 0.5090145, 0.50369275, 0.50480616, 0.5012311, 0.515969, 0.5016089, 0.5022655, 0.5024873, 0.5077956, 0.50053257, 0.50303066, 0.50367177, 0.5031698, 0.50395155, 0.5022238, 0.49991453, 0.5041168, 0.5092417, 0.50994784, 0.49999934, 0.50229305, 0.5028191, 0.50416297, 0.5018978, 0.5017293, 0.5023363, 0.50135183, 0.50159806, 0.5089087, 0.51107347, 0.5110861, 0.5050809, 0.5033673, 0.5002809, 0.5022476, 0.5083633, 0.5002604, 0.5058249, 0.5111366, 0.51352954, 0.50932956, 0.50282544, 0.50308275, 0.500019, 0.5090462, 0.5033368, 0.50625217, 0.50025433, 0.50032496, 0.50362164, 0.50279635, 0.50088525, 0.50642306, 0.5050301, 0.507923, 0.510642, 0.50727314, 0.51059425, 0.5052656, 0.5005435, 0.5010415, 0.51200545, 0.5064048, 0.50846857, 0.5106252, 0.50116694, 0.50288093, 0.50110185, 0.50455964, 0.50211906, 0.5031113, 0.5034828, 0.5063796, 0.5047399, 0.5067163, 0.5070437, 0.5079868, 0.51439595, 0.51755154, 0.51696575, 0.5160319, 0.51835126, 0.51409674, 0.52083087, 0.51897675, 0.5174026, 0.5198574, 0.5141066, 0.5124737, 0.5129216, 0.5190977, 0.5180748, 0.5188986, 0.5152206, 0.51512754, 0.51474226, 0.514841, 0.5129279, 0.51125157, 0.5147512, 0.51599866, 0.5147253, 0.5152231, 0.5166705, 0.5170435, 0.5146383, 0.51488876, 0.51726985, 0.5165339, 0.51541257, 0.5173178, 0.5174014, 0.5185781, 0.51576746, 0.5158037, 0.51716495, 0.51810026, 0.5191681, 0.5166275, 0.518034, 0.5190931, 0.5169075, 0.5168126, 0.5168727, 0.52035064, 0.51154584, 0.5182872, 0.5162776, 0.5189005, 0.5171731, 0.51486343, 0.513593, 0.5216477, 0.51803994, 0.5163026, 0.5146291, 0.5098653, 0.50946116, 0.5144178, 0.5146163, 0.5140713, 0.5191131, 0.5167575, 0.51529837, 0.5148156, 0.51529783, 0.5173166, 0.51632184, 0.51573056, 0.51845014, 0.5169833, 0.5173712, 0.5197797, 0.5180065, 0.51755863, 0.518216, 0.51692593, 0.51617, 0.5168618, 0.516321, 0.51878154, 0.51705056, 0.51693743, 0.5180549, 0.51657456, 0.5164283, 0.51551384, 0.51759046, 0.5170282, 0.5162688, 0.51444525, 0.5193261, 0.5179045, 0.51597905, 0.5145451, 0.5184302, 0.5184113, 0.5190409, 0.51776516, 0.5173676, 0.5160005, 0.5147536, 0.514371, 0.51747024, 0.51743513, 0.51995313, 0.5182723, 0.51834905, 0.51833373, 0.5158517, 0.5157004, 0.51862293, 0.5169008, 0.519624, 0.5187452, 0.5181704, 0.51698124, 0.51697713, 0.5179006, 0.5187767, 0.51905596, 0.517458, 0.5162286, 0.51315784, 0.5191039, 0.5185543, 0.51437515, 0.5160375, 0.5167053, 0.51492584, 0.51574993, 0.5189065, 0.5193346, 0.5145307, 0.51870084, 0.5183428, 0.5176562, 0.5168455, 0.5171845, 0.5142591, 0.5195666, 0.5155135, 0.5160269, 0.5186179, 0.5187544, 0.51333207, 0.51908886, 0.51519245, 0.51492906, 0.5142786, 0.5144691, 0.5177804, 0.51900166, 0.5185999, 0.51930237, 0.5148343, 0.51884943, 0.51801, 0.51532155, 0.5178184, 0.51790196, 0.5178195, 0.5166307, 0.51575005, 0.5184181, 0.5132414, 0.5177154, 0.51574725, 0.5185064, 0.51856655, 0.517743, 0.52006215, 0.51759017, 0.5155199, 0.5166146, 0.51936007, 0.5189703, 0.5152025, 0.5192291, 0.5192358, 0.5181708, 0.5186632, 0.5175681, 0.5176815, 0.518994, 0.51741296, 0.51708114, 0.51602465, 0.5177847, 0.51792794, 0.5161855, 0.5171056, 0.519115, 0.5165539, 0.5194378, 0.5187889, 0.5188195, 0.51308066, 0.5183028, 0.5131552, 0.5133357, 0.5168665]
[0.5052507, 0.501528, 0.50205994, 0.506752, 0.5015804, 0.5013683, 0.5058712, 0.5021381, 0.5019259, 0.50582945, 0.5010491, 0.5005303, 0.50042343, 0.5051716, 0.5044031, 0.5072691, 0.50165373, 0.49990377, 0.5045318, 0.50460047, 0.5043428, 0.50257796, 0.5012687, 0.5025912, 0.5037209, 0.50611377, 0.5040904, 0.504898, 0.49994326, 0.51000607, 0.5020263, 0.5002968, 0.5002252, 0.5055846, 0.5017587, 0.50271314, 0.5026328, 0.5019832, 0.50255316, 0.4999386, 0.50073993, 0.5039718, 0.5052788, 0.5067102, 0.5019644, 0.49982888, 0.5007856, 0.5029406, 0.50380534, 0.49999297, 0.50151515, 0.50125164, 0.50028276, 0.5064331, 0.5071871, 0.50751233, 0.50368136, 0.5030536, 0.5015422, 0.50305915, 0.5055904, 0.50151783, 0.50496453, 0.5071795, 0.50931144, 0.5061634, 0.5018287, 0.50255543, 0.5011688, 0.5065889, 0.50433487, 0.50555, 0.50119007, 0.50090516, 0.50378376, 0.50336367, 0.50002307, 0.50305384, 0.5035648, 0.5061774, 0.5072421, 0.5047401, 0.50683856, 0.5025306, 0.5012088, 0.49995816, 0.5074183, 0.5047072, 0.5050983, 0.507048, 0.5012766, 0.5024168, 0.5002761, 0.5043423, 0.50130886, 0.50270045, 0.5033137, 0.50497633, 0.504075, 0.5051582, 0.50477475, 0.50547403, 0.5093686, 0.5114048, 0.5106824, 0.50982165, 0.5117537, 0.5090315, 0.51353467, 0.5119546, 0.5112323, 0.5125914, 0.50893706, 0.507885, 0.508326, 0.5125697, 0.5117824, 0.51220036, 0.5095841, 0.5098247, 0.5101258, 0.5097133, 0.5085015, 0.50770783, 0.50994635, 0.5105758, 0.51011527, 0.50972944, 0.51073426, 0.510998, 0.5100057, 0.5094581, 0.5110805, 0.5106968, 0.510135, 0.5116093, 0.5117406, 0.5119321, 0.5102233, 0.5109149, 0.51136243, 0.5115948, 0.5126188, 0.5109254, 0.51143587, 0.51251125, 0.51125276, 0.51135075, 0.51044935, 0.5129335, 0.5072823, 0.51184577, 0.51087636, 0.51214385, 0.5112425, 0.50907636, 0.50885206, 0.5142929, 0.51181954, 0.5110057, 0.5095746, 0.5066607, 0.50711733, 0.50912184, 0.5093405, 0.50921744, 0.51239413, 0.5106402, 0.50972825, 0.50959975, 0.5098021, 0.51130897, 0.510511, 0.51034343, 0.5121617, 0.5104743, 0.5112026, 0.51271886, 0.51184654, 0.5117772, 0.5119232, 0.5112493, 0.51057553, 0.5112701, 0.5105238, 0.5125728, 0.5111777, 0.5109134, 0.5119993, 0.5107854, 0.51074636, 0.51042634, 0.51118994, 0.5112579, 0.51008236, 0.50865835, 0.5126179, 0.5118459, 0.5102581, 0.50957215, 0.5118847, 0.51173055, 0.51231235, 0.511354, 0.5116035, 0.5108231, 0.5103181, 0.50992143, 0.5115422, 0.51157004, 0.51337135, 0.51178616, 0.51165736, 0.5116529, 0.51042587, 0.5101938, 0.51192707, 0.5109615, 0.5125337, 0.512413, 0.51200056, 0.5113992, 0.51065105, 0.5121073, 0.51257765, 0.51229525, 0.5114878, 0.5107937, 0.50855094, 0.5126973, 0.5119405, 0.509761, 0.51039594, 0.510354, 0.5096266, 0.5102349, 0.5121194, 0.5124295, 0.5093059, 0.51217246, 0.5121334, 0.51167715, 0.5107556, 0.5107038, 0.50972813, 0.51259404, 0.51036394, 0.51020294, 0.51213855, 0.5123628, 0.50878364, 0.51255476, 0.5097883, 0.50963825, 0.5091287, 0.5092895, 0.51160324, 0.51205534, 0.5124488, 0.51283324, 0.5094258, 0.51192003, 0.5117488, 0.5098554, 0.5117895, 0.51144516, 0.51148796, 0.50975573, 0.51036346, 0.51232517, 0.5088468, 0.51172525, 0.51033556, 0.51193076, 0.5118583, 0.5115392, 0.5130174, 0.5115074, 0.5098866, 0.51072437, 0.5127382, 0.5124361, 0.5097689, 0.5121676, 0.5120152, 0.5113181, 0.5120297, 0.51144785, 0.51200575, 0.51250374, 0.5111612, 0.51113355, 0.51042193, 0.5119232, 0.51156896, 0.5103536, 0.510426, 0.5126834, 0.51040864, 0.51252484, 0.51219517, 0.5123606, 0.508825, 0.5118926, 0.5086301, 0.5091009, 0.51115096]
[0.5076088, 0.50031763, 0.50029767, 0.50939745, 0.50101084, 0.50109845, 0.50952345, 0.5004889, 0.50030446, 0.5039651, 0.5012348, 0.50061345, 0.5007728, 0.5089398, 0.5074268, 0.5102766, 0.50058216, 0.5003632, 0.5032893, 0.50810605, 0.50837475, 0.5035898, 0.5009707, 0.503327, 0.5043462, 0.50849783, 0.5047872, 0.5052083, 0.50030994, 0.5151456, 0.50137454, 0.5010028, 0.5012682, 0.5073521, 0.5016127, 0.5019533, 0.50217724, 0.50180423, 0.50223625, 0.50115025, 0.50038093, 0.5038015, 0.50895643, 0.50827396, 0.50002664, 0.5010959, 0.5012934, 0.5045323, 0.5034974, 0.5003329, 0.5008835, 0.50103575, 0.5010263, 0.50800747, 0.50967544, 0.5103769, 0.5067664, 0.5052891, 0.5010515, 0.5025571, 0.5074821, 0.50088656, 0.5042737, 0.51003104, 0.5115642, 0.50786346, 0.5037849, 0.50528526, 0.50024873, 0.50845224, 0.5030552, 0.506194, 0.50059843, 0.4999215, 0.5041602, 0.5021902, 0.5000132, 0.50412536, 0.50434095, 0.5068737, 0.50937265, 0.50690943, 0.5091906, 0.50584483, 0.500621, 0.50026816, 0.5108953, 0.50656986, 0.50747967, 0.5098711, 0.50046, 0.50169015, 0.49982876, 0.50442916, 0.50076216, 0.5014727, 0.50187516, 0.5051867, 0.5040302, 0.50597507, 0.50645864, 0.5073981, 0.5126877, 0.5156527, 0.5149084, 0.5137706, 0.516052, 0.5136386, 0.51888585, 0.51713055, 0.5156738, 0.5174284, 0.51261437, 0.5118424, 0.51180476, 0.51729274, 0.51633674, 0.516815, 0.5141249, 0.5132652, 0.51314044, 0.51373094, 0.5119115, 0.5100772, 0.51306343, 0.5146383, 0.5135416, 0.513986, 0.5148131, 0.5149818, 0.51326805, 0.5133707, 0.5157575, 0.51501334, 0.51418, 0.5153988, 0.5158108, 0.51639426, 0.51491034, 0.51410294, 0.51574665, 0.51619667, 0.5170388, 0.5151891, 0.51593846, 0.5169667, 0.51491034, 0.5147777, 0.51490855, 0.5175871, 0.51089776, 0.5167198, 0.5145866, 0.5175714, 0.5159045, 0.51407826, 0.5121291, 0.5197186, 0.5162976, 0.5150472, 0.5133703, 0.50856197, 0.508264, 0.51268226, 0.51301754, 0.51220644, 0.51715666, 0.51515937, 0.5139257, 0.5134754, 0.5134986, 0.51567143, 0.5150999, 0.5148356, 0.51615614, 0.5155711, 0.51544446, 0.51753503, 0.5160862, 0.51558745, 0.5163472, 0.5152833, 0.5146535, 0.51532674, 0.51437676, 0.5166904, 0.51517, 0.5148921, 0.51589996, 0.51473385, 0.5147392, 0.5141263, 0.5158774, 0.51512843, 0.51451576, 0.51269585, 0.5169845, 0.5159238, 0.51457757, 0.51330996, 0.5167743, 0.5167937, 0.5164371, 0.5164666, 0.5155754, 0.51511216, 0.5137141, 0.513365, 0.515237, 0.5154875, 0.517707, 0.51616335, 0.5162687, 0.5168271, 0.5135732, 0.5140238, 0.5162027, 0.5149992, 0.51747185, 0.51682395, 0.5162482, 0.51554924, 0.5149806, 0.5157639, 0.5169811, 0.51674366, 0.5156445, 0.51399755, 0.5119111, 0.51759523, 0.51681215, 0.51300913, 0.5148022, 0.51570684, 0.51386434, 0.5141666, 0.5166538, 0.51706654, 0.5132469, 0.51684314, 0.51688975, 0.5161628, 0.51527315, 0.51581573, 0.51258105, 0.5172516, 0.514044, 0.5145852, 0.5163619, 0.51661915, 0.5124226, 0.51679724, 0.5140032, 0.5137219, 0.5127545, 0.5129919, 0.5156055, 0.5165785, 0.5166863, 0.51727414, 0.5128418, 0.5163538, 0.51622736, 0.5142506, 0.5165479, 0.51576626, 0.5161089, 0.51466393, 0.5143185, 0.5165622, 0.5116899, 0.51583487, 0.5142224, 0.51641357, 0.5163309, 0.5153064, 0.5183144, 0.51596075, 0.5142048, 0.5152227, 0.5173152, 0.5168665, 0.51413375, 0.51672894, 0.5177734, 0.5165655, 0.5170246, 0.51617634, 0.516368, 0.5169044, 0.5160056, 0.5159556, 0.5144957, 0.51567847, 0.5165925, 0.5146663, 0.5154197, 0.5173877, 0.51526046, 0.51720905, 0.51714945, 0.5169352, 0.5121077, 0.51682144, 0.51184547, 0.5125477, 0.5148033]
[0.5055674, 0.50106055, 0.5015012, 0.5078956, 0.5019039, 0.5019488, 0.5071674, 0.5019844, 0.50105506, 0.5045758, 0.5016629, 0.50068563, 0.50089145, 0.50647837, 0.50577664, 0.5093752, 0.5014628, 0.50037897, 0.5044775, 0.5046689, 0.5065291, 0.50251997, 0.50162506, 0.5022799, 0.5022947, 0.50625235, 0.5040342, 0.5039304, 0.5003827, 0.5125903, 0.50281626, 0.50084704, 0.50139886, 0.5054106, 0.5019044, 0.50241214, 0.50310165, 0.50280386, 0.5026189, 0.5013969, 0.5007975, 0.503061, 0.50571454, 0.50797987, 0.50162864, 0.50057703, 0.5010034, 0.5030382, 0.5036542, 0.50050855, 0.5014921, 0.50100887, 0.5014759, 0.50699073, 0.5084583, 0.5089702, 0.5036591, 0.50299203, 0.5012359, 0.5021095, 0.50629854, 0.50107336, 0.5048288, 0.5084085, 0.5105742, 0.5062523, 0.5018546, 0.5021814, 0.5011645, 0.5068857, 0.5047704, 0.50415003, 0.5005441, 0.50066555, 0.5027021, 0.50301534, 0.5004112, 0.50323915, 0.50308883, 0.505189, 0.50770587, 0.50416887, 0.50793445, 0.50328904, 0.5016788, 0.5006855, 0.5091991, 0.50379366, 0.5045593, 0.507753, 0.5011493, 0.5027375, 0.5004116, 0.50420517, 0.5017729, 0.5026486, 0.50306606, 0.5051682, 0.5041845, 0.50553757, 0.5053095, 0.50565743, 0.5109993, 0.5132653, 0.51273143, 0.51182073, 0.51388496, 0.51160705, 0.51561236, 0.51419973, 0.51289374, 0.5148568, 0.51071584, 0.510135, 0.5101282, 0.5145787, 0.51376384, 0.51408994, 0.5118831, 0.5122201, 0.51223737, 0.51198095, 0.5103726, 0.509221, 0.5115758, 0.5128214, 0.51179636, 0.5118688, 0.5127683, 0.51279116, 0.51157564, 0.51169974, 0.513148, 0.5126813, 0.5118529, 0.51346767, 0.5134691, 0.514082, 0.51195157, 0.51249, 0.5133793, 0.5136537, 0.51437175, 0.5132354, 0.51315904, 0.51410186, 0.5131065, 0.5131532, 0.5127347, 0.514851, 0.50880593, 0.51380396, 0.5126693, 0.5143011, 0.513553, 0.5115319, 0.51088434, 0.5161952, 0.5135819, 0.5129548, 0.5115393, 0.5080154, 0.50784594, 0.51067835, 0.51153535, 0.5109847, 0.5142183, 0.51289916, 0.5118183, 0.5112081, 0.51137054, 0.51380485, 0.5125725, 0.5122715, 0.5138029, 0.5129711, 0.5132642, 0.5146273, 0.51405454, 0.5134553, 0.51419014, 0.5133918, 0.51265967, 0.5132323, 0.5124428, 0.5146327, 0.5128443, 0.512906, 0.5136484, 0.51267546, 0.5125491, 0.51184374, 0.5135911, 0.51309943, 0.5120146, 0.5104356, 0.5144488, 0.5133819, 0.51206774, 0.51115733, 0.5137889, 0.5138803, 0.51415586, 0.5129722, 0.5134084, 0.51297385, 0.512246, 0.51157963, 0.51325047, 0.5135572, 0.5152047, 0.5139873, 0.51412237, 0.51352376, 0.51200044, 0.51208717, 0.5140956, 0.5128756, 0.5141317, 0.5145179, 0.5137101, 0.5130566, 0.5123586, 0.5136866, 0.51459754, 0.51407737, 0.5130385, 0.5128811, 0.5100018, 0.51466537, 0.51394993, 0.5115777, 0.51208293, 0.5124769, 0.5117199, 0.5125188, 0.51377434, 0.51459014, 0.5112921, 0.5141269, 0.5138924, 0.51354176, 0.51297, 0.5132087, 0.51115054, 0.5143332, 0.51207936, 0.5123348, 0.51412106, 0.5143559, 0.510713, 0.51441294, 0.51177377, 0.5113296, 0.51087606, 0.51105994, 0.5134978, 0.5139899, 0.5143024, 0.5144753, 0.51136816, 0.5138375, 0.5135093, 0.5121432, 0.51409, 0.5126894, 0.5130857, 0.51232874, 0.5125633, 0.5137884, 0.5102533, 0.5134829, 0.5119944, 0.5137087, 0.51419586, 0.51385266, 0.5147711, 0.51357967, 0.512027, 0.51279, 0.5145748, 0.51436603, 0.51178277, 0.514067, 0.51425755, 0.51369745, 0.51415205, 0.51367104, 0.51461434, 0.51417893, 0.51304513, 0.51325387, 0.51235396, 0.51373696, 0.5138827, 0.5125814, 0.5128889, 0.51483434, 0.5128942, 0.514452, 0.5143191, 0.5147283, 0.51051587, 0.5138543, 0.51054484, 0.5108314, 0.5130163]
[0.50367683, 0.5009391, 0.5011703, 0.5046085, 0.50400203, 0.50394475, 0.5045621, 0.50122947, 0.50130236, 0.5038424, 0.50310194, 0.50196224, 0.50324297, 0.50323796, 0.502596, 0.50545025, 0.50098467, 0.5028331, 0.5021436, 0.50239426, 0.502938, 0.50123614, 0.5041714, 0.50167537, 0.5010742, 0.5042196, 0.502174, 0.5028009, 0.50280607, 0.5069795, 0.5013354, 0.50326926, 0.50360173, 0.50318515, 0.5011923, 0.50522864, 0.505775, 0.5049391, 0.50528544, 0.5031421, 0.50251687, 0.5022976, 0.5033658, 0.50480604, 0.50112957, 0.50277764, 0.50284874, 0.50166315, 0.5014394, 0.503198, 0.5040023, 0.5039403, 0.503358, 0.5038666, 0.50496745, 0.5053575, 0.5019417, 0.5015587, 0.501253, 0.5015068, 0.50393665, 0.50099635, 0.50360036, 0.50469774, 0.5063739, 0.5041923, 0.50139475, 0.5011144, 0.5018389, 0.5047464, 0.5025442, 0.502784, 0.5020537, 0.50157, 0.50176364, 0.5015301, 0.5022251, 0.5014579, 0.5021797, 0.5037143, 0.5051838, 0.5024065, 0.5049063, 0.50206065, 0.5010256, 0.5026478, 0.5054433, 0.5021819, 0.5026388, 0.50494796, 0.5022624, 0.5052164, 0.501889, 0.50265664, 0.50437677, 0.5053111, 0.50597084, 0.50311834, 0.5024644, 0.50314, 0.50229305, 0.50301576, 0.5066185, 0.5079402, 0.5070491, 0.50649726, 0.50795156, 0.50618696, 0.50914466, 0.50832045, 0.50755066, 0.5086257, 0.5059265, 0.50573075, 0.50592214, 0.5084342, 0.5080326, 0.50829977, 0.5065748, 0.50670666, 0.5071577, 0.5067489, 0.5059846, 0.50542986, 0.50699675, 0.5071856, 0.50691676, 0.50663674, 0.50730056, 0.5075162, 0.50684774, 0.50681305, 0.5077755, 0.5073792, 0.50695854, 0.5082277, 0.50785637, 0.5081867, 0.5070699, 0.50740683, 0.50791687, 0.5078785, 0.5084902, 0.50761175, 0.5078289, 0.5084949, 0.5078568, 0.5077438, 0.5071201, 0.5086153, 0.5048705, 0.5082491, 0.5077403, 0.50798476, 0.5076033, 0.50636905, 0.5060876, 0.50940704, 0.5079373, 0.5072789, 0.5064991, 0.50464404, 0.5049189, 0.5059367, 0.50677466, 0.5064451, 0.5082781, 0.5073366, 0.50673395, 0.5065359, 0.5066971, 0.50813544, 0.50725645, 0.50705445, 0.5082495, 0.50712866, 0.5078506, 0.5085765, 0.50826406, 0.50787413, 0.5080086, 0.5075976, 0.50733423, 0.5077295, 0.50736916, 0.5084765, 0.50767916, 0.5074269, 0.50816196, 0.5073841, 0.50744605, 0.5068343, 0.5077482, 0.50751805, 0.50701433, 0.50608385, 0.50832963, 0.5078428, 0.5068706, 0.5065078, 0.5079474, 0.5078907, 0.50830287, 0.5074285, 0.5077078, 0.50742835, 0.50711656, 0.5067584, 0.5076025, 0.507795, 0.50881535, 0.50792056, 0.5079384, 0.50781626, 0.50701916, 0.5070727, 0.5081046, 0.50753117, 0.50823975, 0.5086344, 0.50816077, 0.50768554, 0.5071602, 0.5079929, 0.5085006, 0.5080963, 0.50765043, 0.50755614, 0.5057805, 0.50834113, 0.50796497, 0.50691533, 0.5071667, 0.50712997, 0.5065241, 0.50715935, 0.50798017, 0.50834805, 0.506324, 0.50826246, 0.5083444, 0.5078744, 0.50753784, 0.50733197, 0.5064601, 0.50860995, 0.50713444, 0.5068747, 0.50831735, 0.5083608, 0.5062537, 0.50849795, 0.5067021, 0.50664437, 0.50600165, 0.5062251, 0.5079728, 0.50819355, 0.50839466, 0.50864345, 0.5065572, 0.50814915, 0.5077921, 0.50702626, 0.5080753, 0.5073909, 0.50759417, 0.50673324, 0.50716084, 0.5081742, 0.50605965, 0.507827, 0.5070863, 0.5079349, 0.5082494, 0.50811315, 0.50877357, 0.50784945, 0.50673056, 0.50730973, 0.50838965, 0.5081997, 0.50679326, 0.50817174, 0.50809824, 0.5076672, 0.5082017, 0.50790536, 0.50837004, 0.5082955, 0.50763017, 0.5076666, 0.507327, 0.5080042, 0.5078477, 0.5071948, 0.5073063, 0.5088245, 0.50722826, 0.5083293, 0.50814337, 0.5085101, 0.5060683, 0.50789344, 0.50601876, 0.50639695, 0.5077109]
[0.50505203, 0.5001509, 0.50111973, 0.5074667, 0.50183946, 0.50197726, 0.50512546, 0.5019568, 0.50116086, 0.5045286, 0.5012698, 0.5000488, 0.5011936, 0.50505036, 0.5048128, 0.50787395, 0.5015474, 0.5004805, 0.5029548, 0.5039462, 0.50475603, 0.5025761, 0.5019139, 0.5035873, 0.502562, 0.5053578, 0.5033906, 0.5029889, 0.50075936, 0.51177555, 0.5018329, 0.50100476, 0.50099295, 0.5048682, 0.50157857, 0.50251555, 0.5029472, 0.50233924, 0.50342786, 0.50133866, 0.5005227, 0.50237375, 0.5049958, 0.5069261, 0.50124663, 0.5010772, 0.50160116, 0.5023211, 0.5027851, 0.50095004, 0.50153166, 0.50042284, 0.5007483, 0.50675666, 0.5077568, 0.5078756, 0.50377893, 0.50295854, 0.5005126, 0.5015397, 0.5052894, 0.50104254, 0.50415826, 0.507776, 0.5103665, 0.5048651, 0.50184375, 0.50155437, 0.50076294, 0.50556165, 0.5030909, 0.50391084, 0.5004603, 0.5004829, 0.50226957, 0.50226694, 0.5006931, 0.5024784, 0.50300276, 0.5052929, 0.50689524, 0.5035807, 0.50628585, 0.50265306, 0.50087684, 0.5004264, 0.50782895, 0.50315225, 0.5041917, 0.50700873, 0.5000721, 0.5028349, 0.50022143, 0.5033351, 0.50127834, 0.5025519, 0.50272214, 0.5043127, 0.5034561, 0.5049124, 0.5047405, 0.5056971, 0.5100362, 0.51304984, 0.5116765, 0.51104045, 0.5134907, 0.5108005, 0.51583743, 0.51413304, 0.5122689, 0.51375306, 0.50964314, 0.50889915, 0.5086675, 0.51451916, 0.51338685, 0.51397896, 0.5110083, 0.51141125, 0.5112795, 0.5111757, 0.50914586, 0.5086653, 0.5112614, 0.5120955, 0.51138467, 0.5114845, 0.5120222, 0.51207745, 0.51058495, 0.5105103, 0.5123667, 0.51198226, 0.5107426, 0.5128769, 0.5128571, 0.51329374, 0.5110494, 0.5118298, 0.5128161, 0.5132462, 0.51422644, 0.5120796, 0.51262504, 0.5138603, 0.5118957, 0.5118823, 0.5124277, 0.5148768, 0.5076788, 0.51278335, 0.5115105, 0.5137452, 0.51316416, 0.51055604, 0.5098501, 0.5163691, 0.5130175, 0.51226616, 0.5111435, 0.5073905, 0.50674075, 0.5104113, 0.51097625, 0.5104251, 0.51454055, 0.5123512, 0.51115274, 0.5105048, 0.51096255, 0.5127952, 0.51170176, 0.5116181, 0.51331556, 0.511961, 0.51267767, 0.51415503, 0.51346016, 0.5127499, 0.5144345, 0.51296866, 0.51200944, 0.51249135, 0.5117084, 0.51460326, 0.5127246, 0.51249295, 0.51334935, 0.5122568, 0.5121265, 0.5112778, 0.5125846, 0.5122994, 0.5115005, 0.50944525, 0.5144196, 0.51325, 0.51136285, 0.5104049, 0.5132857, 0.5134613, 0.51419574, 0.5123475, 0.51329863, 0.51182127, 0.5112725, 0.51103055, 0.51245314, 0.5127198, 0.5150061, 0.51325315, 0.51329845, 0.51303345, 0.5111352, 0.51121116, 0.5134445, 0.5122545, 0.5134634, 0.5139047, 0.5130219, 0.5128466, 0.51208943, 0.5135325, 0.5144131, 0.51380754, 0.51240635, 0.51161927, 0.50894505, 0.5145494, 0.5137391, 0.510621, 0.51107043, 0.5113761, 0.510984, 0.51163167, 0.51332843, 0.5142879, 0.51058674, 0.5136902, 0.5136146, 0.51338226, 0.51240766, 0.5125958, 0.5104256, 0.514569, 0.51116425, 0.51165366, 0.5137777, 0.5137737, 0.50971276, 0.51393265, 0.5108556, 0.51050407, 0.5100675, 0.51053333, 0.5129064, 0.5136263, 0.5142392, 0.51472706, 0.51015353, 0.51273257, 0.512778, 0.5111117, 0.5135056, 0.5124245, 0.5128595, 0.5115846, 0.51161206, 0.51341087, 0.5093714, 0.51306295, 0.510699, 0.5134998, 0.51349646, 0.51291347, 0.5144841, 0.5131276, 0.51102114, 0.5118905, 0.5144263, 0.51394075, 0.5108775, 0.51377624, 0.5138372, 0.51296073, 0.51378, 0.5134626, 0.51427317, 0.5140413, 0.5119244, 0.5120072, 0.5120509, 0.51331484, 0.51349264, 0.5116934, 0.51174796, 0.51433843, 0.51222456, 0.5138099, 0.5135135, 0.51463574, 0.50943047, 0.5134974, 0.5092485, 0.50963014, 0.5123854]
[0.5093726, 0.5006757, 0.5017064, 0.5111612, 0.49975967, 0.499723, 0.50738764, 0.503254, 0.5013774, 0.50794727, 0.49930367, 0.50038046, 0.4990214, 0.5083834, 0.5065683, 0.5112968, 0.50351775, 0.5003024, 0.5066608, 0.5062218, 0.50727427, 0.5042147, 0.4998452, 0.5040377, 0.5042153, 0.508158, 0.5078149, 0.5066114, 0.49904042, 0.515888, 0.5023492, 0.4995411, 0.4993729, 0.50885445, 0.5034901, 0.5006817, 0.50062084, 0.49999452, 0.50070775, 0.4992396, 0.50100976, 0.5048346, 0.5086101, 0.50996536, 0.50150347, 0.4989445, 0.49911454, 0.5041214, 0.50526553, 0.4990457, 0.49937743, 0.49905735, 0.49901158, 0.51024926, 0.5114229, 0.51152927, 0.5059315, 0.50508547, 0.50126505, 0.5034222, 0.5095784, 0.50146157, 0.5083727, 0.51152223, 0.5142232, 0.5078253, 0.50300616, 0.5030597, 0.5022332, 0.5094622, 0.5069744, 0.5080023, 0.50141746, 0.50235456, 0.5072697, 0.5037811, 0.4992204, 0.50561595, 0.5053499, 0.50973535, 0.51141596, 0.505238, 0.50962955, 0.5049625, 0.50048816, 0.4994589, 0.5116959, 0.50580406, 0.5076708, 0.51115, 0.5005749, 0.5007155, 0.5006764, 0.5069632, 0.49937126, 0.5005721, 0.5008675, 0.5071086, 0.50521433, 0.5086409, 0.5077116, 0.5083894, 0.5147913, 0.5176468, 0.51571673, 0.51463544, 0.5178158, 0.5142509, 0.5202906, 0.51851726, 0.51707304, 0.51820385, 0.5134105, 0.5123893, 0.5127289, 0.518918, 0.517645, 0.51845294, 0.5153709, 0.51481706, 0.5152158, 0.51498055, 0.5132803, 0.51268595, 0.5159503, 0.51659125, 0.51578116, 0.5156185, 0.5165378, 0.51651835, 0.514678, 0.5150787, 0.5172042, 0.5164819, 0.5153852, 0.51733935, 0.51777905, 0.5181705, 0.5156829, 0.5157933, 0.51691407, 0.51783615, 0.5189645, 0.5165634, 0.5174147, 0.5184708, 0.51686466, 0.51659167, 0.51634765, 0.51925874, 0.51165915, 0.5178985, 0.516456, 0.51808214, 0.5171901, 0.5145643, 0.51311296, 0.5213636, 0.517499, 0.51646906, 0.514889, 0.5109975, 0.51121217, 0.5140871, 0.5150931, 0.51380974, 0.51922834, 0.51628417, 0.5149195, 0.5147685, 0.51490045, 0.517583, 0.5158648, 0.51552343, 0.5177295, 0.5160721, 0.5167813, 0.5189934, 0.5175802, 0.5175991, 0.5180765, 0.5172553, 0.51622397, 0.516271, 0.5163266, 0.5184604, 0.5170383, 0.51701754, 0.5178038, 0.51642406, 0.51643765, 0.5161494, 0.5170908, 0.51639026, 0.5154195, 0.51323897, 0.5188564, 0.5177808, 0.5154808, 0.5147324, 0.5179807, 0.5181855, 0.51832247, 0.5168815, 0.5172459, 0.51618546, 0.5153991, 0.51513124, 0.51672614, 0.5169238, 0.519362, 0.51766944, 0.51750773, 0.51810974, 0.51519126, 0.5154742, 0.51744616, 0.51625156, 0.51805305, 0.518164, 0.5173376, 0.517316, 0.51638234, 0.51765335, 0.5189655, 0.5182989, 0.5171158, 0.5158088, 0.51281166, 0.5187452, 0.5181788, 0.5151069, 0.5156752, 0.5158183, 0.51503634, 0.51615715, 0.51803964, 0.5189113, 0.5143865, 0.5182894, 0.51850975, 0.5178562, 0.5167168, 0.51698834, 0.5145144, 0.51863235, 0.51516485, 0.51544565, 0.5180468, 0.51829445, 0.5132784, 0.5185314, 0.5150345, 0.5147551, 0.51402795, 0.51442385, 0.51716346, 0.5183793, 0.5186696, 0.5190725, 0.5140908, 0.5172968, 0.51715255, 0.5155879, 0.51802117, 0.5169515, 0.5176459, 0.5149856, 0.51592237, 0.5180198, 0.5130085, 0.51756775, 0.51436245, 0.5176572, 0.5180037, 0.517017, 0.5188911, 0.5177967, 0.51510435, 0.51655245, 0.51863545, 0.5177581, 0.51525956, 0.51808846, 0.5180879, 0.5172108, 0.51834583, 0.5179709, 0.51858217, 0.51838577, 0.5169462, 0.5170933, 0.51622474, 0.51766896, 0.5180018, 0.51548034, 0.51584154, 0.51954854, 0.5163696, 0.5186656, 0.5181867, 0.51872027, 0.51378375, 0.51768655, 0.512942, 0.51408195, 0.5165764]
[0.5055416, 0.50016344, 0.49996138, 0.50834537, 0.5019963, 0.5018418, 0.5082657, 0.5000693, 0.50039184, 0.50424504, 0.5021214, 0.50143, 0.50108576, 0.50711143, 0.5065714, 0.50918317, 0.50085086, 0.50060266, 0.50228757, 0.50634086, 0.5071918, 0.5016797, 0.5020838, 0.50278246, 0.50478905, 0.50723964, 0.5040467, 0.50323784, 0.50113034, 0.5131068, 0.5003625, 0.50159526, 0.50242734, 0.5064165, 0.5007142, 0.5025218, 0.5031406, 0.50228894, 0.5028849, 0.5017419, 0.50094754, 0.50277764, 0.50682366, 0.5078315, 0.5000438, 0.50231266, 0.5027568, 0.50417197, 0.5027211, 0.50159705, 0.5022338, 0.50171596, 0.5009143, 0.5072617, 0.508495, 0.5096773, 0.50474805, 0.5034606, 0.50019246, 0.50055647, 0.5064012, 0.5003377, 0.5047928, 0.50922817, 0.51055765, 0.5062414, 0.5022466, 0.50239766, 0.5003326, 0.5068693, 0.50214726, 0.50263256, 0.49990097, 0.50009704, 0.5034006, 0.5020323, 0.5010219, 0.5043994, 0.5024813, 0.5066712, 0.50854415, 0.50567514, 0.50849223, 0.50517046, 0.5008601, 0.50086063, 0.5096003, 0.5053628, 0.5070911, 0.50809485, 0.4999838, 0.5026623, 0.5002823, 0.50328124, 0.5022013, 0.5025733, 0.5031838, 0.50541764, 0.503534, 0.50583655, 0.5059551, 0.50662607, 0.511876, 0.5148551, 0.51402485, 0.5129797, 0.5152225, 0.51198345, 0.51720136, 0.5154449, 0.5138264, 0.5164881, 0.5116526, 0.51042837, 0.5100377, 0.5156668, 0.51513904, 0.51554734, 0.5131303, 0.5124625, 0.5125929, 0.5123315, 0.5106555, 0.5086441, 0.5114313, 0.51318103, 0.51215696, 0.51203966, 0.5133069, 0.51400524, 0.5123284, 0.51227874, 0.5143268, 0.5138715, 0.51265997, 0.5143303, 0.51458275, 0.5155119, 0.51299083, 0.5128192, 0.5140928, 0.5146259, 0.51596814, 0.513981, 0.5145716, 0.5156451, 0.51361495, 0.5138727, 0.5138767, 0.51666206, 0.5093223, 0.51515436, 0.5135255, 0.51629984, 0.51479423, 0.5119711, 0.51150537, 0.5182586, 0.5152546, 0.51335526, 0.5121184, 0.5078774, 0.50753117, 0.5111239, 0.51211274, 0.51122624, 0.515342, 0.5136272, 0.5128559, 0.51184493, 0.5124736, 0.51510406, 0.5134282, 0.5131387, 0.5149225, 0.5140023, 0.5144373, 0.51613355, 0.51527816, 0.5145253, 0.5156609, 0.5142937, 0.51376116, 0.51419395, 0.513031, 0.5157522, 0.5136438, 0.5139289, 0.5145533, 0.5133229, 0.5131808, 0.51317066, 0.5146978, 0.5142184, 0.51304364, 0.5119223, 0.51571673, 0.51446575, 0.5133838, 0.5123586, 0.5150983, 0.51534176, 0.51535165, 0.5144615, 0.51475537, 0.5137245, 0.51249164, 0.5121835, 0.51423043, 0.51475054, 0.5169613, 0.51621026, 0.51613826, 0.51511216, 0.5122416, 0.51289666, 0.51503766, 0.51392287, 0.516, 0.51555383, 0.51494384, 0.5142456, 0.5135383, 0.5146519, 0.5160656, 0.51534885, 0.51396334, 0.51361024, 0.51064163, 0.5159965, 0.5155312, 0.51170945, 0.5132841, 0.51383716, 0.5124446, 0.51306933, 0.51530415, 0.5162203, 0.5117495, 0.515551, 0.5155428, 0.51457727, 0.51413107, 0.51461256, 0.5112819, 0.51622564, 0.51287043, 0.51364297, 0.51554877, 0.5155731, 0.51085466, 0.51619846, 0.51275444, 0.51259136, 0.5118316, 0.5116452, 0.51479316, 0.51533425, 0.51517826, 0.516311, 0.51152366, 0.5148342, 0.51443, 0.51273507, 0.51471716, 0.5145361, 0.51423305, 0.51418227, 0.51367927, 0.514407, 0.5105273, 0.51438296, 0.5129961, 0.51550686, 0.51540244, 0.5144858, 0.51700455, 0.5150688, 0.5132618, 0.51357347, 0.516214, 0.5156992, 0.5127856, 0.51529044, 0.51658314, 0.51530844, 0.5158364, 0.515109, 0.5153389, 0.5155721, 0.51427895, 0.51445174, 0.51335377, 0.51460165, 0.51542443, 0.513257, 0.5141064, 0.5157115, 0.5145847, 0.51633304, 0.5159962, 0.51595324, 0.511301, 0.51587945, 0.51116794, 0.51128125, 0.5141185]
[0.5051016, 0.50167185, 0.5011436, 0.5086774, 0.50405145, 0.5038609, 0.50603515, 0.50113213, 0.5021505, 0.5024308, 0.50352234, 0.5024437, 0.50294644, 0.5056448, 0.50380045, 0.5087832, 0.5005873, 0.5021796, 0.50282943, 0.5031353, 0.5042514, 0.50033396, 0.50399804, 0.5004188, 0.5006008, 0.5060767, 0.5022538, 0.50349796, 0.5029177, 0.5129329, 0.5012095, 0.50340843, 0.5031138, 0.50419706, 0.5011824, 0.5053006, 0.50534946, 0.5047123, 0.50535053, 0.50359124, 0.50193053, 0.5012069, 0.5049693, 0.5074882, 0.5018658, 0.50332963, 0.5036913, 0.50100815, 0.50029653, 0.50309825, 0.503902, 0.5036305, 0.5032333, 0.5062901, 0.5090102, 0.5094052, 0.50077397, 0.501078, 0.5014936, 0.50050837, 0.50527817, 0.50117034, 0.5032783, 0.5089187, 0.5117433, 0.5058559, 0.5003192, 0.5004307, 0.5013637, 0.50747895, 0.50112885, 0.503287, 0.50188327, 0.50158596, 0.5023096, 0.50084966, 0.50245786, 0.50153196, 0.5010889, 0.5062209, 0.50862545, 0.5010669, 0.50688225, 0.50085324, 0.5018397, 0.5030503, 0.5092484, 0.5028898, 0.5047002, 0.50861716, 0.50229114, 0.50486416, 0.5024625, 0.50257975, 0.50329447, 0.5045639, 0.5053756, 0.50328994, 0.50101763, 0.5047673, 0.50257033, 0.504397, 0.512014, 0.5151658, 0.513685, 0.5123724, 0.51504886, 0.51163816, 0.51757604, 0.5158288, 0.514502, 0.51615095, 0.51097417, 0.50983554, 0.5105192, 0.51627153, 0.5150792, 0.51534617, 0.5128121, 0.5121886, 0.5125828, 0.5124702, 0.5105611, 0.5099768, 0.5130249, 0.51387304, 0.513076, 0.5127728, 0.5138413, 0.51419896, 0.51235104, 0.5126616, 0.5145299, 0.51355004, 0.51302034, 0.5147099, 0.515033, 0.51547945, 0.51298976, 0.51326454, 0.51457036, 0.51498586, 0.5162308, 0.51415884, 0.51480025, 0.51577103, 0.5144605, 0.5146091, 0.5136214, 0.516794, 0.5090898, 0.5154723, 0.5141755, 0.5157029, 0.51462024, 0.5118118, 0.5109696, 0.5186568, 0.51504153, 0.5142192, 0.51240075, 0.50828904, 0.50864136, 0.5113303, 0.512261, 0.5114732, 0.51641184, 0.5135035, 0.5124471, 0.5123264, 0.5125156, 0.5150786, 0.51354986, 0.5130941, 0.5151376, 0.5135648, 0.51470596, 0.5164364, 0.514988, 0.5148479, 0.5152343, 0.5149061, 0.51395214, 0.51438487, 0.5134468, 0.515806, 0.5140244, 0.5137449, 0.51519895, 0.5135727, 0.513442, 0.5137291, 0.514337, 0.51401, 0.51281196, 0.5105085, 0.5159107, 0.5148149, 0.51284033, 0.51206434, 0.5151278, 0.5153297, 0.51553786, 0.51463944, 0.5148743, 0.51406235, 0.5129872, 0.51246995, 0.51478344, 0.51464343, 0.5169028, 0.5155921, 0.5153936, 0.51539564, 0.51302016, 0.51310676, 0.5154475, 0.5141516, 0.5160503, 0.51570845, 0.5150184, 0.5143689, 0.5136918, 0.51519907, 0.51641107, 0.5159597, 0.51422983, 0.51340884, 0.510118, 0.51610816, 0.51530737, 0.5125543, 0.5132092, 0.5134059, 0.5122624, 0.5132528, 0.51536244, 0.51591694, 0.5117157, 0.51614296, 0.5161237, 0.5154719, 0.51430666, 0.5144385, 0.51201844, 0.5161133, 0.51260704, 0.5132581, 0.515545, 0.51556724, 0.51109934, 0.51625633, 0.51232517, 0.51196533, 0.511545, 0.5118021, 0.5147908, 0.5154054, 0.51572984, 0.51617175, 0.5116417, 0.5151481, 0.5146102, 0.5131018, 0.5154311, 0.5142023, 0.5148527, 0.51257604, 0.5134887, 0.5156246, 0.51099247, 0.5151137, 0.51235676, 0.5151215, 0.5152282, 0.51504004, 0.51650316, 0.51502013, 0.5125297, 0.51357734, 0.51622623, 0.51569664, 0.51268774, 0.5156134, 0.5153798, 0.5146923, 0.51556915, 0.5151919, 0.5164372, 0.5159732, 0.51469356, 0.51484334, 0.5131895, 0.5150444, 0.5154808, 0.5126001, 0.514064, 0.517038, 0.5142729, 0.51613784, 0.5159253, 0.5163483, 0.5115893, 0.5151295, 0.5107667, 0.511428, 0.51430637]
[0.50581586, 0.5017819, 0.5005332, 0.5069907, 0.50264454, 0.50254345, 0.5076074, 0.5006624, 0.50046116, 0.50596243, 0.50241363, 0.50118047, 0.50165087, 0.5041082, 0.5033123, 0.5089861, 0.50016654, 0.5014729, 0.5042961, 0.5042992, 0.5049348, 0.5008903, 0.50240654, 0.5002142, 0.5012747, 0.5062021, 0.5029412, 0.50412446, 0.50082266, 0.51279706, 0.5014225, 0.5010965, 0.5017355, 0.5027582, 0.5004225, 0.50380915, 0.5034734, 0.5029867, 0.50359195, 0.5011124, 0.5010286, 0.50253695, 0.5042049, 0.50774, 0.5004254, 0.5005373, 0.5013231, 0.5016172, 0.5025224, 0.5014614, 0.5021651, 0.50228256, 0.5009243, 0.5055752, 0.50865066, 0.5091576, 0.5017274, 0.5021163, 0.5008519, 0.5020009, 0.50564826, 0.50111383, 0.5051992, 0.50647086, 0.5112597, 0.5058445, 0.5001711, 0.5008767, 0.50062734, 0.50812024, 0.5044444, 0.50517005, 0.5001291, 0.500587, 0.5029226, 0.50232464, 0.5009177, 0.502056, 0.5022328, 0.50656265, 0.5088802, 0.5035744, 0.507639, 0.50283545, 0.5009495, 0.5015595, 0.5092336, 0.50217915, 0.5030484, 0.50795305, 0.500429, 0.5031258, 0.50102407, 0.5045149, 0.5026858, 0.5032579, 0.5035621, 0.5040822, 0.5030071, 0.50623447, 0.50300896, 0.50339794, 0.51198775, 0.51445097, 0.51291955, 0.51148325, 0.51533407, 0.51073146, 0.5177852, 0.51591694, 0.51426005, 0.51626295, 0.51120967, 0.5100538, 0.5111166, 0.51636297, 0.51508164, 0.515305, 0.51173955, 0.5123109, 0.51312107, 0.51211125, 0.5103791, 0.5094807, 0.5126079, 0.51350087, 0.5129429, 0.51237375, 0.5133714, 0.5141276, 0.51241595, 0.5117299, 0.51438826, 0.5135674, 0.5129225, 0.515383, 0.51491255, 0.51526046, 0.5124952, 0.51429623, 0.514589, 0.5145251, 0.51593417, 0.5137702, 0.5142565, 0.51586825, 0.5146126, 0.5149332, 0.5129988, 0.51634336, 0.5076045, 0.5152713, 0.5141124, 0.5154329, 0.51454383, 0.5114054, 0.5105971, 0.51823, 0.51489764, 0.51407206, 0.5122409, 0.5084175, 0.5088306, 0.51140314, 0.5118956, 0.5115138, 0.51584613, 0.51362556, 0.51251125, 0.5119507, 0.51219356, 0.51512516, 0.5132209, 0.5124576, 0.51562464, 0.51349723, 0.51482195, 0.5164945, 0.51517695, 0.5152856, 0.5144982, 0.51412654, 0.51316166, 0.5147298, 0.5133576, 0.5162227, 0.5144155, 0.51376724, 0.51562715, 0.5134102, 0.51343364, 0.5122511, 0.5145305, 0.5138764, 0.51276046, 0.5107215, 0.5158907, 0.5146955, 0.51252335, 0.5118266, 0.515272, 0.51523644, 0.5154454, 0.51395416, 0.5145692, 0.5141372, 0.5129407, 0.5123888, 0.5145821, 0.5148964, 0.51735854, 0.5153431, 0.5150207, 0.5147114, 0.5134894, 0.5126119, 0.51566744, 0.5141545, 0.51629734, 0.5164123, 0.5155678, 0.51464504, 0.5133904, 0.51515055, 0.51606524, 0.5155406, 0.5145322, 0.5141327, 0.51055515, 0.5160205, 0.515248, 0.5123318, 0.5135225, 0.51342386, 0.5118791, 0.5129826, 0.5153681, 0.51590365, 0.511519, 0.515092, 0.51519954, 0.51471865, 0.51391304, 0.51389045, 0.51232296, 0.516083, 0.51287335, 0.5122466, 0.51567155, 0.5156937, 0.5110705, 0.5163543, 0.51179975, 0.51143306, 0.51114374, 0.5109268, 0.5152201, 0.51597935, 0.5159379, 0.5162395, 0.5118598, 0.5154113, 0.5147886, 0.5126637, 0.51536185, 0.5137868, 0.5142607, 0.5120707, 0.5131715, 0.5156332, 0.5108496, 0.514681, 0.51309353, 0.5150753, 0.51531667, 0.5153635, 0.51645386, 0.51463276, 0.51219887, 0.5134716, 0.5161223, 0.5156803, 0.51288176, 0.51563245, 0.51549447, 0.5144769, 0.51551354, 0.5148424, 0.5156918, 0.51569176, 0.51427543, 0.51454717, 0.5133461, 0.51513034, 0.5147879, 0.5134894, 0.51364636, 0.5171233, 0.51334155, 0.5162608, 0.5153107, 0.51635617, 0.51087195, 0.5147741, 0.51084983, 0.51143783, 0.5145107]
[0.50739497, 0.5008845, 0.50120854, 0.5087702, 0.50273097, 0.50269914, 0.50841755, 0.5008032, 0.50040936, 0.5052048, 0.5026192, 0.5013634, 0.50206417, 0.5076009, 0.5073583, 0.50940436, 0.50108016, 0.5002883, 0.5029121, 0.5067486, 0.50705934, 0.50244457, 0.502406, 0.502781, 0.5036906, 0.5072456, 0.5040268, 0.5049584, 0.5007698, 0.5134029, 0.50159234, 0.5017939, 0.5020768, 0.5065001, 0.5011344, 0.50385314, 0.5042842, 0.50346905, 0.5046771, 0.5020339, 0.50015426, 0.5039856, 0.50745076, 0.50786114, 0.5002865, 0.5021848, 0.5029403, 0.50330746, 0.5022231, 0.50177395, 0.50259835, 0.50229436, 0.50219333, 0.50750077, 0.50884867, 0.50928646, 0.5054326, 0.5034971, 0.5009764, 0.5018066, 0.50689936, 0.50081265, 0.5042321, 0.5090145, 0.51093733, 0.5067162, 0.5031991, 0.5026413, 0.5000596, 0.50759006, 0.5024222, 0.50424784, 0.5002367, 0.5002312, 0.5035876, 0.5023172, 0.5003608, 0.50448734, 0.50404865, 0.50689185, 0.5086022, 0.5053243, 0.5083471, 0.50483745, 0.5009639, 0.5008858, 0.5099007, 0.50677973, 0.50663286, 0.508665, 0.5012532, 0.50433004, 0.5001478, 0.5040437, 0.5020198, 0.5033357, 0.5042403, 0.50573826, 0.50395423, 0.50543606, 0.5058004, 0.50639844, 0.5120466, 0.51495767, 0.5139553, 0.51292247, 0.51544183, 0.51215816, 0.5178354, 0.5157191, 0.5145642, 0.5162047, 0.5120054, 0.51030445, 0.51051944, 0.5161503, 0.51558, 0.516043, 0.5129649, 0.51262957, 0.5122374, 0.5126448, 0.51055294, 0.509317, 0.5122581, 0.51330954, 0.5123908, 0.5127994, 0.51352936, 0.51420635, 0.51244557, 0.5124101, 0.5143409, 0.51386887, 0.51257896, 0.51463836, 0.5147903, 0.51548374, 0.51315814, 0.51291895, 0.5146298, 0.5150215, 0.5160563, 0.5138747, 0.51464695, 0.51647264, 0.5137486, 0.51379365, 0.51389396, 0.5170145, 0.50984997, 0.5151837, 0.51327896, 0.51598305, 0.51451963, 0.5124825, 0.5115075, 0.51840866, 0.5148442, 0.5138503, 0.51253796, 0.50840634, 0.5078998, 0.51187456, 0.51228523, 0.51184756, 0.51569146, 0.5138852, 0.51278466, 0.51238686, 0.5126438, 0.5145457, 0.513935, 0.5134779, 0.5154195, 0.5141604, 0.51441604, 0.51623124, 0.51534694, 0.514737, 0.5155292, 0.51406676, 0.51324177, 0.51427454, 0.51319414, 0.51597273, 0.5140176, 0.5138234, 0.5151325, 0.5140595, 0.51394534, 0.51280683, 0.5149014, 0.513556, 0.5135503, 0.51209694, 0.51574945, 0.5147302, 0.51318955, 0.5122617, 0.515623, 0.51540756, 0.5158989, 0.5146534, 0.5146034, 0.5137392, 0.51258075, 0.5124217, 0.51428115, 0.5143304, 0.5165243, 0.5153628, 0.5155354, 0.5152634, 0.51292926, 0.5129392, 0.5155007, 0.5138149, 0.5163102, 0.5157244, 0.5152801, 0.5146347, 0.5140309, 0.51517993, 0.5158514, 0.5158318, 0.5146647, 0.5130091, 0.5105083, 0.5164899, 0.5159229, 0.5119263, 0.51316535, 0.5138302, 0.51235396, 0.51325035, 0.51584333, 0.51604456, 0.51194084, 0.5157919, 0.5154275, 0.5150028, 0.51385707, 0.5147038, 0.5118825, 0.51644886, 0.51270586, 0.51346755, 0.51539606, 0.5156369, 0.5108109, 0.5161117, 0.51294607, 0.5125581, 0.5117086, 0.5120027, 0.5150232, 0.5158004, 0.5158848, 0.51636356, 0.5121164, 0.51545674, 0.5148616, 0.5129254, 0.51514375, 0.5147394, 0.5148607, 0.51356536, 0.5134185, 0.5154052, 0.51054066, 0.51470554, 0.5127525, 0.5155323, 0.51550364, 0.5149646, 0.5170238, 0.5150994, 0.5128427, 0.5137314, 0.516488, 0.5161854, 0.5126863, 0.5160894, 0.51614577, 0.51522785, 0.51557744, 0.51493704, 0.5152527, 0.51605844, 0.5145432, 0.51424754, 0.51345736, 0.5148311, 0.5156694, 0.51330113, 0.5139306, 0.51611674, 0.51443905, 0.5158681, 0.5156208, 0.51640415, 0.51134425, 0.5154936, 0.51068896, 0.51122206, 0.5142181]
[0.5077641, 0.50098354, 0.50120515, 0.5081878, 0.5035756, 0.50368404, 0.5089062, 0.5012976, 0.5010389, 0.50664, 0.50348485, 0.5020782, 0.5035303, 0.50859934, 0.5078569, 0.5098861, 0.50122964, 0.50262153, 0.5030266, 0.5081403, 0.5083035, 0.5027592, 0.5042136, 0.50423086, 0.50653464, 0.5079001, 0.5037822, 0.5034434, 0.5022804, 0.51510423, 0.50269103, 0.5027399, 0.50388753, 0.5053121, 0.50125825, 0.50448453, 0.5053098, 0.5046166, 0.50521266, 0.5034857, 0.50119317, 0.504073, 0.50865793, 0.5080382, 0.50110686, 0.5039391, 0.50480884, 0.50386, 0.50231284, 0.5029518, 0.5040314, 0.5038202, 0.50262564, 0.5078747, 0.5093271, 0.5100817, 0.50600576, 0.5055931, 0.50168264, 0.503412, 0.5081024, 0.50124264, 0.5052966, 0.50971437, 0.5112664, 0.5072567, 0.502369, 0.5034569, 0.5012726, 0.5081972, 0.50313514, 0.5059536, 0.50120384, 0.5008323, 0.50290513, 0.5030434, 0.5014186, 0.5037889, 0.504257, 0.5067013, 0.50915873, 0.5069678, 0.508901, 0.50603086, 0.5010791, 0.502119, 0.5105909, 0.5047943, 0.5052709, 0.5097575, 0.5027799, 0.50526303, 0.50156677, 0.5047584, 0.50348985, 0.50557345, 0.5054835, 0.5054113, 0.5041814, 0.50549453, 0.506936, 0.5078789, 0.5125187, 0.51606816, 0.5151374, 0.5132848, 0.5169506, 0.5131814, 0.5194432, 0.517318, 0.5158077, 0.51780826, 0.5125564, 0.51099217, 0.51118493, 0.51792276, 0.51727927, 0.51737905, 0.513312, 0.513614, 0.51341105, 0.5134705, 0.51120526, 0.50929016, 0.51288277, 0.51419604, 0.5136084, 0.51431304, 0.51433176, 0.51547635, 0.5131012, 0.51320416, 0.5152399, 0.5150195, 0.5134795, 0.51596063, 0.51600647, 0.5162051, 0.5139526, 0.51442593, 0.5160246, 0.5163035, 0.517468, 0.515229, 0.51602006, 0.5176488, 0.51451784, 0.5149546, 0.514992, 0.5180105, 0.51078856, 0.5158726, 0.5138073, 0.51752365, 0.5162186, 0.5137352, 0.5122991, 0.51998854, 0.5163897, 0.5155909, 0.51391506, 0.5083334, 0.5074487, 0.51334023, 0.5131466, 0.51264465, 0.5168678, 0.51511204, 0.51387477, 0.51293546, 0.5132354, 0.5155475, 0.51472807, 0.51471204, 0.5168736, 0.5154543, 0.5155021, 0.51806235, 0.5165169, 0.5158437, 0.5165844, 0.5152266, 0.5144299, 0.515899, 0.51478326, 0.5175628, 0.5155134, 0.5150567, 0.51593935, 0.514554, 0.51459587, 0.51309466, 0.5162837, 0.51502204, 0.51463026, 0.5130375, 0.51722187, 0.516097, 0.51447356, 0.5132151, 0.5171947, 0.5170368, 0.5178161, 0.5164407, 0.5157167, 0.51459646, 0.5137794, 0.5135105, 0.5159481, 0.51579654, 0.5187416, 0.51643723, 0.5166898, 0.51657355, 0.5138473, 0.51414365, 0.5166025, 0.5154708, 0.51841843, 0.51775604, 0.51639974, 0.51607704, 0.51504236, 0.51609546, 0.51719147, 0.5172117, 0.51631117, 0.51439655, 0.5117106, 0.5185379, 0.51763695, 0.5127337, 0.5145926, 0.51535976, 0.5141613, 0.51439124, 0.51729834, 0.5173284, 0.51325655, 0.5166567, 0.51666206, 0.5159168, 0.51513076, 0.51519763, 0.5124041, 0.5179289, 0.5141836, 0.51444846, 0.51688284, 0.51637805, 0.51167804, 0.51730484, 0.5137407, 0.5130841, 0.5122802, 0.51271975, 0.5162879, 0.5173866, 0.5171792, 0.51785785, 0.5127058, 0.5166376, 0.51665556, 0.5137512, 0.51659286, 0.51619613, 0.5162806, 0.51511985, 0.51410735, 0.5164674, 0.5111794, 0.5159052, 0.5142642, 0.5171637, 0.5173954, 0.5158783, 0.5183588, 0.51577955, 0.5142629, 0.51516527, 0.51795304, 0.5172689, 0.5138475, 0.517583, 0.5182553, 0.5175144, 0.5168704, 0.5163254, 0.51651007, 0.5170833, 0.5154219, 0.51519024, 0.5149353, 0.5162316, 0.5170526, 0.5149535, 0.5158815, 0.5172227, 0.5157421, 0.5171262, 0.5169492, 0.5181948, 0.5116585, 0.5170858, 0.5117183, 0.51262116, 0.51503277]
[0.5042413, 0.5021512, 0.5027629, 0.50507396, 0.5009166, 0.5008378, 0.5052825, 0.5028985, 0.50239325, 0.50412637, 0.5010455, 0.5015926, 0.501418, 0.5047124, 0.5044951, 0.505413, 0.5025566, 0.5019296, 0.5026046, 0.5047031, 0.50463974, 0.50271857, 0.5006667, 0.5031642, 0.5034311, 0.5046613, 0.5032933, 0.50291556, 0.50139004, 0.50751144, 0.50330776, 0.5016879, 0.50134534, 0.50409114, 0.5025141, 0.500706, 0.5010236, 0.5010476, 0.5011186, 0.50149477, 0.50219274, 0.5032178, 0.50483644, 0.5048075, 0.50213015, 0.50105816, 0.5009761, 0.50391734, 0.5028817, 0.5010247, 0.50079507, 0.5014571, 0.5013076, 0.5046362, 0.50527877, 0.50581867, 0.5037863, 0.50325495, 0.50238794, 0.5027445, 0.5044866, 0.5020237, 0.5036744, 0.5051557, 0.50655586, 0.50407386, 0.5025441, 0.50234693, 0.5018028, 0.50444776, 0.5032641, 0.50343645, 0.50254136, 0.501982, 0.5034114, 0.5023774, 0.50187266, 0.5037079, 0.50342715, 0.5041496, 0.50483954, 0.5042432, 0.5048034, 0.50342166, 0.5028181, 0.50192267, 0.5056356, 0.50373894, 0.503748, 0.5053069, 0.5013839, 0.5020939, 0.5021024, 0.5033351, 0.5008905, 0.5013477, 0.50181586, 0.50389457, 0.5035741, 0.50405353, 0.5043644, 0.5046986, 0.5068479, 0.508651, 0.5079655, 0.5075415, 0.5085475, 0.50702876, 0.5096586, 0.5086131, 0.5079681, 0.50896454, 0.5067169, 0.5059578, 0.5058812, 0.50902116, 0.508588, 0.5088252, 0.50708693, 0.50758076, 0.50754666, 0.5071414, 0.50625896, 0.5053365, 0.50703233, 0.50761205, 0.5071901, 0.50759566, 0.50753736, 0.50778186, 0.5067753, 0.50706583, 0.5077998, 0.50767255, 0.5072757, 0.50838745, 0.50839037, 0.50847656, 0.50711054, 0.5075528, 0.5082196, 0.50835055, 0.50885135, 0.5081387, 0.50834703, 0.5089938, 0.50744826, 0.5076764, 0.50791156, 0.5093109, 0.5059202, 0.50807726, 0.50710386, 0.5088722, 0.50837153, 0.5070517, 0.5065632, 0.5099646, 0.5085944, 0.5079397, 0.5072975, 0.5048666, 0.5050091, 0.5070085, 0.50699216, 0.50671023, 0.5087297, 0.5079119, 0.5073149, 0.5070652, 0.5071716, 0.50795126, 0.5076576, 0.50740033, 0.5084642, 0.5078451, 0.5078052, 0.5088639, 0.50846803, 0.5078053, 0.5089892, 0.50782806, 0.50747, 0.50821173, 0.5078155, 0.5091659, 0.5080326, 0.50769204, 0.5081954, 0.50773287, 0.50768685, 0.5071475, 0.50828195, 0.5076603, 0.5074991, 0.507111, 0.5086452, 0.5082628, 0.50736785, 0.50672674, 0.5086296, 0.50858855, 0.5091408, 0.5081225, 0.5081323, 0.5073737, 0.5074751, 0.5073889, 0.5081522, 0.5083289, 0.5094191, 0.50851613, 0.50872093, 0.50834006, 0.5075488, 0.5076185, 0.5085394, 0.5078969, 0.5088332, 0.5087243, 0.50854623, 0.50841844, 0.50779176, 0.50860363, 0.5090179, 0.50881624, 0.50824314, 0.50755036, 0.5059532, 0.50915056, 0.50871414, 0.5069142, 0.50736487, 0.50774366, 0.50738287, 0.50753844, 0.50854367, 0.5088013, 0.5070073, 0.5088044, 0.5088056, 0.50840634, 0.5080059, 0.5078663, 0.5068943, 0.5093167, 0.5072387, 0.5077496, 0.50857216, 0.5085254, 0.50646293, 0.5088965, 0.5070361, 0.5070154, 0.5066353, 0.5068505, 0.5083723, 0.50876135, 0.5086846, 0.50915045, 0.50674087, 0.5086688, 0.5084441, 0.5071808, 0.50831634, 0.5082444, 0.5083656, 0.507938, 0.50767136, 0.5084203, 0.5061479, 0.5083491, 0.50741357, 0.50872296, 0.50882035, 0.5083734, 0.5092207, 0.5082392, 0.5072893, 0.50796205, 0.5089898, 0.50883263, 0.5074741, 0.50877875, 0.5090279, 0.508629, 0.5085203, 0.5083271, 0.5087441, 0.5088883, 0.5076374, 0.5076424, 0.50773865, 0.50839543, 0.50857925, 0.50732857, 0.507824, 0.5090772, 0.5079842, 0.5087581, 0.50854266, 0.50893426, 0.5063264, 0.5086912, 0.5065889, 0.5068426, 0.508109]
[0.5060774, 0.5006871, 0.5013839, 0.5077436, 0.5043914, 0.5041853, 0.5060206, 0.5009009, 0.50133014, 0.5044875, 0.5039959, 0.5027846, 0.50315887, 0.5055631, 0.50527376, 0.50757056, 0.5009308, 0.5018443, 0.50403327, 0.5039357, 0.50454986, 0.50260174, 0.50410795, 0.5015409, 0.50221694, 0.50641215, 0.5041653, 0.5053694, 0.50251603, 0.5106308, 0.5007362, 0.5034829, 0.50350535, 0.5062573, 0.5011662, 0.50527036, 0.5056973, 0.5046672, 0.5059884, 0.50335556, 0.50126404, 0.50299275, 0.5056042, 0.5067842, 0.5010148, 0.50325894, 0.503716, 0.5027634, 0.50383455, 0.5028376, 0.50378597, 0.5035124, 0.5037487, 0.5066538, 0.507382, 0.50782514, 0.5048294, 0.504036, 0.50061524, 0.5016129, 0.505817, 0.50149935, 0.5047548, 0.50780106, 0.5091882, 0.50576633, 0.50347966, 0.5032551, 0.5016417, 0.50647223, 0.50303435, 0.5051748, 0.50086576, 0.5016245, 0.50391155, 0.5019924, 0.5023671, 0.5022757, 0.5031208, 0.5065224, 0.50765544, 0.5044677, 0.5068011, 0.50335306, 0.50106066, 0.5026922, 0.50796765, 0.50556356, 0.5056093, 0.5070952, 0.50142777, 0.5051594, 0.50192237, 0.5038035, 0.5033102, 0.5041022, 0.5052044, 0.50525343, 0.50443804, 0.5053263, 0.5054744, 0.50584567, 0.50946516, 0.5116592, 0.51055026, 0.5095886, 0.5117015, 0.5096345, 0.51353025, 0.5121518, 0.5111141, 0.51217866, 0.50915736, 0.5081872, 0.5082775, 0.51247877, 0.511689, 0.512196, 0.5105692, 0.5097966, 0.5097774, 0.5099658, 0.5087911, 0.50799066, 0.5099813, 0.51084024, 0.5103102, 0.5096701, 0.5107609, 0.51099944, 0.50985897, 0.5098919, 0.51135814, 0.5108379, 0.5098374, 0.5113599, 0.51154596, 0.51185924, 0.5106706, 0.5102466, 0.5113457, 0.51174253, 0.5125188, 0.51094913, 0.5112162, 0.5123091, 0.5107849, 0.510757, 0.5106475, 0.5128838, 0.50766194, 0.5121909, 0.5108551, 0.51254416, 0.5115897, 0.5097665, 0.5091008, 0.5143081, 0.51172787, 0.51068103, 0.50974953, 0.50691146, 0.5068082, 0.50920475, 0.50975186, 0.50934833, 0.512883, 0.5107619, 0.5101031, 0.509831, 0.51005995, 0.5116814, 0.5105864, 0.5107207, 0.5117681, 0.51083523, 0.5112169, 0.5123564, 0.5118188, 0.51156545, 0.51235795, 0.5114425, 0.5108015, 0.5109462, 0.51012594, 0.51221824, 0.51090115, 0.5109412, 0.5114197, 0.5108735, 0.51085037, 0.51097995, 0.5112601, 0.5109516, 0.5103557, 0.50895846, 0.5123645, 0.5117491, 0.51078224, 0.51001096, 0.51166904, 0.51178586, 0.51199895, 0.51133245, 0.5115994, 0.51108253, 0.51019603, 0.5101098, 0.51118374, 0.5114346, 0.51291317, 0.5119533, 0.5117803, 0.51188123, 0.5097175, 0.510128, 0.511544, 0.5106794, 0.51175874, 0.51200044, 0.5115813, 0.51150787, 0.510988, 0.5116408, 0.51268023, 0.5121554, 0.5112252, 0.51028734, 0.5083622, 0.512571, 0.5120457, 0.50972223, 0.5104026, 0.5107948, 0.5100612, 0.5103286, 0.511818, 0.51237077, 0.5092969, 0.5122775, 0.51233757, 0.51175374, 0.5110933, 0.5112643, 0.5092437, 0.51241267, 0.51016235, 0.51049256, 0.51175845, 0.51197225, 0.5087306, 0.5124124, 0.5103084, 0.5100958, 0.5096011, 0.5097858, 0.5112621, 0.51181847, 0.5123754, 0.51264286, 0.509269, 0.5114605, 0.51145315, 0.51040685, 0.51178616, 0.5114804, 0.5114172, 0.51028407, 0.5105641, 0.5119887, 0.5089071, 0.5114639, 0.50984603, 0.5117755, 0.51169544, 0.511086, 0.513292, 0.5120218, 0.5101204, 0.5108422, 0.5126634, 0.5122583, 0.50998753, 0.51177746, 0.51246154, 0.51142246, 0.51217663, 0.51180094, 0.5123895, 0.5123819, 0.5113242, 0.51143306, 0.5105116, 0.5115905, 0.51192605, 0.5100661, 0.5104501, 0.5127272, 0.5110364, 0.5123243, 0.5120685, 0.5121907, 0.50919914, 0.5122562, 0.5084346, 0.50914675, 0.5109803]
[0.5045576, 0.5009106, 0.5014373, 0.50540227, 0.50139993, 0.50111943, 0.5051532, 0.5012623, 0.50115013, 0.50443596, 0.5012067, 0.5001492, 0.5013207, 0.5044212, 0.50366217, 0.5060022, 0.50112045, 0.50030035, 0.5022462, 0.5041187, 0.50505376, 0.5020552, 0.50179446, 0.50172126, 0.50236267, 0.504927, 0.50252736, 0.50243706, 0.5001876, 0.50857085, 0.50167125, 0.5006599, 0.5010869, 0.50314987, 0.5007041, 0.50237346, 0.5028823, 0.5020985, 0.5027246, 0.5005544, 0.5004852, 0.50234395, 0.5048305, 0.50518715, 0.5008824, 0.5008795, 0.5014547, 0.5022148, 0.5018098, 0.5009877, 0.5019569, 0.5016215, 0.5004812, 0.5052113, 0.5059666, 0.50621045, 0.50364494, 0.5026447, 0.5018836, 0.502794, 0.50487334, 0.5013348, 0.5039399, 0.50580156, 0.5071629, 0.5041433, 0.50181335, 0.5018469, 0.50061035, 0.5053216, 0.50221735, 0.5034434, 0.5006684, 0.5008756, 0.5021727, 0.50232583, 0.5002853, 0.5023894, 0.5028814, 0.50462794, 0.5057056, 0.5035375, 0.50488573, 0.5033471, 0.50083727, 0.50020397, 0.50645095, 0.50380737, 0.5034001, 0.50565964, 0.5001993, 0.50301135, 0.5003657, 0.50322664, 0.5017701, 0.50308836, 0.5034217, 0.5038195, 0.50292176, 0.50361943, 0.5038139, 0.50438005, 0.50771844, 0.5093602, 0.5083897, 0.50779605, 0.5093211, 0.5074505, 0.51106405, 0.5098169, 0.50898683, 0.5101138, 0.50737673, 0.50667864, 0.5068884, 0.5102756, 0.5096491, 0.5101295, 0.50766546, 0.5079892, 0.5080393, 0.5078293, 0.5068571, 0.5062166, 0.5079125, 0.5082905, 0.508085, 0.50841033, 0.50850177, 0.50893885, 0.50768834, 0.5077935, 0.5090727, 0.50875777, 0.50794345, 0.5093594, 0.50946814, 0.50941586, 0.507943, 0.5085617, 0.50910676, 0.5094006, 0.5100805, 0.508697, 0.509069, 0.510143, 0.50914776, 0.50880474, 0.5087832, 0.51033777, 0.5062879, 0.5094062, 0.5086228, 0.5097748, 0.5092229, 0.5077898, 0.5071899, 0.5111482, 0.50919205, 0.5089128, 0.5081863, 0.50556046, 0.5053737, 0.5075661, 0.50800925, 0.5076369, 0.50973624, 0.5086376, 0.50784016, 0.5076534, 0.5078193, 0.50909084, 0.5086278, 0.50840586, 0.5097546, 0.50878364, 0.50915277, 0.5099568, 0.50927454, 0.5090547, 0.50957507, 0.5087548, 0.50832784, 0.5091145, 0.5087762, 0.5100572, 0.5090184, 0.5086974, 0.50959504, 0.5087048, 0.5087259, 0.5076689, 0.5091736, 0.5083696, 0.5081385, 0.5074129, 0.5097798, 0.50926834, 0.50814056, 0.5077376, 0.50940067, 0.5097884, 0.5102463, 0.5091553, 0.5091092, 0.50845176, 0.50805783, 0.50785613, 0.5089322, 0.5091588, 0.5105521, 0.50945777, 0.5095447, 0.50961447, 0.508176, 0.5082565, 0.5095651, 0.50876796, 0.5101788, 0.5101551, 0.5094023, 0.5092851, 0.5088598, 0.5092321, 0.50994676, 0.50981206, 0.5091435, 0.50851524, 0.5068446, 0.5104348, 0.5101001, 0.5079905, 0.50864404, 0.50886303, 0.50815976, 0.5083923, 0.5097871, 0.50994223, 0.50770235, 0.5098816, 0.5097277, 0.5094761, 0.5090534, 0.50874275, 0.50756794, 0.51023155, 0.50802207, 0.5084626, 0.5099881, 0.5098072, 0.50711364, 0.5100823, 0.5078833, 0.50779, 0.507195, 0.5074215, 0.50944155, 0.5098481, 0.5100502, 0.5103624, 0.50761527, 0.5094989, 0.5093913, 0.5079871, 0.5096063, 0.50899166, 0.5092884, 0.5083637, 0.50829303, 0.5094325, 0.50661206, 0.5092375, 0.50806034, 0.5096627, 0.5099908, 0.5092721, 0.5103025, 0.50914323, 0.5081719, 0.50882417, 0.5101497, 0.5097131, 0.5081008, 0.5098815, 0.5101998, 0.5096567, 0.5097297, 0.5095579, 0.50983113, 0.5098242, 0.5090024, 0.5089614, 0.5087141, 0.5093497, 0.509724, 0.50863194, 0.5089646, 0.5105519, 0.5088897, 0.5098113, 0.50970006, 0.5101591, 0.5073125, 0.5096801, 0.5070866, 0.50744, 0.5090482]
[0.50813353, 0.49992955, 0.49941906, 0.51023084, 0.50090563, 0.5006941, 0.50969166, 0.50085604, 0.4993169, 0.5062858, 0.50018656, 0.49968746, 0.50009346, 0.5097674, 0.5093764, 0.5106819, 0.4997972, 0.49981868, 0.50061136, 0.5086712, 0.5079458, 0.50085557, 0.5006572, 0.50374377, 0.50567925, 0.5088059, 0.50385773, 0.50107974, 0.5003807, 0.51548195, 0.5010941, 0.50049776, 0.50072086, 0.507957, 0.5014743, 0.50102174, 0.50135267, 0.50088394, 0.50133467, 0.50032675, 0.4992225, 0.502615, 0.509588, 0.50941056, 0.4998702, 0.5009486, 0.5011975, 0.5041498, 0.5006536, 0.5002504, 0.5004417, 0.5000239, 0.499941, 0.5099955, 0.51103365, 0.51096016, 0.50541705, 0.50296205, 0.4993369, 0.5003933, 0.50907826, 0.49960905, 0.5048578, 0.51092863, 0.5136802, 0.5081998, 0.50224185, 0.5016214, 0.49936613, 0.5081069, 0.5011889, 0.50355405, 0.49958497, 0.49960098, 0.5014843, 0.501108, 0.5000071, 0.5057829, 0.5029878, 0.5069397, 0.5099682, 0.50630355, 0.50939107, 0.5055946, 0.5002143, 0.49965322, 0.5118351, 0.5041705, 0.5083426, 0.5103835, 0.5001186, 0.50130504, 0.4996643, 0.5037034, 0.50054467, 0.5013024, 0.5014476, 0.50535846, 0.50322855, 0.5057212, 0.5085027, 0.5089344, 0.51378006, 0.51700014, 0.5160719, 0.514867, 0.51758015, 0.514486, 0.5200409, 0.5179572, 0.51639766, 0.518095, 0.51300734, 0.5119314, 0.51205605, 0.51841044, 0.51740646, 0.5181346, 0.51456016, 0.5147642, 0.5142378, 0.5146139, 0.51245266, 0.51147705, 0.5146059, 0.5156428, 0.51431984, 0.51519585, 0.51543343, 0.5162695, 0.51393795, 0.5143229, 0.5162526, 0.51618713, 0.5149529, 0.5159748, 0.5170026, 0.5178236, 0.5147455, 0.51499265, 0.516571, 0.51725376, 0.51810163, 0.51573133, 0.5173263, 0.518184, 0.5153729, 0.51512444, 0.51641965, 0.5191188, 0.51127076, 0.5169788, 0.51491225, 0.5175894, 0.5168273, 0.5144965, 0.5129314, 0.52053636, 0.5170833, 0.5156717, 0.51460254, 0.5095639, 0.50961393, 0.5139075, 0.5146554, 0.5136751, 0.51837593, 0.51604337, 0.5147217, 0.5143768, 0.5146158, 0.5164663, 0.5155501, 0.5151651, 0.5172013, 0.51646686, 0.51606864, 0.5185302, 0.51717544, 0.5164693, 0.5179467, 0.5168443, 0.515965, 0.51582783, 0.51578856, 0.51805407, 0.5164273, 0.5160132, 0.51709163, 0.5155556, 0.5153796, 0.51458967, 0.5167331, 0.5159749, 0.51529956, 0.5138363, 0.51805305, 0.5171784, 0.51502, 0.5137333, 0.51726395, 0.51749015, 0.5184421, 0.5165457, 0.5166594, 0.5152987, 0.51453847, 0.5142504, 0.515922, 0.5163566, 0.51868445, 0.51689816, 0.5173338, 0.5172822, 0.5148692, 0.5147596, 0.5171581, 0.5159843, 0.51838815, 0.51780325, 0.51699233, 0.51637226, 0.5161625, 0.5171267, 0.51825434, 0.5177675, 0.5165609, 0.5151598, 0.51198256, 0.5184273, 0.51777595, 0.51364106, 0.5148388, 0.51530945, 0.5146456, 0.5149588, 0.51738447, 0.51835525, 0.5143523, 0.517952, 0.51778066, 0.5166969, 0.51609856, 0.516228, 0.513313, 0.5186069, 0.51447314, 0.51528156, 0.51736873, 0.51747084, 0.5125072, 0.517847, 0.51456213, 0.51428854, 0.51319426, 0.5137144, 0.51650184, 0.51772094, 0.5178776, 0.51857466, 0.5136615, 0.5173196, 0.5165015, 0.51471436, 0.51709914, 0.51671827, 0.51680934, 0.51606566, 0.5151528, 0.51740336, 0.51215094, 0.5169952, 0.5146067, 0.5174728, 0.5177987, 0.51626265, 0.5187888, 0.5169176, 0.5145725, 0.515636, 0.5184974, 0.5176892, 0.5143006, 0.5180857, 0.51805264, 0.5172244, 0.5176404, 0.5171536, 0.518184, 0.51820195, 0.51592773, 0.5155424, 0.515902, 0.51713014, 0.5177572, 0.5152472, 0.5159828, 0.5183158, 0.5158895, 0.5181061, 0.5177054, 0.51804584, 0.5125448, 0.5174401, 0.5124161, 0.51290214, 0.51593614]
[0.5064396, 0.5029566, 0.5029381, 0.5073632, 0.5013344, 0.50116944, 0.5082256, 0.50285673, 0.5024638, 0.50590587, 0.50085855, 0.5003119, 0.50041145, 0.5060781, 0.5053179, 0.5087343, 0.5018001, 0.49978647, 0.50525093, 0.5065311, 0.5069299, 0.50343746, 0.50018376, 0.5018887, 0.5030532, 0.5073937, 0.5050332, 0.50585943, 0.5008913, 0.51116616, 0.5025906, 0.49975336, 0.50062674, 0.505174, 0.5020744, 0.502126, 0.5025014, 0.5019728, 0.5021457, 0.49995148, 0.50076705, 0.50544786, 0.5066147, 0.5078333, 0.502285, 0.49992287, 0.5011822, 0.503455, 0.50346917, 0.4999985, 0.50072354, 0.5003826, 0.4999622, 0.5068064, 0.508323, 0.50873244, 0.50424564, 0.50398105, 0.5032541, 0.5048691, 0.5072069, 0.50312895, 0.50633645, 0.50761133, 0.50960684, 0.50725555, 0.50307024, 0.50277066, 0.50122833, 0.5077334, 0.50544196, 0.5060666, 0.50134087, 0.50147957, 0.50427234, 0.5048516, 0.50104415, 0.5051392, 0.5048063, 0.50715345, 0.508235, 0.5050901, 0.50760937, 0.5048846, 0.5023973, 0.5001115, 0.5088324, 0.5065972, 0.50515056, 0.5078997, 0.5020921, 0.5016234, 0.50027454, 0.5057868, 0.5014868, 0.50178266, 0.5022854, 0.5063376, 0.5051402, 0.50625765, 0.5046929, 0.5054815, 0.51044565, 0.5120332, 0.51146173, 0.5105334, 0.5125101, 0.5090151, 0.5145779, 0.5129243, 0.5120771, 0.51384556, 0.5102055, 0.5096135, 0.50977695, 0.5135092, 0.5127734, 0.5135197, 0.5101001, 0.51047194, 0.510801, 0.50983006, 0.5094612, 0.50855905, 0.5106831, 0.5111617, 0.5105624, 0.510507, 0.5116576, 0.51235205, 0.5108307, 0.51037467, 0.51230454, 0.5119523, 0.5109825, 0.51306987, 0.51253647, 0.51287705, 0.5109624, 0.51152354, 0.5122869, 0.51252306, 0.51343095, 0.5119884, 0.5125074, 0.5136439, 0.512646, 0.51237965, 0.51145136, 0.5138127, 0.5080619, 0.51319844, 0.51193935, 0.51306415, 0.51210296, 0.51036733, 0.50966424, 0.51494616, 0.5121273, 0.51184106, 0.5100336, 0.50779974, 0.5078697, 0.51007104, 0.5107599, 0.51043606, 0.5130756, 0.5118632, 0.510994, 0.5106119, 0.510517, 0.5126472, 0.5117459, 0.5111584, 0.5133474, 0.5117573, 0.5123322, 0.5133946, 0.51274174, 0.5124283, 0.5119472, 0.5115469, 0.5107001, 0.51196694, 0.51162964, 0.5133722, 0.5120071, 0.5116527, 0.51317614, 0.5119713, 0.5118256, 0.510021, 0.51248175, 0.5116287, 0.51132804, 0.5103747, 0.513429, 0.5124387, 0.51094097, 0.5105206, 0.51297873, 0.5131532, 0.5131626, 0.51244134, 0.5122607, 0.51167667, 0.51043516, 0.5102056, 0.51245207, 0.5124741, 0.51405144, 0.5127997, 0.5127624, 0.5127747, 0.51120526, 0.51123995, 0.5130382, 0.51219994, 0.51379263, 0.51360667, 0.5129742, 0.51226234, 0.5117077, 0.5126825, 0.5132324, 0.5130769, 0.5125588, 0.5112683, 0.50959206, 0.51329243, 0.5130272, 0.5107634, 0.51170135, 0.51175857, 0.51057, 0.51119167, 0.51348263, 0.51334894, 0.5098583, 0.5128347, 0.5126768, 0.5122171, 0.51170355, 0.51161885, 0.5105591, 0.5136896, 0.51103604, 0.5112719, 0.513206, 0.51349086, 0.5097011, 0.5136049, 0.5106286, 0.5104819, 0.5098928, 0.5099371, 0.512817, 0.5133318, 0.5132275, 0.51331836, 0.51088077, 0.51338786, 0.5129406, 0.51098734, 0.512889, 0.51233023, 0.5124838, 0.5108646, 0.5112172, 0.5130604, 0.5098302, 0.5124885, 0.51144123, 0.51289046, 0.51308393, 0.512739, 0.51405674, 0.5122868, 0.51088583, 0.5115753, 0.5136161, 0.51322615, 0.5111194, 0.5131803, 0.5135012, 0.5124165, 0.5128506, 0.5124703, 0.5122018, 0.5131063, 0.5121562, 0.5122456, 0.51140416, 0.51221913, 0.5124602, 0.51199025, 0.51176536, 0.5137859, 0.5115402, 0.51347655, 0.512998, 0.51323545, 0.509891, 0.51237655, 0.5094657, 0.5098515, 0.51229554]
[0.50778866, 0.5010697, 0.5016184, 0.5091168, 0.5025794, 0.5026202, 0.50753427, 0.5019219, 0.50108093, 0.5063126, 0.5021342, 0.5011413, 0.5018484, 0.5068774, 0.5054274, 0.50989205, 0.50196654, 0.5007386, 0.50484115, 0.50596905, 0.5068482, 0.50245184, 0.5027786, 0.50199753, 0.50351477, 0.50732017, 0.50434625, 0.5061026, 0.50163555, 0.51331025, 0.502326, 0.50191987, 0.50218034, 0.50663334, 0.50149614, 0.5038659, 0.5038651, 0.5031873, 0.50371563, 0.50198835, 0.5006875, 0.5035995, 0.5074302, 0.50877935, 0.5011989, 0.502003, 0.5021407, 0.5035641, 0.5032639, 0.5020472, 0.5028536, 0.5024758, 0.5019041, 0.5079445, 0.5094978, 0.51014584, 0.5043251, 0.5028098, 0.50198704, 0.50294185, 0.50703716, 0.5011875, 0.50538695, 0.5096459, 0.51173794, 0.5068695, 0.50142777, 0.5018335, 0.5006542, 0.508645, 0.50494367, 0.5060559, 0.5006471, 0.50064975, 0.5042037, 0.50222045, 0.50140876, 0.50385135, 0.5048238, 0.50809956, 0.50954926, 0.50493187, 0.5085706, 0.50376743, 0.5011273, 0.5017334, 0.50979245, 0.504451, 0.50523543, 0.50954556, 0.5009825, 0.5038653, 0.5010581, 0.50592226, 0.5024654, 0.50307024, 0.50380415, 0.5060896, 0.504423, 0.50642115, 0.50609887, 0.5074351, 0.51209825, 0.515107, 0.51361376, 0.51260895, 0.51493394, 0.5122902, 0.517281, 0.5154952, 0.51432395, 0.51577204, 0.5117053, 0.5103434, 0.5108529, 0.51592547, 0.5149745, 0.5157624, 0.51279336, 0.5127809, 0.5132596, 0.51285356, 0.5111566, 0.51015645, 0.5130158, 0.51381, 0.5131495, 0.5128647, 0.51368815, 0.5139886, 0.5125742, 0.51282096, 0.5141761, 0.5136171, 0.51290166, 0.5147496, 0.51496935, 0.5151135, 0.5130504, 0.5135356, 0.51463634, 0.5148306, 0.51591605, 0.51414436, 0.51455426, 0.51594144, 0.51410794, 0.5141854, 0.51379734, 0.51637053, 0.5099621, 0.5149127, 0.513504, 0.51546025, 0.5145586, 0.5122246, 0.5117636, 0.51785654, 0.5146538, 0.5143854, 0.5128143, 0.50880766, 0.5090841, 0.5116469, 0.512332, 0.5118279, 0.51568663, 0.5139895, 0.51289785, 0.51220447, 0.5125382, 0.51474357, 0.5138499, 0.51349664, 0.51511186, 0.51354957, 0.51452976, 0.51618576, 0.51515305, 0.51447225, 0.51526266, 0.5143797, 0.5136149, 0.5142646, 0.513411, 0.5159781, 0.51432055, 0.51376224, 0.5148915, 0.5137954, 0.5137435, 0.5130258, 0.5144913, 0.5142039, 0.5129936, 0.51128983, 0.51588523, 0.51482725, 0.5129871, 0.5124089, 0.51510745, 0.5151334, 0.5153931, 0.5145478, 0.51460254, 0.51410735, 0.5131585, 0.51288193, 0.51449716, 0.51470214, 0.5165425, 0.5152, 0.5149488, 0.51496714, 0.51306987, 0.5131229, 0.5151229, 0.513857, 0.5156503, 0.51570815, 0.5148962, 0.51446813, 0.51367664, 0.5150552, 0.5158347, 0.51528436, 0.51458204, 0.51370394, 0.5105929, 0.5158905, 0.51520663, 0.5126309, 0.51322645, 0.51360536, 0.5128032, 0.51336193, 0.5152769, 0.5156137, 0.5121733, 0.51564014, 0.5154621, 0.5150018, 0.5141186, 0.5142428, 0.51231784, 0.515884, 0.5130043, 0.51344496, 0.51535195, 0.5155538, 0.5111163, 0.516039, 0.5125734, 0.5122832, 0.5119269, 0.5121667, 0.51485115, 0.5153409, 0.5157663, 0.51611197, 0.51215863, 0.51516247, 0.51482415, 0.5130803, 0.51510185, 0.51424754, 0.51476914, 0.512699, 0.5135776, 0.5152429, 0.51109993, 0.5148529, 0.51315, 0.51511455, 0.5151905, 0.5147462, 0.5163398, 0.5150086, 0.5126994, 0.5138133, 0.5159743, 0.51561993, 0.5126681, 0.5154848, 0.51541775, 0.5146994, 0.5153672, 0.5147567, 0.5159324, 0.51554877, 0.51401937, 0.5144749, 0.5135736, 0.5151172, 0.5151918, 0.5132703, 0.51351076, 0.51639825, 0.51396215, 0.5155943, 0.51544505, 0.51610124, 0.51143974, 0.51501507, 0.51117027, 0.5121024, 0.51429045]
[0.50653535, 0.5005691, 0.50063366, 0.5072368, 0.5030268, 0.50315094, 0.5080518, 0.50118953, 0.5002135, 0.5054665, 0.5028172, 0.5016427, 0.5025994, 0.5058044, 0.5045028, 0.5088428, 0.5004846, 0.5015394, 0.50368714, 0.5068003, 0.5066283, 0.50173265, 0.50241715, 0.5013525, 0.50144374, 0.5071957, 0.5026635, 0.50488997, 0.50157124, 0.5125309, 0.50199825, 0.50163853, 0.5022927, 0.5030736, 0.5010547, 0.50431144, 0.5043337, 0.5040235, 0.5040599, 0.5020018, 0.5017685, 0.50270104, 0.5061215, 0.50769186, 0.50008553, 0.5011612, 0.50170535, 0.50335926, 0.5025262, 0.5019152, 0.5022656, 0.5022465, 0.5025561, 0.50674397, 0.5086474, 0.50871205, 0.5032089, 0.50267595, 0.50031954, 0.5014846, 0.50642294, 0.50012684, 0.50409883, 0.50725096, 0.5104322, 0.5060064, 0.500577, 0.5001694, 0.50005317, 0.508312, 0.5052288, 0.50531864, 0.50019956, 0.5000678, 0.5025942, 0.5017802, 0.5013478, 0.5019506, 0.50308335, 0.50606406, 0.5081181, 0.5026273, 0.5078541, 0.50281954, 0.50065297, 0.5013751, 0.50923544, 0.5030316, 0.50266445, 0.5079823, 0.5013423, 0.50403666, 0.50127625, 0.5043411, 0.5029153, 0.50359076, 0.50395745, 0.50467545, 0.503562, 0.50651664, 0.5039752, 0.5051238, 0.5115006, 0.5140418, 0.5121636, 0.5115684, 0.51439095, 0.51101303, 0.5169357, 0.5150707, 0.51384765, 0.5155644, 0.51048356, 0.509935, 0.5101722, 0.51562154, 0.51460016, 0.51502424, 0.5114373, 0.5118943, 0.51203054, 0.5115528, 0.51022404, 0.5089482, 0.51182747, 0.51249677, 0.5118435, 0.5118545, 0.51278865, 0.5133977, 0.5112885, 0.5111893, 0.5137473, 0.51297957, 0.5121229, 0.5145019, 0.51426655, 0.51439255, 0.5120493, 0.5131172, 0.5140303, 0.5142421, 0.515193, 0.5133834, 0.5140095, 0.5153549, 0.5144378, 0.5139384, 0.51243347, 0.51584464, 0.50851285, 0.51447797, 0.5131085, 0.51474196, 0.51371306, 0.5112175, 0.5102975, 0.51734066, 0.5140799, 0.51310813, 0.5116087, 0.5080795, 0.50797886, 0.51077473, 0.51154524, 0.51092386, 0.5151863, 0.51303244, 0.511771, 0.51191336, 0.5117981, 0.51445657, 0.51303893, 0.51257926, 0.51506263, 0.5133046, 0.5139593, 0.5151437, 0.51424503, 0.51400256, 0.5139435, 0.5132671, 0.512401, 0.5140352, 0.512783, 0.5152113, 0.51357573, 0.5130787, 0.51470184, 0.51334774, 0.51342124, 0.51163393, 0.51377016, 0.51233137, 0.51252943, 0.5105982, 0.51505864, 0.51378286, 0.512058, 0.5112521, 0.51481974, 0.5146347, 0.5152549, 0.51356333, 0.5137235, 0.5132443, 0.51213014, 0.51185423, 0.51351684, 0.513645, 0.51612204, 0.51444596, 0.5142804, 0.5141426, 0.5123442, 0.5122703, 0.5148721, 0.5135753, 0.51506567, 0.5154287, 0.51483274, 0.5136807, 0.51301974, 0.5144657, 0.51535743, 0.514941, 0.5139453, 0.5121862, 0.51015604, 0.51525676, 0.51457417, 0.51167786, 0.5127666, 0.51328117, 0.51160145, 0.51268774, 0.51479554, 0.5151994, 0.5107621, 0.5147271, 0.5146293, 0.51435655, 0.51352674, 0.5136119, 0.51127064, 0.51550955, 0.51169884, 0.51206726, 0.5146161, 0.5150144, 0.5103962, 0.51496404, 0.51129705, 0.51105285, 0.5101786, 0.5104292, 0.5139563, 0.51489925, 0.5151264, 0.51522815, 0.5115983, 0.5144637, 0.5141664, 0.511982, 0.51453304, 0.51335835, 0.51347095, 0.51170886, 0.51253086, 0.51492655, 0.5103199, 0.5139527, 0.5120939, 0.514555, 0.5144604, 0.51439846, 0.5154382, 0.51387995, 0.5118249, 0.5128562, 0.5151525, 0.51492304, 0.5121632, 0.5148751, 0.515177, 0.51409864, 0.51502013, 0.5144294, 0.5146703, 0.5151677, 0.51380724, 0.5138205, 0.5130599, 0.5137641, 0.5141305, 0.51275253, 0.5130312, 0.5164297, 0.5132799, 0.5152425, 0.51465887, 0.51584333, 0.51095283, 0.51419365, 0.5105602, 0.51116323, 0.5132933]
[0.50541294, 0.5019817, 0.5017981, 0.50635093, 0.5025627, 0.50263727, 0.5058782, 0.5018112, 0.5012118, 0.50414526, 0.50258416, 0.500758, 0.5017041, 0.5050467, 0.5039793, 0.506711, 0.5021514, 0.5010909, 0.50349873, 0.50494343, 0.50544065, 0.5026693, 0.5020225, 0.50303364, 0.5039642, 0.505448, 0.50342315, 0.5038782, 0.5010409, 0.5093696, 0.50201297, 0.50155324, 0.50208926, 0.50463104, 0.5015628, 0.50357825, 0.50393337, 0.5029353, 0.5041432, 0.5008602, 0.50154346, 0.5035269, 0.5050377, 0.50574803, 0.5011944, 0.5016476, 0.502649, 0.5029169, 0.5030604, 0.5014747, 0.50240934, 0.5024697, 0.50154835, 0.50526565, 0.5066408, 0.5072326, 0.5036368, 0.5030113, 0.50205404, 0.5028821, 0.5052224, 0.50198245, 0.50435585, 0.50680476, 0.5080315, 0.5048053, 0.5022738, 0.50285226, 0.50143385, 0.50626004, 0.50368893, 0.5044653, 0.5018928, 0.5022007, 0.5039833, 0.50280935, 0.5009759, 0.5033183, 0.5029788, 0.50524, 0.50674343, 0.50452435, 0.5057745, 0.5040497, 0.5011831, 0.50102806, 0.50698984, 0.50451314, 0.504759, 0.50678, 0.50129986, 0.50408447, 0.5010572, 0.50401783, 0.50263673, 0.5035671, 0.5043473, 0.50417334, 0.50335956, 0.5048154, 0.5039138, 0.5045117, 0.5089177, 0.51050603, 0.5099521, 0.5089229, 0.5102921, 0.5084165, 0.51213765, 0.5110727, 0.5101916, 0.5110167, 0.50864506, 0.50768006, 0.50796735, 0.511121, 0.5106735, 0.5111419, 0.5090924, 0.50886244, 0.5087549, 0.5086207, 0.507948, 0.50703675, 0.5089262, 0.5097396, 0.50936604, 0.509069, 0.50991356, 0.5103215, 0.5087849, 0.5088737, 0.5104032, 0.5100774, 0.5092995, 0.51041454, 0.51030743, 0.5108253, 0.50943273, 0.5090508, 0.51002616, 0.5105255, 0.5113115, 0.5098547, 0.5103272, 0.5113746, 0.5102435, 0.51018155, 0.5096551, 0.51138884, 0.50702554, 0.5109778, 0.5097494, 0.5109371, 0.5102189, 0.5087175, 0.5081385, 0.512804, 0.51065606, 0.5097425, 0.50889707, 0.5063111, 0.50625634, 0.50842685, 0.5087531, 0.5083165, 0.51112825, 0.50974417, 0.50913346, 0.50874084, 0.5089302, 0.51044697, 0.50964147, 0.5092141, 0.5107627, 0.5099394, 0.5101503, 0.5113451, 0.51041895, 0.5102994, 0.51036984, 0.5099601, 0.50931466, 0.5101168, 0.5096345, 0.5107095, 0.5098766, 0.5099483, 0.5104651, 0.5097648, 0.50965744, 0.50934553, 0.5102263, 0.5093894, 0.5093336, 0.5082717, 0.51084673, 0.51043844, 0.5094396, 0.5090354, 0.5105517, 0.51074123, 0.51067454, 0.5102288, 0.5101151, 0.5097886, 0.5089338, 0.50880164, 0.51015353, 0.5101175, 0.511431, 0.5108581, 0.5108044, 0.5109312, 0.5092662, 0.50930756, 0.5106936, 0.50970554, 0.511281, 0.51111376, 0.51057905, 0.5101402, 0.50990874, 0.51042295, 0.51120275, 0.51106054, 0.5102462, 0.5094047, 0.5078749, 0.5110871, 0.5108641, 0.50878394, 0.50989413, 0.51011115, 0.5090261, 0.5094484, 0.51094806, 0.5109633, 0.50856286, 0.5110426, 0.5109274, 0.51056325, 0.51029557, 0.5104757, 0.5086547, 0.5111646, 0.50910646, 0.50946605, 0.510881, 0.5109428, 0.50796777, 0.5110953, 0.5088657, 0.5087628, 0.5083486, 0.5083815, 0.5102648, 0.51066226, 0.51088, 0.51116407, 0.50835836, 0.51064724, 0.51058596, 0.5093126, 0.5107414, 0.51028246, 0.51060045, 0.5092027, 0.50972193, 0.5109031, 0.50813985, 0.51038194, 0.50899214, 0.51049894, 0.51090324, 0.5104011, 0.51125085, 0.51034445, 0.5094389, 0.509883, 0.5112536, 0.5110186, 0.5092477, 0.5107791, 0.5111242, 0.5102951, 0.51105845, 0.5107078, 0.5107942, 0.51067996, 0.510376, 0.5105542, 0.5095084, 0.51025164, 0.5107457, 0.5093743, 0.50981987, 0.5117358, 0.5098035, 0.51143, 0.51111394, 0.5111845, 0.508572, 0.5106337, 0.5080583, 0.5082906, 0.51011777]
[0.5079109, 0.5006202, 0.5008871, 0.50924975, 0.5026275, 0.5025303, 0.50838983, 0.50035393, 0.50031304, 0.5069599, 0.5023131, 0.5016597, 0.50184095, 0.5082761, 0.5075758, 0.51000196, 0.5006824, 0.5006399, 0.50122696, 0.5072926, 0.5076237, 0.5007078, 0.5028546, 0.5013272, 0.5037367, 0.5082621, 0.50448877, 0.5022844, 0.5018992, 0.51453876, 0.5008449, 0.50204647, 0.50264424, 0.50618124, 0.5002637, 0.5030475, 0.5037211, 0.5032229, 0.50374144, 0.5024595, 0.50036156, 0.5020278, 0.50880104, 0.5087585, 0.50129896, 0.50276, 0.50273436, 0.5036087, 0.5015003, 0.5021852, 0.50284636, 0.5022578, 0.5018575, 0.508834, 0.5094967, 0.5103827, 0.50528216, 0.50242203, 0.50000674, 0.50103545, 0.5076813, 0.5008454, 0.5056249, 0.51019007, 0.5124276, 0.5074047, 0.5010159, 0.5008688, 0.50074184, 0.5080262, 0.5032556, 0.5040952, 0.5003357, 0.50040966, 0.5034339, 0.5003161, 0.5012727, 0.50444895, 0.50373644, 0.5073028, 0.50953966, 0.5056762, 0.5086214, 0.50441486, 0.50052595, 0.50115556, 0.510687, 0.50460917, 0.5067777, 0.5099563, 0.5019879, 0.50386107, 0.5008433, 0.504288, 0.5021534, 0.5033543, 0.50405514, 0.50581074, 0.50360376, 0.5046614, 0.50748044, 0.508454, 0.51282823, 0.51612216, 0.5151262, 0.51413506, 0.5163038, 0.5132291, 0.5188859, 0.516514, 0.51532924, 0.5171918, 0.51267046, 0.5108455, 0.5112152, 0.51733816, 0.51620024, 0.5168468, 0.5137616, 0.51411885, 0.5138584, 0.51397043, 0.51177186, 0.51001704, 0.51339847, 0.5144646, 0.513779, 0.5141434, 0.51435125, 0.51518106, 0.5132917, 0.5135067, 0.51525295, 0.5145635, 0.51375747, 0.5157127, 0.5159961, 0.5164556, 0.5138285, 0.5143813, 0.51553583, 0.5160569, 0.5172412, 0.5153672, 0.515286, 0.51698667, 0.51428396, 0.51444656, 0.5149126, 0.5179539, 0.5110125, 0.51594794, 0.5138863, 0.5170805, 0.5156288, 0.5133363, 0.51262563, 0.51918125, 0.5159961, 0.51523656, 0.51404124, 0.50880176, 0.5088531, 0.51272243, 0.51327467, 0.51302016, 0.5168234, 0.5147297, 0.5133901, 0.5133252, 0.5133276, 0.5154277, 0.5148042, 0.51451254, 0.51623714, 0.51469195, 0.5151034, 0.5172595, 0.51621324, 0.5154608, 0.5170601, 0.5153629, 0.5144714, 0.5155126, 0.5145112, 0.5174462, 0.5151602, 0.51467246, 0.51599044, 0.5148264, 0.51474464, 0.5140681, 0.51579016, 0.5149313, 0.5142476, 0.51273364, 0.5166348, 0.5158427, 0.5137715, 0.51305795, 0.51633215, 0.51629406, 0.51728284, 0.5158642, 0.5155621, 0.51462024, 0.5139285, 0.51387846, 0.51531905, 0.5157766, 0.517955, 0.51647604, 0.51673853, 0.51627934, 0.51402295, 0.514188, 0.5164504, 0.51499146, 0.51702094, 0.51654667, 0.51617026, 0.5158256, 0.5150053, 0.5159884, 0.51728505, 0.5168255, 0.5156094, 0.5145985, 0.5109879, 0.517604, 0.5167269, 0.5131502, 0.51422334, 0.51469046, 0.51362634, 0.5141085, 0.51653093, 0.51679873, 0.513024, 0.51698637, 0.5168206, 0.51632655, 0.5151611, 0.5152727, 0.5129022, 0.51727015, 0.5135898, 0.5145451, 0.5165289, 0.5165561, 0.5121359, 0.5170528, 0.5133749, 0.5130832, 0.51271206, 0.5131091, 0.5160838, 0.5166707, 0.51670927, 0.5175051, 0.51295686, 0.5164975, 0.5159122, 0.5135599, 0.51635224, 0.51529634, 0.5156138, 0.5145572, 0.5143954, 0.51613426, 0.51118594, 0.5157859, 0.514063, 0.5167053, 0.51670426, 0.5158247, 0.51812285, 0.5157717, 0.513583, 0.5151807, 0.51721084, 0.5168617, 0.51356125, 0.5167006, 0.5172896, 0.5163587, 0.5163844, 0.5159512, 0.5168777, 0.5171421, 0.5152145, 0.5147886, 0.5145387, 0.51584023, 0.51666445, 0.5140068, 0.5148906, 0.5175212, 0.51527774, 0.51675564, 0.51645213, 0.5175843, 0.5120252, 0.5166329, 0.5120531, 0.51264983, 0.515544]
[0.50700176, 0.5015629, 0.5021405, 0.5087727, 0.49970698, 0.49960524, 0.50679517, 0.5028699, 0.50129396, 0.50474983, 0.49946317, 0.50070834, 0.49997568, 0.50720274, 0.50702214, 0.5082859, 0.50252295, 0.50134474, 0.5043173, 0.5066705, 0.5075751, 0.50520843, 0.49989787, 0.50533867, 0.5058884, 0.50694436, 0.50605685, 0.50457805, 0.50044525, 0.51189435, 0.50319374, 0.49976975, 0.49962857, 0.5065259, 0.50384146, 0.49986324, 0.5003396, 0.49965942, 0.50023174, 0.49934712, 0.50239444, 0.5041886, 0.50736547, 0.5072877, 0.5011591, 0.49939752, 0.4996437, 0.50518155, 0.50394326, 0.50019103, 0.49991614, 0.5001307, 0.5003311, 0.507608, 0.5085869, 0.5089193, 0.50564253, 0.5054752, 0.5020659, 0.5027821, 0.50718325, 0.5028479, 0.5059224, 0.5089835, 0.51059926, 0.5063211, 0.5042116, 0.50488806, 0.5023843, 0.50695413, 0.5046685, 0.5053281, 0.5029355, 0.50265694, 0.5059734, 0.5034686, 0.50041026, 0.50553167, 0.50533336, 0.507046, 0.50822234, 0.5058696, 0.50759995, 0.50598943, 0.501422, 0.5006266, 0.50935626, 0.50584376, 0.5071186, 0.50826216, 0.5008071, 0.50013995, 0.501443, 0.505192, 0.49989876, 0.49963728, 0.50004095, 0.50546145, 0.50393015, 0.50646985, 0.50652397, 0.5072171, 0.5108751, 0.5130575, 0.51244545, 0.5115774, 0.5134008, 0.51104504, 0.51534706, 0.51389, 0.512783, 0.51334363, 0.5103725, 0.5096053, 0.5097678, 0.51425266, 0.5134437, 0.51369035, 0.51188636, 0.5112088, 0.5109276, 0.5114437, 0.5101497, 0.5096304, 0.51145667, 0.5128258, 0.51200545, 0.5118139, 0.5122761, 0.51258886, 0.51120937, 0.5113205, 0.5130904, 0.51271415, 0.51157624, 0.51236516, 0.5132106, 0.51392376, 0.51202065, 0.51177967, 0.5127543, 0.51355296, 0.514229, 0.5124339, 0.51308024, 0.513667, 0.51220685, 0.51208955, 0.5126672, 0.51474184, 0.50911146, 0.5134885, 0.5122103, 0.5136374, 0.51315564, 0.5111454, 0.5100706, 0.5157616, 0.5134227, 0.5122787, 0.5115766, 0.5084025, 0.5082399, 0.5109724, 0.5113562, 0.51057523, 0.51419926, 0.5127114, 0.5118821, 0.511272, 0.5114488, 0.51295817, 0.5120769, 0.5119335, 0.5129938, 0.51259375, 0.51281756, 0.51425004, 0.5132851, 0.51313657, 0.51374644, 0.51310396, 0.5124308, 0.5121426, 0.5122656, 0.5140318, 0.5124853, 0.5124138, 0.51302105, 0.51218075, 0.5119995, 0.51198465, 0.5126562, 0.51233095, 0.51197934, 0.51054895, 0.5140497, 0.513267, 0.5118233, 0.5113958, 0.5135574, 0.5135175, 0.51380646, 0.5128333, 0.5131451, 0.5121221, 0.5110502, 0.51108193, 0.5126178, 0.5127049, 0.51442325, 0.51334685, 0.51334095, 0.51387215, 0.5110355, 0.51160663, 0.5133564, 0.5123555, 0.5134773, 0.513674, 0.5130976, 0.51278377, 0.5125949, 0.5130249, 0.5142845, 0.5138501, 0.51281655, 0.5118051, 0.5097703, 0.5142035, 0.5138107, 0.51084155, 0.5117567, 0.5120621, 0.5115754, 0.51172173, 0.513392, 0.5141196, 0.51108986, 0.5137258, 0.5135944, 0.5136078, 0.51275504, 0.51292175, 0.5108401, 0.51419634, 0.5114528, 0.51238686, 0.5135219, 0.5136438, 0.5102135, 0.5138414, 0.51143503, 0.51121366, 0.5108108, 0.5110705, 0.5129485, 0.51324564, 0.51393604, 0.5143985, 0.5105179, 0.51333404, 0.51318353, 0.51157093, 0.5132435, 0.5129472, 0.5132645, 0.51231945, 0.51210564, 0.5136049, 0.51009023, 0.5128476, 0.5110588, 0.51362306, 0.5134867, 0.51252824, 0.5145004, 0.51332587, 0.5116184, 0.5122043, 0.5140759, 0.5133892, 0.5114064, 0.5137388, 0.51393926, 0.51318246, 0.5139363, 0.5135769, 0.5139086, 0.5139519, 0.51267827, 0.5126816, 0.5121793, 0.5133249, 0.5139714, 0.5117494, 0.51210564, 0.514422, 0.5126431, 0.514105, 0.51377815, 0.5139879, 0.51015407, 0.5136836, 0.50967234, 0.5100849, 0.5126596]
[0.5065111, 0.5005627, 0.50076455, 0.5071202, 0.50399727, 0.503929, 0.50751764, 0.50085515, 0.5021321, 0.5030903, 0.504458, 0.5030908, 0.50377715, 0.506552, 0.5049023, 0.50853974, 0.5019064, 0.50354356, 0.5007052, 0.5068401, 0.50697684, 0.5005329, 0.5052513, 0.50150985, 0.50013465, 0.50650793, 0.5022104, 0.50379676, 0.5024192, 0.51299876, 0.50011086, 0.5032941, 0.5038644, 0.5027995, 0.5025645, 0.5062093, 0.50697464, 0.5059965, 0.5058808, 0.5039593, 0.50243753, 0.50137746, 0.5070181, 0.5064858, 0.50186867, 0.50395155, 0.5044171, 0.50272065, 0.5008797, 0.5036581, 0.50420594, 0.504791, 0.50418437, 0.5067351, 0.5082567, 0.5087042, 0.5026062, 0.5027634, 0.5001456, 0.5014254, 0.50675416, 0.50168085, 0.50196296, 0.50790083, 0.509642, 0.5050697, 0.50023335, 0.49991158, 0.501847, 0.5073029, 0.5023932, 0.5039372, 0.50130975, 0.50096303, 0.5034161, 0.5000162, 0.50158715, 0.5028384, 0.50260055, 0.5053653, 0.5076152, 0.5029499, 0.50603366, 0.50448275, 0.5005213, 0.5020824, 0.50930816, 0.50445503, 0.50426894, 0.50783825, 0.50277144, 0.50546426, 0.5023168, 0.50511473, 0.5040479, 0.50534105, 0.5059543, 0.50439864, 0.5028759, 0.5048781, 0.50358737, 0.5055872, 0.5114496, 0.5145215, 0.51290447, 0.5114767, 0.51425815, 0.51108664, 0.5171573, 0.51513, 0.513967, 0.5151966, 0.5106745, 0.509462, 0.5097886, 0.51545423, 0.51461333, 0.5150665, 0.5117738, 0.5111312, 0.51157105, 0.5116037, 0.5102761, 0.5082821, 0.51183367, 0.51208144, 0.51117104, 0.5124464, 0.51226765, 0.5135854, 0.51117575, 0.512106, 0.5135989, 0.5130519, 0.51204133, 0.51375407, 0.51438195, 0.5141723, 0.5120821, 0.5125518, 0.5134229, 0.51442134, 0.51527154, 0.5133635, 0.5141848, 0.51520693, 0.5134764, 0.51332974, 0.51273865, 0.5157057, 0.5096058, 0.51422304, 0.5122282, 0.51507163, 0.5140472, 0.5118244, 0.5102356, 0.51729226, 0.514112, 0.51337636, 0.5116313, 0.5070681, 0.5074111, 0.5110872, 0.5118173, 0.51099896, 0.5148817, 0.5129256, 0.5116762, 0.5118234, 0.51192564, 0.5135051, 0.5126354, 0.5123977, 0.5143362, 0.5133095, 0.5135971, 0.5150447, 0.5139738, 0.5135134, 0.51386803, 0.51285785, 0.5123784, 0.5137109, 0.5129467, 0.5147307, 0.5130059, 0.5125207, 0.5139873, 0.51278454, 0.5128378, 0.51137584, 0.5138323, 0.51218617, 0.5124092, 0.51114696, 0.51430315, 0.5137868, 0.51205784, 0.51136655, 0.5150194, 0.5147547, 0.5155827, 0.51444846, 0.51377934, 0.5127369, 0.51192147, 0.5114648, 0.513328, 0.513434, 0.5157113, 0.5145336, 0.5145652, 0.51487106, 0.5115708, 0.5125434, 0.514713, 0.51365584, 0.51527816, 0.5148392, 0.5141957, 0.5139862, 0.5132341, 0.51347435, 0.5150969, 0.515152, 0.51396227, 0.51159024, 0.50897497, 0.5157276, 0.51540184, 0.5115899, 0.5131968, 0.5136779, 0.5121908, 0.51241827, 0.51499504, 0.51504165, 0.51087517, 0.51442033, 0.5146111, 0.51417136, 0.5132913, 0.5136229, 0.5103117, 0.51518327, 0.51121414, 0.51252896, 0.5144933, 0.51448673, 0.509697, 0.51560694, 0.5115639, 0.5119112, 0.51050925, 0.5112386, 0.5143686, 0.51503724, 0.51485854, 0.51549566, 0.5114908, 0.5146483, 0.51396525, 0.5121752, 0.51409405, 0.5137557, 0.5141777, 0.5124565, 0.5126784, 0.5145174, 0.50942653, 0.513822, 0.511945, 0.51495427, 0.51493806, 0.5139635, 0.5158089, 0.51427543, 0.5120069, 0.5128931, 0.51497597, 0.5143938, 0.51213443, 0.5149248, 0.5161476, 0.5150955, 0.51471084, 0.51446784, 0.514966, 0.5149887, 0.5142617, 0.5140624, 0.5132453, 0.51378083, 0.51497275, 0.51258516, 0.5134868, 0.5163657, 0.5139576, 0.51510096, 0.5149178, 0.5159459, 0.51093906, 0.51479673, 0.5099153, 0.51070255, 0.51345557]
[0.505376, 0.5012466, 0.5012721, 0.50805515, 0.5015851, 0.50134444, 0.5052288, 0.50158966, 0.5003576, 0.5039724, 0.5003482, 0.49953124, 0.49963143, 0.5053085, 0.50363857, 0.5080219, 0.5020544, 0.5003722, 0.50364166, 0.5043391, 0.50443655, 0.5027808, 0.5007491, 0.5027902, 0.50262266, 0.5060776, 0.5044852, 0.50450623, 0.49991512, 0.5115741, 0.5016682, 0.5000616, 0.50027585, 0.5054492, 0.5021343, 0.50246245, 0.5026603, 0.50188506, 0.50256777, 0.50059026, 0.49970216, 0.5038565, 0.5043583, 0.507327, 0.5014663, 0.4996062, 0.49960068, 0.50349426, 0.5034844, 0.499782, 0.50019485, 0.49961877, 0.49985936, 0.5071151, 0.5079713, 0.5082676, 0.5035454, 0.50333107, 0.5013046, 0.50227445, 0.50589484, 0.50073767, 0.5054282, 0.5079635, 0.51035714, 0.50558686, 0.5021079, 0.5016182, 0.5016498, 0.50769794, 0.5051706, 0.5048123, 0.5008848, 0.50118107, 0.5034156, 0.5022131, 0.50065845, 0.5028556, 0.50375795, 0.5068433, 0.5083879, 0.50257635, 0.50703293, 0.5034366, 0.5006599, 0.4996522, 0.50872463, 0.5040144, 0.50515056, 0.50750923, 0.50065184, 0.50146353, 0.49958318, 0.5037712, 0.5002977, 0.5014104, 0.5016462, 0.50481623, 0.50373846, 0.5057916, 0.5045649, 0.50441235, 0.5109153, 0.5131422, 0.511167, 0.51041573, 0.51311374, 0.5102059, 0.51547647, 0.51409674, 0.5123929, 0.5139696, 0.5094988, 0.5091306, 0.50933695, 0.5144485, 0.5131133, 0.5138166, 0.5115765, 0.5105874, 0.5114428, 0.5110921, 0.5100141, 0.50908005, 0.5113098, 0.5121449, 0.511528, 0.5106929, 0.51200724, 0.5120518, 0.5107305, 0.5106459, 0.5132116, 0.51233286, 0.5114622, 0.5130977, 0.51321656, 0.51351297, 0.5113567, 0.5117486, 0.5129139, 0.513319, 0.51408124, 0.51202756, 0.5125826, 0.5139384, 0.51297534, 0.51293415, 0.5117044, 0.5144847, 0.50744617, 0.51367724, 0.51297086, 0.51330894, 0.5128392, 0.5103449, 0.50963473, 0.5161164, 0.5131701, 0.5119106, 0.51115924, 0.5079996, 0.50816303, 0.509702, 0.5110971, 0.51052505, 0.5142394, 0.5120059, 0.51124436, 0.51103973, 0.5110799, 0.5135782, 0.5117106, 0.5114267, 0.5136037, 0.51193076, 0.513206, 0.5139852, 0.5131603, 0.51297903, 0.51316917, 0.51299495, 0.51213634, 0.512491, 0.5117126, 0.5139773, 0.51259035, 0.5124766, 0.5135592, 0.5121152, 0.5121569, 0.511778, 0.51250464, 0.5120176, 0.5114201, 0.5095393, 0.5139303, 0.5128937, 0.51121545, 0.510982, 0.5131353, 0.5133533, 0.5138776, 0.5120038, 0.51334757, 0.5121617, 0.51120573, 0.5110667, 0.512209, 0.512623, 0.51471287, 0.51337165, 0.5131392, 0.5132256, 0.51094025, 0.511184, 0.51334083, 0.51221013, 0.51333976, 0.5143053, 0.51318145, 0.51271206, 0.5118954, 0.51331955, 0.5139397, 0.5135871, 0.51248556, 0.5116493, 0.5092549, 0.5140856, 0.5133972, 0.5113861, 0.51175636, 0.5119213, 0.51061165, 0.51221097, 0.51328886, 0.5139373, 0.51022106, 0.5137861, 0.51411235, 0.5134131, 0.5129933, 0.5129655, 0.51074785, 0.51414865, 0.5111508, 0.51115185, 0.513781, 0.5140494, 0.5102883, 0.51365054, 0.5107051, 0.51058376, 0.5100149, 0.5098405, 0.51274014, 0.51332974, 0.51401746, 0.5145974, 0.5100884, 0.51267564, 0.5127819, 0.5117358, 0.51369995, 0.51257277, 0.5125499, 0.51082146, 0.511935, 0.51379544, 0.50972134, 0.5129945, 0.510789, 0.51337403, 0.51332444, 0.5129863, 0.5141697, 0.51325566, 0.5110568, 0.51213944, 0.5141468, 0.513925, 0.51110566, 0.51331824, 0.5135886, 0.51273286, 0.51377153, 0.5135994, 0.51416755, 0.51399595, 0.5126937, 0.5129024, 0.511797, 0.5130624, 0.51307833, 0.51111287, 0.5118646, 0.5147931, 0.5122537, 0.5143729, 0.51364243, 0.5141481, 0.51036507, 0.5130721, 0.5097343, 0.51008415, 0.5123529]
[0.504948, 0.5002852, 0.5003564, 0.50555056, 0.5030961, 0.5031464, 0.50503355, 0.5008331, 0.50090975, 0.50445944, 0.5023811, 0.5011907, 0.5018749, 0.50475615, 0.5042131, 0.5060715, 0.50067395, 0.50099623, 0.50292146, 0.50443184, 0.5047243, 0.5017667, 0.50305873, 0.50202423, 0.5020423, 0.50512856, 0.50341475, 0.5032112, 0.50168985, 0.5086447, 0.5012846, 0.5025343, 0.5021247, 0.5039711, 0.500743, 0.50385463, 0.50456315, 0.5041894, 0.5047262, 0.50327194, 0.50053257, 0.5017808, 0.5048349, 0.50546396, 0.5002833, 0.5027213, 0.50296247, 0.5018952, 0.50206685, 0.50142246, 0.50278723, 0.50234336, 0.5021907, 0.50545794, 0.5061407, 0.5061808, 0.50371855, 0.5027482, 0.50044936, 0.5013786, 0.505013, 0.50086397, 0.5040833, 0.5060655, 0.50773084, 0.50448483, 0.50071186, 0.5015349, 0.50054747, 0.5053203, 0.5029005, 0.5040503, 0.50064003, 0.50031626, 0.50245076, 0.5011318, 0.50176525, 0.5029175, 0.50333494, 0.5048998, 0.5059324, 0.50334346, 0.5052391, 0.50334644, 0.5003233, 0.5017266, 0.5063539, 0.50265855, 0.50344604, 0.5060531, 0.50224084, 0.50434893, 0.50108, 0.50320315, 0.5022126, 0.5039219, 0.5044071, 0.50383604, 0.5025122, 0.5044465, 0.5042245, 0.50473136, 0.5078609, 0.509681, 0.50861776, 0.50766915, 0.51003456, 0.50774616, 0.5114168, 0.51048195, 0.5093261, 0.51036096, 0.5074064, 0.50664306, 0.5071297, 0.5105623, 0.50986993, 0.51004696, 0.50817746, 0.5081454, 0.5082669, 0.5083132, 0.5070322, 0.5066329, 0.5083756, 0.50887805, 0.5084515, 0.5085938, 0.50882244, 0.509259, 0.50807357, 0.50796723, 0.5092913, 0.50908387, 0.5081537, 0.50963825, 0.50979614, 0.5100245, 0.50827295, 0.5089224, 0.5093286, 0.50976545, 0.5104624, 0.5090137, 0.50970685, 0.510271, 0.5092032, 0.5089265, 0.5087819, 0.51081485, 0.50628567, 0.50960124, 0.5087905, 0.5101253, 0.50950253, 0.50786394, 0.5071056, 0.5118052, 0.50965255, 0.5092007, 0.5083829, 0.5057376, 0.50562024, 0.50770146, 0.50807256, 0.50755477, 0.51047945, 0.5089393, 0.5081622, 0.5079055, 0.5080484, 0.5094345, 0.50880116, 0.50860655, 0.50985664, 0.5089349, 0.50928473, 0.5106629, 0.50969374, 0.509507, 0.5098306, 0.5093034, 0.5087764, 0.50916636, 0.5088984, 0.51035154, 0.50915897, 0.50900656, 0.5098801, 0.5088785, 0.5088451, 0.5084257, 0.50933945, 0.5089968, 0.50836396, 0.5073064, 0.51031, 0.5094351, 0.5083414, 0.5080443, 0.50990105, 0.51006866, 0.51045483, 0.50945675, 0.5096005, 0.50889444, 0.5083251, 0.5081379, 0.50936526, 0.5093998, 0.5109635, 0.5098433, 0.5097251, 0.50988954, 0.5085374, 0.50835216, 0.5099549, 0.5091066, 0.51039624, 0.51035434, 0.5094843, 0.509502, 0.5091264, 0.5096157, 0.5104258, 0.5101183, 0.50938123, 0.5086324, 0.5067249, 0.5104301, 0.5102115, 0.50822127, 0.50858086, 0.5088259, 0.5082547, 0.5087996, 0.51013005, 0.5104428, 0.5078834, 0.5100141, 0.5097548, 0.5097181, 0.50912786, 0.5092764, 0.50801766, 0.5102579, 0.50829655, 0.5085744, 0.51007426, 0.5099925, 0.50703245, 0.51064783, 0.5078762, 0.5077443, 0.5074131, 0.507677, 0.5096904, 0.51015353, 0.5102393, 0.51074123, 0.5077874, 0.5096736, 0.5096769, 0.5083561, 0.5097018, 0.5092741, 0.5094551, 0.5084974, 0.5084788, 0.5098343, 0.50681025, 0.50970733, 0.50796473, 0.50990003, 0.5101441, 0.50962734, 0.5104183, 0.5096185, 0.5081059, 0.50898695, 0.510377, 0.5100591, 0.5082693, 0.5102517, 0.5102282, 0.5097748, 0.5100412, 0.5097464, 0.51045704, 0.51030785, 0.5090831, 0.50925636, 0.5088855, 0.50982714, 0.51005274, 0.5086671, 0.50911665, 0.5107582, 0.5091703, 0.51037383, 0.51011664, 0.51072884, 0.5072099, 0.5097233, 0.50697637, 0.5074348, 0.50919753]
[0.50404274, 0.49943724, 0.4995165, 0.5060766, 0.5026033, 0.5024892, 0.50419515, 0.49985948, 0.50065, 0.5008192, 0.5024132, 0.5012579, 0.5016969, 0.5033887, 0.5016209, 0.5065889, 0.49982864, 0.5012578, 0.50226563, 0.50179523, 0.5025234, 0.49980855, 0.50246537, 0.4998671, 0.49975538, 0.5040384, 0.5014814, 0.50321007, 0.5015728, 0.509258, 0.49969715, 0.50171566, 0.50193244, 0.5024626, 0.49955967, 0.5038036, 0.5039063, 0.50313807, 0.5041568, 0.50178623, 0.501223, 0.50141186, 0.5032718, 0.5054837, 0.49994355, 0.50088406, 0.5014742, 0.49998075, 0.5000749, 0.5013563, 0.5021413, 0.5021781, 0.5016138, 0.5038379, 0.5062652, 0.5068316, 0.4997568, 0.5003293, 0.49973992, 0.49989793, 0.50340366, 0.4996316, 0.50307685, 0.50586295, 0.50836354, 0.5037955, 0.49976504, 0.499603, 0.5001487, 0.50574404, 0.5022906, 0.50299186, 0.5008255, 0.49997425, 0.5012075, 0.5001714, 0.50118744, 0.5001574, 0.501097, 0.5046184, 0.50638634, 0.50095296, 0.5056222, 0.5008593, 0.5006327, 0.5015777, 0.5064569, 0.5015615, 0.5016441, 0.5060554, 0.49982655, 0.5030259, 0.5014236, 0.50206155, 0.50229585, 0.5033886, 0.5037157, 0.50214267, 0.5007678, 0.5036277, 0.50049853, 0.5018967, 0.5088991, 0.5106934, 0.50943387, 0.5085997, 0.51081276, 0.5077614, 0.51271325, 0.5115082, 0.51029867, 0.5116952, 0.50789785, 0.5072819, 0.5079575, 0.5115919, 0.510861, 0.5111764, 0.5092762, 0.50827247, 0.5093158, 0.5089155, 0.50770825, 0.50710714, 0.50941557, 0.5099352, 0.5092348, 0.50869346, 0.5099757, 0.51007265, 0.5089379, 0.508954, 0.5107106, 0.5099785, 0.5096592, 0.5109709, 0.5109456, 0.51120186, 0.50941277, 0.5096274, 0.5107122, 0.5107006, 0.5116653, 0.5101028, 0.5106361, 0.5117024, 0.510853, 0.5110499, 0.50936997, 0.5118479, 0.50599074, 0.51150876, 0.5106502, 0.51114565, 0.51034725, 0.50828093, 0.5078531, 0.5135097, 0.5107265, 0.5098962, 0.5084668, 0.5060847, 0.5063006, 0.5079206, 0.50882185, 0.5082487, 0.51174825, 0.51006234, 0.5092145, 0.5088674, 0.50895625, 0.51136786, 0.50981516, 0.50927544, 0.511267, 0.50962687, 0.5107196, 0.5118395, 0.51101756, 0.5108901, 0.5104523, 0.51052696, 0.50994176, 0.5099378, 0.5095894, 0.51128095, 0.51023114, 0.50997126, 0.51122284, 0.50995094, 0.5098482, 0.50941086, 0.510378, 0.5102067, 0.509353, 0.5075444, 0.5115372, 0.510634, 0.50915426, 0.5088524, 0.5108317, 0.5109896, 0.510814, 0.5105079, 0.5107388, 0.51031405, 0.50926095, 0.5087408, 0.51046693, 0.5105579, 0.51224935, 0.51121485, 0.51094097, 0.5110115, 0.5093203, 0.5092683, 0.51112455, 0.51005656, 0.5112277, 0.5117607, 0.5110037, 0.51041627, 0.5096749, 0.5109953, 0.5117446, 0.51133317, 0.5105422, 0.50970745, 0.5073967, 0.5113458, 0.51086545, 0.5092404, 0.50981796, 0.50982946, 0.5087, 0.50953543, 0.5112008, 0.51139945, 0.5081163, 0.5113723, 0.51140547, 0.5108537, 0.51037717, 0.5106189, 0.5085987, 0.51163113, 0.5092298, 0.50912213, 0.5111838, 0.51155657, 0.5079335, 0.5118521, 0.50867873, 0.5086854, 0.5081614, 0.50814766, 0.5107008, 0.51113313, 0.5114024, 0.51168793, 0.50849485, 0.51115584, 0.5106661, 0.509701, 0.5112673, 0.5103283, 0.5106395, 0.5086564, 0.5095932, 0.5113954, 0.5082349, 0.5107011, 0.5091267, 0.5107717, 0.5109467, 0.51100576, 0.5118209, 0.51088595, 0.509018, 0.50984734, 0.5113821, 0.5112608, 0.5092157, 0.5112261, 0.5111762, 0.510444, 0.5112074, 0.51099956, 0.5113168, 0.51126355, 0.51066136, 0.5109407, 0.5094001, 0.5108209, 0.5106954, 0.50929284, 0.50968194, 0.5123528, 0.51027906, 0.5117741, 0.5113152, 0.51155454, 0.50827974, 0.5107044, 0.5076826, 0.50814676, 0.5104414]
[0.50626713, 0.5027195, 0.5025387, 0.5075946, 0.5041233, 0.50390774, 0.5065401, 0.50209314, 0.5014991, 0.505864, 0.5030877, 0.50143594, 0.5022046, 0.50545365, 0.50453174, 0.5085326, 0.5016655, 0.50168896, 0.5059296, 0.5035827, 0.5042822, 0.50152797, 0.50355, 0.500781, 0.5021104, 0.5067971, 0.5035251, 0.5059659, 0.50161016, 0.5108587, 0.5016095, 0.5023745, 0.5020108, 0.5047939, 0.50139034, 0.5054768, 0.50558066, 0.50434226, 0.5054341, 0.5016615, 0.501001, 0.50398463, 0.50530016, 0.5077824, 0.50240874, 0.50088894, 0.50197184, 0.501289, 0.50374466, 0.501485, 0.5034602, 0.5039885, 0.50159323, 0.50608855, 0.5085401, 0.5088645, 0.50238854, 0.502215, 0.50203615, 0.5030046, 0.5058389, 0.50223017, 0.50637484, 0.5068792, 0.5106028, 0.5064641, 0.50149417, 0.50178903, 0.5010684, 0.50768024, 0.5051393, 0.50594896, 0.50140524, 0.50148904, 0.5037112, 0.5038536, 0.50092536, 0.5028225, 0.50344163, 0.5072008, 0.5086825, 0.50419796, 0.5077378, 0.5032959, 0.5012417, 0.50215703, 0.5083091, 0.5046047, 0.50481194, 0.5079761, 0.50222087, 0.5045042, 0.50213313, 0.5051202, 0.50364697, 0.50513864, 0.5053891, 0.50513726, 0.5035957, 0.5066307, 0.50271577, 0.5041712, 0.51090884, 0.5128809, 0.5112599, 0.5103531, 0.5129563, 0.5093911, 0.51499945, 0.51343745, 0.5125221, 0.51411396, 0.51021385, 0.50941414, 0.5101427, 0.5139378, 0.5130505, 0.5137482, 0.5107172, 0.51070017, 0.5113025, 0.5105939, 0.5095731, 0.5087242, 0.5111266, 0.5120625, 0.51156574, 0.5103797, 0.5120944, 0.5123222, 0.5111964, 0.51064855, 0.5129652, 0.5118085, 0.5115148, 0.5133767, 0.5129003, 0.5133449, 0.51132005, 0.5117275, 0.5126361, 0.51289886, 0.5141134, 0.51252633, 0.51264703, 0.5141282, 0.5130959, 0.51327646, 0.5111343, 0.5140584, 0.50735486, 0.5135272, 0.5126033, 0.51320434, 0.51235974, 0.5100584, 0.50963515, 0.5158788, 0.5130498, 0.5119412, 0.51059407, 0.50795, 0.5081895, 0.50966114, 0.5107802, 0.50997496, 0.5138527, 0.51207966, 0.51121205, 0.51067877, 0.51090866, 0.513457, 0.5119931, 0.5114181, 0.5138375, 0.51166075, 0.5130398, 0.5142542, 0.5131359, 0.51323944, 0.5126157, 0.51230764, 0.5116999, 0.51259065, 0.5114502, 0.5138805, 0.5125637, 0.512155, 0.5135508, 0.51253206, 0.51243913, 0.5116498, 0.5130414, 0.51250494, 0.51129824, 0.50951594, 0.5137214, 0.51302904, 0.5112791, 0.5106906, 0.5129709, 0.5134753, 0.51308036, 0.5120827, 0.51273817, 0.51239365, 0.51142657, 0.5110004, 0.5128562, 0.5132059, 0.51469517, 0.5132278, 0.5128824, 0.5130112, 0.5117291, 0.511416, 0.51339835, 0.51206094, 0.5134876, 0.5140452, 0.51331925, 0.5127716, 0.511854, 0.51303893, 0.5140554, 0.5133915, 0.5127284, 0.51238155, 0.5094288, 0.5135024, 0.51316667, 0.5113248, 0.5118067, 0.5117149, 0.51042974, 0.51194805, 0.5136078, 0.51370233, 0.51013494, 0.51341164, 0.5134748, 0.51289684, 0.512179, 0.5121625, 0.51067066, 0.5139815, 0.5117079, 0.51076233, 0.51353335, 0.5137558, 0.5100383, 0.51393396, 0.5104527, 0.5102354, 0.509854, 0.5095881, 0.51323986, 0.51348287, 0.5138154, 0.5139929, 0.5107052, 0.51338714, 0.5129884, 0.51143384, 0.5134702, 0.5123217, 0.5124335, 0.510623, 0.51137567, 0.51376843, 0.51014894, 0.5128179, 0.5113372, 0.51293314, 0.5132517, 0.51353174, 0.5143774, 0.5129346, 0.5108521, 0.5119427, 0.5141316, 0.51351666, 0.5114612, 0.513248, 0.51318717, 0.51232564, 0.5130718, 0.5126894, 0.5133331, 0.5137377, 0.5126708, 0.51288825, 0.5114428, 0.51269245, 0.51268166, 0.5117258, 0.5116558, 0.5149826, 0.51140857, 0.5139413, 0.513265, 0.5139919, 0.5099677, 0.5128979, 0.50979835, 0.51026505, 0.5128357]
[0.50554985, 0.5011099, 0.50027645, 0.5067773, 0.5028867, 0.5030179, 0.50721735, 0.50118643, 0.5001265, 0.506206, 0.5023333, 0.50126904, 0.5023995, 0.5060406, 0.50423986, 0.5084974, 0.5006789, 0.5020675, 0.5025607, 0.5052277, 0.50558, 0.5005023, 0.50294036, 0.50012493, 0.5006958, 0.50607055, 0.50182736, 0.5029678, 0.5019586, 0.5110332, 0.5018489, 0.50192696, 0.50257415, 0.50329316, 0.5007505, 0.5031427, 0.50376034, 0.5034221, 0.5034619, 0.50231314, 0.5014283, 0.5018916, 0.50603855, 0.5076029, 0.50035363, 0.50212437, 0.5025944, 0.5016917, 0.50107396, 0.50227773, 0.5028457, 0.50211143, 0.50226885, 0.50661325, 0.50825185, 0.5080393, 0.5023702, 0.50086045, 0.5003708, 0.5014492, 0.50626504, 0.5003465, 0.50479215, 0.50722724, 0.5098721, 0.50600183, 0.50025743, 0.5006725, 0.501201, 0.5074785, 0.5027439, 0.50419074, 0.50140023, 0.5011497, 0.5006936, 0.5021277, 0.5018885, 0.50118387, 0.5014684, 0.5049857, 0.50770164, 0.5028802, 0.5064185, 0.5015931, 0.5002071, 0.5018428, 0.5082866, 0.501714, 0.50156003, 0.5075535, 0.50185007, 0.50355005, 0.5018543, 0.502873, 0.5030018, 0.50382996, 0.50379187, 0.5051578, 0.5040062, 0.5043784, 0.50450355, 0.5050169, 0.51026195, 0.511904, 0.51114595, 0.5100032, 0.5123773, 0.5098019, 0.5141745, 0.5128986, 0.51159996, 0.5135144, 0.5094967, 0.50891113, 0.50925976, 0.5131555, 0.5124975, 0.51284754, 0.50964415, 0.5108252, 0.51059616, 0.51016366, 0.50886136, 0.5081247, 0.510737, 0.5108996, 0.5102497, 0.5106769, 0.5112443, 0.51160383, 0.51013374, 0.51019895, 0.5116819, 0.51127934, 0.5104806, 0.51246005, 0.5118569, 0.5126314, 0.51059747, 0.51142293, 0.5119726, 0.5120483, 0.51285547, 0.5114632, 0.51200074, 0.5130084, 0.5119029, 0.5116489, 0.51131505, 0.5135539, 0.5080814, 0.5123629, 0.51122355, 0.5126162, 0.51178855, 0.510159, 0.5095139, 0.51426536, 0.51192355, 0.5113593, 0.51017916, 0.50717694, 0.5069838, 0.50993514, 0.5103095, 0.51005065, 0.51300853, 0.51142997, 0.51041347, 0.5102379, 0.5101696, 0.5119136, 0.511327, 0.5108789, 0.5129329, 0.51132905, 0.5116566, 0.51327956, 0.5123482, 0.5120393, 0.51224303, 0.51156133, 0.5109708, 0.5119686, 0.5112483, 0.5130289, 0.51181287, 0.5114846, 0.5127935, 0.5115243, 0.5114156, 0.5101254, 0.51203966, 0.51120955, 0.5107584, 0.509436, 0.51310736, 0.5121023, 0.5105897, 0.51006407, 0.512408, 0.51261234, 0.51317036, 0.51169926, 0.5118205, 0.5114055, 0.51087976, 0.5103806, 0.5119819, 0.5122232, 0.51367897, 0.51207364, 0.5120636, 0.5121577, 0.5112298, 0.51077706, 0.5126957, 0.5119008, 0.5132489, 0.51319903, 0.5125753, 0.5120085, 0.5112691, 0.51232743, 0.51298153, 0.51276994, 0.5118768, 0.5115875, 0.5093972, 0.51308733, 0.51276666, 0.5104477, 0.5110812, 0.5113456, 0.5104761, 0.5112493, 0.5126839, 0.51292163, 0.5100198, 0.51264805, 0.51242375, 0.51191324, 0.5115116, 0.5113666, 0.50994927, 0.513216, 0.510837, 0.5103558, 0.51279724, 0.5128043, 0.50936836, 0.5130575, 0.5102801, 0.50998086, 0.50954264, 0.5097962, 0.51233476, 0.51303303, 0.5130384, 0.51314, 0.5103016, 0.51244295, 0.5123509, 0.510654, 0.51258606, 0.51164865, 0.51175, 0.5106275, 0.51072943, 0.5124159, 0.50908345, 0.51214415, 0.51047105, 0.51230127, 0.5127209, 0.5123725, 0.5131072, 0.511769, 0.5104897, 0.51144713, 0.51327616, 0.5129424, 0.51039445, 0.51281023, 0.51278234, 0.5120588, 0.5126355, 0.5120274, 0.51293176, 0.51274484, 0.51164424, 0.5118175, 0.5113715, 0.51215976, 0.51210064, 0.5115672, 0.511488, 0.5135017, 0.511314, 0.5128667, 0.51252824, 0.51318145, 0.50907975, 0.51223075, 0.50927633, 0.5096036, 0.5116477]
[0.50688463, 0.5022028, 0.50246394, 0.5067766, 0.5022881, 0.5018153, 0.50677323, 0.5028899, 0.503098, 0.50652176, 0.5019467, 0.5013414, 0.5012085, 0.5066518, 0.5059775, 0.5077271, 0.50299484, 0.50100607, 0.50504196, 0.506144, 0.5065644, 0.50282514, 0.50295305, 0.50335455, 0.504695, 0.5068816, 0.5043978, 0.5055267, 0.50094575, 0.50990844, 0.503427, 0.5017358, 0.50230914, 0.5061827, 0.50188196, 0.50375676, 0.5040684, 0.5028049, 0.5047499, 0.5013962, 0.50243187, 0.50448626, 0.5065978, 0.50723374, 0.5020545, 0.5017823, 0.50294113, 0.50314796, 0.5033872, 0.5012652, 0.5024984, 0.50206095, 0.5011174, 0.50676996, 0.50779146, 0.5077456, 0.50543755, 0.50440484, 0.50292546, 0.50403017, 0.50637925, 0.50268584, 0.50583506, 0.5076396, 0.50918597, 0.5068313, 0.5036427, 0.5038001, 0.50257695, 0.50727785, 0.5038119, 0.50609076, 0.50148124, 0.5015945, 0.5042992, 0.5045593, 0.50076944, 0.50537646, 0.50506765, 0.50660086, 0.50765395, 0.5057495, 0.50742733, 0.5050265, 0.5020681, 0.5010184, 0.50785524, 0.5052991, 0.50601393, 0.5075331, 0.5012943, 0.5036052, 0.5014175, 0.5050362, 0.5018315, 0.5040458, 0.5041795, 0.5056689, 0.50489956, 0.5062037, 0.50594026, 0.5063369, 0.50934297, 0.51101625, 0.5102006, 0.5094863, 0.51130223, 0.50912267, 0.51250905, 0.5116278, 0.5108014, 0.5121067, 0.5091858, 0.50806415, 0.5086083, 0.5114896, 0.511118, 0.5116991, 0.50970405, 0.5097114, 0.5095503, 0.5094659, 0.5084002, 0.507658, 0.50948906, 0.50996196, 0.5096428, 0.5096195, 0.5105515, 0.5105715, 0.50956684, 0.50937873, 0.51062524, 0.510225, 0.50986403, 0.5110821, 0.51088476, 0.5111012, 0.5100161, 0.5102257, 0.5106683, 0.5109495, 0.51178503, 0.5103332, 0.5110332, 0.51175755, 0.51058644, 0.51073116, 0.5101117, 0.5121992, 0.50745445, 0.51115024, 0.51002026, 0.51173174, 0.5106817, 0.5092903, 0.5087419, 0.51302654, 0.5111007, 0.51030594, 0.50946707, 0.5068742, 0.5069164, 0.50895745, 0.50927824, 0.5091081, 0.511626, 0.5102811, 0.5096246, 0.5092623, 0.50946784, 0.5109323, 0.5104133, 0.51015145, 0.51167095, 0.5103746, 0.5108161, 0.512205, 0.51124877, 0.5110372, 0.5110871, 0.51050305, 0.5100673, 0.5110094, 0.5099311, 0.5115968, 0.51049805, 0.5106876, 0.51127076, 0.51032573, 0.5103737, 0.50993377, 0.5108852, 0.51058096, 0.5100311, 0.50895596, 0.5117785, 0.5109343, 0.50975585, 0.5091422, 0.51132226, 0.5113055, 0.5116187, 0.510788, 0.51075536, 0.51035625, 0.5098466, 0.5096433, 0.510724, 0.51083404, 0.5121158, 0.5113376, 0.51120824, 0.511211, 0.5102771, 0.50971544, 0.5110769, 0.5102731, 0.5119103, 0.5116821, 0.51122636, 0.51085466, 0.51047504, 0.5113549, 0.51161283, 0.51141626, 0.5107478, 0.51069874, 0.50867766, 0.5118929, 0.511392, 0.50931346, 0.5100568, 0.51015663, 0.50959975, 0.5105041, 0.51152223, 0.5116085, 0.509203, 0.5112806, 0.51125926, 0.51072615, 0.51017064, 0.51075095, 0.5093645, 0.51199985, 0.50989866, 0.5099835, 0.51162344, 0.51158434, 0.5085335, 0.51179993, 0.50956404, 0.5092287, 0.50894046, 0.50917006, 0.51138127, 0.5115738, 0.5113958, 0.51187617, 0.50937414, 0.51135385, 0.5109666, 0.50988334, 0.5112392, 0.51078296, 0.51102865, 0.51004744, 0.5100433, 0.5112055, 0.5085626, 0.5107848, 0.5098843, 0.51131415, 0.51137984, 0.51134795, 0.5120745, 0.510824, 0.5095774, 0.5103666, 0.51188195, 0.5115908, 0.5096377, 0.51159155, 0.5115975, 0.5111828, 0.5114052, 0.5110005, 0.5114831, 0.51166546, 0.5109112, 0.510836, 0.51021403, 0.5109569, 0.5111294, 0.5101564, 0.5105854, 0.51197165, 0.510333, 0.5117268, 0.5115301, 0.51215875, 0.5087048, 0.51130253, 0.5086704, 0.5091509, 0.51069075]
[0.50641155, 0.5002595, 0.50012136, 0.50756955, 0.50210077, 0.5020961, 0.5070511, 0.5013118, 0.5008699, 0.5050695, 0.50158024, 0.50041276, 0.5011971, 0.5066364, 0.50502264, 0.50896055, 0.50089145, 0.500514, 0.50366694, 0.5048277, 0.5057222, 0.50106996, 0.50201994, 0.50220263, 0.5027898, 0.5062401, 0.5032834, 0.50397813, 0.50135016, 0.51243883, 0.5018321, 0.50149834, 0.50147176, 0.50548947, 0.5017667, 0.50213265, 0.50276804, 0.5023761, 0.50319844, 0.50135773, 0.5001584, 0.5021208, 0.50631654, 0.50787145, 0.49996626, 0.50146115, 0.501623, 0.5028945, 0.5025233, 0.5011806, 0.5015278, 0.5008192, 0.5011564, 0.5070277, 0.5086796, 0.50910294, 0.50392, 0.5022111, 0.5000241, 0.5012789, 0.506097, 0.5002045, 0.5046257, 0.5087668, 0.51088613, 0.50622684, 0.500998, 0.50092113, 0.50028163, 0.5071501, 0.5034115, 0.50506175, 0.5003458, 0.500393, 0.5020934, 0.50249565, 0.5005751, 0.5022384, 0.5032264, 0.5065045, 0.5084097, 0.504553, 0.5081341, 0.50208056, 0.50163966, 0.50064224, 0.5088616, 0.50267774, 0.5050643, 0.50832635, 0.5005778, 0.50280714, 0.5007681, 0.5036112, 0.50142765, 0.50256056, 0.50269324, 0.50535655, 0.5044934, 0.5048763, 0.5046806, 0.50582415, 0.51133275, 0.5142586, 0.51285595, 0.511709, 0.5144642, 0.51110876, 0.5166528, 0.5148964, 0.5132148, 0.51530534, 0.5105448, 0.5094891, 0.51002693, 0.5150065, 0.5143693, 0.51502, 0.51185244, 0.5119907, 0.51221424, 0.5120196, 0.50999796, 0.5088048, 0.51206183, 0.5126686, 0.5117711, 0.5118352, 0.5130342, 0.5131019, 0.5115626, 0.5119253, 0.5135405, 0.5128892, 0.5120067, 0.5138411, 0.51388323, 0.514396, 0.51211095, 0.5121493, 0.51398736, 0.513965, 0.5150044, 0.5130834, 0.51413757, 0.51490146, 0.5130577, 0.51334924, 0.51286525, 0.5157545, 0.50865936, 0.5141743, 0.512713, 0.5146578, 0.5136965, 0.51115936, 0.51069677, 0.5173954, 0.51391625, 0.5129169, 0.51161164, 0.507901, 0.5076374, 0.5108004, 0.51141804, 0.51092017, 0.5150756, 0.51309836, 0.511912, 0.51140314, 0.5116917, 0.5136641, 0.51295215, 0.51265347, 0.51439047, 0.51276636, 0.51340294, 0.5153755, 0.51424295, 0.5139181, 0.51463944, 0.5138072, 0.51288134, 0.5135281, 0.51237714, 0.51502806, 0.51369894, 0.5132648, 0.51420337, 0.5130126, 0.5129307, 0.51241, 0.51382285, 0.51343083, 0.51239306, 0.51061326, 0.5152431, 0.5139974, 0.5122259, 0.51113003, 0.51438606, 0.51465124, 0.51469046, 0.5132501, 0.5136965, 0.5131279, 0.5119915, 0.51173055, 0.51365876, 0.5138686, 0.51573694, 0.5142096, 0.51415175, 0.51407015, 0.5126429, 0.51205206, 0.51440763, 0.5132304, 0.51467633, 0.51522076, 0.5141836, 0.5136061, 0.51255757, 0.51473445, 0.51527613, 0.5145854, 0.5136198, 0.5129951, 0.51018703, 0.5150422, 0.5143145, 0.51122326, 0.51245266, 0.5127393, 0.5118365, 0.5127911, 0.5145994, 0.5150381, 0.5115351, 0.51483434, 0.5148976, 0.51395166, 0.5130984, 0.5135718, 0.511451, 0.5154273, 0.51211464, 0.5121493, 0.5148185, 0.5148497, 0.51057273, 0.5150319, 0.51171106, 0.5114734, 0.5108372, 0.5110247, 0.51396424, 0.51484, 0.51481915, 0.5152256, 0.51124936, 0.51407224, 0.5139561, 0.5121817, 0.5143368, 0.51352453, 0.5138715, 0.5122751, 0.5125555, 0.5142137, 0.5101583, 0.5140404, 0.51189893, 0.51435816, 0.51458037, 0.5143414, 0.51557076, 0.513954, 0.51191103, 0.5132132, 0.5154171, 0.5150761, 0.5118518, 0.51504415, 0.51461333, 0.51377153, 0.5145685, 0.5139276, 0.5147465, 0.514768, 0.51325065, 0.5136011, 0.5128844, 0.5140244, 0.51418215, 0.51258045, 0.5128597, 0.5152934, 0.5130421, 0.5149974, 0.51465327, 0.51523685, 0.510016, 0.51427966, 0.51025486, 0.5108697, 0.51288784]
[0.5043555, 0.50123364, 0.50126433, 0.5054407, 0.50395775, 0.5036763, 0.5050077, 0.5012304, 0.50134987, 0.5049575, 0.5027658, 0.50118273, 0.50238836, 0.5037618, 0.50340044, 0.50692666, 0.50054616, 0.5015832, 0.5034363, 0.5024047, 0.50349677, 0.50097084, 0.5038174, 0.5008809, 0.5013949, 0.5046822, 0.5028517, 0.50404966, 0.50225097, 0.509044, 0.5012772, 0.50217825, 0.5025045, 0.50380516, 0.50066596, 0.5054344, 0.5056036, 0.50434947, 0.50527626, 0.5020498, 0.5017183, 0.50272214, 0.503188, 0.5062284, 0.50123817, 0.50123656, 0.50240177, 0.5009153, 0.502689, 0.50171614, 0.5031017, 0.5029992, 0.5023518, 0.50505584, 0.5063795, 0.50670725, 0.5018272, 0.5016885, 0.5004272, 0.5012802, 0.5045537, 0.50049996, 0.50517887, 0.5054962, 0.5087375, 0.50522184, 0.5010255, 0.5006459, 0.5003978, 0.5060411, 0.503255, 0.5043502, 0.50051796, 0.50054944, 0.5016213, 0.5034088, 0.5016452, 0.5018793, 0.50221634, 0.50508034, 0.50649804, 0.50323266, 0.50632703, 0.5020309, 0.50044197, 0.5023465, 0.5066248, 0.5023473, 0.50337946, 0.5060284, 0.5005829, 0.5045756, 0.5016073, 0.50328887, 0.5036068, 0.50507915, 0.5055801, 0.5040728, 0.5031932, 0.5047857, 0.5020278, 0.503717, 0.5088182, 0.5107026, 0.5092314, 0.50859296, 0.51090217, 0.50780493, 0.51263183, 0.51133454, 0.51066387, 0.5121982, 0.5079554, 0.5074571, 0.5078331, 0.5116109, 0.51086646, 0.51128054, 0.50886565, 0.5093286, 0.50950104, 0.50914264, 0.5076988, 0.5066963, 0.50915694, 0.5098156, 0.5093521, 0.5088116, 0.51011944, 0.5101975, 0.50939924, 0.50838625, 0.5105552, 0.5099671, 0.5095698, 0.5113955, 0.5109849, 0.51114625, 0.5094987, 0.5101623, 0.51059836, 0.51062393, 0.5116536, 0.5106696, 0.5106662, 0.51155734, 0.51107776, 0.5109149, 0.508983, 0.51186717, 0.50557595, 0.5112499, 0.5105224, 0.51133746, 0.5102029, 0.5081335, 0.50789744, 0.5134324, 0.5108349, 0.51001346, 0.50866365, 0.5057285, 0.5058177, 0.50796854, 0.50877804, 0.5082984, 0.5116521, 0.51007885, 0.5090472, 0.5087638, 0.5089938, 0.511536, 0.50991136, 0.50953126, 0.51181227, 0.50986123, 0.51068443, 0.5120335, 0.5112242, 0.51119906, 0.51085716, 0.51050663, 0.50990254, 0.51071584, 0.5097991, 0.5119525, 0.51073074, 0.51032907, 0.5115707, 0.5103613, 0.51025456, 0.509645, 0.51092595, 0.5106248, 0.5096097, 0.5079373, 0.5116125, 0.5110774, 0.5094158, 0.50842214, 0.51109767, 0.5111622, 0.5111723, 0.5099287, 0.51069117, 0.5103858, 0.5098031, 0.5093533, 0.5107545, 0.5111605, 0.5126579, 0.510833, 0.5106476, 0.5106, 0.50956833, 0.50947404, 0.5112527, 0.51014626, 0.51148325, 0.51197356, 0.511218, 0.5106673, 0.50965416, 0.51131195, 0.5120415, 0.51135194, 0.5105499, 0.51044357, 0.50776273, 0.5114838, 0.5109203, 0.50912285, 0.5098707, 0.50969845, 0.50886047, 0.5099438, 0.5111002, 0.511757, 0.5083613, 0.5111863, 0.5113411, 0.51063514, 0.50997174, 0.51011556, 0.5087483, 0.5119836, 0.50987864, 0.5091045, 0.5115662, 0.51178294, 0.50835454, 0.51175815, 0.5089164, 0.50859827, 0.5079455, 0.50821304, 0.5109205, 0.5113345, 0.5115857, 0.5118858, 0.5087679, 0.5112788, 0.51082635, 0.50935465, 0.5112357, 0.5100759, 0.51023483, 0.5089804, 0.50958157, 0.5112953, 0.508245, 0.5107298, 0.50953895, 0.5106923, 0.511106, 0.5113401, 0.5121727, 0.51065415, 0.50901115, 0.51001054, 0.51170415, 0.511519, 0.5094186, 0.51115936, 0.51130503, 0.5106691, 0.51132184, 0.51088315, 0.51154315, 0.5114017, 0.5106832, 0.51081645, 0.5096605, 0.5109049, 0.51027155, 0.5096508, 0.50960124, 0.5123924, 0.50965625, 0.51184464, 0.51137376, 0.5119024, 0.5080721, 0.5108073, 0.5079364, 0.50839686, 0.5105827]
[0.50348586, 0.50035095, 0.50030106, 0.50568324, 0.5036072, 0.5034846, 0.50649434, 0.50077915, 0.5008236, 0.5067554, 0.5029902, 0.50217766, 0.5022964, 0.5037843, 0.50233686, 0.5081566, 0.5014842, 0.5025682, 0.50332254, 0.5021792, 0.50266874, 0.5009313, 0.503143, 0.50068784, 0.5013275, 0.50593895, 0.50137067, 0.5036184, 0.5023036, 0.5112326, 0.500789, 0.50199133, 0.5026002, 0.50243276, 0.5014539, 0.5042368, 0.5044222, 0.503914, 0.5040733, 0.5021399, 0.50214326, 0.5018501, 0.50338024, 0.5075805, 0.500352, 0.50156534, 0.502236, 0.50044435, 0.502381, 0.5023896, 0.50307286, 0.50341517, 0.5021867, 0.5050979, 0.50795263, 0.5088356, 0.5008445, 0.5008448, 0.5006838, 0.5005809, 0.5040309, 0.5009751, 0.50519425, 0.50568223, 0.51043683, 0.5060504, 0.50091916, 0.5010079, 0.5016173, 0.5076699, 0.5038619, 0.50419927, 0.5015138, 0.501431, 0.5008159, 0.50288546, 0.5019114, 0.5004036, 0.501031, 0.50595313, 0.50808716, 0.50277287, 0.50773835, 0.50100094, 0.50108236, 0.5022352, 0.50823426, 0.5021049, 0.5020605, 0.5077016, 0.5004578, 0.5041014, 0.50197095, 0.5037503, 0.50388926, 0.50399196, 0.50442237, 0.5041698, 0.5028159, 0.50533736, 0.50120354, 0.50373757, 0.5109873, 0.513257, 0.5115131, 0.5103725, 0.5135976, 0.5093709, 0.5160682, 0.5139381, 0.5133329, 0.51513445, 0.5101075, 0.5092157, 0.51003903, 0.5149673, 0.51371574, 0.51443505, 0.5100241, 0.5110822, 0.51189405, 0.5108318, 0.5092081, 0.5077223, 0.510975, 0.51194066, 0.51138717, 0.51040816, 0.51236135, 0.5131167, 0.51152736, 0.5103826, 0.5127626, 0.5120513, 0.51181686, 0.51451373, 0.51384145, 0.51366967, 0.5115781, 0.512677, 0.5136559, 0.513343, 0.514783, 0.51358616, 0.51367056, 0.5147095, 0.5138118, 0.51363987, 0.5110031, 0.5149874, 0.50688225, 0.51398575, 0.51294506, 0.51410776, 0.5128999, 0.5102598, 0.5097415, 0.51722664, 0.51384956, 0.5126862, 0.5104304, 0.506357, 0.50741047, 0.5097857, 0.5106863, 0.5099116, 0.5144657, 0.51230264, 0.5112043, 0.51085746, 0.51109654, 0.51383346, 0.5125478, 0.51196074, 0.51523954, 0.5123257, 0.5132496, 0.514922, 0.51407284, 0.5140562, 0.5135439, 0.5128908, 0.5121681, 0.5133728, 0.5122021, 0.51490974, 0.51314807, 0.5124425, 0.51435786, 0.51270694, 0.5126655, 0.51152724, 0.51383406, 0.51311123, 0.5117133, 0.5097923, 0.5144503, 0.5137975, 0.51147664, 0.51080173, 0.51383936, 0.5140492, 0.5140536, 0.5129909, 0.51329297, 0.5128703, 0.5120596, 0.51168424, 0.5136423, 0.5140928, 0.51613784, 0.51393, 0.51356375, 0.5130835, 0.5119642, 0.5117094, 0.5141058, 0.5128186, 0.5147574, 0.5151814, 0.5141806, 0.5134849, 0.51213235, 0.51407015, 0.5151122, 0.5141608, 0.5135207, 0.5127408, 0.5096715, 0.5146987, 0.5139587, 0.5111373, 0.5122465, 0.5123541, 0.51092124, 0.511736, 0.5144819, 0.5146579, 0.5102896, 0.5138699, 0.5141473, 0.51305944, 0.5122973, 0.5123549, 0.51076007, 0.51525337, 0.5122086, 0.5110869, 0.5146717, 0.51462513, 0.51033187, 0.5151956, 0.5105748, 0.5104939, 0.50975513, 0.50958735, 0.51391935, 0.51443547, 0.51454216, 0.51480967, 0.5109355, 0.5140946, 0.51392263, 0.51175916, 0.5140152, 0.51297945, 0.51301277, 0.51119894, 0.5118632, 0.5142938, 0.5103078, 0.513458, 0.51243216, 0.51373535, 0.51394254, 0.5140765, 0.5154455, 0.51324654, 0.5109832, 0.5121115, 0.51465565, 0.5146838, 0.51200014, 0.51414907, 0.5143183, 0.5134342, 0.513735, 0.51327294, 0.51375073, 0.51430047, 0.51306266, 0.5133298, 0.5117997, 0.5135723, 0.5132357, 0.5123107, 0.51242536, 0.5154442, 0.5118274, 0.5147646, 0.51438546, 0.5151419, 0.50991774, 0.5135415, 0.5099878, 0.5109261, 0.5133005]
[0.5072072, 0.50166404, 0.5011198, 0.50765944, 0.5039259, 0.5039593, 0.50826395, 0.50179046, 0.5013772, 0.5068022, 0.5031565, 0.5018531, 0.50306374, 0.50729024, 0.5060105, 0.5093125, 0.5011959, 0.50260603, 0.5034589, 0.5067608, 0.50740516, 0.5020668, 0.5042626, 0.5040133, 0.5048769, 0.50704354, 0.50394356, 0.50272155, 0.5028967, 0.5136876, 0.50292563, 0.5030327, 0.5037612, 0.5061641, 0.5014437, 0.5051885, 0.505754, 0.5050811, 0.50488746, 0.50295997, 0.5011752, 0.50314844, 0.50770843, 0.5084695, 0.5009939, 0.5033977, 0.5037739, 0.50411457, 0.5026217, 0.50302184, 0.50390697, 0.50338846, 0.5032218, 0.5078243, 0.5097552, 0.5099626, 0.5045114, 0.50334907, 0.5013698, 0.50219953, 0.506905, 0.5009833, 0.5056914, 0.50950515, 0.51200145, 0.50744694, 0.5024624, 0.50212187, 0.5016696, 0.508142, 0.5037071, 0.50473756, 0.5010925, 0.50101656, 0.5033728, 0.5029995, 0.5025332, 0.503973, 0.5044343, 0.50660765, 0.50898, 0.5060754, 0.50953346, 0.50451666, 0.50112814, 0.5025262, 0.51000893, 0.50355446, 0.50622517, 0.5094667, 0.50214857, 0.50552887, 0.50161195, 0.5050903, 0.5042518, 0.5050549, 0.5062084, 0.5055857, 0.5040881, 0.50559545, 0.50664985, 0.5076555, 0.5127187, 0.5151654, 0.514371, 0.51300156, 0.5158578, 0.51263773, 0.5182856, 0.5164406, 0.5150324, 0.5170428, 0.51142514, 0.5106086, 0.51108855, 0.5167479, 0.5156815, 0.5163459, 0.51279277, 0.51317775, 0.51355594, 0.5132137, 0.51121205, 0.50970745, 0.51293576, 0.51421136, 0.51322424, 0.51309395, 0.5144435, 0.5150782, 0.5131332, 0.5127819, 0.514614, 0.5144162, 0.51379204, 0.51528734, 0.5157473, 0.5159963, 0.51374054, 0.5140585, 0.51521456, 0.5155992, 0.5169599, 0.51477545, 0.5153865, 0.5163238, 0.5149202, 0.5148093, 0.51415104, 0.5174499, 0.5097723, 0.51568604, 0.513747, 0.51613516, 0.514957, 0.51239014, 0.51162225, 0.5192555, 0.5158423, 0.51459664, 0.51284283, 0.50791717, 0.5081977, 0.511992, 0.51288116, 0.512218, 0.5163111, 0.51417303, 0.5129097, 0.5123657, 0.51261115, 0.51527023, 0.51430666, 0.5140034, 0.51624763, 0.51437014, 0.5148543, 0.5171385, 0.51577723, 0.5153074, 0.51616174, 0.5150141, 0.5142244, 0.51497847, 0.51433223, 0.51643723, 0.5146486, 0.51492655, 0.5158224, 0.5140932, 0.514019, 0.5133206, 0.5154699, 0.51479733, 0.51339376, 0.51164585, 0.5165, 0.51582843, 0.5136559, 0.5121697, 0.5160228, 0.51604134, 0.51640767, 0.51476353, 0.5150699, 0.5143717, 0.51364905, 0.51320094, 0.51526934, 0.5153994, 0.51749414, 0.5156232, 0.5158954, 0.5157618, 0.51388174, 0.513509, 0.5155345, 0.5144346, 0.5166824, 0.5165398, 0.51567274, 0.5152286, 0.5138904, 0.51580435, 0.51699036, 0.5161345, 0.51512945, 0.51487833, 0.5111996, 0.51683855, 0.51610243, 0.5125673, 0.5138796, 0.5141946, 0.51313627, 0.51378095, 0.5159919, 0.5167317, 0.5124707, 0.5160965, 0.51599854, 0.5153258, 0.514756, 0.51455206, 0.51261574, 0.5172594, 0.513764, 0.5136009, 0.5161701, 0.51627445, 0.51176786, 0.5164695, 0.51297885, 0.512791, 0.51158684, 0.5120058, 0.5153121, 0.5161706, 0.51614904, 0.51694155, 0.5120763, 0.5161973, 0.5156519, 0.5135588, 0.5160437, 0.51477623, 0.51533175, 0.5139206, 0.5138442, 0.51605487, 0.51157016, 0.515435, 0.51395196, 0.51605445, 0.51643544, 0.51575077, 0.5174413, 0.51527166, 0.51351595, 0.51457083, 0.5166671, 0.5162654, 0.5131377, 0.516488, 0.5163319, 0.51550627, 0.5162498, 0.51555526, 0.5158818, 0.5162273, 0.5147812, 0.5147619, 0.5141809, 0.5152861, 0.51549786, 0.51411796, 0.51454407, 0.5167869, 0.51384985, 0.51676077, 0.51672214, 0.5166419, 0.51084167, 0.51574963, 0.511422, 0.51214594, 0.51429975]
[0.5057904, 0.5040339, 0.5029943, 0.5072853, 0.50088567, 0.50038785, 0.5070896, 0.5022657, 0.50220215, 0.50530624, 0.5005481, 0.5007557, 0.5002641, 0.50591666, 0.5047858, 0.5078629, 0.5026168, 0.5008507, 0.5042492, 0.50560117, 0.5060342, 0.5034149, 0.500268, 0.5028458, 0.50428736, 0.50709414, 0.5040277, 0.5052775, 0.501207, 0.5104287, 0.5024853, 0.5005607, 0.5003293, 0.5047661, 0.5018472, 0.5022476, 0.5022566, 0.5013701, 0.5017734, 0.50126797, 0.50148207, 0.5046721, 0.50568867, 0.50700015, 0.5021279, 0.50103855, 0.5005321, 0.50342804, 0.5042047, 0.5005241, 0.5002597, 0.5011875, 0.50113595, 0.5058349, 0.50823724, 0.5088657, 0.50410974, 0.50425863, 0.5032009, 0.5044199, 0.50636387, 0.502607, 0.5061927, 0.5071432, 0.5095739, 0.5063761, 0.5026968, 0.50325155, 0.5024633, 0.50775164, 0.5048085, 0.50556546, 0.50253975, 0.5030561, 0.50536895, 0.5041476, 0.50219965, 0.504362, 0.50434476, 0.5074439, 0.5087136, 0.5047185, 0.5072607, 0.5049994, 0.50171787, 0.50155723, 0.5082923, 0.50606126, 0.50572264, 0.50786424, 0.5020639, 0.50146824, 0.50151527, 0.5054371, 0.500907, 0.5015404, 0.5025133, 0.5056494, 0.50451803, 0.5061577, 0.50424564, 0.5050181, 0.5106196, 0.51212996, 0.5109564, 0.51005733, 0.512157, 0.50887156, 0.51399934, 0.51296955, 0.51207936, 0.5134041, 0.5100268, 0.50901085, 0.5099113, 0.51294726, 0.5124889, 0.51315445, 0.51031077, 0.5100979, 0.51021147, 0.5095641, 0.50908154, 0.5080591, 0.5100309, 0.51098937, 0.5105005, 0.5100058, 0.51148754, 0.5123558, 0.5104594, 0.50983083, 0.5122462, 0.51147056, 0.51105666, 0.5123599, 0.51235986, 0.512383, 0.51063806, 0.5106642, 0.5118967, 0.5121452, 0.51317805, 0.5116923, 0.5119893, 0.51337683, 0.51220906, 0.5121, 0.5107801, 0.5132817, 0.50750536, 0.51268923, 0.5117194, 0.51298064, 0.5117057, 0.5097878, 0.5092469, 0.5148749, 0.51237184, 0.51115197, 0.5102643, 0.50746703, 0.50765026, 0.50926197, 0.51042014, 0.50970757, 0.5127318, 0.5112875, 0.5107915, 0.5103174, 0.51060593, 0.51232594, 0.5112737, 0.5109255, 0.5129896, 0.51157826, 0.51224965, 0.51329404, 0.51209235, 0.51236105, 0.51175255, 0.5112728, 0.5108059, 0.5118474, 0.5112127, 0.5125889, 0.5114804, 0.5114961, 0.51257074, 0.51169133, 0.5116781, 0.51067734, 0.51215583, 0.5110981, 0.51072824, 0.5097729, 0.51252496, 0.5117874, 0.5101936, 0.5104078, 0.5124031, 0.5129029, 0.51265776, 0.5118849, 0.51205647, 0.5113217, 0.51008326, 0.5100238, 0.5120803, 0.5121836, 0.51371515, 0.51302296, 0.5126727, 0.5128256, 0.51079285, 0.51074606, 0.51230687, 0.51109695, 0.513349, 0.51341987, 0.5123896, 0.5123274, 0.5114913, 0.5121398, 0.513115, 0.51279604, 0.5122121, 0.5111841, 0.50895226, 0.5128372, 0.5126721, 0.51047903, 0.51130193, 0.5115189, 0.5103473, 0.51111263, 0.5131237, 0.5128844, 0.50946754, 0.51252234, 0.51262224, 0.5120808, 0.51151764, 0.5118636, 0.5100752, 0.51309913, 0.5106618, 0.5106738, 0.5126505, 0.5128915, 0.50946796, 0.5134317, 0.50998706, 0.5098379, 0.50947434, 0.50919086, 0.5124153, 0.51285976, 0.5127227, 0.51325536, 0.5103609, 0.512485, 0.51233774, 0.5107633, 0.51256543, 0.51194036, 0.5122815, 0.5105552, 0.51098907, 0.5130021, 0.509535, 0.51204646, 0.511026, 0.5127319, 0.5128377, 0.51243836, 0.5137397, 0.5123164, 0.51069397, 0.5114797, 0.5130584, 0.5128738, 0.51146734, 0.51263577, 0.5129211, 0.51197374, 0.51237774, 0.51206267, 0.5119068, 0.5129424, 0.51188713, 0.51206183, 0.51084465, 0.5118366, 0.51244843, 0.5110781, 0.5116996, 0.5135609, 0.5116328, 0.5132602, 0.512771, 0.5131439, 0.5100971, 0.51220167, 0.50950336, 0.5100967, 0.5120922]
[0.50629234, 0.5019187, 0.5025836, 0.5074965, 0.5026899, 0.5031024, 0.5073112, 0.50374275, 0.50245535, 0.50593835, 0.50086135, 0.5019148, 0.50123376, 0.5068733, 0.50653553, 0.5085054, 0.5024758, 0.50086856, 0.50500876, 0.5062272, 0.50624335, 0.50411195, 0.5018037, 0.50474846, 0.5041308, 0.5066875, 0.5044647, 0.5045153, 0.50093323, 0.51130265, 0.50424063, 0.5008424, 0.5013368, 0.50539935, 0.5027746, 0.50323164, 0.5044374, 0.50434464, 0.5038407, 0.5013693, 0.5015368, 0.50459105, 0.5069043, 0.5072728, 0.5032514, 0.5008758, 0.5019109, 0.5043114, 0.5039547, 0.50115925, 0.5022281, 0.5011387, 0.50218946, 0.50676715, 0.50804245, 0.5081895, 0.5050463, 0.50457305, 0.50234294, 0.503183, 0.5066144, 0.502896, 0.50487524, 0.507661, 0.50929993, 0.50662875, 0.50358266, 0.5037858, 0.5012693, 0.50658226, 0.50385904, 0.50527745, 0.50180495, 0.50162536, 0.503837, 0.50432414, 0.50136495, 0.5042972, 0.50453085, 0.505448, 0.50701, 0.50549924, 0.5074524, 0.50455713, 0.5033095, 0.5009265, 0.5083305, 0.504894, 0.50503665, 0.5074978, 0.5009181, 0.50413036, 0.50099134, 0.50442946, 0.50246453, 0.50364965, 0.5039032, 0.50551957, 0.50502557, 0.505264, 0.50589234, 0.5065301, 0.50995636, 0.5122369, 0.51159877, 0.5106142, 0.5128619, 0.5107787, 0.5146214, 0.5131932, 0.5120198, 0.5138347, 0.5097236, 0.50883234, 0.5086101, 0.51341903, 0.51310384, 0.51318294, 0.51041806, 0.51102406, 0.5105177, 0.5105559, 0.5092076, 0.5079973, 0.5104798, 0.5112762, 0.5105261, 0.5108216, 0.51145154, 0.51161337, 0.51043284, 0.51049864, 0.5115991, 0.5113347, 0.51030236, 0.51231223, 0.5120035, 0.5129604, 0.51083356, 0.51143664, 0.5123976, 0.5123537, 0.5131038, 0.51182175, 0.51218486, 0.5133372, 0.5116549, 0.51150393, 0.5117191, 0.5140591, 0.50838095, 0.51232105, 0.51091653, 0.5132084, 0.5123502, 0.51052445, 0.50967115, 0.5148708, 0.51255465, 0.5116069, 0.51076615, 0.50720745, 0.50668323, 0.51023257, 0.5102515, 0.5099653, 0.513231, 0.5118958, 0.5107926, 0.5103619, 0.51060915, 0.5120659, 0.5113824, 0.5111323, 0.51309186, 0.5117823, 0.5119015, 0.51329094, 0.5128523, 0.5120242, 0.5131753, 0.51170886, 0.5111045, 0.5119168, 0.51137435, 0.51353365, 0.5119348, 0.5115258, 0.51251316, 0.51158065, 0.51154006, 0.5104678, 0.51237845, 0.5116311, 0.5114174, 0.5100513, 0.51358724, 0.51254755, 0.51153183, 0.5105643, 0.51292074, 0.512821, 0.5135633, 0.51182646, 0.51214004, 0.51156074, 0.5109134, 0.51066834, 0.51215744, 0.5122306, 0.51404476, 0.5124259, 0.5125422, 0.5125164, 0.5109804, 0.5113723, 0.5128441, 0.51195854, 0.51353246, 0.5133547, 0.51278365, 0.5120961, 0.51125866, 0.51263195, 0.5134414, 0.51327354, 0.51218307, 0.51114166, 0.50919396, 0.5135586, 0.5128996, 0.51013935, 0.51096153, 0.51157737, 0.51068646, 0.5112151, 0.51285005, 0.51342976, 0.5105011, 0.51298285, 0.5126798, 0.5124682, 0.51171565, 0.5116141, 0.5099908, 0.51352847, 0.51098776, 0.51102626, 0.51278776, 0.5127338, 0.50906205, 0.5129659, 0.51072663, 0.5103891, 0.5098363, 0.510036, 0.5124556, 0.5130075, 0.513097, 0.51357627, 0.51038325, 0.51302177, 0.5126804, 0.5107276, 0.51244605, 0.5122124, 0.512138, 0.5114805, 0.5111176, 0.5127476, 0.5093481, 0.5124537, 0.5106303, 0.5127912, 0.51305085, 0.51240724, 0.51361, 0.5122392, 0.5110254, 0.5116375, 0.5137181, 0.5133588, 0.5105945, 0.51336056, 0.51349974, 0.5127789, 0.5131129, 0.51247895, 0.5129468, 0.513152, 0.5117453, 0.5117756, 0.51158214, 0.5124129, 0.51269376, 0.5114526, 0.51168525, 0.51350147, 0.5118479, 0.5133385, 0.5128498, 0.51355094, 0.5093049, 0.5127624, 0.5092177, 0.5095594, 0.51168096]
[0.506675, 0.50155807, 0.5026738, 0.506692, 0.50197357, 0.5021563, 0.50795454, 0.50325143, 0.5025438, 0.5063856, 0.5012871, 0.5004471, 0.5014483, 0.5063175, 0.50624216, 0.50876033, 0.5005778, 0.50100845, 0.50521374, 0.50600415, 0.50695574, 0.502569, 0.5018705, 0.50243264, 0.5037404, 0.5071362, 0.50392985, 0.50520825, 0.5004216, 0.51080346, 0.5042998, 0.50033253, 0.5019526, 0.5047793, 0.5017696, 0.50222814, 0.50352734, 0.5029922, 0.5025983, 0.5004382, 0.50038904, 0.50471294, 0.5066871, 0.5078205, 0.5031398, 0.5009001, 0.50181466, 0.50303274, 0.50452435, 0.50065356, 0.5017516, 0.5010931, 0.5014114, 0.5061033, 0.5081679, 0.50856215, 0.5044738, 0.5036742, 0.50218844, 0.5034468, 0.5068504, 0.5022373, 0.50615823, 0.5073243, 0.50966114, 0.50715816, 0.5022318, 0.5023889, 0.4999658, 0.50793177, 0.5054931, 0.5058736, 0.5006416, 0.50086516, 0.5033119, 0.5052971, 0.50043213, 0.5032172, 0.5048548, 0.50623846, 0.50796837, 0.50633526, 0.50804675, 0.5046622, 0.5031796, 0.5002733, 0.50858814, 0.50545955, 0.5035183, 0.5079563, 0.5014868, 0.5027192, 0.50044096, 0.5057977, 0.50239533, 0.5030251, 0.5033203, 0.5064468, 0.5054359, 0.5060792, 0.50489944, 0.50640374, 0.5103662, 0.51216495, 0.5115609, 0.5104746, 0.5125723, 0.5099241, 0.5145191, 0.51294905, 0.51211905, 0.5137929, 0.51000196, 0.509441, 0.5096549, 0.51348287, 0.5130077, 0.5132138, 0.50986856, 0.5110206, 0.5111032, 0.5105251, 0.50949675, 0.5078601, 0.5105219, 0.5112931, 0.51054543, 0.51042134, 0.5113082, 0.5119309, 0.5108552, 0.51018494, 0.5119117, 0.51151204, 0.5108666, 0.51296043, 0.51228726, 0.5128956, 0.5108798, 0.51169926, 0.51255053, 0.5123637, 0.5133135, 0.5121512, 0.512225, 0.5137128, 0.5124813, 0.5121625, 0.51116335, 0.5139435, 0.50819707, 0.5125576, 0.51135266, 0.5131079, 0.5121248, 0.5101265, 0.50978225, 0.5149197, 0.51250327, 0.51181954, 0.510062, 0.50719464, 0.50704, 0.50991625, 0.5105004, 0.51028484, 0.5128244, 0.511892, 0.51092225, 0.5104502, 0.510533, 0.5125113, 0.5116303, 0.5113656, 0.5133462, 0.5117592, 0.5120147, 0.5134535, 0.51298, 0.5124859, 0.5126681, 0.5118443, 0.5110975, 0.51243, 0.51158226, 0.5136544, 0.5121715, 0.51185167, 0.51309276, 0.5119619, 0.51188457, 0.51022077, 0.5126116, 0.51187277, 0.5114198, 0.51041263, 0.5133275, 0.51240903, 0.51111376, 0.5101129, 0.5130668, 0.5127083, 0.5131688, 0.51214474, 0.5119362, 0.5121795, 0.511339, 0.51077974, 0.5123961, 0.5126174, 0.51412064, 0.5126516, 0.512718, 0.5124202, 0.511245, 0.5113171, 0.51287603, 0.5119551, 0.51348484, 0.51375693, 0.51302224, 0.5122506, 0.5112993, 0.5126821, 0.5135281, 0.51298374, 0.5123156, 0.51190186, 0.5093911, 0.5133429, 0.5128548, 0.5105415, 0.51157135, 0.5116374, 0.5105621, 0.5114076, 0.5130374, 0.5134746, 0.51016504, 0.5127654, 0.51263523, 0.51191676, 0.51141053, 0.51154435, 0.51006705, 0.51383734, 0.5113143, 0.51116127, 0.513179, 0.5134185, 0.50954956, 0.51345617, 0.51054215, 0.51029277, 0.5096041, 0.50990474, 0.51276636, 0.5132127, 0.51314485, 0.5134623, 0.5107553, 0.5134022, 0.51264703, 0.5106878, 0.51286924, 0.51187515, 0.51196676, 0.5108529, 0.5109949, 0.51274526, 0.509755, 0.5124109, 0.5115224, 0.51266485, 0.51334447, 0.51306784, 0.5138161, 0.5123039, 0.51118654, 0.5116072, 0.51345515, 0.51322216, 0.5110559, 0.5131655, 0.5132197, 0.5124573, 0.5128204, 0.5121999, 0.5126401, 0.5129929, 0.5119607, 0.51196235, 0.5116412, 0.5123668, 0.512301, 0.5117925, 0.5113442, 0.51378405, 0.51132953, 0.51313084, 0.51283914, 0.51340276, 0.5093607, 0.5126403, 0.5097135, 0.5099507, 0.5121663]
[0.50769913, 0.49946412, 0.50108546, 0.5111039, 0.5004642, 0.5005238, 0.5082786, 0.50059414, 0.4992626, 0.5046515, 0.50006145, 0.4996253, 0.49988833, 0.50574166, 0.5040888, 0.51184213, 0.5005272, 0.4996331, 0.5035827, 0.5025232, 0.5054391, 0.5011571, 0.50027925, 0.4996513, 0.5006485, 0.50858784, 0.5042502, 0.5046337, 0.49992317, 0.51600623, 0.49982423, 0.50004166, 0.50013566, 0.5062348, 0.500861, 0.5007957, 0.5010411, 0.5007548, 0.50075686, 0.49998343, 0.49968562, 0.50347, 0.50597423, 0.51005286, 0.499526, 0.50008017, 0.5000084, 0.5009644, 0.50320864, 0.5000502, 0.5002026, 0.500026, 0.4998145, 0.5083994, 0.510766, 0.5117879, 0.50159085, 0.5011792, 0.5000142, 0.50135636, 0.50809306, 0.4999268, 0.5068778, 0.5106918, 0.51446855, 0.5065375, 0.4998711, 0.5001925, 0.49922705, 0.50959826, 0.50491154, 0.5058899, 0.49920467, 0.4993754, 0.5038779, 0.50087047, 0.49981385, 0.50151014, 0.5025652, 0.50886947, 0.51131094, 0.5044428, 0.50980717, 0.5039679, 0.49942362, 0.49980238, 0.5118554, 0.50391376, 0.50494474, 0.5104427, 0.49992335, 0.5008318, 0.49954587, 0.5061147, 0.5003785, 0.5003926, 0.5009433, 0.50579053, 0.5032327, 0.5086754, 0.50346303, 0.50635827, 0.5152693, 0.51875514, 0.5165093, 0.5149526, 0.5187416, 0.5139876, 0.5217406, 0.519107, 0.5175815, 0.52022415, 0.51365596, 0.51289594, 0.51300377, 0.520399, 0.5189806, 0.5196027, 0.5159975, 0.5155369, 0.5166071, 0.5155025, 0.51370925, 0.5120494, 0.51592916, 0.51773024, 0.5164155, 0.5150597, 0.516946, 0.51772106, 0.5157336, 0.5159933, 0.51814324, 0.51757014, 0.51610446, 0.5191258, 0.51885164, 0.5199992, 0.5157062, 0.51674867, 0.5183831, 0.5186412, 0.52038133, 0.5180383, 0.51766676, 0.52035445, 0.51804674, 0.518645, 0.5167929, 0.5208586, 0.51107144, 0.5198903, 0.51773363, 0.5192867, 0.51847494, 0.5144597, 0.51388615, 0.52307373, 0.5186046, 0.5174632, 0.5149971, 0.510953, 0.51134026, 0.51387817, 0.51595986, 0.5144245, 0.52000535, 0.51727873, 0.5159174, 0.5151937, 0.51530015, 0.51942104, 0.5166696, 0.5159214, 0.51916856, 0.51689184, 0.51810396, 0.52020466, 0.51971406, 0.5182993, 0.51931095, 0.51814127, 0.5166594, 0.5177145, 0.51671755, 0.5203668, 0.51767856, 0.517307, 0.5195264, 0.51703024, 0.516834, 0.51619303, 0.51846945, 0.5175599, 0.515684, 0.51319593, 0.5198413, 0.51867986, 0.5162992, 0.5152812, 0.51873076, 0.5188371, 0.51934063, 0.51740193, 0.5182139, 0.5175997, 0.5163931, 0.5153386, 0.5182888, 0.5185017, 0.52134305, 0.51927644, 0.51913214, 0.51852185, 0.5156456, 0.5163354, 0.5193405, 0.5173982, 0.51943964, 0.5197404, 0.51900697, 0.5182401, 0.51677287, 0.5186561, 0.5205287, 0.5194875, 0.5180331, 0.51694083, 0.51235604, 0.5197078, 0.5188326, 0.5154549, 0.51637155, 0.51658094, 0.51500136, 0.5161814, 0.5186413, 0.52003545, 0.5140119, 0.51978457, 0.5196291, 0.51891947, 0.5178599, 0.51730096, 0.51472723, 0.5204147, 0.5160368, 0.51633745, 0.5191837, 0.5199325, 0.513669, 0.5203232, 0.5155308, 0.51504374, 0.51431435, 0.5145776, 0.51851326, 0.51894736, 0.5198632, 0.52060235, 0.5146664, 0.519331, 0.5183854, 0.5160333, 0.519645, 0.5173888, 0.51805675, 0.5155591, 0.51725215, 0.5190172, 0.5138867, 0.5186153, 0.5155003, 0.5185792, 0.5193155, 0.519012, 0.52050656, 0.5190181, 0.51582444, 0.5169581, 0.52002233, 0.5192293, 0.5157761, 0.51894194, 0.5194138, 0.5175208, 0.51920927, 0.5187403, 0.5202143, 0.51956016, 0.51765656, 0.5179565, 0.5162306, 0.5187232, 0.5185601, 0.51619565, 0.51623684, 0.5215113, 0.51702255, 0.52027494, 0.5193112, 0.5197013, 0.51426566, 0.51856464, 0.5133323, 0.5141095, 0.51834834]
[0.5086958, 0.50277036, 0.5040446, 0.5100163, 0.50023246, 0.5000755, 0.51053554, 0.50496775, 0.5037075, 0.5086861, 0.5001591, 0.50123644, 0.5008048, 0.5090387, 0.5083878, 0.51111746, 0.50438154, 0.50220686, 0.50691634, 0.50877124, 0.50961983, 0.50559163, 0.49969476, 0.5061818, 0.507493, 0.50928754, 0.5073785, 0.5066307, 0.5009834, 0.51517266, 0.5054548, 0.500115, 0.50027597, 0.5087121, 0.503861, 0.5010807, 0.50099087, 0.50035995, 0.50156474, 0.50022006, 0.5036386, 0.50625485, 0.5095159, 0.51024234, 0.5034598, 0.49977142, 0.50062174, 0.50655615, 0.50585365, 0.5005152, 0.4999068, 0.5007286, 0.50100106, 0.50993997, 0.51110125, 0.5115795, 0.50782555, 0.50639284, 0.50313747, 0.50470835, 0.5090959, 0.5037941, 0.5080863, 0.51121974, 0.5136521, 0.50938994, 0.50483745, 0.50474966, 0.5037275, 0.5094905, 0.506172, 0.5077155, 0.50330615, 0.50224257, 0.5060417, 0.5061469, 0.5002036, 0.507362, 0.5064656, 0.5094102, 0.5108246, 0.5080725, 0.5108007, 0.50703937, 0.50278145, 0.5003873, 0.51207983, 0.5079019, 0.5090341, 0.51090693, 0.50264835, 0.50091356, 0.50165266, 0.5067444, 0.5001528, 0.5012492, 0.5015556, 0.50808614, 0.50637996, 0.5083061, 0.5081911, 0.50879556, 0.5140749, 0.5167839, 0.5163486, 0.5155827, 0.51806647, 0.514277, 0.5203966, 0.5182156, 0.5169237, 0.5191532, 0.5141008, 0.5125588, 0.5127358, 0.51868963, 0.51773816, 0.5183474, 0.5147674, 0.51513475, 0.5147855, 0.51434433, 0.5130859, 0.5108819, 0.51391184, 0.5154848, 0.5148812, 0.51495314, 0.51605976, 0.51675713, 0.51501745, 0.51428926, 0.51619005, 0.5158736, 0.51537836, 0.51691103, 0.5172951, 0.51776093, 0.51581466, 0.51573944, 0.51678896, 0.5175445, 0.51858145, 0.5164486, 0.5170952, 0.5184243, 0.51631814, 0.5159827, 0.51628625, 0.5193552, 0.5114192, 0.51736546, 0.51547074, 0.5186933, 0.516716, 0.5143882, 0.51348937, 0.5208839, 0.5177937, 0.5163643, 0.5150356, 0.50993514, 0.50980306, 0.5140792, 0.5142544, 0.51383734, 0.5179948, 0.5162743, 0.51499164, 0.5143429, 0.51472354, 0.5167829, 0.5161528, 0.5154133, 0.51821655, 0.5165178, 0.5168141, 0.5190481, 0.5178667, 0.5175177, 0.5181433, 0.5162501, 0.5153726, 0.51709574, 0.51589596, 0.5186885, 0.5163545, 0.51616055, 0.5176683, 0.51623267, 0.5161673, 0.51551944, 0.51745456, 0.51674265, 0.51570976, 0.51414466, 0.51883006, 0.51763743, 0.5155728, 0.5147195, 0.51794076, 0.5180228, 0.5188707, 0.5169295, 0.5174724, 0.5159317, 0.51514846, 0.51478785, 0.5168195, 0.51722604, 0.5196232, 0.51798785, 0.5180727, 0.5178044, 0.51541084, 0.5156203, 0.5181663, 0.51670283, 0.5192968, 0.5183633, 0.51789767, 0.51719326, 0.5165131, 0.51774615, 0.5188479, 0.5183321, 0.51683813, 0.51637006, 0.51304173, 0.51902413, 0.51823276, 0.5140998, 0.5156067, 0.5160959, 0.5149037, 0.51587373, 0.5183398, 0.5190528, 0.51445234, 0.518019, 0.51785415, 0.51729953, 0.5163938, 0.5167466, 0.5143094, 0.519117, 0.51558316, 0.51606107, 0.5186397, 0.51861334, 0.5133328, 0.51820946, 0.51535714, 0.5148946, 0.51395005, 0.51422274, 0.5175796, 0.51833224, 0.51831776, 0.5190036, 0.51435, 0.5177203, 0.5174616, 0.51505035, 0.5174367, 0.5171856, 0.5171882, 0.5164016, 0.51573545, 0.5179155, 0.51295185, 0.51678556, 0.51588756, 0.51840407, 0.51838917, 0.5169135, 0.5200241, 0.5170361, 0.515193, 0.5163143, 0.51879126, 0.5184245, 0.5151393, 0.5183957, 0.5188167, 0.5178151, 0.5180886, 0.51749736, 0.51751673, 0.5185429, 0.5166256, 0.51626486, 0.5160557, 0.51743054, 0.5176376, 0.5163391, 0.5164204, 0.518479, 0.5162955, 0.51872784, 0.518462, 0.51942945, 0.51326245, 0.5181344, 0.5133491, 0.5136377, 0.5167206]
[0.5062494, 0.50149965, 0.5002057, 0.50793904, 0.50449675, 0.504372, 0.5071372, 0.4998831, 0.500201, 0.5064799, 0.5038276, 0.50224817, 0.5033159, 0.5042293, 0.5021072, 0.5092963, 0.50016624, 0.50213337, 0.501887, 0.50295687, 0.5048654, 0.49979618, 0.504125, 0.500452, 0.50075436, 0.5062925, 0.5011243, 0.50050366, 0.5024421, 0.5139317, 0.49988607, 0.5033066, 0.5040462, 0.5051285, 0.5001564, 0.5052859, 0.50586784, 0.5048799, 0.5061312, 0.5023605, 0.5014757, 0.50092787, 0.50449914, 0.50794774, 0.5011388, 0.5037667, 0.50444055, 0.500983, 0.4998739, 0.5032391, 0.50419873, 0.50337327, 0.50268924, 0.50662386, 0.5084871, 0.50883865, 0.50247157, 0.50057, 0.5005264, 0.5005901, 0.5056206, 0.5006549, 0.50444883, 0.50814813, 0.5120189, 0.5050903, 0.50013417, 0.49991003, 0.501666, 0.5064726, 0.5017994, 0.50448734, 0.5019192, 0.5020323, 0.50044584, 0.50118554, 0.5025163, 0.5003733, 0.5020045, 0.50720966, 0.50949305, 0.5045314, 0.50803584, 0.5015059, 0.50121355, 0.5024871, 0.5095828, 0.5013741, 0.5044523, 0.50859386, 0.501225, 0.50558853, 0.50241625, 0.5024487, 0.50446105, 0.5053361, 0.5059004, 0.50424415, 0.50264806, 0.5044382, 0.5044891, 0.5062036, 0.5124329, 0.51583844, 0.51412547, 0.51231563, 0.5163957, 0.51222676, 0.5191518, 0.5169915, 0.51483613, 0.5177387, 0.51169664, 0.5104733, 0.5108382, 0.51761323, 0.51634574, 0.517195, 0.51280135, 0.51365125, 0.51356333, 0.5132399, 0.5110405, 0.5097778, 0.5131744, 0.5144766, 0.5135436, 0.5130065, 0.51415235, 0.514921, 0.5128871, 0.51217175, 0.51557344, 0.51437086, 0.51312697, 0.51590276, 0.51558894, 0.5165653, 0.513725, 0.51486796, 0.5159201, 0.51589036, 0.51748425, 0.5147188, 0.5148563, 0.51716113, 0.51487595, 0.51532036, 0.51456004, 0.51817423, 0.50830156, 0.5167555, 0.51416326, 0.51694727, 0.5154386, 0.5124276, 0.51131994, 0.5200544, 0.51591945, 0.5146662, 0.5130108, 0.5079364, 0.50782186, 0.5119325, 0.513193, 0.5124937, 0.5172838, 0.5147944, 0.5133703, 0.512184, 0.5125536, 0.5157665, 0.5144827, 0.5142266, 0.51653934, 0.5142135, 0.5154596, 0.51788574, 0.5164047, 0.5157966, 0.5167758, 0.5154002, 0.51423615, 0.5158582, 0.51390743, 0.5177476, 0.5151452, 0.51486254, 0.5167456, 0.514503, 0.51440334, 0.5137107, 0.51602465, 0.5149641, 0.5137791, 0.511006, 0.5173133, 0.51623464, 0.5139932, 0.5127879, 0.5161724, 0.5162221, 0.5169769, 0.5146362, 0.5153618, 0.5144526, 0.51331395, 0.51264274, 0.51522017, 0.5155546, 0.51857007, 0.5159568, 0.515849, 0.5158668, 0.5139095, 0.5131653, 0.5162834, 0.51458114, 0.5172098, 0.5174247, 0.51627326, 0.51566035, 0.51456374, 0.5162838, 0.5167263, 0.5159953, 0.5155195, 0.5151456, 0.5105822, 0.5178774, 0.51668614, 0.51272964, 0.5138807, 0.5141354, 0.51293117, 0.5143254, 0.516564, 0.51721275, 0.5121092, 0.5166884, 0.51666856, 0.5157339, 0.51502585, 0.5145799, 0.5131648, 0.5176552, 0.5136958, 0.5134333, 0.5172191, 0.5173473, 0.5113188, 0.51726466, 0.5130276, 0.51245344, 0.5118188, 0.51208085, 0.5161592, 0.5171056, 0.51725876, 0.51792336, 0.51212287, 0.5164634, 0.51598996, 0.512989, 0.5164421, 0.51466256, 0.5151584, 0.5135804, 0.5142952, 0.51635206, 0.5108347, 0.5154508, 0.5138834, 0.51651794, 0.51672286, 0.51583153, 0.5182811, 0.51566905, 0.5131462, 0.51463175, 0.5177651, 0.5169956, 0.51302487, 0.51686984, 0.5164708, 0.515164, 0.5164845, 0.5157415, 0.51691157, 0.51705235, 0.5148381, 0.5151013, 0.5140129, 0.51574147, 0.51596653, 0.5145474, 0.5143457, 0.5177574, 0.51370025, 0.51709497, 0.5165458, 0.5170474, 0.5100854, 0.5161575, 0.5109675, 0.51190686, 0.5153651]
[0.50531334, 0.5016369, 0.5009499, 0.50652105, 0.5042261, 0.50438607, 0.5065659, 0.5011947, 0.5009429, 0.5064878, 0.5030711, 0.5019117, 0.5031614, 0.50534135, 0.50436616, 0.5077585, 0.50123113, 0.50235695, 0.5025371, 0.50290334, 0.5050169, 0.5010662, 0.5037877, 0.50108045, 0.5017297, 0.5052878, 0.5023954, 0.50256497, 0.50284845, 0.51007074, 0.5011039, 0.50285745, 0.5037216, 0.5038422, 0.501297, 0.5044026, 0.5049895, 0.5043432, 0.50464344, 0.5022716, 0.50176793, 0.5025849, 0.5052767, 0.5070226, 0.5010934, 0.5029312, 0.50378746, 0.5012573, 0.50128186, 0.50306994, 0.5038548, 0.5032023, 0.5028379, 0.50621855, 0.50729966, 0.507736, 0.502098, 0.5016162, 0.5012951, 0.5010912, 0.5049768, 0.5013871, 0.5038562, 0.5068227, 0.50955755, 0.5053712, 0.5010095, 0.5009818, 0.5015473, 0.50631154, 0.5028713, 0.5037544, 0.5018519, 0.50195754, 0.501924, 0.50184286, 0.5023628, 0.5016928, 0.50191075, 0.5052166, 0.5072499, 0.5038193, 0.5066936, 0.5021943, 0.5010571, 0.50252783, 0.50792694, 0.50289947, 0.50311196, 0.5074373, 0.5013186, 0.50512207, 0.50222814, 0.5032257, 0.5045523, 0.5048124, 0.5055787, 0.504482, 0.5030054, 0.5044185, 0.50371677, 0.5048383, 0.50981385, 0.51173824, 0.5106215, 0.50975233, 0.5115716, 0.5092763, 0.513435, 0.5120021, 0.5112309, 0.5125543, 0.50913084, 0.5082921, 0.5084971, 0.5122946, 0.51173353, 0.5122923, 0.5099086, 0.51024616, 0.5100181, 0.5097636, 0.5088239, 0.50789464, 0.50998837, 0.51074857, 0.5103901, 0.5098112, 0.51070404, 0.51125824, 0.51010954, 0.5098691, 0.51113325, 0.51082516, 0.51001334, 0.51168966, 0.51179993, 0.51200294, 0.51036817, 0.5107927, 0.5113843, 0.5115655, 0.51265705, 0.5111833, 0.51109064, 0.5125553, 0.51116264, 0.5112688, 0.51052165, 0.51292, 0.5075025, 0.5120643, 0.5106241, 0.5120126, 0.51117533, 0.5093023, 0.5092372, 0.51407415, 0.5116123, 0.511088, 0.51004153, 0.5069392, 0.50670403, 0.50925535, 0.50979775, 0.50948465, 0.51230353, 0.5109015, 0.51020986, 0.5095988, 0.51000303, 0.51171917, 0.5109523, 0.51046586, 0.5121554, 0.51065767, 0.51129967, 0.5126803, 0.5120094, 0.5117869, 0.5119945, 0.51124096, 0.5106067, 0.51141846, 0.51059204, 0.51253676, 0.5109372, 0.51092076, 0.51192796, 0.5109555, 0.5108468, 0.5103561, 0.511587, 0.5112646, 0.5103183, 0.50906825, 0.51239336, 0.5116681, 0.51026, 0.50971514, 0.5117108, 0.5116576, 0.51195437, 0.51102304, 0.5113168, 0.51104677, 0.5104169, 0.5101019, 0.5114413, 0.51171684, 0.51294035, 0.51153344, 0.5115855, 0.5117168, 0.5106883, 0.5103401, 0.51178664, 0.5110508, 0.5123883, 0.512233, 0.5121444, 0.5113899, 0.51074404, 0.5118481, 0.5123837, 0.5119042, 0.51137, 0.510881, 0.50841254, 0.51236117, 0.51200485, 0.5099747, 0.5105139, 0.51059365, 0.50993913, 0.51059824, 0.51210004, 0.5121764, 0.50944734, 0.512338, 0.5120037, 0.5118036, 0.511047, 0.51093197, 0.50989145, 0.51269037, 0.5103926, 0.510228, 0.5119737, 0.51211107, 0.5087812, 0.512437, 0.5097288, 0.5096033, 0.50914013, 0.5093062, 0.5117086, 0.511887, 0.5122416, 0.5128094, 0.5097673, 0.5120511, 0.511627, 0.5102566, 0.5118181, 0.5111309, 0.5113872, 0.51004785, 0.51072097, 0.51194614, 0.50896513, 0.51164526, 0.51028484, 0.5118203, 0.5118241, 0.51205796, 0.5128066, 0.5116934, 0.5100371, 0.5109388, 0.5127725, 0.5122709, 0.5097264, 0.5119225, 0.51186115, 0.5111513, 0.51188517, 0.5116257, 0.51217276, 0.5123078, 0.5109889, 0.5113014, 0.510541, 0.5115, 0.5116648, 0.51054627, 0.5106829, 0.51273704, 0.51035684, 0.5124474, 0.5120229, 0.5125796, 0.5089229, 0.5116875, 0.5089064, 0.50924474, 0.51136345]
[0.5044405, 0.50079125, 0.5002445, 0.5058902, 0.50287586, 0.50265175, 0.5055077, 0.5002105, 0.50048184, 0.5043937, 0.50270754, 0.5017322, 0.50209683, 0.50442475, 0.50321484, 0.5074761, 0.5001175, 0.50130194, 0.4997854, 0.5027554, 0.50348026, 0.49971893, 0.5028831, 0.50051796, 0.50038403, 0.50422597, 0.50077856, 0.5009961, 0.5019079, 0.5130092, 0.49997222, 0.5021838, 0.50253576, 0.50455105, 0.49994683, 0.50339895, 0.50393766, 0.5033469, 0.5038836, 0.5019348, 0.50118005, 0.5001397, 0.50546235, 0.5062284, 0.50116676, 0.5026245, 0.50293744, 0.50043386, 0.4998203, 0.5024257, 0.5029211, 0.5023417, 0.50214684, 0.50569767, 0.5064803, 0.5077292, 0.50157845, 0.5004302, 0.5005482, 0.4996481, 0.5043176, 0.50085217, 0.5029657, 0.50738144, 0.5107984, 0.5036918, 0.4999987, 0.50015616, 0.5011523, 0.5048194, 0.500701, 0.502308, 0.50094265, 0.50125897, 0.5005545, 0.49984962, 0.5018106, 0.50063056, 0.50183874, 0.5034401, 0.50704354, 0.50195044, 0.50590044, 0.5011505, 0.50039977, 0.5013582, 0.5080758, 0.5012747, 0.5030364, 0.50773674, 0.5020023, 0.5038016, 0.50139487, 0.50175124, 0.502794, 0.5039552, 0.5043053, 0.50275105, 0.5013737, 0.50311315, 0.5037449, 0.50476265, 0.5112032, 0.5151472, 0.5132636, 0.512046, 0.5152797, 0.5115436, 0.5181501, 0.51555, 0.51430964, 0.5166773, 0.5107758, 0.5084353, 0.50924814, 0.5161647, 0.51549447, 0.51606095, 0.51233214, 0.5126878, 0.5125796, 0.5123206, 0.5096166, 0.5074848, 0.5119789, 0.5130388, 0.5121993, 0.51260936, 0.51314074, 0.5136015, 0.5112282, 0.51167685, 0.51381874, 0.5133298, 0.51242536, 0.5140631, 0.5149472, 0.5153066, 0.51274717, 0.51279616, 0.51468235, 0.51463413, 0.5162382, 0.5137901, 0.51448935, 0.5161246, 0.51310456, 0.5136314, 0.51381797, 0.516787, 0.5078963, 0.5149354, 0.5123049, 0.5162221, 0.51430243, 0.51154834, 0.5106568, 0.5192131, 0.5149233, 0.5140789, 0.51216155, 0.5054459, 0.50587434, 0.51082003, 0.51199925, 0.5111915, 0.51606905, 0.5134894, 0.51192814, 0.5115768, 0.51183546, 0.51441157, 0.5133265, 0.512959, 0.5150175, 0.5131912, 0.51384056, 0.5166306, 0.5152754, 0.51410174, 0.5163264, 0.5143147, 0.5133522, 0.5145202, 0.51305664, 0.5164658, 0.5140304, 0.51370275, 0.51496565, 0.5132861, 0.51326233, 0.5125989, 0.5144746, 0.51368135, 0.5124458, 0.5106932, 0.5159861, 0.5149904, 0.512441, 0.5113946, 0.5149831, 0.5150595, 0.5159675, 0.5143393, 0.51444125, 0.51329, 0.5125924, 0.51181096, 0.51394784, 0.51462513, 0.5173599, 0.51516163, 0.51519626, 0.5147792, 0.5123657, 0.5127775, 0.5148646, 0.5135487, 0.5161847, 0.51594037, 0.51494074, 0.51476675, 0.513254, 0.5154356, 0.51606935, 0.51554406, 0.51431715, 0.51352435, 0.50895154, 0.5167679, 0.515821, 0.5114801, 0.51255834, 0.51299417, 0.5125152, 0.5130582, 0.51503253, 0.5158772, 0.51131976, 0.5157003, 0.5158362, 0.51443887, 0.5136462, 0.5138496, 0.511351, 0.5164261, 0.51241404, 0.5131346, 0.5154636, 0.5157007, 0.50957036, 0.51636714, 0.5120813, 0.5120528, 0.51091063, 0.5116705, 0.5148517, 0.5154983, 0.5161076, 0.51689893, 0.510891, 0.5152713, 0.51448536, 0.51206607, 0.5151981, 0.51385653, 0.5149764, 0.51290417, 0.51327044, 0.5150108, 0.5096175, 0.51427615, 0.51259744, 0.51534593, 0.5156434, 0.5145917, 0.5171192, 0.5146958, 0.5119068, 0.513575, 0.5162411, 0.5156326, 0.5117678, 0.515619, 0.51605093, 0.51507306, 0.51544863, 0.51493746, 0.51598674, 0.51570904, 0.51353854, 0.5135055, 0.5132174, 0.5148167, 0.51558256, 0.512524, 0.5131356, 0.5163372, 0.5135415, 0.5156974, 0.5156892, 0.51639897, 0.5096874, 0.5154866, 0.50989324, 0.5108762, 0.5143853]
[0.5089593, 0.5023554, 0.5036787, 0.5118705, 0.5018354, 0.502094, 0.51034784, 0.5024593, 0.50151503, 0.5077167, 0.5013036, 0.50006175, 0.5013106, 0.5098733, 0.5082714, 0.51285154, 0.5023482, 0.5003867, 0.5065684, 0.50743556, 0.5079084, 0.50501984, 0.50220126, 0.502288, 0.5037779, 0.5097185, 0.5069504, 0.50834894, 0.5009808, 0.51750267, 0.5039927, 0.50066817, 0.5012231, 0.5091653, 0.5030483, 0.5031657, 0.5034841, 0.50284773, 0.503393, 0.5016873, 0.50032747, 0.506483, 0.5097577, 0.51139253, 0.5023483, 0.5011836, 0.5011732, 0.5047993, 0.50534034, 0.50085676, 0.5018056, 0.5014902, 0.501477, 0.51042235, 0.51188725, 0.51282144, 0.5058555, 0.50541747, 0.5023958, 0.50433785, 0.50982577, 0.50151557, 0.50850195, 0.51214474, 0.5152083, 0.50986993, 0.5037198, 0.5024912, 0.5003703, 0.5109655, 0.50785637, 0.50845295, 0.5010907, 0.50079876, 0.50575465, 0.50372833, 0.5001939, 0.5044878, 0.50666666, 0.50990546, 0.5119771, 0.50637424, 0.5110413, 0.5053003, 0.50354224, 0.5005749, 0.512888, 0.50847507, 0.50739056, 0.51165426, 0.5009923, 0.5029778, 0.50028664, 0.508006, 0.5017211, 0.5026447, 0.50318307, 0.50842965, 0.50714314, 0.50773245, 0.50685, 0.5087973, 0.51546013, 0.5190787, 0.5173877, 0.51589906, 0.51909417, 0.51539797, 0.52253926, 0.5199522, 0.51820076, 0.5206771, 0.5148313, 0.5137771, 0.5142622, 0.52115756, 0.5197711, 0.5203581, 0.5161266, 0.5159634, 0.51765, 0.51637787, 0.51477927, 0.513175, 0.51681155, 0.5175893, 0.5166974, 0.51649195, 0.5176752, 0.51815027, 0.5162225, 0.5164126, 0.5185152, 0.51790845, 0.5167947, 0.5191495, 0.5192069, 0.5194105, 0.516795, 0.5176147, 0.5192603, 0.51949763, 0.52049255, 0.51853085, 0.5192057, 0.5204047, 0.5187872, 0.51882523, 0.5175345, 0.5208747, 0.5127175, 0.5197254, 0.51824987, 0.52003825, 0.5187642, 0.5157832, 0.5149943, 0.5233466, 0.51911235, 0.5188089, 0.51591486, 0.5114608, 0.51173353, 0.51527095, 0.51640797, 0.5156042, 0.5204606, 0.51812184, 0.51660514, 0.516395, 0.5163614, 0.51953036, 0.5178015, 0.51761234, 0.5201356, 0.5174638, 0.5191, 0.52083147, 0.5199764, 0.5187086, 0.5193254, 0.5192468, 0.51796836, 0.51863337, 0.51752156, 0.5207589, 0.5187437, 0.5177623, 0.51971453, 0.51803464, 0.51795614, 0.51680017, 0.51881576, 0.5181281, 0.5167024, 0.5144313, 0.520449, 0.51945764, 0.5169038, 0.51614845, 0.5195026, 0.51967686, 0.5200119, 0.5188977, 0.51910037, 0.51816976, 0.5171251, 0.51667106, 0.5187426, 0.5187456, 0.52161247, 0.5194334, 0.51940536, 0.5191661, 0.5167805, 0.51721054, 0.51978767, 0.5183594, 0.51997906, 0.52051324, 0.5192698, 0.5187135, 0.51748765, 0.5196999, 0.5205409, 0.52018887, 0.5190889, 0.5177045, 0.51392764, 0.5209242, 0.51973504, 0.51660436, 0.5174601, 0.51804435, 0.5162493, 0.51710415, 0.5199769, 0.52022856, 0.51546806, 0.5201672, 0.520549, 0.51935124, 0.5183758, 0.51780367, 0.51568764, 0.52082026, 0.5166147, 0.51716274, 0.5198691, 0.52017117, 0.51500344, 0.52059424, 0.5159335, 0.51608974, 0.5152509, 0.5152762, 0.519082, 0.5200726, 0.52062017, 0.5207478, 0.51563835, 0.5196395, 0.5194909, 0.51742566, 0.51989824, 0.5182562, 0.5190542, 0.51597697, 0.51760304, 0.5199298, 0.51456547, 0.5194931, 0.51696146, 0.5197479, 0.5198279, 0.5194055, 0.5214544, 0.519261, 0.5165516, 0.51779765, 0.5208127, 0.52036077, 0.5165674, 0.520186, 0.52019083, 0.5187012, 0.5196682, 0.51915, 0.52044266, 0.52027804, 0.5179512, 0.51865363, 0.5172859, 0.5193648, 0.5194998, 0.5171016, 0.5178254, 0.5215916, 0.5182849, 0.5201115, 0.52007324, 0.5204473, 0.5151355, 0.51965237, 0.51439357, 0.5155389, 0.5183712]
[0.5054477, 0.50053066, 0.49971893, 0.5064331, 0.50403297, 0.5039552, 0.5067206, 0.50144917, 0.5003604, 0.5056018, 0.5029853, 0.5011699, 0.5024348, 0.50609004, 0.50573033, 0.5079524, 0.50005, 0.5017818, 0.5029601, 0.50590134, 0.5060528, 0.5001156, 0.50360876, 0.5025825, 0.50469434, 0.5054384, 0.5031128, 0.50213456, 0.5022825, 0.51125026, 0.5018841, 0.50233716, 0.50350815, 0.5057369, 0.5005652, 0.504154, 0.5049266, 0.5037725, 0.5052727, 0.5027505, 0.49978414, 0.5018776, 0.50637376, 0.506783, 0.49967077, 0.5027364, 0.5036025, 0.5028356, 0.50161284, 0.50238967, 0.50322723, 0.50230557, 0.5019302, 0.50640714, 0.507892, 0.50812453, 0.50428736, 0.5023438, 0.5004741, 0.50085676, 0.5060891, 0.4998907, 0.5046871, 0.5077599, 0.5099381, 0.5061985, 0.5002978, 0.50131583, 0.5008133, 0.50602484, 0.5016702, 0.50363, 0.5010309, 0.50107753, 0.50084627, 0.5041553, 0.50176954, 0.50292057, 0.5031389, 0.505985, 0.50778174, 0.50490934, 0.5078245, 0.5029304, 0.5002994, 0.50204396, 0.5082432, 0.5030439, 0.5054562, 0.5074964, 0.5005904, 0.5042532, 0.5013337, 0.50264716, 0.5038759, 0.50460947, 0.5049895, 0.50505865, 0.5035669, 0.5048942, 0.5049048, 0.50599253, 0.5103866, 0.5126756, 0.5123593, 0.510709, 0.5136771, 0.5103017, 0.515524, 0.5136686, 0.51239926, 0.5147275, 0.50965303, 0.50909734, 0.5092642, 0.5138284, 0.51353997, 0.51400125, 0.51039, 0.51123494, 0.5108084, 0.5108236, 0.5090689, 0.5076138, 0.5102962, 0.51171064, 0.51070756, 0.51033705, 0.5120771, 0.5127661, 0.5112122, 0.51028717, 0.5122578, 0.5120776, 0.51122165, 0.51308036, 0.5127222, 0.5137406, 0.5115589, 0.5117796, 0.5130631, 0.5132188, 0.5142222, 0.5124273, 0.5130479, 0.5140294, 0.51220655, 0.51201975, 0.51197475, 0.5148294, 0.5073739, 0.5134363, 0.51147306, 0.51401067, 0.51264185, 0.5104159, 0.5097424, 0.5163251, 0.5132817, 0.51214516, 0.5104392, 0.50650036, 0.50621176, 0.5103889, 0.5105968, 0.5101001, 0.5138207, 0.5120832, 0.5111154, 0.5106409, 0.51077664, 0.5126525, 0.5119817, 0.51155335, 0.51409113, 0.5123175, 0.51242274, 0.51463664, 0.51342666, 0.51324594, 0.51354396, 0.51257116, 0.51179165, 0.5121793, 0.5117544, 0.5140472, 0.5126331, 0.51228416, 0.51365095, 0.5120925, 0.5119673, 0.5111445, 0.5133561, 0.51276577, 0.5115996, 0.51001114, 0.51428443, 0.51348794, 0.51191306, 0.5106653, 0.51365596, 0.513891, 0.5140948, 0.51268035, 0.5125744, 0.5122321, 0.5108448, 0.510679, 0.51293856, 0.5134976, 0.5149253, 0.51340914, 0.5135747, 0.51329607, 0.51200634, 0.5109287, 0.5135453, 0.51265323, 0.51475435, 0.5144322, 0.5132774, 0.51264656, 0.5120073, 0.5133814, 0.5144949, 0.51388615, 0.51295006, 0.5122166, 0.5096978, 0.5142585, 0.513488, 0.5103377, 0.5116254, 0.5118044, 0.51118237, 0.5117085, 0.513884, 0.51458, 0.51073384, 0.5133764, 0.51326615, 0.51288956, 0.5120684, 0.5122997, 0.5105225, 0.5145904, 0.5116478, 0.5118628, 0.5138796, 0.51409584, 0.5095048, 0.51405627, 0.5111302, 0.5109697, 0.5099525, 0.51019543, 0.5130625, 0.5137903, 0.5139134, 0.5140513, 0.51027906, 0.5138175, 0.5132017, 0.51097035, 0.51324254, 0.5126328, 0.5128189, 0.511892, 0.5115951, 0.51339, 0.5094363, 0.5129107, 0.5115739, 0.513627, 0.51401794, 0.5133672, 0.5150289, 0.5126925, 0.51128477, 0.5122915, 0.51453286, 0.51409096, 0.5111846, 0.51420313, 0.51400024, 0.5129779, 0.5134876, 0.5127762, 0.51329374, 0.5137232, 0.5121372, 0.51235515, 0.51188934, 0.51286435, 0.5131388, 0.5122126, 0.51230675, 0.5140203, 0.51200104, 0.5142735, 0.51372814, 0.5139752, 0.50904727, 0.51307154, 0.5093962, 0.5098945, 0.5123049]
[0.5057898, 0.49993646, 0.5002438, 0.50821775, 0.5027178, 0.5025103, 0.5049003, 0.50121486, 0.5000715, 0.50479573, 0.50210273, 0.5012194, 0.5013857, 0.50559765, 0.50307775, 0.50941086, 0.5001081, 0.50136256, 0.5053772, 0.50135475, 0.50273716, 0.50080585, 0.50188506, 0.50137824, 0.50138146, 0.50604475, 0.5031336, 0.5054211, 0.5016651, 0.51253265, 0.5000176, 0.5017301, 0.5013081, 0.5053353, 0.50125086, 0.50319076, 0.50301987, 0.50248957, 0.5031836, 0.50127506, 0.5010253, 0.5032958, 0.5025654, 0.5082627, 0.50080913, 0.5005665, 0.50093967, 0.50083095, 0.50348485, 0.5008701, 0.50174963, 0.50140685, 0.5014129, 0.5064157, 0.5090476, 0.50953805, 0.5014507, 0.50072086, 0.5003781, 0.5007639, 0.50533897, 0.5001475, 0.5064182, 0.5085897, 0.5119303, 0.5067238, 0.5000184, 0.5005048, 0.5002106, 0.5084232, 0.50533205, 0.50459564, 0.5005942, 0.500353, 0.50262237, 0.50209624, 0.5012906, 0.5009353, 0.50117123, 0.5069262, 0.5089686, 0.5025262, 0.50829405, 0.5012403, 0.50078213, 0.5014928, 0.5090067, 0.5022195, 0.5053867, 0.50853217, 0.50179577, 0.50259477, 0.50152415, 0.5032923, 0.5018993, 0.5026402, 0.5027291, 0.5042054, 0.5024442, 0.5065839, 0.5017616, 0.5035382, 0.5123551, 0.51472217, 0.5127839, 0.5114697, 0.51508635, 0.51108056, 0.5173581, 0.51609397, 0.513714, 0.51626384, 0.5109917, 0.5104372, 0.5111398, 0.51632583, 0.51478714, 0.51577, 0.5123671, 0.5123264, 0.5128829, 0.5118457, 0.5108668, 0.5102266, 0.5126293, 0.51412976, 0.5132533, 0.5118103, 0.5143457, 0.51389205, 0.5125093, 0.51209456, 0.5149035, 0.5142448, 0.5131161, 0.51548076, 0.5149236, 0.51588196, 0.5131094, 0.5138233, 0.5149357, 0.51492316, 0.51608133, 0.51451176, 0.5146802, 0.516024, 0.5153747, 0.5154254, 0.5128194, 0.51653504, 0.50725126, 0.5163019, 0.51508296, 0.51546836, 0.5141456, 0.5111129, 0.51088846, 0.5189245, 0.5149699, 0.51355994, 0.51191974, 0.509054, 0.5090384, 0.51073307, 0.5124188, 0.51134753, 0.51663995, 0.51391685, 0.5127, 0.51212734, 0.5120394, 0.5162637, 0.51347613, 0.51298654, 0.51588047, 0.51359713, 0.5151094, 0.5164562, 0.5153713, 0.51522005, 0.5149048, 0.5153378, 0.51433784, 0.5139792, 0.51320666, 0.5162033, 0.5145489, 0.5144272, 0.5158584, 0.51406723, 0.5138851, 0.51363754, 0.51467246, 0.51464975, 0.5129228, 0.510181, 0.51607084, 0.5147825, 0.51252574, 0.51193756, 0.5149136, 0.5152059, 0.5145666, 0.5139289, 0.5149264, 0.5147089, 0.5131672, 0.51247054, 0.5145415, 0.51482844, 0.5169412, 0.5151749, 0.5146905, 0.51485, 0.5130215, 0.51266193, 0.51475745, 0.51340276, 0.51532036, 0.5163859, 0.51508665, 0.51444924, 0.513233, 0.51526636, 0.5163937, 0.5153906, 0.514406, 0.51419234, 0.51053697, 0.5156507, 0.5151097, 0.5126971, 0.513134, 0.51323014, 0.5119578, 0.5137824, 0.5150317, 0.5164381, 0.51107806, 0.5159024, 0.51599544, 0.51527864, 0.5143454, 0.51432055, 0.5125019, 0.5162591, 0.5130989, 0.5122092, 0.5154199, 0.51616013, 0.5113918, 0.5162272, 0.5120693, 0.5116475, 0.5110522, 0.5109985, 0.514609, 0.51522493, 0.51621664, 0.5168053, 0.51184994, 0.5151094, 0.5148218, 0.5135478, 0.51598614, 0.5137334, 0.5145096, 0.5119498, 0.5134696, 0.5157292, 0.5114214, 0.5151421, 0.51215804, 0.5146385, 0.51513624, 0.5153626, 0.5161112, 0.515404, 0.5126778, 0.5134583, 0.5162789, 0.5160118, 0.5128615, 0.51522756, 0.51502836, 0.5138346, 0.5156318, 0.5151262, 0.5163827, 0.5158096, 0.5142431, 0.5152931, 0.51295805, 0.51533526, 0.5148061, 0.51288325, 0.5132633, 0.5177202, 0.51329195, 0.5167827, 0.51607996, 0.5160358, 0.5117313, 0.5148074, 0.51100004, 0.5117326, 0.51455426]
[0.50579035, 0.49992537, 0.5006617, 0.5064304, 0.50050455, 0.50043195, 0.5074268, 0.5024699, 0.5021681, 0.5070209, 0.5000968, 0.49944618, 0.49989882, 0.5043324, 0.5034396, 0.50875396, 0.49943826, 0.4996906, 0.5050045, 0.5027298, 0.50494367, 0.5007864, 0.4997486, 0.5018775, 0.50322026, 0.5067457, 0.5022893, 0.5034587, 0.4996119, 0.5118604, 0.5018263, 0.4991648, 0.4996805, 0.50369304, 0.50036144, 0.50060505, 0.50059694, 0.5000648, 0.501045, 0.49952564, 0.49917346, 0.5022563, 0.50506115, 0.5076982, 0.501516, 0.4991959, 0.49983, 0.50007254, 0.5023923, 0.49958467, 0.50017434, 0.4999389, 0.49927044, 0.50646913, 0.5083498, 0.5088256, 0.50325006, 0.50142306, 0.4998943, 0.5015375, 0.5058684, 0.5011639, 0.5053021, 0.50687224, 0.5112214, 0.5065966, 0.49987307, 0.49984115, 0.4990884, 0.50768024, 0.5042041, 0.50518465, 0.49930313, 0.49901253, 0.5010569, 0.5041416, 0.49951303, 0.50092113, 0.5019592, 0.50629836, 0.50821155, 0.50531495, 0.50817955, 0.50142854, 0.49996245, 0.49963275, 0.50858045, 0.50197655, 0.50161815, 0.5077075, 0.50083244, 0.5007359, 0.4991642, 0.5034479, 0.50097823, 0.5010354, 0.5012335, 0.5039904, 0.50297874, 0.5043036, 0.5030728, 0.5052791, 0.5111732, 0.5134843, 0.51204693, 0.5109552, 0.5142506, 0.51051736, 0.516488, 0.5145612, 0.5132882, 0.51506525, 0.51049095, 0.5098685, 0.5098774, 0.51531106, 0.514408, 0.5150711, 0.5104192, 0.5120797, 0.51255506, 0.5113811, 0.509585, 0.50879645, 0.51180005, 0.51257664, 0.512371, 0.5115078, 0.51306504, 0.51295954, 0.5118234, 0.5109007, 0.5129563, 0.51259166, 0.5119978, 0.5145957, 0.51384026, 0.5143859, 0.511892, 0.5133686, 0.51392215, 0.51362073, 0.51502633, 0.5134788, 0.5137655, 0.51515573, 0.51377356, 0.5134404, 0.5123597, 0.51564604, 0.50747305, 0.5139212, 0.5128095, 0.5144762, 0.51332814, 0.5106077, 0.5101636, 0.51719105, 0.51391345, 0.5128803, 0.51101047, 0.5074085, 0.5075392, 0.5109271, 0.51122093, 0.511018, 0.5147013, 0.5131906, 0.51185644, 0.51113266, 0.5113922, 0.5139408, 0.5127334, 0.5121831, 0.5152947, 0.512525, 0.513469, 0.51552653, 0.51472515, 0.5141026, 0.51442665, 0.5130555, 0.51224685, 0.51340073, 0.5127442, 0.5159126, 0.513906, 0.5133968, 0.51495534, 0.51294327, 0.5128487, 0.5111561, 0.5140578, 0.51371586, 0.51257545, 0.5106069, 0.51535016, 0.514406, 0.51261574, 0.51079667, 0.5142865, 0.5142251, 0.51476085, 0.5132089, 0.5133658, 0.5131858, 0.5125839, 0.5118745, 0.51383656, 0.51394624, 0.5163182, 0.51369655, 0.5135079, 0.51361257, 0.51244813, 0.5121789, 0.51450217, 0.5134684, 0.5150076, 0.515852, 0.51450616, 0.51415163, 0.51254195, 0.5147752, 0.5152015, 0.51439357, 0.5139111, 0.51359713, 0.51063365, 0.5149419, 0.5141018, 0.51107305, 0.51213616, 0.5123141, 0.5113428, 0.5123324, 0.51461047, 0.51545304, 0.5111671, 0.5138438, 0.5139442, 0.51308095, 0.51246595, 0.5123962, 0.51154184, 0.515545, 0.5125687, 0.5115837, 0.5149274, 0.5150181, 0.5106454, 0.51485455, 0.5113226, 0.5108965, 0.5102047, 0.5103987, 0.5144324, 0.5149718, 0.51516867, 0.51564026, 0.5112961, 0.5148066, 0.5142393, 0.5117461, 0.5142405, 0.5131823, 0.51362616, 0.5117331, 0.5120715, 0.5144007, 0.51065993, 0.51395696, 0.5128962, 0.5140261, 0.5146975, 0.5139579, 0.5155873, 0.5135785, 0.51187253, 0.5127674, 0.5152265, 0.5149052, 0.5119507, 0.5147394, 0.51451993, 0.5134102, 0.5143753, 0.513615, 0.51384276, 0.5145862, 0.51279205, 0.5130191, 0.51292455, 0.51419383, 0.5134861, 0.51339585, 0.51214844, 0.5152338, 0.51182044, 0.5149293, 0.51443076, 0.51519567, 0.50951964, 0.51399994, 0.5102987, 0.510772, 0.5136331]
[0.5094017, 0.5017511, 0.5032383, 0.51164114, 0.5006699, 0.50059825, 0.50987786, 0.50251335, 0.50172687, 0.5081008, 0.50030816, 0.49971834, 0.4999889, 0.5094495, 0.5082831, 0.51172364, 0.50279623, 0.49969524, 0.5050795, 0.50853795, 0.508394, 0.50400376, 0.5008241, 0.50349873, 0.5056518, 0.5101477, 0.50599676, 0.5065112, 0.49977598, 0.51716095, 0.5038137, 0.50014335, 0.4997056, 0.50890887, 0.503151, 0.5014101, 0.50169414, 0.50133795, 0.5014649, 0.5004449, 0.500757, 0.5052453, 0.510056, 0.51031625, 0.50117505, 0.50026, 0.50021386, 0.5062315, 0.50455, 0.5001743, 0.5003551, 0.500496, 0.500436, 0.5108236, 0.5117932, 0.5120313, 0.50719035, 0.5068092, 0.502767, 0.5045841, 0.50954705, 0.5011834, 0.50750524, 0.5122958, 0.5150279, 0.50918335, 0.5046153, 0.5042777, 0.5003944, 0.510482, 0.50647855, 0.508092, 0.5016503, 0.50136536, 0.5061704, 0.5039834, 0.500244, 0.506168, 0.50705343, 0.51029414, 0.5119397, 0.507204, 0.51051193, 0.5073752, 0.5009195, 0.5000832, 0.51231235, 0.5083097, 0.5082794, 0.51174784, 0.49973717, 0.50132537, 0.50044185, 0.50765264, 0.49999958, 0.5008689, 0.50136447, 0.50802106, 0.5075539, 0.5081568, 0.5088281, 0.50971204, 0.5157413, 0.51923263, 0.51723254, 0.5155904, 0.5192816, 0.5152974, 0.5222774, 0.5200221, 0.5183388, 0.51999575, 0.51464635, 0.5127412, 0.5137833, 0.5203571, 0.51927155, 0.5201866, 0.51691955, 0.51589835, 0.51634085, 0.51653695, 0.5141964, 0.5128241, 0.5167629, 0.51730496, 0.51652616, 0.51632077, 0.51725096, 0.5180812, 0.51560664, 0.5157933, 0.5183632, 0.5177571, 0.5163873, 0.51861995, 0.5187229, 0.5195191, 0.5168136, 0.5169425, 0.5187397, 0.51893884, 0.52048033, 0.5177059, 0.5187692, 0.5205797, 0.5181338, 0.5181363, 0.5173959, 0.52153164, 0.5128414, 0.5195349, 0.5169767, 0.52019703, 0.5188348, 0.51578546, 0.5143957, 0.5235532, 0.51890266, 0.5178818, 0.51608485, 0.51061714, 0.5111809, 0.5150233, 0.5159825, 0.51569295, 0.52089244, 0.5173695, 0.5158626, 0.51574755, 0.51589787, 0.5186543, 0.51696986, 0.51705384, 0.5196429, 0.5175475, 0.51830184, 0.5202459, 0.5190773, 0.5187077, 0.51967067, 0.51839936, 0.51728344, 0.518094, 0.5172217, 0.5201011, 0.51798874, 0.5174869, 0.5189763, 0.51773804, 0.5174622, 0.5174329, 0.51814437, 0.51727337, 0.5166674, 0.51450497, 0.5197879, 0.5193129, 0.5167687, 0.51601684, 0.5194043, 0.51936615, 0.52041197, 0.51871103, 0.51862085, 0.5177354, 0.51639074, 0.51626563, 0.51798594, 0.5179791, 0.52103674, 0.5196748, 0.51952493, 0.5196804, 0.5164849, 0.5165351, 0.5194786, 0.517875, 0.5199074, 0.51992196, 0.51889235, 0.5191167, 0.5180099, 0.5190064, 0.52044386, 0.5200778, 0.5184846, 0.51661617, 0.5130566, 0.5206395, 0.5198342, 0.5160186, 0.5168989, 0.51769066, 0.51620126, 0.517104, 0.5194567, 0.5200944, 0.51487404, 0.5201561, 0.5201839, 0.5193976, 0.5185675, 0.51859134, 0.51530474, 0.52092963, 0.5161114, 0.5167289, 0.51958615, 0.51921046, 0.5140153, 0.5205445, 0.515811, 0.515802, 0.5149127, 0.5157515, 0.51874155, 0.519919, 0.52018046, 0.5209797, 0.5149801, 0.51919913, 0.5188698, 0.51702136, 0.5195632, 0.5184012, 0.51902235, 0.5161601, 0.51717883, 0.51960677, 0.51350385, 0.51860356, 0.51574594, 0.51957804, 0.51959217, 0.5187596, 0.52111405, 0.5193206, 0.51619166, 0.5175164, 0.5205562, 0.51988655, 0.5162768, 0.5196923, 0.5201733, 0.51870894, 0.519626, 0.51938784, 0.5204785, 0.52041143, 0.5183217, 0.51830214, 0.51700354, 0.5187335, 0.51966333, 0.51630765, 0.5175571, 0.5215369, 0.51788867, 0.52020246, 0.51963514, 0.52011675, 0.5143791, 0.5194828, 0.5143212, 0.5151304, 0.51814514]
[0.50506586, 0.5017015, 0.5019763, 0.50652874, 0.50280124, 0.50287586, 0.5060057, 0.5020081, 0.50233173, 0.50500304, 0.50249165, 0.5009592, 0.5016956, 0.5055884, 0.50474244, 0.5069144, 0.50254357, 0.5011725, 0.50325364, 0.5046175, 0.50513566, 0.50314605, 0.50245136, 0.5030896, 0.5039243, 0.50548685, 0.5036737, 0.5030443, 0.5015265, 0.50993073, 0.50312626, 0.50130266, 0.50261915, 0.5052227, 0.50243527, 0.5034207, 0.50393933, 0.5028758, 0.505523, 0.5012789, 0.50178057, 0.5030434, 0.5056041, 0.5060827, 0.5015715, 0.50239754, 0.5029508, 0.50363606, 0.50318426, 0.5008055, 0.50241107, 0.5014714, 0.5007692, 0.50565314, 0.50677997, 0.50723493, 0.50439656, 0.50325483, 0.5026108, 0.50302106, 0.50515145, 0.50191337, 0.5046065, 0.5066518, 0.5083881, 0.50530696, 0.50288707, 0.5027141, 0.5013585, 0.5058124, 0.50358117, 0.5044468, 0.50140715, 0.50128216, 0.5030645, 0.5029589, 0.5007921, 0.5028282, 0.50362617, 0.50533456, 0.5066398, 0.5048078, 0.5065653, 0.5035932, 0.50204355, 0.5013152, 0.50708467, 0.50379443, 0.505296, 0.50702465, 0.50123626, 0.5046378, 0.5016942, 0.5042804, 0.5024779, 0.50364834, 0.50446147, 0.50423044, 0.503722, 0.50477535, 0.5047939, 0.50556266, 0.5088837, 0.5107738, 0.51013905, 0.5093888, 0.5109823, 0.509081, 0.5129416, 0.5116298, 0.5103963, 0.5116784, 0.508622, 0.50769657, 0.507941, 0.5118421, 0.51101923, 0.5115831, 0.5097725, 0.5094078, 0.50986695, 0.509564, 0.50807077, 0.50734043, 0.5092088, 0.5100922, 0.5096183, 0.50933474, 0.5101201, 0.5104442, 0.50904644, 0.50896066, 0.51044726, 0.5102311, 0.50953966, 0.5106911, 0.5109227, 0.5110425, 0.50974286, 0.5097708, 0.51095426, 0.5109958, 0.5118516, 0.5104097, 0.5105603, 0.5116357, 0.51013803, 0.51040405, 0.51022804, 0.5121031, 0.5068584, 0.5111029, 0.5100427, 0.5116091, 0.5108248, 0.50896347, 0.50854546, 0.5135284, 0.5111502, 0.5103169, 0.50942284, 0.5063839, 0.5065317, 0.5085061, 0.50918764, 0.50863326, 0.5116371, 0.5103334, 0.50964516, 0.5088769, 0.50903183, 0.51084733, 0.5101723, 0.5099229, 0.5111857, 0.51008356, 0.51086164, 0.5118222, 0.5111114, 0.5105028, 0.51146924, 0.51036435, 0.5098333, 0.51050127, 0.50985557, 0.5118417, 0.51052254, 0.51044023, 0.5111064, 0.51010126, 0.5100913, 0.5095952, 0.51084906, 0.51023656, 0.5098029, 0.50848377, 0.51168984, 0.51090306, 0.50983965, 0.5090931, 0.5110343, 0.5112392, 0.5113856, 0.5106535, 0.510656, 0.5099645, 0.50928473, 0.50919807, 0.5104872, 0.51078165, 0.5123336, 0.5112374, 0.51118654, 0.5111018, 0.5095015, 0.5097726, 0.51096064, 0.50994563, 0.51156867, 0.51177335, 0.5108726, 0.51063234, 0.51021725, 0.51121235, 0.5116732, 0.5111963, 0.51050097, 0.51022464, 0.50800467, 0.5120594, 0.5115364, 0.50921565, 0.5100364, 0.51019406, 0.5091493, 0.5098206, 0.51152146, 0.5114864, 0.5090182, 0.5113957, 0.51143396, 0.51081276, 0.51039594, 0.51034284, 0.5089854, 0.51212794, 0.5096508, 0.5097783, 0.511639, 0.5115862, 0.50851506, 0.5117062, 0.50939167, 0.5091645, 0.508628, 0.50878245, 0.51099837, 0.51132923, 0.5116404, 0.5119783, 0.5086228, 0.5109984, 0.5110347, 0.50958437, 0.511276, 0.5103951, 0.51095915, 0.5098567, 0.51012707, 0.5111099, 0.5081053, 0.5106622, 0.5097324, 0.51135755, 0.51136243, 0.5108761, 0.51218563, 0.5109184, 0.5094106, 0.5103084, 0.51187956, 0.51159084, 0.50953376, 0.51147616, 0.5116479, 0.5109531, 0.5111738, 0.5109071, 0.5112651, 0.5113916, 0.5103821, 0.5106527, 0.5098537, 0.5109891, 0.51124954, 0.5101042, 0.5100999, 0.51185775, 0.50996655, 0.5115698, 0.51148915, 0.5116238, 0.50793195, 0.5113622, 0.5081189, 0.5086866, 0.5102718]
[0.5062497, 0.5003476, 0.5017996, 0.5085247, 0.5019963, 0.50231105, 0.5071345, 0.5017842, 0.5007701, 0.505275, 0.50117326, 0.5002757, 0.5008289, 0.5070829, 0.50664604, 0.50934273, 0.5021967, 0.5002134, 0.5041225, 0.5053712, 0.5059559, 0.50449914, 0.50140923, 0.50426245, 0.5031577, 0.5071034, 0.5044208, 0.5042219, 0.5010048, 0.5127276, 0.50254875, 0.50162596, 0.50106037, 0.5069591, 0.5028623, 0.50219345, 0.50324947, 0.5023922, 0.5036324, 0.50158685, 0.5002316, 0.50393, 0.5074278, 0.5082108, 0.5003941, 0.5013978, 0.50115794, 0.5044227, 0.50326276, 0.50088084, 0.5015149, 0.5000874, 0.5016605, 0.50781935, 0.5083818, 0.5092839, 0.5047009, 0.5031015, 0.5012849, 0.50126576, 0.5068294, 0.49993765, 0.5058123, 0.5088119, 0.5107829, 0.5066728, 0.502728, 0.5015291, 0.499889, 0.5071706, 0.5052836, 0.504795, 0.50082654, 0.4999031, 0.50352013, 0.5017973, 0.5005051, 0.5033906, 0.50477535, 0.5065787, 0.50828534, 0.50427985, 0.5082942, 0.50257, 0.5027901, 0.50043494, 0.5093951, 0.5046534, 0.50541896, 0.50837505, 0.50030255, 0.50284994, 0.5003388, 0.5050641, 0.5009247, 0.5016577, 0.502462, 0.5058655, 0.50474596, 0.5050646, 0.50646585, 0.5075018, 0.5108582, 0.514105, 0.51306206, 0.512341, 0.5143566, 0.5120014, 0.516761, 0.5148369, 0.5134506, 0.515219, 0.51070434, 0.50991935, 0.50981265, 0.5154181, 0.5146268, 0.514933, 0.5119929, 0.51253784, 0.51291263, 0.512508, 0.51072896, 0.50932455, 0.51229006, 0.5132844, 0.51235306, 0.5122476, 0.51291066, 0.51304835, 0.5121639, 0.5121174, 0.51338947, 0.51308465, 0.51216155, 0.51389885, 0.5143306, 0.51457155, 0.51229984, 0.5125391, 0.51442033, 0.5140701, 0.51518816, 0.5134874, 0.51393586, 0.51524836, 0.5129061, 0.5132253, 0.51354045, 0.51590264, 0.5093991, 0.51414365, 0.51266754, 0.5148747, 0.51417595, 0.5113699, 0.51137096, 0.517377, 0.5141106, 0.51320505, 0.5120061, 0.5083318, 0.50814974, 0.5111136, 0.5118357, 0.5113541, 0.51492983, 0.5134462, 0.51211244, 0.5118708, 0.5118414, 0.5139693, 0.5131266, 0.51276326, 0.5145001, 0.51320016, 0.5135245, 0.51507187, 0.5149281, 0.5137429, 0.5153996, 0.5140913, 0.51325613, 0.51354593, 0.5128953, 0.515736, 0.5138906, 0.5132312, 0.5142575, 0.513106, 0.51297075, 0.5123118, 0.5139737, 0.5135293, 0.5124888, 0.51094794, 0.5153934, 0.51406807, 0.51239914, 0.5112152, 0.51426023, 0.5143276, 0.5152311, 0.5130069, 0.51430285, 0.51286316, 0.5123264, 0.5119872, 0.5136242, 0.5136966, 0.51597965, 0.5142095, 0.51437277, 0.51389444, 0.5121061, 0.5125993, 0.5144975, 0.51306987, 0.5144309, 0.514814, 0.5144335, 0.5136842, 0.51274914, 0.5147284, 0.51536584, 0.514714, 0.5136553, 0.51259506, 0.5099262, 0.515323, 0.51429796, 0.511734, 0.5122292, 0.5125978, 0.51183635, 0.5123288, 0.5144582, 0.51518565, 0.51183635, 0.5151387, 0.51501995, 0.5142703, 0.51354206, 0.5132394, 0.5114924, 0.51565695, 0.5122269, 0.51299554, 0.5146272, 0.5148368, 0.51104957, 0.5150566, 0.5118015, 0.5118057, 0.51141864, 0.51131344, 0.5140477, 0.5148034, 0.5151375, 0.5156311, 0.51130384, 0.51435333, 0.51396245, 0.5121349, 0.51457345, 0.51348835, 0.51389474, 0.512525, 0.5128878, 0.51433545, 0.5104742, 0.51417226, 0.51250696, 0.51469046, 0.5144717, 0.5140857, 0.5158906, 0.51401407, 0.512264, 0.5133502, 0.5153281, 0.51523155, 0.5119218, 0.5150949, 0.51463413, 0.5139497, 0.5147257, 0.5141459, 0.5145227, 0.51513946, 0.51276666, 0.5129407, 0.5130441, 0.5145798, 0.51424927, 0.5124865, 0.51281273, 0.5151981, 0.5127592, 0.51487756, 0.5147736, 0.5151433, 0.5103923, 0.514448, 0.51044244, 0.51100975, 0.5136569]
[0.50779504, 0.50093424, 0.50246644, 0.5100124, 0.5005013, 0.5006074, 0.50804335, 0.5018057, 0.5003964, 0.5046757, 0.50030106, 0.49992466, 0.5001227, 0.50852674, 0.50813615, 0.5097514, 0.50214154, 0.5006384, 0.50328153, 0.50725925, 0.5078365, 0.50340784, 0.50121486, 0.5053031, 0.5062468, 0.50758487, 0.5054982, 0.50460935, 0.5000107, 0.5147328, 0.5030863, 0.5000078, 0.50061166, 0.5077699, 0.50346774, 0.50033, 0.5014102, 0.50084466, 0.5019661, 0.5009812, 0.5020206, 0.50355905, 0.50876373, 0.5080783, 0.50024027, 0.50082105, 0.50085866, 0.5058522, 0.5034637, 0.50038946, 0.5004709, 0.49996626, 0.5002247, 0.50862765, 0.5095544, 0.50949365, 0.50725836, 0.5052006, 0.5018577, 0.5026141, 0.5072127, 0.5016003, 0.50625575, 0.5103462, 0.5117033, 0.50724703, 0.5046123, 0.5057431, 0.5004467, 0.5076962, 0.5043966, 0.505351, 0.50114596, 0.5001249, 0.50355506, 0.5028007, 0.5001692, 0.50505704, 0.5062605, 0.50735414, 0.5092192, 0.5063758, 0.50817186, 0.50589955, 0.50330853, 0.5003853, 0.51002437, 0.5069856, 0.50771195, 0.50956386, 0.5000645, 0.50161415, 0.50088704, 0.50424904, 0.5000407, 0.501216, 0.5009277, 0.5057123, 0.50508994, 0.5054255, 0.5080301, 0.5081205, 0.51262957, 0.51618207, 0.5148892, 0.51378226, 0.5161287, 0.5134063, 0.5184461, 0.51652277, 0.5144526, 0.5169738, 0.51224434, 0.51105875, 0.5106697, 0.51708937, 0.5160198, 0.516656, 0.5140832, 0.5129275, 0.5133193, 0.5140257, 0.51189667, 0.5101628, 0.51308036, 0.5144633, 0.51339215, 0.5137435, 0.51419103, 0.51411676, 0.5122902, 0.5131849, 0.51573944, 0.5146799, 0.5130211, 0.51477206, 0.5150191, 0.51643926, 0.51421523, 0.5133779, 0.51535165, 0.5159343, 0.5166784, 0.5147049, 0.5156472, 0.5167976, 0.5139063, 0.5138556, 0.51507306, 0.51751846, 0.51084155, 0.51585555, 0.5139003, 0.5171637, 0.51574373, 0.5135635, 0.51202416, 0.5188599, 0.51564217, 0.5142942, 0.5133655, 0.5086814, 0.5080449, 0.5125793, 0.513381, 0.512476, 0.51692307, 0.5148119, 0.5137366, 0.5130064, 0.51324606, 0.51517135, 0.5142464, 0.51456684, 0.515345, 0.51476663, 0.5150679, 0.51673806, 0.51571363, 0.51474786, 0.5169316, 0.51547515, 0.5150299, 0.5144904, 0.5137845, 0.5164671, 0.51457036, 0.5147082, 0.51499593, 0.5141637, 0.5141274, 0.5146425, 0.51538557, 0.5143582, 0.51435304, 0.51255935, 0.5167467, 0.5155704, 0.5143524, 0.5130464, 0.51571107, 0.5161725, 0.5165531, 0.51614976, 0.5152641, 0.51442826, 0.51322705, 0.51315683, 0.5146416, 0.5151006, 0.51696956, 0.516105, 0.51643085, 0.5162757, 0.51274365, 0.5137716, 0.5158716, 0.5147331, 0.5162561, 0.5164644, 0.5150883, 0.5154298, 0.5146898, 0.5153828, 0.51664186, 0.5161898, 0.51482093, 0.5136594, 0.5108753, 0.5172969, 0.51666486, 0.5128486, 0.51404905, 0.5149309, 0.5139447, 0.51424694, 0.51591593, 0.51658314, 0.51319695, 0.5164753, 0.5169898, 0.5158931, 0.5150194, 0.5152702, 0.512195, 0.51666844, 0.5130775, 0.51444834, 0.51578325, 0.5159054, 0.5116226, 0.5167998, 0.51362556, 0.5135345, 0.5125351, 0.51316696, 0.51523775, 0.51624215, 0.5163477, 0.51694244, 0.51241577, 0.516232, 0.51544, 0.5141095, 0.515881, 0.5152112, 0.5157524, 0.5150215, 0.5138444, 0.51556313, 0.5107651, 0.5150736, 0.51323456, 0.5161375, 0.51657087, 0.5145266, 0.5176092, 0.51569957, 0.5136209, 0.5145795, 0.516739, 0.51592255, 0.513485, 0.5161676, 0.5175745, 0.51643044, 0.5163231, 0.5156609, 0.516702, 0.5165089, 0.5150925, 0.5147427, 0.51423615, 0.5157213, 0.51654184, 0.5137057, 0.51460135, 0.51712435, 0.5153564, 0.5164946, 0.51619965, 0.51650137, 0.5114416, 0.5168492, 0.5110004, 0.51179934, 0.5144689]
[0.5079062, 0.50401443, 0.5028973, 0.510555, 0.5026023, 0.5024724, 0.50939864, 0.50219375, 0.5013654, 0.50459176, 0.5025726, 0.50173795, 0.5014484, 0.5076387, 0.50523436, 0.51115984, 0.50363773, 0.5018306, 0.5058583, 0.5084282, 0.5094743, 0.50472045, 0.50285715, 0.505279, 0.50468963, 0.5086644, 0.50611866, 0.506349, 0.50172615, 0.5149507, 0.50326055, 0.50267947, 0.5024703, 0.50752515, 0.50306475, 0.5044224, 0.5040455, 0.5030026, 0.5045183, 0.50223076, 0.50233907, 0.5047571, 0.5082821, 0.5096261, 0.50237995, 0.5021233, 0.50263673, 0.50668347, 0.50463873, 0.5020275, 0.5032193, 0.5020327, 0.50182766, 0.5089688, 0.510672, 0.5116174, 0.5062048, 0.50493115, 0.50399375, 0.5044551, 0.50775045, 0.5029764, 0.5070144, 0.5111124, 0.5125915, 0.50787765, 0.5047568, 0.5041804, 0.5033356, 0.50918996, 0.5053769, 0.5065927, 0.50219345, 0.5021816, 0.5058273, 0.50377864, 0.5019839, 0.5058643, 0.50588006, 0.50921994, 0.51074284, 0.506516, 0.5096721, 0.5062723, 0.5028537, 0.5022297, 0.5109256, 0.507881, 0.5080063, 0.5105444, 0.5014657, 0.5034304, 0.50199395, 0.5061581, 0.5026185, 0.5031709, 0.50382626, 0.5066511, 0.50554377, 0.5076536, 0.5061206, 0.50754815, 0.51398104, 0.5168357, 0.51521814, 0.5145481, 0.51668763, 0.5135359, 0.51881367, 0.51743054, 0.5156468, 0.5173836, 0.5134408, 0.5120503, 0.5124129, 0.51754546, 0.5164913, 0.5173269, 0.5145281, 0.5136527, 0.5148203, 0.51432884, 0.5126955, 0.51171243, 0.51463705, 0.51505184, 0.51445466, 0.51443905, 0.5154946, 0.5154461, 0.51374555, 0.5141641, 0.51672417, 0.5156206, 0.5144785, 0.51631683, 0.51632893, 0.5165667, 0.5148238, 0.514786, 0.5159336, 0.51661646, 0.5175758, 0.51528984, 0.51620424, 0.517385, 0.5161809, 0.51595217, 0.51548576, 0.518177, 0.51128846, 0.516874, 0.51589763, 0.5175368, 0.51605844, 0.51397127, 0.51325107, 0.5195171, 0.5163569, 0.51555246, 0.51430047, 0.5105873, 0.51024085, 0.5128838, 0.5138529, 0.5130521, 0.5172972, 0.5152478, 0.514268, 0.514014, 0.51423043, 0.5165387, 0.5152043, 0.5145615, 0.5167128, 0.51554376, 0.5164433, 0.5175243, 0.51621735, 0.5160039, 0.51654583, 0.5159553, 0.51543623, 0.516022, 0.51497245, 0.5170147, 0.5158669, 0.51573503, 0.51609784, 0.51521754, 0.51519763, 0.51512253, 0.5157638, 0.5153491, 0.5148713, 0.51329434, 0.5172499, 0.5161326, 0.5149496, 0.514115, 0.5165509, 0.51723796, 0.51696485, 0.5161279, 0.51636404, 0.5153795, 0.51404214, 0.51407397, 0.51561296, 0.51580286, 0.5179699, 0.517222, 0.51717037, 0.51702017, 0.51403224, 0.5148468, 0.5166365, 0.5151595, 0.51735544, 0.5172992, 0.51629376, 0.51592386, 0.51545775, 0.5164506, 0.5171706, 0.51700264, 0.5157379, 0.51500094, 0.51248634, 0.51765347, 0.5171547, 0.5140174, 0.51550776, 0.5160765, 0.51413095, 0.51511616, 0.51722664, 0.5171174, 0.51381826, 0.51737016, 0.51740754, 0.5167498, 0.51595306, 0.5164771, 0.5137887, 0.51760256, 0.5141902, 0.51499766, 0.5173893, 0.5171957, 0.5130251, 0.51745224, 0.5144166, 0.51408565, 0.5137533, 0.51343596, 0.5162175, 0.51711315, 0.5174669, 0.5178869, 0.5133439, 0.5164103, 0.5160354, 0.5148971, 0.5170007, 0.516295, 0.5164334, 0.5148898, 0.5153655, 0.51655746, 0.51235646, 0.51618505, 0.51427466, 0.5168369, 0.51695424, 0.5161411, 0.51809525, 0.51672584, 0.51464653, 0.5154734, 0.51746273, 0.517137, 0.51464045, 0.5172482, 0.517672, 0.5170076, 0.51731014, 0.5165013, 0.5170393, 0.5171734, 0.51632696, 0.5168063, 0.51517195, 0.516583, 0.5171542, 0.5145329, 0.51555693, 0.51804113, 0.51670843, 0.5173139, 0.51711524, 0.5175334, 0.51354456, 0.5170203, 0.51299185, 0.5135448, 0.5156818]
[0.5054441, 0.50101286, 0.5019608, 0.50613356, 0.5005604, 0.50013644, 0.5060207, 0.5028454, 0.50232655, 0.50561506, 0.5000973, 0.50081825, 0.5001408, 0.5050866, 0.5049166, 0.506932, 0.50238967, 0.5009645, 0.5037044, 0.50498956, 0.5056244, 0.5023141, 0.5003423, 0.50344807, 0.504789, 0.5050842, 0.5034415, 0.50345796, 0.50001943, 0.5095857, 0.50276047, 0.5000663, 0.500462, 0.50560325, 0.5028532, 0.5007846, 0.5015953, 0.5003318, 0.50179267, 0.500762, 0.50155735, 0.5027914, 0.505857, 0.50640184, 0.5012149, 0.4999504, 0.5005947, 0.5041401, 0.50311375, 0.5001726, 0.4998559, 0.50049126, 0.50073165, 0.5061386, 0.50678205, 0.5071205, 0.504213, 0.5031075, 0.50098944, 0.50228834, 0.50519395, 0.50232977, 0.50492597, 0.50668794, 0.5088428, 0.5052934, 0.5021605, 0.5028008, 0.5018837, 0.50596726, 0.5036919, 0.50445825, 0.50146115, 0.501103, 0.50304407, 0.50341046, 0.5000579, 0.5033282, 0.50375134, 0.50581217, 0.5071648, 0.50515234, 0.50670904, 0.5037175, 0.50155324, 0.5007827, 0.5074174, 0.5026863, 0.50540745, 0.50716454, 0.5017146, 0.50147074, 0.500856, 0.5043197, 0.49995983, 0.50140125, 0.50194967, 0.50452775, 0.50369495, 0.5050531, 0.50535595, 0.5059293, 0.5089004, 0.5107719, 0.51011497, 0.5091193, 0.51124257, 0.50919366, 0.5127753, 0.5113832, 0.51057196, 0.51186395, 0.5085961, 0.5076661, 0.5080944, 0.51170063, 0.5109831, 0.5114466, 0.50943875, 0.50978065, 0.5096606, 0.50961727, 0.5080727, 0.5075019, 0.50921565, 0.5101526, 0.50958866, 0.50941193, 0.50993747, 0.51038164, 0.5093949, 0.5090996, 0.5102732, 0.5100608, 0.5097711, 0.51076645, 0.51094687, 0.5113319, 0.50985897, 0.51003236, 0.51095456, 0.5107923, 0.5116265, 0.51032215, 0.51072043, 0.51149637, 0.5103164, 0.5103758, 0.5100942, 0.5120057, 0.5067088, 0.5112291, 0.50971866, 0.5115728, 0.51049054, 0.50885487, 0.5083866, 0.51341414, 0.51099855, 0.5103727, 0.50930595, 0.506122, 0.5062459, 0.5086485, 0.5090306, 0.5088514, 0.5119957, 0.51020235, 0.5093794, 0.5088455, 0.5090876, 0.51091045, 0.51033354, 0.5101346, 0.5110944, 0.51019067, 0.51035446, 0.5120646, 0.51107675, 0.5108714, 0.51143366, 0.51069516, 0.5101818, 0.51052076, 0.50980127, 0.51171726, 0.5106711, 0.51044416, 0.51121604, 0.51015186, 0.51002824, 0.5098604, 0.51083046, 0.5106771, 0.50972444, 0.5084529, 0.51165235, 0.5111162, 0.5097334, 0.50889784, 0.5111337, 0.5111439, 0.5113097, 0.51057255, 0.5105706, 0.5102799, 0.50971746, 0.50924873, 0.5106391, 0.5109125, 0.5123186, 0.5109554, 0.51099473, 0.5109448, 0.5098784, 0.50936675, 0.51093465, 0.51020205, 0.5117635, 0.51170105, 0.5110599, 0.5105707, 0.5099316, 0.51133454, 0.5117352, 0.5111689, 0.51071304, 0.5104452, 0.50805616, 0.5116901, 0.51115525, 0.50910205, 0.50979304, 0.50989765, 0.5095927, 0.50980103, 0.51122487, 0.5117906, 0.5090349, 0.5113534, 0.5112753, 0.5107042, 0.5102813, 0.51050127, 0.509339, 0.511829, 0.5097506, 0.5097859, 0.51140445, 0.511645, 0.5081701, 0.51175565, 0.5092768, 0.5091135, 0.50865465, 0.508949, 0.5107096, 0.5113176, 0.5114652, 0.5118168, 0.50853556, 0.5111319, 0.5109161, 0.50944823, 0.51110065, 0.51034516, 0.5107185, 0.50992113, 0.50985307, 0.5112066, 0.5081987, 0.5107895, 0.50990146, 0.5111377, 0.5112705, 0.5106575, 0.5122699, 0.5106912, 0.50935197, 0.5101295, 0.5115533, 0.51150316, 0.5091585, 0.51145005, 0.5110664, 0.51053745, 0.5113935, 0.5108252, 0.51154923, 0.5115007, 0.51009107, 0.5101533, 0.5099402, 0.51111615, 0.5110165, 0.509935, 0.5101373, 0.511566, 0.509671, 0.51175016, 0.5115359, 0.5115755, 0.5079915, 0.51100475, 0.50825953, 0.5086692, 0.51061183]
[0.50666827, 0.50188833, 0.5020764, 0.5073517, 0.50067604, 0.5005349, 0.5078022, 0.5027617, 0.50271595, 0.5073634, 0.50023645, 0.5001092, 0.4997739, 0.50620544, 0.5047302, 0.5090464, 0.5019595, 0.49978396, 0.5062001, 0.5050534, 0.5059699, 0.502197, 0.5004537, 0.5020921, 0.5028372, 0.5073045, 0.5049794, 0.50636595, 0.49994922, 0.51134884, 0.5036138, 0.4997283, 0.49971145, 0.5043891, 0.5006234, 0.50154847, 0.5015166, 0.50073785, 0.50130326, 0.5000985, 0.50002253, 0.5044427, 0.5058501, 0.50839597, 0.50265527, 0.50029653, 0.49959156, 0.5019191, 0.5042387, 0.49968168, 0.5002265, 0.4999497, 0.49971858, 0.50769407, 0.5084559, 0.5088852, 0.50371706, 0.5031308, 0.50213856, 0.50385964, 0.50720006, 0.5013829, 0.5073982, 0.5076821, 0.5102136, 0.5075279, 0.50175285, 0.50241363, 0.5010568, 0.5085149, 0.5059204, 0.5061119, 0.5002876, 0.5012611, 0.50375575, 0.504982, 0.49973562, 0.50296694, 0.50348157, 0.5070986, 0.50853556, 0.50560623, 0.5082802, 0.5040258, 0.501095, 0.49953017, 0.5087784, 0.50463724, 0.50472033, 0.5084296, 0.50228554, 0.50075996, 0.49976647, 0.5054868, 0.5004883, 0.50149155, 0.5017286, 0.50629544, 0.50529295, 0.5071422, 0.5048653, 0.5053214, 0.5108466, 0.5124477, 0.5115477, 0.51060134, 0.5127447, 0.5098394, 0.5147107, 0.51355404, 0.5123265, 0.5139519, 0.5103342, 0.50956035, 0.51030517, 0.5137258, 0.5131566, 0.5134405, 0.51025164, 0.51120573, 0.51130664, 0.5105978, 0.50966275, 0.50893617, 0.510978, 0.51154023, 0.5109821, 0.5109224, 0.5119229, 0.51224923, 0.5109029, 0.51043636, 0.51249534, 0.5118173, 0.5113222, 0.51332796, 0.5127964, 0.512978, 0.5112832, 0.51209414, 0.51263446, 0.51251495, 0.5135325, 0.51213205, 0.512453, 0.51377606, 0.5130289, 0.51294893, 0.51149535, 0.5138181, 0.5081076, 0.5129166, 0.5121903, 0.5133765, 0.5124412, 0.51044434, 0.5099793, 0.5151175, 0.51272285, 0.51227766, 0.5106898, 0.5082811, 0.50832283, 0.5104456, 0.5108767, 0.5105254, 0.51328915, 0.51196957, 0.5110559, 0.5106244, 0.5106785, 0.5130354, 0.51192105, 0.5111864, 0.51368666, 0.51173896, 0.5128193, 0.513628, 0.5131635, 0.51271695, 0.51255894, 0.5123126, 0.51158196, 0.51282537, 0.5118151, 0.51391166, 0.512564, 0.5120886, 0.51350737, 0.5121726, 0.5120828, 0.5110282, 0.5126666, 0.512241, 0.5112766, 0.50996727, 0.513736, 0.5127536, 0.5111124, 0.51068735, 0.51302475, 0.5130441, 0.51318467, 0.51221895, 0.5126756, 0.51220953, 0.51142937, 0.5111142, 0.51248425, 0.5128724, 0.51453936, 0.5130642, 0.51297694, 0.51255304, 0.51166755, 0.51132447, 0.51338214, 0.512402, 0.513645, 0.5139846, 0.51330477, 0.51265717, 0.511767, 0.5129949, 0.5134945, 0.5132387, 0.5122511, 0.5123982, 0.5098901, 0.5140825, 0.5133722, 0.5112324, 0.51196206, 0.5120257, 0.5109061, 0.51181304, 0.5133821, 0.513474, 0.5103982, 0.51303643, 0.512941, 0.5125693, 0.5120755, 0.51214373, 0.51072514, 0.513773, 0.51154333, 0.511107, 0.5135338, 0.51377326, 0.5104383, 0.5139113, 0.5106648, 0.51040304, 0.51007384, 0.5099781, 0.51311535, 0.513451, 0.5135098, 0.51369315, 0.5107701, 0.5131576, 0.5129294, 0.5112644, 0.51314324, 0.5121501, 0.5121966, 0.5107446, 0.51146555, 0.5133309, 0.5101292, 0.5127241, 0.511474, 0.5128325, 0.5131365, 0.5132774, 0.5138352, 0.5124366, 0.51113594, 0.5118141, 0.5137122, 0.51363605, 0.5114183, 0.5132218, 0.5134363, 0.5126828, 0.51306814, 0.51274496, 0.51323926, 0.51337945, 0.5123086, 0.51255745, 0.5115581, 0.5127266, 0.51259726, 0.511968, 0.51187795, 0.51425135, 0.5116501, 0.5137032, 0.5132855, 0.5140922, 0.5102819, 0.5129411, 0.5102975, 0.51034766, 0.51249737]
[0.50531447, 0.50172335, 0.5022881, 0.5069419, 0.50096893, 0.5014068, 0.5063924, 0.5023059, 0.50150555, 0.5036052, 0.5008769, 0.5010021, 0.50065726, 0.5060176, 0.50527805, 0.5071878, 0.5020874, 0.50115806, 0.5030928, 0.5055762, 0.5060471, 0.50312823, 0.5015491, 0.5022175, 0.5030712, 0.5056423, 0.50392693, 0.5035472, 0.50111425, 0.51013726, 0.50264823, 0.5005927, 0.50104845, 0.504911, 0.50208646, 0.5020361, 0.50305766, 0.50281537, 0.502778, 0.5008496, 0.50199896, 0.5029829, 0.5063894, 0.50602823, 0.5015796, 0.5015703, 0.50215137, 0.5038943, 0.50267226, 0.50056225, 0.5015668, 0.5010457, 0.5011046, 0.5059909, 0.5067743, 0.5070237, 0.50401306, 0.50319105, 0.5021761, 0.50284535, 0.5057064, 0.5017024, 0.5037651, 0.5071817, 0.50834537, 0.5050127, 0.50283796, 0.5030291, 0.50164396, 0.50561965, 0.5031648, 0.5039633, 0.5013521, 0.50143886, 0.50372493, 0.5022413, 0.5013435, 0.5041808, 0.5037873, 0.5048989, 0.5062709, 0.5042924, 0.5055844, 0.5042036, 0.5024681, 0.5009747, 0.5076421, 0.50458574, 0.5049245, 0.5066386, 0.50082034, 0.5028074, 0.5012685, 0.50447637, 0.500877, 0.50224215, 0.5029131, 0.5045506, 0.5037251, 0.5044915, 0.505023, 0.5050631, 0.50870043, 0.510634, 0.51018775, 0.50945187, 0.5108015, 0.5091041, 0.51249766, 0.511179, 0.51021826, 0.51154566, 0.50861406, 0.50773114, 0.50792146, 0.5115727, 0.51093596, 0.5112902, 0.50949985, 0.50906146, 0.5091986, 0.5092713, 0.5081203, 0.50732815, 0.5091993, 0.5098325, 0.50927365, 0.5097, 0.50975883, 0.5101344, 0.5089075, 0.5094296, 0.5103095, 0.5100613, 0.509242, 0.5102628, 0.5106179, 0.5110715, 0.5094884, 0.5094798, 0.51046854, 0.51077825, 0.5113545, 0.5100301, 0.5104366, 0.51132494, 0.50992066, 0.5099085, 0.51053727, 0.51179445, 0.50780934, 0.51065236, 0.50969183, 0.51146245, 0.51063615, 0.5093164, 0.50864655, 0.51263607, 0.510618, 0.51012, 0.5095181, 0.5065147, 0.5062441, 0.50881153, 0.5092238, 0.5088565, 0.5112933, 0.5101563, 0.50940406, 0.5091754, 0.5092391, 0.5104355, 0.50980026, 0.5094787, 0.51085275, 0.510211, 0.51021045, 0.51150674, 0.510901, 0.51042396, 0.5110675, 0.5103232, 0.5097858, 0.5103429, 0.509865, 0.511316, 0.51014894, 0.5097642, 0.51061183, 0.51014733, 0.51002437, 0.5091737, 0.5102829, 0.50977916, 0.50948, 0.5088212, 0.5113131, 0.51038945, 0.50948113, 0.50916266, 0.5109249, 0.5110055, 0.5114458, 0.510646, 0.51057434, 0.50989366, 0.50909626, 0.50901175, 0.51010734, 0.51023346, 0.51173365, 0.51094395, 0.5111973, 0.5110516, 0.5090945, 0.5096892, 0.51120645, 0.5102453, 0.5114377, 0.5111086, 0.51083016, 0.5105284, 0.51023895, 0.51059514, 0.5111865, 0.51118666, 0.5104285, 0.50914884, 0.5077394, 0.51158434, 0.51125133, 0.50919104, 0.50972956, 0.51013714, 0.5093119, 0.50971264, 0.5110557, 0.5111295, 0.5087978, 0.5112107, 0.510978, 0.51099354, 0.510245, 0.5102772, 0.5087273, 0.5113177, 0.50887597, 0.50992686, 0.51088786, 0.51101846, 0.5079784, 0.5115587, 0.50925803, 0.5092118, 0.50886965, 0.509077, 0.51062584, 0.51109535, 0.5111998, 0.5114579, 0.5088898, 0.5110929, 0.5105881, 0.50943035, 0.51077414, 0.5103642, 0.51066244, 0.5097194, 0.5098743, 0.5108571, 0.5078246, 0.5106019, 0.5091742, 0.511189, 0.51121044, 0.5105665, 0.5118865, 0.51070696, 0.50939006, 0.51008314, 0.5116252, 0.5113129, 0.5091874, 0.51124513, 0.51150787, 0.51089317, 0.5110746, 0.51087207, 0.5113851, 0.51138216, 0.51037884, 0.51040703, 0.5100377, 0.51067865, 0.511354, 0.509838, 0.51024896, 0.51175857, 0.51067644, 0.511211, 0.5111072, 0.5116649, 0.50837594, 0.51111627, 0.5079545, 0.5082948, 0.510304]
[0.5073184, 0.5018592, 0.50276756, 0.5081984, 0.5016147, 0.501605, 0.5074378, 0.50409794, 0.503556, 0.5067177, 0.50059366, 0.501184, 0.5007309, 0.5073678, 0.50718, 0.50812674, 0.50317067, 0.50108856, 0.50452113, 0.50655067, 0.5070922, 0.504986, 0.50162077, 0.5052057, 0.5056701, 0.50704753, 0.50644565, 0.5052815, 0.500343, 0.51104844, 0.505024, 0.5009279, 0.5010029, 0.50698435, 0.5038928, 0.50091505, 0.5020626, 0.50175256, 0.5030293, 0.500282, 0.50215983, 0.5052961, 0.5075309, 0.5075367, 0.5007862, 0.5012593, 0.50141853, 0.50586367, 0.50452703, 0.5008228, 0.5008974, 0.50081605, 0.5004352, 0.50770867, 0.50810516, 0.50830805, 0.5064141, 0.5058408, 0.50312823, 0.50403315, 0.5069991, 0.5026925, 0.50629723, 0.50818795, 0.5096615, 0.5064792, 0.505096, 0.5052585, 0.5020194, 0.50672925, 0.50599873, 0.50640464, 0.50263953, 0.50160706, 0.50608635, 0.5034585, 0.5010063, 0.50604075, 0.50634795, 0.5068704, 0.50781894, 0.50644886, 0.50732666, 0.50586843, 0.5031369, 0.5016403, 0.50854754, 0.50605464, 0.5065254, 0.50791043, 0.50035506, 0.502618, 0.5018491, 0.50623363, 0.5010296, 0.5022919, 0.50274, 0.50653523, 0.5059788, 0.50686044, 0.50725526, 0.5074883, 0.5096949, 0.5121525, 0.51089025, 0.51032066, 0.51208705, 0.5102647, 0.51378363, 0.51207644, 0.5112863, 0.5121255, 0.509396, 0.5087528, 0.50871086, 0.5126282, 0.5121664, 0.51251364, 0.51080537, 0.51082385, 0.51035124, 0.51057816, 0.50927204, 0.508798, 0.5106994, 0.5111881, 0.5104686, 0.5108052, 0.5106828, 0.5109262, 0.50974095, 0.510362, 0.5112974, 0.5112163, 0.5103151, 0.5111848, 0.51186717, 0.5122572, 0.51057005, 0.5105757, 0.5117245, 0.5118889, 0.51251554, 0.51109594, 0.5115365, 0.51261324, 0.5105599, 0.51083153, 0.51139367, 0.5130194, 0.5085871, 0.511761, 0.5105388, 0.51221, 0.5119143, 0.5102947, 0.5096878, 0.5138655, 0.51167387, 0.511334, 0.510653, 0.507877, 0.50779426, 0.509819, 0.51035595, 0.5100425, 0.5125844, 0.51120627, 0.5102649, 0.51020813, 0.51023686, 0.5115874, 0.5108944, 0.51083124, 0.5114231, 0.5112065, 0.5110181, 0.5124344, 0.51198405, 0.51162773, 0.51286423, 0.51172036, 0.51124436, 0.5112042, 0.5109041, 0.51265234, 0.5115375, 0.5111786, 0.51163757, 0.51109195, 0.5109934, 0.5107648, 0.51140016, 0.5109732, 0.5106989, 0.5097821, 0.512516, 0.5117548, 0.5106788, 0.50977606, 0.51197606, 0.51188797, 0.51267856, 0.51104707, 0.51157343, 0.51086766, 0.5106075, 0.51028246, 0.5113474, 0.51156735, 0.51285595, 0.51189584, 0.5119852, 0.51196826, 0.510189, 0.5103609, 0.5119493, 0.5111546, 0.5120134, 0.5121168, 0.5119124, 0.51172554, 0.51114255, 0.51206326, 0.51244116, 0.5122036, 0.51153517, 0.5104504, 0.5085531, 0.51253784, 0.5120229, 0.509831, 0.51023346, 0.5107689, 0.5105488, 0.5106244, 0.5117127, 0.5123507, 0.5101796, 0.51229435, 0.5123786, 0.51173633, 0.5114151, 0.51137096, 0.509681, 0.5124223, 0.5102485, 0.51083595, 0.5119422, 0.5119966, 0.5091707, 0.5126368, 0.51022136, 0.5101607, 0.5098686, 0.51024324, 0.51152956, 0.5119764, 0.5124849, 0.5128977, 0.5096061, 0.5119981, 0.51125205, 0.5104045, 0.5116893, 0.51151234, 0.51176715, 0.51077104, 0.5108879, 0.5119388, 0.50914854, 0.51162344, 0.5099408, 0.5120573, 0.5121503, 0.51132905, 0.5131751, 0.5120198, 0.5103248, 0.5111296, 0.5126924, 0.5122633, 0.5100298, 0.51221913, 0.51217103, 0.5117143, 0.51219445, 0.511982, 0.5128451, 0.5124157, 0.5111903, 0.5111615, 0.51125497, 0.51203865, 0.5125394, 0.5104614, 0.5107367, 0.5126943, 0.51139975, 0.51229763, 0.5119623, 0.5126116, 0.5090248, 0.5122495, 0.5090758, 0.509458, 0.51126575]
[0.50532866, 0.50096184, 0.5021909, 0.50580406, 0.50201416, 0.50194085, 0.50578105, 0.5030605, 0.5028088, 0.5058502, 0.500751, 0.5004936, 0.5007171, 0.5050975, 0.5045444, 0.50726956, 0.5017109, 0.50026834, 0.50426614, 0.5040972, 0.504597, 0.5018875, 0.50185835, 0.5019762, 0.502783, 0.50564826, 0.50350094, 0.5049666, 0.5007846, 0.5090129, 0.5030104, 0.50073564, 0.5010057, 0.504506, 0.5009521, 0.50324696, 0.50325227, 0.5021392, 0.5032103, 0.5000146, 0.5007186, 0.5034068, 0.50547534, 0.5066854, 0.50184673, 0.5001838, 0.5009068, 0.5020815, 0.5032517, 0.5007982, 0.5017219, 0.5005423, 0.5005608, 0.5058579, 0.50701904, 0.5073578, 0.5038404, 0.5026848, 0.50148576, 0.50231504, 0.50576603, 0.50089407, 0.5051938, 0.5062228, 0.50862855, 0.50558203, 0.5018191, 0.5012189, 0.5009602, 0.50674975, 0.5041442, 0.50473434, 0.5009846, 0.500508, 0.5029085, 0.5031773, 0.5004357, 0.5026737, 0.502955, 0.50583833, 0.5068705, 0.50412464, 0.50664914, 0.50287664, 0.50144786, 0.5001024, 0.5068513, 0.50380844, 0.50387067, 0.5069433, 0.5005892, 0.50322694, 0.50061435, 0.50463986, 0.5018464, 0.5025938, 0.5033162, 0.50503564, 0.50420624, 0.505295, 0.50448424, 0.50557274, 0.5087844, 0.5101464, 0.50915045, 0.5086977, 0.51041406, 0.50853026, 0.5117222, 0.5106345, 0.50998265, 0.5108337, 0.5081713, 0.50747985, 0.5079161, 0.510918, 0.51031494, 0.5107047, 0.508625, 0.5093682, 0.50932086, 0.5087606, 0.5079839, 0.5070621, 0.5091048, 0.50945973, 0.50911355, 0.50897306, 0.5096691, 0.5096315, 0.5089112, 0.5088193, 0.5098982, 0.5093998, 0.5092343, 0.5105424, 0.51038796, 0.5103942, 0.509198, 0.5096676, 0.5100543, 0.51023114, 0.5110505, 0.5099418, 0.51022863, 0.510969, 0.51035875, 0.5101368, 0.5092985, 0.5111619, 0.50716877, 0.5104234, 0.50955003, 0.5106397, 0.509887, 0.50835055, 0.50816, 0.512206, 0.5102771, 0.5097111, 0.50871426, 0.5062399, 0.50652295, 0.50828207, 0.50876606, 0.50832945, 0.51096994, 0.5096504, 0.5089401, 0.5088192, 0.5089645, 0.5104226, 0.5096654, 0.50932276, 0.5110494, 0.5093662, 0.51005524, 0.5110598, 0.5104275, 0.5101509, 0.51047474, 0.5099576, 0.509428, 0.51015323, 0.5094513, 0.51118803, 0.510199, 0.5096939, 0.51057714, 0.5099261, 0.5098681, 0.5092025, 0.51015896, 0.5099093, 0.50900567, 0.50805706, 0.51088274, 0.51046336, 0.5091199, 0.5085795, 0.5105311, 0.51069957, 0.5107977, 0.50982845, 0.5101472, 0.50978315, 0.50947297, 0.50942266, 0.510098, 0.510332, 0.51137495, 0.5103177, 0.5102965, 0.5102797, 0.5094209, 0.50938904, 0.5105094, 0.5099292, 0.5107157, 0.510802, 0.51051843, 0.5103455, 0.5094522, 0.51042014, 0.51097697, 0.5106506, 0.51018155, 0.5098028, 0.50758713, 0.5110818, 0.5105004, 0.5089981, 0.5094323, 0.50944126, 0.50888973, 0.5092976, 0.5106764, 0.51088625, 0.5084303, 0.51063865, 0.5107035, 0.5103625, 0.50979316, 0.5096581, 0.5087738, 0.51128983, 0.50916535, 0.5088963, 0.51069194, 0.5107966, 0.5082553, 0.51107943, 0.50869095, 0.50859344, 0.50817263, 0.5083907, 0.5104992, 0.5108416, 0.5108796, 0.5112047, 0.5086708, 0.5104976, 0.5103865, 0.50916195, 0.51048595, 0.509917, 0.51024145, 0.5088646, 0.5092064, 0.5105939, 0.5080494, 0.5102435, 0.50922173, 0.51040894, 0.510456, 0.51057774, 0.5111549, 0.5102519, 0.50882596, 0.50958395, 0.51092476, 0.5107559, 0.50917816, 0.51062685, 0.51056594, 0.51006866, 0.51044357, 0.5102018, 0.5106409, 0.5108739, 0.5098661, 0.5099799, 0.50933427, 0.51030815, 0.51019037, 0.5094205, 0.50948125, 0.5113641, 0.5094526, 0.5108605, 0.5107262, 0.5110794, 0.50803286, 0.5104466, 0.50814396, 0.5087026, 0.5100173]
[0.5064478, 0.501156, 0.502326, 0.50739723, 0.5011689, 0.5012168, 0.50802535, 0.50235164, 0.5011379, 0.50619894, 0.5008803, 0.5002769, 0.5006117, 0.5067774, 0.50660163, 0.50879025, 0.5013029, 0.5002312, 0.50426024, 0.5071435, 0.50696325, 0.50330395, 0.5009594, 0.5034131, 0.5043178, 0.50755525, 0.50438535, 0.504691, 0.50017965, 0.51175284, 0.50324136, 0.5004275, 0.5012428, 0.50633764, 0.5022561, 0.5015263, 0.5019351, 0.5016299, 0.50163084, 0.50068784, 0.50054306, 0.5042524, 0.50712764, 0.507792, 0.5014524, 0.50078493, 0.5011954, 0.50387084, 0.50452834, 0.5003866, 0.50100803, 0.5002259, 0.5006095, 0.50722086, 0.50826675, 0.5083913, 0.50614107, 0.5040959, 0.5019933, 0.5032699, 0.5070853, 0.50161546, 0.50605166, 0.5081064, 0.5097089, 0.50740397, 0.5029104, 0.5023901, 0.50082487, 0.5079224, 0.5045105, 0.50485086, 0.50115556, 0.5009634, 0.5033878, 0.50493246, 0.5006022, 0.5040059, 0.5041459, 0.50673467, 0.50803035, 0.50527745, 0.50789, 0.50446254, 0.50183415, 0.50015193, 0.5091423, 0.5060557, 0.5056238, 0.5080129, 0.50085074, 0.5014503, 0.5000806, 0.5044897, 0.5010458, 0.50125784, 0.5015028, 0.506575, 0.5059122, 0.5059755, 0.5062466, 0.50657606, 0.5104087, 0.51236504, 0.51215184, 0.5112526, 0.51277757, 0.5104193, 0.5147952, 0.5134063, 0.5121425, 0.5144008, 0.51037014, 0.50944984, 0.50947756, 0.5137179, 0.51303923, 0.5134892, 0.51050603, 0.5109152, 0.51053226, 0.51055366, 0.5094472, 0.50828296, 0.5103435, 0.5112822, 0.5104189, 0.5107307, 0.5116481, 0.5121544, 0.5107599, 0.51020914, 0.5121259, 0.51157206, 0.5107465, 0.51294875, 0.5126354, 0.51294184, 0.5109158, 0.511632, 0.51271397, 0.5125333, 0.5133374, 0.51202035, 0.5120695, 0.5135194, 0.51243335, 0.5118999, 0.51208097, 0.5140383, 0.5083394, 0.5128421, 0.5115427, 0.5135146, 0.512367, 0.5107131, 0.50997114, 0.5149142, 0.51265407, 0.5118051, 0.5107047, 0.50779873, 0.5072936, 0.51044446, 0.5107278, 0.5105728, 0.5131806, 0.51204795, 0.5110688, 0.5106701, 0.5107269, 0.5123005, 0.51196444, 0.5114571, 0.51338595, 0.5121821, 0.51231265, 0.51348054, 0.5129099, 0.5120454, 0.5128825, 0.51174104, 0.5110163, 0.5123721, 0.51156825, 0.5138871, 0.51215345, 0.5120232, 0.51318747, 0.5121214, 0.51203793, 0.51041764, 0.51282865, 0.51188344, 0.51142895, 0.51043624, 0.5135992, 0.5123161, 0.5109739, 0.5107351, 0.5131474, 0.5131641, 0.5137313, 0.5123086, 0.512498, 0.51176125, 0.51060146, 0.51042205, 0.51192576, 0.51231676, 0.5141007, 0.5128483, 0.5130497, 0.5124801, 0.51135105, 0.5114695, 0.5130644, 0.5119151, 0.51389825, 0.51364917, 0.5131083, 0.5123921, 0.5117978, 0.5128643, 0.51313645, 0.51311815, 0.512405, 0.51171106, 0.5095986, 0.51384354, 0.5134311, 0.5107339, 0.5115093, 0.5119293, 0.51115364, 0.51153773, 0.5133909, 0.513541, 0.5103375, 0.5130223, 0.5125736, 0.5127312, 0.5119264, 0.51185703, 0.51029825, 0.51393205, 0.51105046, 0.5117598, 0.5135876, 0.5135873, 0.5096729, 0.5132011, 0.51081544, 0.51054335, 0.51008517, 0.5100293, 0.5126993, 0.5132495, 0.5132667, 0.51353925, 0.51090163, 0.5131174, 0.5129459, 0.5106299, 0.51292634, 0.51216584, 0.51218605, 0.5114325, 0.5112096, 0.5129433, 0.5095863, 0.5125566, 0.5116132, 0.51320523, 0.5133217, 0.5129267, 0.5140505, 0.5121498, 0.5109645, 0.51202923, 0.51371485, 0.51368177, 0.5112088, 0.5134191, 0.5137391, 0.51289064, 0.5132035, 0.51269424, 0.51277155, 0.5131998, 0.51209337, 0.51188177, 0.5115679, 0.51246256, 0.51249963, 0.51189375, 0.5120441, 0.5134986, 0.51165855, 0.51355, 0.51320916, 0.5135336, 0.5096474, 0.5128817, 0.5100083, 0.51011825, 0.5123751]
[0.50425756, 0.5010301, 0.4997901, 0.5080689, 0.50345486, 0.5036819, 0.50461143, 0.49964678, 0.5000353, 0.5063256, 0.5029503, 0.5017521, 0.50245446, 0.505492, 0.50378525, 0.50972515, 0.49990407, 0.5011354, 0.5023385, 0.50145686, 0.50288844, 0.5002194, 0.5031912, 0.50028825, 0.5005952, 0.5052811, 0.5016968, 0.50250053, 0.5023876, 0.5137936, 0.49994135, 0.50269574, 0.5027525, 0.5049529, 0.4998284, 0.5037681, 0.50425273, 0.5036419, 0.50431675, 0.5023346, 0.5006321, 0.50033057, 0.5052087, 0.5085178, 0.5001316, 0.5018928, 0.5022397, 0.49974215, 0.5024728, 0.5023362, 0.5034353, 0.50246835, 0.50200284, 0.5076357, 0.5092977, 0.50979805, 0.5028639, 0.5004887, 0.5007656, 0.49975306, 0.50511104, 0.500608, 0.5053151, 0.5081962, 0.5128421, 0.5062571, 0.49993002, 0.50005984, 0.50102955, 0.50742346, 0.50017, 0.5041295, 0.50150305, 0.50088924, 0.5012206, 0.50050557, 0.5025371, 0.5003904, 0.5005557, 0.50601256, 0.5092568, 0.5020518, 0.5079199, 0.5003737, 0.500811, 0.5020339, 0.50953376, 0.50088805, 0.50368726, 0.50887066, 0.5008879, 0.50448287, 0.50184363, 0.5017555, 0.50314474, 0.5044957, 0.5049319, 0.503361, 0.50124776, 0.5045946, 0.5031362, 0.50512606, 0.5130168, 0.5159583, 0.5145756, 0.51370174, 0.5162185, 0.5130071, 0.5185964, 0.51659584, 0.51559746, 0.51767665, 0.5123174, 0.51050425, 0.51101726, 0.51710874, 0.51610494, 0.5169599, 0.5134809, 0.5143607, 0.5141843, 0.5134352, 0.5118941, 0.5092211, 0.5133428, 0.5147863, 0.51411855, 0.51359886, 0.5146323, 0.51505387, 0.51369387, 0.5130243, 0.515115, 0.51403344, 0.51384664, 0.5160661, 0.5160694, 0.516694, 0.51396793, 0.5148127, 0.515864, 0.5158832, 0.5173441, 0.51549125, 0.51549757, 0.5171684, 0.5154085, 0.5153024, 0.51461893, 0.5177482, 0.50920933, 0.51616925, 0.51488805, 0.5170037, 0.5157764, 0.5125727, 0.51220816, 0.51970404, 0.5164278, 0.5146684, 0.5139057, 0.5083198, 0.5086068, 0.51250684, 0.51298904, 0.51209736, 0.51715654, 0.5149645, 0.51345813, 0.51306796, 0.5131137, 0.5161059, 0.5145048, 0.51408577, 0.51686436, 0.51462734, 0.51565826, 0.5177451, 0.5167411, 0.5159491, 0.5172467, 0.5152093, 0.51468474, 0.5153884, 0.51417375, 0.51755226, 0.5155677, 0.5152097, 0.5164989, 0.5148905, 0.51492846, 0.5147875, 0.5161719, 0.5152941, 0.51404124, 0.5118394, 0.51738524, 0.51640147, 0.5139205, 0.51300186, 0.5159862, 0.516657, 0.5174043, 0.51505905, 0.51621234, 0.51453024, 0.51418334, 0.5140452, 0.51566285, 0.51615113, 0.518577, 0.5162982, 0.51618433, 0.5158565, 0.51408726, 0.51413447, 0.5162804, 0.5146914, 0.5170065, 0.5173063, 0.5163208, 0.5155204, 0.51471305, 0.51617837, 0.5177592, 0.5168092, 0.5152436, 0.5150235, 0.51101625, 0.51734734, 0.516267, 0.5132182, 0.5141223, 0.5140637, 0.51290226, 0.5147729, 0.5165255, 0.517255, 0.5130563, 0.51684064, 0.51692456, 0.5161633, 0.51488966, 0.5150209, 0.5127327, 0.51746255, 0.51438594, 0.5142122, 0.5170314, 0.5172519, 0.5119775, 0.5168356, 0.5138448, 0.51314425, 0.5126532, 0.5126885, 0.51595867, 0.51672864, 0.5172284, 0.5178553, 0.512886, 0.5159679, 0.5156624, 0.51339173, 0.5166218, 0.51509297, 0.51561123, 0.5140877, 0.51449, 0.5163481, 0.51132673, 0.5157744, 0.51393616, 0.5162137, 0.5167589, 0.51620173, 0.5177632, 0.5156888, 0.5136027, 0.5150493, 0.5170405, 0.51675427, 0.51377267, 0.5170283, 0.51689786, 0.51600045, 0.51671284, 0.51607066, 0.5172599, 0.5171802, 0.51543856, 0.51532686, 0.5143088, 0.51637524, 0.5160061, 0.51426905, 0.5147735, 0.51783836, 0.5143579, 0.51700956, 0.5163882, 0.5174211, 0.51224977, 0.51628447, 0.5119874, 0.51278746, 0.5154306]
[0.5113901, 0.5008226, 0.50144315, 0.51417595, 0.4990131, 0.49897617, 0.51534647, 0.5033871, 0.5009322, 0.51118135, 0.4988356, 0.4986753, 0.49882653, 0.51100796, 0.50958705, 0.5156689, 0.5009057, 0.49837753, 0.5075485, 0.5125472, 0.51336193, 0.5022642, 0.49901357, 0.5054446, 0.5076092, 0.5125997, 0.50557786, 0.5088431, 0.4987847, 0.52101743, 0.50429416, 0.49875677, 0.49893498, 0.5089128, 0.5008176, 0.49919426, 0.49929088, 0.4991169, 0.4994997, 0.498593, 0.4988648, 0.50606847, 0.5121373, 0.5137777, 0.50003904, 0.49879056, 0.49912226, 0.50805277, 0.50454915, 0.4987143, 0.49883792, 0.49862477, 0.49859622, 0.51231754, 0.5156353, 0.51626766, 0.5076098, 0.50462914, 0.5008813, 0.5025911, 0.5116931, 0.5013331, 0.5073071, 0.51507235, 0.5189381, 0.51078755, 0.50278044, 0.50230217, 0.49990764, 0.5130175, 0.5053846, 0.50832933, 0.5009631, 0.50030303, 0.5071566, 0.5030491, 0.49899542, 0.50689197, 0.50627315, 0.5113819, 0.51422155, 0.5091975, 0.5136788, 0.50562495, 0.49996758, 0.49872297, 0.5162661, 0.5087532, 0.50954056, 0.5143098, 0.4982438, 0.4996387, 0.49956676, 0.5078512, 0.4991087, 0.4994143, 0.49960384, 0.509114, 0.50586855, 0.50959224, 0.51020294, 0.51099896, 0.51999635, 0.52435315, 0.5225901, 0.5209532, 0.52462924, 0.51933795, 0.52802783, 0.52523166, 0.523252, 0.5257854, 0.5196855, 0.5177096, 0.51790303, 0.5261213, 0.52471936, 0.52564555, 0.520478, 0.52118987, 0.5210171, 0.52012897, 0.51829207, 0.516816, 0.52117, 0.5220288, 0.5205033, 0.5212092, 0.52167076, 0.5230233, 0.52022827, 0.52021754, 0.5235226, 0.52246416, 0.5207192, 0.52432764, 0.5239441, 0.5251992, 0.5213497, 0.5218215, 0.5236905, 0.52397287, 0.5254096, 0.5228826, 0.5237307, 0.52605647, 0.5232532, 0.5227979, 0.52266634, 0.5269197, 0.51595, 0.524843, 0.52175814, 0.52497035, 0.5231706, 0.51951844, 0.5183312, 0.52885675, 0.5241407, 0.5228053, 0.5203626, 0.51504683, 0.51469994, 0.51916546, 0.52077353, 0.51964444, 0.5255697, 0.52289253, 0.5213199, 0.520236, 0.52044636, 0.52345604, 0.5228573, 0.52201414, 0.52468497, 0.5223424, 0.52337706, 0.52615595, 0.5240843, 0.52356553, 0.52465487, 0.52268577, 0.52134055, 0.5235466, 0.52222216, 0.52625114, 0.52305984, 0.52228594, 0.52460176, 0.5226014, 0.5225637, 0.5197585, 0.5239353, 0.52243716, 0.52157485, 0.51922816, 0.5250409, 0.5238267, 0.52104485, 0.5196202, 0.5251972, 0.5248423, 0.5258961, 0.5236962, 0.52349, 0.52211493, 0.52084744, 0.51992357, 0.523366, 0.52336186, 0.5271668, 0.5248056, 0.5249815, 0.52518874, 0.5220942, 0.5215626, 0.52493656, 0.52285486, 0.525973, 0.5252994, 0.52531826, 0.5234315, 0.52312386, 0.5245014, 0.526164, 0.52527946, 0.5241818, 0.5217938, 0.5179933, 0.5259288, 0.5254178, 0.51939607, 0.5212225, 0.52250886, 0.5209048, 0.5206629, 0.5250641, 0.5260593, 0.5197783, 0.52542984, 0.52452964, 0.5241843, 0.52282864, 0.5229219, 0.5198953, 0.52669823, 0.5207261, 0.5215484, 0.5254299, 0.52549106, 0.5179926, 0.526036, 0.5202784, 0.5202183, 0.5189183, 0.5195527, 0.5241454, 0.5252293, 0.52547765, 0.52625394, 0.5201201, 0.52552783, 0.52382463, 0.5209056, 0.5241205, 0.5235008, 0.5242779, 0.52177256, 0.52198464, 0.5251017, 0.5183625, 0.52395177, 0.5214124, 0.5249046, 0.5252351, 0.5240897, 0.5269655, 0.5244648, 0.52099764, 0.5225705, 0.5260465, 0.52526754, 0.5211417, 0.52556086, 0.5257699, 0.5241604, 0.5249782, 0.5238672, 0.5247964, 0.52570224, 0.52284527, 0.5227666, 0.5224594, 0.5240421, 0.52432615, 0.5219166, 0.52276766, 0.5263727, 0.52281654, 0.52567315, 0.52513665, 0.52600497, 0.5184446, 0.524486, 0.51830053, 0.5191562, 0.5235626]
[0.50715566, 0.500509, 0.5006797, 0.5086001, 0.5024677, 0.5024383, 0.5087908, 0.5007156, 0.5005298, 0.50742614, 0.50238687, 0.5014814, 0.50200814, 0.5064855, 0.50331855, 0.5107988, 0.5007602, 0.5012128, 0.50369143, 0.5040264, 0.5058198, 0.50137067, 0.502581, 0.50118434, 0.5016381, 0.50774986, 0.5030061, 0.5039871, 0.50148845, 0.51479936, 0.5004907, 0.5022485, 0.50191027, 0.505576, 0.50041974, 0.50335026, 0.5036527, 0.5031248, 0.5036686, 0.50170124, 0.50166863, 0.5025563, 0.5064253, 0.50949144, 0.5008907, 0.5021124, 0.5021969, 0.50137365, 0.50199825, 0.5019611, 0.5024742, 0.50211465, 0.50172555, 0.50822747, 0.50946134, 0.5106673, 0.50234467, 0.5022308, 0.50066483, 0.5026301, 0.507041, 0.5004635, 0.5073983, 0.50896686, 0.5127013, 0.5071215, 0.5008903, 0.50133544, 0.50051165, 0.5095354, 0.5048731, 0.5062853, 0.5008417, 0.50050545, 0.5031541, 0.5014738, 0.50177646, 0.5012431, 0.5027448, 0.5078208, 0.5102433, 0.5045293, 0.5095519, 0.50325125, 0.50096136, 0.50151324, 0.5103258, 0.5033327, 0.5044763, 0.51052934, 0.50124085, 0.50351626, 0.5012755, 0.50508213, 0.5023089, 0.5033754, 0.5035959, 0.50496894, 0.5033401, 0.5074846, 0.50365114, 0.50565934, 0.513733, 0.51630366, 0.5144061, 0.51329786, 0.5165089, 0.51277924, 0.51924413, 0.5178406, 0.5160505, 0.51791775, 0.51325125, 0.51150084, 0.5126319, 0.5180046, 0.51691854, 0.51763624, 0.5132334, 0.51421493, 0.5148236, 0.5136851, 0.5119201, 0.51078707, 0.51424056, 0.5147681, 0.514387, 0.5144061, 0.5149736, 0.5157628, 0.51339626, 0.5134981, 0.51623976, 0.5150276, 0.5141606, 0.5166513, 0.5162849, 0.5165998, 0.5142791, 0.5152728, 0.516328, 0.5165253, 0.51784736, 0.51554227, 0.5155909, 0.5178899, 0.5162243, 0.51658773, 0.5147145, 0.5181741, 0.5100722, 0.5168383, 0.5156798, 0.5173389, 0.51605153, 0.51318955, 0.5123991, 0.52015144, 0.516508, 0.5158937, 0.513898, 0.5096705, 0.50994676, 0.51309705, 0.5137517, 0.513102, 0.51752836, 0.51525843, 0.51398873, 0.51336414, 0.5134479, 0.5162634, 0.5149589, 0.5144657, 0.5172166, 0.5150021, 0.51668465, 0.51823455, 0.51680344, 0.5163975, 0.51669645, 0.5161198, 0.5152354, 0.516461, 0.5150004, 0.51787746, 0.51629496, 0.5156827, 0.5171036, 0.5152274, 0.5152247, 0.51429766, 0.51618, 0.5154242, 0.5142608, 0.5122436, 0.5175732, 0.5162455, 0.51411086, 0.5136536, 0.51671237, 0.51675576, 0.517247, 0.51540023, 0.5159193, 0.51517826, 0.51458704, 0.5143251, 0.5159301, 0.5159193, 0.51878023, 0.5168686, 0.5166176, 0.5163269, 0.51449335, 0.5146048, 0.5167298, 0.5155003, 0.5178413, 0.51805294, 0.5170403, 0.51624286, 0.5150996, 0.51668626, 0.5173297, 0.51697946, 0.5160173, 0.5157175, 0.5117653, 0.5184446, 0.5173968, 0.514187, 0.5151316, 0.5153999, 0.5138085, 0.5151239, 0.51705927, 0.51713544, 0.51316065, 0.517173, 0.51738507, 0.5166812, 0.51569146, 0.5155521, 0.513565, 0.5178882, 0.5144989, 0.51396805, 0.51741534, 0.51750183, 0.51271254, 0.51786315, 0.5134946, 0.51325876, 0.51249415, 0.5128619, 0.51655495, 0.517495, 0.51803696, 0.51822245, 0.51309335, 0.5164684, 0.5164133, 0.51414627, 0.51694393, 0.51525676, 0.5160443, 0.5137485, 0.5149115, 0.51703495, 0.51220113, 0.5161709, 0.51427466, 0.517027, 0.5169629, 0.51701164, 0.51814705, 0.51619226, 0.5141483, 0.5152325, 0.5178545, 0.5174115, 0.5143822, 0.5170541, 0.5170302, 0.5163821, 0.5169435, 0.5165565, 0.51735735, 0.51726866, 0.515428, 0.51626873, 0.5145766, 0.51654077, 0.51666003, 0.5148625, 0.5147996, 0.51850706, 0.51495576, 0.51722103, 0.5169639, 0.5181239, 0.51281506, 0.5165676, 0.51237357, 0.51349807, 0.5159675]
[0.50377065, 0.5012719, 0.5016645, 0.50444674, 0.50336534, 0.50301355, 0.50428426, 0.5016042, 0.5017344, 0.50415546, 0.50343424, 0.5014809, 0.50198925, 0.50390446, 0.5038082, 0.50550115, 0.50146127, 0.50111294, 0.50313216, 0.5031494, 0.5036148, 0.50225544, 0.50260216, 0.5020178, 0.50266826, 0.5042551, 0.50215775, 0.50292516, 0.50188136, 0.50722843, 0.5018084, 0.50171477, 0.50261605, 0.5035878, 0.5013376, 0.5038749, 0.5049829, 0.50369436, 0.5053305, 0.50148255, 0.50081354, 0.5026016, 0.50412893, 0.5048349, 0.5015736, 0.5019133, 0.5028298, 0.5021231, 0.5018432, 0.5017686, 0.50307995, 0.50288737, 0.50144166, 0.5043447, 0.5051716, 0.50553936, 0.5026111, 0.50252086, 0.5016556, 0.50203955, 0.503995, 0.5013969, 0.50386083, 0.50501543, 0.5064414, 0.5043911, 0.50197214, 0.5016616, 0.50061977, 0.50460124, 0.50236726, 0.5033423, 0.5005439, 0.50068873, 0.5020906, 0.5026483, 0.50179935, 0.50208586, 0.5024234, 0.5039869, 0.5050459, 0.50364137, 0.50503576, 0.50257623, 0.50142115, 0.5010553, 0.5054211, 0.5032016, 0.5037085, 0.50533926, 0.5007328, 0.5044511, 0.5009087, 0.5031706, 0.50361854, 0.504653, 0.5053689, 0.50361735, 0.50286365, 0.50327647, 0.50309247, 0.5040193, 0.5067223, 0.50835127, 0.50774133, 0.5071458, 0.5085946, 0.50652885, 0.50991476, 0.5087014, 0.5080821, 0.5090386, 0.5066443, 0.50570565, 0.50634074, 0.50908166, 0.5084931, 0.5089179, 0.50698656, 0.50729245, 0.50728506, 0.50731367, 0.5060564, 0.5052946, 0.5068894, 0.50772357, 0.50731796, 0.5072782, 0.5077887, 0.5079439, 0.5071712, 0.5068023, 0.5079208, 0.5075348, 0.5073221, 0.508259, 0.50833565, 0.5084908, 0.5074147, 0.50769436, 0.5082642, 0.50831, 0.5091829, 0.50812113, 0.5083377, 0.50915134, 0.5079732, 0.5082493, 0.50758827, 0.50929004, 0.50546116, 0.5084477, 0.5076619, 0.5087253, 0.5081707, 0.5065822, 0.50630295, 0.5103995, 0.5084875, 0.50789803, 0.5069541, 0.5045153, 0.5047997, 0.50648344, 0.5067219, 0.506548, 0.5087889, 0.5079285, 0.50729316, 0.5068283, 0.50700027, 0.50832456, 0.5078498, 0.50766516, 0.5089013, 0.5077024, 0.50829667, 0.50912637, 0.50865364, 0.50825584, 0.5086261, 0.50790966, 0.5074799, 0.50813705, 0.5076382, 0.50929695, 0.5080938, 0.5075998, 0.508485, 0.5077527, 0.5077292, 0.50719696, 0.50841355, 0.5080021, 0.50741297, 0.5065261, 0.5089221, 0.50856656, 0.50728685, 0.50691557, 0.50860643, 0.50860107, 0.50883174, 0.5082564, 0.5082628, 0.5077431, 0.50753444, 0.5073598, 0.50833225, 0.50852823, 0.5096894, 0.50839806, 0.5084108, 0.5084895, 0.50730026, 0.50757676, 0.5085368, 0.5076878, 0.5089946, 0.5090617, 0.5086012, 0.5084506, 0.5077095, 0.50848716, 0.5091876, 0.5088435, 0.50813353, 0.50785077, 0.5059055, 0.50920796, 0.50859386, 0.5069603, 0.50759673, 0.5076059, 0.50701475, 0.5075776, 0.5087492, 0.5088369, 0.5068582, 0.5087939, 0.5088563, 0.5082359, 0.50796616, 0.50774306, 0.5067145, 0.50926656, 0.5076416, 0.50748634, 0.50877804, 0.5086469, 0.50648654, 0.5089241, 0.507097, 0.50690603, 0.50647646, 0.5067291, 0.50859153, 0.5087763, 0.50890625, 0.5092143, 0.50666106, 0.50870454, 0.50850445, 0.5071571, 0.5085776, 0.50800264, 0.50839883, 0.50730485, 0.5073883, 0.50866556, 0.50636387, 0.5080612, 0.50755465, 0.5085659, 0.5086406, 0.5083842, 0.5094443, 0.5081642, 0.5071436, 0.507833, 0.5090064, 0.50893086, 0.5073271, 0.5087764, 0.5089327, 0.508425, 0.50851846, 0.508338, 0.50843525, 0.50884277, 0.5080972, 0.507991, 0.5074431, 0.5084272, 0.5083788, 0.5075483, 0.5075824, 0.5092546, 0.50748867, 0.50889343, 0.5086944, 0.50912094, 0.50626004, 0.5086696, 0.50630474, 0.50664634, 0.5082815]
[0.50500876, 0.49979368, 0.50029117, 0.50652057, 0.5033576, 0.5031006, 0.50517416, 0.5011799, 0.50006247, 0.5043034, 0.5020902, 0.50101197, 0.5013462, 0.5048454, 0.5039817, 0.5074753, 0.50083023, 0.50085074, 0.50233686, 0.50246346, 0.503578, 0.50089705, 0.5030427, 0.5002792, 0.5009639, 0.5046458, 0.5023472, 0.50372237, 0.5022309, 0.5104418, 0.5007308, 0.502591, 0.50195634, 0.50312, 0.49989906, 0.504232, 0.5049759, 0.5042883, 0.5041156, 0.5013619, 0.50103515, 0.50222903, 0.50440377, 0.506335, 0.49991894, 0.50132716, 0.50136274, 0.5013302, 0.50229853, 0.5021547, 0.50239605, 0.50204736, 0.5021546, 0.50566804, 0.5071138, 0.50786, 0.50273514, 0.50101346, 0.5002449, 0.50101006, 0.50520885, 0.5001154, 0.5037362, 0.50611633, 0.5091967, 0.50407577, 0.5007975, 0.5002814, 0.5000546, 0.5064632, 0.5027253, 0.5031029, 0.49983126, 0.49983066, 0.50322944, 0.50156116, 0.5015032, 0.5017805, 0.50194603, 0.50396156, 0.5064803, 0.5021155, 0.5057398, 0.5027092, 0.49986234, 0.50085235, 0.5075764, 0.50191104, 0.50326186, 0.5064244, 0.50130796, 0.5043522, 0.50075585, 0.5035236, 0.50234413, 0.5035297, 0.5044757, 0.50344044, 0.50261974, 0.5047455, 0.5033113, 0.50406694, 0.5103503, 0.51310194, 0.5108139, 0.5098732, 0.51264256, 0.5099105, 0.51492184, 0.5134046, 0.51191235, 0.51347214, 0.50881344, 0.5081909, 0.50860906, 0.51361716, 0.5130202, 0.5134797, 0.5101418, 0.5109234, 0.51082283, 0.51038265, 0.5089888, 0.5078721, 0.5108945, 0.5116057, 0.51065594, 0.510683, 0.51137197, 0.51149744, 0.5100969, 0.51023984, 0.512365, 0.5114532, 0.5108262, 0.51284057, 0.51270646, 0.51332325, 0.51066446, 0.5112313, 0.5122311, 0.512622, 0.51386255, 0.51195395, 0.5124413, 0.51414496, 0.51209146, 0.51209277, 0.5112149, 0.51409847, 0.5074398, 0.51278675, 0.5116749, 0.5126024, 0.5122186, 0.5093511, 0.5091384, 0.51571363, 0.5122947, 0.5112722, 0.5102071, 0.50702286, 0.50720805, 0.50906867, 0.51045716, 0.5092882, 0.5138135, 0.5115831, 0.5105432, 0.51018935, 0.510373, 0.5127366, 0.5110209, 0.5107864, 0.5130379, 0.5115186, 0.5121138, 0.5136459, 0.5128324, 0.51237446, 0.513127, 0.5118135, 0.51136726, 0.51179254, 0.51161844, 0.5138545, 0.51234597, 0.5115659, 0.5130083, 0.5118186, 0.5117646, 0.5106337, 0.5121217, 0.5113636, 0.5106936, 0.50908333, 0.5133012, 0.5123708, 0.5105331, 0.50971407, 0.5127219, 0.5132146, 0.51357627, 0.5114388, 0.5125787, 0.511535, 0.5110365, 0.51067644, 0.5120347, 0.51250124, 0.51404405, 0.5126191, 0.5124769, 0.51278204, 0.5108534, 0.51122314, 0.5127873, 0.51132685, 0.5127484, 0.51320475, 0.51274496, 0.512581, 0.5112865, 0.51242125, 0.5138781, 0.51293486, 0.51213604, 0.51090455, 0.5078407, 0.5134173, 0.51292807, 0.5104329, 0.51104563, 0.51084477, 0.51027775, 0.51110727, 0.51280165, 0.5135588, 0.5097219, 0.5135824, 0.5133859, 0.51263213, 0.51193917, 0.51187253, 0.5095223, 0.51393616, 0.5105969, 0.5102439, 0.5127789, 0.51307446, 0.50886756, 0.513594, 0.50993294, 0.5099433, 0.5088792, 0.5094001, 0.5126649, 0.5130811, 0.5136099, 0.5142384, 0.51000834, 0.5129248, 0.5118075, 0.5105731, 0.5130288, 0.5117056, 0.5122372, 0.51051575, 0.5109043, 0.51307696, 0.50872266, 0.5123716, 0.5098138, 0.51255846, 0.5132112, 0.51284707, 0.51370597, 0.51290494, 0.51014835, 0.5115107, 0.5138336, 0.5130186, 0.5106545, 0.5130123, 0.51300234, 0.5123859, 0.51317185, 0.512755, 0.513759, 0.5135479, 0.512022, 0.5118483, 0.51132363, 0.51231426, 0.51288784, 0.5107577, 0.51079583, 0.51472086, 0.5114925, 0.51375943, 0.51288867, 0.5137277, 0.50920904, 0.5128889, 0.5091298, 0.5096748, 0.5122389]
[0.5041852, 0.5009316, 0.50097126, 0.5039261, 0.50336176, 0.5032812, 0.50504255, 0.50182164, 0.501314, 0.5048785, 0.5028097, 0.50146097, 0.5027461, 0.5042014, 0.5031718, 0.50564027, 0.50131094, 0.50223434, 0.5025092, 0.5039199, 0.50462157, 0.5014926, 0.50263387, 0.5016134, 0.5031225, 0.5048312, 0.50230473, 0.5024035, 0.5020699, 0.5080165, 0.5016008, 0.502233, 0.502786, 0.5030868, 0.5008445, 0.50378376, 0.50380707, 0.5029583, 0.50413, 0.5015575, 0.5009863, 0.5019866, 0.5044341, 0.5051963, 0.5014255, 0.5022656, 0.50300634, 0.5016433, 0.5014858, 0.5023778, 0.50275505, 0.50241625, 0.5015191, 0.50478405, 0.505623, 0.5057978, 0.5029401, 0.50191826, 0.5010545, 0.5020968, 0.50452226, 0.50084937, 0.5040613, 0.50495774, 0.506915, 0.5047324, 0.5011267, 0.5009053, 0.5009652, 0.50531274, 0.5027104, 0.50334996, 0.5016677, 0.5014435, 0.50111955, 0.5030483, 0.5021708, 0.50157213, 0.502079, 0.50443184, 0.5056378, 0.50385755, 0.505862, 0.5027113, 0.50095737, 0.50172484, 0.5061156, 0.50189775, 0.5025959, 0.50564533, 0.5009914, 0.5039303, 0.5013718, 0.5027611, 0.50336665, 0.5041966, 0.5040547, 0.5032182, 0.5023502, 0.50358266, 0.50356466, 0.50418997, 0.5072077, 0.5087554, 0.50816745, 0.50752604, 0.50949967, 0.50703895, 0.5111794, 0.5097907, 0.50894594, 0.51033455, 0.5071118, 0.5065662, 0.5070045, 0.51040936, 0.50945634, 0.5099612, 0.507028, 0.5078745, 0.5080634, 0.50763214, 0.5063876, 0.50581014, 0.5071892, 0.50824046, 0.50802135, 0.50774074, 0.50839293, 0.5088054, 0.507693, 0.50720614, 0.5088339, 0.50830615, 0.5080869, 0.5095587, 0.5092012, 0.5093412, 0.5079352, 0.5087762, 0.5092686, 0.5093176, 0.51001656, 0.508795, 0.5090941, 0.51013315, 0.50916266, 0.5090167, 0.5079699, 0.5102564, 0.50528747, 0.50955087, 0.5085873, 0.5096409, 0.50895387, 0.50716114, 0.5067499, 0.5113397, 0.5092728, 0.50840735, 0.5076499, 0.5050713, 0.50514805, 0.5072101, 0.5074248, 0.5071613, 0.50955695, 0.508682, 0.5078772, 0.50742245, 0.50739616, 0.50914997, 0.50860345, 0.5081963, 0.51012176, 0.50855064, 0.50907063, 0.51035255, 0.50951105, 0.50918174, 0.5092077, 0.5085771, 0.5080024, 0.50907695, 0.50849885, 0.51046926, 0.50909775, 0.5087862, 0.50982654, 0.50867474, 0.5085643, 0.50746745, 0.50944537, 0.50881743, 0.50826585, 0.5071098, 0.50988424, 0.509233, 0.5077754, 0.5072207, 0.5096839, 0.5098183, 0.50992435, 0.5086385, 0.5089255, 0.508502, 0.5080189, 0.5076207, 0.5088826, 0.50907683, 0.5106466, 0.5090704, 0.50897604, 0.509026, 0.5082464, 0.5079547, 0.5094385, 0.50876987, 0.51002574, 0.51035047, 0.50953466, 0.5093253, 0.5085337, 0.5093151, 0.51004475, 0.50951755, 0.5091651, 0.5088944, 0.50678194, 0.5102778, 0.5096817, 0.5076296, 0.50839406, 0.5083913, 0.50764215, 0.508307, 0.5098955, 0.51001084, 0.5073977, 0.50939935, 0.50943905, 0.509003, 0.508625, 0.50842124, 0.50777113, 0.51032966, 0.50829643, 0.50798166, 0.5099797, 0.50993806, 0.5071637, 0.50999033, 0.50741297, 0.5072008, 0.50660396, 0.5066702, 0.50959545, 0.50989336, 0.50998753, 0.51035357, 0.5071297, 0.5094665, 0.50963086, 0.5076056, 0.50969994, 0.50862557, 0.50884736, 0.50812817, 0.5080815, 0.5096727, 0.5067547, 0.50903445, 0.5083908, 0.50963604, 0.50988, 0.50910056, 0.51035666, 0.50890726, 0.50771314, 0.50858957, 0.51004773, 0.5099866, 0.50815284, 0.50979185, 0.5096723, 0.5091984, 0.50937796, 0.5091028, 0.50923187, 0.50975955, 0.5084293, 0.508356, 0.5082535, 0.50917286, 0.5091513, 0.5088263, 0.5085408, 0.51006025, 0.50781465, 0.5100995, 0.5096269, 0.5103185, 0.5066156, 0.5093654, 0.50707704, 0.50729656, 0.5091877]
[0.50522995, 0.4993427, 0.50050336, 0.5066456, 0.50210506, 0.5021568, 0.5077238, 0.50038654, 0.49989012, 0.5054973, 0.5019003, 0.50085163, 0.5013497, 0.50567836, 0.5052608, 0.50858545, 0.49907058, 0.5003147, 0.5021613, 0.5057259, 0.5061799, 0.5001081, 0.5020912, 0.5004907, 0.5024815, 0.5061026, 0.50237536, 0.5009463, 0.5008309, 0.51308507, 0.5016508, 0.5002844, 0.5019564, 0.503812, 0.4995353, 0.5027747, 0.5031141, 0.50274354, 0.50271183, 0.5011682, 0.49983996, 0.5018527, 0.50651276, 0.50715494, 0.49913925, 0.50100267, 0.50144863, 0.5025179, 0.5014805, 0.5013982, 0.5018347, 0.5009555, 0.50037354, 0.50595385, 0.5081217, 0.50851494, 0.5029584, 0.5020984, 0.49919912, 0.5004462, 0.50580317, 0.49950412, 0.50354785, 0.50742877, 0.510548, 0.505363, 0.49964258, 0.49934414, 0.49945414, 0.5066528, 0.50331634, 0.50290054, 0.49936047, 0.49914268, 0.5018205, 0.5009784, 0.5010387, 0.5022101, 0.5022339, 0.5052556, 0.50764984, 0.5032767, 0.5072346, 0.50267977, 0.49941656, 0.50000155, 0.50948864, 0.50160253, 0.5032204, 0.5080523, 0.49939564, 0.5030885, 0.5001823, 0.50319237, 0.50224745, 0.50266564, 0.5031333, 0.5043437, 0.50272375, 0.5040775, 0.5046222, 0.5057342, 0.5115216, 0.51475084, 0.51365614, 0.51236206, 0.5150645, 0.5118301, 0.51788175, 0.5155129, 0.51416624, 0.51679933, 0.5110625, 0.51000315, 0.510013, 0.51651454, 0.5152651, 0.5157556, 0.5116732, 0.51284075, 0.51275235, 0.51250523, 0.5104471, 0.50837344, 0.5115166, 0.5130608, 0.512298, 0.51237184, 0.5131829, 0.5142554, 0.51190674, 0.5115092, 0.5137458, 0.51346505, 0.51240546, 0.51483727, 0.5149527, 0.51513916, 0.5121933, 0.513657, 0.5146732, 0.514818, 0.5159942, 0.51437026, 0.5142553, 0.51584697, 0.5135905, 0.5137343, 0.51353014, 0.5167097, 0.50875527, 0.514695, 0.5129144, 0.51592183, 0.5145549, 0.5118251, 0.5112193, 0.5181274, 0.5149387, 0.51397747, 0.51231194, 0.507166, 0.50700843, 0.5115809, 0.51218337, 0.5114715, 0.5153509, 0.5139035, 0.51258975, 0.511897, 0.5122217, 0.5142906, 0.51341254, 0.51313823, 0.5153863, 0.5138719, 0.5140779, 0.51646554, 0.5152616, 0.5143099, 0.5150239, 0.5136757, 0.5127214, 0.5146922, 0.51331925, 0.5166609, 0.5141111, 0.5134259, 0.5152907, 0.51363426, 0.5135439, 0.51185155, 0.514872, 0.51382476, 0.5127609, 0.511359, 0.51595366, 0.51461244, 0.5125762, 0.51181686, 0.5156721, 0.515386, 0.5162741, 0.5141653, 0.51440895, 0.51369995, 0.51276094, 0.5124691, 0.5144429, 0.5147838, 0.51724595, 0.51514465, 0.5152814, 0.51475394, 0.51332414, 0.5127094, 0.51578265, 0.51443136, 0.51618624, 0.5162441, 0.515344, 0.51446533, 0.5133756, 0.5150218, 0.51603156, 0.5154355, 0.5146424, 0.513662, 0.5102499, 0.5165761, 0.51557434, 0.51186925, 0.51313925, 0.51344806, 0.51233035, 0.51300085, 0.5153554, 0.5156793, 0.51146257, 0.5153511, 0.5151979, 0.5148214, 0.51397896, 0.51394016, 0.51159143, 0.51633126, 0.51239246, 0.5133048, 0.5155996, 0.51581955, 0.5106945, 0.51590097, 0.5119307, 0.511629, 0.51077706, 0.5110366, 0.5151365, 0.51565677, 0.5157098, 0.5158911, 0.5117409, 0.5157225, 0.5149019, 0.51223034, 0.5151694, 0.51399803, 0.5141321, 0.51297307, 0.51313835, 0.5153669, 0.51021415, 0.5146148, 0.5134795, 0.5156714, 0.5157028, 0.51497906, 0.51673937, 0.51433754, 0.5121626, 0.51382124, 0.5164145, 0.5161711, 0.51265824, 0.51568455, 0.516153, 0.5150398, 0.5153349, 0.5147623, 0.51569444, 0.51569265, 0.5139039, 0.51356745, 0.5135065, 0.5144191, 0.51512843, 0.5133472, 0.5138419, 0.51622385, 0.513931, 0.51585925, 0.5154933, 0.5166556, 0.51004815, 0.5150508, 0.5110785, 0.5111543, 0.5142364]
[0.50427186, 0.5018539, 0.5017342, 0.5053018, 0.5012077, 0.50066495, 0.5047307, 0.5017922, 0.5017329, 0.5035007, 0.5006642, 0.50094384, 0.50087446, 0.50397784, 0.50347537, 0.50582427, 0.50210065, 0.501248, 0.5035494, 0.50326973, 0.50349694, 0.50240636, 0.5007902, 0.5019424, 0.5026068, 0.50457096, 0.5033765, 0.50365174, 0.50078475, 0.5076946, 0.5021086, 0.5005377, 0.50092137, 0.50439954, 0.50224054, 0.5024831, 0.50246006, 0.5014008, 0.5025263, 0.5008286, 0.50175875, 0.5031382, 0.5040246, 0.50522083, 0.501605, 0.5008197, 0.5004539, 0.5022995, 0.5028726, 0.50070775, 0.5007923, 0.50050366, 0.50074375, 0.5044721, 0.5055162, 0.50610995, 0.5031802, 0.50267094, 0.5018075, 0.5021991, 0.5040865, 0.50167596, 0.50405353, 0.5056876, 0.50699246, 0.5046584, 0.50218993, 0.50221735, 0.50191873, 0.5052489, 0.503537, 0.5036816, 0.5016734, 0.5015166, 0.5031072, 0.50276446, 0.5009889, 0.5028839, 0.5031037, 0.50492597, 0.5058047, 0.50324476, 0.5056079, 0.502696, 0.50149775, 0.50080115, 0.50583065, 0.50353414, 0.50401837, 0.50540054, 0.5018843, 0.5016817, 0.50108755, 0.50340015, 0.5010567, 0.5022954, 0.50248915, 0.50365716, 0.5030915, 0.50446105, 0.5033342, 0.5038857, 0.50740546, 0.50879085, 0.50793195, 0.50745136, 0.5089467, 0.50689965, 0.51004225, 0.5091309, 0.508451, 0.5096281, 0.5068665, 0.5061749, 0.506408, 0.5091968, 0.50871116, 0.5089731, 0.50790477, 0.50733787, 0.5076474, 0.50741535, 0.5065911, 0.50571835, 0.50731903, 0.5080284, 0.5077014, 0.5072846, 0.50832415, 0.5082539, 0.5076519, 0.50730616, 0.5085247, 0.5080852, 0.5077574, 0.50882715, 0.50882536, 0.5089876, 0.5079609, 0.50793225, 0.5088206, 0.508678, 0.50943583, 0.5083028, 0.5086009, 0.5092667, 0.508634, 0.50861686, 0.50800663, 0.5097401, 0.50523365, 0.50916, 0.508328, 0.50935453, 0.50842845, 0.50718075, 0.50680834, 0.5107143, 0.5090117, 0.50801915, 0.507463, 0.5051492, 0.50540584, 0.50664765, 0.50730973, 0.50697714, 0.50941503, 0.50813794, 0.50749254, 0.5074584, 0.50751954, 0.5089877, 0.50818354, 0.5077712, 0.5091166, 0.5081674, 0.50875795, 0.5095001, 0.508977, 0.508847, 0.5089061, 0.50857174, 0.50814795, 0.5085394, 0.50771844, 0.50924015, 0.50823367, 0.50827616, 0.50885653, 0.5083186, 0.50827706, 0.508225, 0.5085674, 0.5084931, 0.5076202, 0.50673056, 0.5093748, 0.5087787, 0.5077735, 0.5073731, 0.5089294, 0.50891465, 0.5091195, 0.5083733, 0.508672, 0.50826955, 0.5075018, 0.5073321, 0.5084534, 0.5087081, 0.5098003, 0.5092501, 0.509076, 0.5086429, 0.5079333, 0.50757736, 0.50893974, 0.50813675, 0.50917697, 0.5093254, 0.5089333, 0.508624, 0.50799, 0.5089541, 0.50946516, 0.5090784, 0.50847185, 0.5082285, 0.5066023, 0.5091714, 0.50885063, 0.50731397, 0.50779676, 0.5077154, 0.5072983, 0.5080769, 0.509054, 0.50935304, 0.5068927, 0.50892955, 0.5091388, 0.5085731, 0.5081373, 0.50857353, 0.5072594, 0.5095126, 0.507761, 0.50802034, 0.50923437, 0.50940084, 0.50679153, 0.50944257, 0.50748247, 0.50729185, 0.50696653, 0.5070285, 0.5086708, 0.5089555, 0.5091895, 0.50951356, 0.5071977, 0.50879717, 0.5085715, 0.5077358, 0.509055, 0.50833726, 0.50850934, 0.50765073, 0.5082093, 0.508925, 0.5068443, 0.5085997, 0.5078879, 0.5089913, 0.5090395, 0.5089879, 0.509792, 0.50879693, 0.5075852, 0.5080768, 0.50946385, 0.50930935, 0.507489, 0.5091346, 0.5089764, 0.5086489, 0.5092212, 0.50893635, 0.5090754, 0.5093776, 0.508488, 0.5086444, 0.5077962, 0.5088231, 0.5087321, 0.5076207, 0.50816196, 0.5096097, 0.5082356, 0.5094895, 0.50919956, 0.50931644, 0.5070722, 0.50887215, 0.50673956, 0.5070221, 0.50841904]
[0.5048746, 0.50004643, 0.5005455, 0.50689566, 0.5017189, 0.5020515, 0.50607175, 0.5006787, 0.4999224, 0.5025336, 0.5020642, 0.50117266, 0.5014703, 0.50454444, 0.50342965, 0.5083393, 0.5003786, 0.5005096, 0.5031771, 0.5044982, 0.50532085, 0.5006603, 0.5024302, 0.4999544, 0.50030434, 0.5054348, 0.5027876, 0.5031304, 0.5010342, 0.5116764, 0.50151104, 0.50122565, 0.5021194, 0.5040015, 0.5003528, 0.50296587, 0.50353116, 0.5031208, 0.50281715, 0.50125134, 0.50004715, 0.50090796, 0.50491077, 0.5067493, 0.5001843, 0.50100285, 0.501325, 0.5021462, 0.50263554, 0.5014954, 0.5022383, 0.5018538, 0.5017762, 0.5052304, 0.50742877, 0.5082747, 0.5030084, 0.50105256, 0.50039023, 0.5007771, 0.5046114, 0.5002825, 0.50382096, 0.5077716, 0.5095227, 0.50501335, 0.50006425, 0.49979994, 0.500124, 0.5061907, 0.50325423, 0.50279576, 0.49992537, 0.5000981, 0.50235206, 0.5010622, 0.50120646, 0.5010592, 0.502657, 0.5048589, 0.50696963, 0.5024588, 0.5066311, 0.50236005, 0.49986246, 0.500886, 0.5081093, 0.5019847, 0.5032408, 0.5068718, 0.5009024, 0.5029863, 0.50115424, 0.50304085, 0.5018545, 0.50270355, 0.50329953, 0.50394446, 0.50289214, 0.5044986, 0.5034577, 0.50515944, 0.5105946, 0.51371944, 0.512405, 0.51139474, 0.5136563, 0.51090616, 0.5165063, 0.514566, 0.5126913, 0.5151948, 0.50998163, 0.5092109, 0.50902575, 0.51456124, 0.51373196, 0.51440233, 0.5112271, 0.5115618, 0.511926, 0.51132715, 0.5097229, 0.50774896, 0.5111666, 0.51228225, 0.5113815, 0.510886, 0.5122992, 0.5122543, 0.5111696, 0.51135683, 0.5131533, 0.5120867, 0.51127577, 0.5138297, 0.5132387, 0.51420945, 0.5114879, 0.5120167, 0.51322097, 0.51343656, 0.5147134, 0.5127995, 0.51262647, 0.5142717, 0.5134953, 0.5130379, 0.5127075, 0.51538086, 0.5078579, 0.5136747, 0.51251477, 0.5149286, 0.5132417, 0.5105597, 0.51021296, 0.51671064, 0.51341945, 0.51250446, 0.5112043, 0.5072242, 0.50680315, 0.5098815, 0.51085246, 0.510024, 0.5142164, 0.51259893, 0.51130223, 0.5109388, 0.51103616, 0.5133209, 0.5122782, 0.5116799, 0.5139223, 0.5123799, 0.5133435, 0.5148799, 0.5141203, 0.5130592, 0.5139042, 0.5128711, 0.512101, 0.5132373, 0.51182693, 0.5146486, 0.51277006, 0.512327, 0.51372266, 0.5125344, 0.51234025, 0.5116723, 0.5134792, 0.5124853, 0.511422, 0.5098004, 0.5144741, 0.51345897, 0.51151955, 0.5109655, 0.51382244, 0.5141086, 0.5144873, 0.51265925, 0.51328826, 0.51285636, 0.51174414, 0.5115363, 0.5127487, 0.5135577, 0.5156798, 0.51412874, 0.5141902, 0.5136074, 0.5118776, 0.5118713, 0.51442856, 0.512676, 0.51427174, 0.5143292, 0.51362896, 0.513069, 0.51187974, 0.51368964, 0.5147322, 0.5141275, 0.5127471, 0.5123331, 0.50888777, 0.5145486, 0.5138742, 0.5109979, 0.5122892, 0.512624, 0.5110836, 0.5121165, 0.5137649, 0.51451147, 0.51051253, 0.5141922, 0.5141146, 0.5135747, 0.512613, 0.5128325, 0.51025504, 0.51483077, 0.5114651, 0.5120269, 0.5144886, 0.51479876, 0.50979775, 0.51466143, 0.5111238, 0.51094216, 0.5102793, 0.5101681, 0.5135753, 0.5141807, 0.5143284, 0.5147862, 0.51048553, 0.5140452, 0.5133704, 0.51152736, 0.51415473, 0.5125313, 0.51288724, 0.5116584, 0.5122711, 0.51342654, 0.5093374, 0.5133107, 0.5114825, 0.5139565, 0.5142539, 0.5142591, 0.5151528, 0.51334894, 0.51153743, 0.51262593, 0.5145482, 0.5145009, 0.51134735, 0.5142872, 0.5145275, 0.51350784, 0.5145454, 0.5136372, 0.51456535, 0.51437664, 0.51329607, 0.5136184, 0.5124626, 0.51350605, 0.5137258, 0.51200664, 0.51246244, 0.5154998, 0.513047, 0.5144281, 0.5142235, 0.5149838, 0.509681, 0.5139401, 0.5099956, 0.5102586, 0.5130798]
[0.5038214, 0.5010773, 0.5004282, 0.5057826, 0.503083, 0.50319993, 0.5049368, 0.50161296, 0.5009968, 0.50560373, 0.5016177, 0.50030977, 0.5022459, 0.505538, 0.5048108, 0.5066007, 0.50016224, 0.50152445, 0.50092274, 0.50424814, 0.5044204, 0.5000847, 0.5036197, 0.5033801, 0.502862, 0.5043188, 0.50274163, 0.5005126, 0.5026917, 0.5105619, 0.50219995, 0.50174344, 0.50307846, 0.50412065, 0.50063443, 0.5023363, 0.5031902, 0.50260305, 0.5033539, 0.5014767, 0.5005329, 0.501282, 0.5055286, 0.505815, 0.50052005, 0.5023929, 0.50294805, 0.50248677, 0.50120544, 0.5023494, 0.5025444, 0.50045455, 0.5014723, 0.5062101, 0.5065123, 0.5070604, 0.5033738, 0.5011309, 0.5003167, 0.5006234, 0.5052377, 0.5001923, 0.5034621, 0.5067631, 0.50964713, 0.50385875, 0.50004745, 0.5002358, 0.50013065, 0.5041087, 0.50151277, 0.50209254, 0.50043404, 0.5012867, 0.5006583, 0.50100094, 0.50084805, 0.5018677, 0.50200254, 0.50410956, 0.5062357, 0.5036684, 0.5059339, 0.50138587, 0.5010753, 0.5007918, 0.5070954, 0.50130075, 0.5029296, 0.5065298, 0.50184214, 0.50436985, 0.50114036, 0.5013531, 0.503424, 0.50365996, 0.50399494, 0.50322837, 0.5027094, 0.50258404, 0.5050136, 0.50553507, 0.50925314, 0.5122164, 0.5112572, 0.51028347, 0.51260364, 0.50975597, 0.51473856, 0.51275414, 0.5113747, 0.51295674, 0.5086555, 0.5078527, 0.5078574, 0.51332176, 0.5125461, 0.513129, 0.50978166, 0.51084447, 0.51050556, 0.510408, 0.5086072, 0.50768274, 0.5101052, 0.51128477, 0.5103594, 0.5103584, 0.51084536, 0.51136035, 0.5096746, 0.51002425, 0.5112989, 0.51132834, 0.50999403, 0.5118757, 0.5123194, 0.51258683, 0.51021445, 0.51038957, 0.51208276, 0.5123754, 0.5131296, 0.51139206, 0.51168644, 0.51306754, 0.5105899, 0.5105119, 0.51138616, 0.514055, 0.5067891, 0.51181215, 0.5100941, 0.5124258, 0.5119442, 0.50976205, 0.50882936, 0.51519454, 0.51231265, 0.5108115, 0.5101445, 0.5062192, 0.5060867, 0.5095502, 0.5098071, 0.5095546, 0.5131678, 0.51116467, 0.51003104, 0.5095337, 0.5098216, 0.51145464, 0.51113343, 0.5106689, 0.5122766, 0.51101875, 0.51103365, 0.5133148, 0.51255226, 0.5117012, 0.5139487, 0.51190513, 0.5110428, 0.51117927, 0.51103544, 0.5136887, 0.5117714, 0.5114932, 0.5124214, 0.5114249, 0.5111455, 0.51008576, 0.51191735, 0.5114932, 0.5106794, 0.5091839, 0.51333225, 0.5126267, 0.51027733, 0.5090351, 0.5120531, 0.51253486, 0.5136626, 0.51089555, 0.5121531, 0.5105893, 0.510657, 0.5103694, 0.51139426, 0.5116958, 0.5135461, 0.5121159, 0.5123072, 0.51200825, 0.5110288, 0.5103788, 0.5122651, 0.51108223, 0.5123741, 0.51276886, 0.51233166, 0.511907, 0.5108846, 0.51256454, 0.51362616, 0.51258546, 0.51185423, 0.5111088, 0.5081002, 0.51342446, 0.51285535, 0.5092059, 0.5099325, 0.51040167, 0.51002955, 0.51006657, 0.5123909, 0.5133177, 0.51006436, 0.5128598, 0.51268065, 0.51225597, 0.51134825, 0.5110946, 0.50988585, 0.51390153, 0.5103728, 0.5108242, 0.51278234, 0.5128426, 0.5090273, 0.5130564, 0.50982773, 0.5096076, 0.50899756, 0.5092914, 0.51191807, 0.51271677, 0.51308453, 0.514035, 0.5090926, 0.5117045, 0.51202184, 0.51019365, 0.5124314, 0.51197237, 0.5117873, 0.5113034, 0.5107801, 0.5122886, 0.5084081, 0.5119758, 0.5104083, 0.5129077, 0.5130283, 0.51207674, 0.51385397, 0.51213366, 0.5101042, 0.51157445, 0.51327807, 0.51308495, 0.51011014, 0.5131462, 0.51258236, 0.5118864, 0.5124047, 0.5120725, 0.51270175, 0.5130176, 0.510477, 0.51028883, 0.5110888, 0.51237583, 0.5125376, 0.5108306, 0.51107335, 0.51252186, 0.5105507, 0.51298165, 0.5127065, 0.51324886, 0.50808936, 0.5122294, 0.5085729, 0.508703, 0.511788]
[0.5058943, 0.5014927, 0.5018604, 0.5084779, 0.501645, 0.5015072, 0.5065842, 0.50187695, 0.50112796, 0.50504625, 0.5010373, 0.5005862, 0.500486, 0.50724643, 0.5069586, 0.5075258, 0.50264436, 0.501147, 0.5034614, 0.50570273, 0.50585365, 0.50479937, 0.5006493, 0.50476366, 0.5054506, 0.50642383, 0.50531423, 0.5040026, 0.5005961, 0.51107377, 0.502266, 0.50144875, 0.5007048, 0.5065304, 0.50336653, 0.5011592, 0.50184333, 0.5015524, 0.50335944, 0.5009544, 0.5021307, 0.5039336, 0.5071133, 0.5065253, 0.50078785, 0.50136477, 0.5013358, 0.50516737, 0.503659, 0.50028056, 0.50040674, 0.50077486, 0.5008456, 0.50715095, 0.50772816, 0.50803095, 0.50513005, 0.50478345, 0.5016283, 0.50269127, 0.50639194, 0.5025743, 0.5046595, 0.508191, 0.5096039, 0.5053078, 0.50426555, 0.5049541, 0.5017151, 0.5056408, 0.5037904, 0.5042432, 0.50219053, 0.50198495, 0.5048792, 0.5018862, 0.5014701, 0.5046052, 0.5042699, 0.5059669, 0.5072017, 0.50534594, 0.50639325, 0.5048308, 0.50205344, 0.50115216, 0.5083898, 0.5057576, 0.50622857, 0.5076314, 0.5004626, 0.50330263, 0.5020138, 0.50453025, 0.50057036, 0.50192887, 0.5023519, 0.5044836, 0.5033637, 0.50506455, 0.50615364, 0.50611365, 0.5094528, 0.5117542, 0.5110926, 0.5106316, 0.5119865, 0.5101325, 0.5136126, 0.51197183, 0.51123625, 0.5116178, 0.50942606, 0.5083741, 0.5084734, 0.5127985, 0.5119734, 0.51221555, 0.5108815, 0.5101332, 0.5102584, 0.51082194, 0.50915444, 0.50893784, 0.5105477, 0.5114192, 0.51050544, 0.51078004, 0.5107654, 0.5112404, 0.5098351, 0.51041085, 0.5112415, 0.51120853, 0.51004463, 0.5110471, 0.5119713, 0.5122865, 0.5107037, 0.51031125, 0.5115129, 0.5119267, 0.5123934, 0.51107955, 0.51166105, 0.51215625, 0.51034766, 0.5108777, 0.5114176, 0.5131947, 0.50827134, 0.5117946, 0.5107097, 0.5120983, 0.51222336, 0.5103872, 0.5094992, 0.51408, 0.51219255, 0.51117146, 0.5105742, 0.507689, 0.5076415, 0.509833, 0.5101993, 0.50964826, 0.51264197, 0.51114094, 0.5103018, 0.5099674, 0.51020336, 0.51170504, 0.51091534, 0.51074916, 0.51103234, 0.5112454, 0.5115187, 0.5124603, 0.5118856, 0.51153934, 0.5127991, 0.5120515, 0.5115128, 0.5108825, 0.51055205, 0.512316, 0.5111666, 0.51102245, 0.5114375, 0.5107066, 0.51066196, 0.5107872, 0.51134527, 0.51100653, 0.51074976, 0.5093839, 0.5124691, 0.51184887, 0.51074886, 0.5098773, 0.5117439, 0.5119351, 0.51220554, 0.51154566, 0.51172453, 0.5104487, 0.5102228, 0.510067, 0.5114387, 0.5114076, 0.5126244, 0.511941, 0.51199585, 0.5120181, 0.50996804, 0.5102864, 0.5117351, 0.5107648, 0.512089, 0.51213497, 0.5117094, 0.5113102, 0.51129496, 0.5119625, 0.5125917, 0.5121834, 0.511303, 0.5102773, 0.508616, 0.5125092, 0.5120118, 0.50955456, 0.510094, 0.51050663, 0.51009226, 0.5101407, 0.51187336, 0.51228136, 0.5102183, 0.51259154, 0.5123254, 0.5121431, 0.5115959, 0.5112937, 0.509598, 0.51235884, 0.5101771, 0.5109821, 0.51176155, 0.5117753, 0.5091497, 0.5125082, 0.51027215, 0.5101968, 0.5101239, 0.5099637, 0.5111873, 0.51180273, 0.51241225, 0.5126586, 0.50953, 0.5116956, 0.5114185, 0.5105356, 0.5119652, 0.51151115, 0.5116872, 0.5110769, 0.51076484, 0.5120431, 0.5088186, 0.51154685, 0.5100435, 0.5121353, 0.5119506, 0.5108535, 0.5130658, 0.51210344, 0.5102423, 0.5111782, 0.51282775, 0.5122139, 0.5101318, 0.51222724, 0.51232857, 0.51179695, 0.51218814, 0.5119244, 0.51240784, 0.5125306, 0.51107043, 0.51103795, 0.5106089, 0.51222986, 0.5127247, 0.5103413, 0.5106706, 0.5122096, 0.5112299, 0.5122615, 0.51213276, 0.5122926, 0.5093577, 0.5121856, 0.50840086, 0.50899607, 0.511021]
[0.50600374, 0.50236857, 0.5025361, 0.5055748, 0.5012619, 0.5016248, 0.5072371, 0.5026955, 0.5027401, 0.50647, 0.5014555, 0.5007303, 0.5008819, 0.50642896, 0.50535005, 0.5075094, 0.50164163, 0.50060105, 0.50382406, 0.5066702, 0.506554, 0.5024614, 0.50165653, 0.5033435, 0.5045679, 0.5065414, 0.5044354, 0.5047946, 0.50119364, 0.50928146, 0.5038268, 0.5005059, 0.50209045, 0.50422066, 0.50094765, 0.50223887, 0.5028939, 0.5024616, 0.50239784, 0.50069493, 0.5017543, 0.50380117, 0.5067806, 0.5069759, 0.50204253, 0.501194, 0.5020374, 0.5037342, 0.5038823, 0.5005123, 0.501341, 0.50029933, 0.5007364, 0.5063949, 0.5072167, 0.507317, 0.5051811, 0.50384086, 0.5029335, 0.5041205, 0.5062874, 0.50212604, 0.50529367, 0.5069623, 0.50822484, 0.50640166, 0.50253433, 0.5022427, 0.50190765, 0.5070882, 0.5045228, 0.5054991, 0.5017326, 0.5016865, 0.50338537, 0.50467134, 0.5013761, 0.50403446, 0.503929, 0.5060921, 0.5072795, 0.5057719, 0.5068214, 0.50393283, 0.5024149, 0.50074464, 0.5075905, 0.504654, 0.5038747, 0.5073126, 0.50096935, 0.50210005, 0.5009554, 0.50496924, 0.5019592, 0.5023905, 0.5025021, 0.50569546, 0.5052027, 0.5054794, 0.5058101, 0.50607955, 0.50878495, 0.5100718, 0.5098019, 0.50908417, 0.51027226, 0.5083982, 0.5117062, 0.5105864, 0.5102254, 0.51126766, 0.5089607, 0.5079801, 0.5082338, 0.51085305, 0.5104484, 0.5108441, 0.5082382, 0.5089825, 0.50904375, 0.5086896, 0.50789064, 0.5068671, 0.5086095, 0.5090057, 0.5086363, 0.5091086, 0.5095889, 0.5100788, 0.50885296, 0.5085507, 0.50974846, 0.50960267, 0.50917447, 0.5105495, 0.5102267, 0.51026803, 0.509143, 0.5097196, 0.5100373, 0.5100587, 0.51071846, 0.5098787, 0.5102033, 0.5111371, 0.5100984, 0.50977314, 0.50952077, 0.5111468, 0.5074395, 0.5101142, 0.50918686, 0.51078963, 0.5097305, 0.50870836, 0.50835544, 0.51172197, 0.5101658, 0.50975686, 0.5087328, 0.50630426, 0.5063591, 0.5085584, 0.50867474, 0.5085615, 0.51050913, 0.50956416, 0.5089346, 0.5086169, 0.5087331, 0.5097057, 0.5097114, 0.509317, 0.5109048, 0.50974905, 0.5098034, 0.5110082, 0.5103308, 0.50998235, 0.5100235, 0.5095117, 0.50912815, 0.5103943, 0.5095787, 0.5109449, 0.50994986, 0.50982785, 0.51067525, 0.509754, 0.5097132, 0.50865954, 0.5102532, 0.50973105, 0.50932723, 0.50887954, 0.5108701, 0.5100086, 0.50898916, 0.50858134, 0.5105658, 0.51063806, 0.5111076, 0.5102352, 0.50982887, 0.50963056, 0.5090318, 0.508901, 0.51005024, 0.5102422, 0.5114757, 0.5103079, 0.51035035, 0.5102446, 0.50954956, 0.5092865, 0.5105425, 0.5099218, 0.5113483, 0.51119983, 0.51055074, 0.51007956, 0.5095869, 0.510348, 0.51071835, 0.51057494, 0.5102756, 0.5098575, 0.5083212, 0.51106906, 0.5106802, 0.50863767, 0.5096252, 0.50982654, 0.5090703, 0.5093847, 0.5109994, 0.51073927, 0.5086678, 0.5103284, 0.5102554, 0.50975716, 0.5093381, 0.5095697, 0.5086266, 0.51103073, 0.50916064, 0.50955665, 0.51100135, 0.5109658, 0.5082114, 0.51095605, 0.5087929, 0.50855345, 0.5082451, 0.50841403, 0.51045316, 0.5108396, 0.51076424, 0.51080954, 0.509024, 0.5108055, 0.5104721, 0.50893843, 0.5103917, 0.5099958, 0.5101489, 0.50923556, 0.50910306, 0.51046735, 0.5079727, 0.510017, 0.5096675, 0.5106351, 0.5107772, 0.5103079, 0.5113094, 0.5097741, 0.5092284, 0.5097933, 0.5110669, 0.51083887, 0.50924516, 0.5109086, 0.5110755, 0.51053196, 0.5104331, 0.5098794, 0.51004064, 0.51064545, 0.5100253, 0.5097432, 0.5095701, 0.5101766, 0.51016647, 0.5099132, 0.5096735, 0.5108244, 0.509587, 0.5106679, 0.5104844, 0.5110831, 0.5083, 0.5105119, 0.5083429, 0.5086168, 0.5100468]
[0.50815487, 0.50214076, 0.5029993, 0.50861764, 0.5029182, 0.5031147, 0.5087912, 0.5033873, 0.5041034, 0.5085544, 0.5024369, 0.5008208, 0.50176805, 0.5078287, 0.5062876, 0.5096988, 0.5026383, 0.5016352, 0.5059647, 0.5072272, 0.50735503, 0.50322616, 0.5027624, 0.50393385, 0.5053911, 0.50770277, 0.50554484, 0.5052198, 0.5012855, 0.513017, 0.503648, 0.501777, 0.5020301, 0.50714034, 0.5029304, 0.5042681, 0.504366, 0.50363207, 0.5044827, 0.501163, 0.50123006, 0.5054943, 0.5080242, 0.50886154, 0.50152284, 0.5016653, 0.5022435, 0.5046096, 0.5049113, 0.50187147, 0.5030758, 0.50256777, 0.5013187, 0.5081052, 0.50976545, 0.51003575, 0.5058912, 0.5041553, 0.5028704, 0.5048434, 0.50792974, 0.5020432, 0.5062152, 0.5087367, 0.5116249, 0.50789565, 0.50327116, 0.5036325, 0.5010573, 0.5086366, 0.5063081, 0.5075977, 0.50181216, 0.50191283, 0.50516516, 0.50487554, 0.5010793, 0.50405294, 0.5048095, 0.50833786, 0.50981206, 0.50710905, 0.5091112, 0.5049829, 0.5014344, 0.50106597, 0.50990987, 0.5060135, 0.50657874, 0.50952244, 0.50105226, 0.5045311, 0.5015181, 0.50686586, 0.5031875, 0.50354946, 0.50434446, 0.50677943, 0.5064349, 0.50675595, 0.50662374, 0.50750256, 0.51204664, 0.51413, 0.51309764, 0.51218283, 0.5147628, 0.5116795, 0.5166514, 0.51510614, 0.51405084, 0.5155463, 0.5116232, 0.5105248, 0.51090294, 0.5156329, 0.5149432, 0.5156498, 0.5119219, 0.5127791, 0.512946, 0.5119701, 0.51093614, 0.5097532, 0.51240194, 0.5131467, 0.5126593, 0.5125072, 0.5133131, 0.5140119, 0.51243585, 0.5120389, 0.5137258, 0.5131997, 0.51243633, 0.51446074, 0.5143386, 0.5145731, 0.5126357, 0.51315624, 0.51408863, 0.51440233, 0.5152568, 0.51381725, 0.5140668, 0.5154191, 0.5139635, 0.5139623, 0.5131645, 0.5160504, 0.50984657, 0.51469916, 0.5128662, 0.5148716, 0.5139959, 0.5120256, 0.51147914, 0.5175673, 0.51446486, 0.5138518, 0.51240814, 0.50903505, 0.5090037, 0.51184255, 0.5118201, 0.5116038, 0.5151641, 0.5135111, 0.5126455, 0.51190794, 0.51206505, 0.5141669, 0.51364064, 0.513115, 0.5152942, 0.513229, 0.5137087, 0.5158385, 0.51466626, 0.5143407, 0.5148739, 0.51383585, 0.5130946, 0.5140016, 0.5130535, 0.51545966, 0.51400787, 0.51375425, 0.5147458, 0.51367563, 0.51364905, 0.51253045, 0.51448184, 0.5135803, 0.5128739, 0.5111803, 0.51525843, 0.5146603, 0.5129842, 0.5120866, 0.5148967, 0.51498663, 0.51507926, 0.5139601, 0.5139396, 0.5136152, 0.5128632, 0.51250905, 0.5139927, 0.51385456, 0.5162103, 0.51451683, 0.5146098, 0.5145702, 0.5133604, 0.51267344, 0.51463926, 0.5136025, 0.5156338, 0.51555365, 0.514735, 0.5142096, 0.51333696, 0.5146532, 0.5150996, 0.51473176, 0.5145362, 0.51358336, 0.5107808, 0.51588964, 0.51513803, 0.5118164, 0.5129389, 0.5134135, 0.51244587, 0.5128018, 0.5151767, 0.5152637, 0.5121777, 0.5149348, 0.51490355, 0.51434606, 0.5135509, 0.51385295, 0.5120853, 0.5156303, 0.51281744, 0.5123303, 0.51527196, 0.51546556, 0.5112036, 0.5153898, 0.51206607, 0.5117944, 0.51138604, 0.5115414, 0.5144155, 0.51517683, 0.5154367, 0.5155978, 0.5119943, 0.5143701, 0.5144882, 0.51257086, 0.5147837, 0.51385, 0.5145279, 0.5127404, 0.5130826, 0.51524425, 0.51099616, 0.51464903, 0.5127867, 0.51496756, 0.5148796, 0.51441216, 0.5162015, 0.51421565, 0.51254517, 0.5135445, 0.51561165, 0.51535743, 0.5126784, 0.51512504, 0.5152263, 0.51408035, 0.51494455, 0.51417005, 0.51489174, 0.51520175, 0.5134143, 0.51380527, 0.5129428, 0.51406014, 0.5146285, 0.5134569, 0.51346964, 0.515593, 0.5128375, 0.5153429, 0.5150237, 0.51537466, 0.5108895, 0.5147256, 0.5110135, 0.5117716, 0.5136464]
[0.5084495, 0.5022609, 0.5028768, 0.5094782, 0.5000053, 0.5000928, 0.50936884, 0.5031189, 0.502253, 0.50749224, 0.49927637, 0.50105536, 0.49972847, 0.50879806, 0.50769484, 0.51070887, 0.50246084, 0.5002163, 0.50571746, 0.50834054, 0.50883186, 0.5044662, 0.50007164, 0.5040071, 0.50533104, 0.50903726, 0.5064695, 0.5064612, 0.4998123, 0.51451564, 0.50461715, 0.49946615, 0.5003608, 0.50765234, 0.50251555, 0.50081724, 0.501204, 0.5007483, 0.50104725, 0.4993112, 0.5011478, 0.5059164, 0.5091053, 0.5097357, 0.5018533, 0.49961346, 0.5002893, 0.50521713, 0.5039834, 0.49979427, 0.49946615, 0.49945843, 0.49951363, 0.5088916, 0.51054657, 0.51087683, 0.5059935, 0.50618637, 0.5035995, 0.5055557, 0.50909084, 0.50334656, 0.50819165, 0.5100189, 0.51258636, 0.509031, 0.50450766, 0.50392824, 0.5020169, 0.509781, 0.5065846, 0.5072403, 0.5012909, 0.50191385, 0.5055992, 0.5054334, 0.50083566, 0.50565475, 0.5071325, 0.50894254, 0.51052785, 0.5063531, 0.5095002, 0.50659955, 0.50303555, 0.5006346, 0.5111319, 0.50678706, 0.50695527, 0.5104417, 0.50020844, 0.50108916, 0.5003387, 0.5071568, 0.50015515, 0.5011733, 0.5012068, 0.50761086, 0.5066671, 0.5079287, 0.5072209, 0.5080392, 0.5133366, 0.5154351, 0.51463056, 0.5135593, 0.51624864, 0.5126219, 0.51877475, 0.51695746, 0.51542693, 0.51756155, 0.5124879, 0.51144236, 0.51217765, 0.5172033, 0.5162684, 0.5168813, 0.51333, 0.5131498, 0.5136635, 0.51331115, 0.5116908, 0.51070446, 0.51347846, 0.51445174, 0.5137924, 0.51367253, 0.51504725, 0.5153751, 0.5133392, 0.5130207, 0.5156181, 0.5151077, 0.5139956, 0.51610917, 0.5159218, 0.51613545, 0.5139813, 0.51439875, 0.51595825, 0.5161582, 0.5172922, 0.5150986, 0.5159915, 0.51702446, 0.51576513, 0.51556623, 0.5145875, 0.5176898, 0.51023966, 0.51634324, 0.5149351, 0.5166338, 0.5155337, 0.51350987, 0.51249015, 0.5194041, 0.51590544, 0.5148249, 0.5134679, 0.509411, 0.5094916, 0.5126955, 0.51356226, 0.5128792, 0.51686734, 0.515006, 0.5139676, 0.5135708, 0.5136812, 0.51584095, 0.51497585, 0.5144097, 0.5169154, 0.515166, 0.5157002, 0.5174146, 0.5160772, 0.51566255, 0.51562566, 0.5151786, 0.51423424, 0.51552653, 0.51477, 0.51709723, 0.51542693, 0.51517326, 0.51645106, 0.5150779, 0.5150811, 0.51347035, 0.5159803, 0.51490694, 0.51425517, 0.51282066, 0.5170388, 0.5156675, 0.5136004, 0.5132284, 0.51638794, 0.516734, 0.5168043, 0.5153572, 0.515634, 0.51468325, 0.5133943, 0.5130816, 0.5152498, 0.51549935, 0.51776516, 0.5163189, 0.51620024, 0.5161885, 0.5141443, 0.5139656, 0.51640296, 0.515094, 0.517083, 0.51731503, 0.5161481, 0.5157224, 0.5147034, 0.51629996, 0.51690906, 0.5166206, 0.5158055, 0.5148683, 0.5120351, 0.5173525, 0.516647, 0.5138821, 0.51495826, 0.5149932, 0.51351804, 0.5145942, 0.51691526, 0.5168317, 0.5130894, 0.51650685, 0.51656574, 0.5160671, 0.51525193, 0.51523554, 0.5132156, 0.51756805, 0.51409507, 0.5142189, 0.5168272, 0.51702046, 0.5123566, 0.5171172, 0.51341784, 0.51315975, 0.5122398, 0.5126089, 0.5160488, 0.5167665, 0.51684004, 0.51715815, 0.51306045, 0.51644963, 0.51644635, 0.51398313, 0.51666737, 0.5153093, 0.5156682, 0.514048, 0.5142331, 0.5165963, 0.5121667, 0.51589483, 0.51428115, 0.5166569, 0.5168035, 0.51628083, 0.517535, 0.5156991, 0.51392144, 0.5151568, 0.5173306, 0.51704794, 0.5140239, 0.51699084, 0.51681983, 0.51605475, 0.5165854, 0.51615787, 0.5162723, 0.5166905, 0.5154408, 0.5155418, 0.5145403, 0.5157565, 0.51601887, 0.51461405, 0.5152878, 0.5173827, 0.5148628, 0.5171022, 0.51680076, 0.5172795, 0.5122202, 0.5158451, 0.51247007, 0.5128101, 0.5152145]
[0.5067782, 0.5010925, 0.50140995, 0.5082126, 0.5025459, 0.5022749, 0.50766575, 0.50099635, 0.5004822, 0.5054143, 0.50317156, 0.5019195, 0.50204057, 0.5075852, 0.50736016, 0.5087725, 0.5014698, 0.5008478, 0.5035167, 0.5066262, 0.50663126, 0.5023118, 0.5036284, 0.50315464, 0.5051766, 0.5068904, 0.5042413, 0.50419945, 0.5011445, 0.51239306, 0.5019435, 0.5021828, 0.5025363, 0.5054891, 0.5011665, 0.50340337, 0.50424343, 0.5031351, 0.50454473, 0.5020311, 0.50154454, 0.50366944, 0.5078858, 0.50738794, 0.5005872, 0.5022968, 0.50273377, 0.50453216, 0.50284714, 0.50227946, 0.5030107, 0.50280356, 0.5018457, 0.50726, 0.5086867, 0.50924605, 0.50544715, 0.50440407, 0.5016643, 0.5026749, 0.50666416, 0.5007349, 0.5054308, 0.5087316, 0.5100334, 0.5064907, 0.50369126, 0.50347805, 0.5007231, 0.5076831, 0.5037373, 0.50440216, 0.5012566, 0.50142264, 0.50453115, 0.50233537, 0.50060153, 0.50443286, 0.50443566, 0.5064077, 0.5082706, 0.50507206, 0.5077762, 0.5051766, 0.5014711, 0.50031936, 0.5089672, 0.5057335, 0.5066904, 0.50863844, 0.5018814, 0.50454, 0.50112593, 0.50496227, 0.50223523, 0.503394, 0.50417227, 0.5054212, 0.504311, 0.5051065, 0.50616664, 0.5069955, 0.51129764, 0.51393175, 0.5128233, 0.51174235, 0.51362246, 0.5113219, 0.5158474, 0.5140713, 0.5132787, 0.5145269, 0.511006, 0.50939184, 0.51007515, 0.5145824, 0.5139559, 0.514479, 0.5117983, 0.51156294, 0.51152635, 0.51223713, 0.50999326, 0.508133, 0.5111049, 0.51242006, 0.51159537, 0.511983, 0.5123288, 0.51307446, 0.51131487, 0.51149166, 0.51331913, 0.51281947, 0.51169896, 0.51284015, 0.5136546, 0.51386774, 0.51191133, 0.51186186, 0.5133584, 0.5136283, 0.5144763, 0.5132618, 0.51351583, 0.5147702, 0.51233476, 0.51249754, 0.5124898, 0.51488477, 0.5095636, 0.51337296, 0.5121749, 0.5141943, 0.5134042, 0.51146525, 0.5107155, 0.5163531, 0.5136137, 0.5125738, 0.51175904, 0.5074855, 0.5078385, 0.5110713, 0.51156527, 0.5108891, 0.5143885, 0.5126371, 0.5118062, 0.511302, 0.5116139, 0.5131243, 0.51276726, 0.5127568, 0.5137762, 0.5129758, 0.5132008, 0.51468486, 0.51374716, 0.51300037, 0.5141173, 0.51300913, 0.5124805, 0.5129741, 0.5123547, 0.5143573, 0.5129502, 0.5124589, 0.5132288, 0.5127, 0.5126893, 0.5122846, 0.51380354, 0.51260245, 0.5121767, 0.51089954, 0.514137, 0.51330435, 0.51189154, 0.51144755, 0.51382077, 0.514177, 0.51438314, 0.5135033, 0.5132357, 0.5125368, 0.51170564, 0.5118258, 0.5132456, 0.51339984, 0.5150018, 0.51419723, 0.5143076, 0.51409566, 0.51178306, 0.512232, 0.5138557, 0.5127283, 0.5144207, 0.51463693, 0.5135099, 0.51349056, 0.5127225, 0.5132648, 0.5146567, 0.51423424, 0.5133266, 0.5120131, 0.50967383, 0.5151711, 0.51461524, 0.51121527, 0.51232255, 0.51294464, 0.511702, 0.5122755, 0.5142352, 0.51407975, 0.51143116, 0.5145165, 0.514504, 0.5137312, 0.5132581, 0.5131968, 0.51063025, 0.51473963, 0.5118433, 0.5125336, 0.5139126, 0.5136593, 0.510529, 0.51471573, 0.5114448, 0.5113283, 0.51074874, 0.5108861, 0.51354724, 0.5142184, 0.51452917, 0.5147208, 0.510959, 0.51405305, 0.51351744, 0.5119332, 0.5139617, 0.513305, 0.5134976, 0.5127086, 0.5119978, 0.51387775, 0.50960946, 0.51302564, 0.5119914, 0.5140642, 0.51435053, 0.5132483, 0.51518446, 0.51357114, 0.5117718, 0.5128461, 0.51451457, 0.514342, 0.51201737, 0.51470083, 0.51507246, 0.51431346, 0.51387876, 0.51355803, 0.51389956, 0.5142577, 0.5131955, 0.5129523, 0.5121102, 0.5133479, 0.51452184, 0.51194954, 0.5128634, 0.51466846, 0.5131596, 0.5142023, 0.51388943, 0.5146637, 0.5105253, 0.51431704, 0.5102476, 0.51068497, 0.5129781]
[0.5047671, 0.5012529, 0.5024908, 0.50640213, 0.5023066, 0.5023154, 0.5060203, 0.5026926, 0.50221246, 0.50551146, 0.50165635, 0.5011367, 0.5011604, 0.50483215, 0.5040708, 0.5069382, 0.50185835, 0.5006944, 0.5040558, 0.50458044, 0.5050466, 0.50232893, 0.50208104, 0.5021551, 0.502622, 0.5052378, 0.50390357, 0.5029274, 0.50085914, 0.5094613, 0.5025369, 0.5011908, 0.5020647, 0.50505763, 0.50241506, 0.5030728, 0.50318676, 0.5026418, 0.5036298, 0.5014652, 0.5012392, 0.5029734, 0.5052468, 0.506557, 0.5018678, 0.5016688, 0.5022672, 0.5031991, 0.5022818, 0.50119054, 0.50194806, 0.50118417, 0.50069493, 0.5060388, 0.50675416, 0.5069259, 0.5029185, 0.5029217, 0.5016365, 0.50269586, 0.50545704, 0.5023515, 0.50478196, 0.5063828, 0.5089121, 0.50571054, 0.50215733, 0.5017838, 0.5016552, 0.5057946, 0.50432736, 0.50464475, 0.50094175, 0.5011233, 0.50228983, 0.5036454, 0.50094485, 0.5031504, 0.50347334, 0.50593096, 0.5069593, 0.50393456, 0.5064394, 0.50315213, 0.50177515, 0.5008712, 0.50737727, 0.5036405, 0.50441307, 0.5064475, 0.5018246, 0.50302756, 0.50076884, 0.5039933, 0.5024317, 0.50285584, 0.50324774, 0.5048698, 0.50392175, 0.5048181, 0.5044807, 0.50484824, 0.50875384, 0.5104558, 0.5097346, 0.50880504, 0.5109895, 0.5082592, 0.51261455, 0.51126117, 0.51031154, 0.5118412, 0.5083063, 0.5077791, 0.5079516, 0.511842, 0.51083565, 0.5114306, 0.50866395, 0.5092339, 0.5095491, 0.5089901, 0.5078649, 0.50729626, 0.5093373, 0.50980973, 0.5092647, 0.5091508, 0.5096957, 0.5107085, 0.50942636, 0.5087672, 0.51011634, 0.50994563, 0.50933236, 0.5109965, 0.5109455, 0.51106954, 0.50930977, 0.5099954, 0.51086515, 0.51072365, 0.5115699, 0.51021165, 0.5106118, 0.51131165, 0.51071733, 0.51054966, 0.510001, 0.511984, 0.50646096, 0.5111518, 0.5100505, 0.5111443, 0.51052016, 0.5086766, 0.50817066, 0.51299363, 0.5108632, 0.5102902, 0.5090825, 0.50644064, 0.50654125, 0.50850564, 0.50919324, 0.5088478, 0.511521, 0.50997776, 0.5090831, 0.508809, 0.5088943, 0.51080734, 0.5099603, 0.5095664, 0.51133263, 0.50968903, 0.51038504, 0.5120143, 0.5111316, 0.51091343, 0.5109948, 0.51031786, 0.50947386, 0.5105326, 0.5098126, 0.51167965, 0.51040286, 0.50995445, 0.5115488, 0.5099306, 0.50984156, 0.5091053, 0.5108838, 0.51056045, 0.5093061, 0.5080264, 0.5116037, 0.5109222, 0.50938225, 0.5088447, 0.51098627, 0.51107293, 0.5117269, 0.5100601, 0.5105695, 0.5096724, 0.50927514, 0.50908524, 0.5105444, 0.51075685, 0.512344, 0.5106072, 0.5107222, 0.5106065, 0.50994307, 0.50925785, 0.51132077, 0.5105168, 0.5117628, 0.5117182, 0.5110882, 0.5105516, 0.51000786, 0.51118237, 0.51151556, 0.5108998, 0.51072353, 0.5103093, 0.50798416, 0.5117151, 0.51113784, 0.509176, 0.5095478, 0.5096073, 0.50898093, 0.50976, 0.51126784, 0.5114892, 0.5085701, 0.5110145, 0.51098466, 0.5106666, 0.5101364, 0.5097806, 0.50905347, 0.51182973, 0.5093602, 0.5094613, 0.51176816, 0.5117698, 0.5082943, 0.5116298, 0.5090293, 0.50885934, 0.50840205, 0.5085095, 0.51096076, 0.5114303, 0.51147825, 0.51165825, 0.5086913, 0.5111792, 0.51107556, 0.50938374, 0.5110385, 0.5101492, 0.5104905, 0.509309, 0.50975305, 0.511233, 0.5081896, 0.51078683, 0.50990266, 0.5111862, 0.5111793, 0.51097494, 0.5121073, 0.51037544, 0.5088858, 0.5098332, 0.5118481, 0.5113841, 0.5091271, 0.5113639, 0.51116014, 0.5104837, 0.5108934, 0.5106791, 0.5110325, 0.5115163, 0.5100773, 0.5102106, 0.5095997, 0.5109237, 0.51058537, 0.5101907, 0.5102723, 0.511897, 0.50946885, 0.5115086, 0.5110335, 0.51167995, 0.5078991, 0.51053244, 0.5079502, 0.50826895, 0.5104735]
[0.50527054, 0.49993324, 0.5003985, 0.50693053, 0.5005857, 0.50034595, 0.5049204, 0.5003629, 0.5002631, 0.50441474, 0.49978325, 0.49895874, 0.49910003, 0.50483847, 0.5038632, 0.5072125, 0.50116986, 0.49941137, 0.5027276, 0.50418675, 0.504782, 0.5008763, 0.5007664, 0.5018143, 0.50224555, 0.505278, 0.50341934, 0.50371265, 0.499398, 0.5106982, 0.50064343, 0.49997628, 0.49997497, 0.5053749, 0.50129974, 0.50165915, 0.501535, 0.5003316, 0.50250125, 0.4995635, 0.5001996, 0.5017655, 0.50475484, 0.50635296, 0.49993753, 0.49994832, 0.50024, 0.50210536, 0.50192696, 0.49914458, 0.5001433, 0.4993429, 0.49893036, 0.5063815, 0.5074035, 0.50759614, 0.5030008, 0.5025946, 0.500762, 0.5019748, 0.50564194, 0.500561, 0.5050699, 0.50779873, 0.51027733, 0.50581676, 0.5020787, 0.5018211, 0.5004161, 0.5062508, 0.5025704, 0.5039021, 0.49939004, 0.49933332, 0.50203896, 0.50222427, 0.49918842, 0.5031482, 0.50359535, 0.50616, 0.5077699, 0.5032688, 0.5066491, 0.50279236, 0.49964324, 0.49898112, 0.50788826, 0.50330555, 0.50525236, 0.5077852, 0.49923417, 0.5011839, 0.4991346, 0.50309646, 0.49980244, 0.50140524, 0.50193477, 0.5038157, 0.5024107, 0.5047643, 0.50434786, 0.5050387, 0.5101878, 0.5125425, 0.51100445, 0.51018155, 0.51265454, 0.50949204, 0.51442224, 0.51343524, 0.51182944, 0.5132662, 0.50964653, 0.50832504, 0.5091943, 0.5133696, 0.51228565, 0.5131798, 0.5107103, 0.51004815, 0.51058304, 0.510413, 0.50889796, 0.50847024, 0.51088756, 0.51137364, 0.5110052, 0.51051265, 0.5117938, 0.51194113, 0.5103033, 0.51009744, 0.51219386, 0.51145333, 0.5109275, 0.5122869, 0.5125417, 0.5127912, 0.51102495, 0.5109923, 0.51182204, 0.51255095, 0.513448, 0.5114015, 0.5121827, 0.5132141, 0.51230025, 0.51206785, 0.5114715, 0.5139051, 0.5068466, 0.51269764, 0.51177615, 0.5130374, 0.5120138, 0.50987303, 0.50895596, 0.51523775, 0.51244354, 0.5115682, 0.5105122, 0.50676066, 0.5070144, 0.5095282, 0.510556, 0.5098488, 0.51355916, 0.5113774, 0.51046085, 0.50994736, 0.51047367, 0.51236993, 0.5112498, 0.5109216, 0.51283264, 0.51129234, 0.51214015, 0.5138662, 0.512298, 0.5123531, 0.5126776, 0.5121465, 0.51123565, 0.51210755, 0.5110963, 0.51315546, 0.5119361, 0.51183355, 0.5129585, 0.5114757, 0.5113107, 0.51136625, 0.51199, 0.51191956, 0.5105352, 0.50873494, 0.5131507, 0.51236266, 0.5105001, 0.5101589, 0.51244926, 0.5128904, 0.5130341, 0.5119977, 0.51212937, 0.5114019, 0.5107655, 0.51048857, 0.5115885, 0.5123122, 0.51397896, 0.512433, 0.51232535, 0.5128222, 0.51104736, 0.5104889, 0.51262695, 0.51153964, 0.5133871, 0.513334, 0.51241195, 0.51207334, 0.51152533, 0.51281625, 0.5133449, 0.51268417, 0.51156443, 0.51197606, 0.5086835, 0.5135562, 0.5127171, 0.5107432, 0.5111834, 0.5109528, 0.5103983, 0.511476, 0.512753, 0.51319206, 0.5098549, 0.5130537, 0.51295596, 0.51262796, 0.5115635, 0.5118092, 0.5103031, 0.5136447, 0.5107987, 0.5108643, 0.5132806, 0.5134296, 0.50939053, 0.51330185, 0.51048887, 0.51023984, 0.5093543, 0.50989926, 0.5124685, 0.51286787, 0.51309973, 0.51343304, 0.50952196, 0.51265025, 0.51237816, 0.51102597, 0.51269984, 0.51192826, 0.5123543, 0.51071614, 0.5110037, 0.51277316, 0.5090358, 0.5122847, 0.5104633, 0.5126698, 0.51286525, 0.5124876, 0.5136339, 0.5120342, 0.510215, 0.5114768, 0.5131795, 0.51284605, 0.51053333, 0.5129085, 0.51285225, 0.51214254, 0.5129305, 0.51253945, 0.5134827, 0.51313865, 0.5121273, 0.5120354, 0.5109985, 0.5124286, 0.5124751, 0.5109159, 0.51156723, 0.51393265, 0.51142114, 0.51337165, 0.5129213, 0.5135726, 0.50895387, 0.5123298, 0.5089312, 0.5095283, 0.51199114]
[0.50489587, 0.50129014, 0.50196254, 0.50448984, 0.50157285, 0.50183624, 0.50606894, 0.5027902, 0.5025166, 0.5058974, 0.5006653, 0.5007553, 0.5009653, 0.5055152, 0.50497586, 0.50616163, 0.5011633, 0.50019866, 0.50256854, 0.50556904, 0.5057903, 0.50224495, 0.5020696, 0.50378704, 0.50466985, 0.5054535, 0.5034438, 0.50312567, 0.50079954, 0.50856245, 0.50388944, 0.50037, 0.502154, 0.5032616, 0.5009263, 0.5022769, 0.5036046, 0.50294095, 0.5023839, 0.50068057, 0.5013742, 0.5030826, 0.5055468, 0.50565493, 0.50180095, 0.5010954, 0.5018503, 0.5036571, 0.50323516, 0.5010526, 0.50164944, 0.5007957, 0.50045687, 0.5054786, 0.50622666, 0.5066029, 0.5043271, 0.50336117, 0.50256085, 0.5033385, 0.50557745, 0.50186557, 0.5046559, 0.50564945, 0.5074536, 0.5051644, 0.50256723, 0.50244004, 0.50125587, 0.506054, 0.50379807, 0.5037842, 0.50167096, 0.50167966, 0.5033684, 0.5031677, 0.50081605, 0.5034571, 0.50372976, 0.50432634, 0.50579536, 0.5051421, 0.5059157, 0.5043614, 0.5022679, 0.5007444, 0.5069445, 0.5030274, 0.5034617, 0.506402, 0.5004726, 0.5030111, 0.50112516, 0.50367856, 0.50196016, 0.50296015, 0.5032883, 0.5043913, 0.5039517, 0.5040453, 0.5048877, 0.50570166, 0.50813687, 0.5099148, 0.50925446, 0.5082918, 0.510095, 0.5081125, 0.51173943, 0.51042515, 0.50990874, 0.5108492, 0.50776136, 0.50690275, 0.50723183, 0.5106941, 0.510172, 0.510673, 0.5074536, 0.50895685, 0.5086762, 0.5083258, 0.5073611, 0.5058588, 0.50777125, 0.50857794, 0.5083232, 0.50873816, 0.5088597, 0.5097897, 0.5082365, 0.50800806, 0.50928843, 0.50896376, 0.50869477, 0.5101434, 0.5099903, 0.5099704, 0.50856405, 0.50920457, 0.5096387, 0.5098154, 0.5106734, 0.50967103, 0.5098631, 0.51064354, 0.50954056, 0.5092107, 0.5089033, 0.51116514, 0.5065581, 0.50968367, 0.50845104, 0.5104186, 0.5096272, 0.5079002, 0.5074493, 0.5117837, 0.5100155, 0.5089886, 0.508402, 0.50534976, 0.505375, 0.5081674, 0.50799143, 0.5079259, 0.5099216, 0.5091054, 0.50838715, 0.5080557, 0.5081207, 0.5094145, 0.5091633, 0.5090156, 0.51056224, 0.5095068, 0.5092414, 0.5108939, 0.5100183, 0.50935996, 0.5099379, 0.50901115, 0.5086026, 0.5097263, 0.5095815, 0.51093256, 0.5095312, 0.5093727, 0.5101364, 0.5090657, 0.5091003, 0.5078885, 0.51011133, 0.50926936, 0.508886, 0.508262, 0.51018226, 0.50979674, 0.5083723, 0.5078655, 0.5103027, 0.510399, 0.51105845, 0.5096243, 0.5098046, 0.5090677, 0.5088668, 0.5086899, 0.5095619, 0.5098429, 0.51145184, 0.5097193, 0.5098707, 0.50988704, 0.5089444, 0.5087673, 0.51013285, 0.50943846, 0.5110752, 0.51104313, 0.5101115, 0.5098795, 0.5090896, 0.5096887, 0.51066047, 0.51018584, 0.5098716, 0.5095396, 0.5073769, 0.5108102, 0.51038766, 0.508124, 0.5093065, 0.5094849, 0.50872123, 0.5088872, 0.5103126, 0.5106586, 0.50829995, 0.5100468, 0.5099345, 0.50940555, 0.5090996, 0.50913787, 0.5079456, 0.5109765, 0.50872725, 0.5089762, 0.5106378, 0.510486, 0.50762, 0.5106732, 0.50809234, 0.5078824, 0.50716186, 0.5076443, 0.51008314, 0.51059896, 0.510284, 0.51089495, 0.5081954, 0.51036644, 0.5101631, 0.5080423, 0.5100466, 0.509577, 0.50966465, 0.5092738, 0.5085916, 0.51008797, 0.5070177, 0.5098041, 0.5092535, 0.5104002, 0.5107726, 0.5100601, 0.51111096, 0.5093594, 0.5086655, 0.5094708, 0.5105396, 0.5105375, 0.50863725, 0.5105718, 0.51096374, 0.51037765, 0.51019543, 0.50970644, 0.51007265, 0.51038694, 0.50930774, 0.5089853, 0.50922155, 0.50989896, 0.50993305, 0.50921893, 0.5096363, 0.5107941, 0.50907826, 0.51066613, 0.51046246, 0.51105016, 0.5072225, 0.51026225, 0.50792027, 0.5080891, 0.5096458]
[0.5064695, 0.50082314, 0.50036204, 0.50695527, 0.502276, 0.501977, 0.50812346, 0.5015362, 0.50152516, 0.507715, 0.50203013, 0.5011579, 0.5017741, 0.5077531, 0.50609726, 0.5095107, 0.49994767, 0.50112194, 0.502031, 0.5061242, 0.5067005, 0.50076765, 0.5024462, 0.5019354, 0.5053605, 0.507445, 0.50198966, 0.50263005, 0.5016702, 0.5138234, 0.5018238, 0.50163555, 0.5020651, 0.50595856, 0.50000983, 0.5028525, 0.50295085, 0.5021441, 0.5033938, 0.50147194, 0.50012124, 0.50215566, 0.50786906, 0.5086446, 0.5009008, 0.5021426, 0.50242054, 0.50248146, 0.50135523, 0.50164115, 0.50238323, 0.501907, 0.50087094, 0.5076712, 0.50926375, 0.51011777, 0.50480574, 0.50199026, 0.5005451, 0.5018644, 0.50610465, 0.50009537, 0.5041124, 0.5089356, 0.5116017, 0.50660974, 0.50031585, 0.50105107, 0.50038046, 0.5077297, 0.502376, 0.5042292, 0.5003308, 0.50064075, 0.5018532, 0.50260705, 0.50111437, 0.5020372, 0.50170344, 0.50695324, 0.5092018, 0.50628895, 0.50929046, 0.5034531, 0.5004956, 0.5009173, 0.5096932, 0.50375396, 0.5053812, 0.50988495, 0.5008225, 0.5033487, 0.50039876, 0.5046829, 0.5024225, 0.5029798, 0.50345635, 0.5050758, 0.50329936, 0.5052621, 0.5059276, 0.507358, 0.5121772, 0.51549405, 0.5141915, 0.51285493, 0.5156909, 0.5126989, 0.5181306, 0.51594204, 0.5149443, 0.51693374, 0.51255023, 0.51066566, 0.51135486, 0.5167098, 0.5161446, 0.517159, 0.5122459, 0.514205, 0.5135188, 0.5130412, 0.51092464, 0.50956696, 0.51236874, 0.51372933, 0.5129572, 0.5135179, 0.5138126, 0.5150609, 0.5129656, 0.5123758, 0.5141758, 0.5140103, 0.5131472, 0.51513624, 0.515359, 0.5154748, 0.5132472, 0.5141554, 0.51507586, 0.51526177, 0.5164733, 0.51463485, 0.51530343, 0.516789, 0.5136157, 0.51435184, 0.5139569, 0.5171962, 0.5098252, 0.5148685, 0.5131045, 0.5163232, 0.5148539, 0.5127804, 0.51186186, 0.51870435, 0.51511925, 0.51470214, 0.51293, 0.5078349, 0.5083918, 0.51222724, 0.5125141, 0.5124496, 0.5155456, 0.514251, 0.5132019, 0.5120985, 0.5126059, 0.5147365, 0.51469004, 0.51421267, 0.5162456, 0.51438165, 0.5145886, 0.5172003, 0.5156221, 0.51502466, 0.5162521, 0.5142906, 0.51370645, 0.51518834, 0.5141628, 0.5167077, 0.51486003, 0.51429695, 0.51591307, 0.5143746, 0.51425976, 0.5127232, 0.5156423, 0.5147234, 0.5136911, 0.51239574, 0.51629156, 0.51536125, 0.5134795, 0.51242864, 0.5162215, 0.5161324, 0.51653206, 0.51537144, 0.5149074, 0.5144674, 0.51365703, 0.51337284, 0.51480407, 0.51505476, 0.51762724, 0.5160023, 0.51606697, 0.51528585, 0.51384526, 0.51347554, 0.515412, 0.51444274, 0.51705813, 0.5166479, 0.51579076, 0.5157008, 0.5143124, 0.5154501, 0.5166394, 0.5158304, 0.51557344, 0.51454836, 0.51132977, 0.517296, 0.5166415, 0.51213926, 0.5135032, 0.51399523, 0.51334655, 0.5135469, 0.51651424, 0.5166095, 0.5126034, 0.5156403, 0.5157666, 0.5146336, 0.5139157, 0.51457137, 0.5128238, 0.51710933, 0.51366246, 0.51381344, 0.51630217, 0.5162455, 0.5111024, 0.51710063, 0.512594, 0.5126991, 0.51172924, 0.51206636, 0.515954, 0.5166381, 0.51657873, 0.51725334, 0.51255107, 0.5157387, 0.51530796, 0.5130171, 0.5156609, 0.51500964, 0.515434, 0.5145809, 0.51382726, 0.5156546, 0.5108982, 0.5149235, 0.5141989, 0.516322, 0.51649797, 0.5149097, 0.517383, 0.5155741, 0.5133262, 0.51444095, 0.51678103, 0.51653475, 0.5134131, 0.5165812, 0.5166413, 0.5156119, 0.51571435, 0.51493263, 0.5157764, 0.51639056, 0.5136438, 0.5138718, 0.51418054, 0.51538897, 0.51609784, 0.51456505, 0.51433957, 0.5164028, 0.51400065, 0.51619375, 0.51633435, 0.51695806, 0.5112106, 0.5160157, 0.51193124, 0.51285255, 0.5152126]
[0.5096525, 0.499904, 0.5013604, 0.51035684, 0.50230414, 0.50223804, 0.51042265, 0.5049285, 0.5030328, 0.51069576, 0.50103855, 0.5003324, 0.50164056, 0.5085962, 0.50798184, 0.5121979, 0.5006213, 0.5008025, 0.5060744, 0.5071749, 0.5084862, 0.50314397, 0.5013881, 0.50359064, 0.504979, 0.5094471, 0.5030889, 0.5058669, 0.5008773, 0.5171059, 0.50421935, 0.5010747, 0.50116324, 0.50717366, 0.5012284, 0.5020603, 0.5028057, 0.5022309, 0.50246143, 0.5003131, 0.50050926, 0.50505173, 0.5087692, 0.5110161, 0.5020378, 0.50050026, 0.50114477, 0.5025196, 0.50273585, 0.5012805, 0.501382, 0.5012938, 0.5006755, 0.5107734, 0.5121003, 0.51204956, 0.5064446, 0.50312847, 0.5003952, 0.5022808, 0.509701, 0.5015544, 0.5075616, 0.51034564, 0.5151672, 0.50885016, 0.501025, 0.5012144, 0.50002044, 0.51086336, 0.505495, 0.50655603, 0.50019515, 0.4999665, 0.5036103, 0.5047671, 0.50074494, 0.5033592, 0.50398666, 0.5092904, 0.5116928, 0.5070939, 0.5114038, 0.50526595, 0.4996855, 0.50009763, 0.51283824, 0.5030391, 0.50541896, 0.5118016, 0.50040203, 0.5031907, 0.50021684, 0.50435954, 0.5019481, 0.50307304, 0.5032274, 0.50654966, 0.5051195, 0.507645, 0.508402, 0.5090375, 0.5153622, 0.5184118, 0.5169416, 0.5153275, 0.51962745, 0.5161391, 0.5223111, 0.52004856, 0.5185236, 0.5206026, 0.51463026, 0.51323134, 0.5136704, 0.5208741, 0.51995844, 0.52073765, 0.51540315, 0.5175575, 0.51635385, 0.5158568, 0.51387805, 0.51271796, 0.51617825, 0.517425, 0.5167196, 0.51612824, 0.5169691, 0.5178684, 0.5159775, 0.5151566, 0.51775146, 0.5169739, 0.51615095, 0.51920915, 0.51895875, 0.51946723, 0.51643217, 0.5177687, 0.5188048, 0.51891375, 0.52026826, 0.51757413, 0.5183144, 0.5208132, 0.5182989, 0.5178885, 0.51730955, 0.5212243, 0.51209265, 0.51886195, 0.5166654, 0.51941645, 0.51866645, 0.515753, 0.51409745, 0.52293736, 0.51899916, 0.5174654, 0.5164063, 0.51146394, 0.5113401, 0.515077, 0.51602495, 0.51563925, 0.5199058, 0.5178632, 0.5165622, 0.5156209, 0.51581115, 0.5184065, 0.5174814, 0.51732033, 0.52015007, 0.5175054, 0.5181316, 0.52096874, 0.5196548, 0.51864135, 0.52003676, 0.51809925, 0.51703453, 0.51854265, 0.5177632, 0.52116835, 0.51867974, 0.51810724, 0.51997745, 0.51821023, 0.5181136, 0.51603544, 0.5188391, 0.5175992, 0.5170398, 0.51480925, 0.5205571, 0.51898205, 0.51656955, 0.5154013, 0.5195308, 0.51940364, 0.52098393, 0.5175681, 0.5187742, 0.5173845, 0.517089, 0.51653695, 0.5179479, 0.5183119, 0.5211413, 0.51860094, 0.51858497, 0.5188873, 0.5175524, 0.5167184, 0.51927483, 0.5176864, 0.52033514, 0.5201097, 0.51987004, 0.51923, 0.51810527, 0.5194631, 0.5198571, 0.5194549, 0.51896226, 0.51755184, 0.51375246, 0.52085495, 0.52018, 0.5156748, 0.5163626, 0.51685506, 0.5162925, 0.51696724, 0.5198592, 0.5206269, 0.5156097, 0.5194749, 0.5192181, 0.51883525, 0.5175012, 0.5176992, 0.51642025, 0.52097887, 0.51678437, 0.51593065, 0.5197728, 0.5200128, 0.5142527, 0.5197854, 0.5157356, 0.51538897, 0.5144547, 0.5149525, 0.51944387, 0.5200158, 0.52047527, 0.5213987, 0.51572514, 0.5195933, 0.5191537, 0.5154811, 0.5193302, 0.51817477, 0.51825833, 0.51681924, 0.5165311, 0.51977867, 0.51399404, 0.5188993, 0.51631, 0.5198201, 0.52004737, 0.518864, 0.52104044, 0.51859266, 0.51607186, 0.5178304, 0.52103305, 0.5202812, 0.5164837, 0.5201125, 0.5194377, 0.5182031, 0.5192655, 0.51872396, 0.5195422, 0.52050257, 0.5171147, 0.5168141, 0.51743704, 0.51884735, 0.51915467, 0.5178896, 0.51697713, 0.5205785, 0.5163733, 0.52034557, 0.51955193, 0.52080244, 0.51343817, 0.518934, 0.5144802, 0.51492304, 0.51864344]
[0.5075601, 0.5043714, 0.50325304, 0.5081735, 0.5033733, 0.5039607, 0.50865084, 0.5035282, 0.5018612, 0.5057226, 0.5032554, 0.5016658, 0.50287986, 0.5077276, 0.5057291, 0.5093004, 0.5014387, 0.50294155, 0.50589997, 0.5074524, 0.5076388, 0.5043529, 0.50414866, 0.5023143, 0.5024042, 0.50814325, 0.5058922, 0.50677466, 0.50142574, 0.51223236, 0.50427794, 0.50188607, 0.5024138, 0.5054505, 0.5014058, 0.5058236, 0.5058904, 0.5053974, 0.5056911, 0.50310147, 0.5016352, 0.5060785, 0.5075698, 0.5081562, 0.5040455, 0.5018313, 0.50255257, 0.5048587, 0.5047813, 0.5019409, 0.5036757, 0.50357664, 0.5040541, 0.50767785, 0.5091043, 0.5093093, 0.505669, 0.5046928, 0.50407326, 0.50465685, 0.5080446, 0.5022368, 0.5061884, 0.50853646, 0.5100354, 0.5074133, 0.5032676, 0.5027651, 0.50117904, 0.50855666, 0.5063272, 0.5066455, 0.5014492, 0.5015908, 0.5046747, 0.5038967, 0.5017749, 0.5039354, 0.5059263, 0.50726545, 0.508374, 0.5055717, 0.50753075, 0.5051713, 0.5033077, 0.50202006, 0.5092842, 0.50700116, 0.50412315, 0.5084866, 0.50161636, 0.505166, 0.50136954, 0.50625896, 0.50390506, 0.50465494, 0.5055831, 0.50676715, 0.506111, 0.50662637, 0.505041, 0.5065578, 0.51073843, 0.512819, 0.5116111, 0.51091236, 0.51297307, 0.51056814, 0.5149636, 0.5133936, 0.5122583, 0.5138024, 0.51002204, 0.5100098, 0.5099517, 0.51395184, 0.51318425, 0.5135506, 0.51061916, 0.51091987, 0.51177174, 0.5111658, 0.5099187, 0.509271, 0.5115869, 0.5116127, 0.51121193, 0.51133454, 0.51188034, 0.5117895, 0.51062876, 0.51132876, 0.512523, 0.51210374, 0.5113567, 0.51323974, 0.5128107, 0.5131293, 0.5111976, 0.5119856, 0.51267815, 0.512898, 0.5135576, 0.5124574, 0.5128185, 0.5138285, 0.51283437, 0.512369, 0.51190895, 0.51405597, 0.5093875, 0.51305115, 0.512351, 0.5133039, 0.5127775, 0.5113224, 0.51027703, 0.51484644, 0.5124849, 0.5122047, 0.51084626, 0.5085383, 0.5084441, 0.51067394, 0.51113236, 0.51076967, 0.51344836, 0.51227105, 0.51132214, 0.51126415, 0.5111711, 0.5129436, 0.5119527, 0.5114302, 0.51358986, 0.5121689, 0.51268417, 0.51330674, 0.512878, 0.51222354, 0.51256955, 0.5122109, 0.5118456, 0.5121352, 0.5121244, 0.51358736, 0.51253647, 0.51191115, 0.51295745, 0.51212883, 0.51216376, 0.51066685, 0.5127143, 0.51179755, 0.5117895, 0.51057816, 0.51342523, 0.5126663, 0.5115522, 0.51075065, 0.5133445, 0.51335937, 0.5136642, 0.51250684, 0.51247317, 0.5123409, 0.5115336, 0.5109665, 0.5124339, 0.51239526, 0.5141714, 0.5128869, 0.5128678, 0.51294106, 0.51136434, 0.5116697, 0.5134453, 0.5128132, 0.5132635, 0.51382864, 0.51283973, 0.512677, 0.511942, 0.5126322, 0.5135619, 0.5135297, 0.51271826, 0.5116648, 0.50977224, 0.51372623, 0.5133349, 0.5111391, 0.5119952, 0.51239705, 0.51119125, 0.51168025, 0.5134439, 0.51372325, 0.5109023, 0.5131481, 0.5132063, 0.51273435, 0.5121994, 0.5122506, 0.5103932, 0.5137701, 0.5111537, 0.51150554, 0.5130544, 0.5132888, 0.51052463, 0.5135911, 0.5109784, 0.5108679, 0.5102808, 0.51041776, 0.51293594, 0.5135026, 0.5134786, 0.51374805, 0.5111575, 0.5130486, 0.5129321, 0.5115527, 0.51328367, 0.51254094, 0.5126589, 0.5112075, 0.5114232, 0.513108, 0.50996655, 0.5131088, 0.5113861, 0.5131382, 0.5133506, 0.51273775, 0.51378095, 0.5129186, 0.5113656, 0.51205605, 0.51365393, 0.51340115, 0.51153356, 0.51335573, 0.5137962, 0.51298255, 0.5133595, 0.51309264, 0.51336867, 0.51334655, 0.51245356, 0.51265377, 0.5123856, 0.51292646, 0.5128507, 0.511988, 0.5122171, 0.5143136, 0.5127215, 0.5133694, 0.5133368, 0.5136244, 0.51049614, 0.51321656, 0.51017076, 0.510679, 0.512329]
[0.5046921, 0.5009972, 0.5001573, 0.5077763, 0.50302064, 0.5030604, 0.50755066, 0.5003483, 0.5004992, 0.5040325, 0.50279313, 0.5018524, 0.5027144, 0.50363004, 0.5021981, 0.5109175, 0.501345, 0.5021746, 0.50071484, 0.5036334, 0.50554854, 0.499974, 0.5030586, 0.50065476, 0.49957776, 0.5074017, 0.49970406, 0.5006067, 0.5020727, 0.51572585, 0.49962512, 0.50207573, 0.503233, 0.50278866, 0.50054425, 0.503357, 0.50431097, 0.5035525, 0.5036155, 0.5023641, 0.5011724, 0.4995749, 0.5048241, 0.50834644, 0.5004872, 0.5025332, 0.5029789, 0.4999858, 0.49980673, 0.5022959, 0.5030178, 0.5025599, 0.50225836, 0.50502986, 0.5091824, 0.5099339, 0.5014239, 0.49983793, 0.5004752, 0.49987093, 0.5061865, 0.5007913, 0.5040409, 0.50893986, 0.5134326, 0.5071609, 0.5000596, 0.50011003, 0.5015493, 0.5083094, 0.50108945, 0.5024743, 0.50152194, 0.50116354, 0.50001526, 0.5009267, 0.5021329, 0.50014293, 0.5007387, 0.5053082, 0.5097798, 0.5018279, 0.50856525, 0.50002056, 0.5008075, 0.50176316, 0.5110454, 0.5007596, 0.50145966, 0.5096985, 0.5009097, 0.50362545, 0.5018102, 0.50149935, 0.50294256, 0.50378823, 0.5039138, 0.5031544, 0.50157845, 0.50333047, 0.50258636, 0.5051108, 0.51454085, 0.5178207, 0.51657075, 0.51473063, 0.51814544, 0.5137978, 0.52217615, 0.51981556, 0.51753145, 0.52100116, 0.5134716, 0.5125521, 0.5126246, 0.5199776, 0.51848197, 0.5195704, 0.51460445, 0.5150865, 0.5152837, 0.51464707, 0.51261365, 0.5100318, 0.5144929, 0.51630026, 0.51524717, 0.51462, 0.5170026, 0.517369, 0.5148835, 0.5138771, 0.5179758, 0.5165775, 0.5151889, 0.518819, 0.5181082, 0.5192472, 0.5159454, 0.51694083, 0.51839453, 0.5184322, 0.52017426, 0.51771075, 0.51744384, 0.51993483, 0.5186142, 0.5178662, 0.51653486, 0.520741, 0.5091774, 0.51934457, 0.5170791, 0.51992536, 0.51748925, 0.5141401, 0.5131005, 0.5232353, 0.51844984, 0.51666963, 0.51413846, 0.508314, 0.507117, 0.5129221, 0.5148866, 0.51367605, 0.51915014, 0.5169877, 0.51530576, 0.51412743, 0.5144572, 0.51847833, 0.5167886, 0.5164366, 0.51983327, 0.5166544, 0.5178638, 0.5204824, 0.5188709, 0.5176826, 0.518394, 0.51689565, 0.5158599, 0.51771885, 0.5161942, 0.5204517, 0.51730245, 0.5172609, 0.51912284, 0.51725036, 0.51713026, 0.51469976, 0.51849306, 0.51711184, 0.5156086, 0.51314116, 0.51975596, 0.51798433, 0.51527715, 0.51488817, 0.5190871, 0.5188589, 0.51984435, 0.5178219, 0.5176281, 0.5170734, 0.51500374, 0.51453406, 0.51745987, 0.518373, 0.5214371, 0.5183975, 0.5183772, 0.5185692, 0.51569283, 0.51576674, 0.5186913, 0.51666385, 0.51972634, 0.52019024, 0.51864517, 0.5172045, 0.5163354, 0.5184459, 0.5201901, 0.51931864, 0.5174445, 0.5173554, 0.51254916, 0.52024454, 0.5191567, 0.51494884, 0.5165125, 0.51675206, 0.5149412, 0.5165369, 0.5192332, 0.5196601, 0.51360136, 0.5190853, 0.5188769, 0.5182743, 0.51693106, 0.51668155, 0.51404005, 0.5204728, 0.5159608, 0.5161875, 0.520077, 0.52040523, 0.51293916, 0.5199345, 0.51459324, 0.5141967, 0.5129053, 0.51318544, 0.5189283, 0.51946914, 0.51953465, 0.52027696, 0.51469433, 0.51957166, 0.51875037, 0.515343, 0.5194472, 0.51704395, 0.5176672, 0.515058, 0.51606554, 0.51886976, 0.51255304, 0.51781005, 0.5165582, 0.51893914, 0.51974165, 0.5187372, 0.5208994, 0.5178606, 0.5152996, 0.5169933, 0.52021646, 0.51977205, 0.515114, 0.51939267, 0.51969177, 0.51816535, 0.51958877, 0.5181167, 0.5190809, 0.51928127, 0.51822233, 0.51799285, 0.5160256, 0.51800305, 0.517835, 0.51717603, 0.5164197, 0.5207339, 0.51625735, 0.5200059, 0.51956254, 0.5201932, 0.51239115, 0.5187883, 0.5132018, 0.5136092, 0.51788247]
[0.5037398, 0.5026185, 0.50237286, 0.50442463, 0.50516146, 0.5054254, 0.5041726, 0.5023993, 0.5017944, 0.5029508, 0.50509846, 0.5038156, 0.50313103, 0.50387293, 0.50353473, 0.50459415, 0.5022487, 0.50207347, 0.5031062, 0.503759, 0.50376165, 0.5030408, 0.50427014, 0.5027906, 0.50274605, 0.50413215, 0.5031538, 0.5034784, 0.501846, 0.505809, 0.5026991, 0.5036956, 0.50319487, 0.5033639, 0.50221705, 0.50641435, 0.5076676, 0.5067767, 0.5074525, 0.5034534, 0.50191355, 0.5030895, 0.5037766, 0.50414085, 0.50209117, 0.5035251, 0.50373375, 0.50299954, 0.5030872, 0.50276726, 0.5047175, 0.5046782, 0.5050069, 0.50389713, 0.5045523, 0.504775, 0.50338966, 0.50300086, 0.5024736, 0.50262654, 0.5039306, 0.50240254, 0.5035683, 0.5045069, 0.5049575, 0.5037323, 0.5025375, 0.5027364, 0.50200295, 0.5044051, 0.5035603, 0.5032046, 0.50223345, 0.5020934, 0.5032935, 0.50271875, 0.50206053, 0.5029412, 0.5031334, 0.5036691, 0.5042108, 0.5031984, 0.5042216, 0.50309396, 0.50236857, 0.50238377, 0.50471485, 0.503492, 0.5035131, 0.50432736, 0.5019537, 0.50623035, 0.5023364, 0.5032282, 0.50433594, 0.5052569, 0.5059999, 0.5034379, 0.5031796, 0.50365776, 0.5032874, 0.5037115, 0.5053305, 0.5062765, 0.50584704, 0.50552285, 0.50616914, 0.50553876, 0.50702035, 0.50641227, 0.5059173, 0.5063405, 0.505257, 0.5050075, 0.5050621, 0.5065763, 0.5064257, 0.5064338, 0.5057181, 0.50554645, 0.5056667, 0.5055673, 0.5050566, 0.50468224, 0.5054504, 0.505883, 0.5056045, 0.50559705, 0.5057786, 0.5058174, 0.50530154, 0.50548935, 0.50610185, 0.5060002, 0.5056653, 0.50608087, 0.50616235, 0.5063583, 0.5056227, 0.505649, 0.50611323, 0.50619996, 0.5064536, 0.5058961, 0.50605094, 0.50656605, 0.506049, 0.50596845, 0.50598323, 0.5066903, 0.5046549, 0.5060751, 0.5057914, 0.5063702, 0.50624806, 0.50553495, 0.5051888, 0.5070907, 0.5062245, 0.5057767, 0.50555885, 0.5045245, 0.5043671, 0.50525224, 0.5053956, 0.50522524, 0.50649863, 0.50594056, 0.5056082, 0.5055524, 0.50558037, 0.5061234, 0.505808, 0.50562674, 0.506262, 0.50601816, 0.50605917, 0.5063691, 0.506188, 0.5059108, 0.5062836, 0.50594455, 0.5057907, 0.5059999, 0.50583166, 0.50653505, 0.5060649, 0.5058022, 0.50613046, 0.50589776, 0.5058652, 0.5056147, 0.5059885, 0.5056806, 0.5057611, 0.50535655, 0.5064092, 0.50601774, 0.50568193, 0.5055855, 0.5062368, 0.5063242, 0.506444, 0.50597364, 0.50609195, 0.5058697, 0.5055226, 0.5054272, 0.50592196, 0.506013, 0.50663096, 0.5064028, 0.50639653, 0.50634146, 0.50551087, 0.50583726, 0.5063768, 0.50587624, 0.50624835, 0.5065006, 0.506176, 0.50609195, 0.5059388, 0.50615156, 0.5064858, 0.5064671, 0.50603926, 0.50556326, 0.50494653, 0.50653267, 0.50639313, 0.505477, 0.5057706, 0.5059705, 0.5055175, 0.5057656, 0.5063, 0.5064747, 0.50539863, 0.5063084, 0.5063469, 0.50617766, 0.50598896, 0.5060804, 0.50527006, 0.5064519, 0.50554514, 0.50580406, 0.5063322, 0.5064078, 0.50513816, 0.50652057, 0.5055211, 0.5054733, 0.50535136, 0.5053171, 0.5060853, 0.5063258, 0.50647014, 0.50658894, 0.5053298, 0.50621814, 0.50609976, 0.5056686, 0.50616044, 0.50610304, 0.5060658, 0.50564206, 0.5057924, 0.5062313, 0.5051127, 0.50611466, 0.5054892, 0.5062645, 0.50631285, 0.5061151, 0.5065414, 0.50622755, 0.50569713, 0.50588816, 0.5065012, 0.5064993, 0.5057325, 0.5063745, 0.5065396, 0.506332, 0.50647223, 0.5062576, 0.5064476, 0.5063446, 0.5060568, 0.5061214, 0.5058547, 0.50627977, 0.50638974, 0.5056285, 0.50577116, 0.5067162, 0.50618726, 0.5064679, 0.50633043, 0.5063804, 0.50528044, 0.50640863, 0.5051208, 0.505105, 0.50602174]
[0.50676316, 0.5015304, 0.50246006, 0.507397, 0.4999236, 0.50000286, 0.5070297, 0.50415623, 0.5041151, 0.50746346, 0.49955872, 0.5012347, 0.49988148, 0.50671387, 0.5059308, 0.5084861, 0.50287074, 0.5008272, 0.50443697, 0.5058138, 0.50626886, 0.50272954, 0.50056237, 0.5035552, 0.5046419, 0.5061267, 0.5050449, 0.5040597, 0.49974525, 0.5120626, 0.50456035, 0.49951112, 0.49988475, 0.5064431, 0.5026498, 0.50027966, 0.5006321, 0.5001616, 0.5014245, 0.5008955, 0.5024297, 0.5039947, 0.50715506, 0.5076203, 0.5017067, 0.49986926, 0.49952278, 0.50426424, 0.50447303, 0.49959335, 0.49971595, 0.50032085, 0.5004151, 0.50736624, 0.50812596, 0.508848, 0.50572294, 0.5037199, 0.502799, 0.50374895, 0.50651574, 0.5020331, 0.5059207, 0.5080483, 0.5109337, 0.5063855, 0.5028865, 0.50309736, 0.501394, 0.50685894, 0.5050654, 0.5057551, 0.50156283, 0.5011632, 0.5043988, 0.50387794, 0.500556, 0.5041717, 0.5050236, 0.50679064, 0.5081316, 0.50567466, 0.507639, 0.5039661, 0.5030747, 0.5013073, 0.50835466, 0.5043298, 0.50543076, 0.5084548, 0.50089437, 0.5018913, 0.5011918, 0.50546134, 0.50073045, 0.5016669, 0.5020749, 0.50577605, 0.5051356, 0.5058356, 0.50657135, 0.5073919, 0.51086354, 0.5139459, 0.5123997, 0.51121527, 0.5138156, 0.51115763, 0.5162266, 0.51396745, 0.5130931, 0.51442987, 0.51040196, 0.5090754, 0.50952333, 0.514697, 0.5139471, 0.5148917, 0.5110679, 0.5123153, 0.5122147, 0.51185954, 0.51007235, 0.5086352, 0.5115012, 0.51242787, 0.511694, 0.51184815, 0.51216835, 0.51259714, 0.51122475, 0.5110964, 0.5127801, 0.5124275, 0.5115022, 0.5132459, 0.51368624, 0.5139418, 0.511894, 0.51212364, 0.51331097, 0.51356477, 0.5147365, 0.5128538, 0.51319265, 0.5146598, 0.51201606, 0.51226336, 0.5124475, 0.51532245, 0.5085827, 0.51330763, 0.51152956, 0.51419365, 0.5132167, 0.5109713, 0.5103643, 0.51658434, 0.51345664, 0.5127693, 0.5116301, 0.50755197, 0.5079165, 0.51059663, 0.5111964, 0.5108539, 0.5143705, 0.5125556, 0.51128376, 0.5107999, 0.511098, 0.5131742, 0.5124779, 0.5121934, 0.5139052, 0.51226395, 0.5124342, 0.51493984, 0.51397604, 0.5133171, 0.5148441, 0.51313394, 0.5124209, 0.5130954, 0.5122572, 0.5149331, 0.51334715, 0.5128315, 0.5139443, 0.5128655, 0.5127517, 0.5120574, 0.51349044, 0.5129497, 0.5117967, 0.51016665, 0.51470274, 0.5136534, 0.5117177, 0.5107347, 0.5135395, 0.5138592, 0.5147362, 0.51274794, 0.5131712, 0.51246464, 0.51235586, 0.511696, 0.5131656, 0.5136573, 0.5155739, 0.51358026, 0.5135985, 0.51391035, 0.51259613, 0.51205564, 0.51360506, 0.5126078, 0.51399547, 0.51454896, 0.5136885, 0.5133755, 0.51223826, 0.5138594, 0.51462644, 0.5139365, 0.5133689, 0.5127762, 0.509187, 0.5150084, 0.5142261, 0.5111937, 0.5118728, 0.51221764, 0.51148516, 0.51213187, 0.5139008, 0.51447314, 0.5111408, 0.51428866, 0.51434606, 0.5134176, 0.5126392, 0.51278263, 0.51116925, 0.5148122, 0.5117873, 0.511812, 0.5141171, 0.5142852, 0.509906, 0.5148482, 0.5113456, 0.511326, 0.5105381, 0.51093173, 0.5136482, 0.5144508, 0.5148653, 0.5151269, 0.510723, 0.5137128, 0.51334167, 0.5113118, 0.51397765, 0.5128097, 0.5134009, 0.5119675, 0.512304, 0.51380044, 0.5094997, 0.5132513, 0.5118893, 0.51412535, 0.5142977, 0.51361173, 0.5153101, 0.5134237, 0.5112726, 0.5128023, 0.5147727, 0.5143281, 0.5115777, 0.51462626, 0.5138019, 0.5132934, 0.5139356, 0.51340675, 0.51467687, 0.5143874, 0.5124628, 0.5124854, 0.5124333, 0.5136908, 0.5140516, 0.51215535, 0.5121614, 0.5149004, 0.5118314, 0.5142093, 0.51396805, 0.51498383, 0.5097964, 0.5139896, 0.50988275, 0.5106885, 0.5129853]
[0.5072336, 0.50134176, 0.502584, 0.5064157, 0.50042, 0.500389, 0.50819033, 0.50460047, 0.50463474, 0.50858647, 0.5002246, 0.50114864, 0.50026083, 0.50760734, 0.50678897, 0.5090459, 0.5020277, 0.5005397, 0.5046609, 0.5077373, 0.50814337, 0.5033509, 0.5005266, 0.5058225, 0.50686055, 0.5076631, 0.5048437, 0.50454944, 0.49998897, 0.51185465, 0.5050492, 0.5003139, 0.50102586, 0.50540507, 0.5018645, 0.5009901, 0.5011733, 0.5004382, 0.50101405, 0.5007082, 0.50176364, 0.50430185, 0.5078822, 0.5085859, 0.50217354, 0.49994242, 0.5005952, 0.50460917, 0.50374115, 0.4999323, 0.50046325, 0.5005794, 0.50130004, 0.5080343, 0.5090749, 0.50941706, 0.50622517, 0.5044608, 0.50298077, 0.5041525, 0.5074943, 0.5029022, 0.50684464, 0.5082084, 0.510817, 0.5077574, 0.5030077, 0.50260645, 0.50228167, 0.5087048, 0.50458586, 0.50616145, 0.5019219, 0.5017752, 0.50412506, 0.50545645, 0.50002956, 0.5046202, 0.50446844, 0.5076242, 0.50911754, 0.5068388, 0.5090336, 0.5055322, 0.50190175, 0.5007289, 0.5096814, 0.5037369, 0.5057879, 0.50906426, 0.5011302, 0.5013127, 0.50132793, 0.5058575, 0.5009271, 0.50141007, 0.50159687, 0.5061732, 0.50503194, 0.5067273, 0.5074001, 0.5080834, 0.51148844, 0.51318496, 0.512653, 0.5117183, 0.5141384, 0.5111674, 0.5158601, 0.51427215, 0.5136251, 0.5150358, 0.51120204, 0.50990593, 0.51038563, 0.51449203, 0.51378626, 0.5144514, 0.51086015, 0.5122898, 0.5118533, 0.51162225, 0.5102148, 0.50903475, 0.5111702, 0.5121076, 0.5118313, 0.5117328, 0.5125698, 0.51338166, 0.51191354, 0.5108521, 0.5127026, 0.5124136, 0.5121124, 0.513922, 0.51378995, 0.5137203, 0.51205206, 0.5128038, 0.5135621, 0.5135552, 0.51448613, 0.51297563, 0.5135289, 0.5144326, 0.5130434, 0.51297235, 0.51243293, 0.51523423, 0.5090379, 0.5134936, 0.5121589, 0.51437855, 0.51306987, 0.5109707, 0.51059395, 0.51624316, 0.5138851, 0.5128144, 0.5119005, 0.507877, 0.50786835, 0.5110901, 0.5113906, 0.51104194, 0.51404464, 0.5126374, 0.51169163, 0.5113699, 0.51139677, 0.51293814, 0.51307803, 0.512547, 0.5147086, 0.51293325, 0.5131956, 0.51501346, 0.5137899, 0.51354235, 0.51398325, 0.5126891, 0.5120081, 0.5135228, 0.5126355, 0.5149261, 0.51324767, 0.5130227, 0.51456165, 0.5128534, 0.5128071, 0.5117476, 0.5136743, 0.5131063, 0.51213187, 0.51110315, 0.51476693, 0.5136312, 0.5116453, 0.5111587, 0.5140958, 0.5143389, 0.5150417, 0.5133502, 0.5133154, 0.5124732, 0.5120764, 0.5119626, 0.5134239, 0.5136733, 0.51565164, 0.51388514, 0.5138199, 0.5136239, 0.5126933, 0.5120359, 0.51382995, 0.5127751, 0.515198, 0.5147053, 0.5143199, 0.51339424, 0.51269364, 0.51413345, 0.514746, 0.51404595, 0.51354176, 0.51324296, 0.5109555, 0.5148742, 0.51425076, 0.51102245, 0.5123802, 0.51256186, 0.51188105, 0.51215416, 0.5144239, 0.51479834, 0.5112357, 0.513948, 0.5135662, 0.51318294, 0.51246977, 0.5128743, 0.5117825, 0.5152143, 0.5124858, 0.51247567, 0.5148162, 0.51473707, 0.5108645, 0.514327, 0.5113095, 0.51105744, 0.5104775, 0.5106941, 0.5137406, 0.5143892, 0.5143316, 0.51494396, 0.5113386, 0.5140604, 0.51391935, 0.5114152, 0.5138792, 0.5132248, 0.51322746, 0.51266694, 0.51210696, 0.5140689, 0.51045156, 0.5131604, 0.51264656, 0.5142703, 0.5144353, 0.5137001, 0.5151681, 0.5130649, 0.51179934, 0.51287603, 0.51469314, 0.51468414, 0.5119416, 0.51459014, 0.51448166, 0.5137537, 0.51413006, 0.51363814, 0.51364243, 0.51452583, 0.5126605, 0.51254797, 0.5124476, 0.51348317, 0.5136823, 0.5129659, 0.5129695, 0.514531, 0.5119398, 0.5145947, 0.5144204, 0.5149852, 0.5103012, 0.51379013, 0.51100725, 0.5111286, 0.5132599]
[0.50557894, 0.50005645, 0.5011703, 0.5067489, 0.5024402, 0.5021363, 0.50568014, 0.5007857, 0.4999168, 0.503794, 0.50146776, 0.50050914, 0.5015018, 0.5046094, 0.5038, 0.5077671, 0.5001078, 0.50115347, 0.5026036, 0.5042296, 0.50483376, 0.5008709, 0.5020713, 0.50112915, 0.50262976, 0.50563276, 0.5028572, 0.5035219, 0.5011538, 0.5103733, 0.5008147, 0.5012233, 0.5017331, 0.50427526, 0.50075465, 0.5030685, 0.5033439, 0.5025318, 0.5034543, 0.50163335, 0.49999416, 0.5023982, 0.50481415, 0.50632656, 0.5000922, 0.5017808, 0.50243455, 0.50173146, 0.5021412, 0.5010163, 0.50165176, 0.50156015, 0.5008812, 0.50583065, 0.5079122, 0.5078195, 0.5028921, 0.5027684, 0.5001813, 0.50149155, 0.505588, 0.5004511, 0.50453323, 0.5072436, 0.5095894, 0.5058657, 0.50137955, 0.5012971, 0.49998957, 0.5066234, 0.5026118, 0.5040784, 0.49984568, 0.5000814, 0.5022172, 0.50245386, 0.5006352, 0.5028049, 0.50305, 0.5055884, 0.5075289, 0.50349855, 0.50686765, 0.50323874, 0.49982637, 0.50082535, 0.50802547, 0.5035181, 0.5047763, 0.50713634, 0.5004518, 0.5029151, 0.50018173, 0.5031685, 0.50186694, 0.50327086, 0.50347394, 0.5038198, 0.5026187, 0.5041443, 0.5035767, 0.504912, 0.5100856, 0.5117328, 0.51077336, 0.50989074, 0.51238054, 0.5093056, 0.5139257, 0.5125985, 0.51159763, 0.5130337, 0.50912184, 0.5086282, 0.5088426, 0.51298964, 0.5121334, 0.5126984, 0.5101679, 0.5101029, 0.50992775, 0.5100299, 0.5090463, 0.50776774, 0.51033205, 0.51108456, 0.510363, 0.5101875, 0.511149, 0.51148856, 0.51007235, 0.509723, 0.51190984, 0.51104075, 0.5107283, 0.5119162, 0.51195675, 0.5125281, 0.51092553, 0.51082987, 0.5114638, 0.51211834, 0.51296425, 0.51148766, 0.51211995, 0.51287645, 0.51161706, 0.5114506, 0.51081014, 0.5133596, 0.50761425, 0.5123909, 0.51118696, 0.5126248, 0.5114606, 0.50960535, 0.5089287, 0.51461715, 0.5121586, 0.5110561, 0.50962067, 0.5065677, 0.5068552, 0.50928354, 0.5101987, 0.5094505, 0.5129751, 0.51130277, 0.5104675, 0.5100573, 0.51011914, 0.51198786, 0.510845, 0.5108522, 0.51259667, 0.5111443, 0.5117625, 0.51316774, 0.5120483, 0.51216817, 0.51204497, 0.51166654, 0.5110386, 0.5114403, 0.5109607, 0.51274395, 0.51145136, 0.5114401, 0.5122838, 0.5112639, 0.5112819, 0.5106288, 0.5119757, 0.51123244, 0.5105701, 0.50899965, 0.51252186, 0.5119255, 0.51049846, 0.5098256, 0.51246446, 0.5124145, 0.51255333, 0.51191974, 0.5117162, 0.5112032, 0.5103902, 0.51007974, 0.5115406, 0.51187015, 0.5134745, 0.5121606, 0.51209706, 0.5125109, 0.51040787, 0.5105238, 0.51207143, 0.51119906, 0.5127132, 0.5126689, 0.51212394, 0.51188815, 0.51109475, 0.51201785, 0.51315874, 0.51260465, 0.5118901, 0.51108754, 0.50875664, 0.5127834, 0.51227355, 0.5099318, 0.5107936, 0.511049, 0.51033086, 0.5109655, 0.5124838, 0.51292217, 0.5092839, 0.51254636, 0.5125049, 0.5119417, 0.5114778, 0.5116278, 0.50946516, 0.51311064, 0.51050997, 0.5104711, 0.51240474, 0.5125732, 0.50895876, 0.51259583, 0.51028067, 0.510176, 0.50926775, 0.50968474, 0.51188135, 0.5126254, 0.5126581, 0.51301575, 0.5099416, 0.5124534, 0.5118516, 0.5106376, 0.51242393, 0.51152647, 0.5120223, 0.51046133, 0.51065665, 0.5126362, 0.50926036, 0.511697, 0.51034606, 0.5120861, 0.5124133, 0.51185536, 0.5134988, 0.5119517, 0.51028067, 0.51110315, 0.5128538, 0.51242983, 0.510492, 0.51245123, 0.51268864, 0.51186186, 0.5126831, 0.51200086, 0.5125102, 0.5125561, 0.51188827, 0.51169986, 0.5109273, 0.5116701, 0.5119103, 0.51079464, 0.51087594, 0.5134753, 0.51110125, 0.5129545, 0.5125281, 0.51279265, 0.50896186, 0.5122732, 0.5088504, 0.5094307, 0.5113377]
[0.5062008, 0.5014657, 0.5010504, 0.5089648, 0.5032625, 0.5033751, 0.50688803, 0.50133187, 0.50041634, 0.50620246, 0.5027926, 0.50182766, 0.50297374, 0.5063748, 0.50534326, 0.50900203, 0.500902, 0.5023297, 0.50219715, 0.5063268, 0.5072461, 0.50150925, 0.50398517, 0.50270677, 0.50355613, 0.506989, 0.50308985, 0.50147915, 0.50286347, 0.5130723, 0.502028, 0.50239724, 0.50344473, 0.5052194, 0.5012818, 0.50359046, 0.5043861, 0.5039434, 0.504202, 0.5027016, 0.5013031, 0.50172406, 0.507746, 0.50756276, 0.5005155, 0.5030447, 0.5035291, 0.503141, 0.50158256, 0.5031783, 0.5037397, 0.5030431, 0.5023074, 0.50748724, 0.50935185, 0.50939, 0.5044057, 0.50330603, 0.50090194, 0.50178605, 0.50688225, 0.5012503, 0.50490785, 0.5090503, 0.5113325, 0.5058807, 0.50156605, 0.5016918, 0.5016991, 0.5071004, 0.5027169, 0.5034152, 0.50159585, 0.5015646, 0.50181884, 0.5022888, 0.5025664, 0.5030279, 0.5026975, 0.50685793, 0.5089761, 0.5055037, 0.5071461, 0.5034583, 0.500711, 0.5019301, 0.50962806, 0.5033094, 0.5046869, 0.509539, 0.5027867, 0.5048264, 0.5015194, 0.50322133, 0.50383425, 0.50489974, 0.5047599, 0.50463635, 0.50324756, 0.5044453, 0.50615686, 0.5072537, 0.5116283, 0.51448846, 0.5133456, 0.5122225, 0.51454693, 0.5118811, 0.5168144, 0.51515543, 0.5136965, 0.5149581, 0.51125485, 0.5100558, 0.51048994, 0.5157962, 0.51460886, 0.5152624, 0.512068, 0.5125895, 0.5121244, 0.5123858, 0.5105375, 0.5098881, 0.512392, 0.5133351, 0.51271915, 0.5127849, 0.5128863, 0.51385534, 0.5115351, 0.5118863, 0.51365155, 0.5134211, 0.5119306, 0.5140536, 0.5142087, 0.5145663, 0.5124858, 0.5128029, 0.5140092, 0.5145336, 0.5153429, 0.5134183, 0.5137009, 0.5151315, 0.51301277, 0.5129707, 0.51353383, 0.5159154, 0.50981945, 0.5139976, 0.512461, 0.5148211, 0.51426667, 0.512128, 0.51089793, 0.51719236, 0.5145771, 0.51320344, 0.51243937, 0.50817627, 0.50825506, 0.5118202, 0.5122098, 0.5114429, 0.51534396, 0.51344883, 0.5125481, 0.5118162, 0.51204705, 0.5135963, 0.512833, 0.5128469, 0.5145079, 0.51332355, 0.5135748, 0.51539654, 0.51428235, 0.51370335, 0.51524985, 0.51377934, 0.5129768, 0.513569, 0.5130566, 0.5154143, 0.51372564, 0.5133225, 0.5142642, 0.51300454, 0.51301193, 0.5124912, 0.51401, 0.513216, 0.51270956, 0.51109743, 0.5151365, 0.5145152, 0.5129464, 0.5119858, 0.5145337, 0.5147378, 0.5153685, 0.5138587, 0.51383555, 0.51274914, 0.51231307, 0.51208025, 0.51370376, 0.51394963, 0.5161005, 0.51431954, 0.5142802, 0.514623, 0.5126611, 0.512441, 0.51447153, 0.5133825, 0.5153292, 0.5153507, 0.5143471, 0.51433504, 0.51368153, 0.5139294, 0.51536, 0.5147451, 0.51420194, 0.5133086, 0.51002294, 0.51578695, 0.5153126, 0.51201284, 0.51272374, 0.513277, 0.5125486, 0.51297826, 0.51471794, 0.5151402, 0.51211464, 0.5147986, 0.5147695, 0.5143514, 0.5136675, 0.51336753, 0.51164496, 0.5154647, 0.5125728, 0.51292056, 0.51471925, 0.51448435, 0.51101255, 0.51527077, 0.51216024, 0.5119743, 0.5114228, 0.51169586, 0.514107, 0.5149024, 0.51509804, 0.5157687, 0.511452, 0.51448023, 0.51460195, 0.51216125, 0.51429087, 0.51419884, 0.51415396, 0.5132291, 0.5127033, 0.5147032, 0.5105136, 0.514155, 0.51237994, 0.5147341, 0.51490945, 0.51381946, 0.5155921, 0.5141524, 0.5123046, 0.5132958, 0.5153756, 0.51490647, 0.51254857, 0.51497823, 0.51522523, 0.51447827, 0.5146761, 0.514301, 0.5152063, 0.514811, 0.5133027, 0.5132479, 0.5131782, 0.5144392, 0.514676, 0.5131111, 0.5134066, 0.5154481, 0.5132332, 0.5147708, 0.5144789, 0.515097, 0.51030225, 0.5147304, 0.5105216, 0.5112416, 0.51365334]
[0.5070394, 0.5007371, 0.50155324, 0.5097091, 0.5009943, 0.5009243, 0.5093558, 0.5039239, 0.50447893, 0.5107804, 0.49994242, 0.49926376, 0.5001618, 0.5081633, 0.5077556, 0.5116392, 0.5012404, 0.49959412, 0.50502694, 0.50612634, 0.50616854, 0.5022637, 0.50020385, 0.5050824, 0.50523394, 0.5085674, 0.5050695, 0.50475955, 0.49988696, 0.5167859, 0.50382155, 0.49977836, 0.50027823, 0.50819695, 0.50346917, 0.5005389, 0.5010243, 0.5002024, 0.50089073, 0.49986485, 0.50030625, 0.50451344, 0.50813943, 0.51062083, 0.5008427, 0.4995787, 0.49993467, 0.50305396, 0.5051769, 0.5000116, 0.5003897, 0.49939996, 0.49933147, 0.50993496, 0.5116685, 0.51241106, 0.5070691, 0.5032847, 0.50106823, 0.50383824, 0.5094462, 0.5011529, 0.5086773, 0.50978225, 0.5159666, 0.5087051, 0.50256467, 0.5009877, 0.49981588, 0.50989884, 0.5048483, 0.50630474, 0.49999994, 0.49911347, 0.5033205, 0.50648165, 0.49936184, 0.5036863, 0.5041063, 0.5087182, 0.51164615, 0.5067514, 0.51142436, 0.50334597, 0.5021833, 0.49956965, 0.5120477, 0.5047851, 0.5069847, 0.51147246, 0.5013225, 0.50109315, 0.4991651, 0.50527865, 0.5010791, 0.50119936, 0.501401, 0.5074832, 0.5064729, 0.507592, 0.5075248, 0.5087787, 0.5160376, 0.5196115, 0.5179194, 0.51609075, 0.52031314, 0.5157613, 0.52400696, 0.5213085, 0.51984715, 0.52236414, 0.5149632, 0.51349103, 0.51417005, 0.5218733, 0.5210116, 0.5220897, 0.5151454, 0.5180757, 0.5177667, 0.5163466, 0.5136679, 0.51231915, 0.5163742, 0.51800025, 0.5173042, 0.51690024, 0.51829106, 0.51945645, 0.5175084, 0.5154796, 0.5187752, 0.5178509, 0.5170446, 0.5209282, 0.5203708, 0.5207541, 0.51714784, 0.5181693, 0.5206983, 0.51997614, 0.52192557, 0.51947576, 0.5195665, 0.5221884, 0.5192268, 0.5189594, 0.51762605, 0.5227111, 0.5106965, 0.5204512, 0.51781356, 0.5215322, 0.51962125, 0.51505303, 0.5145593, 0.5252344, 0.52055264, 0.5182853, 0.516649, 0.5108076, 0.5109153, 0.51575994, 0.5162105, 0.5156804, 0.5213498, 0.5185192, 0.516893, 0.5158403, 0.51632136, 0.51948243, 0.5186543, 0.51781946, 0.522276, 0.5184981, 0.51902777, 0.5231129, 0.5206365, 0.5200021, 0.5213376, 0.5192401, 0.5180235, 0.5196262, 0.5180117, 0.52284503, 0.51995856, 0.5194986, 0.5215065, 0.5191315, 0.51901925, 0.5167676, 0.52073467, 0.51929015, 0.51720494, 0.5147444, 0.5217804, 0.5206565, 0.5169843, 0.5155108, 0.5202238, 0.5215076, 0.5220882, 0.51817787, 0.5198743, 0.5184623, 0.5176147, 0.5174641, 0.51977473, 0.52061975, 0.52378297, 0.51970595, 0.51996857, 0.5196085, 0.51850116, 0.51739764, 0.5201336, 0.51822674, 0.5220476, 0.52241176, 0.52086157, 0.5197977, 0.5180072, 0.52063805, 0.5225879, 0.52050096, 0.52002984, 0.51929927, 0.5136975, 0.52192897, 0.52075386, 0.5161895, 0.5173752, 0.51737654, 0.5164813, 0.5177649, 0.52110255, 0.5220756, 0.5164738, 0.5209531, 0.5209681, 0.5197695, 0.51811385, 0.51796496, 0.516319, 0.52290726, 0.5182107, 0.5169413, 0.5219816, 0.521892, 0.51509863, 0.52163994, 0.51656073, 0.51555544, 0.5146607, 0.5148506, 0.52025926, 0.5215229, 0.5223435, 0.5228636, 0.5157895, 0.52015024, 0.52027327, 0.5163379, 0.5210098, 0.51871854, 0.5195473, 0.517777, 0.51768005, 0.5209736, 0.51450735, 0.5200909, 0.5181988, 0.5212313, 0.5214575, 0.52093124, 0.52319676, 0.51934296, 0.51671743, 0.5191594, 0.52212346, 0.5220744, 0.51762277, 0.52162564, 0.5210361, 0.5199872, 0.5208609, 0.51998645, 0.5205358, 0.52180076, 0.51820916, 0.5180981, 0.51786184, 0.52008724, 0.51972365, 0.51855, 0.5182026, 0.52188, 0.51658857, 0.52191985, 0.5210417, 0.5219722, 0.5138893, 0.519993, 0.5147999, 0.5155955, 0.5198868]
[0.5065716, 0.50177723, 0.5022377, 0.50732857, 0.50292194, 0.502752, 0.507222, 0.50362927, 0.5030096, 0.507138, 0.5019656, 0.5009833, 0.50109327, 0.5063254, 0.50534105, 0.5087126, 0.50207055, 0.5004649, 0.5057288, 0.5049716, 0.5055536, 0.50283647, 0.5022116, 0.50350344, 0.5042765, 0.50689626, 0.504493, 0.5053906, 0.50090617, 0.5110248, 0.50364596, 0.5011697, 0.50138354, 0.505858, 0.50250685, 0.5040611, 0.504031, 0.5028641, 0.5049339, 0.50055677, 0.5011221, 0.5042632, 0.50616497, 0.508027, 0.50274473, 0.50059134, 0.5013619, 0.5030455, 0.50498474, 0.50042045, 0.50232023, 0.5010757, 0.50085604, 0.5074308, 0.5085235, 0.50873566, 0.50498897, 0.50348854, 0.5021521, 0.5036697, 0.5069434, 0.5019927, 0.50629395, 0.50786173, 0.51030135, 0.50706005, 0.50270134, 0.50283706, 0.501394, 0.5078414, 0.50565565, 0.5063231, 0.50140834, 0.5012247, 0.50408113, 0.5050089, 0.5006502, 0.50361973, 0.504283, 0.5072337, 0.5086072, 0.5059369, 0.50809973, 0.50387025, 0.50175875, 0.50041336, 0.50840145, 0.50496405, 0.50540966, 0.50801945, 0.50194865, 0.5041057, 0.5011421, 0.50536287, 0.5023606, 0.5036436, 0.50395775, 0.50614053, 0.5053158, 0.5063151, 0.5056647, 0.5066316, 0.5105239, 0.5123772, 0.5114018, 0.51045954, 0.51281786, 0.5103486, 0.51440877, 0.51306957, 0.51206565, 0.5136142, 0.51012063, 0.5093055, 0.5094952, 0.51359624, 0.51258403, 0.51322806, 0.51051146, 0.5113152, 0.51136315, 0.5107664, 0.50978976, 0.5086058, 0.51094514, 0.5115925, 0.51115346, 0.5106214, 0.5118258, 0.51190877, 0.5108882, 0.5105077, 0.5120981, 0.51154834, 0.51100326, 0.5128133, 0.5125546, 0.5127681, 0.5111487, 0.51187164, 0.51246643, 0.51238805, 0.5134233, 0.5121986, 0.5123665, 0.51346046, 0.5125251, 0.5123971, 0.51147896, 0.5137032, 0.5082656, 0.5128226, 0.5116343, 0.51310956, 0.51205385, 0.5101825, 0.5099993, 0.51500326, 0.51253825, 0.5118272, 0.510502, 0.5077095, 0.5079661, 0.50995934, 0.51048464, 0.5102271, 0.51331306, 0.5118534, 0.5110216, 0.51048803, 0.5106432, 0.51280797, 0.51181567, 0.5114496, 0.51347816, 0.51163703, 0.5121797, 0.5135811, 0.5130603, 0.51258016, 0.51292086, 0.51224506, 0.51162505, 0.5123144, 0.5114198, 0.51366013, 0.5123203, 0.51200795, 0.5130365, 0.51201123, 0.51199245, 0.5112856, 0.5124081, 0.5121839, 0.5111889, 0.5100074, 0.51340353, 0.5127853, 0.51133513, 0.5105924, 0.51290554, 0.5129933, 0.51319826, 0.5120775, 0.5123283, 0.5120773, 0.51157063, 0.511155, 0.51233345, 0.5124727, 0.5142191, 0.5126397, 0.5125491, 0.5124951, 0.5113856, 0.51123875, 0.51280785, 0.51197356, 0.51327485, 0.513483, 0.5127351, 0.512621, 0.51154834, 0.512835, 0.51340693, 0.51293766, 0.51244056, 0.51200837, 0.5093492, 0.5135417, 0.51289934, 0.51066995, 0.5113284, 0.511578, 0.5109405, 0.5115378, 0.5130439, 0.51356196, 0.51028186, 0.51298785, 0.51305205, 0.51242375, 0.5116969, 0.5118143, 0.5105711, 0.5137277, 0.51138186, 0.51096106, 0.51301575, 0.51325905, 0.5098133, 0.5134009, 0.5106096, 0.5105191, 0.5100804, 0.5102383, 0.5125663, 0.5132837, 0.51340246, 0.51385605, 0.51058424, 0.5128691, 0.51270574, 0.5110799, 0.5128815, 0.5121014, 0.51238114, 0.51102483, 0.51127857, 0.5129273, 0.50979316, 0.51263237, 0.5113407, 0.5127631, 0.513008, 0.51273793, 0.51394403, 0.51256406, 0.51087713, 0.5117477, 0.513622, 0.513339, 0.5109683, 0.51306725, 0.5130361, 0.51225924, 0.51291615, 0.5122687, 0.5129205, 0.5133535, 0.51195955, 0.51214683, 0.5114127, 0.51265544, 0.5123648, 0.5116452, 0.51156884, 0.513919, 0.5112437, 0.5134157, 0.5130123, 0.51339525, 0.50969815, 0.51278657, 0.5097583, 0.51042145, 0.5121333]
[0.5069831, 0.5001407, 0.5014135, 0.50781256, 0.5021955, 0.50233835, 0.50892353, 0.50111216, 0.5011372, 0.50641423, 0.5020991, 0.5005181, 0.50077033, 0.50650173, 0.5059628, 0.50991297, 0.49998665, 0.4999572, 0.50426155, 0.50750756, 0.507615, 0.50208443, 0.50194275, 0.5025699, 0.5042946, 0.508302, 0.5039453, 0.5035767, 0.5004249, 0.5131224, 0.5019842, 0.5008635, 0.5023878, 0.50623035, 0.50080496, 0.5036498, 0.5040138, 0.50265765, 0.50388384, 0.5012641, 0.50066316, 0.5033201, 0.507748, 0.5089172, 0.50079346, 0.5014663, 0.5022248, 0.5026217, 0.5030406, 0.501047, 0.50213635, 0.5011546, 0.5006521, 0.50740504, 0.5096018, 0.5100531, 0.50523096, 0.5028904, 0.50075394, 0.501996, 0.50699663, 0.50055444, 0.507095, 0.50965446, 0.5114337, 0.5084776, 0.50184107, 0.5013128, 0.50010264, 0.50886875, 0.503368, 0.5063048, 0.50022024, 0.4997056, 0.5025718, 0.5050884, 0.5006913, 0.5038594, 0.50368124, 0.5083862, 0.5099498, 0.5058827, 0.51009846, 0.50463563, 0.4996023, 0.5008473, 0.51032966, 0.5049733, 0.50682396, 0.50936246, 0.49970895, 0.5029323, 0.5003019, 0.50460166, 0.50204194, 0.503252, 0.50365555, 0.506193, 0.50432193, 0.5069559, 0.50609374, 0.5074329, 0.5125652, 0.5145677, 0.5139574, 0.51295006, 0.51540786, 0.51172507, 0.51765037, 0.5159578, 0.5146335, 0.5169658, 0.51211345, 0.5110182, 0.51119846, 0.5160242, 0.51523817, 0.5158431, 0.51250774, 0.51275855, 0.5130679, 0.51260304, 0.51095015, 0.50930053, 0.51203877, 0.513498, 0.51282597, 0.5124157, 0.5140663, 0.5148764, 0.5133677, 0.51195806, 0.51436055, 0.51389045, 0.5132368, 0.5153024, 0.5149377, 0.51567954, 0.5132694, 0.5138906, 0.5148914, 0.5150319, 0.5162322, 0.51439637, 0.5148267, 0.51609707, 0.51495147, 0.51440823, 0.5137953, 0.51690114, 0.5092948, 0.5154955, 0.5139716, 0.5161406, 0.51446813, 0.51218826, 0.5115679, 0.5183483, 0.5154972, 0.51413405, 0.5125446, 0.508298, 0.5077142, 0.51207405, 0.5123521, 0.51187336, 0.51556003, 0.5139596, 0.5129212, 0.51218516, 0.5123123, 0.51500416, 0.5140204, 0.5135513, 0.5162548, 0.51437026, 0.51489997, 0.516566, 0.51549757, 0.5154385, 0.5153229, 0.5140825, 0.5132342, 0.51476765, 0.5136152, 0.51625997, 0.514444, 0.51422644, 0.5157733, 0.5140253, 0.5140176, 0.5132845, 0.5152573, 0.5145062, 0.5134165, 0.51213545, 0.51602536, 0.5150558, 0.51357466, 0.51274985, 0.5157734, 0.51592237, 0.5162591, 0.5147223, 0.5146381, 0.51400566, 0.51248163, 0.5124091, 0.51450956, 0.51498455, 0.5172567, 0.51595974, 0.5158174, 0.5152411, 0.51358217, 0.513362, 0.51566255, 0.51429236, 0.5169532, 0.516219, 0.51543903, 0.51453394, 0.5138216, 0.51521873, 0.5162551, 0.51557, 0.5146623, 0.5145132, 0.51159126, 0.5164509, 0.5158405, 0.51199204, 0.5137604, 0.51410615, 0.51270103, 0.5135405, 0.51595026, 0.51630765, 0.51213974, 0.5153837, 0.5152004, 0.5146631, 0.51395655, 0.5143982, 0.5122153, 0.51668566, 0.5133954, 0.5141324, 0.5165674, 0.516452, 0.51147306, 0.5161196, 0.5128605, 0.512559, 0.51170367, 0.51181746, 0.51549333, 0.515998, 0.51590115, 0.51641524, 0.5122933, 0.5156162, 0.51530117, 0.5129835, 0.5155178, 0.51465315, 0.51487863, 0.5138815, 0.51371473, 0.51543576, 0.5113989, 0.5144149, 0.51405233, 0.5158383, 0.51604146, 0.5156086, 0.517105, 0.5146082, 0.51337856, 0.5139628, 0.5161056, 0.51583964, 0.51313305, 0.5161136, 0.51647705, 0.515356, 0.5157999, 0.5151901, 0.5149214, 0.5160103, 0.51453304, 0.51457393, 0.5135904, 0.5147628, 0.51503336, 0.51412874, 0.5143279, 0.51619524, 0.51399684, 0.51615506, 0.5158648, 0.5164595, 0.5115405, 0.5154701, 0.5116534, 0.5120715, 0.5147149]
[0.5040457, 0.5018195, 0.50109094, 0.50601697, 0.50414395, 0.50378156, 0.50575656, 0.50161767, 0.50097376, 0.50439656, 0.5027999, 0.5011711, 0.50242484, 0.503378, 0.50185955, 0.5070767, 0.50105387, 0.5013135, 0.5042275, 0.50238544, 0.50183856, 0.5014452, 0.5021477, 0.5005601, 0.5006966, 0.5049599, 0.50183135, 0.50469434, 0.5011711, 0.50935334, 0.5007346, 0.50139064, 0.5013151, 0.503473, 0.500759, 0.50536376, 0.50531787, 0.5044858, 0.504391, 0.50067127, 0.5024465, 0.5036098, 0.5026125, 0.5067385, 0.50183356, 0.5006213, 0.5000499, 0.50168216, 0.5032305, 0.5016117, 0.5029022, 0.50271505, 0.5023747, 0.5050902, 0.5066817, 0.50701576, 0.5018038, 0.5013677, 0.5001485, 0.50103515, 0.50400645, 0.50034535, 0.5037535, 0.50565135, 0.5085338, 0.5047066, 0.50060743, 0.50057167, 0.5001628, 0.5060652, 0.5039227, 0.5044282, 0.5006005, 0.5003657, 0.50312394, 0.5024081, 0.5009009, 0.501138, 0.5017966, 0.5046244, 0.50652224, 0.502163, 0.5064509, 0.50101894, 0.5003638, 0.5016017, 0.5066857, 0.5039601, 0.50377786, 0.5055733, 0.5020384, 0.5042908, 0.5015971, 0.5033413, 0.5036131, 0.50460064, 0.5050593, 0.50403124, 0.5032375, 0.50444245, 0.5019806, 0.5019744, 0.50924796, 0.5114251, 0.50962543, 0.5087668, 0.51156354, 0.50846744, 0.51328546, 0.5119485, 0.5107808, 0.5127664, 0.50840795, 0.507996, 0.5080404, 0.51228166, 0.51174754, 0.5120477, 0.5093577, 0.50984603, 0.5098238, 0.50863296, 0.50833744, 0.5073972, 0.50964177, 0.5101058, 0.50933737, 0.50863063, 0.5104058, 0.51035905, 0.5095745, 0.509056, 0.51128674, 0.51021075, 0.5095418, 0.5116523, 0.51133037, 0.5117328, 0.5097439, 0.5104935, 0.51128, 0.51118374, 0.5119757, 0.5108723, 0.51070035, 0.5123422, 0.51158106, 0.5115009, 0.50981957, 0.5126097, 0.50583935, 0.51211995, 0.51110446, 0.51186717, 0.51053625, 0.5083336, 0.5083839, 0.5141604, 0.51143664, 0.5104353, 0.5087581, 0.5067578, 0.5067763, 0.5081416, 0.50912213, 0.5088199, 0.5123716, 0.5105607, 0.50947565, 0.50922084, 0.50924385, 0.5121427, 0.5103197, 0.50968426, 0.51217026, 0.5104617, 0.5111386, 0.51226676, 0.5116849, 0.51185703, 0.5115023, 0.51116526, 0.51047325, 0.5112971, 0.50982183, 0.5124844, 0.5110003, 0.51071244, 0.5121076, 0.51081884, 0.51090044, 0.50998986, 0.5112202, 0.51074076, 0.5098443, 0.5081367, 0.51227164, 0.5113533, 0.50982136, 0.50910354, 0.51146835, 0.5114145, 0.5115457, 0.51033074, 0.5113271, 0.51109815, 0.5098907, 0.5094246, 0.5112259, 0.5114253, 0.51318073, 0.51148045, 0.5113986, 0.5112397, 0.5097573, 0.5101286, 0.51147974, 0.5104736, 0.5118116, 0.51212835, 0.5122283, 0.51119256, 0.5099528, 0.51176244, 0.5125328, 0.5116687, 0.51114523, 0.5101853, 0.50786126, 0.51192665, 0.51158637, 0.5093607, 0.50983715, 0.51006025, 0.5089665, 0.5101958, 0.511619, 0.51242214, 0.50803334, 0.51215124, 0.5120681, 0.5114486, 0.5109021, 0.51083714, 0.50878316, 0.5122738, 0.50978965, 0.50915235, 0.511654, 0.51224965, 0.5085562, 0.51206964, 0.5093249, 0.5089676, 0.50867546, 0.5084434, 0.51103497, 0.5119429, 0.51251954, 0.512552, 0.5094732, 0.51143086, 0.51108766, 0.50984883, 0.5118586, 0.51052415, 0.5107796, 0.50889474, 0.5103391, 0.5123239, 0.5086064, 0.511286, 0.50935227, 0.51121104, 0.51135164, 0.51166373, 0.51287323, 0.51149106, 0.50952417, 0.51043576, 0.5127171, 0.5123739, 0.50972974, 0.51163405, 0.5114169, 0.5105937, 0.51205236, 0.5114145, 0.5120883, 0.51240784, 0.51103616, 0.5112608, 0.510143, 0.5109102, 0.5112106, 0.50990814, 0.50994533, 0.51307184, 0.5099105, 0.5126244, 0.51188916, 0.5120823, 0.50873244, 0.5116714, 0.5081975, 0.5087248, 0.5109183]
[0.50615245, 0.5015315, 0.5013857, 0.50795424, 0.5035023, 0.503724, 0.50689095, 0.5020334, 0.50088805, 0.50467694, 0.50272316, 0.50148463, 0.5023442, 0.5066493, 0.5056843, 0.5086678, 0.5017816, 0.5017292, 0.50411284, 0.5057556, 0.50593823, 0.50312185, 0.5032161, 0.50154424, 0.5026881, 0.50659394, 0.50461346, 0.5048881, 0.50167936, 0.5117819, 0.50208515, 0.50235164, 0.50269413, 0.50534165, 0.5018134, 0.5043921, 0.50548077, 0.50492626, 0.5049626, 0.50316286, 0.50127745, 0.50438195, 0.5064794, 0.5071161, 0.5015542, 0.5023962, 0.50279266, 0.50411093, 0.50261074, 0.5019295, 0.50238097, 0.50268745, 0.5028286, 0.5064295, 0.5081756, 0.5085682, 0.5031986, 0.50330913, 0.5021282, 0.50348914, 0.50722367, 0.502144, 0.50583744, 0.5080213, 0.51015115, 0.5059737, 0.50270545, 0.5031029, 0.5010024, 0.50760895, 0.5055506, 0.50392026, 0.50066805, 0.5009828, 0.5039163, 0.5022803, 0.5011372, 0.5038061, 0.5043959, 0.50563127, 0.50785524, 0.5037758, 0.5065503, 0.504204, 0.50218093, 0.5010221, 0.5090512, 0.50406045, 0.5047043, 0.5080223, 0.50145406, 0.50453687, 0.5019686, 0.5046413, 0.5029539, 0.5049941, 0.50528926, 0.5046839, 0.50338674, 0.50521636, 0.50460595, 0.505516, 0.51088023, 0.5131401, 0.51212174, 0.5109997, 0.5129302, 0.5102879, 0.51535594, 0.51392597, 0.512628, 0.51411116, 0.50991154, 0.5092472, 0.5097644, 0.51458144, 0.5134096, 0.5138081, 0.51085764, 0.5108053, 0.5113552, 0.5109345, 0.5099493, 0.509058, 0.51138014, 0.512391, 0.5115133, 0.51138854, 0.51200706, 0.5123164, 0.5103818, 0.51116115, 0.51323575, 0.5126369, 0.5116539, 0.5130529, 0.5132113, 0.51398593, 0.5116121, 0.511831, 0.5129531, 0.51330966, 0.5142231, 0.51268774, 0.51303226, 0.51421773, 0.5129806, 0.51323855, 0.5121169, 0.514307, 0.5082154, 0.5140899, 0.5128745, 0.51335764, 0.51304734, 0.51064414, 0.50987905, 0.5159259, 0.5130255, 0.51208764, 0.5109138, 0.5079833, 0.50826627, 0.51007766, 0.51122, 0.510365, 0.51409876, 0.5123418, 0.51136106, 0.5110646, 0.51097625, 0.5133903, 0.51202786, 0.5115995, 0.51326185, 0.51184344, 0.51317585, 0.51459134, 0.5135163, 0.51287097, 0.51292527, 0.51301765, 0.5120912, 0.51236653, 0.51229763, 0.5139984, 0.5126796, 0.5120788, 0.5136211, 0.5120707, 0.51193786, 0.51130265, 0.51299447, 0.5120776, 0.5115629, 0.5098218, 0.51407254, 0.51266235, 0.51101035, 0.51079375, 0.5133876, 0.51330125, 0.51350355, 0.512659, 0.51277304, 0.511858, 0.51115346, 0.5106775, 0.5125689, 0.5128307, 0.51463985, 0.5132531, 0.51315033, 0.5137153, 0.5113531, 0.51165444, 0.5134898, 0.5124963, 0.5136231, 0.51431376, 0.5132036, 0.5126356, 0.5122574, 0.513064, 0.5141658, 0.51360846, 0.51267153, 0.5120485, 0.50924164, 0.51383466, 0.5132733, 0.51174027, 0.51210934, 0.51200616, 0.5109171, 0.511692, 0.513493, 0.51374996, 0.51029164, 0.5141222, 0.51417357, 0.513715, 0.5130212, 0.5124277, 0.5106657, 0.5140654, 0.51116467, 0.51152974, 0.5133481, 0.5137822, 0.5102267, 0.5141713, 0.5110227, 0.51083684, 0.51005226, 0.51012236, 0.51293707, 0.5134733, 0.51388574, 0.514236, 0.5105901, 0.5137196, 0.51313126, 0.5114682, 0.51386124, 0.5124824, 0.5129418, 0.5109218, 0.5118506, 0.5138119, 0.50965554, 0.5132224, 0.51107055, 0.51326996, 0.5137831, 0.51297504, 0.5145279, 0.51306343, 0.5112549, 0.51240134, 0.51418555, 0.5136841, 0.5115786, 0.5136475, 0.51351774, 0.51286197, 0.5137828, 0.5133645, 0.51380146, 0.5138334, 0.51272357, 0.5129381, 0.5119398, 0.5132514, 0.5132849, 0.51180506, 0.5120188, 0.5150895, 0.5122485, 0.51432014, 0.51350194, 0.51373357, 0.51024, 0.5130542, 0.5096897, 0.50999695, 0.5126218]
[0.5087209, 0.50179213, 0.5043963, 0.5115199, 0.5000015, 0.50000584, 0.50995785, 0.5041312, 0.5030952, 0.50623727, 0.49960667, 0.50084263, 0.50005215, 0.50914335, 0.5084121, 0.512866, 0.5036035, 0.5022322, 0.5065037, 0.5079869, 0.509301, 0.50519377, 0.4996793, 0.5048772, 0.50482714, 0.50938845, 0.50651896, 0.50608546, 0.5006128, 0.5179626, 0.50458246, 0.50008625, 0.49952707, 0.50907576, 0.5055153, 0.50011104, 0.50069916, 0.5003474, 0.50084096, 0.499361, 0.50261116, 0.50544024, 0.5094764, 0.51099104, 0.50327456, 0.499484, 0.49974304, 0.5060006, 0.50468177, 0.49999797, 0.49979278, 0.50002086, 0.49942154, 0.5099855, 0.5116976, 0.5122473, 0.5071896, 0.5059755, 0.50253904, 0.5034742, 0.5087332, 0.50304186, 0.5078824, 0.51249206, 0.51513445, 0.509433, 0.50424784, 0.5031978, 0.50221646, 0.5092762, 0.5062424, 0.5067248, 0.5017814, 0.50091696, 0.50382894, 0.5050221, 0.5002687, 0.5057492, 0.5066536, 0.50929064, 0.5112454, 0.5070032, 0.51085925, 0.5059626, 0.5033829, 0.50046825, 0.5130219, 0.5060709, 0.507853, 0.5112471, 0.5015421, 0.50038886, 0.5009817, 0.50639737, 0.49955028, 0.500302, 0.5005476, 0.50787413, 0.5063074, 0.50822556, 0.5080196, 0.5089905, 0.5156566, 0.5197811, 0.5182448, 0.5173815, 0.52036166, 0.5163762, 0.5231205, 0.5207674, 0.5185236, 0.5212641, 0.515141, 0.5142051, 0.51376563, 0.521206, 0.51999503, 0.5206691, 0.5177585, 0.5172359, 0.5170872, 0.51727825, 0.51436216, 0.5127979, 0.516808, 0.51786155, 0.5167662, 0.51737064, 0.5182522, 0.51796675, 0.51607305, 0.51645845, 0.51909244, 0.5182146, 0.5170237, 0.51926, 0.5192819, 0.520479, 0.51709825, 0.5177988, 0.519449, 0.51977974, 0.52093077, 0.518379, 0.51911885, 0.5207202, 0.5183947, 0.5184682, 0.5189763, 0.52204955, 0.5127872, 0.51978904, 0.51819587, 0.52105725, 0.5195236, 0.51628, 0.5152596, 0.5238322, 0.5198085, 0.51858467, 0.5169148, 0.5112874, 0.51048625, 0.515439, 0.5163756, 0.51578075, 0.5208534, 0.5186647, 0.5169038, 0.5163913, 0.516656, 0.51954585, 0.5178605, 0.5173631, 0.5197323, 0.51827365, 0.5191468, 0.5212734, 0.5201841, 0.51911664, 0.52092993, 0.5189667, 0.5178839, 0.5191663, 0.51770496, 0.52129424, 0.5185442, 0.5185722, 0.51982415, 0.5180549, 0.5177717, 0.5174006, 0.5189391, 0.518466, 0.5179527, 0.5155699, 0.5212229, 0.51952237, 0.51761717, 0.5160188, 0.5201414, 0.51991695, 0.52089137, 0.5189933, 0.51950663, 0.5178599, 0.5168615, 0.51626503, 0.5184581, 0.5189736, 0.5222552, 0.52004683, 0.5203544, 0.51967776, 0.516759, 0.5173319, 0.5202165, 0.51845604, 0.52081865, 0.52062863, 0.52001995, 0.5190596, 0.51819825, 0.52016926, 0.52094114, 0.52078557, 0.5183959, 0.51753265, 0.5141058, 0.52125365, 0.51972866, 0.51614267, 0.51731956, 0.5178366, 0.5165192, 0.5178212, 0.5201421, 0.5210729, 0.51587385, 0.5203336, 0.52041274, 0.5196862, 0.51868296, 0.51933116, 0.5157712, 0.52125514, 0.5170241, 0.5179528, 0.5205655, 0.52088505, 0.51492876, 0.52047765, 0.51697224, 0.5164817, 0.51574224, 0.5162168, 0.5195151, 0.5203322, 0.52061045, 0.52133626, 0.5154676, 0.51993203, 0.519489, 0.51684546, 0.5198965, 0.51881415, 0.5190868, 0.5177958, 0.51807994, 0.5196115, 0.51446354, 0.5192852, 0.5168988, 0.5202673, 0.5202613, 0.51926947, 0.5218487, 0.51944894, 0.5169305, 0.5181348, 0.52130115, 0.52068394, 0.51630014, 0.5205034, 0.52088344, 0.5196966, 0.5208559, 0.5201502, 0.5210273, 0.5208271, 0.5190929, 0.5191138, 0.51812625, 0.5201161, 0.52019984, 0.51774126, 0.5181193, 0.5214291, 0.5191587, 0.52075547, 0.5205242, 0.521344, 0.5144631, 0.5204564, 0.51454425, 0.5147047, 0.5187612]
[0.5068893, 0.50211626, 0.50324, 0.5081193, 0.50169295, 0.50158554, 0.5078736, 0.50330716, 0.5027211, 0.50704116, 0.5010264, 0.5011816, 0.5008675, 0.5077221, 0.50613487, 0.50936544, 0.50240767, 0.50050884, 0.5041997, 0.5063917, 0.50678086, 0.50368816, 0.5018395, 0.50270385, 0.5034779, 0.50778073, 0.50516427, 0.50524074, 0.50063676, 0.51299053, 0.5036055, 0.5007496, 0.50063396, 0.5069247, 0.50234485, 0.502883, 0.5030801, 0.5023557, 0.50302553, 0.500618, 0.50100917, 0.50463337, 0.50747865, 0.50845146, 0.5019644, 0.50042427, 0.50052005, 0.5049591, 0.50443244, 0.5004591, 0.50140136, 0.50079966, 0.5008281, 0.50822645, 0.50884956, 0.50965667, 0.50520134, 0.50449663, 0.5028903, 0.5034858, 0.50775033, 0.5017228, 0.50634277, 0.5084958, 0.511316, 0.50649565, 0.5031795, 0.5021387, 0.50170845, 0.5084693, 0.5059035, 0.50602376, 0.5023712, 0.5015249, 0.5046811, 0.503549, 0.50112444, 0.50392365, 0.50483024, 0.50746727, 0.5090484, 0.50478417, 0.5081693, 0.5044233, 0.50269634, 0.50101805, 0.5099059, 0.5052265, 0.5047254, 0.50912845, 0.50063646, 0.50282514, 0.5008826, 0.5058084, 0.5014819, 0.50260913, 0.5032902, 0.50624305, 0.50563055, 0.50653833, 0.50610745, 0.50676686, 0.511726, 0.5143649, 0.51271653, 0.51198745, 0.5144739, 0.51152366, 0.51687586, 0.5148296, 0.5137366, 0.51521283, 0.5109959, 0.5097525, 0.51041865, 0.51551783, 0.51456505, 0.51507854, 0.5118403, 0.512267, 0.5126637, 0.51199913, 0.5104067, 0.509662, 0.5124692, 0.51284575, 0.5121332, 0.51222116, 0.5129196, 0.5132698, 0.5117647, 0.5119331, 0.51343334, 0.51308084, 0.5123547, 0.5142393, 0.5143818, 0.5141554, 0.5123649, 0.512801, 0.5142026, 0.51400846, 0.5149615, 0.5135231, 0.5137603, 0.51496875, 0.51357925, 0.5133768, 0.51308566, 0.5156879, 0.5094369, 0.5139808, 0.5128504, 0.51491743, 0.5140814, 0.51213056, 0.5109175, 0.5169713, 0.5140669, 0.5132367, 0.5121959, 0.508497, 0.5087696, 0.5112862, 0.5119216, 0.5116055, 0.51487434, 0.5131327, 0.5119226, 0.5118133, 0.51194656, 0.5138854, 0.5132085, 0.51288915, 0.5143731, 0.5132866, 0.51353663, 0.5152252, 0.5144773, 0.51365155, 0.5148201, 0.51343346, 0.5128133, 0.5136402, 0.51328105, 0.51540065, 0.5139045, 0.51315933, 0.5144685, 0.5132642, 0.513254, 0.5121317, 0.5137887, 0.5131167, 0.5127004, 0.51125604, 0.5148851, 0.51405483, 0.51222503, 0.5115049, 0.51425904, 0.5146947, 0.5154138, 0.51337606, 0.5139227, 0.5131786, 0.51268506, 0.5123588, 0.5133248, 0.5136205, 0.515741, 0.5142804, 0.5143148, 0.51384336, 0.51241523, 0.512693, 0.51450884, 0.51335514, 0.5148778, 0.51504016, 0.5143704, 0.5142327, 0.51297444, 0.5142854, 0.51490474, 0.5145172, 0.5140615, 0.51293975, 0.5100124, 0.5154103, 0.5147626, 0.5117274, 0.5125636, 0.5129622, 0.5123241, 0.5126613, 0.51437783, 0.5151035, 0.5117542, 0.51437247, 0.5147845, 0.51374197, 0.513134, 0.5135221, 0.5116535, 0.5154398, 0.51232827, 0.51259446, 0.51478285, 0.51485825, 0.5112085, 0.5152442, 0.5116808, 0.5116962, 0.51110566, 0.511431, 0.51415414, 0.51497036, 0.51516694, 0.51570624, 0.511507, 0.51401895, 0.51399213, 0.5123571, 0.5143573, 0.51378417, 0.51381874, 0.51242054, 0.51260316, 0.51438934, 0.51030254, 0.514185, 0.512339, 0.51458806, 0.51475525, 0.5140069, 0.5156616, 0.5141631, 0.51197445, 0.5130801, 0.5150256, 0.514827, 0.51241326, 0.51484334, 0.51499933, 0.51406217, 0.51444924, 0.5141439, 0.51495546, 0.5151257, 0.51284975, 0.5131772, 0.5132483, 0.5144722, 0.514669, 0.5127516, 0.5132518, 0.5154493, 0.51328576, 0.51475495, 0.5145408, 0.5155412, 0.5106222, 0.5143671, 0.5110943, 0.51149225, 0.5138513]
[0.5076412, 0.502809, 0.5035308, 0.5086787, 0.49999577, 0.50008136, 0.5091033, 0.50357884, 0.5028246, 0.5072132, 0.4998147, 0.5007403, 0.5009276, 0.5087116, 0.50791794, 0.5098558, 0.50393844, 0.5020532, 0.5052546, 0.5082609, 0.50817186, 0.50502276, 0.50016826, 0.5059975, 0.50643706, 0.50893515, 0.5060848, 0.5053265, 0.50087047, 0.51387006, 0.50424135, 0.50027883, 0.49991506, 0.5077351, 0.50397116, 0.50035113, 0.50081086, 0.50010395, 0.5010831, 0.50028443, 0.5032778, 0.50556725, 0.508578, 0.5088726, 0.50288635, 0.4998098, 0.4998458, 0.50563383, 0.5057163, 0.5007891, 0.5001357, 0.50118244, 0.5012223, 0.5080154, 0.5099762, 0.5105629, 0.50704986, 0.5055649, 0.5034961, 0.5043274, 0.507582, 0.5030877, 0.5071063, 0.50982314, 0.51210505, 0.508335, 0.505359, 0.50492716, 0.5030795, 0.5084932, 0.5054453, 0.5058012, 0.5032586, 0.5032026, 0.505328, 0.5055696, 0.5015771, 0.50614727, 0.5049879, 0.5076296, 0.5095466, 0.50704086, 0.50991863, 0.50612664, 0.5032766, 0.50185007, 0.5110147, 0.5066269, 0.5074453, 0.50972563, 0.5023876, 0.5004097, 0.50234795, 0.5052363, 0.49993658, 0.4999028, 0.50067395, 0.50671387, 0.50564444, 0.5068793, 0.50755143, 0.5082143, 0.5127359, 0.5153538, 0.514673, 0.51386315, 0.51560414, 0.5128373, 0.51814103, 0.51630807, 0.51522756, 0.51703644, 0.5124445, 0.5116432, 0.5114246, 0.51676446, 0.5156537, 0.5163725, 0.5131851, 0.51357645, 0.51298696, 0.5132453, 0.511609, 0.50985575, 0.51239216, 0.51428276, 0.5134249, 0.5131895, 0.51472783, 0.5150926, 0.5135019, 0.5128076, 0.5148622, 0.5144313, 0.513743, 0.51534903, 0.51578045, 0.5159517, 0.5140442, 0.51386935, 0.51515883, 0.51576835, 0.5167227, 0.51505154, 0.5155919, 0.51643395, 0.5145611, 0.5145028, 0.51445717, 0.5171736, 0.5100148, 0.5156231, 0.5143925, 0.5165455, 0.51524234, 0.5129874, 0.51222616, 0.5189443, 0.5161301, 0.51417357, 0.513163, 0.50867474, 0.508599, 0.5124975, 0.5129725, 0.51206946, 0.5163467, 0.51473975, 0.51372796, 0.51312363, 0.5133838, 0.515392, 0.51469195, 0.5142704, 0.5163259, 0.5150194, 0.51526445, 0.5168314, 0.5159691, 0.5155156, 0.5161137, 0.5148204, 0.51406795, 0.5150406, 0.5143147, 0.51680434, 0.5150409, 0.5146435, 0.5159106, 0.51470196, 0.51465994, 0.5136197, 0.5157937, 0.5151008, 0.51401454, 0.5125578, 0.5165354, 0.51552147, 0.5136675, 0.51290315, 0.5161252, 0.51622593, 0.516661, 0.5152326, 0.5156088, 0.51430416, 0.51309246, 0.513204, 0.5150895, 0.51560026, 0.51757103, 0.51600206, 0.5160174, 0.51585263, 0.5136617, 0.51379263, 0.5158893, 0.51443696, 0.5169131, 0.5163734, 0.5160439, 0.51504755, 0.5145745, 0.5157815, 0.5169267, 0.5162468, 0.5151044, 0.51467377, 0.5118983, 0.51684076, 0.5161477, 0.51246, 0.5140285, 0.5143304, 0.5132397, 0.5138028, 0.51624477, 0.5168851, 0.5129999, 0.51626956, 0.5161039, 0.51532716, 0.51465267, 0.5148147, 0.5125673, 0.5172783, 0.51399463, 0.5146754, 0.5165459, 0.51654583, 0.5121968, 0.51641333, 0.51347625, 0.51296264, 0.51259786, 0.512343, 0.5155673, 0.5162693, 0.516192, 0.5169605, 0.51291037, 0.51593775, 0.51566464, 0.51327974, 0.5162636, 0.5152944, 0.5152307, 0.5145982, 0.51394403, 0.51610845, 0.51192015, 0.5153161, 0.514252, 0.51626074, 0.51618326, 0.5153889, 0.5175647, 0.5153703, 0.5136471, 0.5148178, 0.51673186, 0.51664066, 0.5139267, 0.5164873, 0.51684964, 0.51593345, 0.5163054, 0.5157276, 0.51566505, 0.51656616, 0.5149694, 0.51452965, 0.5142935, 0.5154184, 0.5156873, 0.514256, 0.5148143, 0.516556, 0.5144643, 0.5169339, 0.5163476, 0.5167663, 0.5120766, 0.5158655, 0.51204705, 0.51229393, 0.51494455]
[0.50696087, 0.50144017, 0.5018392, 0.50833446, 0.5019697, 0.50192136, 0.5073536, 0.5010619, 0.5009021, 0.5058405, 0.5018001, 0.50090104, 0.5011265, 0.50531584, 0.5043346, 0.5093012, 0.50164783, 0.50112396, 0.5049805, 0.5044863, 0.5057464, 0.50250655, 0.5017354, 0.5005283, 0.50127774, 0.5071626, 0.5042501, 0.5058639, 0.5012149, 0.51217854, 0.501584, 0.50143564, 0.5013406, 0.5055359, 0.50066346, 0.50266457, 0.5030139, 0.50243986, 0.50297326, 0.50115955, 0.50034845, 0.5036533, 0.5059049, 0.5082234, 0.5020699, 0.5010621, 0.50156164, 0.50196517, 0.50290287, 0.50116485, 0.5018881, 0.5020194, 0.5013012, 0.5075079, 0.50898534, 0.50904375, 0.50338805, 0.5032973, 0.5017108, 0.50286025, 0.50726634, 0.5017471, 0.5061655, 0.5088061, 0.5111394, 0.50683033, 0.5022939, 0.5020935, 0.5008168, 0.509001, 0.50423753, 0.5060859, 0.50073975, 0.5017051, 0.5044135, 0.50245565, 0.5012002, 0.50298357, 0.50384563, 0.507133, 0.5088599, 0.5040774, 0.507722, 0.50419337, 0.50101537, 0.50081515, 0.5094847, 0.5053187, 0.504877, 0.50860995, 0.50089544, 0.50257987, 0.5011127, 0.5046914, 0.50184953, 0.5027812, 0.50315493, 0.5055146, 0.5036658, 0.50630563, 0.5034568, 0.5054437, 0.5118396, 0.5138774, 0.5124046, 0.5113617, 0.5136531, 0.51081413, 0.5159623, 0.51460177, 0.5131052, 0.51446605, 0.5107045, 0.50976354, 0.5107402, 0.51481813, 0.5137682, 0.5141003, 0.5118101, 0.51136327, 0.5118734, 0.5115093, 0.51051176, 0.50961876, 0.5124106, 0.5125086, 0.5121922, 0.5120957, 0.5128625, 0.5132506, 0.5114491, 0.511718, 0.5136927, 0.51294947, 0.5121943, 0.51392984, 0.5138083, 0.51399046, 0.51217294, 0.51270056, 0.51310647, 0.51394016, 0.5149906, 0.51300925, 0.51360893, 0.51479965, 0.51380074, 0.5135847, 0.51253843, 0.51499563, 0.5092081, 0.5142464, 0.51370066, 0.51384354, 0.51331836, 0.5112583, 0.5106203, 0.5163822, 0.5136422, 0.5128266, 0.51170784, 0.5080795, 0.50866556, 0.5108571, 0.5119032, 0.51102626, 0.5147424, 0.51265043, 0.5117635, 0.5118854, 0.5118794, 0.51378447, 0.5122712, 0.51208824, 0.51424783, 0.5125636, 0.5137708, 0.5147909, 0.51415414, 0.51378274, 0.51346916, 0.5132188, 0.51261634, 0.5134534, 0.512798, 0.51454955, 0.51335007, 0.512727, 0.5141287, 0.5129101, 0.5128652, 0.5122479, 0.51312304, 0.5127003, 0.5118301, 0.51022875, 0.5144094, 0.51352394, 0.5120247, 0.51160073, 0.513974, 0.51407576, 0.5146912, 0.5130033, 0.51338965, 0.51280814, 0.51203734, 0.51192135, 0.5131932, 0.5132674, 0.5151606, 0.5138332, 0.51360667, 0.51419634, 0.5121782, 0.51236904, 0.5143017, 0.5131124, 0.51430726, 0.51456505, 0.513733, 0.51346195, 0.51279277, 0.51367974, 0.5145801, 0.5142925, 0.51317304, 0.5125873, 0.5097937, 0.514843, 0.5140352, 0.512393, 0.5129621, 0.512695, 0.5113251, 0.51278365, 0.51404643, 0.51411164, 0.5108574, 0.5144192, 0.5145812, 0.5139173, 0.51307887, 0.5130266, 0.51113975, 0.51481485, 0.51184464, 0.51190865, 0.5141889, 0.5143182, 0.51054376, 0.51449937, 0.5116665, 0.5116279, 0.510627, 0.51127034, 0.5139521, 0.51438725, 0.5146531, 0.51494926, 0.51145655, 0.5141717, 0.51352483, 0.51227957, 0.51392853, 0.5131035, 0.5135012, 0.51137996, 0.512338, 0.51432246, 0.5106575, 0.5137681, 0.511708, 0.51386267, 0.51426375, 0.51418465, 0.51475704, 0.5137095, 0.5116007, 0.5125221, 0.51474285, 0.5141301, 0.5117842, 0.5143188, 0.5139882, 0.5133651, 0.51422054, 0.51381874, 0.5146143, 0.51459163, 0.51395285, 0.51380074, 0.51237965, 0.5137485, 0.5139727, 0.5121868, 0.5125338, 0.5158575, 0.5132194, 0.51448333, 0.51399344, 0.51500446, 0.5110137, 0.5138264, 0.5103304, 0.51091444, 0.5132103]
[0.5068809, 0.50028014, 0.5000195, 0.5090347, 0.50257206, 0.5019974, 0.5068681, 0.5005003, 0.4996627, 0.50453717, 0.50193197, 0.50078416, 0.5011258, 0.50451905, 0.5041339, 0.5097163, 0.5001121, 0.5002722, 0.5035765, 0.504284, 0.5051969, 0.5004078, 0.5022643, 0.500203, 0.50210506, 0.50642586, 0.50250494, 0.50596815, 0.5003733, 0.51435417, 0.50008726, 0.50165474, 0.50100976, 0.5058444, 0.50011647, 0.50331736, 0.50379246, 0.5025121, 0.5038525, 0.5010928, 0.49941894, 0.5017531, 0.5048186, 0.508057, 0.4998643, 0.50122285, 0.5019045, 0.5009895, 0.5018657, 0.50109345, 0.5019754, 0.50219065, 0.5011604, 0.507175, 0.50967115, 0.51004344, 0.5034031, 0.5024961, 0.49990597, 0.50122386, 0.50657016, 0.50024116, 0.50438035, 0.5094799, 0.51296043, 0.50645363, 0.5010638, 0.5008789, 0.49956062, 0.5083811, 0.50346607, 0.5052223, 0.4996352, 0.5002322, 0.5027626, 0.5019115, 0.5002265, 0.50285804, 0.50307447, 0.50798786, 0.5100366, 0.5035889, 0.50897294, 0.5033805, 0.49998057, 0.5006753, 0.50980616, 0.5042034, 0.50615436, 0.5093089, 0.5002067, 0.5031617, 0.5002245, 0.5035108, 0.5011018, 0.5029568, 0.5031721, 0.5049288, 0.50301105, 0.5059533, 0.5040983, 0.5050024, 0.5135387, 0.5166328, 0.51422095, 0.5130775, 0.516759, 0.5127989, 0.5191078, 0.5173951, 0.5154828, 0.5177366, 0.5122104, 0.51112455, 0.511828, 0.5174932, 0.51658946, 0.51738906, 0.51448596, 0.51338637, 0.51380545, 0.51372766, 0.5116846, 0.51049656, 0.51385, 0.51466346, 0.513904, 0.51335585, 0.5153475, 0.5151337, 0.5135965, 0.51331544, 0.5163662, 0.51481485, 0.51448303, 0.51664007, 0.51616424, 0.51670223, 0.51450557, 0.5147196, 0.5157884, 0.51634485, 0.517833, 0.5151168, 0.5160966, 0.51765686, 0.5160299, 0.51598644, 0.5146583, 0.51809645, 0.50881594, 0.51700675, 0.5154289, 0.51766914, 0.51557463, 0.51307166, 0.51178145, 0.5201866, 0.51623076, 0.51486844, 0.5132741, 0.50853837, 0.50869244, 0.51182455, 0.51376766, 0.5126111, 0.51792234, 0.5151415, 0.51396203, 0.5135925, 0.51405376, 0.5167044, 0.5148561, 0.51478857, 0.5170751, 0.5150389, 0.51628375, 0.5178039, 0.5163076, 0.5166176, 0.51646686, 0.51599264, 0.51525587, 0.5160436, 0.51432866, 0.51747525, 0.51572126, 0.5157075, 0.51672775, 0.51542675, 0.5154456, 0.51510286, 0.5158173, 0.51575744, 0.5143262, 0.5118394, 0.51718223, 0.5161826, 0.51455927, 0.5133706, 0.5169657, 0.5170617, 0.5170539, 0.51592964, 0.51586235, 0.51553947, 0.5142105, 0.51367366, 0.5153938, 0.5159134, 0.5180436, 0.5172144, 0.5167866, 0.5167908, 0.51442796, 0.51401013, 0.5163833, 0.51529825, 0.5171877, 0.51749325, 0.51639754, 0.51621175, 0.5150487, 0.5165343, 0.5177734, 0.5170868, 0.51586384, 0.51518226, 0.51127857, 0.5175213, 0.5167396, 0.513994, 0.51479745, 0.51507425, 0.5136599, 0.5149391, 0.51702577, 0.5176152, 0.51226413, 0.5172878, 0.5173886, 0.5163907, 0.5151927, 0.5163205, 0.513137, 0.517642, 0.5142001, 0.51396024, 0.516928, 0.5173177, 0.5115865, 0.5174913, 0.51378834, 0.513534, 0.51276976, 0.5130359, 0.51655924, 0.517315, 0.5173215, 0.5175207, 0.5128877, 0.5167389, 0.51613814, 0.5144648, 0.5169263, 0.51556516, 0.5160637, 0.5139632, 0.5148262, 0.5169643, 0.51193255, 0.5157251, 0.5140867, 0.51664376, 0.516627, 0.5163718, 0.51833373, 0.5166195, 0.5134163, 0.5147521, 0.5179945, 0.51750606, 0.51380473, 0.51688796, 0.5170248, 0.5158859, 0.51687896, 0.5162858, 0.51775926, 0.5172519, 0.51625896, 0.5162697, 0.5147207, 0.5159261, 0.516476, 0.5140939, 0.51443887, 0.51876605, 0.5155664, 0.51764834, 0.51720923, 0.5178696, 0.51221746, 0.5166544, 0.51211, 0.51312435, 0.51561314]
[0.50747764, 0.50257504, 0.50283754, 0.508427, 0.5032865, 0.5030501, 0.50770324, 0.5025576, 0.5020588, 0.50519335, 0.5028674, 0.50127035, 0.50111204, 0.5077283, 0.5065086, 0.5094929, 0.503024, 0.50112706, 0.50605655, 0.50632, 0.5072352, 0.5035136, 0.5026819, 0.50284016, 0.5051844, 0.50749457, 0.5051476, 0.505832, 0.50146544, 0.51229686, 0.50303024, 0.5019314, 0.50241184, 0.5061378, 0.5034924, 0.5041041, 0.5046809, 0.5034884, 0.5045207, 0.50167143, 0.502066, 0.50470096, 0.5074092, 0.508352, 0.50190455, 0.5013749, 0.5023361, 0.5038147, 0.5045071, 0.50112617, 0.5023624, 0.50212413, 0.5016521, 0.50777936, 0.50946033, 0.5094837, 0.50506896, 0.5040609, 0.5023002, 0.50384146, 0.50765395, 0.5035619, 0.50680375, 0.5093467, 0.5112885, 0.50766027, 0.50353396, 0.50397813, 0.50238425, 0.5083243, 0.50542396, 0.5059912, 0.5013504, 0.5021496, 0.5051443, 0.5051168, 0.5009074, 0.50509816, 0.5052989, 0.50745887, 0.50918174, 0.505721, 0.50894916, 0.50504535, 0.50196576, 0.50158894, 0.50962543, 0.5050092, 0.5066333, 0.5088132, 0.50230795, 0.5035508, 0.5013049, 0.50546485, 0.50229865, 0.5042017, 0.5041083, 0.5061147, 0.5049312, 0.5069569, 0.5054161, 0.50662917, 0.51188797, 0.5135777, 0.51284117, 0.5116901, 0.5140641, 0.51111376, 0.5155276, 0.51436377, 0.51289743, 0.5150119, 0.5109403, 0.51020765, 0.5107878, 0.5143528, 0.5137104, 0.5142569, 0.51231116, 0.511879, 0.5119882, 0.51161605, 0.51064456, 0.50967526, 0.51191, 0.51298463, 0.5122216, 0.51153207, 0.51341367, 0.5132491, 0.51198274, 0.5118623, 0.5136379, 0.5129737, 0.5126052, 0.5137504, 0.51368153, 0.5146143, 0.5124884, 0.5123318, 0.51359767, 0.51372087, 0.5146332, 0.5130283, 0.5136463, 0.5146335, 0.5136764, 0.51382756, 0.5128238, 0.51497704, 0.5086326, 0.5145265, 0.5132396, 0.514251, 0.5133323, 0.51145995, 0.51068133, 0.5167169, 0.5139082, 0.5126088, 0.511446, 0.50854987, 0.50870216, 0.5107542, 0.51168007, 0.5110501, 0.51468724, 0.51292855, 0.5121384, 0.5115336, 0.5117625, 0.51433367, 0.5127895, 0.5122576, 0.5141648, 0.51275104, 0.51357263, 0.5150211, 0.51405394, 0.5137661, 0.51385224, 0.5133758, 0.51250273, 0.51311904, 0.5124453, 0.5141969, 0.5130035, 0.5132382, 0.5140826, 0.5129229, 0.5127211, 0.512639, 0.5135513, 0.51326007, 0.51239127, 0.5107915, 0.51463187, 0.5136789, 0.5121604, 0.51167667, 0.51387805, 0.5139768, 0.5137813, 0.5132249, 0.5133833, 0.5130524, 0.5119565, 0.5114789, 0.5133499, 0.5137088, 0.5149529, 0.5141348, 0.51411116, 0.514034, 0.5124544, 0.51199716, 0.5140121, 0.512901, 0.51445216, 0.51482266, 0.5136873, 0.513034, 0.5124931, 0.51400185, 0.51469755, 0.514242, 0.51314574, 0.51294667, 0.51066357, 0.514059, 0.5135535, 0.5117681, 0.51252395, 0.5126685, 0.5115912, 0.51275676, 0.5140834, 0.514619, 0.5110924, 0.5143997, 0.5141886, 0.5137653, 0.51315784, 0.5132882, 0.5114845, 0.514633, 0.5122967, 0.51243633, 0.5142842, 0.51467943, 0.51086056, 0.5144977, 0.5118262, 0.5115503, 0.51101047, 0.5112132, 0.51343364, 0.513957, 0.51406705, 0.51443243, 0.5114503, 0.5143924, 0.51371896, 0.512457, 0.5142393, 0.5131169, 0.5136053, 0.5121269, 0.5127807, 0.51399934, 0.51106083, 0.5136443, 0.5119549, 0.5137906, 0.5140764, 0.5139851, 0.51493424, 0.51372254, 0.5121025, 0.513055, 0.5147178, 0.51431656, 0.5119134, 0.51405495, 0.51409894, 0.5132965, 0.5143134, 0.5136885, 0.5141297, 0.5140276, 0.5135713, 0.513854, 0.5123177, 0.5138064, 0.5136001, 0.51254565, 0.5127892, 0.51511276, 0.5130834, 0.514884, 0.51450294, 0.51459247, 0.5108847, 0.5135979, 0.51090074, 0.51084775, 0.5131804]
[0.5042499, 0.49915943, 0.49982816, 0.50656384, 0.50084835, 0.50105196, 0.5073004, 0.49927422, 0.4995504, 0.5035233, 0.5005489, 0.49993604, 0.50035626, 0.50693727, 0.5059596, 0.50779843, 0.49927625, 0.4996293, 0.5011334, 0.5057975, 0.50614035, 0.50117046, 0.50106096, 0.50182384, 0.5028706, 0.50568974, 0.5021192, 0.5011703, 0.49973693, 0.5121135, 0.5010785, 0.500349, 0.5010767, 0.50439787, 0.50012153, 0.5013374, 0.5017704, 0.5014826, 0.50169307, 0.50067455, 0.499163, 0.5020872, 0.50689024, 0.5062259, 0.4991502, 0.50102323, 0.5014798, 0.50280315, 0.50037855, 0.50034803, 0.5011307, 0.5003535, 0.50027275, 0.5061587, 0.5073374, 0.5081599, 0.5038372, 0.5017667, 0.500046, 0.50094426, 0.5057182, 0.4995894, 0.50324947, 0.50754315, 0.508997, 0.5053824, 0.50116354, 0.5011024, 0.49949184, 0.50580627, 0.5006706, 0.50172293, 0.4989753, 0.49892733, 0.5011894, 0.50055385, 0.49928457, 0.50198346, 0.502905, 0.50495106, 0.50679845, 0.5039497, 0.5063771, 0.50277686, 0.5007185, 0.49984998, 0.50855964, 0.5045151, 0.5041878, 0.5074477, 0.4996387, 0.5018414, 0.49924523, 0.5023544, 0.5008506, 0.50120026, 0.50182897, 0.50330013, 0.5023395, 0.5018892, 0.50399953, 0.505787, 0.50948167, 0.51307106, 0.5123156, 0.51116526, 0.51326454, 0.510478, 0.51581, 0.51367253, 0.51282156, 0.5144782, 0.5100977, 0.50855744, 0.508762, 0.5147427, 0.51342106, 0.5141778, 0.51052964, 0.5106954, 0.510858, 0.510986, 0.50878185, 0.50709206, 0.5103697, 0.51146597, 0.51096123, 0.5110787, 0.5115929, 0.5126411, 0.5106398, 0.5108867, 0.5117388, 0.511943, 0.51083374, 0.5128596, 0.51314443, 0.5132329, 0.510988, 0.5115127, 0.51284903, 0.5130869, 0.51406145, 0.5123817, 0.51359284, 0.5140704, 0.5117145, 0.5113588, 0.5121252, 0.5146787, 0.5087316, 0.51262516, 0.51129776, 0.51393014, 0.51306087, 0.5109146, 0.5099073, 0.51600254, 0.51315105, 0.5124055, 0.5111504, 0.5056692, 0.50604135, 0.5104411, 0.51027614, 0.5099734, 0.51341385, 0.51215786, 0.5112882, 0.51094466, 0.51101995, 0.51237845, 0.5119284, 0.51166546, 0.51372606, 0.5121794, 0.51253164, 0.51422054, 0.51344776, 0.51225436, 0.51317847, 0.51197803, 0.51127046, 0.51233065, 0.5121437, 0.51422167, 0.51247805, 0.5114873, 0.5128009, 0.51185155, 0.51178724, 0.51063585, 0.5130034, 0.5122009, 0.5117059, 0.5107787, 0.51398975, 0.51282746, 0.5114833, 0.51056594, 0.5134602, 0.51368415, 0.5142514, 0.51330143, 0.5126471, 0.5117461, 0.51064277, 0.51074135, 0.51267326, 0.5124153, 0.5147785, 0.5134535, 0.51378787, 0.5132921, 0.51116496, 0.51145786, 0.5137637, 0.51255876, 0.514605, 0.51455, 0.51288915, 0.5126587, 0.51232344, 0.5129178, 0.51405793, 0.51385456, 0.51300037, 0.5112495, 0.50920355, 0.51485443, 0.51423407, 0.51054126, 0.5117507, 0.5123992, 0.51097596, 0.5113817, 0.5141219, 0.5136564, 0.5110712, 0.5136233, 0.513627, 0.51296747, 0.51191604, 0.5116862, 0.51026857, 0.51456344, 0.51118314, 0.51205987, 0.51386184, 0.51344746, 0.509558, 0.5143354, 0.510859, 0.5105823, 0.5097756, 0.5099811, 0.5131924, 0.51377547, 0.51385164, 0.5142794, 0.5103645, 0.5137677, 0.5134393, 0.51118964, 0.5130943, 0.51325995, 0.51325494, 0.5119912, 0.5110566, 0.51335126, 0.5086621, 0.5127728, 0.51191473, 0.51395124, 0.51410925, 0.5129812, 0.51494706, 0.51295686, 0.51116717, 0.5122568, 0.51428396, 0.51423824, 0.5113323, 0.5145532, 0.5146936, 0.51373255, 0.5132168, 0.5127629, 0.5132009, 0.5138809, 0.51178986, 0.5118996, 0.5118411, 0.51315945, 0.5137275, 0.51180995, 0.51292515, 0.5139543, 0.51260746, 0.51367986, 0.5136988, 0.51428187, 0.5093787, 0.5135076, 0.5092694, 0.5098262, 0.5119735]
[0.50819415, 0.500421, 0.5007341, 0.50759023, 0.5021083, 0.5018678, 0.51049256, 0.50337195, 0.50403804, 0.510499, 0.50212765, 0.5009951, 0.5014094, 0.50947165, 0.5082076, 0.51031137, 0.5015306, 0.5009909, 0.50205034, 0.5084993, 0.5092434, 0.5021397, 0.50217927, 0.5045169, 0.5073711, 0.5092225, 0.50381184, 0.5030395, 0.5015917, 0.5146972, 0.50495756, 0.50158554, 0.5025137, 0.50736374, 0.50143856, 0.5025372, 0.5030304, 0.5023404, 0.50325316, 0.5008079, 0.50084066, 0.50466347, 0.5090959, 0.5099234, 0.50028795, 0.50234956, 0.5030717, 0.50424635, 0.5023419, 0.501727, 0.5022723, 0.501191, 0.5003571, 0.50960726, 0.51024246, 0.51103014, 0.5057084, 0.50426835, 0.50198966, 0.5039791, 0.5079309, 0.5009303, 0.50774175, 0.50984776, 0.51296186, 0.5084955, 0.5025843, 0.5030546, 0.5013295, 0.5091759, 0.5023409, 0.50559866, 0.50068176, 0.50042766, 0.5030367, 0.50401706, 0.50088215, 0.50559926, 0.50364345, 0.50739014, 0.5099058, 0.50847876, 0.51060396, 0.50640374, 0.50133973, 0.50063974, 0.5115503, 0.5046507, 0.50788814, 0.51130486, 0.50131285, 0.50332713, 0.500945, 0.50486517, 0.5025434, 0.50344646, 0.50405484, 0.5068387, 0.50515014, 0.50730115, 0.50790167, 0.50874686, 0.5134042, 0.5164696, 0.51569784, 0.5143195, 0.5171288, 0.513431, 0.5192751, 0.517547, 0.5163489, 0.518139, 0.51396525, 0.51185477, 0.512756, 0.51778126, 0.51700586, 0.517973, 0.51317334, 0.5152059, 0.51444393, 0.513982, 0.5117572, 0.5107891, 0.51313514, 0.5144945, 0.51378655, 0.514822, 0.5148209, 0.5162164, 0.5140957, 0.51318324, 0.5153754, 0.51539487, 0.5143178, 0.51634085, 0.5164431, 0.516594, 0.5149164, 0.5148817, 0.51594985, 0.51637805, 0.5175312, 0.5156636, 0.51607925, 0.5178001, 0.51509804, 0.5155611, 0.51546234, 0.51838416, 0.5107525, 0.5161829, 0.51401615, 0.5176938, 0.51605725, 0.51383907, 0.5129735, 0.51981163, 0.5166132, 0.5158337, 0.51452124, 0.509613, 0.5096425, 0.5137506, 0.51374584, 0.51364034, 0.5169393, 0.5152784, 0.5141501, 0.5132936, 0.5136156, 0.51553977, 0.51590264, 0.51518226, 0.5172447, 0.51572275, 0.51570034, 0.5185252, 0.5166905, 0.5160835, 0.5172284, 0.51557195, 0.51485896, 0.51635987, 0.51550484, 0.5176978, 0.51592, 0.51593167, 0.5169571, 0.5153106, 0.51533127, 0.51362145, 0.5167354, 0.51600295, 0.5148635, 0.5136698, 0.51734537, 0.5160967, 0.51428264, 0.5135398, 0.516836, 0.5170807, 0.5181061, 0.5163842, 0.51598257, 0.51486325, 0.51455307, 0.51404345, 0.5157789, 0.5162813, 0.51873726, 0.5167939, 0.5170684, 0.5163456, 0.51498157, 0.51451796, 0.51659507, 0.5154808, 0.518641, 0.5174794, 0.5171962, 0.51640385, 0.5155258, 0.5167276, 0.5172797, 0.51679426, 0.5163817, 0.5161151, 0.51279837, 0.5183522, 0.51785415, 0.51329744, 0.5150009, 0.51522696, 0.5146494, 0.51487756, 0.5175015, 0.5174989, 0.5140115, 0.51684767, 0.5164927, 0.51589054, 0.515335, 0.51559794, 0.5141179, 0.5183063, 0.5146321, 0.5149186, 0.5175424, 0.5174338, 0.5126226, 0.5178299, 0.5138843, 0.5137341, 0.5126823, 0.51330835, 0.51675093, 0.51753753, 0.5174378, 0.5183984, 0.51355255, 0.51658386, 0.5165114, 0.51400024, 0.51655453, 0.5160867, 0.5162966, 0.5155833, 0.51469404, 0.5167377, 0.51210505, 0.5159099, 0.5152919, 0.5175272, 0.5175868, 0.5162661, 0.5186299, 0.5159368, 0.51453716, 0.51566434, 0.5179559, 0.51782674, 0.51449156, 0.5175763, 0.51783484, 0.51689565, 0.5171704, 0.51641643, 0.5165383, 0.5175459, 0.5152542, 0.515073, 0.51506656, 0.51630723, 0.51695746, 0.5156096, 0.5158471, 0.516677, 0.51483893, 0.5176095, 0.51766163, 0.518333, 0.51229316, 0.5169943, 0.51324797, 0.5136792, 0.51611316]
[0.5081533, 0.4992343, 0.4991023, 0.5073202, 0.50111294, 0.50110584, 0.5109589, 0.49981356, 0.49934492, 0.5087712, 0.5010527, 0.5003298, 0.5006114, 0.50922835, 0.505956, 0.51242596, 0.49935937, 0.50041544, 0.5030279, 0.5085453, 0.50860924, 0.4994256, 0.5014223, 0.50133634, 0.502675, 0.51001245, 0.50320834, 0.50161445, 0.5003074, 0.51638633, 0.5016408, 0.5007524, 0.50111175, 0.5037206, 0.49980584, 0.5016683, 0.5019095, 0.5014818, 0.5020437, 0.50082904, 0.4997907, 0.5015155, 0.5087381, 0.51092064, 0.49933314, 0.50059813, 0.5008281, 0.50181603, 0.5021369, 0.5001632, 0.5009435, 0.50072217, 0.5004579, 0.50867873, 0.51233464, 0.51300627, 0.503513, 0.5016843, 0.5003306, 0.5017344, 0.50934494, 0.4994345, 0.50819725, 0.5104516, 0.5143173, 0.51014894, 0.4996808, 0.49964157, 0.49959233, 0.5109754, 0.50472736, 0.5052807, 0.4996475, 0.49958253, 0.5007442, 0.50352395, 0.50023395, 0.5017494, 0.5023038, 0.5073968, 0.511406, 0.50669205, 0.51133883, 0.5033381, 0.4995047, 0.500265, 0.5133744, 0.5023913, 0.50196683, 0.51142234, 0.49989954, 0.50159377, 0.50006634, 0.50463367, 0.5012286, 0.50167906, 0.502012, 0.50760114, 0.50455797, 0.50686246, 0.5042287, 0.5081517, 0.51529026, 0.51818395, 0.5169701, 0.51566195, 0.5190278, 0.51409113, 0.52222997, 0.51994914, 0.5184179, 0.52120495, 0.514557, 0.5133061, 0.5138464, 0.52039033, 0.51878744, 0.51954067, 0.51421136, 0.51559234, 0.51642513, 0.51541954, 0.5135192, 0.5110094, 0.51538235, 0.5165774, 0.51573783, 0.51571536, 0.5173407, 0.51807517, 0.51578486, 0.5150021, 0.5177471, 0.5171157, 0.51671124, 0.51953334, 0.51919985, 0.5190692, 0.51617044, 0.517552, 0.5184511, 0.5185501, 0.5201034, 0.51846176, 0.5187954, 0.52019405, 0.51867175, 0.5181026, 0.51661736, 0.5206923, 0.5117451, 0.518682, 0.51742065, 0.5198591, 0.5180451, 0.51507634, 0.51412016, 0.5224397, 0.51886076, 0.51735014, 0.51558274, 0.50913215, 0.5094661, 0.51465404, 0.51534224, 0.5145441, 0.51927966, 0.5176503, 0.5160038, 0.5154406, 0.5153891, 0.5182495, 0.5174502, 0.51633626, 0.52032435, 0.5175994, 0.51825607, 0.5204394, 0.51932365, 0.5184742, 0.5183644, 0.51708496, 0.51642233, 0.5182303, 0.51778144, 0.52022564, 0.51819146, 0.5173632, 0.5197428, 0.5173599, 0.5174166, 0.5154514, 0.51921725, 0.5175831, 0.5165303, 0.51503664, 0.52010024, 0.5184701, 0.5160008, 0.51504827, 0.51939315, 0.5198256, 0.5205598, 0.518398, 0.5184476, 0.5171247, 0.51629555, 0.5157348, 0.5184942, 0.51906973, 0.5217777, 0.51930004, 0.51922816, 0.5189042, 0.5164351, 0.51680857, 0.51996803, 0.5181693, 0.5208857, 0.5209186, 0.51923436, 0.51878303, 0.5173414, 0.5186252, 0.520297, 0.519723, 0.5183233, 0.5181037, 0.51401824, 0.5204991, 0.51940644, 0.5151753, 0.51728433, 0.51744807, 0.5157751, 0.5166879, 0.5199542, 0.5201804, 0.5154166, 0.5191233, 0.5189007, 0.5180939, 0.5174438, 0.5170892, 0.5148033, 0.5208537, 0.5169485, 0.5170588, 0.52032334, 0.5201112, 0.51468956, 0.52031046, 0.51557136, 0.5151981, 0.5142515, 0.51415604, 0.5191781, 0.5201485, 0.5197324, 0.52046424, 0.5153515, 0.5196752, 0.5193526, 0.51627856, 0.51933557, 0.5181624, 0.51825064, 0.51665676, 0.5161413, 0.51937294, 0.51390356, 0.5185709, 0.517174, 0.51923037, 0.5200907, 0.5192596, 0.521038, 0.51793206, 0.51640344, 0.51759344, 0.51973015, 0.5198298, 0.5169598, 0.5202251, 0.5205782, 0.5195058, 0.51936805, 0.5186179, 0.5184893, 0.51949996, 0.51776946, 0.5180331, 0.51745296, 0.5184245, 0.5183873, 0.5177793, 0.51823705, 0.5205834, 0.5173426, 0.52039033, 0.5194221, 0.520784, 0.51435465, 0.5187388, 0.5146609, 0.5149277, 0.5179297]
[0.5062602, 0.50051343, 0.4993527, 0.5065181, 0.50130755, 0.50133616, 0.50890595, 0.5003285, 0.50011694, 0.50653684, 0.50122976, 0.50041807, 0.50133365, 0.5066951, 0.50611734, 0.5090573, 0.4995878, 0.5008149, 0.5035614, 0.5068666, 0.50740135, 0.50117016, 0.50094974, 0.50261647, 0.5046337, 0.5078267, 0.50185376, 0.5046441, 0.50028574, 0.51224613, 0.50173473, 0.50070447, 0.5011209, 0.5029773, 0.49999642, 0.5024026, 0.5024961, 0.5021372, 0.502231, 0.5010603, 0.49988046, 0.5029674, 0.5065483, 0.5077381, 0.5001901, 0.5009051, 0.501574, 0.50202787, 0.5029768, 0.5006276, 0.5009045, 0.5015492, 0.5008775, 0.5074027, 0.5090222, 0.508877, 0.50462985, 0.503247, 0.4999529, 0.5018298, 0.5069715, 0.5007106, 0.5045321, 0.508005, 0.51038164, 0.50680125, 0.50068533, 0.5012795, 0.49977076, 0.50805676, 0.50208914, 0.50394976, 0.4992397, 0.49959376, 0.5028873, 0.50306034, 0.49923146, 0.50357133, 0.5024071, 0.5054798, 0.50793576, 0.5060675, 0.5083918, 0.5049514, 0.49940634, 0.50047076, 0.50941724, 0.5047596, 0.5058624, 0.50845635, 0.50019014, 0.5021375, 0.49995327, 0.50364166, 0.5012826, 0.5020942, 0.50258064, 0.5047943, 0.5027717, 0.5055338, 0.505913, 0.5060986, 0.5113132, 0.51319814, 0.51266325, 0.51142794, 0.51392806, 0.5108837, 0.5163529, 0.514782, 0.51358646, 0.5153706, 0.5113955, 0.5103568, 0.51067436, 0.515092, 0.51415575, 0.514723, 0.5109809, 0.5120221, 0.51154906, 0.5111344, 0.5098605, 0.5089879, 0.5111811, 0.5122757, 0.5116133, 0.5118645, 0.5128496, 0.51372415, 0.51183355, 0.51103944, 0.5133214, 0.5127374, 0.5119169, 0.51396745, 0.5136694, 0.5140702, 0.5125244, 0.51264274, 0.51324826, 0.51372397, 0.5146165, 0.51321864, 0.5139685, 0.5151002, 0.51364994, 0.5131908, 0.51253045, 0.51492274, 0.50890845, 0.5140482, 0.5126692, 0.51484174, 0.5131605, 0.5113992, 0.5102261, 0.51677847, 0.51361567, 0.5130165, 0.5114568, 0.50762165, 0.5071792, 0.5112025, 0.5116825, 0.5109907, 0.51428646, 0.5130849, 0.51211905, 0.5114078, 0.51136625, 0.5134888, 0.5128528, 0.5125959, 0.5148026, 0.51335377, 0.51327306, 0.5152863, 0.5137715, 0.5138656, 0.51347166, 0.513008, 0.5123091, 0.51371753, 0.5128987, 0.51492846, 0.5132728, 0.51309097, 0.51423556, 0.5131953, 0.5132828, 0.51103157, 0.51405066, 0.5134375, 0.512418, 0.5110878, 0.5142405, 0.5134038, 0.51156336, 0.5111854, 0.5145944, 0.51464766, 0.51479775, 0.51421297, 0.51359576, 0.51312613, 0.51186913, 0.5116785, 0.5136533, 0.513814, 0.5157898, 0.5140223, 0.51408815, 0.5144351, 0.51205945, 0.5121247, 0.51424193, 0.5132247, 0.5154904, 0.5147547, 0.5143487, 0.5136534, 0.5129372, 0.5137758, 0.5149274, 0.5143835, 0.5137357, 0.51295704, 0.51056343, 0.51517034, 0.51501274, 0.51113254, 0.51279384, 0.51309603, 0.51199585, 0.51203406, 0.5146994, 0.5150551, 0.51121765, 0.51420194, 0.5138969, 0.51376694, 0.5128729, 0.51320505, 0.5114551, 0.5153578, 0.51212704, 0.5120474, 0.5142901, 0.5144886, 0.5106698, 0.5150124, 0.51159716, 0.5113814, 0.5104874, 0.51087224, 0.5140594, 0.51489115, 0.51466924, 0.51506084, 0.5116592, 0.51454407, 0.5142695, 0.5117232, 0.51398355, 0.5133081, 0.5136126, 0.51247036, 0.5120857, 0.5145259, 0.5102957, 0.51362485, 0.51244247, 0.514571, 0.51465523, 0.513695, 0.51575035, 0.5136171, 0.512134, 0.512768, 0.5150718, 0.5146229, 0.51233226, 0.5147346, 0.5152859, 0.5139163, 0.51425433, 0.5136436, 0.51370484, 0.5149613, 0.5133188, 0.5133046, 0.5128269, 0.513403, 0.51405674, 0.513127, 0.5133074, 0.5150951, 0.51275116, 0.5150602, 0.51477724, 0.5154543, 0.5103517, 0.51410556, 0.5107408, 0.51112634, 0.51324797]
[0.50660276, 0.4996944, 0.5001815, 0.5073974, 0.50276047, 0.5029534, 0.5079019, 0.500954, 0.5013529, 0.5080637, 0.5017842, 0.50076705, 0.50180256, 0.5077441, 0.5062377, 0.50977105, 0.5001015, 0.5008593, 0.5036717, 0.505823, 0.50680727, 0.50116324, 0.50281864, 0.5027836, 0.5051291, 0.5077258, 0.5031631, 0.5031113, 0.5013611, 0.51345474, 0.50282884, 0.5017993, 0.5026305, 0.5061119, 0.49982244, 0.5026116, 0.50311196, 0.50256634, 0.5036977, 0.50156385, 0.49964947, 0.5028992, 0.50740665, 0.5086716, 0.50001, 0.5020203, 0.50227195, 0.50211173, 0.503184, 0.5019101, 0.50253165, 0.5013341, 0.5012271, 0.5078921, 0.50924766, 0.51003265, 0.5048646, 0.50150365, 0.50072724, 0.5015748, 0.5070921, 0.50008655, 0.50655705, 0.50889033, 0.51237637, 0.50786674, 0.5006901, 0.50069374, 0.50030446, 0.50866586, 0.5037011, 0.5054493, 0.5000854, 0.50052243, 0.5018044, 0.5032263, 0.50086564, 0.50185204, 0.50340307, 0.5069625, 0.5092394, 0.50564665, 0.50927496, 0.5023222, 0.5011631, 0.500991, 0.50972587, 0.502831, 0.504308, 0.5095101, 0.5003545, 0.50357366, 0.5006792, 0.50412434, 0.5028457, 0.50326854, 0.50335234, 0.5051234, 0.50408816, 0.50556356, 0.50670457, 0.5076224, 0.51255226, 0.51525915, 0.5142882, 0.51300997, 0.51583934, 0.51237553, 0.5183039, 0.51649535, 0.51518756, 0.517332, 0.51215386, 0.51059234, 0.5109062, 0.51656795, 0.51571757, 0.5167703, 0.5125976, 0.5135719, 0.5136323, 0.5131401, 0.5113779, 0.5096987, 0.51268446, 0.51379764, 0.5132878, 0.5130715, 0.5143716, 0.5148481, 0.51311415, 0.51234376, 0.5145175, 0.51408046, 0.51327163, 0.5159693, 0.51537025, 0.5160912, 0.5135215, 0.5141847, 0.51553047, 0.515397, 0.51660347, 0.5147123, 0.51526016, 0.5168519, 0.5148772, 0.5145072, 0.51412237, 0.5175651, 0.5088839, 0.51554304, 0.51365894, 0.51650244, 0.5149728, 0.51240426, 0.5120158, 0.5191084, 0.5157855, 0.51447636, 0.51326996, 0.5084391, 0.5079401, 0.5121801, 0.5127995, 0.5122579, 0.51632065, 0.5145123, 0.513132, 0.51236576, 0.51264083, 0.5150693, 0.5146357, 0.514015, 0.51640606, 0.514441, 0.51500636, 0.51738423, 0.515954, 0.51538265, 0.51635915, 0.51489747, 0.5141024, 0.5153089, 0.5139457, 0.5171517, 0.51497847, 0.5148212, 0.5163785, 0.5146297, 0.5144682, 0.5132065, 0.51564884, 0.51483023, 0.51391435, 0.51204336, 0.5169452, 0.51538855, 0.5133484, 0.5123182, 0.51570916, 0.51611894, 0.51677233, 0.51497763, 0.5150529, 0.5143559, 0.5134566, 0.51323575, 0.5152488, 0.5154168, 0.5176647, 0.515596, 0.5154761, 0.5153704, 0.5142041, 0.51382357, 0.51574373, 0.5144228, 0.51682967, 0.51706153, 0.51618105, 0.5152279, 0.5143809, 0.51611006, 0.5169477, 0.5159623, 0.5152472, 0.51488197, 0.5119055, 0.51671386, 0.5161294, 0.5124679, 0.51370734, 0.5139869, 0.5130048, 0.5140558, 0.516488, 0.51677465, 0.5128358, 0.5163848, 0.51598305, 0.51535755, 0.5144375, 0.5145351, 0.5129707, 0.51738065, 0.51395464, 0.5137618, 0.51678336, 0.5166368, 0.51172835, 0.5166365, 0.5126703, 0.51227224, 0.51150274, 0.511878, 0.5156875, 0.51618564, 0.51672184, 0.51699865, 0.5123316, 0.51588506, 0.5157351, 0.51320714, 0.51623976, 0.51502824, 0.51529175, 0.5139333, 0.51372594, 0.5156869, 0.51136124, 0.51513714, 0.51404953, 0.5161125, 0.5164558, 0.5159079, 0.51729965, 0.5149751, 0.5132469, 0.5146177, 0.51685524, 0.51660043, 0.5133253, 0.51655805, 0.5165319, 0.5156279, 0.51573986, 0.5151986, 0.51593703, 0.51648784, 0.5144301, 0.51446784, 0.5141946, 0.5156213, 0.5156205, 0.5143577, 0.5146264, 0.5169463, 0.51367015, 0.51642, 0.516273, 0.516856, 0.5113981, 0.51595604, 0.51180094, 0.51253504, 0.5152505]
[0.50670475, 0.49985352, 0.50067824, 0.5088147, 0.50194216, 0.5018988, 0.50692004, 0.5011187, 0.4996975, 0.5042622, 0.50111127, 0.49986622, 0.50024897, 0.50577104, 0.5042736, 0.50914377, 0.5019393, 0.50029147, 0.50393325, 0.50381875, 0.5058423, 0.5025002, 0.50179106, 0.50290185, 0.503703, 0.50701195, 0.50456417, 0.5046441, 0.5003339, 0.51236415, 0.50079775, 0.5009135, 0.5006205, 0.5063006, 0.502746, 0.50294816, 0.50301325, 0.50246686, 0.5034363, 0.5011664, 0.50041854, 0.5032702, 0.50581294, 0.50783205, 0.5006115, 0.5011179, 0.5015631, 0.5031876, 0.50252444, 0.5002933, 0.50131935, 0.5007539, 0.50068593, 0.5073334, 0.5085069, 0.5090215, 0.5036703, 0.50368583, 0.50011325, 0.50140345, 0.5067502, 0.50052863, 0.5061482, 0.5089488, 0.5108156, 0.5068778, 0.5020577, 0.5016258, 0.5007468, 0.5079487, 0.5052515, 0.5065061, 0.5008286, 0.5007003, 0.5048041, 0.50151044, 0.50070536, 0.5029199, 0.50461084, 0.5077711, 0.5089298, 0.5051064, 0.50830007, 0.504567, 0.4996836, 0.5005711, 0.50899434, 0.5045856, 0.5066578, 0.5085785, 0.5009597, 0.502757, 0.49985185, 0.5057424, 0.5011779, 0.50266623, 0.5031283, 0.5052903, 0.50319195, 0.5070336, 0.50489324, 0.50616896, 0.5117454, 0.51398516, 0.5123834, 0.5116193, 0.5144157, 0.5113402, 0.51609, 0.51476365, 0.5132644, 0.51511425, 0.5105992, 0.50993305, 0.5099397, 0.51500654, 0.5141722, 0.5143542, 0.5124479, 0.5115717, 0.5123336, 0.51227385, 0.5106241, 0.50933737, 0.5121391, 0.51305455, 0.5123383, 0.5120744, 0.5129156, 0.51304626, 0.51162577, 0.51205724, 0.51383746, 0.51297104, 0.5125044, 0.5138284, 0.5141666, 0.5144041, 0.51240855, 0.51311046, 0.5137792, 0.5139731, 0.51522535, 0.5131928, 0.51372004, 0.5147509, 0.5139243, 0.5139862, 0.5129225, 0.51543486, 0.5090213, 0.5146612, 0.5132236, 0.51489705, 0.51354825, 0.51110506, 0.5107033, 0.5173961, 0.51408416, 0.51324064, 0.51165205, 0.5083091, 0.5086462, 0.51079506, 0.51203763, 0.5111767, 0.5152579, 0.5130864, 0.51211655, 0.51155365, 0.5116665, 0.51441437, 0.5123902, 0.5123045, 0.51415384, 0.5126096, 0.51371306, 0.5151354, 0.5140847, 0.51414657, 0.5146032, 0.51384795, 0.5132223, 0.5134711, 0.512514, 0.5148946, 0.5132877, 0.5133828, 0.51432776, 0.5126601, 0.51258844, 0.51262873, 0.51332897, 0.5131788, 0.5122128, 0.5102995, 0.5148766, 0.51439446, 0.5130115, 0.5118126, 0.51451355, 0.51416004, 0.51444364, 0.5133408, 0.5139268, 0.51314, 0.5121735, 0.51192427, 0.5136247, 0.5136107, 0.51568097, 0.51467663, 0.5143731, 0.514213, 0.51185995, 0.5124443, 0.51418006, 0.5129773, 0.51466185, 0.51471615, 0.5139181, 0.51395905, 0.5125692, 0.5144587, 0.5150431, 0.51482004, 0.5132673, 0.5127142, 0.50998294, 0.51528364, 0.5142651, 0.5119822, 0.5127159, 0.51301056, 0.5117121, 0.5131434, 0.51414174, 0.51496696, 0.5107524, 0.5145095, 0.51483434, 0.5142389, 0.51352704, 0.51367956, 0.51163334, 0.51500094, 0.5122103, 0.51250494, 0.51452476, 0.51481, 0.51032335, 0.51495266, 0.51196146, 0.5118583, 0.51102287, 0.51145524, 0.5137116, 0.5141754, 0.5148521, 0.51530284, 0.51074225, 0.51412445, 0.5137841, 0.51263344, 0.51445913, 0.51322436, 0.5138762, 0.5120465, 0.51306945, 0.5141979, 0.5103716, 0.51367444, 0.5118844, 0.5141551, 0.51433295, 0.514033, 0.5155142, 0.51410836, 0.5119364, 0.51277333, 0.5147492, 0.5143091, 0.51194936, 0.51419044, 0.5147667, 0.51372343, 0.5144385, 0.5144538, 0.515148, 0.51466423, 0.5136737, 0.5140803, 0.5125822, 0.5140855, 0.5143636, 0.512204, 0.51267487, 0.5158248, 0.5133073, 0.5147842, 0.5146428, 0.51489764, 0.51096994, 0.51442707, 0.5102112, 0.51102954, 0.51317614]
[0.5026126, 0.5007998, 0.5000552, 0.5063322, 0.5026943, 0.50243133, 0.5059048, 0.5008318, 0.5011049, 0.506454, 0.5020521, 0.5009542, 0.50132906, 0.50312465, 0.5031965, 0.50700504, 0.5006372, 0.5004272, 0.5020209, 0.5022779, 0.50238264, 0.50061905, 0.5022582, 0.50212175, 0.5016527, 0.50480926, 0.5019768, 0.5010331, 0.50177246, 0.5100097, 0.5012786, 0.50178504, 0.5017626, 0.505719, 0.5011312, 0.50250113, 0.5028738, 0.5020791, 0.50357205, 0.50129485, 0.4999587, 0.50097007, 0.5035825, 0.50673604, 0.49991181, 0.5017614, 0.50214535, 0.5013424, 0.50110096, 0.50121933, 0.50250113, 0.5008511, 0.5012328, 0.50569147, 0.5066028, 0.5073411, 0.5030116, 0.50058097, 0.50012743, 0.50045216, 0.5036745, 0.49996924, 0.50454617, 0.5068259, 0.5092828, 0.50577986, 0.50041294, 0.5002116, 0.50022215, 0.5048471, 0.501582, 0.5029801, 0.5004887, 0.5013049, 0.49994552, 0.5015664, 0.501208, 0.50063604, 0.5006643, 0.5055444, 0.5069132, 0.50411254, 0.5072237, 0.50015086, 0.500444, 0.50145394, 0.5071085, 0.50210035, 0.50509053, 0.5067015, 0.50069386, 0.50328, 0.50041175, 0.5012489, 0.5023466, 0.50307626, 0.50334233, 0.5036317, 0.5021502, 0.5027299, 0.504004, 0.5052658, 0.50897616, 0.5111705, 0.51071054, 0.510099, 0.5117873, 0.50929016, 0.51352453, 0.5120271, 0.5108432, 0.51280886, 0.50893575, 0.50806344, 0.508148, 0.51227486, 0.5114432, 0.51196223, 0.50957555, 0.51013076, 0.51036495, 0.50997514, 0.50823504, 0.5073838, 0.5093445, 0.5103456, 0.5097242, 0.50978154, 0.51066536, 0.511005, 0.5099067, 0.5090323, 0.5108984, 0.51056874, 0.50984603, 0.51157546, 0.5115514, 0.51159155, 0.510053, 0.5105, 0.5113129, 0.5114337, 0.51265085, 0.5110836, 0.511376, 0.5120706, 0.51062673, 0.510713, 0.5103785, 0.51307553, 0.5065558, 0.5118146, 0.510426, 0.5125461, 0.51124525, 0.5090896, 0.5090428, 0.51449674, 0.5119607, 0.5106939, 0.50972456, 0.5062265, 0.50616175, 0.5087425, 0.509445, 0.5089933, 0.51245505, 0.5106125, 0.5096215, 0.5091316, 0.509429, 0.5115348, 0.510838, 0.51018244, 0.5120304, 0.5103647, 0.51136434, 0.51258695, 0.51193124, 0.5115468, 0.5126229, 0.5113583, 0.51074904, 0.51128685, 0.5100796, 0.51295793, 0.5110089, 0.51118153, 0.51196724, 0.51070464, 0.51064205, 0.5105843, 0.5113798, 0.51134056, 0.5101238, 0.50861233, 0.51258945, 0.5116864, 0.51011485, 0.50906616, 0.5116579, 0.5117353, 0.5121611, 0.51055694, 0.51128757, 0.51045096, 0.5101218, 0.50966656, 0.511038, 0.5113862, 0.5134257, 0.5116247, 0.51152855, 0.51102465, 0.5104558, 0.5101732, 0.5115619, 0.510478, 0.51229167, 0.51245636, 0.5117789, 0.511187, 0.51042295, 0.5122823, 0.5126256, 0.5116325, 0.51090777, 0.5114482, 0.5084027, 0.5126362, 0.5118292, 0.50934994, 0.5100556, 0.51021636, 0.50936973, 0.5104257, 0.5119367, 0.5126422, 0.5092397, 0.51184666, 0.5120812, 0.5116362, 0.51054525, 0.51060194, 0.50998974, 0.5129965, 0.51046824, 0.5103718, 0.51260906, 0.5126949, 0.50913143, 0.5123316, 0.509896, 0.50927263, 0.50895983, 0.5090665, 0.51156205, 0.5120174, 0.51214004, 0.512846, 0.50899804, 0.5116297, 0.51161146, 0.50982225, 0.5119587, 0.5108353, 0.5111378, 0.5103327, 0.5107057, 0.5117315, 0.50871366, 0.5114475, 0.51095206, 0.51182425, 0.51179194, 0.51178414, 0.5131379, 0.51137805, 0.50964826, 0.51059544, 0.5125641, 0.5125762, 0.5097537, 0.5123874, 0.5117374, 0.511156, 0.51172256, 0.51143414, 0.5119402, 0.51237804, 0.5105741, 0.5107454, 0.50998455, 0.5116375, 0.51140463, 0.5103577, 0.5106365, 0.5123563, 0.50987184, 0.51242423, 0.512296, 0.5123935, 0.508352, 0.51171917, 0.5086746, 0.5090994, 0.51107746]
[0.50535834, 0.5013358, 0.5005826, 0.50672424, 0.5043375, 0.504429, 0.50696206, 0.5006716, 0.50069183, 0.5064301, 0.503124, 0.5021241, 0.50330937, 0.5060298, 0.50466084, 0.5081412, 0.5004844, 0.502635, 0.5018663, 0.5051009, 0.5050512, 0.5004735, 0.5043651, 0.50180244, 0.5024515, 0.5057092, 0.50197864, 0.5020029, 0.50329226, 0.5114822, 0.50150585, 0.5032733, 0.5039737, 0.5047599, 0.50126463, 0.50517154, 0.50569314, 0.5049153, 0.50591594, 0.5029179, 0.50155973, 0.50207156, 0.50625837, 0.5073116, 0.5015578, 0.50388587, 0.50438184, 0.5016023, 0.5014229, 0.5035706, 0.50406706, 0.5036011, 0.5031462, 0.5068248, 0.5079049, 0.50796807, 0.50337625, 0.50212276, 0.50056744, 0.5015354, 0.5062088, 0.5008432, 0.5035181, 0.5074847, 0.5098613, 0.50579023, 0.50101185, 0.500387, 0.501496, 0.507088, 0.5036463, 0.5035208, 0.50172704, 0.50192255, 0.5012055, 0.5022057, 0.5020298, 0.50162405, 0.5024204, 0.5055653, 0.50782126, 0.50380695, 0.5069481, 0.502118, 0.5004482, 0.5018846, 0.50848514, 0.5036326, 0.50292736, 0.50769985, 0.5031576, 0.5054637, 0.5021964, 0.502823, 0.5040943, 0.5049761, 0.5054959, 0.50464255, 0.5037192, 0.5039428, 0.50463814, 0.5052481, 0.51018214, 0.51257724, 0.51145095, 0.51045763, 0.5128228, 0.51016635, 0.5148376, 0.5133095, 0.5123711, 0.5137065, 0.5097572, 0.50893694, 0.5093198, 0.513951, 0.51300967, 0.51370937, 0.51014805, 0.51086664, 0.51102513, 0.51066387, 0.50916165, 0.50825334, 0.5107918, 0.5112289, 0.51070124, 0.51066434, 0.5116684, 0.5120515, 0.5104704, 0.5101149, 0.51210904, 0.51169056, 0.5106723, 0.51275826, 0.5125482, 0.51272506, 0.5110261, 0.5113127, 0.5126774, 0.5126866, 0.5136533, 0.5120631, 0.5127896, 0.5135817, 0.51199645, 0.511951, 0.5115075, 0.5141022, 0.5081055, 0.5125865, 0.5113097, 0.5132421, 0.5124066, 0.5105493, 0.5097262, 0.5154491, 0.51258796, 0.51186657, 0.5106032, 0.50715476, 0.5071185, 0.50985014, 0.51049024, 0.5101751, 0.5134387, 0.5118028, 0.51078254, 0.5104819, 0.51057005, 0.51225585, 0.5119207, 0.51169145, 0.5137034, 0.5117564, 0.51184285, 0.5138302, 0.51280296, 0.51230294, 0.5129632, 0.512106, 0.5114093, 0.5123182, 0.51150405, 0.51372135, 0.51249045, 0.51190984, 0.51323545, 0.51204515, 0.5120373, 0.51072115, 0.5126242, 0.5117717, 0.5110457, 0.50980735, 0.51371115, 0.51262105, 0.5109815, 0.5102526, 0.51292384, 0.5133416, 0.5135639, 0.5120574, 0.51239556, 0.5117912, 0.5110673, 0.51104087, 0.51250404, 0.5127344, 0.5142331, 0.51267344, 0.51268697, 0.51252615, 0.5114063, 0.5109367, 0.5129135, 0.5120648, 0.51352906, 0.51368904, 0.5128793, 0.51268107, 0.51157117, 0.51289374, 0.51355106, 0.5131373, 0.5126841, 0.5116993, 0.50922316, 0.5139511, 0.51325, 0.5105561, 0.5114267, 0.51196104, 0.5108026, 0.51146644, 0.51343805, 0.5134197, 0.51047987, 0.5131488, 0.51329505, 0.5124361, 0.5120827, 0.51182353, 0.5102203, 0.5140423, 0.51108396, 0.51100636, 0.5135012, 0.51336366, 0.509756, 0.5134496, 0.5105272, 0.51026094, 0.5097148, 0.5098494, 0.51265866, 0.51344335, 0.5135308, 0.51358134, 0.5103911, 0.51282656, 0.51305413, 0.510966, 0.51311946, 0.51217633, 0.5123996, 0.5112317, 0.5111248, 0.5131754, 0.5091357, 0.51272, 0.5112441, 0.51314837, 0.5130717, 0.5128205, 0.51427925, 0.51239264, 0.51067823, 0.5118591, 0.51401514, 0.5137536, 0.5110148, 0.5133488, 0.5134745, 0.5125942, 0.51296866, 0.5125165, 0.51318485, 0.51340026, 0.511768, 0.51193374, 0.51153064, 0.5124117, 0.5127862, 0.5115742, 0.51182723, 0.5139821, 0.5114185, 0.5133926, 0.51321113, 0.5139119, 0.5092425, 0.5130169, 0.5094457, 0.51002944, 0.5119429]
[0.506131, 0.5005047, 0.50025374, 0.50586, 0.5024465, 0.50201243, 0.505704, 0.5001939, 0.50021917, 0.5056497, 0.50238264, 0.50144637, 0.5017031, 0.5048711, 0.5033868, 0.5076461, 0.5001364, 0.50113595, 0.50177634, 0.5022856, 0.504993, 0.50029486, 0.5025227, 0.5002512, 0.5020315, 0.5056103, 0.5021179, 0.50327444, 0.50182927, 0.5100179, 0.50034964, 0.5017497, 0.50196946, 0.50411665, 0.5001592, 0.503043, 0.503216, 0.5024113, 0.50363463, 0.50149596, 0.50018126, 0.5011992, 0.50535285, 0.5069564, 0.50076425, 0.50163865, 0.5019937, 0.501114, 0.5017328, 0.5013691, 0.50222284, 0.5021586, 0.5013115, 0.50616944, 0.50739574, 0.5079958, 0.50235164, 0.50097823, 0.5005869, 0.50092506, 0.5056407, 0.50022036, 0.5053265, 0.50679874, 0.5093739, 0.5057802, 0.50027734, 0.5007246, 0.50073147, 0.50707203, 0.5021691, 0.5057381, 0.5008329, 0.5010766, 0.50188905, 0.5013206, 0.50173074, 0.501055, 0.50290036, 0.50602853, 0.50758857, 0.5045222, 0.50699544, 0.50227255, 0.5007347, 0.5014802, 0.50750524, 0.50063676, 0.50214416, 0.5073465, 0.5006073, 0.5030606, 0.50120467, 0.50395334, 0.5022857, 0.5031665, 0.50358343, 0.5041201, 0.5022072, 0.5044134, 0.50262487, 0.5061166, 0.50977135, 0.5118269, 0.51015675, 0.50900894, 0.51181984, 0.509205, 0.51370513, 0.5121509, 0.51140153, 0.51257336, 0.50909567, 0.5079708, 0.5086404, 0.51246065, 0.5115732, 0.5122759, 0.5099314, 0.50998986, 0.5107494, 0.50999045, 0.5086153, 0.5072306, 0.5098463, 0.5105851, 0.51048243, 0.50977343, 0.5109902, 0.51123846, 0.5100236, 0.50968003, 0.5112443, 0.51072365, 0.5105316, 0.5120607, 0.5120356, 0.51209533, 0.510294, 0.51095283, 0.5115416, 0.51163256, 0.51290214, 0.5112262, 0.5119493, 0.51272994, 0.5114738, 0.51159626, 0.5100214, 0.5127944, 0.5071997, 0.51214224, 0.5107022, 0.5122463, 0.51118565, 0.5090759, 0.5087899, 0.514579, 0.51163447, 0.5108298, 0.50959355, 0.50626427, 0.5065646, 0.50879616, 0.50955325, 0.5090024, 0.5122795, 0.5107186, 0.5099741, 0.5094255, 0.50962764, 0.51205385, 0.5108761, 0.5106512, 0.51249063, 0.5104134, 0.51128596, 0.5129191, 0.51179, 0.5117134, 0.51168203, 0.51097876, 0.51046854, 0.51154363, 0.51063335, 0.5127838, 0.5114025, 0.51095134, 0.5120194, 0.5107961, 0.5108635, 0.5101447, 0.5116817, 0.51110804, 0.5102028, 0.5088345, 0.5122656, 0.51172805, 0.51008874, 0.50929946, 0.5120011, 0.5122145, 0.5119939, 0.51134664, 0.5112314, 0.5112564, 0.5105577, 0.5100253, 0.5118071, 0.51180565, 0.51333946, 0.5121637, 0.51188153, 0.511829, 0.5104952, 0.51010764, 0.5118149, 0.5109227, 0.51236117, 0.5129084, 0.51169455, 0.5116138, 0.5104135, 0.5119878, 0.5129111, 0.5120477, 0.5114914, 0.5113937, 0.50834745, 0.5124181, 0.5118682, 0.50999486, 0.51088315, 0.510827, 0.5099831, 0.5108304, 0.5121174, 0.5124163, 0.50937915, 0.51216, 0.5123077, 0.51126516, 0.51112264, 0.51123816, 0.5096646, 0.512583, 0.5105126, 0.5100356, 0.5123513, 0.512469, 0.50857186, 0.51300293, 0.50967187, 0.5094967, 0.50863445, 0.5092062, 0.5121143, 0.5123509, 0.5123191, 0.5127563, 0.5092827, 0.5122229, 0.5118398, 0.51020056, 0.51198274, 0.51105016, 0.5118612, 0.5100106, 0.5102636, 0.5117797, 0.5086166, 0.5113671, 0.51032287, 0.5116489, 0.51227355, 0.51202583, 0.5128269, 0.5116393, 0.5099857, 0.51089644, 0.51236963, 0.51207227, 0.5100541, 0.51231915, 0.5123412, 0.51161104, 0.51190895, 0.51159054, 0.51241475, 0.51194036, 0.51162183, 0.51188195, 0.5106205, 0.51177406, 0.5118707, 0.51050645, 0.51069957, 0.51339316, 0.51053727, 0.5126963, 0.5125247, 0.51281446, 0.5087212, 0.5121793, 0.5086769, 0.50954324, 0.51126933]
[0.5060888, 0.5011831, 0.5024461, 0.5074389, 0.5011959, 0.5013495, 0.5075217, 0.50244904, 0.5023353, 0.5079733, 0.5010134, 0.5007656, 0.500816, 0.50638795, 0.5060683, 0.5091092, 0.5019606, 0.5001315, 0.5040816, 0.5057679, 0.50687945, 0.50260717, 0.5017283, 0.50251913, 0.5033476, 0.506788, 0.5043383, 0.50299966, 0.5003571, 0.5128532, 0.5030756, 0.50038177, 0.501259, 0.50466424, 0.50115836, 0.50133044, 0.50225616, 0.50155205, 0.5024098, 0.5007973, 0.5018872, 0.50321704, 0.50764406, 0.5079641, 0.5021186, 0.50101346, 0.50136614, 0.5034385, 0.50217015, 0.5007025, 0.50154704, 0.5010299, 0.5004429, 0.507243, 0.50873053, 0.50932777, 0.5042744, 0.50315475, 0.5025473, 0.50350463, 0.5075396, 0.5029201, 0.50596774, 0.5084807, 0.5114916, 0.5064476, 0.50262344, 0.5021937, 0.5010663, 0.5075212, 0.5033111, 0.50537246, 0.5007422, 0.50091994, 0.5036176, 0.5029166, 0.500305, 0.50384474, 0.5048563, 0.50717205, 0.5085772, 0.50549656, 0.5073244, 0.5038949, 0.5017611, 0.50028056, 0.5097284, 0.5043221, 0.5044831, 0.508688, 0.5003595, 0.502536, 0.5002679, 0.50452423, 0.5014943, 0.5024629, 0.5029735, 0.50567234, 0.50422055, 0.5045461, 0.506111, 0.5069101, 0.5116349, 0.5148599, 0.5134357, 0.51252496, 0.5153254, 0.51130337, 0.5177453, 0.51550215, 0.51444095, 0.51610744, 0.5114724, 0.5097008, 0.51043177, 0.5163492, 0.5152214, 0.5160848, 0.51119256, 0.5125701, 0.51282394, 0.5122092, 0.5106457, 0.50873345, 0.5123286, 0.51331455, 0.5128306, 0.5128314, 0.51344246, 0.51475626, 0.5124164, 0.51189613, 0.51361614, 0.51356405, 0.5126836, 0.51506716, 0.5152707, 0.51522857, 0.5125952, 0.5137413, 0.51425046, 0.514719, 0.51616704, 0.51410985, 0.5147588, 0.51621324, 0.51381385, 0.5137951, 0.51364297, 0.5166979, 0.50945044, 0.51457167, 0.5135262, 0.515674, 0.51452315, 0.5117914, 0.51112837, 0.517709, 0.51484406, 0.5137397, 0.51324654, 0.50759065, 0.5076936, 0.51194495, 0.51204914, 0.5116875, 0.5152138, 0.513656, 0.51244617, 0.51168364, 0.51228297, 0.5141302, 0.51325464, 0.51299834, 0.5156273, 0.5136077, 0.51474667, 0.51654714, 0.5155207, 0.51507056, 0.5151801, 0.5136312, 0.5125731, 0.51426035, 0.5139836, 0.51655364, 0.5142166, 0.5136791, 0.51570934, 0.513278, 0.5132127, 0.51236486, 0.5146771, 0.5139474, 0.5128785, 0.5119276, 0.51636773, 0.5151963, 0.5128658, 0.5119553, 0.515267, 0.5155713, 0.5169155, 0.5141608, 0.5147842, 0.51299053, 0.51271033, 0.51242656, 0.5146911, 0.51504135, 0.5173429, 0.51471996, 0.51454026, 0.5149343, 0.51339674, 0.51316273, 0.5155763, 0.514547, 0.5167735, 0.51635754, 0.5149285, 0.5148331, 0.5139843, 0.5151329, 0.5159133, 0.5155427, 0.5145427, 0.5142038, 0.510547, 0.5162357, 0.5153188, 0.5125026, 0.513594, 0.5136687, 0.5124989, 0.5131065, 0.51575714, 0.5158338, 0.5121324, 0.515436, 0.5153656, 0.51455563, 0.51379025, 0.51309466, 0.5124461, 0.5163618, 0.512851, 0.5134706, 0.5161081, 0.51578903, 0.5108076, 0.5161937, 0.512471, 0.5121291, 0.5113202, 0.51166433, 0.5153732, 0.5158454, 0.51569474, 0.5165312, 0.51207185, 0.51578057, 0.5155673, 0.5123165, 0.5146488, 0.51471055, 0.51497173, 0.51329875, 0.51301384, 0.51502913, 0.510221, 0.51482165, 0.5132408, 0.51555043, 0.51605606, 0.5150896, 0.5166213, 0.51440895, 0.5126385, 0.51400954, 0.51616263, 0.51531935, 0.51265585, 0.5161125, 0.51604474, 0.5152447, 0.5151572, 0.51462346, 0.5151871, 0.51567656, 0.5139599, 0.5137718, 0.5138813, 0.51536626, 0.51521486, 0.514044, 0.51427627, 0.51636267, 0.51347953, 0.5156724, 0.5152382, 0.5164746, 0.5109227, 0.5151743, 0.51108456, 0.5115076, 0.5144395]
[0.5086274, 0.50245637, 0.5036509, 0.51054907, 0.5004075, 0.50052613, 0.5109111, 0.5048499, 0.50495833, 0.51072663, 0.5002335, 0.50105363, 0.49994475, 0.50992733, 0.5082432, 0.511577, 0.5037344, 0.50056237, 0.50602907, 0.5089123, 0.5086051, 0.503215, 0.50112665, 0.50604624, 0.50732857, 0.5095027, 0.5068399, 0.50536793, 0.50039387, 0.5157294, 0.5057004, 0.5000586, 0.50003487, 0.50951034, 0.5028476, 0.5008862, 0.5011683, 0.50103754, 0.5017038, 0.50084543, 0.50288326, 0.5056767, 0.51001835, 0.5107726, 0.5026186, 0.50017476, 0.5004051, 0.50642586, 0.5064693, 0.50015974, 0.5006451, 0.4999299, 0.50071913, 0.51019305, 0.5114385, 0.5118033, 0.5076671, 0.5052749, 0.5034122, 0.5061807, 0.5095416, 0.50198066, 0.5086274, 0.5110601, 0.5142307, 0.509327, 0.5040699, 0.50509024, 0.501734, 0.5094789, 0.507435, 0.5077352, 0.50182617, 0.5015223, 0.5054329, 0.5058737, 0.501701, 0.5065902, 0.5057673, 0.50942016, 0.51115155, 0.5086907, 0.510498, 0.5061548, 0.50393313, 0.5011883, 0.51185024, 0.5073241, 0.5082531, 0.51144475, 0.50126255, 0.50204366, 0.5020841, 0.50729656, 0.5007385, 0.5016673, 0.5019182, 0.5086427, 0.5080115, 0.50883305, 0.50934625, 0.509655, 0.5140488, 0.5174274, 0.5163848, 0.51509994, 0.517425, 0.51431054, 0.52006197, 0.5180055, 0.5166852, 0.5187203, 0.51425195, 0.5121564, 0.5127134, 0.51870656, 0.5177417, 0.5187531, 0.51403725, 0.5159049, 0.51574135, 0.51468456, 0.51280147, 0.511744, 0.5149172, 0.5157394, 0.5147452, 0.5152484, 0.5158795, 0.5165922, 0.5146907, 0.51451534, 0.5160086, 0.5162092, 0.5149089, 0.5173498, 0.5171856, 0.5176892, 0.514963, 0.5159623, 0.51701313, 0.5172386, 0.5183647, 0.51661646, 0.51699096, 0.51847565, 0.51591766, 0.5161778, 0.51617044, 0.51900625, 0.5116163, 0.5173934, 0.5154598, 0.51827574, 0.516882, 0.51445746, 0.51364374, 0.52056694, 0.517211, 0.5167114, 0.5149981, 0.51050556, 0.51064754, 0.5143809, 0.5143663, 0.51443154, 0.518171, 0.51597744, 0.5148191, 0.51427984, 0.5144754, 0.51674694, 0.5161603, 0.5154972, 0.5179145, 0.5162291, 0.5159689, 0.5188837, 0.51776636, 0.51707727, 0.51858187, 0.51683825, 0.51591086, 0.5171252, 0.51598096, 0.51857984, 0.51697934, 0.51647747, 0.5177138, 0.5162269, 0.51615405, 0.5149193, 0.5173341, 0.5167984, 0.5152698, 0.5139229, 0.5183794, 0.51739097, 0.5152497, 0.5142768, 0.5174899, 0.517902, 0.51853526, 0.5167281, 0.5168988, 0.5160713, 0.5156751, 0.5152004, 0.51703537, 0.5174684, 0.51956356, 0.51771027, 0.51784784, 0.5170882, 0.51603264, 0.51525474, 0.5175514, 0.51617, 0.518893, 0.51849115, 0.5179269, 0.51720965, 0.5159206, 0.51758, 0.5185759, 0.51792127, 0.51706505, 0.51643425, 0.51318544, 0.5193106, 0.51853645, 0.51413184, 0.5154415, 0.5159361, 0.51514304, 0.51540685, 0.5180393, 0.5184316, 0.5148316, 0.5181537, 0.51804966, 0.5172685, 0.5161392, 0.5160732, 0.51464635, 0.5188605, 0.5154617, 0.5155497, 0.5180471, 0.51809967, 0.5134871, 0.51888984, 0.5148216, 0.51451916, 0.51398814, 0.5140362, 0.5172927, 0.518515, 0.5186494, 0.5190178, 0.5143957, 0.517363, 0.51759124, 0.51488405, 0.51776016, 0.5168162, 0.5171888, 0.5159104, 0.51560235, 0.5176809, 0.51279736, 0.5176904, 0.5156543, 0.5181455, 0.5180869, 0.51731133, 0.519469, 0.51705676, 0.515021, 0.5163316, 0.5187382, 0.51848775, 0.5151951, 0.51844865, 0.5182148, 0.5172795, 0.5176065, 0.5170003, 0.51793844, 0.5184532, 0.5156154, 0.5160546, 0.5158286, 0.5175467, 0.5177387, 0.51609004, 0.5160269, 0.5182022, 0.5157803, 0.5181499, 0.5179762, 0.5186356, 0.5132629, 0.51769924, 0.5134697, 0.51409864, 0.5169014]
[0.504939, 0.50052845, 0.50118047, 0.50480914, 0.5018543, 0.50201446, 0.50672984, 0.5013945, 0.5008874, 0.5046012, 0.501445, 0.50005805, 0.5013226, 0.50602776, 0.50570047, 0.506415, 0.5001336, 0.50026345, 0.50285494, 0.50591207, 0.50618273, 0.5012447, 0.5019427, 0.503298, 0.50461894, 0.50547737, 0.5025328, 0.503054, 0.49983305, 0.5093786, 0.5026022, 0.5005049, 0.5016543, 0.50378007, 0.5000432, 0.5029841, 0.5036102, 0.50327915, 0.5031772, 0.50117695, 0.5002408, 0.5030815, 0.50608045, 0.5055858, 0.5004928, 0.5013007, 0.50223047, 0.50350785, 0.50303143, 0.5008343, 0.50141996, 0.5011939, 0.5010873, 0.5058745, 0.50650585, 0.5068201, 0.50424844, 0.503061, 0.50064814, 0.5015472, 0.50578314, 0.5005189, 0.5031054, 0.50615305, 0.50757605, 0.5051077, 0.5009756, 0.50098133, 0.49993598, 0.50551337, 0.50253063, 0.50319105, 0.50035, 0.5010361, 0.50313234, 0.5025361, 0.50059587, 0.50386727, 0.5027214, 0.50442487, 0.5060217, 0.504978, 0.5063107, 0.5043635, 0.50099367, 0.49999607, 0.50720143, 0.5045639, 0.5038001, 0.5062941, 0.49994516, 0.5034425, 0.50013864, 0.5039566, 0.5015032, 0.5027995, 0.503027, 0.50432265, 0.5031297, 0.5039506, 0.5048997, 0.5053439, 0.5082018, 0.5101213, 0.5099512, 0.5086462, 0.5105103, 0.5083504, 0.51225054, 0.5107318, 0.5099661, 0.5115818, 0.5085006, 0.507435, 0.5074339, 0.511562, 0.5107281, 0.51121575, 0.50817174, 0.5090933, 0.5087447, 0.5085823, 0.5075678, 0.5063856, 0.5082463, 0.509097, 0.50836074, 0.5087346, 0.5089606, 0.5101381, 0.5087606, 0.50859654, 0.50950956, 0.509617, 0.5087093, 0.51041424, 0.51007617, 0.5106756, 0.50862914, 0.5093566, 0.5100118, 0.5103784, 0.5108898, 0.5098965, 0.51040316, 0.5112703, 0.5096029, 0.5093806, 0.50958985, 0.5114943, 0.5070443, 0.5101934, 0.5085436, 0.51076394, 0.5102659, 0.50864697, 0.50775814, 0.51234835, 0.51025754, 0.5099709, 0.5086168, 0.5057201, 0.50557476, 0.50870115, 0.5084859, 0.5083349, 0.5103734, 0.5098026, 0.50902456, 0.50851244, 0.5083384, 0.509801, 0.50982124, 0.5094443, 0.5108479, 0.51007116, 0.50954205, 0.5112543, 0.5105356, 0.51011455, 0.51016086, 0.5094549, 0.5090041, 0.50994915, 0.50949395, 0.5113832, 0.50991577, 0.50916547, 0.51055664, 0.5096853, 0.50964785, 0.5080249, 0.5106421, 0.5095805, 0.50919586, 0.50868565, 0.51092476, 0.5102176, 0.5090148, 0.50847924, 0.5109433, 0.51106215, 0.51152337, 0.5103127, 0.5101632, 0.50971115, 0.50900596, 0.5089008, 0.50998795, 0.50988656, 0.5113062, 0.51025033, 0.5105981, 0.5104231, 0.5094032, 0.5091922, 0.5109626, 0.5101743, 0.511633, 0.511055, 0.510602, 0.5101467, 0.5095637, 0.5101544, 0.51093954, 0.5108123, 0.51061255, 0.50937253, 0.5076408, 0.51174396, 0.5113026, 0.5082266, 0.5092846, 0.50981486, 0.5090711, 0.50870824, 0.5110516, 0.5111164, 0.5085684, 0.5105194, 0.51014715, 0.50990355, 0.50943124, 0.50943214, 0.5082783, 0.5112983, 0.50885284, 0.50930333, 0.5107047, 0.5108122, 0.5076339, 0.51111925, 0.5085887, 0.5084264, 0.5077526, 0.5078591, 0.510502, 0.5110423, 0.5109423, 0.51117903, 0.50873107, 0.5108924, 0.5105867, 0.5086657, 0.51033133, 0.5102296, 0.51008016, 0.5099436, 0.5089962, 0.51072276, 0.5072071, 0.5103931, 0.5093869, 0.51111615, 0.511148, 0.51035786, 0.5118607, 0.51000625, 0.50901556, 0.5096026, 0.51123047, 0.5111119, 0.5092261, 0.5111373, 0.5115224, 0.51058936, 0.51032996, 0.51000893, 0.51017696, 0.5110057, 0.50927407, 0.50910723, 0.50968856, 0.50987554, 0.51058316, 0.5097677, 0.5099967, 0.5107037, 0.5095701, 0.5110296, 0.5109274, 0.5113287, 0.5075972, 0.51049334, 0.5076638, 0.5081836, 0.50989175]
[0.5048574, 0.5023126, 0.5028645, 0.5063072, 0.5006831, 0.50084245, 0.505293, 0.50273854, 0.5020283, 0.5041706, 0.5012468, 0.5019685, 0.50171375, 0.504873, 0.5044869, 0.50641936, 0.50286245, 0.5021782, 0.50390816, 0.5043779, 0.5048847, 0.5037542, 0.50110126, 0.5032904, 0.50343496, 0.50550884, 0.50433564, 0.50416994, 0.50152683, 0.5083271, 0.5028781, 0.5012046, 0.50142217, 0.5049182, 0.5033508, 0.5011177, 0.5016548, 0.5011964, 0.50118107, 0.5010769, 0.5024269, 0.50373536, 0.5047413, 0.5058391, 0.5024057, 0.50132877, 0.50114995, 0.50359815, 0.5035317, 0.5018008, 0.50102395, 0.50151116, 0.5015499, 0.5054598, 0.5059045, 0.506593, 0.5036062, 0.503834, 0.5025614, 0.50298, 0.5051721, 0.5024551, 0.5046154, 0.5064863, 0.50765854, 0.504893, 0.5030956, 0.50288874, 0.5029855, 0.5056187, 0.50395924, 0.5044803, 0.50287575, 0.50282735, 0.5043239, 0.50287825, 0.50171095, 0.5039446, 0.5039703, 0.5055302, 0.50628966, 0.5039581, 0.5054333, 0.5041122, 0.5020212, 0.5015444, 0.50677514, 0.50441885, 0.50481176, 0.5060106, 0.50221545, 0.5010691, 0.5019076, 0.5040529, 0.5012581, 0.5006188, 0.501367, 0.5045352, 0.50382465, 0.50508606, 0.5040241, 0.50489986, 0.507803, 0.50916475, 0.5085095, 0.5080757, 0.509386, 0.50768673, 0.51038784, 0.50956744, 0.5090146, 0.50966144, 0.507323, 0.50676614, 0.5069381, 0.509729, 0.5092948, 0.50941676, 0.5083577, 0.50793314, 0.50812864, 0.5079471, 0.50735664, 0.5065914, 0.50805837, 0.50861794, 0.5083241, 0.50832176, 0.5086932, 0.50886106, 0.50810075, 0.5081135, 0.50895584, 0.5087133, 0.50844324, 0.50905764, 0.50939053, 0.5094483, 0.5084484, 0.50854146, 0.5089598, 0.5092038, 0.50975406, 0.50883746, 0.5092301, 0.509603, 0.5088813, 0.50881445, 0.5086694, 0.5100259, 0.5065463, 0.5095492, 0.5088925, 0.50975996, 0.5091159, 0.5078051, 0.50721085, 0.51082736, 0.50929284, 0.5086857, 0.5081596, 0.5057978, 0.5060494, 0.50751925, 0.50802267, 0.5077122, 0.5097155, 0.508641, 0.5080622, 0.5080169, 0.50817764, 0.50937265, 0.5081807, 0.50818974, 0.5091848, 0.50874144, 0.5089654, 0.50980526, 0.50940573, 0.50924367, 0.5095247, 0.50903434, 0.5086644, 0.5088534, 0.50860727, 0.50975555, 0.5086848, 0.50870746, 0.5092712, 0.50853145, 0.5084916, 0.50845194, 0.5088427, 0.5087255, 0.50836575, 0.507532, 0.5095612, 0.50917864, 0.5083306, 0.5080519, 0.5094056, 0.50924957, 0.5097147, 0.5090284, 0.50932235, 0.5085351, 0.5081904, 0.5080144, 0.50882727, 0.5089345, 0.51008147, 0.50967, 0.5096338, 0.5092923, 0.5078291, 0.5083747, 0.50944865, 0.50872517, 0.5095801, 0.5094223, 0.5092471, 0.50920606, 0.5087089, 0.5091619, 0.50984144, 0.5096482, 0.50892514, 0.5083283, 0.5069073, 0.50968033, 0.5092921, 0.508024, 0.50845873, 0.5084842, 0.5080454, 0.50852734, 0.50924516, 0.5097031, 0.5075773, 0.5095533, 0.5096292, 0.5092522, 0.5088156, 0.50908875, 0.507828, 0.5097703, 0.5081266, 0.5087123, 0.5095615, 0.50959355, 0.50726783, 0.50969815, 0.5080749, 0.50805086, 0.5076394, 0.50784427, 0.50916487, 0.50933206, 0.5094513, 0.50998724, 0.50770056, 0.5091391, 0.5090079, 0.5081859, 0.5092571, 0.50897604, 0.509173, 0.50824976, 0.50871843, 0.50927794, 0.5071741, 0.509115, 0.5080527, 0.5092716, 0.5094324, 0.50903493, 0.5100139, 0.5093442, 0.5081568, 0.5084967, 0.50963295, 0.50932616, 0.50806326, 0.5094006, 0.5096383, 0.5090899, 0.50964695, 0.5094553, 0.50974774, 0.5097009, 0.50908875, 0.5089921, 0.50853956, 0.50942594, 0.5095411, 0.50816053, 0.50873476, 0.5101299, 0.50897074, 0.5097768, 0.5096147, 0.50978357, 0.50782317, 0.5094159, 0.507427, 0.50756365, 0.5090059]
[0.5066953, 0.5008814, 0.50095916, 0.5076068, 0.5014137, 0.5018415, 0.50821275, 0.5020344, 0.50182736, 0.5061875, 0.50202143, 0.5003508, 0.5013653, 0.50659996, 0.50554854, 0.5092949, 0.50082296, 0.4999627, 0.503772, 0.5069989, 0.50670403, 0.50224227, 0.502153, 0.50246936, 0.5034326, 0.5074347, 0.50327355, 0.5046385, 0.50000346, 0.51312894, 0.50322676, 0.50063676, 0.5008722, 0.5045983, 0.49997443, 0.5030556, 0.5036027, 0.5033493, 0.5034075, 0.50075793, 0.5000622, 0.5033373, 0.5069293, 0.50784767, 0.50182366, 0.5011325, 0.5018796, 0.50318426, 0.5035386, 0.5007332, 0.5020766, 0.5011084, 0.5016457, 0.5069182, 0.508879, 0.5091069, 0.5052197, 0.5044998, 0.50154126, 0.50315815, 0.5068477, 0.5008294, 0.50550914, 0.50851226, 0.5106464, 0.5069738, 0.5018415, 0.50116813, 0.5001678, 0.50820816, 0.5046552, 0.50607747, 0.5004833, 0.5004882, 0.5031478, 0.50290394, 0.50003076, 0.5033269, 0.5039165, 0.50661993, 0.508597, 0.50448763, 0.50829536, 0.5044291, 0.501689, 0.50001895, 0.50944567, 0.5049587, 0.5050027, 0.50845253, 0.50087816, 0.503504, 0.5001166, 0.50509775, 0.50088704, 0.5032693, 0.5034492, 0.50554603, 0.50431836, 0.5063329, 0.5055958, 0.50622094, 0.5116888, 0.5138402, 0.5129784, 0.51204175, 0.51454246, 0.51164347, 0.5169498, 0.5153546, 0.5139786, 0.51612025, 0.5117374, 0.51030236, 0.5106807, 0.515539, 0.5149821, 0.51515263, 0.5115055, 0.5124347, 0.5123776, 0.5119734, 0.51008195, 0.5089398, 0.5119941, 0.51236457, 0.5117917, 0.51243997, 0.5133194, 0.5132489, 0.511404, 0.5112834, 0.5137271, 0.5129183, 0.5124141, 0.5143859, 0.5140726, 0.5143553, 0.51234144, 0.51361316, 0.51404256, 0.5144474, 0.5153589, 0.5135991, 0.5140097, 0.5153444, 0.5138856, 0.51369375, 0.51316327, 0.5157806, 0.50937545, 0.51416194, 0.51295894, 0.5157232, 0.5136637, 0.5116946, 0.5109851, 0.51735795, 0.51430476, 0.5137659, 0.51184535, 0.5075864, 0.50752276, 0.5114927, 0.5117339, 0.5112192, 0.51499355, 0.5135372, 0.5122858, 0.5118572, 0.5118837, 0.51367784, 0.5133515, 0.5129942, 0.51514375, 0.51347226, 0.51423395, 0.51559657, 0.51444596, 0.51411915, 0.51451576, 0.51332843, 0.51260376, 0.51447654, 0.5128561, 0.5156361, 0.5139462, 0.5135861, 0.5148228, 0.51344633, 0.5134912, 0.5118529, 0.514152, 0.51338977, 0.51301634, 0.5112465, 0.51544935, 0.5141476, 0.51238805, 0.51168025, 0.5151631, 0.51504177, 0.5155171, 0.51419973, 0.5139515, 0.5134009, 0.5122303, 0.5121069, 0.5136765, 0.51417935, 0.5163989, 0.5150103, 0.51497316, 0.51442456, 0.51272273, 0.51282793, 0.5146256, 0.5134824, 0.5157907, 0.5157787, 0.5145123, 0.5141151, 0.5132493, 0.51474464, 0.5152145, 0.5150783, 0.5138581, 0.51339, 0.5107463, 0.5163654, 0.5153233, 0.5119521, 0.51315516, 0.5136449, 0.5122401, 0.51319045, 0.5153031, 0.5153248, 0.5111829, 0.51486576, 0.51476145, 0.5141865, 0.5134966, 0.51400626, 0.511595, 0.5157525, 0.5124574, 0.5127148, 0.5149547, 0.51506215, 0.51064646, 0.51524615, 0.5120486, 0.51166254, 0.51072884, 0.5111372, 0.51457, 0.5154938, 0.51528955, 0.51535654, 0.5116331, 0.5145845, 0.51453453, 0.512207, 0.51486856, 0.5136841, 0.5140371, 0.5126166, 0.5127477, 0.5149108, 0.51050407, 0.513937, 0.5129516, 0.5152427, 0.51494384, 0.5144492, 0.5158949, 0.51385015, 0.51235807, 0.51319677, 0.5155979, 0.51532227, 0.51270205, 0.5152867, 0.51570123, 0.5148736, 0.5148349, 0.5143037, 0.51487654, 0.5151174, 0.51388276, 0.5139095, 0.5133899, 0.5138733, 0.5144546, 0.5133378, 0.51328266, 0.5157276, 0.5138072, 0.51503694, 0.5150827, 0.51597977, 0.5108028, 0.5149018, 0.51109135, 0.51177686, 0.5136035]
[0.5073786, 0.50142145, 0.50202817, 0.5077144, 0.5035839, 0.50356865, 0.5089934, 0.5018432, 0.501511, 0.5076645, 0.5032009, 0.50115, 0.50280833, 0.5068598, 0.5052703, 0.51026183, 0.5006153, 0.50148296, 0.50353944, 0.5061652, 0.5073197, 0.5018617, 0.50367177, 0.50232184, 0.5043649, 0.5080062, 0.50411487, 0.504268, 0.50170267, 0.5141011, 0.5031074, 0.50122225, 0.5028981, 0.5041209, 0.5006081, 0.50475866, 0.505456, 0.50432587, 0.5051508, 0.50208765, 0.5007073, 0.50354123, 0.50764006, 0.5085187, 0.5021565, 0.50236607, 0.50344026, 0.50341475, 0.5029882, 0.5029713, 0.5038388, 0.5035505, 0.50209564, 0.5075916, 0.50964135, 0.51049036, 0.5043366, 0.50384307, 0.5015478, 0.5031857, 0.5074091, 0.5016112, 0.5057411, 0.5084453, 0.5119967, 0.50685036, 0.5022962, 0.5017804, 0.50106335, 0.5091826, 0.5039034, 0.5059793, 0.5005109, 0.500772, 0.5027718, 0.5033953, 0.5020115, 0.50323504, 0.5045385, 0.5070659, 0.5094129, 0.50681645, 0.509232, 0.50460607, 0.50102395, 0.5013954, 0.5104438, 0.5050358, 0.504062, 0.50947165, 0.5005941, 0.5049227, 0.5006261, 0.5047713, 0.50431734, 0.505568, 0.5059998, 0.50568056, 0.5040564, 0.5056399, 0.50503814, 0.50726616, 0.5129388, 0.5154299, 0.5146454, 0.5131715, 0.51623046, 0.5125959, 0.51857823, 0.51652056, 0.51533234, 0.5175969, 0.5127742, 0.5115886, 0.5118094, 0.5173285, 0.5164291, 0.516816, 0.512813, 0.5139114, 0.51417816, 0.51327217, 0.5113045, 0.5095807, 0.51299334, 0.51412165, 0.51376045, 0.5134062, 0.51459104, 0.51503414, 0.51302034, 0.5128339, 0.5150724, 0.5143885, 0.51393205, 0.51616305, 0.51602364, 0.5164004, 0.51376, 0.5151359, 0.5157349, 0.5157871, 0.51709175, 0.51542, 0.51553625, 0.51739573, 0.51549596, 0.51526487, 0.514528, 0.51744735, 0.51040334, 0.5161398, 0.51418656, 0.5171644, 0.51553786, 0.5129022, 0.51230305, 0.5190712, 0.51595676, 0.5150634, 0.51323485, 0.50832796, 0.5085229, 0.51270175, 0.51310784, 0.5127945, 0.51624954, 0.5150274, 0.5138916, 0.5130051, 0.51317656, 0.51564956, 0.51459605, 0.51421165, 0.51693946, 0.51484925, 0.5152104, 0.51727146, 0.5161155, 0.515659, 0.51590455, 0.5148118, 0.51389706, 0.5157006, 0.5146915, 0.5174509, 0.51496, 0.51462114, 0.51624835, 0.5145665, 0.51450527, 0.51316696, 0.5160881, 0.51487523, 0.514168, 0.5129482, 0.51678455, 0.5159749, 0.51413757, 0.5132753, 0.51660055, 0.51653564, 0.5167389, 0.5154703, 0.51544154, 0.5149922, 0.51411057, 0.51354796, 0.5155533, 0.51583034, 0.5183284, 0.5161029, 0.5161911, 0.5157795, 0.5140857, 0.5141164, 0.51640743, 0.51550657, 0.5174926, 0.5175777, 0.5161672, 0.5160659, 0.514551, 0.5160484, 0.5168993, 0.51677996, 0.5157649, 0.51523566, 0.5116256, 0.5175606, 0.51654947, 0.513179, 0.5147372, 0.51524913, 0.5137012, 0.51421744, 0.51666665, 0.51707625, 0.5127437, 0.5161316, 0.51615536, 0.5155373, 0.5151456, 0.5150731, 0.512747, 0.5174296, 0.5140881, 0.5141558, 0.5165399, 0.516691, 0.5121205, 0.5171026, 0.51341397, 0.51329535, 0.51225686, 0.51240885, 0.51614994, 0.5166865, 0.5166959, 0.5172476, 0.5129377, 0.5168399, 0.516408, 0.5136076, 0.51624894, 0.5150425, 0.5156981, 0.51412064, 0.5141432, 0.51627284, 0.5118879, 0.5157497, 0.51475877, 0.5165556, 0.51673526, 0.51588047, 0.5178965, 0.515435, 0.51382005, 0.5149803, 0.5171228, 0.51684076, 0.5143292, 0.5165319, 0.51744723, 0.5162976, 0.5162465, 0.51584476, 0.51613635, 0.5164294, 0.5152705, 0.5150174, 0.51452816, 0.5156789, 0.5158703, 0.51476336, 0.51485586, 0.5173194, 0.5146713, 0.516907, 0.5166244, 0.5173946, 0.51190335, 0.5166434, 0.512016, 0.512676, 0.5153301]
[0.5063985, 0.50176984, 0.5015787, 0.50704455, 0.5023641, 0.502275, 0.5076158, 0.5017401, 0.5006439, 0.50547904, 0.500998, 0.50026226, 0.50173444, 0.5062103, 0.5049483, 0.5086794, 0.50104266, 0.50080407, 0.5039149, 0.5059105, 0.5066001, 0.50168645, 0.5023271, 0.5021134, 0.5032169, 0.506221, 0.50326073, 0.5050682, 0.5008433, 0.511347, 0.50298244, 0.50085574, 0.5016966, 0.50316787, 0.50009054, 0.50370336, 0.503884, 0.5031808, 0.503141, 0.50148946, 0.50037223, 0.5036482, 0.5060741, 0.50732887, 0.50156397, 0.5004128, 0.50122166, 0.50288075, 0.5032705, 0.50117016, 0.50175023, 0.5016554, 0.5006239, 0.50675297, 0.5088344, 0.50893664, 0.50384545, 0.50320345, 0.50219053, 0.5032756, 0.50679356, 0.50157136, 0.50494474, 0.50702703, 0.50995374, 0.5058798, 0.5013396, 0.5010004, 0.501306, 0.50791997, 0.5042383, 0.5043411, 0.5005795, 0.50183356, 0.5038961, 0.50240296, 0.50037843, 0.50338095, 0.50310344, 0.505546, 0.50774604, 0.50410163, 0.5068167, 0.5046508, 0.500756, 0.5005854, 0.50905883, 0.5037943, 0.50419503, 0.50824726, 0.50083345, 0.50374454, 0.5003844, 0.50444007, 0.50244415, 0.5031854, 0.5035376, 0.50462484, 0.5034424, 0.5053381, 0.5038484, 0.5048813, 0.5111053, 0.513103, 0.5119166, 0.51084876, 0.5133449, 0.51006943, 0.5153857, 0.5141896, 0.5130364, 0.5144123, 0.51056814, 0.5096155, 0.51018625, 0.51435345, 0.51343256, 0.51402754, 0.510289, 0.5113394, 0.5111543, 0.51074505, 0.5097028, 0.5085899, 0.51131785, 0.51179975, 0.51139486, 0.51158994, 0.5119499, 0.5129988, 0.51075155, 0.5109632, 0.5128771, 0.51219887, 0.5117421, 0.5135203, 0.51314485, 0.5135096, 0.5112542, 0.51218116, 0.512494, 0.5131315, 0.5139748, 0.5125944, 0.5134391, 0.5142817, 0.5133323, 0.51300675, 0.5120115, 0.51447326, 0.508731, 0.51307243, 0.51234615, 0.51347184, 0.51265574, 0.51061904, 0.5095931, 0.5157368, 0.51303434, 0.5122796, 0.5111047, 0.50801235, 0.50797004, 0.5106481, 0.5113937, 0.510366, 0.5136859, 0.5123877, 0.5114959, 0.5111961, 0.51126015, 0.5127799, 0.51206756, 0.51151615, 0.5139557, 0.5123867, 0.51323396, 0.5142941, 0.5130553, 0.5126638, 0.5126031, 0.5119573, 0.5114843, 0.5130905, 0.5126804, 0.51415956, 0.5126344, 0.5122646, 0.5137596, 0.5125338, 0.51253694, 0.5105618, 0.5130623, 0.51185024, 0.5114939, 0.5103604, 0.5136917, 0.5127059, 0.5108564, 0.51084805, 0.5136216, 0.5140099, 0.514517, 0.5128958, 0.5128632, 0.51180214, 0.51136357, 0.51116395, 0.51268655, 0.51280034, 0.5145074, 0.5134594, 0.5134175, 0.51374304, 0.5119492, 0.51193506, 0.5139464, 0.5127683, 0.5141963, 0.5142145, 0.51361275, 0.51326257, 0.5124214, 0.51283216, 0.5143524, 0.51381737, 0.5130528, 0.5122387, 0.50940037, 0.51425403, 0.51405275, 0.5114263, 0.51254046, 0.5126289, 0.5113076, 0.51186985, 0.5141503, 0.5137755, 0.5105795, 0.51385796, 0.513449, 0.51326126, 0.5126863, 0.51236916, 0.510684, 0.5144869, 0.5112209, 0.5113006, 0.51377094, 0.5138865, 0.5102247, 0.51414305, 0.51073164, 0.51063305, 0.5096691, 0.51024574, 0.5136417, 0.5141299, 0.51391613, 0.5144072, 0.51140666, 0.5139093, 0.51332563, 0.51147413, 0.51342714, 0.5126421, 0.5131084, 0.51156616, 0.51131165, 0.51390487, 0.509782, 0.51311815, 0.5115458, 0.5136023, 0.51428425, 0.5136047, 0.5144601, 0.5129646, 0.5112726, 0.5123665, 0.51398045, 0.5136817, 0.5119007, 0.5140094, 0.5142541, 0.5134422, 0.513657, 0.5130496, 0.5132804, 0.5137377, 0.5129128, 0.512617, 0.5121408, 0.5127118, 0.5131706, 0.5124735, 0.51246405, 0.5148228, 0.51246804, 0.5140963, 0.5135127, 0.5146549, 0.5100546, 0.5131861, 0.51030886, 0.5106975, 0.5128071]
[0.50327426, 0.49973246, 0.499235, 0.5061484, 0.5018176, 0.5016033, 0.5054767, 0.49910575, 0.4992872, 0.5038167, 0.5013003, 0.50051767, 0.50111425, 0.5043636, 0.50223213, 0.5074171, 0.4991673, 0.500252, 0.50082475, 0.50192964, 0.50317436, 0.4990019, 0.5009791, 0.5003363, 0.5014571, 0.50430423, 0.4998912, 0.5001457, 0.50113606, 0.5118709, 0.49886698, 0.5010161, 0.501732, 0.503958, 0.49902883, 0.50206804, 0.50220686, 0.5012489, 0.5027027, 0.50067544, 0.499923, 0.5000842, 0.5033732, 0.5064398, 0.5001466, 0.5013003, 0.5015285, 0.49992818, 0.49979696, 0.5007315, 0.501276, 0.5010252, 0.50002396, 0.50382954, 0.5068926, 0.507903, 0.5010824, 0.499015, 0.49961346, 0.49925065, 0.5017757, 0.4998568, 0.50184935, 0.50644565, 0.51013416, 0.50396717, 0.4988426, 0.49879995, 0.49964222, 0.5041017, 0.499903, 0.5024378, 0.49955478, 0.5000467, 0.49871904, 0.50025904, 0.50040215, 0.49920306, 0.49920115, 0.5047281, 0.5071135, 0.50362897, 0.5077287, 0.4996278, 0.49993157, 0.50045216, 0.50714767, 0.5005454, 0.5038934, 0.5071001, 0.49908888, 0.5023523, 0.5001414, 0.5006294, 0.50174326, 0.501837, 0.50225854, 0.5020364, 0.5001544, 0.50281906, 0.5019732, 0.50356513, 0.5106146, 0.5140758, 0.51249796, 0.5111282, 0.5146792, 0.5102756, 0.51741195, 0.51498735, 0.5133933, 0.5161577, 0.5103199, 0.50904864, 0.50932086, 0.51553315, 0.5142614, 0.5155954, 0.5113828, 0.51222664, 0.5122438, 0.51128244, 0.5091432, 0.5082363, 0.5108171, 0.5131393, 0.5120878, 0.5110419, 0.5129589, 0.51355743, 0.5121704, 0.51108277, 0.5136979, 0.5126742, 0.51159954, 0.51459074, 0.5141777, 0.5144192, 0.5123887, 0.5120739, 0.51464087, 0.5143974, 0.5158361, 0.51385766, 0.513666, 0.5154741, 0.5133626, 0.5137872, 0.5119602, 0.51627475, 0.50613695, 0.51519823, 0.5125418, 0.51567554, 0.5138315, 0.5105236, 0.5099339, 0.5193499, 0.5148813, 0.51319414, 0.510963, 0.5066801, 0.5061662, 0.50981176, 0.5111207, 0.51012087, 0.51550955, 0.51327443, 0.51217645, 0.5107353, 0.51097125, 0.51480854, 0.51367974, 0.51281327, 0.51533693, 0.51279795, 0.5138249, 0.5163571, 0.5149977, 0.51454777, 0.5154867, 0.5143932, 0.51365024, 0.51400656, 0.5119218, 0.5160952, 0.513608, 0.5134806, 0.51479506, 0.5135363, 0.51346827, 0.5116539, 0.51452994, 0.5139889, 0.5123235, 0.50946724, 0.5155303, 0.5145809, 0.5118049, 0.51063895, 0.5147836, 0.51464987, 0.5148367, 0.5134406, 0.51427937, 0.5136064, 0.51223475, 0.51156175, 0.5140441, 0.5142268, 0.51691604, 0.51468784, 0.51452917, 0.5144174, 0.5121806, 0.51188785, 0.51429987, 0.5126608, 0.5154193, 0.5149264, 0.51529986, 0.5136846, 0.5125961, 0.515203, 0.5162291, 0.514561, 0.51420826, 0.5135145, 0.50895983, 0.5161179, 0.5151461, 0.5106172, 0.5117742, 0.51237607, 0.5112905, 0.51157457, 0.5151617, 0.5160535, 0.5104866, 0.5152687, 0.5150305, 0.5145176, 0.51297885, 0.5133975, 0.5112761, 0.51654017, 0.5124092, 0.51159096, 0.51528376, 0.51572794, 0.5098248, 0.51607984, 0.51109016, 0.5108464, 0.5101885, 0.50999993, 0.51428926, 0.51486546, 0.51588255, 0.5167359, 0.510525, 0.5144314, 0.5143219, 0.51208985, 0.5153253, 0.5132224, 0.5140695, 0.5123051, 0.51336294, 0.5154237, 0.5101535, 0.51421434, 0.5125824, 0.5151139, 0.51505214, 0.5145272, 0.517236, 0.5146655, 0.511642, 0.51321024, 0.51617175, 0.51565844, 0.51165044, 0.5149801, 0.51468074, 0.513269, 0.514738, 0.5143083, 0.515026, 0.5158352, 0.51297987, 0.5134467, 0.5121479, 0.51407737, 0.5145068, 0.51251256, 0.51286197, 0.51603085, 0.51190764, 0.51607597, 0.51598674, 0.51613843, 0.50969255, 0.5147459, 0.50956887, 0.51063055, 0.51397765]
[0.50682765, 0.4997858, 0.4993941, 0.5097227, 0.50124687, 0.5014496, 0.5088676, 0.50029355, 0.49938717, 0.50587434, 0.50127506, 0.5002565, 0.5007832, 0.5085864, 0.5055525, 0.51130617, 0.50007296, 0.5003362, 0.5030175, 0.50596434, 0.5058776, 0.50116736, 0.5014716, 0.50235116, 0.50217044, 0.5080017, 0.5042336, 0.5041127, 0.5004229, 0.5175547, 0.5016697, 0.5011719, 0.50097007, 0.50600255, 0.4993965, 0.50206614, 0.50253004, 0.50215816, 0.5026847, 0.5013836, 0.49944595, 0.50130236, 0.5080661, 0.50903994, 0.49965566, 0.5012273, 0.50159395, 0.50160134, 0.50170237, 0.50089324, 0.50148034, 0.5008589, 0.5011487, 0.5095584, 0.5111118, 0.5104204, 0.50429904, 0.50178707, 0.49942085, 0.5013139, 0.5078468, 0.49965048, 0.5041255, 0.5113116, 0.51418793, 0.50775546, 0.501733, 0.5015149, 0.49943903, 0.50927216, 0.5015732, 0.5043359, 0.50008297, 0.50016767, 0.50111836, 0.50188494, 0.5001981, 0.5027312, 0.50278056, 0.50638515, 0.5096499, 0.5037745, 0.50792587, 0.5021511, 0.49958372, 0.5004243, 0.51189446, 0.5060385, 0.5054463, 0.5096515, 0.50092274, 0.50217617, 0.50021976, 0.5021535, 0.500888, 0.5020422, 0.50217205, 0.5060939, 0.5052939, 0.5048411, 0.5065067, 0.5059072, 0.51495147, 0.5197946, 0.5176061, 0.51579815, 0.52000636, 0.5153149, 0.5236636, 0.5215144, 0.5185659, 0.5212857, 0.5139939, 0.51260066, 0.5126181, 0.5215223, 0.52027553, 0.52127886, 0.5157611, 0.51491123, 0.5156581, 0.5158537, 0.5128881, 0.5118076, 0.5164848, 0.5171455, 0.51595515, 0.5165256, 0.51781714, 0.51775277, 0.514662, 0.51637506, 0.5194223, 0.5179347, 0.5158792, 0.5186133, 0.51902276, 0.5201332, 0.51632136, 0.5171256, 0.5185558, 0.5193926, 0.52101135, 0.5174376, 0.519585, 0.52143204, 0.51843816, 0.5178906, 0.5186655, 0.5224955, 0.51168704, 0.5197542, 0.5170122, 0.5212032, 0.5190046, 0.5157316, 0.5138759, 0.52427167, 0.51918125, 0.51815283, 0.51639086, 0.50937194, 0.50814223, 0.5146492, 0.51578856, 0.5151253, 0.5214422, 0.5177831, 0.51587355, 0.5155678, 0.5156189, 0.5185363, 0.51752794, 0.5165787, 0.5197356, 0.5181355, 0.5183299, 0.5215711, 0.51988244, 0.518499, 0.5199706, 0.5188714, 0.5177984, 0.51772285, 0.5173898, 0.520395, 0.5183681, 0.51806176, 0.5194227, 0.5177637, 0.5175539, 0.5163872, 0.5182966, 0.5173413, 0.5164885, 0.5141167, 0.5215949, 0.51894885, 0.5164101, 0.5158677, 0.5196569, 0.52019966, 0.5215019, 0.5193328, 0.51930976, 0.516981, 0.51552874, 0.51495194, 0.51766247, 0.5181227, 0.521981, 0.5198914, 0.52022684, 0.5200716, 0.5161365, 0.5162371, 0.52006185, 0.51810765, 0.521418, 0.52117044, 0.5190681, 0.5191333, 0.5179886, 0.5190386, 0.52016526, 0.52069044, 0.51859766, 0.51629686, 0.51294005, 0.52141744, 0.520823, 0.5159732, 0.5173198, 0.51847136, 0.5157218, 0.51720667, 0.5206881, 0.5208332, 0.51551664, 0.52092516, 0.52065426, 0.52004445, 0.5185508, 0.51880723, 0.51472074, 0.5213659, 0.5154659, 0.5164436, 0.52018154, 0.52011377, 0.5134304, 0.52099377, 0.51633936, 0.5160636, 0.5148134, 0.51509607, 0.5189795, 0.52068275, 0.5209611, 0.5216839, 0.5153098, 0.51956564, 0.5192592, 0.5167179, 0.51977426, 0.51932055, 0.5196566, 0.5168885, 0.5167552, 0.5200213, 0.5123987, 0.51985013, 0.5154269, 0.520112, 0.52051765, 0.51922435, 0.5215777, 0.5194302, 0.5161618, 0.51789266, 0.5214106, 0.5204055, 0.51567924, 0.52132595, 0.5213703, 0.5200493, 0.52091783, 0.51970685, 0.5208475, 0.52093714, 0.5183704, 0.5191595, 0.51745784, 0.5196005, 0.5202881, 0.51711845, 0.51829326, 0.52199435, 0.5190088, 0.52087855, 0.5201434, 0.5213807, 0.5143854, 0.5201315, 0.51343286, 0.5139172, 0.51788014]
[0.5058372, 0.5007312, 0.50161916, 0.50619787, 0.5015096, 0.50141585, 0.5065454, 0.5019158, 0.5014942, 0.50558835, 0.5014658, 0.50032043, 0.5011568, 0.50522816, 0.5044087, 0.5076034, 0.50122434, 0.50039244, 0.50311995, 0.50469816, 0.5055641, 0.50148684, 0.5019409, 0.50067747, 0.50179183, 0.5062247, 0.5028476, 0.5029926, 0.5003498, 0.51021165, 0.5019728, 0.5006827, 0.5014418, 0.5044728, 0.50064707, 0.5025794, 0.5030533, 0.5024711, 0.5026837, 0.50107294, 0.50008684, 0.50248325, 0.5057108, 0.50694984, 0.5011392, 0.50117296, 0.50176424, 0.5026828, 0.5026408, 0.50070745, 0.50159496, 0.5012589, 0.50070894, 0.5057123, 0.5069932, 0.50749195, 0.50298595, 0.50287247, 0.5011795, 0.502507, 0.5057244, 0.50139505, 0.505238, 0.5066977, 0.508903, 0.50582486, 0.50168556, 0.50187284, 0.5005748, 0.5067771, 0.50414443, 0.5049297, 0.50044334, 0.5004038, 0.5020323, 0.50287765, 0.5003785, 0.50203526, 0.5031782, 0.5055616, 0.5071286, 0.5044773, 0.50657547, 0.5039195, 0.5008572, 0.5003579, 0.50758654, 0.503025, 0.50330704, 0.50712514, 0.5004002, 0.50260776, 0.5001722, 0.5047493, 0.5017554, 0.50273436, 0.5027991, 0.5053734, 0.5044265, 0.5053659, 0.50451726, 0.5054521, 0.50930536, 0.5110812, 0.5100774, 0.50918055, 0.51134044, 0.508941, 0.5132993, 0.5119141, 0.51079166, 0.5125425, 0.50888425, 0.5079809, 0.5084699, 0.51243764, 0.51143426, 0.5118563, 0.5089527, 0.50957704, 0.51012707, 0.5095602, 0.50802916, 0.50704366, 0.5093529, 0.5102469, 0.50984734, 0.50981116, 0.5104192, 0.5108502, 0.509073, 0.5091008, 0.51108843, 0.51039594, 0.50976765, 0.5116737, 0.51122844, 0.5114403, 0.5096245, 0.51047176, 0.51127917, 0.5113845, 0.512306, 0.51101243, 0.51097757, 0.5122642, 0.5112814, 0.51144737, 0.51012635, 0.51256, 0.50721145, 0.51157, 0.51049215, 0.51191515, 0.51103324, 0.50930643, 0.5088256, 0.5139279, 0.5113162, 0.5108557, 0.5091916, 0.5062418, 0.50625014, 0.50854844, 0.50947183, 0.50896126, 0.51189893, 0.5106069, 0.5097475, 0.5091467, 0.50937104, 0.51132643, 0.5105604, 0.5100935, 0.5120282, 0.5103288, 0.5112379, 0.5124269, 0.5115832, 0.5110333, 0.5113458, 0.51079834, 0.5102259, 0.5112737, 0.51031303, 0.51247936, 0.5109255, 0.5105945, 0.51168215, 0.5104766, 0.51048464, 0.5093846, 0.5113744, 0.5104545, 0.5098178, 0.5084465, 0.51197416, 0.5112654, 0.5097791, 0.50940496, 0.5116214, 0.5116528, 0.51169777, 0.5109258, 0.5109398, 0.5104872, 0.50986177, 0.50939924, 0.5109096, 0.51113933, 0.5130567, 0.5115961, 0.511502, 0.5112365, 0.50988007, 0.5099151, 0.5116866, 0.5107739, 0.5121269, 0.5125436, 0.5115737, 0.51124746, 0.51023674, 0.5112398, 0.51238805, 0.5116542, 0.51102793, 0.51104164, 0.50817615, 0.5126066, 0.5119482, 0.5095452, 0.51038206, 0.5106027, 0.5095848, 0.51045495, 0.51179713, 0.511942, 0.5088592, 0.51175606, 0.51177245, 0.51116157, 0.510726, 0.5107521, 0.50904924, 0.51229143, 0.5100944, 0.5099679, 0.5119802, 0.512211, 0.50859255, 0.5123764, 0.50932205, 0.5092337, 0.5085613, 0.50878656, 0.51158226, 0.5119295, 0.5120993, 0.5123646, 0.5093017, 0.51164544, 0.51146525, 0.5095853, 0.5117892, 0.5103692, 0.5109247, 0.5096984, 0.50989586, 0.511457, 0.5082785, 0.5110528, 0.5101765, 0.5115182, 0.5119286, 0.5116841, 0.51247025, 0.5111472, 0.50976115, 0.51044416, 0.51214045, 0.5119416, 0.5098958, 0.51187706, 0.5120857, 0.511356, 0.51166815, 0.51135373, 0.51211154, 0.51173264, 0.51102835, 0.51121503, 0.5100748, 0.51121014, 0.51130855, 0.5104667, 0.51048994, 0.5128308, 0.5104362, 0.51202506, 0.5118542, 0.51236176, 0.50843406, 0.51161236, 0.50853723, 0.5090438, 0.51101136]
[0.5066601, 0.50092655, 0.50118583, 0.50820947, 0.50501335, 0.5050331, 0.5093256, 0.5011621, 0.5010143, 0.5067852, 0.50507426, 0.5039443, 0.50433064, 0.5066542, 0.5039299, 0.51106024, 0.50184816, 0.5037461, 0.50470334, 0.50631195, 0.50540406, 0.50111663, 0.5052237, 0.5016894, 0.5006401, 0.50878686, 0.5018071, 0.50572675, 0.5029078, 0.5144934, 0.5008658, 0.50340146, 0.50446475, 0.50577116, 0.50240177, 0.5066494, 0.50716674, 0.50622404, 0.50659984, 0.5035131, 0.5024684, 0.5029862, 0.5066853, 0.50970006, 0.50118953, 0.50359845, 0.504264, 0.5015896, 0.50338155, 0.5039651, 0.5050183, 0.5047564, 0.5043338, 0.50686795, 0.51021564, 0.51098126, 0.50385255, 0.500985, 0.50085825, 0.50137293, 0.5064948, 0.50235146, 0.50627196, 0.5092749, 0.5124002, 0.5083354, 0.5009204, 0.5011262, 0.5025476, 0.50960624, 0.50477123, 0.5066752, 0.50227195, 0.5025758, 0.5013681, 0.5035366, 0.50253326, 0.5013526, 0.503004, 0.50778395, 0.50994074, 0.50310284, 0.50974965, 0.502246, 0.50076264, 0.50357836, 0.5104241, 0.5048495, 0.50399834, 0.50917536, 0.5019875, 0.50624496, 0.5032302, 0.5050095, 0.50541586, 0.5058062, 0.5062994, 0.50632995, 0.50506735, 0.5067967, 0.5034743, 0.50663686, 0.51341707, 0.51609814, 0.5147654, 0.5133873, 0.51626575, 0.51307744, 0.5192476, 0.5166775, 0.51593506, 0.51829356, 0.5129458, 0.51179796, 0.51165134, 0.51738125, 0.51685363, 0.5173303, 0.51323515, 0.5143987, 0.51425844, 0.5138519, 0.5119856, 0.50907785, 0.5133553, 0.51436305, 0.5133368, 0.5132056, 0.5148902, 0.51512474, 0.51401484, 0.5134362, 0.5154036, 0.5148232, 0.5139339, 0.51677257, 0.5161483, 0.51656675, 0.5141183, 0.5147877, 0.5162152, 0.5161055, 0.5174033, 0.5157763, 0.5160878, 0.5178543, 0.5160758, 0.5157741, 0.51431036, 0.5182522, 0.5103221, 0.516591, 0.5144573, 0.51743466, 0.51587784, 0.51327515, 0.5128237, 0.51979417, 0.51645595, 0.51544374, 0.51311535, 0.5086276, 0.5087571, 0.5127415, 0.5132153, 0.51274645, 0.51715726, 0.515225, 0.51399827, 0.5136106, 0.5137355, 0.51626015, 0.51555824, 0.514956, 0.5175158, 0.51514953, 0.51557386, 0.5173305, 0.51680875, 0.515989, 0.5164007, 0.51517355, 0.5146326, 0.5163451, 0.5144833, 0.51770586, 0.515907, 0.5149751, 0.51666206, 0.515758, 0.5157792, 0.5142569, 0.5163546, 0.5153748, 0.5142008, 0.5126648, 0.5171863, 0.5164201, 0.5144996, 0.5135078, 0.51681215, 0.5168447, 0.51743084, 0.51554704, 0.51561207, 0.51565784, 0.5145433, 0.5142073, 0.5161043, 0.5163054, 0.5185396, 0.517015, 0.5168763, 0.51612717, 0.5149759, 0.5145375, 0.51688415, 0.51535684, 0.5174104, 0.5175994, 0.51688856, 0.51595557, 0.5148315, 0.51664, 0.5175838, 0.5170734, 0.51614106, 0.51503307, 0.5116119, 0.51805174, 0.51727885, 0.51324856, 0.51460654, 0.51524407, 0.51380056, 0.5149384, 0.5173101, 0.5175507, 0.51283383, 0.51680034, 0.51694703, 0.5158086, 0.51481086, 0.5153564, 0.5126682, 0.5178917, 0.5143101, 0.5143461, 0.51724374, 0.51747435, 0.51248664, 0.5174942, 0.5135994, 0.51343787, 0.5125021, 0.51249427, 0.516643, 0.51724774, 0.5175789, 0.5178281, 0.51369256, 0.5169175, 0.51629144, 0.51403034, 0.51678723, 0.51548475, 0.51572555, 0.51439744, 0.51437914, 0.51682705, 0.5121647, 0.5157447, 0.5146134, 0.5166053, 0.51693577, 0.51726353, 0.5185657, 0.5160342, 0.51407266, 0.5150237, 0.5178267, 0.51757616, 0.5145429, 0.5174661, 0.5174264, 0.5164111, 0.5168496, 0.5157378, 0.51662004, 0.51725626, 0.515794, 0.5159227, 0.5148974, 0.5159216, 0.51604915, 0.51485074, 0.5149106, 0.5179363, 0.5149496, 0.517144, 0.51688725, 0.5176154, 0.51249206, 0.51675445, 0.5122657, 0.51306534, 0.51571065]
[0.5065191, 0.501551, 0.50240225, 0.5080617, 0.5018964, 0.5021913, 0.50786394, 0.5021124, 0.50131845, 0.5058038, 0.50220406, 0.5007798, 0.5018303, 0.50590706, 0.504783, 0.5088342, 0.50202584, 0.50046754, 0.5049618, 0.5059088, 0.5071904, 0.5033798, 0.50231856, 0.503024, 0.5034909, 0.5075042, 0.5053333, 0.5049439, 0.5010154, 0.5116757, 0.50296456, 0.50129306, 0.50235164, 0.5059244, 0.5024138, 0.50365925, 0.50445265, 0.5039615, 0.5040098, 0.5015114, 0.5013782, 0.5032886, 0.5066721, 0.507835, 0.502176, 0.50148416, 0.50250536, 0.5033535, 0.5034601, 0.50139135, 0.5028228, 0.5012141, 0.50123954, 0.5073898, 0.50834113, 0.5086682, 0.50504893, 0.5041049, 0.50239015, 0.50358, 0.5070856, 0.5024198, 0.50655174, 0.50866675, 0.5105302, 0.5069977, 0.5031049, 0.5026061, 0.50182426, 0.50798875, 0.5045908, 0.5058501, 0.50121665, 0.50149643, 0.5042561, 0.5031913, 0.50099933, 0.5044174, 0.504994, 0.50739205, 0.50856733, 0.5052843, 0.5075823, 0.5047788, 0.501664, 0.50079453, 0.50920665, 0.5056437, 0.5059616, 0.5084482, 0.5004595, 0.50381297, 0.5004797, 0.5046571, 0.50238115, 0.5040517, 0.5044734, 0.50562215, 0.5043808, 0.50618386, 0.5058091, 0.50608504, 0.51078427, 0.5128228, 0.51172835, 0.5110647, 0.51324195, 0.51014525, 0.5151616, 0.51381874, 0.5126029, 0.5140837, 0.5103584, 0.5096416, 0.5100423, 0.5140595, 0.51319474, 0.51374865, 0.5109658, 0.51081264, 0.511222, 0.5109388, 0.50986767, 0.5089695, 0.5112716, 0.51184976, 0.5113996, 0.51148385, 0.5119743, 0.5125293, 0.5110047, 0.5110057, 0.5127138, 0.51217824, 0.51141435, 0.51303214, 0.51307577, 0.5131164, 0.5113936, 0.51220834, 0.51245844, 0.5131265, 0.5140536, 0.51220125, 0.51271605, 0.51384825, 0.51310074, 0.51252437, 0.5119222, 0.51436234, 0.5089093, 0.5132594, 0.51247317, 0.5138704, 0.51263255, 0.5107847, 0.5101002, 0.515499, 0.5126894, 0.51218104, 0.5111501, 0.5081622, 0.5080445, 0.51036865, 0.5112552, 0.5106535, 0.513657, 0.5121769, 0.5113371, 0.5109754, 0.5108913, 0.5128859, 0.5118912, 0.511569, 0.51355445, 0.5120124, 0.51276, 0.5140625, 0.5131802, 0.5128137, 0.5129686, 0.5123633, 0.51159793, 0.5125116, 0.51197124, 0.51399124, 0.5122776, 0.5122627, 0.51339465, 0.5121158, 0.51202935, 0.511416, 0.5126329, 0.5122744, 0.5112617, 0.5103998, 0.51366055, 0.51278615, 0.5112263, 0.5110975, 0.5132729, 0.5134357, 0.5139254, 0.51254404, 0.5129033, 0.51184446, 0.5110073, 0.51082474, 0.51240295, 0.5124555, 0.5145933, 0.5132483, 0.51300526, 0.51340336, 0.5114502, 0.5116798, 0.5135754, 0.51242346, 0.5139286, 0.5137331, 0.5130468, 0.51303065, 0.51242375, 0.5130317, 0.51375306, 0.51366436, 0.512625, 0.51215047, 0.5096128, 0.51405364, 0.51356876, 0.51152486, 0.51218796, 0.5121771, 0.5110395, 0.51200736, 0.51363, 0.51367563, 0.51058394, 0.5132485, 0.51347727, 0.5132044, 0.51228434, 0.5121333, 0.5109914, 0.5141738, 0.51130927, 0.5117024, 0.51388335, 0.5138793, 0.50995475, 0.5139573, 0.5112044, 0.51087195, 0.5104336, 0.51063734, 0.5132696, 0.51370245, 0.5136855, 0.5142008, 0.51067066, 0.5133969, 0.51325333, 0.51150876, 0.5133196, 0.5126226, 0.5128848, 0.51156026, 0.51176935, 0.5131864, 0.5098261, 0.51283747, 0.51149344, 0.51326, 0.5135175, 0.5132736, 0.5144854, 0.51276064, 0.51137596, 0.51214355, 0.5138667, 0.513343, 0.51130646, 0.51364034, 0.513886, 0.51319736, 0.51346624, 0.5131198, 0.5132523, 0.5135886, 0.51253474, 0.512492, 0.5119251, 0.5131888, 0.5129798, 0.51204175, 0.5121847, 0.5145691, 0.5126611, 0.51368374, 0.51343024, 0.51411986, 0.5102084, 0.51325625, 0.5101424, 0.51036346, 0.5125279]
[0.5060668, 0.50028366, 0.49970102, 0.50826055, 0.5025543, 0.50239867, 0.50730205, 0.5010067, 0.50000924, 0.5046557, 0.50236046, 0.5011041, 0.5016353, 0.5068616, 0.50598496, 0.5089129, 0.50046664, 0.5006099, 0.5025179, 0.5047755, 0.5059667, 0.5006955, 0.5026165, 0.5032648, 0.5048526, 0.50642633, 0.5027716, 0.50276047, 0.5017436, 0.51277137, 0.5012309, 0.5019502, 0.5018189, 0.506239, 0.50112236, 0.502699, 0.50330275, 0.5026807, 0.5040209, 0.5017456, 0.49992293, 0.50135666, 0.50684303, 0.5075069, 0.49993634, 0.5022545, 0.5025599, 0.5028451, 0.50163704, 0.5011423, 0.50226957, 0.5013104, 0.5015017, 0.50739396, 0.508539, 0.5088606, 0.50531024, 0.5019822, 0.499956, 0.50030065, 0.5057648, 0.4999708, 0.50355846, 0.5091615, 0.511255, 0.50631, 0.5018548, 0.5024759, 0.5004713, 0.5060111, 0.5010382, 0.5039878, 0.50010335, 0.5010067, 0.5010837, 0.5011968, 0.500865, 0.50331026, 0.5024861, 0.506376, 0.5081188, 0.5062782, 0.5082572, 0.50192064, 0.500224, 0.50111634, 0.5089061, 0.50379175, 0.50630224, 0.50817287, 0.5007248, 0.5036013, 0.5004536, 0.50197434, 0.5018975, 0.5030273, 0.50336194, 0.5043665, 0.50244874, 0.5036615, 0.5065779, 0.5061748, 0.5113132, 0.5141894, 0.51330477, 0.5122795, 0.51458, 0.51176584, 0.5164662, 0.51468027, 0.51310366, 0.5152198, 0.51111156, 0.5098853, 0.5098021, 0.5153784, 0.5143905, 0.514987, 0.5124551, 0.5123774, 0.5123858, 0.51248944, 0.5102097, 0.5093173, 0.51191103, 0.5129957, 0.51192075, 0.5121409, 0.51314396, 0.51314175, 0.5116224, 0.5116848, 0.51352036, 0.5131669, 0.5118343, 0.5135144, 0.51385546, 0.5145905, 0.5127008, 0.5125804, 0.513752, 0.5138881, 0.5149035, 0.51336807, 0.5140515, 0.51512, 0.51271003, 0.51303554, 0.5133117, 0.51570773, 0.5088833, 0.5142078, 0.51259977, 0.5152023, 0.5139227, 0.51177007, 0.51092356, 0.5174869, 0.51411426, 0.51320505, 0.511758, 0.507825, 0.5071711, 0.51116395, 0.51186913, 0.5112593, 0.51516765, 0.51320827, 0.512333, 0.51145893, 0.511842, 0.51414967, 0.5128987, 0.5127677, 0.51411605, 0.5130285, 0.5135096, 0.5150723, 0.5142756, 0.51384616, 0.51536804, 0.51401645, 0.5132155, 0.51335514, 0.5123034, 0.51509464, 0.5132892, 0.5134754, 0.51398706, 0.5129278, 0.51276344, 0.51269776, 0.51362133, 0.5134887, 0.5127764, 0.51096535, 0.51517445, 0.51412034, 0.5127619, 0.51143503, 0.5143826, 0.5143212, 0.51460934, 0.51397604, 0.5137128, 0.51300645, 0.51221305, 0.5116921, 0.51361424, 0.51394856, 0.5157611, 0.51466167, 0.5147415, 0.514453, 0.5123239, 0.512012, 0.514007, 0.51309663, 0.51493037, 0.5151177, 0.51413614, 0.5136794, 0.51306987, 0.5145931, 0.51504195, 0.5146808, 0.51338875, 0.5130996, 0.5099157, 0.51560867, 0.51507145, 0.51124066, 0.5122158, 0.51285505, 0.5122237, 0.5127285, 0.51427066, 0.5154069, 0.5114506, 0.5147703, 0.5147208, 0.5139969, 0.513397, 0.513495, 0.5117489, 0.51540315, 0.5123582, 0.512924, 0.5147101, 0.5148189, 0.5102486, 0.51526433, 0.5122202, 0.512059, 0.5112074, 0.51183075, 0.5139334, 0.5147298, 0.5146806, 0.51540035, 0.51118267, 0.5144023, 0.51405, 0.51243454, 0.5142955, 0.51360273, 0.5140846, 0.5130308, 0.51281995, 0.5141353, 0.5102535, 0.5139625, 0.5123654, 0.5144727, 0.51467943, 0.51365453, 0.51598257, 0.51425076, 0.512162, 0.5130212, 0.51536596, 0.5147659, 0.51187587, 0.5148031, 0.51501113, 0.51412046, 0.51468647, 0.5141559, 0.5152342, 0.5149467, 0.51310337, 0.5132557, 0.51282877, 0.51425767, 0.51460737, 0.5127388, 0.5130291, 0.5151398, 0.51349187, 0.51509553, 0.5149603, 0.5148946, 0.5099589, 0.5147634, 0.5102717, 0.51061386, 0.513235]
[0.506236, 0.5027528, 0.5029788, 0.5072295, 0.50044787, 0.5002282, 0.5068757, 0.5038764, 0.5035662, 0.5062263, 0.500001, 0.50175524, 0.50083727, 0.50575817, 0.5054415, 0.5082085, 0.50287706, 0.50137633, 0.5058735, 0.5050946, 0.50595766, 0.503949, 0.5000653, 0.5030557, 0.5036506, 0.50638586, 0.504931, 0.5055548, 0.5011681, 0.51062477, 0.5039533, 0.5007826, 0.50104964, 0.5052248, 0.5032521, 0.5007161, 0.50139666, 0.50018, 0.50189215, 0.5004899, 0.50195485, 0.5047007, 0.5059647, 0.5073046, 0.503407, 0.50117546, 0.50044316, 0.5036282, 0.50389683, 0.5011363, 0.49985543, 0.50041795, 0.50063837, 0.5065386, 0.5078237, 0.50800526, 0.50427943, 0.50438255, 0.50278616, 0.50376284, 0.50637865, 0.5038872, 0.50583744, 0.5073486, 0.5094942, 0.5066423, 0.502946, 0.5033396, 0.50226414, 0.5069197, 0.5053983, 0.5058587, 0.50235975, 0.50303423, 0.50446784, 0.5044984, 0.50121623, 0.50393194, 0.5050131, 0.50631166, 0.50750345, 0.5051254, 0.5073252, 0.5042588, 0.50272757, 0.5009071, 0.5080055, 0.5045066, 0.5047894, 0.5070897, 0.50267625, 0.50120884, 0.50108606, 0.50529873, 0.49974412, 0.50108546, 0.5018098, 0.50582063, 0.5050996, 0.5060104, 0.50524926, 0.5059729, 0.50986105, 0.5119808, 0.5107023, 0.5096106, 0.5124447, 0.5095531, 0.51415366, 0.51267153, 0.51143724, 0.51301706, 0.5090672, 0.50864106, 0.50891674, 0.51305014, 0.51244456, 0.5126167, 0.5100171, 0.51054347, 0.5107809, 0.5105258, 0.5090352, 0.5083635, 0.510769, 0.51116407, 0.5105728, 0.5104181, 0.5110335, 0.51142067, 0.51044124, 0.51022273, 0.51153964, 0.5114463, 0.51057047, 0.51238334, 0.5121747, 0.51274294, 0.5104098, 0.5113551, 0.51195884, 0.5119906, 0.5129534, 0.5113496, 0.51210797, 0.5129634, 0.5118268, 0.51184994, 0.5110675, 0.5133972, 0.5076326, 0.512422, 0.5114954, 0.5124537, 0.5116992, 0.50948, 0.5090865, 0.5145561, 0.51198995, 0.5115608, 0.5102714, 0.50741816, 0.50741273, 0.5096457, 0.5102951, 0.5097223, 0.51303524, 0.5114479, 0.5104127, 0.5100346, 0.51023746, 0.5122386, 0.51088136, 0.51056194, 0.51257473, 0.5109371, 0.51185524, 0.51313066, 0.5125628, 0.51231813, 0.5123809, 0.5120382, 0.5111667, 0.51160246, 0.5110293, 0.51317817, 0.5117722, 0.5113416, 0.5127019, 0.51121515, 0.5111313, 0.5103734, 0.5117076, 0.51160324, 0.51062644, 0.5091372, 0.5131859, 0.5121865, 0.5108233, 0.5099331, 0.5125025, 0.5122105, 0.5127466, 0.51135486, 0.51179475, 0.51144755, 0.51081383, 0.51025146, 0.51206046, 0.51202005, 0.5138935, 0.51225704, 0.5120943, 0.5121239, 0.51084524, 0.51053494, 0.51274884, 0.5117834, 0.51274896, 0.5130201, 0.51249063, 0.5117669, 0.511081, 0.512397, 0.5131319, 0.5128043, 0.51190645, 0.5113416, 0.5088016, 0.5129287, 0.5124121, 0.51002073, 0.510724, 0.5109555, 0.5101174, 0.5109222, 0.51232815, 0.5130622, 0.5096972, 0.51277155, 0.5126118, 0.5121231, 0.5113337, 0.51137143, 0.51014864, 0.51300323, 0.5107341, 0.51043355, 0.51267976, 0.5128634, 0.5090774, 0.5133151, 0.51009095, 0.50995266, 0.509449, 0.5096495, 0.5121152, 0.51264256, 0.5128618, 0.5130926, 0.50995284, 0.5127625, 0.5120893, 0.51045203, 0.5122739, 0.5114852, 0.5119607, 0.51030946, 0.5109831, 0.51244754, 0.50936264, 0.5119327, 0.51047087, 0.5120419, 0.5125727, 0.5124482, 0.5132641, 0.5121149, 0.51026165, 0.5109292, 0.5131452, 0.5126782, 0.51005894, 0.5127799, 0.51256555, 0.5117324, 0.5124914, 0.51203096, 0.5127958, 0.5128211, 0.51156366, 0.51192665, 0.5112165, 0.5124377, 0.51222706, 0.5110029, 0.5109391, 0.51363, 0.5112662, 0.5127774, 0.51248467, 0.51316917, 0.5091642, 0.5121331, 0.5089061, 0.5092687, 0.5116706]
[0.5068392, 0.50008994, 0.5016577, 0.5086147, 0.50077367, 0.5008606, 0.50747967, 0.5015168, 0.50104564, 0.505755, 0.50061303, 0.49991554, 0.50055015, 0.5060855, 0.50516033, 0.5092443, 0.50121975, 0.49978307, 0.502593, 0.50657743, 0.5079313, 0.50123304, 0.5013704, 0.50275534, 0.5045748, 0.50694525, 0.50410163, 0.5015431, 0.50042963, 0.51360965, 0.5026922, 0.50013995, 0.50103587, 0.50623506, 0.50151837, 0.5013623, 0.5017378, 0.50126505, 0.5019116, 0.5004789, 0.5006081, 0.50200963, 0.5078614, 0.50804216, 0.49977466, 0.5010098, 0.5013021, 0.50402683, 0.50233, 0.50069016, 0.5009259, 0.50046015, 0.49995786, 0.5075152, 0.50911695, 0.5101062, 0.5044857, 0.5033969, 0.50128067, 0.5021853, 0.5066413, 0.49997866, 0.5056826, 0.50997484, 0.51223016, 0.5058827, 0.5011172, 0.5009944, 0.5004277, 0.5073972, 0.5034213, 0.50447965, 0.5005543, 0.5004982, 0.5032258, 0.5024618, 0.50029117, 0.50441897, 0.5047089, 0.50774586, 0.51001966, 0.5059202, 0.50817084, 0.50477207, 0.5005172, 0.5000183, 0.50996226, 0.50337344, 0.5061134, 0.5093167, 0.50026417, 0.50184596, 0.5002555, 0.50466156, 0.5010506, 0.5015759, 0.50180954, 0.5057009, 0.5041472, 0.5054052, 0.5065568, 0.5080392, 0.51294464, 0.51583165, 0.51437104, 0.51325995, 0.5160325, 0.5123414, 0.51828504, 0.5161702, 0.5148521, 0.5169601, 0.51175565, 0.51053023, 0.5110332, 0.51678205, 0.51563376, 0.51645094, 0.5131028, 0.5130191, 0.51362646, 0.5134577, 0.51121, 0.5093902, 0.51293355, 0.51430404, 0.5136861, 0.513316, 0.5141997, 0.515155, 0.51306283, 0.5128793, 0.51496917, 0.51428527, 0.5136834, 0.5152854, 0.51578426, 0.5159669, 0.5134861, 0.51394516, 0.51525486, 0.5156028, 0.51689416, 0.51512116, 0.51505893, 0.51652044, 0.51411945, 0.5143819, 0.5142626, 0.51752824, 0.5098225, 0.5156519, 0.5137212, 0.51643705, 0.51520056, 0.5125737, 0.5118983, 0.51892406, 0.5154569, 0.5145581, 0.5131837, 0.5074838, 0.50757813, 0.5122598, 0.51287675, 0.51237714, 0.51653576, 0.51449585, 0.51334804, 0.5125301, 0.51296633, 0.5150801, 0.5144603, 0.51411754, 0.51608497, 0.5144383, 0.51457775, 0.51701653, 0.51563215, 0.51504004, 0.516255, 0.5149893, 0.51414925, 0.51526827, 0.51439834, 0.51666206, 0.51474696, 0.5145164, 0.5157652, 0.5143042, 0.5141723, 0.51363975, 0.51563615, 0.5148976, 0.5134253, 0.5118208, 0.5163744, 0.5157793, 0.51349646, 0.5126448, 0.5159417, 0.516319, 0.51638824, 0.51519644, 0.51537764, 0.5143443, 0.5135714, 0.5134346, 0.5152576, 0.51558626, 0.51766187, 0.51596737, 0.51598805, 0.51559037, 0.51364917, 0.5134662, 0.516067, 0.5144561, 0.5167029, 0.516419, 0.51554656, 0.5158444, 0.51416355, 0.515595, 0.5169761, 0.51602185, 0.51554596, 0.5149341, 0.5106328, 0.51699954, 0.516367, 0.51264864, 0.5139842, 0.514399, 0.51347154, 0.5139425, 0.51614827, 0.516607, 0.512824, 0.51613194, 0.51635426, 0.51544, 0.5148101, 0.51487917, 0.5127122, 0.51724744, 0.51349276, 0.51416385, 0.5162564, 0.51626366, 0.5118556, 0.5170706, 0.5130411, 0.5127661, 0.51212335, 0.5125301, 0.5155636, 0.516237, 0.5162592, 0.51707536, 0.5120031, 0.51598674, 0.515809, 0.51349163, 0.5160638, 0.5149701, 0.5153385, 0.5142969, 0.5141082, 0.51555824, 0.5111026, 0.5152674, 0.51384854, 0.51621705, 0.51633185, 0.5156498, 0.51753014, 0.5154924, 0.51316816, 0.5145718, 0.5166062, 0.5162535, 0.5134387, 0.51628923, 0.5167792, 0.51583815, 0.515969, 0.51571816, 0.5163332, 0.5162133, 0.51480234, 0.515004, 0.5140812, 0.51527613, 0.515654, 0.5137213, 0.514665, 0.5171258, 0.5147458, 0.5166112, 0.5163644, 0.51702, 0.51080984, 0.51582295, 0.51151955, 0.51220584, 0.51519996]
[0.5072856, 0.49986556, 0.499716, 0.5086169, 0.5012539, 0.50154036, 0.50912654, 0.4998859, 0.49986866, 0.5075756, 0.5012483, 0.500493, 0.5009555, 0.5089628, 0.50630665, 0.51104355, 0.49959227, 0.50004804, 0.5027623, 0.5072185, 0.5073669, 0.5005223, 0.50127286, 0.501387, 0.5006336, 0.50845575, 0.502442, 0.5026448, 0.5005805, 0.51576596, 0.5022429, 0.5011614, 0.5007793, 0.50592583, 0.4999503, 0.5017308, 0.5020038, 0.50190353, 0.5024167, 0.50055075, 0.5000725, 0.5006394, 0.5089514, 0.5096315, 0.5000709, 0.5008509, 0.50110894, 0.50090724, 0.50022036, 0.50107086, 0.50125486, 0.50047094, 0.5011207, 0.5094327, 0.5107538, 0.51111025, 0.50475675, 0.50135106, 0.49946877, 0.4997666, 0.5086463, 0.50005156, 0.5052366, 0.51051784, 0.5134654, 0.5075681, 0.5000722, 0.4992759, 0.49997687, 0.50860405, 0.50206244, 0.50323385, 0.50004625, 0.4998736, 0.5019449, 0.5000559, 0.50055057, 0.50271446, 0.50245416, 0.5062337, 0.5098105, 0.5049129, 0.5092466, 0.5012175, 0.49991488, 0.5003163, 0.5114946, 0.5034874, 0.504381, 0.5099938, 0.50100774, 0.5023317, 0.5000567, 0.50219023, 0.501061, 0.50212914, 0.5023583, 0.5059192, 0.50293, 0.5052113, 0.5074304, 0.5084439, 0.51397336, 0.51793635, 0.5164096, 0.51539147, 0.5183759, 0.51486945, 0.52111894, 0.51884323, 0.51722646, 0.51973104, 0.5134925, 0.5118457, 0.51206386, 0.51927567, 0.5184719, 0.519124, 0.51430476, 0.5160213, 0.51552, 0.51487756, 0.51236653, 0.5103218, 0.5149121, 0.51592666, 0.51493037, 0.51532763, 0.5161245, 0.5163975, 0.51457417, 0.5147836, 0.5163743, 0.51585895, 0.5151846, 0.5177118, 0.51780343, 0.518301, 0.5152949, 0.51612365, 0.5173065, 0.5176809, 0.5190199, 0.5165992, 0.51755923, 0.5192084, 0.51654994, 0.51619047, 0.5167501, 0.5203313, 0.51165503, 0.5171974, 0.51557595, 0.5189225, 0.51757437, 0.5145223, 0.5135076, 0.5214043, 0.517876, 0.51652044, 0.51528233, 0.5089765, 0.50882214, 0.51422906, 0.5142174, 0.51373833, 0.5187544, 0.5165796, 0.5148706, 0.51476246, 0.5150337, 0.51699746, 0.5162948, 0.5154698, 0.5187409, 0.5165128, 0.51673096, 0.5193203, 0.5184952, 0.51712006, 0.51899904, 0.51669884, 0.5157924, 0.517386, 0.51621246, 0.5195244, 0.5170852, 0.51642936, 0.51803565, 0.5165208, 0.5164024, 0.5150965, 0.51753116, 0.51628447, 0.5157138, 0.5141034, 0.51929814, 0.5178143, 0.51519686, 0.51426953, 0.5182601, 0.51852345, 0.5199759, 0.5168935, 0.51769745, 0.5161417, 0.5157889, 0.5153282, 0.517321, 0.517673, 0.5201781, 0.5179583, 0.5183932, 0.51790303, 0.5160011, 0.51599276, 0.518819, 0.51687866, 0.5192388, 0.51887286, 0.5184121, 0.51768136, 0.5163326, 0.51832396, 0.51928073, 0.5188889, 0.51752484, 0.51614606, 0.5124421, 0.5194657, 0.5185718, 0.51421154, 0.5152934, 0.5160008, 0.5151015, 0.51601046, 0.51842654, 0.51924413, 0.514677, 0.5187507, 0.5184601, 0.51738, 0.5164056, 0.51661265, 0.5141161, 0.51970506, 0.5151833, 0.51588136, 0.5187547, 0.51874125, 0.51322657, 0.518971, 0.5149447, 0.51455104, 0.5137263, 0.51426727, 0.518051, 0.5189434, 0.51895607, 0.51974946, 0.514619, 0.5184108, 0.5175356, 0.51474047, 0.51775897, 0.51746166, 0.51741403, 0.51618963, 0.5155681, 0.51791465, 0.51224536, 0.51767725, 0.5154973, 0.5183594, 0.5186879, 0.5182078, 0.52000785, 0.5175197, 0.5148867, 0.5167455, 0.51927483, 0.51900274, 0.5152953, 0.51920813, 0.51910055, 0.5181955, 0.51859343, 0.51778007, 0.5185181, 0.51906836, 0.5163892, 0.51611316, 0.5165333, 0.5180453, 0.51814127, 0.5158394, 0.51649106, 0.51949906, 0.51694214, 0.5188559, 0.51829517, 0.51976556, 0.51283, 0.5183684, 0.51312727, 0.51348835, 0.5170714]
[0.50842106, 0.5042658, 0.50324947, 0.5097036, 0.50037587, 0.500321, 0.5097355, 0.5030976, 0.50118655, 0.50647265, 0.50014067, 0.5000317, 0.49952897, 0.508648, 0.5080348, 0.51093227, 0.5017258, 0.4998346, 0.5058443, 0.5072514, 0.509056, 0.50307536, 0.5004319, 0.5020256, 0.5044168, 0.5089851, 0.5064007, 0.5074516, 0.50027776, 0.51470566, 0.50351554, 0.49963656, 0.4997795, 0.50708604, 0.50268316, 0.50106436, 0.5014311, 0.5011562, 0.50148654, 0.4997493, 0.5015718, 0.5063174, 0.50834674, 0.50959176, 0.5028379, 0.49978337, 0.5003007, 0.50451744, 0.50572896, 0.49976707, 0.50020236, 0.50037456, 0.49988452, 0.50876594, 0.5107182, 0.5110288, 0.50557315, 0.50529844, 0.5030088, 0.50454944, 0.50872475, 0.50385714, 0.507118, 0.51011086, 0.5124692, 0.50833833, 0.5024838, 0.5037663, 0.5009746, 0.5097323, 0.5063463, 0.507199, 0.501503, 0.50211936, 0.5056748, 0.50514436, 0.5014279, 0.5054024, 0.50643164, 0.508187, 0.5101618, 0.5070418, 0.50938076, 0.5056764, 0.5029698, 0.49983042, 0.5110696, 0.50661826, 0.50573516, 0.51035964, 0.5010835, 0.50111806, 0.4999962, 0.5068941, 0.49984896, 0.50121266, 0.50141484, 0.50735605, 0.5062629, 0.50730675, 0.5063907, 0.50810856, 0.5133287, 0.51659495, 0.5154367, 0.51375896, 0.5169519, 0.5130318, 0.5193853, 0.51726997, 0.5158175, 0.51789325, 0.51306707, 0.51211375, 0.5125742, 0.51787686, 0.51718193, 0.5178215, 0.5136008, 0.51414406, 0.5142483, 0.5138631, 0.51224506, 0.51071227, 0.5138202, 0.5149573, 0.51414067, 0.5142331, 0.51533854, 0.5156236, 0.51370275, 0.5141867, 0.5159629, 0.5152352, 0.51424146, 0.51653475, 0.516069, 0.51720226, 0.51429105, 0.5148426, 0.51613915, 0.5162725, 0.51762563, 0.515829, 0.51640916, 0.51826674, 0.5159238, 0.5157057, 0.51517206, 0.5183813, 0.5109259, 0.5167922, 0.51503587, 0.5173595, 0.5161092, 0.5135879, 0.512468, 0.5197241, 0.516338, 0.5152037, 0.51362145, 0.50973207, 0.5096486, 0.5133385, 0.5135725, 0.5133064, 0.51715297, 0.5156021, 0.5142485, 0.51387835, 0.5140124, 0.5162868, 0.5149738, 0.5145251, 0.5169968, 0.5156921, 0.51565254, 0.51825505, 0.5166537, 0.5158904, 0.51636523, 0.5155076, 0.5148565, 0.5156933, 0.5154023, 0.5175781, 0.515747, 0.5154799, 0.5166505, 0.51544726, 0.5151918, 0.51346266, 0.5163131, 0.51556003, 0.5152058, 0.5136032, 0.5173394, 0.51625013, 0.51444876, 0.51316637, 0.5169528, 0.5171711, 0.51762086, 0.51650345, 0.5158089, 0.51586896, 0.5144739, 0.5138015, 0.51597065, 0.5163564, 0.51855147, 0.5167456, 0.5169719, 0.5164065, 0.5146355, 0.5146079, 0.5171533, 0.51593226, 0.5178412, 0.5179902, 0.5166421, 0.5163991, 0.51495445, 0.5163841, 0.5173625, 0.5173601, 0.51647335, 0.5149702, 0.51214284, 0.5171238, 0.51676625, 0.51384807, 0.5148808, 0.515416, 0.51436144, 0.5151605, 0.5173985, 0.51771075, 0.5136478, 0.51682717, 0.5168712, 0.51567024, 0.5153166, 0.51573634, 0.5131743, 0.51776093, 0.51446, 0.5147283, 0.51693916, 0.51715106, 0.51248163, 0.5180462, 0.5138379, 0.5135597, 0.51255, 0.5131977, 0.5166627, 0.5173536, 0.51735395, 0.51774424, 0.5134805, 0.51737446, 0.51642436, 0.51430464, 0.51664925, 0.5161183, 0.5162254, 0.51471895, 0.51420003, 0.51671225, 0.51214564, 0.5164291, 0.514594, 0.5167367, 0.51764596, 0.51652324, 0.5182011, 0.51655334, 0.5144001, 0.51546144, 0.51784533, 0.51757145, 0.5144502, 0.51739264, 0.517608, 0.51657975, 0.51696366, 0.51630485, 0.5173604, 0.51709867, 0.5159699, 0.5159694, 0.5152626, 0.51674473, 0.51708794, 0.5150907, 0.51564395, 0.5184713, 0.51575047, 0.51759166, 0.5171956, 0.51782113, 0.512355, 0.5169343, 0.5125579, 0.51282144, 0.516191]
[0.5081366, 0.50216943, 0.50242037, 0.50808203, 0.5020018, 0.5023764, 0.50964844, 0.5031782, 0.50134194, 0.50517696, 0.502422, 0.5012811, 0.5014612, 0.50937575, 0.5075423, 0.5106812, 0.50172275, 0.50095624, 0.50572056, 0.5084528, 0.5092661, 0.5034679, 0.50229686, 0.5044352, 0.50533336, 0.5085582, 0.5060781, 0.5056845, 0.5005234, 0.51462764, 0.50456756, 0.501498, 0.50189525, 0.50659186, 0.5021035, 0.5032367, 0.5037517, 0.5034703, 0.50350237, 0.50189096, 0.5018549, 0.504165, 0.50917816, 0.5086807, 0.5022444, 0.5016534, 0.50232804, 0.50538874, 0.50505626, 0.5009058, 0.5021768, 0.50169176, 0.50172246, 0.5083551, 0.51031834, 0.51054734, 0.5069806, 0.5050002, 0.5030661, 0.5039442, 0.5085041, 0.5021456, 0.505728, 0.51028717, 0.5117422, 0.5080756, 0.50280243, 0.50393707, 0.50137, 0.5092293, 0.5054881, 0.506497, 0.50154305, 0.5017813, 0.50460815, 0.50455123, 0.50104487, 0.5058587, 0.5060002, 0.5073198, 0.50954556, 0.5071637, 0.5097387, 0.50602293, 0.50255823, 0.5007655, 0.5109321, 0.50604403, 0.50607276, 0.5099589, 0.50055546, 0.50321734, 0.50071114, 0.5052976, 0.501875, 0.50302947, 0.50353086, 0.50596595, 0.50506926, 0.50665176, 0.50676644, 0.50838596, 0.51251763, 0.5151234, 0.5147543, 0.51358235, 0.516059, 0.5133694, 0.51825863, 0.5164385, 0.5149847, 0.5172955, 0.51250196, 0.51169765, 0.5113874, 0.5167783, 0.5156949, 0.5160954, 0.5133764, 0.5132552, 0.5136125, 0.51357573, 0.5116531, 0.5095881, 0.5126971, 0.51417905, 0.51343215, 0.51365584, 0.5146587, 0.5149002, 0.51295245, 0.51360416, 0.51484674, 0.51443285, 0.5136605, 0.5152795, 0.51541936, 0.51608115, 0.5137929, 0.51425683, 0.51538604, 0.5154461, 0.51633096, 0.51517, 0.51546687, 0.5162239, 0.51503026, 0.51432985, 0.5146325, 0.51718414, 0.5108307, 0.5154111, 0.5138299, 0.5166013, 0.5153275, 0.513619, 0.5122785, 0.51855314, 0.5156423, 0.51480335, 0.51347905, 0.5089473, 0.50839645, 0.5130383, 0.513173, 0.51223505, 0.51632684, 0.5149197, 0.51352876, 0.51316863, 0.5128954, 0.5152183, 0.51452553, 0.5140027, 0.5160984, 0.51504934, 0.5151067, 0.51675993, 0.5159725, 0.5148355, 0.51560545, 0.5149078, 0.51434046, 0.5148957, 0.51418906, 0.5165212, 0.51474047, 0.5144962, 0.5153815, 0.5143608, 0.5142854, 0.5136526, 0.5158084, 0.51472795, 0.51437765, 0.51275575, 0.51667637, 0.51535004, 0.51406586, 0.5133033, 0.5161943, 0.51678103, 0.51663095, 0.51557684, 0.5151812, 0.51484126, 0.5138252, 0.5134781, 0.51503146, 0.5151118, 0.51732147, 0.5160192, 0.51625353, 0.51571125, 0.5137455, 0.51384467, 0.51636463, 0.5150713, 0.51697946, 0.5167797, 0.515397, 0.51520044, 0.5143545, 0.5153215, 0.51647925, 0.51638085, 0.51498413, 0.5144919, 0.5118961, 0.51717824, 0.51657575, 0.5127165, 0.5143586, 0.5150969, 0.51362485, 0.51441455, 0.51619303, 0.51680446, 0.51303905, 0.5161163, 0.5158734, 0.51523197, 0.51476485, 0.51537234, 0.51249593, 0.5166239, 0.5138429, 0.5144928, 0.5161421, 0.51626486, 0.5119649, 0.51640636, 0.5133843, 0.51314145, 0.5124041, 0.5127245, 0.51545566, 0.51613283, 0.51613796, 0.5163872, 0.5131439, 0.51597655, 0.5158621, 0.51375854, 0.5160075, 0.51502246, 0.5153768, 0.5145174, 0.513776, 0.51589775, 0.511689, 0.51562434, 0.51381326, 0.5159533, 0.51639795, 0.5156124, 0.5170507, 0.51515836, 0.5140113, 0.5146578, 0.51634634, 0.516192, 0.51390225, 0.5165953, 0.51719147, 0.51612455, 0.5162333, 0.5156055, 0.5161516, 0.5162051, 0.51505387, 0.5152342, 0.5143955, 0.5153535, 0.5159705, 0.51434934, 0.51526856, 0.5168396, 0.51548356, 0.5163269, 0.5162612, 0.5167113, 0.5121265, 0.5161691, 0.5119659, 0.51243496, 0.51463807]
[0.5061567, 0.50051683, 0.5015615, 0.50705546, 0.50359255, 0.50350875, 0.5066567, 0.50176364, 0.50174814, 0.50561965, 0.5031167, 0.5012637, 0.50250304, 0.5064749, 0.50543433, 0.5083303, 0.5015254, 0.5011719, 0.50370455, 0.5054391, 0.5059167, 0.5019858, 0.5034822, 0.502925, 0.50421137, 0.50657535, 0.5037152, 0.50441605, 0.5019937, 0.51171994, 0.50245243, 0.5023088, 0.50283676, 0.5062333, 0.50193995, 0.5041547, 0.5044863, 0.5032587, 0.504828, 0.50153816, 0.5007151, 0.50337625, 0.50650394, 0.5075264, 0.5006891, 0.5023566, 0.502924, 0.5032065, 0.5030216, 0.50205946, 0.50284004, 0.5023532, 0.5016185, 0.5066028, 0.508254, 0.50861853, 0.5044694, 0.50283295, 0.50169224, 0.5026622, 0.5061509, 0.50074923, 0.5063117, 0.5081534, 0.51026726, 0.5069547, 0.50235265, 0.5015974, 0.5005037, 0.5079064, 0.5037764, 0.5052698, 0.5004908, 0.50053763, 0.5027956, 0.5042053, 0.50129384, 0.502862, 0.5040467, 0.50671357, 0.5085845, 0.5049276, 0.5082441, 0.5034911, 0.5015433, 0.50126487, 0.5085727, 0.5037062, 0.50570154, 0.5084541, 0.5005549, 0.5044155, 0.50114655, 0.50483125, 0.5032767, 0.5046804, 0.5045477, 0.5054485, 0.50464106, 0.5057565, 0.50480515, 0.50622237, 0.5111044, 0.5132832, 0.5120235, 0.5110257, 0.5132861, 0.51036465, 0.5152475, 0.51407725, 0.5126294, 0.51420546, 0.51027936, 0.5091959, 0.51004004, 0.51394874, 0.51335293, 0.5139582, 0.51117253, 0.51116306, 0.51157016, 0.51119685, 0.5095092, 0.5084713, 0.5112501, 0.51189864, 0.51128, 0.5110331, 0.51223975, 0.51254165, 0.5109944, 0.51080614, 0.51282674, 0.5121055, 0.51167244, 0.51340127, 0.51309997, 0.5135593, 0.5115512, 0.51170796, 0.5131784, 0.5131671, 0.5141769, 0.51248026, 0.513038, 0.51419675, 0.5129946, 0.513147, 0.5120629, 0.51465607, 0.507833, 0.5136532, 0.51219594, 0.51389515, 0.5125357, 0.51060647, 0.5101916, 0.5160876, 0.513396, 0.51227814, 0.5110666, 0.5073256, 0.5075515, 0.5101595, 0.511094, 0.51054513, 0.51393706, 0.51217985, 0.5112568, 0.5106051, 0.5108001, 0.5132325, 0.5123987, 0.5121038, 0.5138431, 0.5121491, 0.5131619, 0.51453245, 0.51321423, 0.5129724, 0.51316196, 0.5124644, 0.5119694, 0.5128837, 0.5118217, 0.51412654, 0.5129511, 0.5125689, 0.51364785, 0.51231885, 0.5122985, 0.5115823, 0.5130802, 0.5125759, 0.5116529, 0.5099411, 0.5139612, 0.5131885, 0.5113677, 0.51080966, 0.51361775, 0.5135928, 0.5137339, 0.51260656, 0.5124842, 0.5122269, 0.51151043, 0.5111165, 0.51286304, 0.5130468, 0.514906, 0.51344407, 0.51326185, 0.51319575, 0.51195705, 0.5116315, 0.51321876, 0.51219636, 0.5140573, 0.51448053, 0.51336515, 0.5128236, 0.5119887, 0.5133408, 0.5142554, 0.5136641, 0.51292044, 0.5126631, 0.509929, 0.5141591, 0.51360023, 0.5111247, 0.51199865, 0.5121584, 0.51105297, 0.51214206, 0.51376975, 0.51387495, 0.5105744, 0.51365906, 0.5136948, 0.5129525, 0.51233304, 0.5125805, 0.5107226, 0.51454264, 0.51180965, 0.5114489, 0.5141568, 0.51405746, 0.5101752, 0.5140433, 0.5111034, 0.51086414, 0.5101361, 0.5103654, 0.51321846, 0.5136639, 0.5138581, 0.51425827, 0.5106467, 0.5133349, 0.51319724, 0.51165557, 0.51363534, 0.5126125, 0.51317996, 0.511511, 0.5118569, 0.51358074, 0.51008505, 0.5127981, 0.5117205, 0.51350933, 0.51355034, 0.5134655, 0.51446605, 0.5128452, 0.5112693, 0.51230323, 0.51418835, 0.51398486, 0.5114598, 0.5138268, 0.51374185, 0.51307267, 0.5135625, 0.51299787, 0.5136393, 0.5136465, 0.51274556, 0.5129486, 0.5116801, 0.51291907, 0.5128899, 0.51193947, 0.51233304, 0.5142715, 0.5118503, 0.51403916, 0.5138204, 0.5142605, 0.5099789, 0.5133922, 0.5100614, 0.51080394, 0.5126312]
[0.50625956, 0.50118977, 0.5015551, 0.50574774, 0.5014096, 0.501437, 0.50880945, 0.50214547, 0.50193727, 0.5070938, 0.5015172, 0.50052756, 0.50104505, 0.5076254, 0.5066288, 0.5092076, 0.5009558, 0.50059456, 0.50416994, 0.50758564, 0.50805134, 0.5012865, 0.50186723, 0.5030706, 0.5057437, 0.5074614, 0.5036089, 0.50384927, 0.50051874, 0.5123537, 0.50301766, 0.5009935, 0.50217456, 0.5043728, 0.50020856, 0.50230706, 0.50270677, 0.50217414, 0.5023636, 0.5007323, 0.50134736, 0.50368905, 0.5080918, 0.5079726, 0.5017124, 0.50105053, 0.50202173, 0.5038488, 0.5031354, 0.50081074, 0.5015678, 0.5011036, 0.5004447, 0.5070253, 0.50880295, 0.5094487, 0.50494266, 0.5032793, 0.5017531, 0.50312036, 0.50708634, 0.501526, 0.50555545, 0.5082053, 0.51046675, 0.50715405, 0.50189346, 0.50202847, 0.50145054, 0.50801903, 0.5040714, 0.5055624, 0.500765, 0.5012868, 0.5039716, 0.50437564, 0.5001618, 0.50457704, 0.50356466, 0.50640434, 0.50875187, 0.50668406, 0.50912124, 0.5044881, 0.5010117, 0.500413, 0.5097024, 0.50420535, 0.5048609, 0.5090519, 0.50022155, 0.50242394, 0.50013673, 0.5045858, 0.5018407, 0.50277966, 0.5029927, 0.5052013, 0.5039039, 0.50615126, 0.50517833, 0.5067177, 0.5116494, 0.513524, 0.5130457, 0.5121381, 0.5140773, 0.51095116, 0.5161899, 0.51440513, 0.5139123, 0.51560026, 0.5116371, 0.5102162, 0.51051426, 0.5148075, 0.5143552, 0.51479954, 0.5112531, 0.5121212, 0.51208824, 0.5116806, 0.51028484, 0.5081616, 0.5109434, 0.5122434, 0.5117599, 0.5119703, 0.5131025, 0.51386195, 0.5117162, 0.5110824, 0.51308733, 0.5129979, 0.5123768, 0.51423156, 0.51393133, 0.51400137, 0.5123882, 0.5127316, 0.5136129, 0.5139756, 0.5147903, 0.51353467, 0.5142666, 0.5150159, 0.5134418, 0.5134204, 0.5123614, 0.5152738, 0.5092081, 0.514009, 0.5123893, 0.51501286, 0.51329535, 0.51141435, 0.5109145, 0.51680094, 0.51431555, 0.51306236, 0.51169306, 0.50710785, 0.5071507, 0.51127, 0.5113127, 0.5111049, 0.5140907, 0.5129203, 0.5120015, 0.51137775, 0.5115129, 0.51368976, 0.5130968, 0.5126537, 0.51509154, 0.51339585, 0.5134956, 0.51543915, 0.5142633, 0.5138714, 0.5138507, 0.5126447, 0.51204383, 0.5140798, 0.5128626, 0.51493734, 0.51337296, 0.5129926, 0.51433575, 0.5131261, 0.51313466, 0.51140845, 0.5142172, 0.51330155, 0.51290005, 0.51182204, 0.5148315, 0.51380724, 0.51234525, 0.5112595, 0.51475, 0.51487666, 0.51491666, 0.5140602, 0.5135946, 0.51285416, 0.5122486, 0.5118244, 0.5138284, 0.51385105, 0.5157706, 0.5145335, 0.51462835, 0.5141441, 0.51260614, 0.51258487, 0.51448566, 0.51340723, 0.5157411, 0.5151555, 0.5144267, 0.5135783, 0.51302326, 0.5140921, 0.51494676, 0.51458794, 0.51373786, 0.5134543, 0.51130366, 0.5153372, 0.5146188, 0.511196, 0.5131007, 0.5132346, 0.5120877, 0.5124066, 0.51511204, 0.514996, 0.5114817, 0.5140657, 0.51389277, 0.51314455, 0.5127116, 0.51316893, 0.51138467, 0.51546943, 0.51245284, 0.5130554, 0.5149649, 0.5150532, 0.51078147, 0.5150791, 0.5118679, 0.5116271, 0.510754, 0.51087004, 0.514249, 0.5147308, 0.5144413, 0.51484525, 0.51184154, 0.514623, 0.5142697, 0.51182276, 0.5142284, 0.51365316, 0.5139598, 0.5131191, 0.51249033, 0.51437896, 0.5106908, 0.513711, 0.5132228, 0.51458967, 0.51484257, 0.51395816, 0.51590276, 0.51326174, 0.5124599, 0.51317, 0.5151086, 0.5148128, 0.51260555, 0.5151041, 0.5155774, 0.5144838, 0.51437885, 0.5137027, 0.5132466, 0.5143141, 0.5133043, 0.51315105, 0.5128302, 0.51354504, 0.513991, 0.5134948, 0.5138753, 0.5147197, 0.5129793, 0.51508236, 0.5148571, 0.515431, 0.51070607, 0.5143987, 0.5112239, 0.51141155, 0.5134498]
[0.50690174, 0.5018885, 0.50200075, 0.5084678, 0.499445, 0.49913955, 0.5081041, 0.502331, 0.50129676, 0.5052072, 0.4993659, 0.50038284, 0.49972364, 0.5070526, 0.50703686, 0.5096955, 0.5030744, 0.5011274, 0.5040441, 0.50668275, 0.50678766, 0.50243324, 0.49973467, 0.5032779, 0.5044702, 0.5073429, 0.5043688, 0.5053964, 0.49982905, 0.513575, 0.5026917, 0.49943545, 0.49924374, 0.5064054, 0.5021749, 0.50020933, 0.5004135, 0.4997175, 0.50080913, 0.49939469, 0.5014267, 0.50435776, 0.50737894, 0.5082101, 0.5007697, 0.49944177, 0.49961537, 0.5043092, 0.5031441, 0.49962536, 0.4994897, 0.4991054, 0.4997985, 0.5074482, 0.50928736, 0.50976664, 0.5044775, 0.50432134, 0.50223047, 0.503396, 0.50695544, 0.50211066, 0.5059236, 0.5094563, 0.5117181, 0.50704217, 0.5030698, 0.50358313, 0.5012973, 0.50772333, 0.50351495, 0.50594044, 0.50135154, 0.5015697, 0.5044197, 0.503694, 0.50054705, 0.5053377, 0.5048983, 0.50667083, 0.50869024, 0.5062246, 0.5087055, 0.50508666, 0.5018329, 0.500315, 0.5097615, 0.5051765, 0.50661117, 0.50898296, 0.4997065, 0.5003268, 0.5004485, 0.5049471, 0.4993401, 0.50032675, 0.5005637, 0.5060942, 0.5045167, 0.5063105, 0.5057125, 0.5070896, 0.5124279, 0.5154432, 0.5142848, 0.5129192, 0.5154289, 0.5121604, 0.5177654, 0.5160695, 0.51441646, 0.5165166, 0.51205164, 0.51047, 0.511176, 0.5163326, 0.51572275, 0.51585096, 0.51330084, 0.5127222, 0.51331663, 0.51343644, 0.5110156, 0.5095374, 0.51285625, 0.5138791, 0.51279914, 0.51330924, 0.5138875, 0.51462656, 0.5124615, 0.51258963, 0.5148622, 0.51417077, 0.5132602, 0.51484597, 0.515158, 0.5157298, 0.5132003, 0.5133194, 0.51492256, 0.5151026, 0.516266, 0.51431406, 0.5152228, 0.51646435, 0.5140367, 0.5147247, 0.51396984, 0.51683205, 0.5096893, 0.51556, 0.51359403, 0.51614255, 0.51503515, 0.51243734, 0.5115805, 0.5189796, 0.5153771, 0.5143262, 0.5125822, 0.5079347, 0.5078178, 0.51208943, 0.5127106, 0.5123624, 0.51631063, 0.513982, 0.51291555, 0.51223797, 0.5126277, 0.51489836, 0.5139469, 0.5136818, 0.5154637, 0.5140229, 0.51476884, 0.5168243, 0.51538277, 0.51467603, 0.5157686, 0.5148373, 0.5139471, 0.5144899, 0.5136718, 0.51608646, 0.51443666, 0.5142091, 0.515273, 0.5138802, 0.51376885, 0.5132754, 0.51474506, 0.5141678, 0.5133049, 0.51151264, 0.51595724, 0.5152122, 0.5135269, 0.51232994, 0.5155986, 0.5155265, 0.51592344, 0.5151148, 0.51486784, 0.514037, 0.5130874, 0.5124656, 0.5147245, 0.51492804, 0.51715994, 0.5156454, 0.5157234, 0.5154575, 0.5132184, 0.5133345, 0.51532716, 0.51425576, 0.5165564, 0.5162463, 0.5152341, 0.5148574, 0.5140074, 0.5155231, 0.51651776, 0.5158982, 0.514615, 0.51391494, 0.5107163, 0.51659775, 0.51580524, 0.5124113, 0.5134919, 0.51376384, 0.5127859, 0.5136816, 0.5156549, 0.5162356, 0.512373, 0.51592875, 0.5159661, 0.51480126, 0.51451296, 0.5147276, 0.5121205, 0.51646674, 0.51317394, 0.5137752, 0.515803, 0.5157905, 0.5111298, 0.5164728, 0.5129572, 0.5128106, 0.51172835, 0.5126354, 0.51523435, 0.51583076, 0.5159018, 0.516658, 0.51198137, 0.5155979, 0.51488626, 0.5132917, 0.51538056, 0.51459765, 0.51519954, 0.513716, 0.5136364, 0.5154448, 0.5112379, 0.5150433, 0.5131951, 0.51565397, 0.5158342, 0.51521176, 0.51709807, 0.5151718, 0.51295197, 0.51408833, 0.51621485, 0.51578337, 0.5129554, 0.51613176, 0.5162231, 0.51542115, 0.51570064, 0.5152925, 0.5161264, 0.51594776, 0.514695, 0.51470685, 0.5135186, 0.5152062, 0.5156015, 0.5130966, 0.5140484, 0.5164691, 0.51429635, 0.5161029, 0.5160103, 0.51618516, 0.5114622, 0.5158206, 0.5109685, 0.5115713, 0.5146011]
[0.50474954, 0.50006306, 0.5001447, 0.5057892, 0.5028744, 0.5028577, 0.505515, 0.50054246, 0.500545, 0.5068395, 0.50249183, 0.50164366, 0.5022972, 0.5048545, 0.50347835, 0.50745785, 0.5004725, 0.50185865, 0.50233585, 0.50312954, 0.5033657, 0.50050956, 0.50278467, 0.5004528, 0.5012121, 0.5053426, 0.5017343, 0.5026484, 0.5019132, 0.51094663, 0.5011323, 0.50182706, 0.50234497, 0.50315654, 0.5008787, 0.50338215, 0.5037074, 0.5032639, 0.5035321, 0.5015589, 0.50150466, 0.5014673, 0.50462013, 0.5067489, 0.50042903, 0.50151044, 0.5018535, 0.500916, 0.50199175, 0.50203156, 0.5026443, 0.50223225, 0.5018471, 0.50568175, 0.5074761, 0.5078245, 0.5029562, 0.50164855, 0.5002899, 0.5014313, 0.5049222, 0.5002958, 0.5046808, 0.5059194, 0.5097156, 0.50531286, 0.500793, 0.500235, 0.50082314, 0.5065878, 0.5020721, 0.5033384, 0.5009452, 0.50062925, 0.5010932, 0.50162125, 0.50121075, 0.5008318, 0.50158435, 0.504627, 0.50715035, 0.5024571, 0.50702995, 0.50202906, 0.5002844, 0.5014938, 0.50767624, 0.50199634, 0.5023091, 0.50718445, 0.5009543, 0.5034856, 0.50137025, 0.5027159, 0.50284135, 0.50379544, 0.50409174, 0.5034709, 0.5028719, 0.50380087, 0.50288683, 0.504759, 0.5100766, 0.5123091, 0.51096857, 0.5097201, 0.5126622, 0.50976306, 0.5145269, 0.5131258, 0.5120663, 0.5133365, 0.5093544, 0.50824887, 0.5091471, 0.5132863, 0.5126864, 0.5132377, 0.5097423, 0.5108725, 0.5108418, 0.5104936, 0.50883776, 0.5077212, 0.51054555, 0.51114947, 0.51061887, 0.5102062, 0.51110715, 0.51142246, 0.510109, 0.5097301, 0.511951, 0.5112748, 0.5106864, 0.5124008, 0.51239204, 0.512521, 0.5108195, 0.51123494, 0.51211107, 0.5122064, 0.51313823, 0.51183295, 0.51189655, 0.5134818, 0.51198506, 0.51183724, 0.5108707, 0.5137327, 0.5068902, 0.5123407, 0.5111822, 0.51293176, 0.5121144, 0.510027, 0.5089694, 0.5152055, 0.51255137, 0.5111681, 0.5102133, 0.5069087, 0.5072282, 0.50948036, 0.51006055, 0.50972736, 0.5131059, 0.5116248, 0.5105457, 0.5098844, 0.51011705, 0.5119592, 0.5114509, 0.5112845, 0.5129443, 0.51134455, 0.51187015, 0.5134067, 0.51256824, 0.5119842, 0.51261234, 0.511712, 0.5113107, 0.5119067, 0.5112117, 0.5135743, 0.51221126, 0.5117577, 0.51277447, 0.5116356, 0.51165414, 0.51052636, 0.51236403, 0.5114478, 0.5111162, 0.5093064, 0.5131464, 0.5123636, 0.51031363, 0.5096879, 0.5125059, 0.5126463, 0.5131183, 0.511331, 0.5119766, 0.5115289, 0.5109373, 0.5108884, 0.51183045, 0.51234156, 0.51412576, 0.5120587, 0.51205015, 0.51202697, 0.51114535, 0.5108275, 0.51236445, 0.5112391, 0.5129171, 0.51374775, 0.5125636, 0.5122674, 0.5112439, 0.51246417, 0.51328784, 0.51256424, 0.51199746, 0.5118239, 0.50857073, 0.5135177, 0.5129199, 0.5103566, 0.510986, 0.51110137, 0.5102878, 0.5113493, 0.5128628, 0.51328033, 0.50991285, 0.5127218, 0.5127354, 0.5120945, 0.5115918, 0.5113605, 0.50996023, 0.51356363, 0.51096886, 0.5102282, 0.51291347, 0.5130219, 0.5095578, 0.51296836, 0.50997216, 0.5096592, 0.5090797, 0.5092737, 0.51260084, 0.5131353, 0.51331633, 0.5137113, 0.50998235, 0.5121468, 0.5122287, 0.5101865, 0.5126281, 0.5115132, 0.51178694, 0.51043147, 0.5107287, 0.51288766, 0.5089275, 0.5121199, 0.51077235, 0.51260054, 0.5127697, 0.5124392, 0.51357996, 0.511901, 0.51032037, 0.51165783, 0.51332074, 0.5133561, 0.51072836, 0.5129525, 0.51297075, 0.5122132, 0.51252276, 0.5120731, 0.5129157, 0.512936, 0.51160747, 0.5116284, 0.51114583, 0.5122507, 0.51198965, 0.51132184, 0.5109806, 0.5135626, 0.5106314, 0.5130957, 0.51254064, 0.5133288, 0.5089509, 0.5125097, 0.509379, 0.50966257, 0.51177275]
[0.5095466, 0.50001717, 0.50237614, 0.5123571, 0.5005582, 0.50038105, 0.51105165, 0.50294834, 0.5006383, 0.5092734, 0.49989012, 0.4992671, 0.4999089, 0.5105138, 0.50987893, 0.51267207, 0.50161123, 0.49928126, 0.5047951, 0.5093519, 0.5102055, 0.5032606, 0.50081646, 0.50595075, 0.5081769, 0.5100061, 0.5066726, 0.5041197, 0.49998116, 0.5181407, 0.50467384, 0.49983805, 0.50043815, 0.5094287, 0.5032803, 0.50035375, 0.5012622, 0.5006577, 0.5014816, 0.5002783, 0.5007035, 0.50547254, 0.51101226, 0.5105075, 0.5003433, 0.5002953, 0.50065655, 0.5077206, 0.5036961, 0.50007564, 0.5001706, 0.49980184, 0.49951684, 0.51095444, 0.512581, 0.5128481, 0.50821817, 0.50652695, 0.5010755, 0.5032232, 0.51030475, 0.50008947, 0.50851053, 0.5126622, 0.5155275, 0.5097909, 0.5041675, 0.504332, 0.49892503, 0.5100552, 0.5039316, 0.5071692, 0.50046223, 0.49942958, 0.50442004, 0.5041634, 0.4995414, 0.50690955, 0.50752515, 0.50993073, 0.51223737, 0.5089732, 0.5113399, 0.5069824, 0.5019034, 0.49907237, 0.51343995, 0.50775963, 0.50931835, 0.51249176, 0.49924767, 0.50128925, 0.49939686, 0.50628304, 0.5002184, 0.5011986, 0.501492, 0.5082388, 0.5062458, 0.5076441, 0.50968665, 0.5108799, 0.51618326, 0.5203623, 0.5193864, 0.5175864, 0.5206969, 0.5165542, 0.5238633, 0.521434, 0.51903754, 0.52174056, 0.5155448, 0.5141335, 0.51409054, 0.521904, 0.5207576, 0.5214969, 0.5174773, 0.5175238, 0.517338, 0.51738113, 0.515323, 0.5128412, 0.517444, 0.5188071, 0.5173185, 0.5170713, 0.51809597, 0.51926684, 0.51663077, 0.5169384, 0.51930505, 0.51871485, 0.51697356, 0.51953256, 0.51994133, 0.5210995, 0.51806515, 0.5180319, 0.52007854, 0.52036, 0.5216942, 0.5191851, 0.51979667, 0.5217671, 0.51820135, 0.5183016, 0.5189836, 0.5226188, 0.51306707, 0.52046126, 0.5174065, 0.52159834, 0.52001, 0.5167391, 0.5154431, 0.52468485, 0.52056926, 0.5187531, 0.51676095, 0.5109707, 0.51130795, 0.51615036, 0.5171697, 0.51604205, 0.521241, 0.5189664, 0.5177218, 0.51681554, 0.51688707, 0.51943207, 0.5183175, 0.51831037, 0.52030855, 0.51881266, 0.5191717, 0.52191854, 0.5204808, 0.5197492, 0.5215665, 0.51971465, 0.5185999, 0.5189878, 0.5182638, 0.5216689, 0.51900494, 0.5185459, 0.52017266, 0.51845145, 0.5184363, 0.51775426, 0.5203506, 0.5189526, 0.51776105, 0.5157034, 0.5215338, 0.52066827, 0.5180707, 0.5165669, 0.52061355, 0.52046657, 0.52175194, 0.519726, 0.51956993, 0.5180834, 0.5172367, 0.5170975, 0.5195964, 0.5199949, 0.52271336, 0.52038956, 0.52083343, 0.52085215, 0.51769024, 0.5175111, 0.52046466, 0.51906675, 0.52182776, 0.5217256, 0.5199293, 0.51984704, 0.5190059, 0.52016526, 0.52171594, 0.5209091, 0.5196766, 0.51884264, 0.5141067, 0.5222465, 0.52133745, 0.5165324, 0.5180248, 0.5184303, 0.5174633, 0.51813245, 0.52064264, 0.521503, 0.51687574, 0.5213151, 0.5211112, 0.5200101, 0.519594, 0.5186758, 0.516179, 0.5223467, 0.5174482, 0.5183607, 0.5209889, 0.52069646, 0.51522905, 0.5214962, 0.5174426, 0.51722634, 0.51588047, 0.5163663, 0.52015185, 0.5207813, 0.52115065, 0.5222654, 0.51598907, 0.5210217, 0.5205345, 0.5174906, 0.52034646, 0.51986605, 0.5202799, 0.5187716, 0.51808566, 0.5207167, 0.51466084, 0.5197764, 0.5178844, 0.5212673, 0.52143043, 0.51960045, 0.52284384, 0.5200733, 0.5174307, 0.51904184, 0.5217147, 0.5209078, 0.517375, 0.5212945, 0.52171695, 0.52017194, 0.52097124, 0.5201005, 0.52095985, 0.5212525, 0.51908666, 0.5188877, 0.5184094, 0.5197938, 0.5207116, 0.5179842, 0.51885873, 0.5215834, 0.5187563, 0.5212587, 0.5209139, 0.5213632, 0.5140503, 0.5208288, 0.51448095, 0.5155647, 0.5189475]
[0.50527346, 0.5006463, 0.501173, 0.50814265, 0.5040992, 0.5039748, 0.50708264, 0.50085884, 0.5012018, 0.5024804, 0.5030822, 0.5015572, 0.5021688, 0.5058978, 0.50514877, 0.50862026, 0.5007875, 0.5016462, 0.5028749, 0.5050909, 0.50514936, 0.501679, 0.50357395, 0.50143325, 0.50112146, 0.5065129, 0.5035308, 0.5037719, 0.5021418, 0.51178557, 0.50088304, 0.5023701, 0.5029878, 0.50582874, 0.50229853, 0.504795, 0.5056336, 0.505157, 0.50581163, 0.5034469, 0.50128186, 0.50328606, 0.5054438, 0.5073533, 0.50032926, 0.5029789, 0.503371, 0.50323904, 0.5014696, 0.5018875, 0.5033532, 0.5025391, 0.50329834, 0.5068414, 0.5081983, 0.5086895, 0.5026618, 0.50266784, 0.50112164, 0.50170827, 0.50594175, 0.5004571, 0.50453615, 0.50792974, 0.510062, 0.5064568, 0.50226015, 0.5008132, 0.5007237, 0.50675046, 0.50299114, 0.5030085, 0.5009947, 0.50108176, 0.5018881, 0.50224143, 0.5012688, 0.502962, 0.5030217, 0.5060538, 0.507811, 0.5029664, 0.50730157, 0.5028037, 0.50161, 0.5025468, 0.5087534, 0.5050089, 0.5051157, 0.5078216, 0.5007177, 0.504071, 0.501863, 0.50349015, 0.5030529, 0.50447655, 0.50478834, 0.5052758, 0.50382775, 0.5051531, 0.5036077, 0.50487006, 0.5106849, 0.51310694, 0.5119402, 0.511083, 0.5132882, 0.510042, 0.5151989, 0.5140357, 0.51237667, 0.5143795, 0.50998414, 0.50936556, 0.5094771, 0.51439834, 0.51333904, 0.5138265, 0.5110997, 0.51060224, 0.51134205, 0.51114786, 0.5094715, 0.50869447, 0.5114455, 0.5120087, 0.51098335, 0.510981, 0.51211727, 0.5122459, 0.5108868, 0.51099455, 0.51293147, 0.5120828, 0.5114538, 0.51303333, 0.51293653, 0.51353586, 0.5112434, 0.511742, 0.51297647, 0.5131443, 0.5140655, 0.5126245, 0.51281464, 0.51384133, 0.5125713, 0.51266813, 0.5119916, 0.51447785, 0.5080423, 0.51352274, 0.5125063, 0.51390755, 0.5129079, 0.51068735, 0.51004744, 0.515974, 0.51302123, 0.51224095, 0.5106901, 0.50774914, 0.5078165, 0.5100066, 0.5111488, 0.5105201, 0.51387095, 0.5124049, 0.5112205, 0.51116174, 0.5112084, 0.5131855, 0.5120084, 0.5115797, 0.51351684, 0.5121814, 0.51300174, 0.5141539, 0.51336795, 0.5127748, 0.5132176, 0.5129143, 0.51227903, 0.5123558, 0.5119407, 0.5140511, 0.5125361, 0.5122234, 0.5135215, 0.51216215, 0.51208544, 0.51135695, 0.51296216, 0.5124162, 0.5115824, 0.5101932, 0.51387393, 0.51289636, 0.5112875, 0.5105963, 0.5131315, 0.51340526, 0.51371014, 0.51250666, 0.5129402, 0.51219183, 0.5110623, 0.51082814, 0.51253134, 0.5129227, 0.5147409, 0.51326495, 0.5133143, 0.51302004, 0.511201, 0.51148766, 0.51361334, 0.512295, 0.5137909, 0.51406676, 0.5131269, 0.51274663, 0.51191014, 0.51334494, 0.5139577, 0.51371455, 0.51248837, 0.5119837, 0.50914323, 0.51402384, 0.5132651, 0.510912, 0.51146466, 0.51178217, 0.5108767, 0.5117206, 0.51337725, 0.51407576, 0.5102821, 0.51367635, 0.513837, 0.5130931, 0.51248986, 0.5122258, 0.51033604, 0.51445407, 0.5111787, 0.5115764, 0.5136023, 0.5138332, 0.51048017, 0.5140205, 0.51089853, 0.51089245, 0.51026285, 0.51027143, 0.5129819, 0.51371074, 0.5140117, 0.51412344, 0.5104456, 0.5133407, 0.51290476, 0.51170605, 0.5134147, 0.5124612, 0.5125458, 0.51136935, 0.51184726, 0.51339966, 0.50983953, 0.5132422, 0.5113871, 0.5134501, 0.5136369, 0.51319027, 0.51454544, 0.5129209, 0.5110689, 0.5119109, 0.51421714, 0.51382667, 0.511274, 0.51361406, 0.5137076, 0.5130338, 0.51347035, 0.5132675, 0.5139999, 0.5138392, 0.51244324, 0.51269585, 0.51178515, 0.5131296, 0.5131242, 0.51152056, 0.5120725, 0.5147616, 0.512453, 0.513885, 0.51359403, 0.513921, 0.50977194, 0.5129282, 0.50967324, 0.5099696, 0.512482]
[0.5064188, 0.50265115, 0.5028393, 0.5074682, 0.5004459, 0.50067145, 0.5068074, 0.50327903, 0.50186414, 0.5050991, 0.5004758, 0.50073534, 0.50020415, 0.50664234, 0.50589865, 0.50829417, 0.50206614, 0.5006996, 0.50428474, 0.5060409, 0.50624955, 0.5042854, 0.5008869, 0.50329316, 0.50396407, 0.5070947, 0.5048425, 0.50524974, 0.500697, 0.51135767, 0.5038375, 0.5003516, 0.500168, 0.5056009, 0.50217724, 0.501588, 0.5023596, 0.50201434, 0.50152504, 0.50049937, 0.5011819, 0.50448585, 0.50660187, 0.5070882, 0.50266993, 0.50031143, 0.50040984, 0.5046485, 0.50467885, 0.5007932, 0.50029314, 0.5003799, 0.5005057, 0.50685114, 0.5078685, 0.50812477, 0.50499827, 0.5047773, 0.5033305, 0.5042959, 0.50687844, 0.50239295, 0.50586987, 0.5078031, 0.5093033, 0.5062643, 0.50371224, 0.50396925, 0.5013468, 0.50755197, 0.50565517, 0.5056688, 0.50170004, 0.5020787, 0.50491035, 0.503232, 0.5013019, 0.5040423, 0.50467557, 0.5060231, 0.50749487, 0.5050591, 0.50682485, 0.50546855, 0.5024516, 0.50085187, 0.50850886, 0.50514674, 0.50497115, 0.5077172, 0.50128675, 0.5015614, 0.50148624, 0.50551146, 0.50011027, 0.5015207, 0.5017344, 0.5053489, 0.50483465, 0.50592154, 0.505386, 0.5062742, 0.51018304, 0.51226634, 0.511272, 0.51028985, 0.5122917, 0.51018167, 0.51439214, 0.5129993, 0.51174384, 0.5131366, 0.50954884, 0.5088627, 0.509193, 0.51332116, 0.5125085, 0.5127792, 0.51043594, 0.51056665, 0.5110096, 0.510571, 0.50934255, 0.50828147, 0.5105389, 0.5112426, 0.5105524, 0.51093644, 0.5112321, 0.51134646, 0.5097492, 0.5103103, 0.5120631, 0.5114236, 0.5109059, 0.5123077, 0.5122265, 0.512695, 0.5106298, 0.5112483, 0.5120214, 0.5122766, 0.51294243, 0.5118226, 0.51208264, 0.513235, 0.5118995, 0.5118205, 0.5113191, 0.5134103, 0.5085339, 0.51265883, 0.5114735, 0.513044, 0.5122113, 0.5103642, 0.5095249, 0.51475114, 0.51229286, 0.51144975, 0.510351, 0.5074302, 0.50761414, 0.5096584, 0.51032346, 0.50972897, 0.5129297, 0.5114905, 0.51053065, 0.51015896, 0.5101532, 0.5121663, 0.5113064, 0.511044, 0.51277244, 0.5115046, 0.511918, 0.51313543, 0.5124048, 0.51177585, 0.51244587, 0.5116946, 0.5112184, 0.5117183, 0.5114521, 0.51318353, 0.51193076, 0.51134545, 0.5123322, 0.51144016, 0.51138455, 0.5104627, 0.5120185, 0.51128095, 0.51098216, 0.50950706, 0.5129079, 0.5118743, 0.51066357, 0.51018256, 0.51270825, 0.5126325, 0.5128232, 0.5120068, 0.51199937, 0.5114829, 0.5106721, 0.51040256, 0.5117619, 0.5119922, 0.5136134, 0.5120638, 0.5121067, 0.51230186, 0.5106055, 0.5108908, 0.512568, 0.5114599, 0.5128059, 0.5132025, 0.5122402, 0.5119982, 0.5111508, 0.51202095, 0.51299804, 0.5127389, 0.51192665, 0.51107, 0.5087886, 0.5133698, 0.5128116, 0.5105001, 0.5111877, 0.5115256, 0.51064306, 0.5112155, 0.5125807, 0.5128761, 0.50988567, 0.51269186, 0.5127053, 0.512258, 0.511722, 0.51182383, 0.50976664, 0.51331234, 0.51058704, 0.51096076, 0.51244134, 0.51256055, 0.5095792, 0.51285875, 0.51031524, 0.5101094, 0.5094592, 0.509829, 0.5120902, 0.5126544, 0.5129924, 0.51324713, 0.5099449, 0.5122499, 0.5124117, 0.5107186, 0.5127393, 0.5116295, 0.5119676, 0.51052755, 0.51096284, 0.51260954, 0.5089684, 0.5122359, 0.5106245, 0.51239276, 0.51264066, 0.51206785, 0.5131113, 0.51205736, 0.51072234, 0.51157284, 0.512926, 0.51274, 0.5107788, 0.5128318, 0.51308334, 0.51230276, 0.51271725, 0.51240057, 0.5128227, 0.51274854, 0.51188964, 0.51193917, 0.51134145, 0.51211405, 0.5123378, 0.5110477, 0.5114751, 0.51356053, 0.51167667, 0.51284206, 0.5128095, 0.5132642, 0.5096633, 0.51257485, 0.50943357, 0.50985175, 0.5116696]
[0.50455827, 0.5008987, 0.5010786, 0.5067587, 0.50396156, 0.5032813, 0.5057558, 0.50236374, 0.5021056, 0.5071372, 0.503217, 0.5015647, 0.5016329, 0.50408137, 0.5041201, 0.5076755, 0.5014288, 0.5014861, 0.5033351, 0.50203955, 0.5028006, 0.5014721, 0.5028818, 0.5019884, 0.50376016, 0.5060191, 0.50279164, 0.5031416, 0.50267214, 0.51023537, 0.5020142, 0.5027967, 0.5028288, 0.5057527, 0.50214714, 0.5041935, 0.50426656, 0.5024211, 0.50471324, 0.5014218, 0.50101817, 0.5022867, 0.504124, 0.5071716, 0.5007269, 0.5019905, 0.5025018, 0.5020794, 0.50306034, 0.5018741, 0.5031697, 0.50202096, 0.5008906, 0.5062874, 0.5073606, 0.5078783, 0.50384367, 0.50173837, 0.50065047, 0.50155663, 0.5050543, 0.50123274, 0.505755, 0.5069846, 0.5099217, 0.50634205, 0.5017, 0.5016579, 0.50124454, 0.506043, 0.5023782, 0.5048017, 0.50094455, 0.50210965, 0.50131553, 0.50340444, 0.50223035, 0.5022489, 0.5024345, 0.505821, 0.5076675, 0.50456524, 0.50831455, 0.50188017, 0.50086623, 0.5015618, 0.5076003, 0.5026686, 0.5065728, 0.50719833, 0.5021502, 0.50413054, 0.50081974, 0.5030825, 0.5036715, 0.5047025, 0.5049117, 0.50443166, 0.5032601, 0.50492805, 0.50470144, 0.5059185, 0.5097741, 0.5114161, 0.51081157, 0.5101081, 0.51212394, 0.5097059, 0.51339746, 0.51223916, 0.5114615, 0.51315, 0.5091285, 0.50842834, 0.50880677, 0.5123664, 0.5117314, 0.5122207, 0.5105028, 0.5106444, 0.51079136, 0.5105483, 0.5090337, 0.5079677, 0.5096606, 0.51115704, 0.5104591, 0.50985855, 0.51117414, 0.51116693, 0.51028514, 0.5096063, 0.5115648, 0.5107839, 0.5107541, 0.5119456, 0.51189023, 0.5122396, 0.5109249, 0.51113355, 0.5119188, 0.5117095, 0.5126928, 0.51140285, 0.511535, 0.5125664, 0.51148194, 0.5115727, 0.51069754, 0.51302654, 0.50661117, 0.5124106, 0.5110265, 0.51282215, 0.51124567, 0.5093763, 0.50922656, 0.5146852, 0.5121716, 0.5108439, 0.50988847, 0.5064821, 0.5069843, 0.50895286, 0.50982934, 0.50951767, 0.51282126, 0.5112249, 0.51020664, 0.5093226, 0.5098501, 0.51242256, 0.5114261, 0.51086444, 0.5123932, 0.5109595, 0.51187354, 0.5130998, 0.5119796, 0.5120438, 0.5124653, 0.5116939, 0.5114262, 0.51165944, 0.5104284, 0.512918, 0.5113341, 0.5115183, 0.5125846, 0.51116675, 0.5109564, 0.5111799, 0.51197934, 0.5117913, 0.51067084, 0.5087395, 0.5126189, 0.51212645, 0.5105729, 0.5097137, 0.5117934, 0.5118101, 0.5121009, 0.51102006, 0.5115931, 0.51089865, 0.5107233, 0.5100566, 0.5116061, 0.51213235, 0.5135896, 0.5119093, 0.51165247, 0.511543, 0.5108297, 0.51033396, 0.5116337, 0.51088667, 0.5122139, 0.5128523, 0.51211077, 0.51130944, 0.51091164, 0.51237303, 0.5129465, 0.5120159, 0.51131135, 0.5119893, 0.5091612, 0.5127196, 0.5120889, 0.50981593, 0.5104831, 0.51049685, 0.5098108, 0.51099986, 0.51203835, 0.5129492, 0.50951856, 0.51233184, 0.5123383, 0.51184994, 0.5113917, 0.5111565, 0.51027566, 0.51288015, 0.5111805, 0.510463, 0.51286566, 0.51293164, 0.5093609, 0.5124774, 0.5102703, 0.5100056, 0.5094679, 0.5097645, 0.51185024, 0.5122315, 0.5123848, 0.5128216, 0.50939757, 0.5119623, 0.51185775, 0.51021975, 0.51240695, 0.5109511, 0.5114542, 0.51078635, 0.5111243, 0.5120038, 0.5093102, 0.5114503, 0.51106656, 0.51192397, 0.5119105, 0.51174784, 0.5132253, 0.5116247, 0.5099149, 0.5111191, 0.5126172, 0.51237017, 0.510153, 0.51238275, 0.5121312, 0.51150334, 0.5121918, 0.51178235, 0.512405, 0.51231927, 0.511441, 0.51144415, 0.5105901, 0.511806, 0.5116076, 0.51080525, 0.51088387, 0.5127435, 0.5102696, 0.51285684, 0.51252687, 0.5124784, 0.5087959, 0.5119621, 0.5093232, 0.5097022, 0.51143867]
[0.5040389, 0.5018485, 0.50197613, 0.5051989, 0.49966145, 0.49962217, 0.5044123, 0.50167936, 0.5010651, 0.503446, 0.49973658, 0.50037134, 0.500261, 0.5045661, 0.50401074, 0.50567585, 0.50187266, 0.5009866, 0.5028811, 0.50384027, 0.50439346, 0.5027081, 0.49965513, 0.50239706, 0.50299114, 0.5048128, 0.5033574, 0.5031746, 0.50055206, 0.5074078, 0.5017155, 0.5002267, 0.5000827, 0.50414014, 0.5021435, 0.4998126, 0.5008067, 0.5001852, 0.50064296, 0.49982303, 0.50135165, 0.5025196, 0.50459474, 0.5049613, 0.5016173, 0.5000459, 0.49994653, 0.50321007, 0.50271624, 0.5005882, 0.4997351, 0.5000154, 0.50023705, 0.504693, 0.5055025, 0.50585, 0.5032881, 0.5030896, 0.5017421, 0.5022831, 0.50442845, 0.50175583, 0.5041607, 0.50557584, 0.5066815, 0.50434613, 0.5022591, 0.5020869, 0.50113446, 0.5049525, 0.50340164, 0.503406, 0.5007792, 0.500974, 0.5023728, 0.50246805, 0.500587, 0.50284135, 0.50351566, 0.50492513, 0.5057274, 0.50361156, 0.504782, 0.5031854, 0.5018738, 0.5007247, 0.5057403, 0.5035121, 0.50360096, 0.50534785, 0.5010314, 0.5003739, 0.5006672, 0.5033748, 0.500098, 0.50025886, 0.50040966, 0.503499, 0.5029183, 0.5038374, 0.5037406, 0.5043574, 0.50669533, 0.50830364, 0.5077164, 0.50725037, 0.5083092, 0.5069275, 0.5095769, 0.50850713, 0.508015, 0.5088571, 0.5065679, 0.5060353, 0.50621367, 0.5088603, 0.508248, 0.50861615, 0.507285, 0.5070282, 0.50737077, 0.507328, 0.5062575, 0.50549227, 0.5070861, 0.50767845, 0.5074513, 0.5071567, 0.5077713, 0.50782704, 0.50703174, 0.50710434, 0.50808156, 0.5077788, 0.5074151, 0.5081403, 0.5083042, 0.50847614, 0.50728434, 0.50767523, 0.50825536, 0.5082986, 0.50892913, 0.5078962, 0.50821936, 0.50868016, 0.50809395, 0.5082237, 0.50772834, 0.50897664, 0.5058514, 0.5084544, 0.50802404, 0.50886714, 0.50819266, 0.50684243, 0.5067872, 0.50996727, 0.5083226, 0.5078951, 0.5072252, 0.5048467, 0.5048527, 0.50656104, 0.50706255, 0.5066688, 0.50874686, 0.5077895, 0.50727415, 0.50695854, 0.5070874, 0.50858855, 0.507664, 0.50747377, 0.50854146, 0.5078186, 0.5083103, 0.5089371, 0.5084205, 0.50807655, 0.5083542, 0.50813854, 0.50771046, 0.5079734, 0.50758356, 0.5087635, 0.50794154, 0.50783145, 0.50833035, 0.5076262, 0.5075834, 0.5076695, 0.50814986, 0.50792986, 0.5074019, 0.506544, 0.5088505, 0.5082255, 0.50751156, 0.507149, 0.5082791, 0.508606, 0.5085175, 0.50827336, 0.5083923, 0.50795156, 0.50724995, 0.5071713, 0.5082896, 0.5083727, 0.5094041, 0.5086402, 0.50855964, 0.5083708, 0.5071547, 0.5074637, 0.50850475, 0.50782543, 0.5087606, 0.5089635, 0.5080905, 0.5081012, 0.5076626, 0.50844294, 0.50883085, 0.50880265, 0.5080768, 0.5077784, 0.506359, 0.50880885, 0.5083829, 0.50737417, 0.50778013, 0.50784403, 0.50706077, 0.5076615, 0.508701, 0.50868183, 0.50688887, 0.50876796, 0.50887555, 0.50834966, 0.5080673, 0.50801, 0.5068065, 0.508835, 0.5074145, 0.50769925, 0.5086328, 0.508642, 0.5065422, 0.5089225, 0.5072619, 0.5071062, 0.5067646, 0.5067346, 0.50821525, 0.50854266, 0.5086783, 0.50889313, 0.5067416, 0.50840145, 0.5084636, 0.5075535, 0.508519, 0.50810635, 0.50811684, 0.5073199, 0.5075246, 0.50827384, 0.50616276, 0.5081857, 0.50727963, 0.50837815, 0.508518, 0.50825477, 0.5089906, 0.50828576, 0.5073586, 0.50772405, 0.5088694, 0.5086675, 0.50737, 0.5087314, 0.5088595, 0.50837827, 0.50851846, 0.5084315, 0.50889456, 0.50857747, 0.508104, 0.50840217, 0.5075921, 0.5085781, 0.50853294, 0.5074545, 0.507943, 0.50919425, 0.50815135, 0.50873685, 0.50864804, 0.5088023, 0.5066596, 0.5085347, 0.5064846, 0.5066944, 0.5079559]
[0.5080323, 0.49967524, 0.49968156, 0.5087819, 0.5019175, 0.5019859, 0.5083973, 0.5018806, 0.5003064, 0.50746256, 0.5015689, 0.5001273, 0.50137496, 0.5081674, 0.50722295, 0.51025015, 0.49975753, 0.50079036, 0.5043826, 0.5076638, 0.5075421, 0.50137466, 0.5022894, 0.50392914, 0.50407755, 0.5074064, 0.50501597, 0.50449735, 0.50097907, 0.5144089, 0.50335777, 0.50145066, 0.5017304, 0.50743103, 0.500816, 0.50257844, 0.5028568, 0.5022201, 0.50338537, 0.50104076, 0.4999708, 0.5034391, 0.50865877, 0.509069, 0.4999092, 0.50152194, 0.5017292, 0.5046263, 0.50221175, 0.50133586, 0.5018478, 0.50119364, 0.50129634, 0.50888056, 0.51023084, 0.51051164, 0.5064915, 0.50336474, 0.50055313, 0.5029552, 0.508376, 0.50035024, 0.5067309, 0.5099055, 0.51229584, 0.50789654, 0.5013525, 0.50242823, 0.4998098, 0.50892454, 0.5061457, 0.5055649, 0.4998975, 0.49981636, 0.50468254, 0.50294024, 0.50035113, 0.50370824, 0.50630504, 0.5077466, 0.5097651, 0.5063313, 0.5089313, 0.5041595, 0.50131536, 0.50045836, 0.51050776, 0.50555736, 0.50549775, 0.50981253, 0.5011221, 0.50294054, 0.5006414, 0.5053067, 0.5018632, 0.5027652, 0.50276214, 0.50640094, 0.5054039, 0.50629634, 0.50746924, 0.50826544, 0.5127178, 0.5157668, 0.5145687, 0.5133999, 0.51628834, 0.5131882, 0.5184745, 0.5169395, 0.5151298, 0.51692486, 0.5124083, 0.5109992, 0.51141626, 0.5173356, 0.51640594, 0.5171888, 0.51293445, 0.5136274, 0.5139732, 0.5135273, 0.5113395, 0.5105195, 0.5135962, 0.51430595, 0.5136205, 0.51371276, 0.51477706, 0.5147341, 0.51290417, 0.51302695, 0.51471263, 0.51475304, 0.5134881, 0.5152973, 0.5156286, 0.5163256, 0.5136665, 0.51434743, 0.51568705, 0.515727, 0.5167045, 0.51488304, 0.5157185, 0.5167797, 0.51478016, 0.5147855, 0.5150372, 0.51765716, 0.5102902, 0.5154412, 0.51402426, 0.51654214, 0.5154952, 0.51321125, 0.5120965, 0.5190136, 0.51592606, 0.5148212, 0.51360965, 0.5092069, 0.50911725, 0.5128417, 0.5133302, 0.5126654, 0.51666135, 0.5148448, 0.51359564, 0.5130917, 0.5132813, 0.5151976, 0.51471746, 0.51421964, 0.5161535, 0.5147627, 0.5151108, 0.5172607, 0.5160311, 0.5153014, 0.5165636, 0.51546055, 0.5145604, 0.51518714, 0.51449174, 0.5169351, 0.515372, 0.5150869, 0.51610947, 0.5145847, 0.5145176, 0.51361346, 0.5155961, 0.5150588, 0.5141588, 0.51261854, 0.5172225, 0.5159404, 0.51419824, 0.51285976, 0.5161852, 0.5166706, 0.516991, 0.51518065, 0.5152763, 0.5145801, 0.5137594, 0.5135114, 0.5150259, 0.51551193, 0.5176529, 0.5161552, 0.51606727, 0.51586556, 0.51406455, 0.5139884, 0.51590663, 0.5150978, 0.5170069, 0.51746523, 0.515815, 0.51580137, 0.5145101, 0.5161716, 0.5169825, 0.5163864, 0.5156687, 0.5147153, 0.51169413, 0.51719946, 0.5165953, 0.5129125, 0.5140444, 0.51449734, 0.5136251, 0.51433533, 0.5165767, 0.5170586, 0.51332086, 0.51620185, 0.51654583, 0.5155506, 0.51460576, 0.5151493, 0.5130207, 0.51719326, 0.5140486, 0.5140718, 0.5165147, 0.51647353, 0.51187867, 0.51708686, 0.5132882, 0.5131066, 0.5126215, 0.512587, 0.51551837, 0.51667905, 0.5169461, 0.5172721, 0.5128452, 0.5161299, 0.5159532, 0.51373464, 0.5161239, 0.5157136, 0.51586145, 0.51420164, 0.5140584, 0.51615846, 0.5116512, 0.5157246, 0.5138708, 0.5165373, 0.5166567, 0.5153441, 0.51749915, 0.51570827, 0.51361334, 0.514886, 0.51705515, 0.516742, 0.5136384, 0.51691663, 0.51684535, 0.515831, 0.5161999, 0.5155128, 0.51642704, 0.5165779, 0.5144046, 0.51507056, 0.51478976, 0.515909, 0.5162828, 0.5144103, 0.5146363, 0.51700944, 0.514658, 0.51668036, 0.51636124, 0.5170444, 0.51198363, 0.51614875, 0.5115421, 0.5125157, 0.51490104]
[0.50842613, 0.50007266, 0.50049275, 0.50908357, 0.50168073, 0.50147074, 0.50872004, 0.5017808, 0.50069135, 0.5079967, 0.50176096, 0.5004939, 0.5010236, 0.50886357, 0.50768113, 0.5097069, 0.5016717, 0.50017446, 0.50312895, 0.5086049, 0.50855786, 0.50207096, 0.5021064, 0.50323, 0.5062295, 0.50826776, 0.5061961, 0.5034984, 0.5004964, 0.5138518, 0.5025696, 0.50139767, 0.50181156, 0.5081231, 0.5016473, 0.5025767, 0.50262356, 0.5019584, 0.50317764, 0.5011288, 0.50172925, 0.503727, 0.50922257, 0.5091711, 0.5002257, 0.50211537, 0.5025042, 0.5061342, 0.50283545, 0.5008723, 0.501622, 0.50103426, 0.5004332, 0.50897694, 0.50993407, 0.51023835, 0.50697446, 0.5060691, 0.5008394, 0.5038415, 0.50867105, 0.501033, 0.5069193, 0.51016176, 0.51241094, 0.5081582, 0.5033618, 0.5037841, 0.50127417, 0.508591, 0.5046844, 0.5071276, 0.50078684, 0.5002534, 0.50424486, 0.5032039, 0.5005928, 0.50644964, 0.5062332, 0.50880575, 0.51035815, 0.5074232, 0.50887585, 0.50628096, 0.5001934, 0.5001708, 0.5103875, 0.50565946, 0.50771606, 0.5101773, 0.5005914, 0.5027004, 0.4999802, 0.5063189, 0.50139093, 0.5028511, 0.50312215, 0.50732505, 0.5060631, 0.50750726, 0.508112, 0.5087022, 0.5125756, 0.5156182, 0.5142689, 0.5132244, 0.51582944, 0.512561, 0.51822025, 0.5161373, 0.51507014, 0.5167057, 0.51212883, 0.5105229, 0.5110023, 0.51667136, 0.51577735, 0.5164285, 0.51310706, 0.5131233, 0.5130857, 0.5130596, 0.51125926, 0.5099159, 0.5128348, 0.5138756, 0.51329505, 0.5133718, 0.5142031, 0.5149477, 0.5127955, 0.512873, 0.51468015, 0.51445097, 0.51359504, 0.51483, 0.5155483, 0.51557964, 0.5135256, 0.51367736, 0.51505136, 0.51548374, 0.5165224, 0.5145318, 0.51535577, 0.51633066, 0.51386744, 0.5141205, 0.51430446, 0.51718956, 0.5103727, 0.5154674, 0.5131332, 0.5165228, 0.51511425, 0.5130011, 0.51197267, 0.51871544, 0.5156919, 0.5144082, 0.5134075, 0.50876224, 0.50873864, 0.5125242, 0.51269966, 0.51244766, 0.51631874, 0.5142521, 0.51311016, 0.51239455, 0.51286024, 0.51475245, 0.5142117, 0.51400787, 0.51570696, 0.5145551, 0.51432806, 0.51698, 0.51560825, 0.51543593, 0.51617646, 0.5147539, 0.5139275, 0.5149962, 0.5141074, 0.51639134, 0.5147616, 0.514654, 0.5153476, 0.5139394, 0.5139929, 0.51364803, 0.51530516, 0.5145538, 0.5136929, 0.51235425, 0.51639694, 0.51531607, 0.51354474, 0.51259, 0.51569796, 0.5159959, 0.5163601, 0.5151755, 0.5150984, 0.5140078, 0.51346403, 0.5130223, 0.5148804, 0.51495236, 0.5172047, 0.5156997, 0.51576465, 0.5156559, 0.513691, 0.5133203, 0.5153686, 0.5144316, 0.5169657, 0.5165835, 0.5154257, 0.51539874, 0.5144043, 0.51580614, 0.51646304, 0.515986, 0.5154332, 0.51429003, 0.511399, 0.51690227, 0.5160615, 0.5123876, 0.51363575, 0.5143693, 0.5134432, 0.5141356, 0.51611286, 0.5164306, 0.5126899, 0.51576746, 0.5159566, 0.5151301, 0.5142549, 0.51500696, 0.51264983, 0.5166946, 0.5135176, 0.51389426, 0.51604563, 0.5159977, 0.51141614, 0.5165601, 0.5130202, 0.5129041, 0.512071, 0.51238835, 0.51520455, 0.51631176, 0.5160263, 0.5167562, 0.51213765, 0.5154613, 0.51547766, 0.51338416, 0.5157427, 0.5151707, 0.51526505, 0.5142304, 0.5137992, 0.51581645, 0.51129985, 0.5151745, 0.51374, 0.5160593, 0.51606387, 0.5153114, 0.51733357, 0.5149675, 0.5130552, 0.51451796, 0.51646805, 0.51606643, 0.51337504, 0.5162702, 0.516363, 0.51554304, 0.51594305, 0.51532066, 0.5159321, 0.5161537, 0.5143277, 0.51449925, 0.5142132, 0.5156803, 0.5158626, 0.51396245, 0.51463956, 0.5162767, 0.51447946, 0.5164131, 0.5161524, 0.5169123, 0.5116025, 0.51596713, 0.51149136, 0.512237, 0.5146884]
[0.5062808, 0.50049555, 0.5007502, 0.50806, 0.5024429, 0.50230265, 0.5078255, 0.50114566, 0.5006622, 0.5065524, 0.5018062, 0.5006728, 0.50124145, 0.5057709, 0.5049377, 0.5095351, 0.49974003, 0.5008975, 0.50408703, 0.50350416, 0.50526035, 0.50086373, 0.50173783, 0.50090337, 0.5015249, 0.50716704, 0.50264335, 0.5042024, 0.5007966, 0.5131382, 0.50146264, 0.5006089, 0.5010463, 0.50419486, 0.5002366, 0.5029057, 0.50306666, 0.5025976, 0.50286525, 0.5005971, 0.5007964, 0.50313187, 0.50553757, 0.5080589, 0.50032175, 0.50044966, 0.50085986, 0.5015439, 0.5030175, 0.50110817, 0.5021663, 0.50187325, 0.50097317, 0.506443, 0.50903237, 0.5099308, 0.50266683, 0.5017659, 0.49982566, 0.50036776, 0.50562143, 0.49975407, 0.50498706, 0.5076903, 0.51157755, 0.5068032, 0.49974442, 0.49997175, 0.499969, 0.5081541, 0.50384724, 0.50556815, 0.49990574, 0.5002494, 0.5017103, 0.50268537, 0.5004329, 0.50091845, 0.50193167, 0.506326, 0.50853205, 0.50466484, 0.508672, 0.5024916, 0.49971068, 0.5010535, 0.5093318, 0.50277686, 0.5038197, 0.5085277, 0.500696, 0.50298893, 0.5007447, 0.50428057, 0.50269157, 0.50269574, 0.5031024, 0.50526816, 0.5038636, 0.5061156, 0.503219, 0.5054891, 0.51211613, 0.5148335, 0.51303077, 0.5119214, 0.51560485, 0.511596, 0.5176955, 0.51573694, 0.51458794, 0.5166866, 0.5113713, 0.5104843, 0.51090235, 0.51626945, 0.515583, 0.51598483, 0.51240796, 0.5131683, 0.5132892, 0.5122121, 0.51069814, 0.5096015, 0.51242614, 0.5137589, 0.5129544, 0.51228786, 0.5138058, 0.5140551, 0.51284355, 0.5120386, 0.51440084, 0.51354057, 0.5129381, 0.5157428, 0.51510584, 0.5154093, 0.5128965, 0.5138746, 0.51502234, 0.51515347, 0.5163351, 0.51459694, 0.51468164, 0.516597, 0.5148577, 0.5147984, 0.51317984, 0.5170142, 0.5087943, 0.51548314, 0.5137566, 0.51594037, 0.5145004, 0.51184297, 0.51139855, 0.51889855, 0.51548654, 0.5141525, 0.5122916, 0.5086306, 0.50838673, 0.51136184, 0.51241976, 0.51168686, 0.5162198, 0.51437044, 0.51283425, 0.51236993, 0.5126515, 0.5155043, 0.51403344, 0.5133639, 0.5161835, 0.5138513, 0.51472914, 0.51614887, 0.5153701, 0.51506436, 0.51527524, 0.5144489, 0.5135123, 0.51499104, 0.5135766, 0.51677865, 0.51446635, 0.5141982, 0.5157168, 0.51433605, 0.51434326, 0.51277673, 0.5150592, 0.5141678, 0.5133507, 0.51138306, 0.51599854, 0.5151582, 0.5130874, 0.51225704, 0.51560795, 0.51540995, 0.5157349, 0.51410973, 0.51481867, 0.51440006, 0.5134918, 0.5129406, 0.5148886, 0.51505697, 0.5172792, 0.5153982, 0.5152279, 0.5147516, 0.5134808, 0.5132848, 0.51558983, 0.51393384, 0.5159223, 0.51636696, 0.5161968, 0.5151404, 0.5136244, 0.51556253, 0.5166213, 0.5159427, 0.5149696, 0.5138639, 0.5106193, 0.5160773, 0.51531184, 0.51228243, 0.51313525, 0.5135136, 0.51240927, 0.51341903, 0.5158824, 0.5164854, 0.5116335, 0.5158789, 0.5155325, 0.51519686, 0.5142183, 0.51438785, 0.5122934, 0.51675206, 0.51333404, 0.5128561, 0.515665, 0.51592207, 0.5112807, 0.5165105, 0.51197934, 0.51162595, 0.5112437, 0.5111172, 0.51522785, 0.5157977, 0.51640815, 0.5166841, 0.51234263, 0.51546884, 0.5151268, 0.5129891, 0.5157468, 0.5140651, 0.51458293, 0.5128191, 0.5134882, 0.5156867, 0.5114385, 0.5147169, 0.51291347, 0.5152993, 0.5156869, 0.5155302, 0.5169285, 0.5149686, 0.512514, 0.5137293, 0.5166015, 0.51635766, 0.5132805, 0.5156011, 0.51565415, 0.514673, 0.51551276, 0.5149733, 0.5158418, 0.51602143, 0.51412565, 0.51433897, 0.5136811, 0.5149428, 0.51506484, 0.5134983, 0.51365006, 0.5171175, 0.5135116, 0.5162659, 0.51575637, 0.5166036, 0.51133114, 0.5152262, 0.51136976, 0.5119019, 0.5150798]
[0.50566465, 0.50172055, 0.5016647, 0.5054259, 0.50125283, 0.5012637, 0.50649625, 0.50216323, 0.5020374, 0.5057206, 0.50125146, 0.50022876, 0.5012206, 0.50574857, 0.5049402, 0.5069493, 0.50158507, 0.50013053, 0.5023404, 0.5054413, 0.5059036, 0.5016421, 0.5020953, 0.5021616, 0.5039523, 0.50553674, 0.502748, 0.5031131, 0.50045496, 0.50997823, 0.50270855, 0.50016713, 0.50161445, 0.5038415, 0.50037897, 0.5026038, 0.50296044, 0.502074, 0.5026442, 0.50034374, 0.50132364, 0.503202, 0.5059847, 0.5060871, 0.5010946, 0.5013476, 0.5022508, 0.50307864, 0.50251126, 0.50114137, 0.5017588, 0.50186354, 0.5001195, 0.505512, 0.50680834, 0.5074025, 0.5043415, 0.50326455, 0.5020568, 0.5030447, 0.5054224, 0.50120944, 0.5044252, 0.506373, 0.5080217, 0.5049111, 0.50146556, 0.50205016, 0.50099635, 0.50609726, 0.5033783, 0.50423074, 0.5013636, 0.50156254, 0.50393987, 0.5026649, 0.5011739, 0.50359297, 0.50356853, 0.5052165, 0.50652313, 0.5048296, 0.5061586, 0.5042437, 0.5009615, 0.50075233, 0.5072645, 0.50376916, 0.50415915, 0.50678056, 0.50014216, 0.50360876, 0.50120986, 0.5044008, 0.50185996, 0.50285846, 0.5034906, 0.5045451, 0.503619, 0.5046075, 0.5047076, 0.5055956, 0.5091458, 0.51116323, 0.510276, 0.50922257, 0.511202, 0.50876653, 0.5130987, 0.51155865, 0.51077825, 0.5121334, 0.50889945, 0.50737166, 0.5079696, 0.51184434, 0.511465, 0.5119104, 0.50891924, 0.5097619, 0.50956017, 0.5089391, 0.5078711, 0.5067208, 0.508939, 0.50965005, 0.5091585, 0.5096635, 0.50996184, 0.51078874, 0.50916505, 0.5088778, 0.51030356, 0.51017827, 0.50942504, 0.5111524, 0.51113707, 0.5112183, 0.50950164, 0.50981396, 0.5105917, 0.51097566, 0.5119394, 0.510572, 0.51090425, 0.5119692, 0.51002264, 0.5102865, 0.51006967, 0.5123819, 0.5073722, 0.5109307, 0.5095813, 0.51188105, 0.51067877, 0.5091642, 0.5085458, 0.5134726, 0.5111428, 0.51038086, 0.50945884, 0.50595754, 0.5062184, 0.50884384, 0.5090696, 0.50878817, 0.51125145, 0.5101338, 0.50927496, 0.5088566, 0.50914705, 0.51062024, 0.51014847, 0.509852, 0.5116204, 0.51024806, 0.51050144, 0.5120994, 0.5110967, 0.5107369, 0.51126, 0.510114, 0.50958, 0.5109072, 0.51013446, 0.5119417, 0.5104972, 0.510218, 0.5111563, 0.51024306, 0.5103538, 0.5092327, 0.51119274, 0.5100655, 0.5097345, 0.50886375, 0.51146626, 0.5108038, 0.50942063, 0.50897765, 0.5116265, 0.511688, 0.51210827, 0.5110003, 0.5107327, 0.5102168, 0.5098084, 0.5094667, 0.5107067, 0.51088333, 0.512545, 0.5116488, 0.5116334, 0.5114299, 0.509836, 0.50969195, 0.5112205, 0.5103276, 0.512394, 0.5116693, 0.51129967, 0.5111941, 0.5104215, 0.5108342, 0.5117956, 0.5114273, 0.5111607, 0.51003605, 0.5077682, 0.5123081, 0.5120034, 0.50854564, 0.5098523, 0.51031226, 0.5094934, 0.50959575, 0.51183856, 0.5117472, 0.50892115, 0.51137537, 0.51124644, 0.51086867, 0.5103273, 0.51066023, 0.5089157, 0.5121164, 0.50946033, 0.5097431, 0.51150805, 0.51140726, 0.5079611, 0.512228, 0.5089808, 0.50875646, 0.5084153, 0.50859314, 0.5113223, 0.511826, 0.51170725, 0.51225233, 0.5091906, 0.51139784, 0.51107293, 0.50904703, 0.5113069, 0.5107626, 0.51108956, 0.5102006, 0.5096763, 0.5113893, 0.5076678, 0.5106554, 0.5098705, 0.5117045, 0.5117612, 0.5112217, 0.51245385, 0.51087904, 0.50967443, 0.5104157, 0.51202977, 0.5116937, 0.5096334, 0.51174015, 0.5122697, 0.5114073, 0.51137036, 0.5108762, 0.5111798, 0.5117559, 0.5103733, 0.5103958, 0.51018536, 0.5107065, 0.5115815, 0.50998026, 0.51052725, 0.51212263, 0.51039994, 0.5118386, 0.51176167, 0.51230437, 0.5083909, 0.51154035, 0.5084614, 0.5089179, 0.51064]
[0.5080476, 0.50357115, 0.50412893, 0.5095921, 0.5008346, 0.50108784, 0.50941956, 0.5029544, 0.50127906, 0.5059301, 0.50096744, 0.49983996, 0.49980813, 0.50803953, 0.50675076, 0.5115813, 0.5028387, 0.5011565, 0.5068025, 0.5076157, 0.50751907, 0.504519, 0.5008761, 0.5026058, 0.50339127, 0.50945264, 0.506526, 0.5080028, 0.50149626, 0.51513505, 0.5034754, 0.49989817, 0.500059, 0.50685203, 0.50272155, 0.50222933, 0.50305647, 0.50249845, 0.50271714, 0.50081277, 0.5024607, 0.50517136, 0.50820553, 0.5097193, 0.50317323, 0.49985364, 0.5005452, 0.5048925, 0.50626594, 0.50090146, 0.500696, 0.50003016, 0.5009162, 0.508674, 0.51079917, 0.511101, 0.5069921, 0.50524896, 0.5039846, 0.5050398, 0.50845283, 0.502594, 0.5074261, 0.51065695, 0.51255536, 0.5090851, 0.5046604, 0.50424826, 0.50194085, 0.50998175, 0.50575376, 0.507402, 0.5013171, 0.50224864, 0.50581664, 0.5050324, 0.5010156, 0.50516266, 0.5058923, 0.5082949, 0.51017404, 0.5058957, 0.5097486, 0.5059554, 0.50324976, 0.5001039, 0.51119345, 0.50722176, 0.506594, 0.50962627, 0.50190157, 0.5016466, 0.500671, 0.5067792, 0.4997604, 0.50144863, 0.5022176, 0.50770885, 0.5065129, 0.50742203, 0.50677234, 0.5080682, 0.513642, 0.5162042, 0.5154804, 0.51430696, 0.51664156, 0.5133565, 0.51935774, 0.51732326, 0.51612747, 0.5183356, 0.5133423, 0.5124243, 0.5121375, 0.5178919, 0.5166604, 0.51710254, 0.51420945, 0.51363254, 0.51445657, 0.51414573, 0.5123614, 0.5101877, 0.5138834, 0.5150677, 0.5140902, 0.51395446, 0.5157034, 0.5154612, 0.5138743, 0.51417094, 0.5162042, 0.51551616, 0.5146459, 0.51662934, 0.51662576, 0.51730543, 0.51459986, 0.51538336, 0.51609683, 0.51654154, 0.51770604, 0.5159677, 0.51636744, 0.5177801, 0.5164387, 0.5159761, 0.5151434, 0.51813686, 0.5111367, 0.51704717, 0.5159517, 0.5182135, 0.51625526, 0.5139468, 0.51308495, 0.5198888, 0.51649785, 0.5154654, 0.51360315, 0.509409, 0.5094842, 0.51305604, 0.51405656, 0.51300305, 0.51763994, 0.5155923, 0.51443464, 0.51382035, 0.5140934, 0.51680887, 0.51537585, 0.514925, 0.5176473, 0.51560843, 0.5166196, 0.5175578, 0.5170456, 0.5161732, 0.5164923, 0.51560205, 0.5148916, 0.51563746, 0.5150746, 0.5177119, 0.51569486, 0.51554847, 0.5167272, 0.51568586, 0.51546764, 0.51483804, 0.516505, 0.51559883, 0.5149291, 0.513164, 0.51760614, 0.51633316, 0.5148132, 0.51408416, 0.51718146, 0.51745635, 0.5173353, 0.5165308, 0.51650256, 0.51593393, 0.51403505, 0.51389015, 0.51623863, 0.51642483, 0.5188421, 0.51704913, 0.51690763, 0.5170265, 0.51429, 0.5150783, 0.5172011, 0.5157147, 0.51762843, 0.5179778, 0.5164971, 0.51615727, 0.5151349, 0.51656735, 0.51771176, 0.5176144, 0.51599985, 0.5149527, 0.5120085, 0.5179983, 0.5172078, 0.5138825, 0.5153071, 0.5157271, 0.5139184, 0.5152761, 0.5174383, 0.51777375, 0.5130815, 0.5171331, 0.5171732, 0.5165039, 0.51571816, 0.5161172, 0.5130267, 0.517696, 0.5145839, 0.5154534, 0.5173014, 0.5175988, 0.51279867, 0.51778406, 0.5144139, 0.51401854, 0.51318383, 0.5133192, 0.5166808, 0.51728547, 0.5173994, 0.5176847, 0.5140096, 0.516989, 0.5168128, 0.5149066, 0.51714826, 0.51620984, 0.5162492, 0.51444584, 0.5146279, 0.51701623, 0.51237243, 0.5163674, 0.514885, 0.5168337, 0.5171321, 0.51663667, 0.5184145, 0.51651025, 0.5146647, 0.51542085, 0.51772815, 0.5173259, 0.514716, 0.51746243, 0.51818526, 0.5168509, 0.5171645, 0.51666903, 0.51697546, 0.517358, 0.51688564, 0.5168879, 0.5151887, 0.5165019, 0.5166157, 0.51524, 0.5156482, 0.5185282, 0.5160605, 0.5175303, 0.51740414, 0.5178726, 0.5132498, 0.5171813, 0.5124532, 0.51307434, 0.5159327]
[0.5079614, 0.49907604, 0.5009582, 0.5099701, 0.5001011, 0.50004244, 0.5091478, 0.5007728, 0.500841, 0.5084649, 0.49963102, 0.4990238, 0.49941692, 0.5088097, 0.5078778, 0.51057345, 0.5006456, 0.49881572, 0.50368756, 0.5059027, 0.5057438, 0.50080097, 0.5001717, 0.5018749, 0.5044035, 0.50770986, 0.50383294, 0.5047366, 0.49921742, 0.515537, 0.50100017, 0.4992131, 0.49938107, 0.50867, 0.5015353, 0.50048095, 0.50067794, 0.5001801, 0.500647, 0.4993194, 0.49906555, 0.50287104, 0.50887424, 0.5093452, 0.49872047, 0.49931335, 0.49962643, 0.5037659, 0.50230056, 0.49941954, 0.4997985, 0.49971223, 0.49927667, 0.5096295, 0.5108478, 0.510939, 0.50422883, 0.5034711, 0.49907693, 0.50132424, 0.5077893, 0.49912712, 0.5054298, 0.51063, 0.5138268, 0.5079615, 0.501789, 0.5021738, 0.4987353, 0.50863475, 0.50366175, 0.5052667, 0.49875095, 0.4984915, 0.50278205, 0.50259954, 0.49872404, 0.50295913, 0.5032423, 0.50810933, 0.51052356, 0.505937, 0.5103692, 0.5032224, 0.50066954, 0.4987518, 0.5112795, 0.5062217, 0.50804573, 0.5103471, 0.4987073, 0.50071627, 0.49865773, 0.5042087, 0.5000053, 0.50055665, 0.50088763, 0.5062035, 0.50451976, 0.5060841, 0.50728446, 0.50831354, 0.5141076, 0.5177097, 0.5158806, 0.51458216, 0.5177216, 0.5143744, 0.5201725, 0.51782066, 0.5164905, 0.5188534, 0.5133028, 0.5119975, 0.512245, 0.51857674, 0.51781523, 0.51860577, 0.5153326, 0.5150948, 0.51491815, 0.5150741, 0.51269436, 0.511257, 0.51500607, 0.516033, 0.51480734, 0.51440096, 0.51579046, 0.5164732, 0.5144997, 0.5144041, 0.51666474, 0.5158068, 0.5149852, 0.51699024, 0.5172933, 0.51805156, 0.5156055, 0.51518834, 0.5172921, 0.51732606, 0.5186796, 0.51616114, 0.51685166, 0.5187193, 0.51580536, 0.51630986, 0.5160957, 0.51930654, 0.5107518, 0.5176644, 0.51515853, 0.51836324, 0.51667947, 0.5143554, 0.51323897, 0.52155644, 0.51765984, 0.516187, 0.51452774, 0.50948846, 0.50963944, 0.51350874, 0.51461285, 0.51406455, 0.5189602, 0.516101, 0.51469755, 0.5140927, 0.5144351, 0.5170157, 0.51604, 0.51591265, 0.51755786, 0.5158334, 0.5166135, 0.518865, 0.51756495, 0.5172209, 0.5187961, 0.51683235, 0.51599723, 0.5164066, 0.51518875, 0.51824474, 0.516541, 0.5163573, 0.5177246, 0.515954, 0.51580775, 0.51605964, 0.5171291, 0.5166638, 0.5153754, 0.513053, 0.51886886, 0.51761955, 0.5156713, 0.5141661, 0.5173563, 0.51760757, 0.51804125, 0.51666945, 0.5168714, 0.5162923, 0.51554775, 0.5147662, 0.5165521, 0.5170505, 0.5191539, 0.5176292, 0.51773906, 0.5173297, 0.51559037, 0.5150366, 0.51726526, 0.5161057, 0.51856875, 0.518289, 0.517545, 0.5170136, 0.5160401, 0.5182038, 0.51864934, 0.5177499, 0.5168888, 0.51588964, 0.51212245, 0.5188271, 0.51808643, 0.5142237, 0.51505584, 0.51557076, 0.51473093, 0.51562685, 0.51777554, 0.51852596, 0.51395816, 0.5181774, 0.5182789, 0.51739764, 0.5166031, 0.5167076, 0.5143468, 0.51881844, 0.51530755, 0.5150634, 0.5178184, 0.5180516, 0.5127771, 0.51852185, 0.5148164, 0.51467514, 0.5135844, 0.5141185, 0.51689154, 0.5179417, 0.51843435, 0.5187545, 0.5137751, 0.5178508, 0.5172146, 0.51527184, 0.517809, 0.5164177, 0.51717746, 0.5155724, 0.5157546, 0.5176906, 0.512535, 0.5170087, 0.51520467, 0.51759887, 0.5175101, 0.5172752, 0.51971066, 0.5171878, 0.5145082, 0.515999, 0.51891416, 0.5184037, 0.5146223, 0.51803035, 0.51803267, 0.51713145, 0.51774526, 0.5170985, 0.51806116, 0.51838106, 0.51618177, 0.5161921, 0.51554054, 0.51748455, 0.51765376, 0.51523113, 0.51557636, 0.51863986, 0.5159262, 0.5184842, 0.5180278, 0.51838696, 0.51255226, 0.51775825, 0.512504, 0.51331, 0.51654977]
[0.5068739, 0.5014346, 0.50201565, 0.5076835, 0.5021411, 0.5023134, 0.50812936, 0.5031284, 0.50174344, 0.5067987, 0.50146025, 0.4999979, 0.5009502, 0.5068867, 0.50672376, 0.5094896, 0.5014828, 0.50012314, 0.5048704, 0.5054299, 0.5062215, 0.50240046, 0.5014796, 0.5016388, 0.5034249, 0.5069721, 0.50356054, 0.5054019, 0.5000345, 0.5125475, 0.5022157, 0.5005999, 0.50090075, 0.50536, 0.50083196, 0.50289935, 0.50354916, 0.5029756, 0.50309426, 0.5004627, 0.5000726, 0.50393057, 0.5070027, 0.5081198, 0.5012689, 0.50056493, 0.50136876, 0.50204223, 0.5037845, 0.50092614, 0.5020485, 0.50181365, 0.501185, 0.5072303, 0.5091886, 0.50922376, 0.5035539, 0.50254285, 0.501853, 0.5032267, 0.5068974, 0.50161684, 0.5051507, 0.5081207, 0.5110977, 0.506572, 0.501565, 0.5025218, 0.49997532, 0.50818914, 0.50438833, 0.5058011, 0.5001664, 0.5009516, 0.50391394, 0.5036941, 0.4999894, 0.50326955, 0.5038892, 0.5060381, 0.5085156, 0.5054466, 0.5082695, 0.5036458, 0.50090355, 0.50017613, 0.5096857, 0.505547, 0.5054032, 0.5088798, 0.50000775, 0.50296587, 0.50022477, 0.50522953, 0.50179136, 0.5028065, 0.5034765, 0.5056456, 0.5042908, 0.50599545, 0.5045677, 0.50592375, 0.511778, 0.5138811, 0.51344347, 0.5120241, 0.51440233, 0.5113766, 0.5168077, 0.51493526, 0.51405656, 0.5156686, 0.5115789, 0.51041716, 0.5108722, 0.5158167, 0.51507646, 0.51548725, 0.5116651, 0.51266444, 0.5122391, 0.5120119, 0.5106856, 0.5092195, 0.51174515, 0.513209, 0.5123939, 0.5121916, 0.51317745, 0.5140097, 0.51227057, 0.51170045, 0.5136981, 0.51307523, 0.5125373, 0.5146435, 0.51413417, 0.51489186, 0.5127718, 0.513126, 0.5140379, 0.51421565, 0.51535827, 0.5141692, 0.5141871, 0.5157603, 0.5138826, 0.5138131, 0.51303786, 0.5160002, 0.5093054, 0.5146889, 0.5128021, 0.5147502, 0.51403064, 0.51168066, 0.51091594, 0.51763767, 0.5140822, 0.5136501, 0.51172477, 0.5080409, 0.50819725, 0.5114753, 0.51178175, 0.5116838, 0.5151393, 0.5134664, 0.5125422, 0.5117473, 0.5119694, 0.5141061, 0.5135709, 0.51305425, 0.5154471, 0.5133707, 0.5135528, 0.51576364, 0.5148083, 0.51423776, 0.51448315, 0.51355803, 0.51274383, 0.5139303, 0.5132773, 0.5158945, 0.51399803, 0.51339656, 0.51500535, 0.5139117, 0.51383775, 0.5120334, 0.51450247, 0.513523, 0.51291835, 0.51132476, 0.51541907, 0.51445055, 0.5123486, 0.5117263, 0.5149072, 0.5148243, 0.5152216, 0.5143484, 0.5139832, 0.51360136, 0.5127835, 0.5122583, 0.5143438, 0.5143585, 0.51618373, 0.5145504, 0.5146824, 0.5145071, 0.5128386, 0.5128154, 0.5149924, 0.5137299, 0.51566297, 0.5153684, 0.51493776, 0.5140923, 0.51336694, 0.5145343, 0.5154236, 0.5150156, 0.51443815, 0.51310223, 0.5102271, 0.5156492, 0.5149248, 0.51187474, 0.5128013, 0.51297826, 0.5122216, 0.51258105, 0.5153553, 0.5155151, 0.51152176, 0.5150096, 0.5145314, 0.51421726, 0.5134116, 0.51359814, 0.5115849, 0.5156402, 0.5125877, 0.5126269, 0.5149922, 0.5152171, 0.5107933, 0.51551074, 0.51177883, 0.5115643, 0.5109753, 0.5114466, 0.51472116, 0.515257, 0.5156002, 0.5155615, 0.51232773, 0.5152899, 0.5143869, 0.5120554, 0.51473343, 0.5136079, 0.51428944, 0.51243407, 0.51259196, 0.51522624, 0.5107443, 0.51440656, 0.51267695, 0.5146883, 0.51496434, 0.51438755, 0.5162906, 0.5141044, 0.51230323, 0.51332843, 0.51577085, 0.51534986, 0.51246625, 0.5151905, 0.5150285, 0.5139633, 0.5148235, 0.51420146, 0.51476884, 0.51538724, 0.5135854, 0.51341826, 0.5129405, 0.51409334, 0.5145525, 0.51344407, 0.51297766, 0.5157715, 0.51283973, 0.5153448, 0.5150208, 0.5157078, 0.5107541, 0.5145643, 0.510955, 0.5114292, 0.5141141]
[0.50555974, 0.50134087, 0.5006477, 0.5047253, 0.50301623, 0.50318325, 0.5094205, 0.50074124, 0.50115055, 0.5067265, 0.50288, 0.50202227, 0.5028025, 0.5090417, 0.5074854, 0.50965875, 0.50122327, 0.50210786, 0.5003789, 0.5087578, 0.50925285, 0.5007466, 0.5034318, 0.50132143, 0.5050948, 0.50752896, 0.5004519, 0.5001359, 0.5022538, 0.51390684, 0.5010956, 0.5024972, 0.50349015, 0.5020858, 0.5013226, 0.50356203, 0.5039943, 0.50343436, 0.50404936, 0.5026673, 0.5011258, 0.50000393, 0.5091225, 0.5080062, 0.50116676, 0.5029636, 0.50351894, 0.50159883, 0.5004443, 0.50248003, 0.5028453, 0.5023482, 0.5019814, 0.50737023, 0.50931627, 0.5098791, 0.50305563, 0.5002994, 0.5008499, 0.4998879, 0.5078317, 0.5010837, 0.5028042, 0.5089475, 0.51069635, 0.5069925, 0.50046784, 0.5005804, 0.5014084, 0.5087393, 0.5024769, 0.5018496, 0.50133157, 0.50101364, 0.49970597, 0.50138426, 0.5017135, 0.50172836, 0.5007108, 0.5048213, 0.50868875, 0.50621843, 0.5090166, 0.5027452, 0.5007942, 0.50211483, 0.5104009, 0.5021498, 0.50271666, 0.5094095, 0.5015349, 0.5036874, 0.5017415, 0.5027547, 0.50333613, 0.50377214, 0.5040982, 0.504999, 0.5018684, 0.50388736, 0.5049971, 0.50753933, 0.5123015, 0.5156276, 0.51510316, 0.51350874, 0.51569176, 0.5123773, 0.51874876, 0.5163369, 0.51541847, 0.5179447, 0.5126383, 0.5110191, 0.51107997, 0.5174424, 0.51600313, 0.51701194, 0.5115915, 0.51338154, 0.51330686, 0.5128962, 0.5106517, 0.508159, 0.5118461, 0.5134448, 0.5125514, 0.51315784, 0.5137426, 0.5155454, 0.5128102, 0.51238364, 0.51433563, 0.5144196, 0.5131089, 0.51565593, 0.51556075, 0.51592356, 0.5124947, 0.5142488, 0.5156123, 0.515608, 0.51649153, 0.5155867, 0.5155802, 0.5169604, 0.51509243, 0.51434606, 0.5142845, 0.51751316, 0.50996315, 0.5154766, 0.5130684, 0.51644194, 0.51494837, 0.51274407, 0.5119695, 0.5186509, 0.51546085, 0.5149854, 0.51293385, 0.50699157, 0.5060745, 0.5128504, 0.5125731, 0.512528, 0.51589036, 0.51456505, 0.51298165, 0.51266396, 0.5124562, 0.51467824, 0.5149508, 0.514153, 0.5168839, 0.5151041, 0.5144244, 0.5169212, 0.51588696, 0.5145607, 0.5156341, 0.5142596, 0.51335305, 0.51523274, 0.51462215, 0.51693255, 0.51523465, 0.5140148, 0.51622665, 0.51458204, 0.5144638, 0.5123262, 0.51630706, 0.5145493, 0.5139901, 0.5127053, 0.5168069, 0.5151907, 0.5130995, 0.51235825, 0.51631135, 0.5168635, 0.517405, 0.51545256, 0.5146465, 0.51458675, 0.51338345, 0.51302636, 0.51534003, 0.5156238, 0.5177441, 0.51584256, 0.51630884, 0.51564157, 0.51424414, 0.5137708, 0.51665646, 0.5150576, 0.51803005, 0.5176691, 0.51615477, 0.515219, 0.51412535, 0.5154243, 0.5167846, 0.51642346, 0.5158434, 0.5146817, 0.51186633, 0.51756924, 0.51682085, 0.5122113, 0.51442367, 0.5150641, 0.5136843, 0.513631, 0.5172797, 0.51678437, 0.5129414, 0.51598287, 0.5153558, 0.5151664, 0.5143669, 0.5140698, 0.51230425, 0.51757246, 0.5132084, 0.51460403, 0.516715, 0.51660776, 0.5114626, 0.5169664, 0.51260626, 0.51229215, 0.5115613, 0.51153815, 0.51559013, 0.5167377, 0.5168063, 0.51672375, 0.5130056, 0.5169344, 0.5163469, 0.5130153, 0.51641023, 0.5150409, 0.51513743, 0.5147221, 0.5134612, 0.5161771, 0.51052797, 0.5156588, 0.5145308, 0.51665694, 0.5170576, 0.51601833, 0.5177256, 0.51499254, 0.5136898, 0.51475245, 0.516764, 0.51679254, 0.51408553, 0.51702696, 0.5177352, 0.51655096, 0.5159826, 0.5152911, 0.5154327, 0.5163545, 0.5140482, 0.5141436, 0.5142371, 0.51516896, 0.5156287, 0.51480204, 0.5152499, 0.5170326, 0.5146685, 0.51663244, 0.5163096, 0.5172094, 0.5113767, 0.51594216, 0.5116197, 0.5121006, 0.51532954]
[0.5072929, 0.5013954, 0.50341904, 0.50815254, 0.50112736, 0.5009348, 0.50811636, 0.50324726, 0.5023182, 0.50620216, 0.50063896, 0.50042623, 0.49993217, 0.5069568, 0.50609934, 0.50947887, 0.5023827, 0.5006593, 0.50520545, 0.5067661, 0.5075244, 0.5025564, 0.50100905, 0.50273305, 0.5045503, 0.50754815, 0.50513744, 0.5057499, 0.500306, 0.51317847, 0.5041391, 0.50002414, 0.5008925, 0.5061199, 0.50242645, 0.50179857, 0.5023005, 0.5016423, 0.50204754, 0.49996102, 0.5010201, 0.5035109, 0.5070086, 0.50853646, 0.5015315, 0.4999321, 0.5003484, 0.5044314, 0.50445676, 0.49989846, 0.5008966, 0.5001292, 0.5001428, 0.5080618, 0.5091854, 0.50953066, 0.5050907, 0.50415444, 0.5016265, 0.50287765, 0.5068552, 0.5016502, 0.5061733, 0.508726, 0.5117492, 0.50693166, 0.50254434, 0.5023662, 0.5018676, 0.50866854, 0.50544125, 0.50636005, 0.50120324, 0.501733, 0.50440013, 0.50378823, 0.49995214, 0.5042817, 0.5047775, 0.5076559, 0.5093554, 0.5057822, 0.5088214, 0.5049554, 0.50147116, 0.49994636, 0.509599, 0.50425243, 0.5055136, 0.5090808, 0.50164026, 0.501966, 0.5007844, 0.5056597, 0.50084704, 0.5016546, 0.5021213, 0.5064988, 0.505168, 0.5069009, 0.50634867, 0.5073752, 0.5124394, 0.5151664, 0.5133657, 0.5123552, 0.5152959, 0.5122808, 0.51742667, 0.51558, 0.51444525, 0.51634896, 0.5112291, 0.5105294, 0.5109564, 0.51589215, 0.5150384, 0.5155816, 0.51297504, 0.5131324, 0.5132951, 0.5128207, 0.51094604, 0.5094983, 0.512602, 0.5136673, 0.5128435, 0.51236016, 0.5135695, 0.5140839, 0.5124714, 0.5124673, 0.51450986, 0.513584, 0.5131561, 0.51516277, 0.5149782, 0.5155239, 0.51290864, 0.5138251, 0.5146961, 0.51491094, 0.516102, 0.5143994, 0.51445216, 0.5162127, 0.5148891, 0.5146611, 0.5132874, 0.51674896, 0.50940245, 0.5152936, 0.5135469, 0.515846, 0.5146431, 0.5119077, 0.5113254, 0.5182835, 0.51479775, 0.5140512, 0.5124691, 0.508701, 0.5087665, 0.5113011, 0.5121179, 0.511589, 0.5160377, 0.51380277, 0.512665, 0.5122219, 0.51236683, 0.51537555, 0.51413673, 0.5134778, 0.5154621, 0.5137368, 0.51444745, 0.5160767, 0.51514673, 0.5145308, 0.5150798, 0.5143833, 0.5134944, 0.51492256, 0.5134471, 0.5163381, 0.5143373, 0.5139904, 0.51536864, 0.51396716, 0.5137652, 0.5130178, 0.51488787, 0.5139651, 0.5130128, 0.51095164, 0.51567286, 0.51480806, 0.5126417, 0.51209563, 0.5153796, 0.5155492, 0.51570064, 0.5140203, 0.51476157, 0.5143292, 0.51373905, 0.5131741, 0.5143541, 0.5147862, 0.5168462, 0.5152427, 0.5151725, 0.5149392, 0.5134081, 0.51303667, 0.51561254, 0.51416034, 0.5155263, 0.515971, 0.5154822, 0.51486087, 0.51328367, 0.5154289, 0.5162906, 0.51565504, 0.5147168, 0.5143865, 0.5105403, 0.5160836, 0.51518595, 0.5127622, 0.51361454, 0.5138049, 0.5125331, 0.513368, 0.5153467, 0.51598126, 0.5116691, 0.5156056, 0.5155688, 0.5146856, 0.5141199, 0.51433724, 0.51230097, 0.51640075, 0.5128248, 0.51282966, 0.51564324, 0.5160045, 0.51145154, 0.51611924, 0.51220757, 0.5119446, 0.5112397, 0.5115599, 0.51515776, 0.51558864, 0.5157494, 0.51644796, 0.5119998, 0.5154487, 0.5151364, 0.51304376, 0.51533186, 0.51420784, 0.51442844, 0.51322716, 0.513549, 0.5151063, 0.5107664, 0.5149606, 0.5132278, 0.51519847, 0.5155531, 0.51564527, 0.5165378, 0.5148291, 0.51265866, 0.51409024, 0.51593024, 0.51585954, 0.51271987, 0.51551145, 0.5155915, 0.51468223, 0.5155902, 0.5150636, 0.51623887, 0.5156442, 0.514739, 0.5148807, 0.51340795, 0.5147892, 0.5147842, 0.5132755, 0.513713, 0.516968, 0.51376307, 0.5163079, 0.51578486, 0.5164207, 0.5110195, 0.51531386, 0.51140636, 0.51176983, 0.5144859]
[0.50604665, 0.5017153, 0.50192964, 0.50745195, 0.501075, 0.50139344, 0.5077853, 0.5017127, 0.50009286, 0.5028661, 0.5010013, 0.5000606, 0.50025886, 0.5060573, 0.50497824, 0.50867826, 0.50068724, 0.49949947, 0.5030197, 0.5065619, 0.50761914, 0.50310373, 0.5009142, 0.50175166, 0.5021935, 0.5073198, 0.504664, 0.5036414, 0.499728, 0.5120294, 0.5016932, 0.5003395, 0.5005714, 0.50449336, 0.5014238, 0.5022093, 0.5026432, 0.5024396, 0.5026464, 0.50114787, 0.5008485, 0.5031861, 0.5068219, 0.5069342, 0.5008118, 0.5007969, 0.5009392, 0.50404125, 0.50266886, 0.49966773, 0.50087875, 0.50090396, 0.50110626, 0.50656146, 0.50839514, 0.5089962, 0.50383675, 0.50339115, 0.5021817, 0.50295204, 0.50696063, 0.50148267, 0.50533855, 0.50828743, 0.50984895, 0.50614405, 0.50294703, 0.5027094, 0.5000921, 0.50724375, 0.50404304, 0.5046356, 0.5006372, 0.5010704, 0.5039643, 0.50209725, 0.5003211, 0.5041227, 0.50481707, 0.5062691, 0.5081845, 0.5046986, 0.5066474, 0.50468385, 0.501256, 0.49986497, 0.50929916, 0.5049557, 0.5041337, 0.5079777, 0.50013626, 0.5020149, 0.5000195, 0.50442314, 0.50030947, 0.5015713, 0.50236446, 0.5046248, 0.50349945, 0.50487614, 0.5039119, 0.5055554, 0.51103336, 0.51307005, 0.5123512, 0.5112395, 0.5134843, 0.510546, 0.51555485, 0.51392645, 0.5127273, 0.5143699, 0.51023716, 0.5097657, 0.51007754, 0.5145379, 0.5135257, 0.51402944, 0.51117915, 0.5110399, 0.51166016, 0.51140076, 0.51014876, 0.5087985, 0.51120967, 0.51237, 0.5116088, 0.51186514, 0.51211286, 0.512823, 0.5111418, 0.51151717, 0.5133759, 0.51246667, 0.5119112, 0.51338446, 0.51337105, 0.5140749, 0.5115427, 0.5120682, 0.5129323, 0.51350236, 0.51431346, 0.51296765, 0.51325876, 0.5142869, 0.5129931, 0.51292, 0.51232475, 0.51476216, 0.5091866, 0.5137351, 0.51262116, 0.51424026, 0.5133105, 0.51123023, 0.51031655, 0.51585454, 0.5132369, 0.5123689, 0.5111003, 0.507521, 0.50763214, 0.51061535, 0.5113405, 0.51059204, 0.5137028, 0.51242983, 0.51152617, 0.5110991, 0.5110124, 0.5131756, 0.51215124, 0.511652, 0.5137183, 0.5125861, 0.5129688, 0.5143286, 0.51347303, 0.5128257, 0.51315254, 0.51248336, 0.5118144, 0.512771, 0.5126374, 0.5143084, 0.512661, 0.5121641, 0.5134979, 0.51221496, 0.51215225, 0.5109034, 0.5131891, 0.51215667, 0.5118856, 0.51086444, 0.51360965, 0.5130147, 0.51158804, 0.5109909, 0.5140506, 0.5139475, 0.5142358, 0.51321226, 0.51305294, 0.5123471, 0.51129305, 0.5108132, 0.51282233, 0.51274973, 0.514937, 0.513647, 0.5137962, 0.51370823, 0.5111457, 0.51184833, 0.513984, 0.51281345, 0.5142058, 0.5142286, 0.5131694, 0.5130862, 0.51209843, 0.51291996, 0.5142225, 0.51392305, 0.51313114, 0.5117545, 0.5096104, 0.51420903, 0.5135753, 0.51129943, 0.5124054, 0.5126486, 0.5110965, 0.512019, 0.51372856, 0.51417553, 0.51068187, 0.5137381, 0.5137236, 0.5131043, 0.51273984, 0.5128308, 0.510413, 0.51424843, 0.5113717, 0.5123373, 0.5138199, 0.5139788, 0.51017463, 0.514453, 0.51129276, 0.51098806, 0.51038563, 0.5105389, 0.5134828, 0.51382095, 0.5138488, 0.51435494, 0.510837, 0.5140318, 0.5133387, 0.5114708, 0.5137348, 0.512849, 0.51303345, 0.5119233, 0.5119824, 0.5136224, 0.5097262, 0.51320624, 0.51184165, 0.5137029, 0.5141486, 0.51304984, 0.5148072, 0.5131835, 0.5116137, 0.5125243, 0.5140182, 0.5136522, 0.5115561, 0.5139831, 0.51459914, 0.51353395, 0.5138762, 0.5134307, 0.5136844, 0.5137791, 0.5132278, 0.5128955, 0.51228154, 0.51305145, 0.5136988, 0.5121612, 0.5128892, 0.5149973, 0.51308286, 0.5142722, 0.51384246, 0.5144542, 0.51042837, 0.5136538, 0.5102173, 0.51049215, 0.512862]
[0.50420487, 0.5014779, 0.500368, 0.5057635, 0.5026428, 0.50253546, 0.50578654, 0.500384, 0.5006962, 0.5028397, 0.5027437, 0.5019446, 0.50225574, 0.5045987, 0.5036485, 0.5072074, 0.50044405, 0.501374, 0.5010728, 0.50440615, 0.50428605, 0.500316, 0.5030853, 0.50141734, 0.5025825, 0.5048486, 0.50133073, 0.5014972, 0.50184333, 0.50996035, 0.5007594, 0.5020347, 0.50287545, 0.50410455, 0.5004154, 0.50317234, 0.50374806, 0.50305456, 0.5039903, 0.5024701, 0.5007772, 0.501184, 0.5055291, 0.5058896, 0.50120467, 0.50297326, 0.50335896, 0.50186944, 0.500815, 0.5019912, 0.50271964, 0.5020687, 0.5021331, 0.50498587, 0.50703484, 0.50696427, 0.5030678, 0.5011059, 0.5005536, 0.5005732, 0.5040879, 0.5013016, 0.50240946, 0.50727105, 0.508433, 0.5047029, 0.500768, 0.50038826, 0.5009941, 0.50510246, 0.5014761, 0.50268316, 0.50065184, 0.5012064, 0.50065374, 0.5012213, 0.5015444, 0.5016161, 0.5017731, 0.5054559, 0.50721496, 0.50369364, 0.50679, 0.50149167, 0.5004843, 0.5016856, 0.5075107, 0.50225914, 0.5045213, 0.5069358, 0.5013426, 0.5035762, 0.5012982, 0.50191516, 0.50239563, 0.5031193, 0.5033174, 0.50356543, 0.5025545, 0.50261575, 0.5045322, 0.50533736, 0.50909454, 0.5109479, 0.5103669, 0.50958055, 0.51107466, 0.50918317, 0.5126013, 0.5114663, 0.51034606, 0.5122602, 0.5089165, 0.50816697, 0.50801325, 0.5117333, 0.511276, 0.51160836, 0.50933456, 0.5095034, 0.5096193, 0.50952727, 0.50814635, 0.5067468, 0.50889397, 0.5096931, 0.50918585, 0.50935614, 0.5100072, 0.510441, 0.5093178, 0.5088932, 0.51056916, 0.5101381, 0.50938123, 0.5109987, 0.5106828, 0.51110864, 0.50944346, 0.50989914, 0.5109472, 0.5108138, 0.5114677, 0.5104274, 0.510805, 0.51168764, 0.5101969, 0.51009196, 0.5102024, 0.5120439, 0.507088, 0.51105, 0.5096735, 0.5117814, 0.51058316, 0.5092291, 0.50890994, 0.5130408, 0.5109097, 0.51039004, 0.5091703, 0.50534093, 0.505039, 0.5090848, 0.50921714, 0.5090463, 0.51152265, 0.51022434, 0.5094994, 0.50895715, 0.5091451, 0.5105398, 0.51055765, 0.5102997, 0.5114168, 0.51027274, 0.510568, 0.51190364, 0.5110255, 0.5103902, 0.51136297, 0.51047254, 0.5099304, 0.5108346, 0.5097509, 0.51182604, 0.5105418, 0.5103998, 0.51112753, 0.51021194, 0.5101409, 0.5096388, 0.51090664, 0.5105482, 0.50988734, 0.5089062, 0.511534, 0.5107461, 0.5098442, 0.50912714, 0.51140636, 0.5113134, 0.5115813, 0.5108053, 0.51057076, 0.5101877, 0.5093853, 0.50915074, 0.5103743, 0.51072407, 0.5122078, 0.5111724, 0.5112598, 0.51087224, 0.50991297, 0.5096067, 0.51105875, 0.5104001, 0.511904, 0.51172674, 0.51103634, 0.5106927, 0.51008254, 0.5110716, 0.51131505, 0.5111991, 0.5107139, 0.5102502, 0.5084809, 0.51205856, 0.5114573, 0.5088986, 0.5098765, 0.5102977, 0.5096535, 0.51005536, 0.51139015, 0.5115925, 0.50901943, 0.5113531, 0.511258, 0.5109334, 0.51045287, 0.5105688, 0.50913787, 0.5119582, 0.5095544, 0.5100471, 0.511533, 0.5114572, 0.5083586, 0.51158077, 0.5093245, 0.5092167, 0.508719, 0.50889724, 0.51096565, 0.51130885, 0.51147324, 0.5115856, 0.508865, 0.51132315, 0.5110687, 0.50958383, 0.51125604, 0.5104808, 0.51070225, 0.5101757, 0.5099305, 0.51110905, 0.5081899, 0.5107418, 0.51017475, 0.51136744, 0.5112851, 0.5109697, 0.5122195, 0.51066035, 0.5095475, 0.510243, 0.5117872, 0.51165986, 0.5094397, 0.51156425, 0.51179904, 0.5111561, 0.5112743, 0.5108365, 0.51122224, 0.51137525, 0.51026845, 0.51037264, 0.50998986, 0.5106599, 0.5109497, 0.51003754, 0.5104309, 0.5115868, 0.5102132, 0.51145256, 0.5116168, 0.5117009, 0.5080788, 0.5113864, 0.50849336, 0.5089159, 0.51037186]
[0.5074661, 0.50184023, 0.5021661, 0.5095232, 0.5013009, 0.50133204, 0.50926316, 0.5016924, 0.5007607, 0.5064151, 0.50100046, 0.4999764, 0.5006234, 0.50788546, 0.50577796, 0.5105868, 0.50139844, 0.50002927, 0.5056539, 0.5074522, 0.5079699, 0.5031705, 0.50137484, 0.50223404, 0.50354123, 0.508633, 0.50567716, 0.5055304, 0.49965334, 0.5143224, 0.5030138, 0.500649, 0.5005866, 0.5063486, 0.50135493, 0.50212884, 0.50241625, 0.5021324, 0.50254565, 0.5007947, 0.5002607, 0.5039598, 0.5082916, 0.5091942, 0.5012032, 0.5002265, 0.500655, 0.5047118, 0.50503856, 0.50010705, 0.5009245, 0.5007742, 0.5006103, 0.50830007, 0.5106803, 0.51072365, 0.50604093, 0.50448656, 0.50228214, 0.50368905, 0.5085981, 0.5016008, 0.50661945, 0.509982, 0.5122781, 0.5084602, 0.5021124, 0.5026925, 0.50027865, 0.5091011, 0.50567025, 0.50693446, 0.5007293, 0.5009035, 0.5042111, 0.50335854, 0.4999117, 0.50427645, 0.50564915, 0.50789535, 0.5101183, 0.5052456, 0.50906765, 0.5047434, 0.5007371, 0.500037, 0.5109846, 0.50622326, 0.5052002, 0.5095415, 0.5002124, 0.5021769, 0.49985263, 0.50542295, 0.500814, 0.5021619, 0.5025511, 0.5065246, 0.5048663, 0.5065181, 0.5061611, 0.5076492, 0.51274663, 0.5153199, 0.51442146, 0.51326036, 0.5160674, 0.5123351, 0.5186779, 0.5167153, 0.51527274, 0.5173977, 0.5125356, 0.51184505, 0.5120882, 0.51730144, 0.51609886, 0.5168092, 0.5131895, 0.513472, 0.51375604, 0.5131985, 0.5119467, 0.5102565, 0.51366794, 0.5144076, 0.5138303, 0.51355237, 0.5146897, 0.5151162, 0.51320064, 0.5132837, 0.51555854, 0.5147628, 0.51379275, 0.5162004, 0.5157184, 0.5164124, 0.51386726, 0.5145349, 0.51537365, 0.51578814, 0.5168578, 0.5151752, 0.5155693, 0.516923, 0.5157885, 0.5151444, 0.51447725, 0.5172456, 0.51044077, 0.51617277, 0.5148379, 0.5170531, 0.51552504, 0.5131601, 0.5120745, 0.51922715, 0.515737, 0.5151797, 0.5133816, 0.509246, 0.50954044, 0.51279926, 0.5133153, 0.5125005, 0.5168398, 0.5150831, 0.5136975, 0.513354, 0.5130151, 0.5157409, 0.5145368, 0.5139927, 0.5164714, 0.5148154, 0.515281, 0.51711965, 0.51583964, 0.51562196, 0.5156604, 0.51487297, 0.5141423, 0.5151484, 0.5148003, 0.5170119, 0.5153515, 0.51477534, 0.51618546, 0.51478076, 0.51477325, 0.5136121, 0.5158356, 0.514607, 0.51433206, 0.51241183, 0.5168033, 0.5156715, 0.5138699, 0.513168, 0.51607245, 0.5167935, 0.5167712, 0.5155943, 0.5154171, 0.5149976, 0.5135251, 0.51342314, 0.51543736, 0.51560336, 0.5177198, 0.5160548, 0.5160664, 0.516164, 0.51396406, 0.51408476, 0.5167317, 0.51531816, 0.5170588, 0.5172619, 0.51583683, 0.51558334, 0.5147172, 0.5159806, 0.5169403, 0.5165549, 0.51550835, 0.51453894, 0.51164645, 0.517246, 0.51643974, 0.51330745, 0.51429564, 0.5148013, 0.5137453, 0.5145814, 0.51674634, 0.5169402, 0.5127463, 0.51644874, 0.5163115, 0.5159254, 0.51513684, 0.51492345, 0.51287276, 0.5170445, 0.5139085, 0.51416034, 0.51648927, 0.51679945, 0.51244766, 0.51690936, 0.51342726, 0.5130327, 0.5125254, 0.5126128, 0.5157723, 0.51673084, 0.51702076, 0.5168963, 0.51308805, 0.51624936, 0.51617146, 0.5138972, 0.51634073, 0.51511824, 0.51539356, 0.5137291, 0.5140196, 0.5166649, 0.5118976, 0.51582015, 0.5139103, 0.5163423, 0.51667327, 0.5158093, 0.5173811, 0.51524746, 0.51383716, 0.5149011, 0.5167114, 0.5165194, 0.51405746, 0.51657164, 0.5171828, 0.5159201, 0.51628065, 0.5158923, 0.5165772, 0.51648927, 0.5155309, 0.5156784, 0.5144161, 0.5155278, 0.5159122, 0.5145322, 0.51497513, 0.5177253, 0.5146877, 0.5169162, 0.516506, 0.5172196, 0.5123774, 0.515885, 0.5119703, 0.51248175, 0.5152098]
[0.5093996, 0.5011708, 0.5017101, 0.5108067, 0.4996572, 0.4994965, 0.50929976, 0.50223213, 0.5004411, 0.50549525, 0.49920952, 0.5001156, 0.49924833, 0.50829744, 0.5071635, 0.5115397, 0.50262004, 0.5002265, 0.5053541, 0.50824326, 0.5078618, 0.5034511, 0.49970806, 0.5026027, 0.5042807, 0.50842786, 0.5051376, 0.5067705, 0.49920702, 0.5168649, 0.5018886, 0.4991806, 0.49941108, 0.50745094, 0.5029527, 0.50044143, 0.5005647, 0.49988785, 0.5009547, 0.49926698, 0.50042045, 0.50534034, 0.5088972, 0.5098361, 0.5007163, 0.4994181, 0.49973097, 0.50474113, 0.5033615, 0.4990586, 0.49931085, 0.4990305, 0.498961, 0.50935525, 0.51155186, 0.5112977, 0.50456524, 0.5050495, 0.50188595, 0.50292027, 0.5086637, 0.50139207, 0.5060462, 0.5115168, 0.51479065, 0.5088439, 0.50307465, 0.5027342, 0.50107944, 0.5096415, 0.50591475, 0.5075939, 0.500547, 0.50139874, 0.50527614, 0.503151, 0.49982142, 0.5059771, 0.5062533, 0.5089646, 0.5113661, 0.50518364, 0.5098948, 0.50574344, 0.5009325, 0.49916622, 0.5119155, 0.5060072, 0.5079771, 0.5106934, 0.5000378, 0.500352, 0.49968928, 0.50718904, 0.49905705, 0.5004956, 0.50067586, 0.506839, 0.505566, 0.5076898, 0.50626105, 0.50754136, 0.51551074, 0.51913816, 0.5171051, 0.5154448, 0.5193892, 0.5148572, 0.52262694, 0.5205179, 0.5187138, 0.5207532, 0.5138628, 0.5122814, 0.5133447, 0.5205736, 0.51931626, 0.52031845, 0.5167968, 0.5153132, 0.51603806, 0.51604414, 0.513668, 0.5126681, 0.51687425, 0.5171223, 0.5161148, 0.51615155, 0.5172761, 0.51794565, 0.5156431, 0.516095, 0.51875734, 0.5175955, 0.5169532, 0.51870334, 0.51914215, 0.51976514, 0.5164501, 0.5169573, 0.518775, 0.51909024, 0.52059007, 0.5174644, 0.5190179, 0.5208088, 0.5186329, 0.5187809, 0.51782465, 0.521682, 0.51201475, 0.5199759, 0.5177956, 0.5203436, 0.5184772, 0.5152435, 0.51416194, 0.5238255, 0.5190689, 0.51792735, 0.5154894, 0.5101809, 0.5105932, 0.5141921, 0.5158549, 0.5150211, 0.52130485, 0.51753074, 0.5159881, 0.5154729, 0.51587164, 0.5192121, 0.5175007, 0.5168314, 0.5194958, 0.51724446, 0.5188202, 0.5210954, 0.5191451, 0.51914924, 0.51907307, 0.5188148, 0.5178011, 0.51802695, 0.5170786, 0.51982373, 0.5182418, 0.5180108, 0.51983494, 0.5174644, 0.517321, 0.5165883, 0.5180657, 0.5178487, 0.51663107, 0.5138272, 0.5203771, 0.51900345, 0.51632375, 0.5150157, 0.51986516, 0.51924163, 0.51983076, 0.5190283, 0.51852155, 0.51776624, 0.51639557, 0.51559097, 0.51828796, 0.518526, 0.5214096, 0.51943135, 0.5192248, 0.519623, 0.51688355, 0.5163056, 0.5194008, 0.5175762, 0.5202112, 0.5202645, 0.51927316, 0.51792157, 0.517452, 0.5197982, 0.52051526, 0.52025265, 0.51879644, 0.51698285, 0.51281095, 0.52041376, 0.5193987, 0.51601213, 0.51710665, 0.51731956, 0.5157282, 0.51727295, 0.51999325, 0.52022696, 0.5146154, 0.52047324, 0.52019036, 0.5194283, 0.5182651, 0.51887286, 0.51509047, 0.52074254, 0.5154729, 0.5164766, 0.5198988, 0.520034, 0.5135474, 0.5204192, 0.5157823, 0.51578623, 0.51448774, 0.51526845, 0.51872545, 0.5198766, 0.5202377, 0.5208576, 0.51512516, 0.5198709, 0.5185591, 0.517058, 0.519656, 0.5183544, 0.51894, 0.51536226, 0.5174983, 0.5199479, 0.5136844, 0.5193236, 0.5157617, 0.5194055, 0.5194254, 0.5192248, 0.5211219, 0.5189359, 0.5157615, 0.5171772, 0.52077526, 0.51991546, 0.51531386, 0.5200709, 0.5197482, 0.51860386, 0.5202746, 0.51963246, 0.5207729, 0.52014923, 0.5188922, 0.51943815, 0.5174491, 0.51875824, 0.51937026, 0.5167328, 0.51737547, 0.52203107, 0.51790226, 0.52064884, 0.5201659, 0.5207312, 0.51441574, 0.5189582, 0.51322615, 0.5144154, 0.5179255]
[0.506193, 0.5010826, 0.50230455, 0.5072139, 0.50474364, 0.5041366, 0.5069588, 0.50309217, 0.50315255, 0.50704354, 0.50311214, 0.50120896, 0.5027485, 0.5056564, 0.50471866, 0.50837016, 0.50214124, 0.50129354, 0.504554, 0.504775, 0.50578403, 0.50196046, 0.50406593, 0.50264645, 0.5039306, 0.5062776, 0.50392646, 0.5038318, 0.50313526, 0.5111468, 0.5034188, 0.501706, 0.5036624, 0.5061263, 0.5027529, 0.50564146, 0.5060266, 0.50409716, 0.5060242, 0.50150734, 0.50094193, 0.50314623, 0.505508, 0.5078519, 0.5020192, 0.50238407, 0.50335914, 0.5039303, 0.5033865, 0.50275743, 0.5031406, 0.50293684, 0.5019295, 0.50717527, 0.50829, 0.50838345, 0.50398344, 0.5033933, 0.50107586, 0.50288796, 0.50610423, 0.50106966, 0.5067009, 0.50733095, 0.5105442, 0.50670284, 0.501969, 0.5023625, 0.5013385, 0.50747323, 0.5051159, 0.505315, 0.5010884, 0.5009415, 0.5030712, 0.5046943, 0.50323623, 0.5030664, 0.5038512, 0.5069107, 0.5086665, 0.5048287, 0.5082666, 0.503819, 0.501032, 0.50206745, 0.50865895, 0.50348526, 0.505716, 0.50808257, 0.50258803, 0.5048137, 0.5017379, 0.5047753, 0.50451505, 0.5057278, 0.5059928, 0.5057738, 0.50472105, 0.5065568, 0.5052871, 0.50590706, 0.51084036, 0.5124385, 0.51110464, 0.50993043, 0.5129908, 0.5102633, 0.51469564, 0.513217, 0.5119785, 0.51378846, 0.50981283, 0.5092044, 0.50954634, 0.5135626, 0.5127885, 0.513527, 0.510594, 0.51128846, 0.51119393, 0.5105588, 0.5096733, 0.5088722, 0.511063, 0.5116355, 0.5110997, 0.5104275, 0.5114109, 0.51217026, 0.5110331, 0.5102554, 0.5123401, 0.511603, 0.5110002, 0.51304376, 0.5127945, 0.51299995, 0.5113612, 0.5121404, 0.51260734, 0.51279944, 0.5136425, 0.51204234, 0.5122342, 0.513332, 0.5128556, 0.51257515, 0.5113781, 0.51385266, 0.50730103, 0.51326525, 0.511741, 0.51326275, 0.5123648, 0.5099937, 0.5095805, 0.5152849, 0.5127906, 0.5119351, 0.5106665, 0.508038, 0.5082401, 0.5099048, 0.511046, 0.5101853, 0.51345026, 0.5120272, 0.5110631, 0.51055115, 0.51044977, 0.513123, 0.51192623, 0.5116376, 0.5133127, 0.5114988, 0.5123942, 0.5139678, 0.51279384, 0.5127509, 0.5129985, 0.51234406, 0.5117133, 0.5126509, 0.5114707, 0.513852, 0.5123775, 0.51214135, 0.51352596, 0.51196885, 0.51199114, 0.5111598, 0.5127292, 0.51231825, 0.5110115, 0.5092849, 0.513352, 0.5129007, 0.5112958, 0.5104879, 0.51284385, 0.5129187, 0.5133018, 0.5118428, 0.5123954, 0.51208985, 0.51164633, 0.5110978, 0.5121096, 0.51270854, 0.5143096, 0.5125561, 0.512616, 0.5125264, 0.5115688, 0.511047, 0.5129552, 0.5122353, 0.5133165, 0.51368463, 0.5129486, 0.51250285, 0.51174074, 0.5129087, 0.5135482, 0.51277095, 0.51238483, 0.51231945, 0.50950474, 0.51380295, 0.5132933, 0.51086396, 0.51152956, 0.51144415, 0.5109414, 0.5117904, 0.51281184, 0.51367974, 0.51004934, 0.5129743, 0.5133093, 0.5126467, 0.51230913, 0.51187783, 0.51066047, 0.5139942, 0.5113197, 0.51079476, 0.51350933, 0.5137619, 0.5102695, 0.5134379, 0.5106203, 0.5104476, 0.50953794, 0.5099029, 0.5126401, 0.513157, 0.5136198, 0.51383805, 0.51006687, 0.5128104, 0.51267135, 0.51124257, 0.5130276, 0.5115696, 0.5122162, 0.5112014, 0.51146394, 0.51308095, 0.50981766, 0.5124403, 0.51130116, 0.5129826, 0.5130597, 0.512929, 0.51405126, 0.5122937, 0.5107799, 0.511758, 0.51356083, 0.51319563, 0.5108785, 0.51294386, 0.5131719, 0.5122645, 0.51310074, 0.5127528, 0.5135354, 0.5133517, 0.5122422, 0.51230484, 0.5114963, 0.5120111, 0.5123985, 0.5117844, 0.51167274, 0.5140955, 0.5108995, 0.5136288, 0.5131718, 0.51364106, 0.50920135, 0.51259804, 0.50989926, 0.5103662, 0.5122681]
[0.5075315, 0.5021955, 0.5029795, 0.50814825, 0.5030868, 0.5032117, 0.50881183, 0.5030522, 0.50256044, 0.50805974, 0.50233793, 0.5013788, 0.5023174, 0.5073091, 0.50643146, 0.5097408, 0.5009266, 0.50187916, 0.50582695, 0.5068798, 0.5071448, 0.50225246, 0.50294864, 0.50175846, 0.5022813, 0.50794053, 0.5049769, 0.50604916, 0.50148207, 0.51238436, 0.504478, 0.50131845, 0.5025476, 0.5054442, 0.5008115, 0.5041123, 0.5047204, 0.5042254, 0.50362533, 0.5015312, 0.50153667, 0.5054281, 0.5073581, 0.50902456, 0.5023502, 0.5013922, 0.50195026, 0.5039089, 0.50537926, 0.50168437, 0.502838, 0.50251853, 0.50230396, 0.50786215, 0.50917906, 0.50981355, 0.50502837, 0.5033668, 0.5026055, 0.50363016, 0.5077423, 0.5009266, 0.50671804, 0.508211, 0.51101625, 0.5075884, 0.50176966, 0.5013016, 0.501071, 0.5089453, 0.50657976, 0.50615126, 0.50080496, 0.5010244, 0.50403684, 0.5045207, 0.50100505, 0.50319743, 0.5029265, 0.50738865, 0.5089424, 0.50591093, 0.50853497, 0.5043636, 0.5019922, 0.5013176, 0.50972784, 0.50502056, 0.5045333, 0.5090313, 0.5010774, 0.5042819, 0.50092787, 0.50691444, 0.5033773, 0.5036393, 0.50427353, 0.5074337, 0.5065112, 0.50761473, 0.5061902, 0.50699544, 0.51162773, 0.5138351, 0.51261187, 0.51179385, 0.5139574, 0.51128495, 0.5163933, 0.51441604, 0.5136658, 0.51521844, 0.5109906, 0.5102405, 0.51056653, 0.51501054, 0.5142658, 0.51460296, 0.5109718, 0.51224995, 0.5125496, 0.5117433, 0.5104919, 0.5092557, 0.511665, 0.5126581, 0.5119862, 0.511939, 0.51267505, 0.51348853, 0.5120073, 0.5115791, 0.5134007, 0.5128413, 0.5120331, 0.5145524, 0.5140806, 0.51411325, 0.51217717, 0.5131538, 0.51383644, 0.51382387, 0.5148051, 0.51372397, 0.5136665, 0.5149003, 0.5139535, 0.5137139, 0.5124569, 0.51531696, 0.5095393, 0.51414865, 0.5131665, 0.51441497, 0.5136241, 0.5114126, 0.51108694, 0.516617, 0.5138747, 0.51322293, 0.511827, 0.50867677, 0.50859076, 0.51115674, 0.5117471, 0.51128304, 0.5145894, 0.513157, 0.51192254, 0.5117684, 0.51199764, 0.51394206, 0.5129784, 0.5125968, 0.51494926, 0.51305133, 0.51364255, 0.51499504, 0.51433057, 0.51363957, 0.5139375, 0.5132443, 0.5125357, 0.5137955, 0.51309127, 0.51525193, 0.5136772, 0.5128671, 0.51452214, 0.51342857, 0.5133221, 0.5117921, 0.5140137, 0.5131121, 0.51221824, 0.5109917, 0.51464075, 0.5137808, 0.51205313, 0.5114595, 0.51422685, 0.5144206, 0.51478964, 0.5133147, 0.5136587, 0.51320213, 0.5127142, 0.512296, 0.51381296, 0.5141386, 0.5158345, 0.5140323, 0.5140108, 0.5136211, 0.5125431, 0.5125899, 0.5146441, 0.51334965, 0.5147982, 0.5149968, 0.51457953, 0.5137909, 0.51268446, 0.5139847, 0.5149516, 0.5145877, 0.5138461, 0.51297265, 0.5103919, 0.5150465, 0.5144521, 0.5119983, 0.51273096, 0.5129555, 0.51175207, 0.5126852, 0.5146488, 0.514547, 0.51141584, 0.5144645, 0.51426345, 0.51394236, 0.513157, 0.5129595, 0.5115469, 0.5152238, 0.51239765, 0.5122663, 0.5145589, 0.5147523, 0.511201, 0.5150126, 0.5115466, 0.5112692, 0.5107472, 0.5108159, 0.51434433, 0.5148072, 0.5148928, 0.5150053, 0.5118297, 0.51445395, 0.5141664, 0.5122067, 0.51433504, 0.5130619, 0.513298, 0.5120625, 0.5124636, 0.5143563, 0.510564, 0.51411515, 0.51266974, 0.51425385, 0.5145041, 0.51465034, 0.51531136, 0.5137658, 0.51208353, 0.51309097, 0.515026, 0.51493245, 0.5122375, 0.51462877, 0.5145886, 0.51391417, 0.51430047, 0.51386875, 0.5145805, 0.51469964, 0.51320183, 0.51339567, 0.51267076, 0.5137823, 0.513911, 0.51295674, 0.51281756, 0.5157285, 0.51279014, 0.5147296, 0.51429576, 0.51517177, 0.5108081, 0.5139848, 0.51098466, 0.51133573, 0.5138291]
[0.5089142, 0.5037272, 0.50388944, 0.5093504, 0.49959174, 0.49967834, 0.5096586, 0.50477153, 0.50338405, 0.50768095, 0.50094557, 0.50284237, 0.5007741, 0.50941896, 0.5086449, 0.5104723, 0.50440836, 0.502041, 0.5074959, 0.5087421, 0.5090863, 0.50596386, 0.5004545, 0.50689083, 0.5076281, 0.5091611, 0.507277, 0.50741553, 0.50155675, 0.51351225, 0.50577307, 0.50043476, 0.5001357, 0.5079588, 0.50439656, 0.5001774, 0.5005861, 0.50000495, 0.5016241, 0.500451, 0.5039444, 0.5072926, 0.5094543, 0.5093925, 0.50371206, 0.50084674, 0.49989668, 0.50682896, 0.50591266, 0.50147235, 0.50015116, 0.5007131, 0.50121343, 0.5092162, 0.51063335, 0.5109287, 0.50795424, 0.5068901, 0.5043344, 0.50532573, 0.50911963, 0.5047683, 0.50721693, 0.5103989, 0.51189035, 0.5089381, 0.5058119, 0.50614077, 0.5031866, 0.5093865, 0.5068127, 0.5075057, 0.50359035, 0.50348514, 0.50685865, 0.5056586, 0.5025805, 0.5075542, 0.50684446, 0.5085205, 0.50986415, 0.5081158, 0.50979656, 0.50728846, 0.50427395, 0.5017902, 0.51074946, 0.5078327, 0.5076733, 0.5102816, 0.5022576, 0.50075823, 0.50347036, 0.5069665, 0.49999535, 0.5003599, 0.5011247, 0.5072237, 0.50618964, 0.5077619, 0.5081854, 0.5086849, 0.5125523, 0.51465106, 0.51402247, 0.51316357, 0.5152733, 0.5127183, 0.5169251, 0.515333, 0.5144124, 0.5156952, 0.51221025, 0.5112772, 0.5114468, 0.51594067, 0.51520044, 0.51561666, 0.51288766, 0.5131226, 0.5131542, 0.5130562, 0.5118416, 0.5105426, 0.51272774, 0.5137818, 0.5131676, 0.5131994, 0.5139077, 0.5141878, 0.51285106, 0.5130404, 0.51404583, 0.5139176, 0.51312107, 0.5146406, 0.51475704, 0.5153469, 0.5132094, 0.51358515, 0.5145572, 0.5148746, 0.5155763, 0.5141869, 0.5149954, 0.5158358, 0.5141072, 0.514021, 0.51382333, 0.5162388, 0.5109987, 0.5147119, 0.5136062, 0.5154523, 0.51461107, 0.51288825, 0.51207376, 0.5173963, 0.51479286, 0.51406705, 0.51303256, 0.5098705, 0.50965685, 0.5126146, 0.5125195, 0.5122232, 0.5154388, 0.5140023, 0.51310605, 0.5128004, 0.51301974, 0.5147454, 0.51384854, 0.5133637, 0.5154205, 0.51410514, 0.5144301, 0.51586777, 0.5150689, 0.5146013, 0.5151129, 0.51424664, 0.5136354, 0.5140816, 0.5138127, 0.5156508, 0.51428455, 0.51392335, 0.51488364, 0.5138754, 0.5138325, 0.5130224, 0.5147184, 0.5139579, 0.51372194, 0.51248616, 0.51560116, 0.5147316, 0.51353127, 0.5126394, 0.5152424, 0.51539195, 0.5156057, 0.5147765, 0.5146289, 0.51380926, 0.51318836, 0.5128998, 0.5146573, 0.51461816, 0.51625323, 0.51506174, 0.51521623, 0.5154457, 0.51365525, 0.51352584, 0.515088, 0.5139411, 0.5157239, 0.5156823, 0.5149548, 0.5144513, 0.51407593, 0.51504636, 0.5158934, 0.5156242, 0.5146395, 0.5135912, 0.5116613, 0.51580834, 0.5153061, 0.51252437, 0.5135067, 0.5138879, 0.51283085, 0.51345813, 0.5156846, 0.5158728, 0.5127982, 0.51554453, 0.51522124, 0.51473254, 0.5141777, 0.51436704, 0.5126131, 0.51600116, 0.51331365, 0.5135857, 0.5151919, 0.5151138, 0.5117002, 0.51559514, 0.51298684, 0.5127753, 0.51232386, 0.51233125, 0.51479745, 0.5152603, 0.51547873, 0.515839, 0.5125673, 0.5151816, 0.5148911, 0.5132254, 0.5149232, 0.51479787, 0.51490784, 0.5138485, 0.51332885, 0.51526123, 0.51160836, 0.5146358, 0.5131856, 0.515178, 0.5153926, 0.51458514, 0.5162257, 0.5147851, 0.5132764, 0.51426667, 0.51594186, 0.51569116, 0.513211, 0.51573104, 0.51570994, 0.5150198, 0.51539886, 0.5148499, 0.5151381, 0.5154587, 0.5143457, 0.5142943, 0.51376724, 0.5147828, 0.51527965, 0.51363975, 0.51423794, 0.5159219, 0.51445717, 0.5158068, 0.51548964, 0.51582074, 0.5121958, 0.51533014, 0.5118196, 0.5121722, 0.5141284]
[0.50641173, 0.5031603, 0.50413007, 0.5074287, 0.50266296, 0.50263715, 0.5066724, 0.5029176, 0.5022319, 0.50568175, 0.5017755, 0.50125176, 0.5010524, 0.50641614, 0.50550336, 0.50837934, 0.50342846, 0.50197875, 0.50526327, 0.5052501, 0.5050605, 0.50401455, 0.50250757, 0.503477, 0.5045806, 0.507125, 0.50551337, 0.5056386, 0.50111806, 0.51052886, 0.5030672, 0.500959, 0.50149786, 0.5066089, 0.50352424, 0.50371104, 0.5042843, 0.5035484, 0.5038051, 0.5018733, 0.5018349, 0.50467014, 0.50649285, 0.50776285, 0.5029673, 0.5010938, 0.5008958, 0.50442535, 0.5055313, 0.501381, 0.50175685, 0.50150585, 0.5014236, 0.50732994, 0.5083756, 0.5087431, 0.50493443, 0.50440305, 0.5027841, 0.50333154, 0.5065924, 0.50193316, 0.50670815, 0.5082128, 0.5094852, 0.50695497, 0.5038319, 0.50312126, 0.5019232, 0.5074796, 0.50536245, 0.50588655, 0.50255865, 0.50255567, 0.505598, 0.5037334, 0.5012181, 0.5047792, 0.5047626, 0.5071335, 0.5084891, 0.50506806, 0.50799704, 0.5045634, 0.5024305, 0.50134045, 0.5084804, 0.50594777, 0.5064034, 0.5077996, 0.50267464, 0.50347155, 0.5018118, 0.50532556, 0.50133836, 0.5029253, 0.50363886, 0.50621176, 0.50526506, 0.50605977, 0.50583833, 0.50656736, 0.50995064, 0.51137006, 0.51100266, 0.5103076, 0.511697, 0.50993484, 0.5129743, 0.5118008, 0.51122546, 0.51251197, 0.50961524, 0.5088806, 0.50899124, 0.51217914, 0.5116285, 0.5120164, 0.5103473, 0.5102803, 0.51059115, 0.51035917, 0.5094953, 0.50789756, 0.5096659, 0.5108828, 0.5104462, 0.5098599, 0.510871, 0.5109559, 0.5103313, 0.5100124, 0.51115745, 0.5108226, 0.51058894, 0.5116069, 0.5116583, 0.5118559, 0.51054144, 0.5106243, 0.51137036, 0.5115772, 0.51223016, 0.51136494, 0.5113115, 0.5121307, 0.5110996, 0.5111594, 0.51069736, 0.5125321, 0.50837576, 0.5117274, 0.5108854, 0.51216, 0.5114388, 0.50990266, 0.5097981, 0.51364005, 0.51167184, 0.51084125, 0.5100624, 0.5074926, 0.50775117, 0.50956553, 0.51001525, 0.50952196, 0.511802, 0.5109973, 0.5103538, 0.51007414, 0.51011354, 0.51164764, 0.5110047, 0.510677, 0.5120196, 0.511001, 0.51141644, 0.51221406, 0.5118555, 0.511364, 0.5119292, 0.511186, 0.5107406, 0.5111806, 0.5106709, 0.51230645, 0.511013, 0.51085347, 0.511482, 0.510962, 0.5109932, 0.5108178, 0.5117451, 0.51115763, 0.5104857, 0.5095782, 0.51213825, 0.51175916, 0.5106613, 0.51014996, 0.51176566, 0.5119359, 0.512022, 0.51121104, 0.5115868, 0.51112366, 0.5105426, 0.5103851, 0.51130456, 0.51152617, 0.5127058, 0.5119525, 0.5119205, 0.51174647, 0.51052475, 0.5106376, 0.5118315, 0.5109282, 0.5118886, 0.5122191, 0.51149255, 0.5114469, 0.51065564, 0.5116434, 0.512372, 0.51185983, 0.5112863, 0.5109106, 0.5089493, 0.5122898, 0.5117153, 0.5100109, 0.5105738, 0.5107281, 0.50998753, 0.5106086, 0.5119094, 0.5122479, 0.5098065, 0.5120383, 0.51207393, 0.51150584, 0.5111878, 0.51121575, 0.5097512, 0.512287, 0.51062304, 0.5108317, 0.5119556, 0.5121248, 0.50966406, 0.5119998, 0.51029307, 0.510125, 0.50988233, 0.5095777, 0.5115921, 0.5116943, 0.5121464, 0.5123776, 0.509886, 0.5115854, 0.511503, 0.51045424, 0.51191473, 0.51130545, 0.5113391, 0.51059186, 0.51086205, 0.511872, 0.5092801, 0.511368, 0.51064444, 0.5118317, 0.5118947, 0.51149064, 0.51290464, 0.51156086, 0.5103406, 0.5111437, 0.51212287, 0.51206833, 0.51062775, 0.51190597, 0.51223963, 0.51161915, 0.5120035, 0.5115387, 0.51179653, 0.5119993, 0.51130956, 0.51122355, 0.510591, 0.51125365, 0.5115999, 0.51040673, 0.51087224, 0.51228917, 0.510951, 0.5123286, 0.51194507, 0.5121842, 0.50977236, 0.5118776, 0.509544, 0.5098674, 0.51116884]
[0.5064943, 0.5019413, 0.50206053, 0.5082996, 0.5032921, 0.5031498, 0.50645137, 0.50214684, 0.50100994, 0.5059172, 0.50246346, 0.50112873, 0.5021046, 0.5063742, 0.50638, 0.5078308, 0.502592, 0.5007935, 0.5042192, 0.5061404, 0.5063209, 0.5046276, 0.5027599, 0.5028619, 0.50389385, 0.5066373, 0.5055532, 0.5046122, 0.5005428, 0.5111955, 0.5027771, 0.5016343, 0.5017449, 0.5061782, 0.5028732, 0.50396776, 0.5051576, 0.50437117, 0.5044385, 0.50267106, 0.5009629, 0.50418437, 0.5067452, 0.50701994, 0.50129354, 0.5022657, 0.50240314, 0.50554216, 0.5034076, 0.5024158, 0.5025388, 0.5024598, 0.501714, 0.50696373, 0.5077766, 0.5081147, 0.5052433, 0.50533056, 0.5026414, 0.5037604, 0.50677633, 0.50189984, 0.5059866, 0.50790983, 0.50934345, 0.50594026, 0.5038108, 0.5039881, 0.50142545, 0.5065041, 0.505794, 0.5048501, 0.5016798, 0.5021412, 0.50511134, 0.5025964, 0.5007123, 0.504536, 0.5050186, 0.5064361, 0.5074473, 0.50463724, 0.5067459, 0.50526166, 0.50200313, 0.5010776, 0.5085309, 0.5053342, 0.5057581, 0.5077022, 0.50105953, 0.50472474, 0.5011023, 0.5055855, 0.5024713, 0.5039234, 0.5047554, 0.5054477, 0.50462973, 0.5058154, 0.50611156, 0.506637, 0.50943255, 0.5121737, 0.5109254, 0.51024306, 0.5121024, 0.51010287, 0.51405954, 0.5123992, 0.51144093, 0.5123645, 0.50913036, 0.5083128, 0.5087062, 0.5132099, 0.5122213, 0.5123691, 0.5103495, 0.51012063, 0.5102057, 0.51064587, 0.5090434, 0.50866324, 0.510679, 0.5113566, 0.5106409, 0.51087284, 0.51077974, 0.5111769, 0.5095705, 0.5102348, 0.51162153, 0.51126415, 0.5104265, 0.51152295, 0.5122886, 0.51225686, 0.5104835, 0.51065356, 0.5118274, 0.51223856, 0.51294416, 0.5113326, 0.5114091, 0.51238483, 0.5108593, 0.5111435, 0.5111541, 0.51294285, 0.5083515, 0.512037, 0.51105297, 0.51226, 0.5121426, 0.51023865, 0.50936747, 0.5142178, 0.511899, 0.5112235, 0.51043844, 0.5077315, 0.50791156, 0.5096412, 0.5102804, 0.50960773, 0.51297, 0.51127404, 0.5103712, 0.51013815, 0.51029265, 0.5119631, 0.5107539, 0.51067877, 0.51186216, 0.51119274, 0.51171577, 0.512767, 0.5122627, 0.5117774, 0.51259613, 0.5122038, 0.51157236, 0.511388, 0.51104844, 0.51280284, 0.51149476, 0.5111861, 0.51199716, 0.5109284, 0.51095945, 0.51066357, 0.5114544, 0.5110001, 0.51061016, 0.50927633, 0.51259285, 0.51180995, 0.5106441, 0.5100783, 0.51215225, 0.5119594, 0.51245683, 0.5113155, 0.5117873, 0.5107725, 0.5106385, 0.51028836, 0.5114291, 0.5117055, 0.5133149, 0.5119949, 0.5119301, 0.51222134, 0.5099945, 0.510554, 0.51230013, 0.51131225, 0.5119371, 0.5123623, 0.5118936, 0.5118752, 0.5111356, 0.5118205, 0.51271564, 0.5124973, 0.5116307, 0.51050806, 0.50815725, 0.51309544, 0.5124114, 0.51030916, 0.51066995, 0.51096624, 0.5103968, 0.5107311, 0.512027, 0.5123427, 0.50986403, 0.5126593, 0.5127982, 0.5124631, 0.51179874, 0.5115171, 0.50975657, 0.51268244, 0.51030785, 0.51099527, 0.51194036, 0.5121529, 0.50929075, 0.5127819, 0.51031893, 0.51009023, 0.50989693, 0.50979066, 0.5114645, 0.5122274, 0.51279485, 0.5131465, 0.5093216, 0.5119245, 0.51169586, 0.51034284, 0.5123516, 0.5113942, 0.51159894, 0.51040363, 0.5107211, 0.5121656, 0.5089919, 0.5117813, 0.50984013, 0.5122817, 0.5121304, 0.511389, 0.51305103, 0.5119866, 0.5102931, 0.51116574, 0.51295054, 0.5125083, 0.5102172, 0.51244366, 0.51241934, 0.51199836, 0.51230603, 0.512236, 0.5129071, 0.5125171, 0.5113336, 0.51158434, 0.5110719, 0.51234925, 0.5126606, 0.5105716, 0.51089513, 0.5130972, 0.51150906, 0.51243836, 0.5121295, 0.51282835, 0.50919837, 0.5122164, 0.5087022, 0.5093266, 0.5114043]
[0.50494176, 0.5012431, 0.5014152, 0.5044914, 0.5025737, 0.5025088, 0.5053076, 0.5024558, 0.50237525, 0.50507796, 0.5020107, 0.50095135, 0.50173616, 0.50491613, 0.50424004, 0.50572777, 0.5013399, 0.50121766, 0.5032102, 0.5044797, 0.50495714, 0.5013151, 0.50256866, 0.502001, 0.5031778, 0.50490737, 0.50273275, 0.5037528, 0.50205845, 0.50732595, 0.503082, 0.5021084, 0.50232846, 0.50396955, 0.5009801, 0.50345814, 0.50380737, 0.5030032, 0.50391436, 0.5009455, 0.5011034, 0.5026797, 0.5048673, 0.505379, 0.5014709, 0.5011798, 0.50201243, 0.5019694, 0.5028236, 0.5017675, 0.50268304, 0.50230587, 0.50125414, 0.50497186, 0.5057007, 0.5058247, 0.5041061, 0.50250137, 0.50173205, 0.5025268, 0.504621, 0.5014086, 0.50395787, 0.5050372, 0.50664407, 0.50455946, 0.50128114, 0.50154847, 0.5011249, 0.50535303, 0.5032863, 0.5038632, 0.50104135, 0.50111645, 0.50285417, 0.50294816, 0.5008942, 0.502643, 0.5028107, 0.5044071, 0.50549096, 0.5044894, 0.50537336, 0.5033366, 0.5012377, 0.5010549, 0.50579494, 0.50279105, 0.5029722, 0.5058475, 0.5013088, 0.50367665, 0.50087035, 0.5036367, 0.50279063, 0.5039036, 0.5041621, 0.5039319, 0.50316507, 0.50435674, 0.50403374, 0.50493985, 0.5069238, 0.50808495, 0.507571, 0.507036, 0.508353, 0.5068826, 0.509289, 0.50850594, 0.507986, 0.5086761, 0.50679064, 0.50603896, 0.506408, 0.50861454, 0.5082807, 0.5086776, 0.50685686, 0.50752425, 0.5072871, 0.5071462, 0.50626355, 0.5057163, 0.5069053, 0.5075097, 0.5070635, 0.50712854, 0.507518, 0.5076066, 0.5070684, 0.50673795, 0.507737, 0.5073004, 0.50724584, 0.508294, 0.5079991, 0.50801194, 0.50735164, 0.50749266, 0.5079553, 0.5080065, 0.50854933, 0.50777984, 0.5078397, 0.5086169, 0.5076991, 0.5077294, 0.50742555, 0.5089196, 0.5056066, 0.50780886, 0.50701344, 0.5083156, 0.5080551, 0.5070116, 0.5065319, 0.50957155, 0.5080982, 0.5075169, 0.50707114, 0.5053254, 0.50531626, 0.5065937, 0.50677615, 0.50670475, 0.50827014, 0.5076721, 0.5071321, 0.5067304, 0.5068132, 0.5079112, 0.50783825, 0.507627, 0.5083396, 0.5077011, 0.5076352, 0.5087666, 0.5083077, 0.5076409, 0.5083974, 0.5075839, 0.5073512, 0.50800073, 0.5075821, 0.5088132, 0.50798494, 0.5077224, 0.5082805, 0.50783575, 0.50780696, 0.5070337, 0.50816447, 0.50773215, 0.50749815, 0.50678146, 0.5084775, 0.5079004, 0.50700015, 0.50663835, 0.50823426, 0.50841314, 0.5085558, 0.50774497, 0.50786066, 0.5077407, 0.5075537, 0.50740784, 0.5077809, 0.50804555, 0.5089647, 0.5080758, 0.50812805, 0.5078942, 0.50767714, 0.50729215, 0.5082194, 0.50769967, 0.508592, 0.50862974, 0.5082977, 0.5080931, 0.5074792, 0.5080427, 0.5084489, 0.50818723, 0.5080234, 0.5077733, 0.50616455, 0.50870514, 0.508438, 0.50679153, 0.507238, 0.5073119, 0.5071771, 0.50755036, 0.50836515, 0.50865936, 0.5070512, 0.5080462, 0.5080201, 0.50760376, 0.50742906, 0.50779736, 0.5069094, 0.5087674, 0.5072884, 0.5072663, 0.50849974, 0.5085721, 0.50662714, 0.50849044, 0.50675297, 0.506602, 0.5063524, 0.5066406, 0.5083586, 0.5085702, 0.5085436, 0.5088546, 0.50690657, 0.50806475, 0.5080399, 0.50694287, 0.50813603, 0.5077205, 0.5078148, 0.5074303, 0.5072032, 0.508214, 0.50619423, 0.5080017, 0.50756806, 0.50834906, 0.5084633, 0.5081082, 0.5087758, 0.5078272, 0.5069928, 0.5077487, 0.50861335, 0.50862503, 0.5072391, 0.508474, 0.5084121, 0.5080704, 0.5082033, 0.50782615, 0.5084596, 0.5085107, 0.5075519, 0.5075492, 0.50749254, 0.50803506, 0.5081634, 0.50761294, 0.507575, 0.5085433, 0.5072966, 0.508438, 0.50827575, 0.5090204, 0.50605685, 0.5082608, 0.50666904, 0.5068785, 0.50795025]
[0.5058558, 0.4997885, 0.50081897, 0.5061935, 0.50199634, 0.5019613, 0.5071032, 0.5016725, 0.50139916, 0.5069427, 0.5015345, 0.5001308, 0.5009866, 0.5056336, 0.5043004, 0.50843585, 0.5003488, 0.5005318, 0.50414807, 0.5035051, 0.50517935, 0.5007731, 0.50198734, 0.5016287, 0.50174016, 0.5063555, 0.50302273, 0.5034439, 0.5010212, 0.5110926, 0.5024833, 0.5011437, 0.5011203, 0.5043444, 0.5002493, 0.50270396, 0.50315815, 0.5024441, 0.5033784, 0.5003725, 0.50012726, 0.50177073, 0.5055672, 0.50769734, 0.5005658, 0.50084025, 0.501562, 0.50103515, 0.50264573, 0.5007801, 0.50223446, 0.50115895, 0.50121695, 0.50698376, 0.5082899, 0.50850004, 0.5037329, 0.5019055, 0.50062656, 0.50183666, 0.50603855, 0.5005571, 0.50532955, 0.50708485, 0.51030576, 0.5065223, 0.50101393, 0.50070757, 0.49974287, 0.50762963, 0.50276405, 0.5050206, 0.50009125, 0.50020254, 0.50121164, 0.5039107, 0.5008391, 0.5014254, 0.50209236, 0.5065155, 0.5079719, 0.50476027, 0.50751305, 0.5021606, 0.5004386, 0.50065, 0.50825083, 0.5027576, 0.5031482, 0.5077245, 0.5001698, 0.50281215, 0.50025505, 0.50400597, 0.5021622, 0.5027445, 0.50330687, 0.50581723, 0.5048591, 0.505216, 0.5046273, 0.50605744, 0.5104248, 0.512759, 0.51142657, 0.5101568, 0.5133907, 0.5102573, 0.51509905, 0.51346, 0.51224947, 0.51414496, 0.50977254, 0.5088065, 0.5093526, 0.51387155, 0.5129987, 0.5136122, 0.5098892, 0.5115137, 0.5112107, 0.5106563, 0.50898236, 0.5078971, 0.5108431, 0.51137865, 0.51089144, 0.5105439, 0.5117331, 0.51182675, 0.51095045, 0.5102881, 0.5119899, 0.51137334, 0.51079416, 0.5131206, 0.51264006, 0.5130565, 0.5110186, 0.51228327, 0.51259345, 0.51249635, 0.51393414, 0.5119275, 0.5125733, 0.513795, 0.51279277, 0.51252156, 0.51136684, 0.5144358, 0.5077467, 0.5126991, 0.51170045, 0.5136845, 0.5125008, 0.5102752, 0.5095653, 0.5155941, 0.5128246, 0.5119801, 0.5107029, 0.5072148, 0.5066944, 0.5101107, 0.51039994, 0.5101548, 0.51375335, 0.5119385, 0.5108409, 0.5104681, 0.5106277, 0.51274765, 0.51194394, 0.51147664, 0.5138599, 0.5117683, 0.51216346, 0.51407796, 0.51306975, 0.5127416, 0.51299816, 0.5122213, 0.5114768, 0.51260763, 0.5114699, 0.5140821, 0.5124034, 0.51214015, 0.5133702, 0.5120818, 0.5118599, 0.51104856, 0.51272196, 0.51225644, 0.51123405, 0.50983214, 0.5138708, 0.51298517, 0.51126105, 0.5103635, 0.5130716, 0.5134328, 0.5136499, 0.51205164, 0.5125577, 0.51220053, 0.5115648, 0.5111461, 0.5126484, 0.51300126, 0.5149425, 0.5128188, 0.5126982, 0.5126913, 0.5117715, 0.5111566, 0.51325905, 0.5123442, 0.5139511, 0.5141528, 0.5132354, 0.51280934, 0.51161814, 0.51277417, 0.51374155, 0.5132454, 0.51261485, 0.51230586, 0.5093803, 0.5138713, 0.5134766, 0.5107702, 0.5116639, 0.51187277, 0.5108567, 0.5116184, 0.5134665, 0.5140577, 0.5104912, 0.51312584, 0.5132669, 0.5123954, 0.511897, 0.51190066, 0.51057243, 0.5142149, 0.5115058, 0.51077753, 0.5136687, 0.5136372, 0.5097382, 0.5140089, 0.51051354, 0.51030153, 0.50983167, 0.5100739, 0.5133011, 0.51391804, 0.5136045, 0.51408315, 0.5103672, 0.5133315, 0.51313245, 0.51086825, 0.5129231, 0.51236314, 0.5123623, 0.5110691, 0.51079446, 0.5128228, 0.5094194, 0.5125657, 0.5113391, 0.5129177, 0.5132208, 0.5132656, 0.51410025, 0.5127187, 0.5109504, 0.51182127, 0.51404494, 0.51368517, 0.5108323, 0.5135951, 0.5136146, 0.51277167, 0.51320523, 0.5126599, 0.51368445, 0.51360023, 0.5122608, 0.51275665, 0.511743, 0.51285976, 0.512591, 0.5119332, 0.51188606, 0.51452214, 0.5114455, 0.51361793, 0.51329637, 0.51406026, 0.5090473, 0.5132497, 0.5099461, 0.5102419, 0.5121857]
[0.50795233, 0.49994683, 0.5018251, 0.51069707, 0.5015342, 0.5014815, 0.50993466, 0.50167626, 0.5005253, 0.5065978, 0.5007303, 0.4995627, 0.5003609, 0.5091892, 0.5076671, 0.51174873, 0.5014406, 0.50008684, 0.504813, 0.50827146, 0.5073654, 0.5037873, 0.50121474, 0.50232774, 0.50386214, 0.50914323, 0.505493, 0.50559664, 0.50025016, 0.51689637, 0.502377, 0.5004501, 0.5011442, 0.5078429, 0.5017697, 0.5021377, 0.50270116, 0.50202405, 0.50252223, 0.50108284, 0.4999296, 0.505056, 0.5089862, 0.5105655, 0.5004195, 0.50102866, 0.5015212, 0.5047477, 0.50294214, 0.499987, 0.50077224, 0.5005939, 0.5005692, 0.510173, 0.51142085, 0.51146215, 0.50466496, 0.5039407, 0.50169325, 0.50400496, 0.5092261, 0.50067216, 0.50681543, 0.51164824, 0.514154, 0.50895476, 0.5027338, 0.50233394, 0.5002343, 0.5103483, 0.5049747, 0.50642556, 0.50032836, 0.50032586, 0.50400764, 0.50367445, 0.4997627, 0.50525165, 0.50527966, 0.50904596, 0.51145715, 0.5054706, 0.5098977, 0.5053295, 0.5020502, 0.49987236, 0.5126444, 0.5074935, 0.5072784, 0.51096326, 0.49998766, 0.50187534, 0.5000884, 0.5060376, 0.50061226, 0.50201863, 0.50249493, 0.508294, 0.50628996, 0.506112, 0.50757724, 0.50771594, 0.51488477, 0.51827395, 0.517414, 0.515733, 0.51896864, 0.514989, 0.5221836, 0.5197905, 0.5179118, 0.52048254, 0.5143698, 0.51273024, 0.5136584, 0.5206396, 0.5191793, 0.52015394, 0.51555353, 0.5148236, 0.5158922, 0.5154353, 0.5136916, 0.5119288, 0.5157969, 0.5168633, 0.51561296, 0.51589465, 0.5170417, 0.5180254, 0.51559454, 0.5154854, 0.5179361, 0.517699, 0.5161058, 0.518201, 0.5188056, 0.5190772, 0.51619846, 0.51674545, 0.5184451, 0.5186193, 0.51998, 0.51732826, 0.51865345, 0.5199921, 0.51799965, 0.51769245, 0.5175104, 0.52091175, 0.51194996, 0.51903313, 0.5172989, 0.51955897, 0.5184415, 0.51557916, 0.5140912, 0.5228398, 0.5185806, 0.517568, 0.51562965, 0.5101257, 0.5105828, 0.51493645, 0.51562995, 0.51535594, 0.51990885, 0.5171246, 0.51551384, 0.51566726, 0.5156786, 0.51806706, 0.51716447, 0.5164162, 0.519644, 0.51754016, 0.5178219, 0.5204394, 0.51911426, 0.51829517, 0.518842, 0.5180762, 0.51693124, 0.5174604, 0.51710725, 0.5196913, 0.5176967, 0.5172739, 0.51914495, 0.5172233, 0.5171754, 0.5159733, 0.51835823, 0.5175685, 0.51625365, 0.5146283, 0.5200229, 0.51866806, 0.51639444, 0.51557964, 0.51874715, 0.5191717, 0.5201222, 0.51811755, 0.5182676, 0.5173439, 0.5154079, 0.5152524, 0.5176205, 0.5177555, 0.52091587, 0.51902485, 0.51929903, 0.51893467, 0.5163007, 0.5162295, 0.5191812, 0.5179631, 0.52023286, 0.520711, 0.5186219, 0.518123, 0.5171956, 0.518784, 0.5196098, 0.5195551, 0.51815945, 0.5168865, 0.51330906, 0.5203511, 0.51967525, 0.51590276, 0.51713055, 0.51775146, 0.5158011, 0.5169524, 0.51949847, 0.51993185, 0.51492417, 0.5195622, 0.51954526, 0.51877725, 0.5179614, 0.5175261, 0.5151477, 0.52027035, 0.5158825, 0.5167244, 0.51979345, 0.5196442, 0.5138234, 0.51995635, 0.51570106, 0.5155524, 0.51457, 0.51465106, 0.5181476, 0.5194234, 0.5202534, 0.52014744, 0.5149444, 0.5191917, 0.51892054, 0.51654375, 0.5189377, 0.51837057, 0.5185595, 0.51621073, 0.51657414, 0.5194109, 0.513541, 0.51894355, 0.5161528, 0.5193319, 0.51956844, 0.5188428, 0.52080286, 0.51863354, 0.5158852, 0.517477, 0.5201904, 0.51969784, 0.5156376, 0.51982856, 0.5198846, 0.5187588, 0.51937747, 0.51877654, 0.5194016, 0.51980966, 0.51774496, 0.51817125, 0.51679844, 0.5186838, 0.5191739, 0.5166595, 0.5176889, 0.52070606, 0.5175857, 0.5199641, 0.51954764, 0.51970136, 0.51431537, 0.51867515, 0.5139564, 0.51440376, 0.51772994]
[0.5064056, 0.5030145, 0.5037301, 0.5067061, 0.50170016, 0.5020674, 0.50791925, 0.50427574, 0.50361234, 0.50667185, 0.50155336, 0.50265056, 0.5012625, 0.5074434, 0.50637317, 0.50855136, 0.5026579, 0.5015287, 0.5043141, 0.50681293, 0.50688654, 0.50432456, 0.50174004, 0.50343615, 0.5046645, 0.50713307, 0.50520694, 0.50528383, 0.50145084, 0.51086855, 0.5047568, 0.5015706, 0.50121653, 0.5059445, 0.5030094, 0.5019243, 0.5027313, 0.5024999, 0.502724, 0.501693, 0.50233465, 0.505153, 0.5073155, 0.5076733, 0.5033237, 0.5010294, 0.5018156, 0.5044889, 0.50488436, 0.5014953, 0.5019057, 0.5014132, 0.5011757, 0.5075542, 0.50807315, 0.50835377, 0.5057638, 0.50455403, 0.50402254, 0.50473946, 0.5073218, 0.5029509, 0.5062635, 0.50771844, 0.5094533, 0.50699115, 0.503617, 0.5030823, 0.5020854, 0.5078237, 0.50514317, 0.5055641, 0.50252646, 0.50211555, 0.50435376, 0.50472283, 0.50239104, 0.50439113, 0.5053789, 0.5060803, 0.50759685, 0.5057313, 0.50776935, 0.50442797, 0.5043679, 0.5022572, 0.50873, 0.5058422, 0.50453687, 0.5082317, 0.5018496, 0.50297904, 0.50192237, 0.5053587, 0.50166255, 0.50332624, 0.5033842, 0.50607204, 0.50563234, 0.50538933, 0.50609905, 0.5068794, 0.5097844, 0.51153165, 0.5110861, 0.5104512, 0.51168126, 0.5099415, 0.51316315, 0.5119692, 0.51138544, 0.5124804, 0.5098378, 0.5091241, 0.50921285, 0.5125213, 0.5119655, 0.5124588, 0.50966775, 0.51052713, 0.5105675, 0.51019555, 0.5092121, 0.50814104, 0.51004636, 0.5105846, 0.5100603, 0.5104974, 0.5107887, 0.51093763, 0.5100818, 0.5100486, 0.51078975, 0.5108726, 0.5103592, 0.51169974, 0.5115935, 0.51165134, 0.510119, 0.5108835, 0.5116237, 0.5114861, 0.51197207, 0.51125365, 0.5115085, 0.512425, 0.5111486, 0.51094484, 0.51107025, 0.5125529, 0.5086084, 0.5113384, 0.5104108, 0.5120299, 0.5114726, 0.51023024, 0.50968415, 0.5131864, 0.5114952, 0.5110296, 0.51032674, 0.50759876, 0.50745976, 0.5100527, 0.5100144, 0.5099558, 0.5116504, 0.5111895, 0.5103868, 0.5101317, 0.5101479, 0.5112327, 0.5110342, 0.5106682, 0.5121245, 0.5111548, 0.5112101, 0.5123202, 0.5118891, 0.5109054, 0.51186204, 0.5108633, 0.5104989, 0.511254, 0.5110337, 0.5125752, 0.51142514, 0.5109701, 0.51196724, 0.511242, 0.51114565, 0.50984126, 0.5116382, 0.5109367, 0.5108686, 0.5102691, 0.51218754, 0.5114134, 0.5103254, 0.5098506, 0.5119142, 0.512042, 0.51271033, 0.5113395, 0.5113794, 0.51091313, 0.5105371, 0.5103613, 0.5110707, 0.5113153, 0.5125978, 0.5115662, 0.51168144, 0.5113244, 0.5108139, 0.51066166, 0.51189303, 0.51138884, 0.5122595, 0.51246405, 0.5118318, 0.5115695, 0.5109163, 0.51164114, 0.5119281, 0.51196223, 0.5116914, 0.5107694, 0.5092183, 0.51244074, 0.5120504, 0.5100189, 0.5105789, 0.5108656, 0.51045024, 0.51074916, 0.5121324, 0.5121535, 0.51012975, 0.5116875, 0.5115781, 0.5113432, 0.51073265, 0.51092, 0.51005095, 0.5124866, 0.5104892, 0.5107704, 0.51201755, 0.51212, 0.5095904, 0.5122839, 0.5099261, 0.509841, 0.50937706, 0.50956124, 0.5118054, 0.5122064, 0.51226586, 0.5125139, 0.51011854, 0.51183397, 0.51171446, 0.5102185, 0.51182747, 0.5115458, 0.51154125, 0.5106833, 0.51049244, 0.5118102, 0.5090534, 0.51166975, 0.51085204, 0.5121241, 0.5122436, 0.51150376, 0.5125769, 0.5114307, 0.5103037, 0.5112359, 0.51231927, 0.5122836, 0.5106733, 0.51215345, 0.5121857, 0.5117551, 0.51170367, 0.511348, 0.5117358, 0.51211727, 0.51059425, 0.5106215, 0.51101077, 0.51164377, 0.5116945, 0.5111366, 0.51109827, 0.5121364, 0.51096207, 0.5119484, 0.5119508, 0.51239717, 0.5093754, 0.5119036, 0.50965434, 0.5099078, 0.5114498]
[0.50594217, 0.5003268, 0.50050867, 0.5075404, 0.50141245, 0.5012987, 0.5070775, 0.49955586, 0.49973205, 0.5050015, 0.5013616, 0.5003657, 0.5009327, 0.50548387, 0.5036624, 0.50869924, 0.4995967, 0.5003306, 0.50272566, 0.5057311, 0.5056866, 0.50075185, 0.50166553, 0.49985883, 0.50089157, 0.5068144, 0.50297636, 0.50410557, 0.50014997, 0.51252955, 0.50023437, 0.5008188, 0.50044006, 0.50382596, 0.49972585, 0.5024451, 0.50257295, 0.5021507, 0.50263274, 0.5009939, 0.4996325, 0.5020472, 0.5059405, 0.50700104, 0.49993765, 0.50050235, 0.5010632, 0.50173646, 0.5011798, 0.5007402, 0.50165033, 0.50156724, 0.50080806, 0.5065222, 0.5085356, 0.5084338, 0.5030389, 0.5032056, 0.5007325, 0.5024775, 0.5065428, 0.50046676, 0.5046621, 0.5078783, 0.5105995, 0.50668794, 0.50140655, 0.5012334, 0.49980724, 0.507926, 0.5027366, 0.5056794, 0.4997688, 0.49957824, 0.5024883, 0.501188, 0.4998352, 0.50238585, 0.5037028, 0.5067017, 0.5083838, 0.5036863, 0.5066233, 0.5033308, 0.49948257, 0.500426, 0.50895053, 0.50526184, 0.5040104, 0.5075878, 0.5005927, 0.5020458, 0.5002017, 0.5039529, 0.50099874, 0.5023826, 0.50274926, 0.50473964, 0.5031656, 0.504753, 0.50376153, 0.5048899, 0.5112661, 0.51384753, 0.5124149, 0.5113233, 0.5140674, 0.51054966, 0.51678914, 0.51470023, 0.513553, 0.51552665, 0.5103777, 0.5095962, 0.50978374, 0.515622, 0.5143358, 0.5148622, 0.5113987, 0.5109852, 0.51150966, 0.51095, 0.50981987, 0.50841486, 0.51198214, 0.5119439, 0.5114133, 0.51172817, 0.51261526, 0.5135155, 0.5111049, 0.5112635, 0.51348346, 0.51287806, 0.51195234, 0.5138662, 0.5140655, 0.51423776, 0.51193446, 0.5129164, 0.51325613, 0.514097, 0.5151782, 0.5128921, 0.5140124, 0.5151264, 0.51427, 0.5133751, 0.5126647, 0.51551753, 0.5085601, 0.5142376, 0.51311827, 0.51494545, 0.51360005, 0.51146567, 0.50987977, 0.51703966, 0.51411295, 0.51316106, 0.5117239, 0.5068305, 0.5071444, 0.51075226, 0.51149243, 0.51094025, 0.5151651, 0.5126968, 0.5115554, 0.5116361, 0.5115209, 0.51365304, 0.512196, 0.51210904, 0.5147313, 0.5127468, 0.5136495, 0.51512456, 0.5141345, 0.5139096, 0.5134981, 0.5129665, 0.51227105, 0.5136383, 0.51256686, 0.5148257, 0.5130929, 0.5128231, 0.51434124, 0.5126561, 0.51290226, 0.5117388, 0.5133741, 0.5125891, 0.5121386, 0.5107375, 0.5148145, 0.51378214, 0.51218665, 0.5116535, 0.51452583, 0.51463443, 0.51565975, 0.51407236, 0.5134658, 0.5126512, 0.5113162, 0.5113587, 0.5132598, 0.51344794, 0.51604277, 0.51442266, 0.51431036, 0.51435894, 0.5118992, 0.5119673, 0.5144644, 0.51343656, 0.51568633, 0.5152303, 0.5140301, 0.5140348, 0.5128584, 0.5138729, 0.51462394, 0.5148844, 0.5136352, 0.5121487, 0.5096016, 0.5155896, 0.51477563, 0.51176035, 0.5130439, 0.5131138, 0.5113649, 0.5126856, 0.5146836, 0.51487905, 0.51063687, 0.51433766, 0.514659, 0.51381516, 0.5128905, 0.5131986, 0.51067126, 0.5150436, 0.5118519, 0.5121547, 0.51473135, 0.5148023, 0.5099627, 0.515034, 0.511626, 0.5114124, 0.51053846, 0.5108183, 0.5140973, 0.51525134, 0.514935, 0.5152088, 0.51120925, 0.5145851, 0.5140062, 0.5119692, 0.5141189, 0.51363593, 0.5140434, 0.5118117, 0.5119183, 0.51451015, 0.5096298, 0.5137349, 0.5120586, 0.51445764, 0.51471573, 0.51390934, 0.51603514, 0.5138208, 0.51166266, 0.51257074, 0.5152307, 0.5144885, 0.5118654, 0.5149147, 0.5154291, 0.5144743, 0.5146651, 0.5139304, 0.5145384, 0.5147827, 0.51387805, 0.5138809, 0.51286066, 0.5138234, 0.51446754, 0.5126389, 0.5132228, 0.516049, 0.5134265, 0.514955, 0.5143869, 0.5155242, 0.5104955, 0.51436496, 0.5098463, 0.5105659, 0.51305157]
[0.5066515, 0.50047815, 0.5004164, 0.507766, 0.5037272, 0.50338495, 0.50704503, 0.5017781, 0.5008354, 0.5062694, 0.50264287, 0.50132054, 0.5021583, 0.5062849, 0.504996, 0.50850534, 0.5013801, 0.5013508, 0.50424415, 0.50481135, 0.505858, 0.5012712, 0.50320864, 0.5024593, 0.5028735, 0.506224, 0.5042997, 0.50420886, 0.50257456, 0.5115122, 0.50182563, 0.50286347, 0.50318676, 0.5055235, 0.5015213, 0.5045985, 0.5046867, 0.5038014, 0.50483435, 0.5016791, 0.50126535, 0.50289875, 0.5057788, 0.5078723, 0.50056237, 0.50180036, 0.5027957, 0.5026222, 0.50315875, 0.5020414, 0.50253546, 0.5019796, 0.501586, 0.50754726, 0.5086932, 0.50859505, 0.5039155, 0.5030182, 0.5003688, 0.501931, 0.5067467, 0.50056505, 0.50604665, 0.5078001, 0.5105259, 0.5065426, 0.50104094, 0.50126445, 0.5008329, 0.5076436, 0.5041957, 0.50480086, 0.50067925, 0.50039256, 0.50412256, 0.5031647, 0.5024917, 0.50329953, 0.502864, 0.50649774, 0.50826925, 0.50463194, 0.50785744, 0.5040507, 0.5009776, 0.5013931, 0.5085485, 0.5032133, 0.50627244, 0.50851274, 0.5010516, 0.5047269, 0.5011772, 0.50395864, 0.5034602, 0.50464684, 0.50523996, 0.50513744, 0.5034358, 0.50635153, 0.5051553, 0.5051305, 0.5110938, 0.5131137, 0.51195234, 0.51079047, 0.51377195, 0.51066244, 0.5154494, 0.5144722, 0.5126314, 0.51450074, 0.51000315, 0.5094108, 0.51014805, 0.5142504, 0.51350385, 0.51413983, 0.5110928, 0.5116396, 0.51142675, 0.5111348, 0.50999135, 0.5093963, 0.51168454, 0.5126491, 0.5116957, 0.51135045, 0.51229537, 0.51261723, 0.5113045, 0.5110903, 0.51313835, 0.5124846, 0.51160896, 0.51319665, 0.51320434, 0.51384777, 0.5118981, 0.51209694, 0.5126839, 0.5133542, 0.5144544, 0.51244164, 0.51299685, 0.51407325, 0.5130194, 0.5128621, 0.5121105, 0.51488435, 0.5080988, 0.5135954, 0.51244336, 0.5136093, 0.5127984, 0.51060045, 0.5097341, 0.5164487, 0.51329273, 0.51244426, 0.51125073, 0.5084798, 0.50848055, 0.5102542, 0.51145715, 0.51046395, 0.5143676, 0.5124015, 0.51145935, 0.5110482, 0.5113527, 0.51350445, 0.5121983, 0.5117762, 0.51377815, 0.5123782, 0.51292044, 0.51476216, 0.5132717, 0.5133028, 0.5135874, 0.512934, 0.51216686, 0.5126538, 0.5122216, 0.5142648, 0.51283836, 0.51289964, 0.51368046, 0.5126336, 0.5125362, 0.51159614, 0.5131051, 0.5126046, 0.51159227, 0.50987417, 0.5139131, 0.5131442, 0.5113032, 0.5108879, 0.5135353, 0.5139238, 0.5139297, 0.51248896, 0.51310325, 0.5124572, 0.5117519, 0.51128525, 0.5127346, 0.51306623, 0.51496065, 0.513379, 0.5133946, 0.51361537, 0.5117997, 0.51158434, 0.51347095, 0.5122711, 0.5140519, 0.51411027, 0.51370573, 0.513093, 0.5121776, 0.5133829, 0.5144614, 0.51367426, 0.5129279, 0.51237404, 0.5094891, 0.5142555, 0.513897, 0.51124555, 0.51198816, 0.51219726, 0.5113318, 0.5122188, 0.5137609, 0.51433367, 0.51077217, 0.5139325, 0.51378757, 0.5135663, 0.5128666, 0.51276195, 0.5110592, 0.5146157, 0.5115935, 0.5110897, 0.5137815, 0.51404434, 0.51026154, 0.5142503, 0.5111255, 0.51092297, 0.5101587, 0.51061094, 0.51317024, 0.5139601, 0.51436883, 0.51474553, 0.51088357, 0.51336336, 0.51304674, 0.51154196, 0.51390684, 0.5124172, 0.5128435, 0.51177573, 0.51196873, 0.5138361, 0.5099519, 0.5131758, 0.51101434, 0.5135901, 0.5138108, 0.5135249, 0.5145442, 0.5134231, 0.51128805, 0.51249826, 0.5144668, 0.5139431, 0.5114012, 0.5138094, 0.51366174, 0.5128546, 0.5139372, 0.51345193, 0.51416624, 0.5142054, 0.51262796, 0.5127628, 0.5119431, 0.5130328, 0.5136418, 0.5120664, 0.5120994, 0.5149711, 0.5121753, 0.5144851, 0.51385474, 0.51436764, 0.5098143, 0.5133953, 0.5101845, 0.51060075, 0.5127179]
[0.50814, 0.5020942, 0.5027358, 0.50850993, 0.5008295, 0.5008514, 0.5086416, 0.5035956, 0.5019369, 0.50712055, 0.50057137, 0.5016846, 0.50051355, 0.5079199, 0.50714415, 0.5094092, 0.50288504, 0.50113094, 0.5051945, 0.507645, 0.50800484, 0.50390726, 0.50191194, 0.50378823, 0.5052853, 0.5077675, 0.5050662, 0.50581, 0.50076944, 0.512656, 0.5044475, 0.5006931, 0.5004794, 0.50659746, 0.50241697, 0.5023593, 0.5030215, 0.5023351, 0.5024407, 0.5008152, 0.5017603, 0.50501204, 0.5083194, 0.5084115, 0.5018855, 0.50133336, 0.50131655, 0.505984, 0.50413233, 0.5008532, 0.5014433, 0.5015914, 0.5008602, 0.5077272, 0.5090632, 0.50929224, 0.50593704, 0.5052277, 0.5037225, 0.5053508, 0.5079045, 0.5033194, 0.50606817, 0.5091604, 0.51082355, 0.50729054, 0.50331706, 0.50409234, 0.5014708, 0.50870407, 0.5069956, 0.5067599, 0.50197726, 0.502663, 0.50581634, 0.5032546, 0.5014331, 0.5053792, 0.50679404, 0.50765353, 0.50879174, 0.506734, 0.5078681, 0.5061633, 0.50332206, 0.5013756, 0.50941455, 0.50558096, 0.50590855, 0.5091689, 0.5005935, 0.50296575, 0.50163066, 0.5068412, 0.5008962, 0.5026566, 0.5029751, 0.5064581, 0.50550467, 0.50693107, 0.5070261, 0.50799143, 0.51123995, 0.5140764, 0.51260734, 0.51151264, 0.5138289, 0.5115066, 0.5158609, 0.51455534, 0.51308334, 0.5146181, 0.5109058, 0.50964606, 0.5105326, 0.5146874, 0.51423866, 0.5147156, 0.5117001, 0.511962, 0.5122929, 0.5118499, 0.5101319, 0.5096139, 0.5122555, 0.5123269, 0.5119585, 0.51212823, 0.5124467, 0.51276153, 0.5109096, 0.5120698, 0.51325023, 0.5126449, 0.51199865, 0.513522, 0.51357526, 0.51400757, 0.51165164, 0.51262283, 0.51327455, 0.51358324, 0.51457095, 0.5129089, 0.513483, 0.51479787, 0.5130339, 0.5132821, 0.5129032, 0.51508254, 0.5098018, 0.5136281, 0.5120643, 0.51450187, 0.51347136, 0.51160073, 0.5108406, 0.5163537, 0.51338094, 0.51311004, 0.5116791, 0.5084002, 0.5085634, 0.5110013, 0.51169187, 0.5111964, 0.51437396, 0.51266897, 0.51180255, 0.5113185, 0.51164514, 0.51318777, 0.5125375, 0.5124909, 0.51393574, 0.5124011, 0.5132419, 0.51476425, 0.5135482, 0.5130857, 0.5137764, 0.51315904, 0.512535, 0.51347184, 0.51263565, 0.51460266, 0.5132206, 0.51286155, 0.51367635, 0.51252246, 0.5125338, 0.51167965, 0.51310575, 0.51254326, 0.5121034, 0.51096296, 0.514183, 0.51335055, 0.51206475, 0.51124144, 0.5141416, 0.5140056, 0.5140969, 0.5132479, 0.5130824, 0.5127349, 0.51216704, 0.5114912, 0.5132038, 0.51327807, 0.51523006, 0.5140255, 0.51387215, 0.513961, 0.51243633, 0.5121154, 0.51388603, 0.5129311, 0.51456255, 0.5148824, 0.5135954, 0.51352155, 0.5126186, 0.513643, 0.5143979, 0.5140255, 0.51363665, 0.5124527, 0.5097783, 0.5147389, 0.5142293, 0.511904, 0.5125776, 0.51308995, 0.511909, 0.5124751, 0.51414615, 0.51410335, 0.5112768, 0.51404583, 0.51419365, 0.51339996, 0.5128739, 0.5132341, 0.5112938, 0.51441586, 0.51168144, 0.5122952, 0.5140748, 0.5141425, 0.51036304, 0.51495314, 0.5112932, 0.5113406, 0.5107033, 0.51109785, 0.5137824, 0.514289, 0.5143419, 0.5147229, 0.5114129, 0.5139989, 0.5135037, 0.511979, 0.5137666, 0.5131481, 0.5135897, 0.5120396, 0.51236236, 0.5138728, 0.5100233, 0.5134534, 0.511899, 0.5140071, 0.5141806, 0.51370734, 0.51475954, 0.5135736, 0.51166445, 0.5127733, 0.5145333, 0.51420915, 0.51172316, 0.5142288, 0.514531, 0.51380825, 0.51401097, 0.51365715, 0.514534, 0.514033, 0.5129285, 0.5133803, 0.5130102, 0.5137319, 0.5141962, 0.51225865, 0.5126864, 0.5152236, 0.51314586, 0.5142078, 0.5140664, 0.51484203, 0.5104857, 0.51393807, 0.51051533, 0.5112189, 0.51319027]
[0.506103, 0.50231004, 0.50243217, 0.506516, 0.50158656, 0.50174963, 0.50631887, 0.5036012, 0.5032231, 0.5059045, 0.50105506, 0.50161165, 0.5011451, 0.5058792, 0.50492704, 0.5076923, 0.5035768, 0.50188965, 0.50471705, 0.5053262, 0.5055376, 0.5030796, 0.5016227, 0.50371987, 0.5037734, 0.5058387, 0.504232, 0.5048563, 0.50110894, 0.5097737, 0.50360554, 0.501339, 0.50136006, 0.5051463, 0.50236255, 0.5020851, 0.5030733, 0.50222987, 0.503532, 0.50119174, 0.5022299, 0.5038357, 0.5059597, 0.5068738, 0.50308347, 0.5011339, 0.50174296, 0.5034837, 0.5038948, 0.5009042, 0.5016007, 0.50067693, 0.5008824, 0.50646806, 0.50722414, 0.50718516, 0.5047209, 0.5039253, 0.50249237, 0.5033752, 0.5058712, 0.5023479, 0.50533533, 0.50726515, 0.5087355, 0.5061022, 0.5034115, 0.5037445, 0.5024941, 0.506309, 0.5036332, 0.5049756, 0.501564, 0.50171334, 0.5035174, 0.50415176, 0.5008135, 0.5040204, 0.50434875, 0.5057619, 0.50718015, 0.5049754, 0.50674, 0.50424564, 0.5030303, 0.5014433, 0.50724155, 0.5044786, 0.50533026, 0.50691885, 0.5011751, 0.5028233, 0.5017243, 0.50441897, 0.5006791, 0.50366026, 0.5036053, 0.505169, 0.5047686, 0.50509137, 0.5055389, 0.5057638, 0.50910723, 0.5110543, 0.5102587, 0.5093468, 0.511093, 0.5091125, 0.51251495, 0.511637, 0.5105932, 0.5120504, 0.5086886, 0.5079571, 0.5082648, 0.5113633, 0.511138, 0.5115294, 0.5092636, 0.50969046, 0.50948644, 0.5092858, 0.50829685, 0.50727093, 0.50966674, 0.50984585, 0.5093111, 0.5094397, 0.51012653, 0.5102104, 0.50938576, 0.50932837, 0.5107239, 0.5100398, 0.5093409, 0.51089644, 0.51057196, 0.5111784, 0.5097482, 0.5100181, 0.5106759, 0.51072365, 0.5117037, 0.51022637, 0.5105873, 0.5117768, 0.5106404, 0.5103793, 0.51015407, 0.5120378, 0.50731856, 0.511087, 0.5100332, 0.5116972, 0.5104402, 0.5090519, 0.50861806, 0.51300025, 0.510681, 0.5102595, 0.5093678, 0.5064412, 0.5063937, 0.50874007, 0.5093321, 0.5088528, 0.5116724, 0.51016015, 0.5094614, 0.5090868, 0.5092693, 0.51071835, 0.5101202, 0.50995255, 0.5115365, 0.510104, 0.51066244, 0.512005, 0.5111654, 0.5108285, 0.5112619, 0.5104428, 0.50996226, 0.51075226, 0.50995314, 0.5116588, 0.5106549, 0.51069146, 0.5111988, 0.51028615, 0.51022863, 0.50991786, 0.5108551, 0.510509, 0.50992453, 0.508701, 0.5117511, 0.51103723, 0.5096582, 0.5090569, 0.5111196, 0.51133883, 0.5115537, 0.5105756, 0.5106058, 0.51027805, 0.5096531, 0.5095346, 0.51049083, 0.51085037, 0.5122766, 0.51079047, 0.5109319, 0.51099, 0.5099287, 0.50973094, 0.51088536, 0.51031995, 0.5117247, 0.5117133, 0.5110019, 0.5105804, 0.51009965, 0.5110654, 0.51154166, 0.5113882, 0.5106726, 0.51049227, 0.50810146, 0.5119057, 0.51153135, 0.5093288, 0.5100566, 0.51028395, 0.50937957, 0.51046693, 0.5112055, 0.51158214, 0.50916785, 0.51163006, 0.5114365, 0.5108683, 0.510431, 0.51045847, 0.509046, 0.51185614, 0.50972295, 0.50956637, 0.51132715, 0.511261, 0.50842106, 0.5114785, 0.50961554, 0.50929594, 0.5087433, 0.50909543, 0.51103127, 0.5115576, 0.51146847, 0.5118745, 0.50914574, 0.5112699, 0.51084167, 0.5094582, 0.5109918, 0.51062655, 0.5107574, 0.5097569, 0.5097899, 0.51095545, 0.50810534, 0.5108545, 0.5094785, 0.51099, 0.51125824, 0.5110354, 0.5119359, 0.51085067, 0.50966626, 0.5103256, 0.51191807, 0.5114832, 0.509333, 0.511534, 0.5113319, 0.5108723, 0.5112631, 0.51086235, 0.5115945, 0.51165617, 0.510734, 0.51085895, 0.51005936, 0.51067597, 0.5109628, 0.51018876, 0.5100279, 0.5121053, 0.5102331, 0.5116542, 0.51118845, 0.51186335, 0.50827247, 0.5111569, 0.50866383, 0.5089559, 0.5101979]
[0.50669986, 0.5033704, 0.5028272, 0.5071519, 0.5010277, 0.50094837, 0.5070279, 0.5032915, 0.50256044, 0.5061237, 0.5005775, 0.5015211, 0.50101, 0.5064057, 0.50490797, 0.508348, 0.50277346, 0.5012688, 0.5049321, 0.50554395, 0.5056869, 0.50269246, 0.5014292, 0.5029603, 0.5039705, 0.50634545, 0.5043735, 0.5055237, 0.50092494, 0.51148385, 0.50332373, 0.50090426, 0.50075924, 0.504978, 0.50216967, 0.5026838, 0.50298184, 0.50209725, 0.5025697, 0.50069994, 0.50121725, 0.5044189, 0.5062087, 0.50763774, 0.50306123, 0.50158185, 0.5011098, 0.5042252, 0.504193, 0.50078344, 0.5006187, 0.50096136, 0.5012713, 0.50634354, 0.5084253, 0.50899726, 0.504406, 0.5041896, 0.50320184, 0.5039921, 0.5060293, 0.5020594, 0.50550634, 0.5074298, 0.51025534, 0.50613976, 0.5032109, 0.5032088, 0.5021054, 0.5075999, 0.5052724, 0.505629, 0.5019719, 0.5026485, 0.50433004, 0.5038717, 0.5012528, 0.503713, 0.50401497, 0.5064588, 0.50815576, 0.50495654, 0.5076271, 0.50470304, 0.5019814, 0.5011978, 0.50831157, 0.5042342, 0.50505066, 0.50831497, 0.50208277, 0.5024232, 0.50158507, 0.5053314, 0.5005708, 0.50230336, 0.5027283, 0.50576377, 0.50483215, 0.5060344, 0.50467664, 0.50560504, 0.5109156, 0.513238, 0.511527, 0.5104564, 0.51338947, 0.51018375, 0.5155764, 0.5140297, 0.5127564, 0.51448816, 0.50992304, 0.50913787, 0.5098752, 0.51420945, 0.51333576, 0.5138631, 0.5108314, 0.5111388, 0.5118739, 0.5109133, 0.5097291, 0.50881875, 0.5113209, 0.51208234, 0.5113881, 0.51113397, 0.51216495, 0.51244706, 0.51095194, 0.5111207, 0.5130411, 0.51209253, 0.51153123, 0.51356333, 0.51305467, 0.5135343, 0.51142716, 0.5118681, 0.5129351, 0.5133679, 0.51438814, 0.5126632, 0.51269305, 0.514304, 0.51291233, 0.5131978, 0.511563, 0.51472276, 0.5082995, 0.5136134, 0.5122356, 0.5136325, 0.5126572, 0.5105183, 0.5097936, 0.5164406, 0.5132263, 0.5123757, 0.5109415, 0.5079728, 0.50833875, 0.509979, 0.5108595, 0.51023674, 0.5142489, 0.5123307, 0.5112811, 0.5108915, 0.510974, 0.51354027, 0.5121471, 0.511798, 0.5140412, 0.51207715, 0.5130127, 0.51446736, 0.5133001, 0.5130574, 0.5130871, 0.51288587, 0.5123077, 0.5128615, 0.5120372, 0.5142075, 0.51294297, 0.512483, 0.51351535, 0.51235133, 0.51235664, 0.5113422, 0.5133129, 0.51247466, 0.5114899, 0.50960517, 0.5137422, 0.5130128, 0.51108265, 0.51056546, 0.5136147, 0.5136499, 0.5137491, 0.5126158, 0.51292104, 0.5126981, 0.51183105, 0.5113945, 0.51287955, 0.51309013, 0.5149454, 0.513303, 0.51313937, 0.5134146, 0.5117065, 0.5116075, 0.51333386, 0.5122423, 0.5137796, 0.51439255, 0.5135078, 0.5133544, 0.51195115, 0.51327384, 0.51433456, 0.5136533, 0.51306534, 0.51247776, 0.5091962, 0.51417166, 0.5136244, 0.5114132, 0.51198375, 0.51210666, 0.51095814, 0.5120061, 0.5138529, 0.5140069, 0.51043063, 0.51395667, 0.51387453, 0.51346076, 0.51289004, 0.5128925, 0.5106531, 0.51437116, 0.511482, 0.5109325, 0.51346856, 0.51362604, 0.51032215, 0.51446366, 0.5105006, 0.5103992, 0.5097938, 0.5098122, 0.51337326, 0.5139427, 0.5143873, 0.5145969, 0.5104509, 0.5134183, 0.5132476, 0.51177776, 0.5139571, 0.5125284, 0.51293236, 0.51100075, 0.511595, 0.51429695, 0.50974154, 0.51335585, 0.51134443, 0.5134992, 0.51360214, 0.51349336, 0.51463485, 0.5131914, 0.5111782, 0.51242447, 0.51435727, 0.51411515, 0.511696, 0.5137252, 0.5135019, 0.5127081, 0.5136104, 0.51319414, 0.51393855, 0.5140208, 0.5126222, 0.5130851, 0.51180226, 0.5131261, 0.5132102, 0.5114773, 0.51204926, 0.51493675, 0.5122064, 0.51432294, 0.51390505, 0.5144937, 0.510113, 0.51339847, 0.50992996, 0.5106842, 0.5127587]
[0.50573546, 0.50207406, 0.5014883, 0.50586504, 0.50423926, 0.5040774, 0.50758123, 0.5005284, 0.50008667, 0.50655895, 0.50375956, 0.5024655, 0.50377756, 0.50548464, 0.50470823, 0.50933194, 0.50110435, 0.5025346, 0.5021933, 0.5049061, 0.5059274, 0.5008113, 0.50463223, 0.5009103, 0.50358, 0.50637037, 0.5005415, 0.50232315, 0.50334454, 0.51336986, 0.500952, 0.50310767, 0.50432014, 0.5038022, 0.5019499, 0.50535166, 0.5055996, 0.5043166, 0.5055264, 0.5027461, 0.50152385, 0.50095093, 0.5066002, 0.5079922, 0.5019024, 0.5036575, 0.5040513, 0.5003945, 0.5002348, 0.5036382, 0.50443095, 0.5038833, 0.50266355, 0.5066355, 0.5088903, 0.51016206, 0.5029569, 0.5012351, 0.50092447, 0.5003113, 0.50517803, 0.5016326, 0.5037115, 0.5086627, 0.51182777, 0.50613976, 0.50118023, 0.50123465, 0.5020057, 0.5076964, 0.5003408, 0.50464153, 0.50196344, 0.50167525, 0.500876, 0.50134224, 0.5028063, 0.50105435, 0.5014192, 0.50553507, 0.5087602, 0.504324, 0.508814, 0.5020476, 0.50131494, 0.50261086, 0.5092499, 0.50197494, 0.5039253, 0.50903934, 0.5024448, 0.50582504, 0.50233173, 0.50354433, 0.5046352, 0.5053255, 0.5061863, 0.50414, 0.50254476, 0.5047361, 0.50436693, 0.5065839, 0.51283485, 0.51560986, 0.51434433, 0.5125605, 0.51612085, 0.5123402, 0.5187392, 0.5162607, 0.5155123, 0.51712155, 0.51222026, 0.51003015, 0.51105595, 0.5165059, 0.5161883, 0.5168068, 0.5126264, 0.51370764, 0.51333666, 0.5130704, 0.5109718, 0.5088886, 0.51250577, 0.5136382, 0.51317817, 0.5130082, 0.51409596, 0.5152832, 0.5133469, 0.51239634, 0.5145615, 0.51402146, 0.5135662, 0.51581645, 0.5157567, 0.51588684, 0.51366055, 0.514247, 0.5152261, 0.5155778, 0.51706755, 0.5144842, 0.51560616, 0.5170313, 0.51457286, 0.5149076, 0.51370907, 0.5175925, 0.50921756, 0.5155651, 0.5137303, 0.5165527, 0.51494485, 0.51200575, 0.51157343, 0.51948345, 0.5159713, 0.51505786, 0.5131567, 0.50662315, 0.5068364, 0.512046, 0.5124525, 0.5121241, 0.516534, 0.51425505, 0.5130747, 0.51219636, 0.51283896, 0.5151346, 0.5145872, 0.51401156, 0.5168838, 0.5143275, 0.51489794, 0.5175564, 0.5158716, 0.5158081, 0.51601714, 0.51461995, 0.5137024, 0.51539177, 0.51403713, 0.51684815, 0.5148467, 0.5147955, 0.51644045, 0.5143811, 0.51446986, 0.5132789, 0.51541203, 0.51485944, 0.51364416, 0.51185906, 0.5169155, 0.5159004, 0.51384103, 0.51253545, 0.5163579, 0.51650834, 0.51688987, 0.5152199, 0.51500934, 0.5146691, 0.5136965, 0.5135028, 0.5156891, 0.5159782, 0.5182345, 0.516364, 0.5162222, 0.5160615, 0.51424474, 0.51365983, 0.5156008, 0.5144732, 0.5174266, 0.51689774, 0.5163255, 0.5155475, 0.51407975, 0.5161127, 0.5174494, 0.51645875, 0.51563984, 0.5148199, 0.51152664, 0.51727116, 0.5162863, 0.51266086, 0.514202, 0.5143541, 0.5131265, 0.51377434, 0.51674795, 0.51697123, 0.5121087, 0.5161751, 0.5160485, 0.51506495, 0.5142237, 0.5149137, 0.5128066, 0.5176488, 0.5140314, 0.5138039, 0.5168977, 0.5167473, 0.51098984, 0.51710606, 0.51297724, 0.51276714, 0.51152635, 0.51227623, 0.51611423, 0.5167209, 0.5167267, 0.5173346, 0.51259285, 0.51629794, 0.515685, 0.51330346, 0.515668, 0.5153547, 0.5157666, 0.51398593, 0.5139913, 0.5159702, 0.5113093, 0.51508427, 0.5139992, 0.5162674, 0.5164092, 0.51608133, 0.5177002, 0.5156374, 0.5134536, 0.51432055, 0.5172267, 0.5166833, 0.5133968, 0.5169071, 0.5168481, 0.5158477, 0.5162054, 0.5155437, 0.51623344, 0.51669073, 0.51489663, 0.5149698, 0.51419044, 0.5154608, 0.5158325, 0.5144036, 0.5145913, 0.51738244, 0.5142705, 0.5168364, 0.516762, 0.5175578, 0.5113047, 0.51603234, 0.511396, 0.51251656, 0.5149843]
[0.50858617, 0.50022304, 0.50110584, 0.5086932, 0.5018747, 0.5021116, 0.5105188, 0.5025193, 0.50140196, 0.50735354, 0.5021087, 0.4999249, 0.5011441, 0.5099497, 0.5091691, 0.51101255, 0.5015837, 0.49996012, 0.50322217, 0.50924206, 0.5090513, 0.5039079, 0.50158024, 0.50556725, 0.50674707, 0.50921744, 0.5046784, 0.5041749, 0.50020427, 0.5162033, 0.50387794, 0.5010928, 0.501915, 0.50826544, 0.50219226, 0.5028007, 0.503758, 0.5031321, 0.5039596, 0.5016557, 0.5007073, 0.5054115, 0.50971574, 0.50927275, 0.50064987, 0.5020745, 0.5030235, 0.5052444, 0.50358987, 0.5005717, 0.50169104, 0.5008382, 0.50120384, 0.50952435, 0.51075923, 0.5107304, 0.5070386, 0.5062418, 0.5016218, 0.5033769, 0.50875795, 0.50152254, 0.50598276, 0.5107109, 0.51273704, 0.5086592, 0.5040627, 0.50413775, 0.50057393, 0.5089525, 0.5041937, 0.505978, 0.50143284, 0.50087684, 0.50449485, 0.50424314, 0.50068045, 0.5054199, 0.5042562, 0.50727177, 0.50985336, 0.5074418, 0.51094705, 0.5066706, 0.50230104, 0.49984688, 0.5120972, 0.5063066, 0.5079017, 0.5109634, 0.50055563, 0.5034854, 0.5005929, 0.50516695, 0.5014178, 0.5034113, 0.5031884, 0.50692326, 0.50549847, 0.5068139, 0.5079943, 0.50882125, 0.51358527, 0.51703763, 0.51684433, 0.5154977, 0.5181936, 0.51498175, 0.5206625, 0.5188513, 0.51726115, 0.519746, 0.51429844, 0.5126121, 0.51244575, 0.5189722, 0.51849985, 0.5186391, 0.5145567, 0.5154259, 0.51468265, 0.51491874, 0.5126303, 0.51060736, 0.5135952, 0.5154784, 0.51416403, 0.5156963, 0.5161043, 0.51657593, 0.514544, 0.51402146, 0.5162791, 0.5161531, 0.51521474, 0.5170769, 0.51716316, 0.517922, 0.51535976, 0.5156654, 0.5173471, 0.5177227, 0.5185504, 0.5166679, 0.51723295, 0.5187577, 0.51549375, 0.5157183, 0.5167377, 0.5195964, 0.5120939, 0.5171533, 0.51452756, 0.5189692, 0.5171899, 0.515084, 0.513731, 0.52148217, 0.5176154, 0.5165548, 0.5149741, 0.5093139, 0.5080449, 0.5146954, 0.5144292, 0.51389426, 0.51801884, 0.5165531, 0.51507604, 0.5143161, 0.5143631, 0.5162916, 0.51640934, 0.5160756, 0.51800776, 0.51715, 0.5168557, 0.5193873, 0.51792914, 0.516826, 0.5183598, 0.516449, 0.5155331, 0.51690567, 0.5159801, 0.51907635, 0.5165676, 0.516558, 0.51781225, 0.51627904, 0.5161275, 0.5144808, 0.51773155, 0.5165863, 0.5160795, 0.5143854, 0.5188034, 0.51723665, 0.515593, 0.51443565, 0.5187005, 0.5181916, 0.5189434, 0.5174142, 0.51710767, 0.5159743, 0.51498026, 0.51450026, 0.51646155, 0.51638603, 0.5195413, 0.5177386, 0.5181628, 0.51755613, 0.5152941, 0.5155988, 0.5179319, 0.51652443, 0.5197326, 0.51889193, 0.5180906, 0.5170031, 0.51641154, 0.5177762, 0.5184828, 0.5184252, 0.5172535, 0.51590043, 0.51308185, 0.51992184, 0.5187877, 0.51341075, 0.5155472, 0.516338, 0.5149068, 0.5158659, 0.5184606, 0.518921, 0.514706, 0.51784694, 0.51763314, 0.51728547, 0.5162, 0.5171815, 0.5140717, 0.51914644, 0.51526505, 0.5161457, 0.51835227, 0.5183626, 0.5131512, 0.51846415, 0.51501113, 0.51454407, 0.5135644, 0.51400054, 0.51768094, 0.51857156, 0.5183089, 0.51888895, 0.51415396, 0.5179358, 0.517621, 0.5148763, 0.51789564, 0.51709914, 0.51729685, 0.5167518, 0.5156525, 0.5179779, 0.51258886, 0.51699996, 0.51565754, 0.518372, 0.5186281, 0.5168784, 0.5198815, 0.51688075, 0.5153745, 0.51628315, 0.5188437, 0.51863503, 0.5153048, 0.5188556, 0.5195544, 0.5184682, 0.5183668, 0.5176106, 0.5175613, 0.5185869, 0.51639396, 0.5159354, 0.51605266, 0.51735675, 0.5183132, 0.5162989, 0.5166583, 0.5179284, 0.5163607, 0.51856166, 0.5186724, 0.5194692, 0.5128794, 0.5184406, 0.5131903, 0.51357156, 0.51648456]
[0.5049588, 0.49992955, 0.5004305, 0.5074247, 0.50335234, 0.50362176, 0.50722337, 0.5003903, 0.50058496, 0.503636, 0.50261635, 0.50124025, 0.5020195, 0.50579876, 0.5050268, 0.5087855, 0.50077105, 0.500789, 0.50239515, 0.5046973, 0.50485146, 0.50207824, 0.50271845, 0.50180036, 0.5019712, 0.5062391, 0.5034641, 0.5030026, 0.5016478, 0.5124276, 0.5010356, 0.5020941, 0.50241345, 0.505344, 0.501511, 0.50369805, 0.50477576, 0.5046045, 0.50412023, 0.5025769, 0.5002429, 0.5027998, 0.50561917, 0.5072255, 0.49990222, 0.5023611, 0.502616, 0.50234914, 0.50243235, 0.50162196, 0.50281334, 0.5021369, 0.50269115, 0.506519, 0.50777495, 0.50856674, 0.5033499, 0.5022897, 0.49983466, 0.5006525, 0.5056407, 0.5002312, 0.504409, 0.50776434, 0.510353, 0.5059714, 0.5012684, 0.5008626, 0.50099164, 0.5064459, 0.50325704, 0.503216, 0.50015754, 0.50052726, 0.50187206, 0.5015046, 0.5012716, 0.50245154, 0.50298035, 0.50524044, 0.5075109, 0.503233, 0.5073323, 0.50260305, 0.50064754, 0.50150096, 0.5088873, 0.5040777, 0.5043182, 0.5071173, 0.50057936, 0.5040818, 0.50171095, 0.50289357, 0.50246894, 0.5036637, 0.5047747, 0.5046645, 0.50301373, 0.50499207, 0.5043754, 0.50550735, 0.51085675, 0.51372474, 0.51290375, 0.5119988, 0.51422846, 0.51137894, 0.516624, 0.5143488, 0.51338243, 0.515848, 0.5103901, 0.50976247, 0.5092048, 0.51518565, 0.51438785, 0.51473194, 0.5115128, 0.51206905, 0.5121264, 0.51162624, 0.5098924, 0.5079601, 0.51139075, 0.51248956, 0.5116006, 0.5118503, 0.5127604, 0.5127531, 0.51166993, 0.5114056, 0.51314026, 0.5127026, 0.51180875, 0.51371056, 0.51396817, 0.5146442, 0.51190346, 0.5126738, 0.513792, 0.5138888, 0.51487964, 0.5133761, 0.5135599, 0.5147065, 0.5131369, 0.5128932, 0.51320124, 0.5156753, 0.5085721, 0.5142758, 0.5129488, 0.5150985, 0.5137016, 0.5111746, 0.5106904, 0.51732177, 0.5140233, 0.51301944, 0.5118971, 0.507059, 0.5069461, 0.51047266, 0.5114396, 0.51074046, 0.5147941, 0.5131334, 0.5115165, 0.51122767, 0.51124936, 0.5138386, 0.51267767, 0.51226413, 0.5143211, 0.5131624, 0.51328754, 0.5153419, 0.5144987, 0.51367825, 0.5148592, 0.5134292, 0.5127961, 0.5134001, 0.5124464, 0.5153528, 0.5132955, 0.51299554, 0.5142188, 0.5128452, 0.51267105, 0.5121013, 0.51391643, 0.51322246, 0.5121163, 0.510726, 0.5152074, 0.51394254, 0.5122513, 0.5112384, 0.5142259, 0.5145372, 0.5150892, 0.5134154, 0.5139408, 0.51288664, 0.51172304, 0.5114719, 0.51322716, 0.51385266, 0.51617545, 0.51435614, 0.5146098, 0.5137562, 0.511746, 0.51231796, 0.51447827, 0.5128257, 0.51532793, 0.5149916, 0.51413393, 0.51346797, 0.512492, 0.51436526, 0.5152612, 0.5145622, 0.5132154, 0.51247865, 0.50979203, 0.5152511, 0.5143212, 0.51126474, 0.51196706, 0.5126242, 0.5115266, 0.51257986, 0.51440394, 0.51531535, 0.51115257, 0.5147593, 0.5144574, 0.51401526, 0.5129859, 0.513175, 0.5108095, 0.5150439, 0.5121377, 0.5127442, 0.51475054, 0.5148683, 0.51032066, 0.5148632, 0.51172334, 0.5114226, 0.5106975, 0.51060426, 0.51383495, 0.51455456, 0.5149323, 0.51530075, 0.5108548, 0.5141626, 0.51376444, 0.51194584, 0.51419187, 0.51333183, 0.5134081, 0.5125402, 0.51273024, 0.514132, 0.5096915, 0.5140468, 0.51232505, 0.5143287, 0.51459, 0.51392967, 0.5158196, 0.51372033, 0.51196975, 0.51293236, 0.5150544, 0.5148518, 0.5116997, 0.51487046, 0.5150127, 0.5141078, 0.5148956, 0.51408446, 0.5149889, 0.5149206, 0.5131363, 0.5131697, 0.51274645, 0.51426, 0.5142685, 0.5125698, 0.5131399, 0.5154586, 0.51326674, 0.5149496, 0.51467663, 0.51526135, 0.5101803, 0.51454824, 0.51042736, 0.5105255, 0.513208]
[0.5086869, 0.5020976, 0.50351536, 0.5100269, 0.50194585, 0.50193715, 0.51082456, 0.5058373, 0.5049189, 0.50950456, 0.5016333, 0.5010722, 0.50139034, 0.5093801, 0.5078693, 0.5113639, 0.5028217, 0.500366, 0.50644535, 0.5095997, 0.50946987, 0.5036525, 0.50199705, 0.50605315, 0.50696814, 0.5092311, 0.5054237, 0.5057539, 0.50070053, 0.51501006, 0.5062668, 0.50034964, 0.5024902, 0.5084266, 0.50432277, 0.50322324, 0.5037371, 0.50252724, 0.5037233, 0.5006195, 0.5013711, 0.5062198, 0.5095247, 0.5104252, 0.50277936, 0.5011988, 0.50216436, 0.5067508, 0.5048097, 0.50090283, 0.50172883, 0.50048006, 0.50062096, 0.50934494, 0.5111102, 0.5110803, 0.5075504, 0.50588906, 0.50323445, 0.50492376, 0.5090302, 0.5030461, 0.5068435, 0.5103789, 0.51319367, 0.5090574, 0.5048483, 0.50438803, 0.5021099, 0.50978035, 0.50677156, 0.50769675, 0.50167316, 0.50103796, 0.5037795, 0.5068467, 0.501124, 0.5056307, 0.506248, 0.50865644, 0.5106434, 0.5085325, 0.51052135, 0.5069475, 0.5045262, 0.5005439, 0.51173925, 0.5066056, 0.5084494, 0.5110967, 0.5024107, 0.50357735, 0.50165963, 0.50661755, 0.5032132, 0.5030646, 0.5032683, 0.50825286, 0.5076502, 0.5080628, 0.5082809, 0.5089995, 0.5138753, 0.5167394, 0.5156503, 0.5143887, 0.51707125, 0.51391214, 0.519481, 0.51753515, 0.5160779, 0.5183717, 0.5135869, 0.5126789, 0.5127465, 0.51801074, 0.5172139, 0.5178787, 0.5138541, 0.5151413, 0.5148692, 0.51420814, 0.5126755, 0.51175094, 0.5145905, 0.51508045, 0.5142476, 0.51454395, 0.5151367, 0.5162686, 0.5140103, 0.51350355, 0.51605976, 0.5154039, 0.5142255, 0.5167855, 0.5161627, 0.5169876, 0.51492995, 0.5154142, 0.5167375, 0.5166882, 0.51756006, 0.51582587, 0.5162327, 0.5179565, 0.5160847, 0.51600647, 0.5156353, 0.51866776, 0.5108001, 0.5169991, 0.51472425, 0.51750565, 0.5161785, 0.5141206, 0.51297396, 0.5199778, 0.5166133, 0.5158903, 0.5140909, 0.5103355, 0.50993466, 0.5135906, 0.5142463, 0.51404333, 0.517797, 0.5158718, 0.5147328, 0.5138193, 0.5140276, 0.5162731, 0.5157537, 0.5152142, 0.5175675, 0.5157276, 0.5158617, 0.518606, 0.5168467, 0.51597464, 0.51744324, 0.5160415, 0.5150627, 0.51644915, 0.5152708, 0.51802766, 0.5160894, 0.5159376, 0.51701474, 0.5158967, 0.5156925, 0.51368, 0.51684606, 0.5158941, 0.5149654, 0.5132351, 0.51767004, 0.5166844, 0.51483476, 0.51375943, 0.5170618, 0.51713306, 0.5177829, 0.5160876, 0.51594955, 0.5154542, 0.5146964, 0.5141622, 0.5159582, 0.51622504, 0.5188422, 0.51653737, 0.51688826, 0.51666266, 0.5153331, 0.5147396, 0.5167298, 0.5156577, 0.5182447, 0.5178116, 0.5173661, 0.51625144, 0.5154247, 0.51676345, 0.5175897, 0.516971, 0.5168398, 0.51605684, 0.5129234, 0.5182997, 0.5178048, 0.5138111, 0.51511574, 0.5156709, 0.5148322, 0.515247, 0.5172094, 0.51773304, 0.51381093, 0.5171986, 0.5169593, 0.5162607, 0.5159753, 0.5156987, 0.5140692, 0.51857823, 0.51476574, 0.5146192, 0.51758456, 0.51753795, 0.51300955, 0.5177532, 0.51426, 0.51379746, 0.5131267, 0.5137019, 0.51667786, 0.5177281, 0.5177835, 0.51811016, 0.51406974, 0.51728594, 0.5169569, 0.5146683, 0.5171195, 0.51594687, 0.51642615, 0.5154802, 0.5153015, 0.5171233, 0.5126895, 0.51662177, 0.51549655, 0.51735914, 0.5175672, 0.51670635, 0.5186661, 0.5166591, 0.5147465, 0.51582134, 0.51828235, 0.51789534, 0.5144809, 0.5177755, 0.51776034, 0.51655257, 0.51742053, 0.5166786, 0.51706845, 0.5175422, 0.51552504, 0.5154505, 0.5152925, 0.51645607, 0.5164707, 0.5157958, 0.51572293, 0.51803684, 0.5149976, 0.5178561, 0.5172727, 0.51764363, 0.51180744, 0.51702857, 0.51315534, 0.51343054, 0.5160421]
[0.5039863, 0.49996138, 0.5005503, 0.5061472, 0.5009155, 0.5010864, 0.5048662, 0.50131613, 0.5004035, 0.5035289, 0.5000133, 0.49991763, 0.49994528, 0.5035056, 0.5025479, 0.5065629, 0.5008702, 0.4997574, 0.50271803, 0.5033258, 0.50378287, 0.5017367, 0.50035274, 0.5020165, 0.50131994, 0.50445396, 0.50292355, 0.5025224, 0.49985573, 0.5097056, 0.5018262, 0.4998878, 0.500541, 0.50394005, 0.5013786, 0.50136876, 0.5019459, 0.50155425, 0.5014976, 0.5000683, 0.50026417, 0.501987, 0.5035535, 0.5054472, 0.500137, 0.49975806, 0.49989572, 0.5019518, 0.50203586, 0.50000435, 0.50023454, 0.4995762, 0.50029606, 0.5052625, 0.5062952, 0.5067634, 0.5030623, 0.5016707, 0.50049603, 0.50120175, 0.5042721, 0.50040174, 0.5035574, 0.50621885, 0.50893813, 0.5040084, 0.5012104, 0.5008359, 0.50072324, 0.5046853, 0.5027897, 0.5026709, 0.5004638, 0.50044376, 0.50199836, 0.50146633, 0.49986365, 0.5022174, 0.5023338, 0.504582, 0.50608355, 0.5024527, 0.50574297, 0.5020513, 0.50053996, 0.49965465, 0.50647265, 0.5025239, 0.503673, 0.50542676, 0.4997867, 0.5020833, 0.499733, 0.5017521, 0.5007343, 0.5013232, 0.5020094, 0.50346273, 0.5026118, 0.5036196, 0.50387996, 0.50424725, 0.50892854, 0.5110717, 0.5097887, 0.50930065, 0.51136684, 0.5091528, 0.51296055, 0.511894, 0.51032925, 0.5119511, 0.50794876, 0.50765735, 0.50724703, 0.5118337, 0.51131374, 0.5117703, 0.5094409, 0.50965524, 0.5095132, 0.5094357, 0.50813836, 0.5073651, 0.50965726, 0.51025254, 0.5095752, 0.5093647, 0.51003146, 0.51022553, 0.5091907, 0.50934714, 0.5105753, 0.5102955, 0.5090494, 0.5109352, 0.5109166, 0.51169765, 0.5097224, 0.50990236, 0.51071274, 0.51103675, 0.5119142, 0.5100492, 0.5104409, 0.5115979, 0.5107549, 0.51024663, 0.5105817, 0.5126132, 0.50666416, 0.51123697, 0.5102122, 0.51151156, 0.5107879, 0.5088589, 0.5081144, 0.513423, 0.5110435, 0.5100021, 0.50943714, 0.5062897, 0.5060206, 0.50832266, 0.50934404, 0.50870216, 0.51215225, 0.51031893, 0.5093641, 0.50920033, 0.5092222, 0.51085997, 0.509798, 0.5094396, 0.5112992, 0.5100973, 0.51050526, 0.5118704, 0.51125175, 0.5109905, 0.5120264, 0.5108946, 0.5100467, 0.5103994, 0.50991726, 0.51189345, 0.5106105, 0.51034737, 0.5113118, 0.51031977, 0.51022255, 0.50979, 0.51070344, 0.5103826, 0.509471, 0.5080479, 0.51197475, 0.5111246, 0.5097062, 0.50897425, 0.5112268, 0.51124805, 0.5121428, 0.51005685, 0.5111274, 0.5099175, 0.5094904, 0.5093171, 0.5101144, 0.5105643, 0.5122834, 0.51128566, 0.51132154, 0.5113036, 0.5096211, 0.5097168, 0.51125526, 0.51001656, 0.5114065, 0.5114607, 0.51116383, 0.5109192, 0.5101391, 0.511244, 0.5121075, 0.5113887, 0.51042175, 0.5100576, 0.5072598, 0.5117291, 0.5113004, 0.508893, 0.5094401, 0.50973725, 0.50917554, 0.5098664, 0.5110781, 0.51208043, 0.508732, 0.511878, 0.511622, 0.5114617, 0.5105506, 0.5106013, 0.5091132, 0.51206625, 0.50938773, 0.50969225, 0.51165605, 0.51185507, 0.50798714, 0.51152605, 0.50941515, 0.50910157, 0.50852036, 0.50881237, 0.5107739, 0.5114552, 0.5119106, 0.512401, 0.5088476, 0.51114887, 0.5109489, 0.5092781, 0.5114464, 0.51061296, 0.51072836, 0.5097683, 0.51009136, 0.51128244, 0.50767094, 0.51086724, 0.5090186, 0.5112259, 0.51150876, 0.5112464, 0.5122591, 0.51118654, 0.50941575, 0.5102952, 0.5120284, 0.51153773, 0.50906897, 0.51149845, 0.5113504, 0.51061344, 0.5116194, 0.5111284, 0.5119738, 0.5119279, 0.5105157, 0.51045024, 0.5100912, 0.51114887, 0.51136106, 0.50976676, 0.50981236, 0.5125186, 0.5102326, 0.5117172, 0.51133984, 0.51183003, 0.50798327, 0.5111435, 0.5080305, 0.50829595, 0.5105694]
[0.50936633, 0.50224715, 0.50296587, 0.5095433, 0.5009364, 0.5008479, 0.51183724, 0.5045659, 0.5048016, 0.5113517, 0.50097656, 0.5011457, 0.50056714, 0.51192784, 0.5104834, 0.5123063, 0.5029098, 0.5000309, 0.5063617, 0.5110399, 0.51124525, 0.5043157, 0.5012983, 0.50859934, 0.5106103, 0.51087105, 0.50697964, 0.5039375, 0.50062823, 0.51694864, 0.5067403, 0.5001246, 0.50267947, 0.5091653, 0.5024836, 0.5023117, 0.5019034, 0.5011175, 0.5029799, 0.50037557, 0.50355035, 0.50603414, 0.5118199, 0.5113776, 0.5025537, 0.50112826, 0.50200087, 0.5076489, 0.50445837, 0.50152034, 0.50178003, 0.5000973, 0.50216794, 0.510954, 0.51250476, 0.51341385, 0.50838786, 0.50696594, 0.505059, 0.50687, 0.51028705, 0.50399363, 0.5089843, 0.51196784, 0.514625, 0.5107451, 0.5045305, 0.5049541, 0.5032926, 0.5106767, 0.5051966, 0.5079782, 0.5017378, 0.5016176, 0.50524706, 0.50739986, 0.50056785, 0.50737023, 0.5069992, 0.510208, 0.5123531, 0.51023483, 0.5128264, 0.5085178, 0.5031235, 0.501061, 0.5136568, 0.5069837, 0.5096749, 0.5129846, 0.5004999, 0.5027349, 0.501942, 0.50746185, 0.50262403, 0.50307435, 0.5037405, 0.5084199, 0.5064403, 0.50851995, 0.5095935, 0.51094306, 0.51525176, 0.51819986, 0.51779705, 0.5166658, 0.5192123, 0.5154289, 0.5221204, 0.51988053, 0.5188917, 0.5207076, 0.51578975, 0.51368594, 0.5145469, 0.52048564, 0.51944464, 0.52028006, 0.51496655, 0.5166381, 0.51654685, 0.5163188, 0.5136854, 0.51157933, 0.51468325, 0.51705223, 0.5165008, 0.51653767, 0.5174049, 0.5187952, 0.5162649, 0.5155772, 0.51749325, 0.51761144, 0.5168419, 0.5187301, 0.51919377, 0.51894325, 0.5168757, 0.51704085, 0.5186567, 0.51896197, 0.5200459, 0.51844645, 0.5190939, 0.52004105, 0.51748747, 0.5175996, 0.5174045, 0.52088267, 0.5128879, 0.5183571, 0.51647216, 0.5197123, 0.51854557, 0.5158658, 0.51479095, 0.5228569, 0.51932454, 0.51773125, 0.51660043, 0.51092577, 0.5106249, 0.5156306, 0.515542, 0.5149305, 0.5193069, 0.5179571, 0.5165523, 0.5155294, 0.51598924, 0.5180069, 0.51824373, 0.5172902, 0.52000016, 0.51827824, 0.51797295, 0.5212816, 0.5193909, 0.51883274, 0.51942337, 0.5173001, 0.51659554, 0.5185357, 0.51792425, 0.52033794, 0.51827776, 0.5178609, 0.5194565, 0.51758415, 0.51751673, 0.5160783, 0.5195232, 0.5183217, 0.51733714, 0.51599807, 0.52026755, 0.51914287, 0.51674306, 0.5157363, 0.5194619, 0.52035475, 0.520661, 0.5184804, 0.5185163, 0.5172701, 0.516379, 0.51629514, 0.5188544, 0.51904076, 0.52178925, 0.5191638, 0.5192385, 0.5190894, 0.5172764, 0.51703376, 0.5195099, 0.51794213, 0.5212387, 0.5210751, 0.5195201, 0.518484, 0.51789427, 0.5194545, 0.5204318, 0.5199347, 0.5191569, 0.51838756, 0.5150718, 0.5208062, 0.5199999, 0.5154195, 0.51754034, 0.5179242, 0.5163923, 0.516608, 0.5203419, 0.5203909, 0.516528, 0.5194619, 0.5192323, 0.51854324, 0.5178958, 0.51735985, 0.51616526, 0.5211786, 0.51723003, 0.51771164, 0.5204382, 0.51998323, 0.5151489, 0.5204429, 0.51628655, 0.51591283, 0.51494044, 0.5149922, 0.5191779, 0.51997817, 0.5199991, 0.5207091, 0.5155101, 0.51961213, 0.51978534, 0.5164857, 0.51936466, 0.5189759, 0.51918894, 0.51831585, 0.5168648, 0.5193613, 0.51432586, 0.5186609, 0.51781934, 0.5200521, 0.52019054, 0.51890624, 0.5214795, 0.51827604, 0.5171032, 0.5183925, 0.5204376, 0.52034736, 0.5173667, 0.52069217, 0.52080816, 0.5201671, 0.51937276, 0.5185821, 0.51832676, 0.5197617, 0.51736957, 0.5172619, 0.51739013, 0.5189942, 0.519274, 0.5183246, 0.51873565, 0.5197042, 0.51715434, 0.5204519, 0.5199428, 0.5208113, 0.5143508, 0.5194684, 0.51516676, 0.51560867, 0.51811296]
[0.5078781, 0.501852, 0.50327367, 0.50841576, 0.5018551, 0.5020902, 0.5089028, 0.50342804, 0.502181, 0.50732327, 0.5019572, 0.50053006, 0.5007807, 0.50820196, 0.5074362, 0.50979924, 0.5029624, 0.5012697, 0.50516903, 0.5078524, 0.5085668, 0.50403726, 0.5022654, 0.5055405, 0.5069612, 0.508343, 0.50595385, 0.50503016, 0.50021356, 0.5131759, 0.5051981, 0.50072044, 0.5027154, 0.5077156, 0.5037584, 0.5031837, 0.50390893, 0.5026972, 0.5037119, 0.50078946, 0.5030923, 0.50427705, 0.5086237, 0.50880283, 0.5020942, 0.50151366, 0.5026787, 0.5063635, 0.50538963, 0.5009589, 0.5019454, 0.5008763, 0.5003254, 0.50846565, 0.5095763, 0.50981206, 0.507233, 0.50574136, 0.50213635, 0.5034672, 0.50785846, 0.50148815, 0.50684977, 0.50956243, 0.5116097, 0.50784326, 0.50341964, 0.5041015, 0.5023682, 0.50826657, 0.50562143, 0.50655687, 0.5023661, 0.5027021, 0.50569487, 0.5049038, 0.5004246, 0.5056508, 0.5064142, 0.5081093, 0.50941056, 0.5074886, 0.50937575, 0.5066898, 0.501128, 0.50048476, 0.51002914, 0.50535953, 0.50772274, 0.50969964, 0.5025033, 0.50357443, 0.501539, 0.5062933, 0.50200796, 0.50346756, 0.5039939, 0.5068639, 0.5059897, 0.5076214, 0.5080134, 0.50870305, 0.51216346, 0.5143256, 0.5136817, 0.5126549, 0.51498604, 0.5124236, 0.5170611, 0.5152233, 0.5140541, 0.516126, 0.5115376, 0.5106656, 0.5106681, 0.5155176, 0.51481307, 0.51537347, 0.5128208, 0.5131909, 0.51269305, 0.51225543, 0.5109952, 0.50965494, 0.51183003, 0.51330477, 0.51269174, 0.512503, 0.5135155, 0.51365775, 0.51253444, 0.512174, 0.51395756, 0.51336586, 0.5126801, 0.5145773, 0.51419854, 0.51495606, 0.5130731, 0.51343244, 0.5144606, 0.5147085, 0.5155934, 0.5139773, 0.5141704, 0.5153374, 0.51387393, 0.51366055, 0.5139246, 0.5161746, 0.50972146, 0.514986, 0.51290005, 0.5158895, 0.51414156, 0.51209766, 0.51150906, 0.51766217, 0.5147618, 0.5136885, 0.5127082, 0.5089715, 0.50848573, 0.51176584, 0.51214397, 0.5118382, 0.5154142, 0.51391184, 0.51277184, 0.51224285, 0.51212347, 0.51426524, 0.5138809, 0.5135578, 0.51502717, 0.5137617, 0.51388687, 0.5159581, 0.514674, 0.51434815, 0.51522976, 0.51396877, 0.5132412, 0.5145093, 0.51312006, 0.5157708, 0.5137977, 0.5138379, 0.51471215, 0.51388824, 0.5137438, 0.5126124, 0.51464456, 0.5139757, 0.5129989, 0.51174676, 0.5153749, 0.51439124, 0.5129223, 0.512221, 0.5151381, 0.5151923, 0.51551825, 0.5141405, 0.51440793, 0.5136596, 0.5129065, 0.5126304, 0.5141543, 0.5145147, 0.51615894, 0.51489085, 0.51509094, 0.5147191, 0.5131093, 0.5129077, 0.5148782, 0.5138052, 0.5155895, 0.51535565, 0.514789, 0.5143339, 0.5133888, 0.51476574, 0.51542807, 0.51518834, 0.5142238, 0.5136858, 0.51117086, 0.5158358, 0.51514554, 0.51235396, 0.5132176, 0.5136028, 0.512743, 0.51326317, 0.51509136, 0.51567996, 0.51197404, 0.51516664, 0.5149977, 0.5147799, 0.51403034, 0.5139178, 0.5120036, 0.5158301, 0.51284015, 0.5133065, 0.51521647, 0.5153566, 0.51133543, 0.51552176, 0.5123422, 0.51205504, 0.5115892, 0.5117624, 0.51454943, 0.51508135, 0.5153736, 0.5156581, 0.5116976, 0.5147881, 0.5147686, 0.5126529, 0.5151893, 0.513771, 0.5140848, 0.5136376, 0.51354665, 0.51491493, 0.51102287, 0.5141748, 0.5133033, 0.5153281, 0.5152404, 0.51466036, 0.51624584, 0.5141275, 0.51268953, 0.51387364, 0.5157869, 0.5155181, 0.5127928, 0.51509845, 0.51557344, 0.51467675, 0.51516753, 0.5148105, 0.5150092, 0.51531154, 0.51391184, 0.5138453, 0.51343364, 0.5143146, 0.51472855, 0.513473, 0.51382184, 0.5156909, 0.51366866, 0.51550037, 0.51560515, 0.51582843, 0.5109066, 0.5152288, 0.51139957, 0.5118473, 0.51394564]
[0.5060309, 0.50083894, 0.5009705, 0.50821227, 0.5056432, 0.50558794, 0.5083964, 0.50048137, 0.50170916, 0.5059877, 0.50520676, 0.50350994, 0.504494, 0.5056254, 0.5030582, 0.51041055, 0.5010842, 0.50397086, 0.5044129, 0.5029801, 0.5049293, 0.5012834, 0.5061262, 0.5005443, 0.50081855, 0.50774276, 0.50214946, 0.50485176, 0.50412333, 0.5136513, 0.5002688, 0.5045309, 0.50532895, 0.5039401, 0.50222236, 0.50688285, 0.5074879, 0.5060865, 0.5076684, 0.50457335, 0.50287855, 0.50248605, 0.5049985, 0.5086847, 0.500438, 0.50375855, 0.50469774, 0.49999, 0.501371, 0.50399184, 0.5055603, 0.50489545, 0.50399077, 0.5069329, 0.5097372, 0.51035464, 0.5016285, 0.50015813, 0.5006176, 0.5015545, 0.50683385, 0.5007535, 0.50713307, 0.5089508, 0.5124827, 0.5073725, 0.5003681, 0.50031215, 0.50215423, 0.5087596, 0.5032863, 0.5048115, 0.5032077, 0.50279325, 0.5007246, 0.5025165, 0.5034984, 0.5006024, 0.50130177, 0.50699556, 0.5095953, 0.5047523, 0.5087924, 0.5014405, 0.50141317, 0.50418586, 0.51013434, 0.5031738, 0.50414014, 0.5092893, 0.5007419, 0.5061797, 0.50298935, 0.5043401, 0.50575614, 0.50659585, 0.5073253, 0.50485647, 0.5030301, 0.504887, 0.50258875, 0.5049857, 0.5131488, 0.5160625, 0.5143027, 0.5129197, 0.5162789, 0.5114931, 0.51927865, 0.5172854, 0.51509875, 0.51795816, 0.51231796, 0.51135373, 0.5121271, 0.51781315, 0.51625055, 0.5171376, 0.51288265, 0.5133168, 0.5138681, 0.51281804, 0.51160514, 0.51020515, 0.5136971, 0.51463056, 0.51373327, 0.5128884, 0.51523006, 0.51535153, 0.5133768, 0.5127564, 0.515851, 0.51502955, 0.5139168, 0.5168308, 0.51637197, 0.5166513, 0.51382273, 0.5147277, 0.5158308, 0.515767, 0.51753265, 0.5151691, 0.51572543, 0.51780516, 0.5161177, 0.5160849, 0.51421314, 0.51788294, 0.50887597, 0.5168868, 0.51540405, 0.51682687, 0.5153871, 0.51234543, 0.5118454, 0.5200183, 0.51574284, 0.5151335, 0.5127739, 0.50888366, 0.5089016, 0.5120426, 0.51330775, 0.5127448, 0.5171014, 0.5150035, 0.5138039, 0.512777, 0.51323736, 0.5168109, 0.51477134, 0.51405716, 0.5173915, 0.51448303, 0.5160422, 0.51787174, 0.5167797, 0.5159784, 0.5160046, 0.5153983, 0.5141415, 0.5155827, 0.5146546, 0.51751965, 0.5155745, 0.5150948, 0.5169122, 0.5150351, 0.5149682, 0.5136191, 0.51626426, 0.5154568, 0.5142833, 0.51217884, 0.51705194, 0.51580644, 0.51356316, 0.5126857, 0.5163422, 0.5170568, 0.5165784, 0.51537806, 0.5157088, 0.5150557, 0.5137011, 0.5130116, 0.5157885, 0.51631385, 0.5188351, 0.51664436, 0.51646394, 0.51658154, 0.5140592, 0.514186, 0.51677847, 0.51532674, 0.51755434, 0.5181893, 0.5167383, 0.5159963, 0.51462483, 0.5162693, 0.5177233, 0.51672703, 0.51551324, 0.51551926, 0.51130813, 0.51734114, 0.5168635, 0.5138171, 0.51500195, 0.51487124, 0.5130444, 0.514775, 0.5173272, 0.51734114, 0.51252675, 0.5169875, 0.51683015, 0.51613104, 0.5154325, 0.51480687, 0.5130151, 0.51779413, 0.51436365, 0.5136246, 0.5172993, 0.51736575, 0.5123835, 0.5179468, 0.5132167, 0.512897, 0.5119083, 0.5119984, 0.5166424, 0.5172712, 0.5172148, 0.5179195, 0.5130721, 0.51698744, 0.51651037, 0.51420337, 0.5166792, 0.51549983, 0.5155836, 0.513396, 0.51393414, 0.51670927, 0.5119274, 0.51595485, 0.51430345, 0.5162409, 0.51682407, 0.51657784, 0.5181245, 0.51606214, 0.5139421, 0.5149634, 0.5176449, 0.51729393, 0.51412857, 0.51691854, 0.51716876, 0.51575637, 0.5166162, 0.5162202, 0.5166552, 0.51679885, 0.5155287, 0.51606005, 0.5145159, 0.5163365, 0.5157164, 0.5149199, 0.5147282, 0.51863104, 0.514646, 0.51775026, 0.5168872, 0.51760244, 0.51180315, 0.51632375, 0.51206285, 0.5123325, 0.5157031]
[0.50679404, 0.50387555, 0.5040967, 0.5068785, 0.50063765, 0.5007993, 0.50808626, 0.50474334, 0.50411135, 0.507384, 0.49989966, 0.5013217, 0.49996954, 0.50741225, 0.5065279, 0.50872356, 0.503336, 0.5005751, 0.50584257, 0.5067048, 0.50665224, 0.50438654, 0.50044656, 0.50368977, 0.5048455, 0.5072764, 0.50555, 0.50644094, 0.5009774, 0.5114419, 0.5048957, 0.5005319, 0.499977, 0.5059089, 0.5028852, 0.50142586, 0.5019703, 0.5011775, 0.5016673, 0.50097585, 0.5011568, 0.505879, 0.5070631, 0.50816643, 0.50399894, 0.5008736, 0.49983615, 0.50487024, 0.5053802, 0.5009509, 0.50013983, 0.5002391, 0.50091714, 0.50737464, 0.5084844, 0.508856, 0.50509953, 0.50470245, 0.5046893, 0.50551456, 0.5075122, 0.50318795, 0.5067101, 0.50753075, 0.51042587, 0.50753295, 0.50406563, 0.5035714, 0.50272566, 0.50809205, 0.5061825, 0.50651133, 0.5020959, 0.5026482, 0.50499135, 0.5055876, 0.50192946, 0.50531626, 0.50529194, 0.50682765, 0.50829786, 0.5062666, 0.50848323, 0.5051712, 0.5029926, 0.50134116, 0.5090748, 0.50538903, 0.5060877, 0.5085322, 0.502981, 0.5010886, 0.5015991, 0.5061074, 0.5006305, 0.5012066, 0.50189275, 0.50658196, 0.5059899, 0.5067437, 0.50587434, 0.5066761, 0.5108036, 0.51235104, 0.51214284, 0.51124746, 0.5131346, 0.5100759, 0.51502866, 0.5135663, 0.51273495, 0.5144743, 0.51053506, 0.5096588, 0.51015395, 0.51406574, 0.51335007, 0.5137582, 0.51045597, 0.5115445, 0.51167166, 0.510785, 0.5095515, 0.5086467, 0.5108219, 0.51173455, 0.51117647, 0.51115155, 0.5120969, 0.5125954, 0.51125485, 0.51073927, 0.5124325, 0.51180905, 0.511839, 0.51358825, 0.51322573, 0.5132669, 0.51146495, 0.51195836, 0.5129041, 0.5128483, 0.51379335, 0.51276624, 0.5129058, 0.513829, 0.5130636, 0.51282245, 0.51164, 0.5143635, 0.50820255, 0.51320183, 0.51206094, 0.51360947, 0.5125076, 0.51060975, 0.5101329, 0.5158422, 0.5129953, 0.5122537, 0.51078904, 0.50783306, 0.5080502, 0.5103568, 0.5107918, 0.5104107, 0.51341915, 0.5122242, 0.5113236, 0.5107331, 0.5107558, 0.5131732, 0.5122948, 0.51174253, 0.5140159, 0.5120955, 0.51293784, 0.51420224, 0.5134365, 0.51280713, 0.51278013, 0.5123925, 0.51171064, 0.5128418, 0.5121086, 0.51427734, 0.5127021, 0.5123122, 0.5138878, 0.5123729, 0.51225734, 0.51078033, 0.5133542, 0.5124067, 0.51156735, 0.51034176, 0.5138252, 0.5127982, 0.51098764, 0.5104481, 0.5133157, 0.5135606, 0.51379204, 0.5127119, 0.5126647, 0.51200724, 0.51157147, 0.5112698, 0.5129289, 0.513284, 0.51496345, 0.5130829, 0.5131263, 0.5131446, 0.5119265, 0.51169026, 0.5134315, 0.51230943, 0.51424176, 0.51422054, 0.5135967, 0.51256794, 0.512004, 0.51324475, 0.51401335, 0.5135008, 0.5127941, 0.5126383, 0.5099676, 0.5141963, 0.51362294, 0.5109916, 0.51192504, 0.5119366, 0.51088697, 0.5115385, 0.51384085, 0.51402533, 0.5105638, 0.51368517, 0.5130889, 0.5127623, 0.51217026, 0.5119219, 0.5107194, 0.51418835, 0.51163036, 0.5115122, 0.51417184, 0.5142901, 0.510336, 0.514109, 0.510785, 0.5105861, 0.5100599, 0.51010156, 0.51333183, 0.513765, 0.5138172, 0.5140916, 0.51109046, 0.51357853, 0.51324534, 0.51110184, 0.51343286, 0.51239395, 0.5127329, 0.511225, 0.5116429, 0.51382947, 0.5101283, 0.5132065, 0.5122058, 0.51355565, 0.51362187, 0.5133953, 0.51448154, 0.5126504, 0.51102406, 0.5121866, 0.5140139, 0.5140452, 0.51163465, 0.51375324, 0.5137144, 0.51290005, 0.5133838, 0.5126368, 0.51317775, 0.5137427, 0.51242274, 0.51236165, 0.5118373, 0.5129608, 0.5125984, 0.5121921, 0.51228005, 0.51407725, 0.5114349, 0.51397955, 0.5136064, 0.51408726, 0.50995284, 0.5129733, 0.5103264, 0.510717, 0.5127261]
[0.5042214, 0.50244474, 0.50301504, 0.50502884, 0.5055009, 0.5063575, 0.50470513, 0.5025778, 0.5023584, 0.5035132, 0.5046989, 0.5022384, 0.5047159, 0.50423837, 0.50388265, 0.50526255, 0.5026389, 0.50256115, 0.5036569, 0.5043172, 0.50434357, 0.5030974, 0.5050566, 0.50257164, 0.5027411, 0.5044222, 0.5034664, 0.5034694, 0.5028869, 0.50650436, 0.502965, 0.5033141, 0.50451547, 0.5041059, 0.5026435, 0.5065874, 0.50725055, 0.5069454, 0.5073532, 0.5042295, 0.5024101, 0.5034447, 0.5045628, 0.50469744, 0.5025121, 0.5040966, 0.5050082, 0.50320923, 0.5030766, 0.50404036, 0.5057161, 0.50480556, 0.5049194, 0.5042184, 0.5050965, 0.5053247, 0.5037134, 0.50309575, 0.50267226, 0.5027718, 0.50432336, 0.5024335, 0.5037659, 0.5051358, 0.5056294, 0.504477, 0.50302356, 0.5026331, 0.5033362, 0.5045546, 0.50342906, 0.50394815, 0.502413, 0.50235176, 0.5032199, 0.50307745, 0.5030023, 0.5030518, 0.50352854, 0.50442016, 0.5048319, 0.50373834, 0.5047487, 0.50313234, 0.5030694, 0.5035333, 0.50521505, 0.5039318, 0.5038365, 0.50490767, 0.50208026, 0.5076285, 0.50259846, 0.50359714, 0.505896, 0.50650555, 0.5075806, 0.5040927, 0.5037325, 0.50366104, 0.5036166, 0.50417435, 0.5059771, 0.5070491, 0.5066621, 0.50640696, 0.50688154, 0.5061238, 0.50766814, 0.5069289, 0.5065789, 0.5072191, 0.5058047, 0.50543064, 0.50542796, 0.5072431, 0.5069558, 0.50710166, 0.50630474, 0.5062004, 0.50619054, 0.5061905, 0.5056252, 0.5050819, 0.5060613, 0.5064899, 0.50612205, 0.5062593, 0.5065588, 0.5066346, 0.50609446, 0.50619435, 0.5066298, 0.5065676, 0.50611746, 0.5067947, 0.50686556, 0.5070342, 0.5062107, 0.50622946, 0.5068182, 0.50700516, 0.5073679, 0.506658, 0.5067428, 0.50723034, 0.50646985, 0.5065803, 0.5066262, 0.50747114, 0.5054169, 0.50677097, 0.5064975, 0.50711274, 0.506941, 0.5061423, 0.5060136, 0.50793785, 0.5070332, 0.5065309, 0.506128, 0.5048981, 0.5046456, 0.5059447, 0.50610614, 0.5058742, 0.507167, 0.50665975, 0.5062132, 0.5061507, 0.5063335, 0.5068572, 0.5063725, 0.50629205, 0.50707436, 0.50656855, 0.5067641, 0.5070192, 0.5069662, 0.5066543, 0.5071177, 0.50661, 0.5062953, 0.5066572, 0.5063509, 0.50722003, 0.5067148, 0.50652486, 0.5067211, 0.5066225, 0.5066176, 0.5062071, 0.506717, 0.50637674, 0.50635475, 0.50586843, 0.5072119, 0.5069185, 0.506469, 0.506164, 0.50690895, 0.50700176, 0.5071616, 0.5067238, 0.5067654, 0.5065768, 0.5062254, 0.5060427, 0.50666773, 0.5067531, 0.50748086, 0.5071876, 0.5071719, 0.50702333, 0.50630945, 0.5064274, 0.5070279, 0.50648755, 0.5070166, 0.50702506, 0.50700855, 0.50669074, 0.50648427, 0.5069445, 0.5073661, 0.5072178, 0.50673115, 0.50612056, 0.505458, 0.50712365, 0.50690347, 0.50595206, 0.50632644, 0.5065266, 0.50599957, 0.5062342, 0.5070617, 0.5071279, 0.50582623, 0.50714207, 0.5070368, 0.50696826, 0.5065599, 0.5067164, 0.505791, 0.50736606, 0.5062449, 0.5064529, 0.5070236, 0.5070178, 0.50557816, 0.50722045, 0.5062682, 0.5061524, 0.5059436, 0.5059572, 0.50676316, 0.5070053, 0.50712246, 0.5072446, 0.5060503, 0.50699157, 0.5067977, 0.50625575, 0.5069253, 0.5068056, 0.5067962, 0.50633883, 0.5065738, 0.50692797, 0.5056942, 0.5068552, 0.5061753, 0.50698984, 0.50706106, 0.50705886, 0.5073575, 0.50688803, 0.50626475, 0.50656533, 0.5073958, 0.5072452, 0.50616664, 0.5072057, 0.50719714, 0.50693977, 0.50711876, 0.5069594, 0.50708365, 0.5070697, 0.50681704, 0.50687903, 0.50641, 0.5069312, 0.5070357, 0.5063714, 0.50651276, 0.5074596, 0.5068612, 0.50711656, 0.5069585, 0.5071456, 0.50584, 0.5069832, 0.50549585, 0.50562346, 0.50659007]
[0.50562227, 0.50224423, 0.5027859, 0.50523144, 0.5060965, 0.50602275, 0.5066144, 0.5038109, 0.50373685, 0.5064038, 0.5053199, 0.5032551, 0.50487185, 0.50586116, 0.5055033, 0.5073012, 0.50236154, 0.50355524, 0.50413096, 0.50499874, 0.50606674, 0.5028959, 0.50477344, 0.50411296, 0.505345, 0.5059914, 0.5033171, 0.5040043, 0.5045494, 0.5091078, 0.50343937, 0.5047793, 0.5059603, 0.5047393, 0.5024872, 0.5063965, 0.50742996, 0.50547653, 0.5075665, 0.5026178, 0.50251114, 0.5037206, 0.506291, 0.50667614, 0.50248027, 0.5045168, 0.5060765, 0.5031067, 0.5032916, 0.5044659, 0.5062306, 0.5047288, 0.50248307, 0.50593096, 0.50735474, 0.5076436, 0.5046009, 0.5032397, 0.5025825, 0.5030024, 0.505528, 0.5027208, 0.50486785, 0.50653595, 0.50840014, 0.50583285, 0.5026033, 0.50269264, 0.50225496, 0.5064923, 0.50331825, 0.504866, 0.5023912, 0.50291985, 0.5029429, 0.50453013, 0.5043521, 0.503851, 0.50334245, 0.50570655, 0.5072271, 0.50613093, 0.5075041, 0.50414914, 0.50231135, 0.50361747, 0.5075052, 0.5035486, 0.5047183, 0.5073222, 0.5023185, 0.50772136, 0.50218606, 0.50407463, 0.5072018, 0.5077649, 0.5084384, 0.50484926, 0.5043419, 0.50496626, 0.5051916, 0.50606996, 0.50861585, 0.50996953, 0.50947976, 0.50881636, 0.5102542, 0.50866616, 0.5113988, 0.51033586, 0.5099816, 0.51086766, 0.5086593, 0.50799274, 0.508167, 0.51059055, 0.51026535, 0.51064837, 0.50853795, 0.50941986, 0.5091531, 0.5089357, 0.5079785, 0.507138, 0.5086178, 0.5093081, 0.50896925, 0.50895005, 0.50945973, 0.5099532, 0.5093012, 0.5086559, 0.50943196, 0.5094169, 0.5091517, 0.5102122, 0.50988835, 0.5101565, 0.50912195, 0.5095002, 0.5100405, 0.5100141, 0.51062167, 0.50980246, 0.51015466, 0.51072055, 0.50963056, 0.50965154, 0.5092765, 0.5108361, 0.50721973, 0.50997096, 0.5089349, 0.5103957, 0.5097343, 0.50861937, 0.50843567, 0.5117156, 0.51017326, 0.50969034, 0.5088672, 0.50606734, 0.5058017, 0.50872904, 0.50858057, 0.5085871, 0.51029354, 0.50962895, 0.50911534, 0.50863695, 0.5088469, 0.5098686, 0.50986636, 0.50965667, 0.51069194, 0.50971496, 0.5096566, 0.5108487, 0.5101967, 0.5100179, 0.5102414, 0.50954515, 0.5091717, 0.51004374, 0.5093952, 0.5106731, 0.5099143, 0.50976026, 0.5102616, 0.5097322, 0.50966996, 0.50871605, 0.5102368, 0.5097493, 0.50946516, 0.50875455, 0.5106056, 0.5101498, 0.5092992, 0.5085526, 0.51043665, 0.51061183, 0.5106009, 0.50995815, 0.50983083, 0.5097931, 0.50927573, 0.5090901, 0.510155, 0.5101795, 0.5109985, 0.5101758, 0.51017374, 0.51000583, 0.50949657, 0.50905997, 0.5102001, 0.50972396, 0.51091254, 0.51057935, 0.51042646, 0.5099824, 0.5094811, 0.51022565, 0.5106509, 0.5103962, 0.51011294, 0.509679, 0.5085208, 0.5106941, 0.51036954, 0.50850385, 0.5093868, 0.50950426, 0.5091514, 0.5092267, 0.51056486, 0.5107684, 0.5088811, 0.5102569, 0.51006675, 0.5097196, 0.5093809, 0.5097031, 0.50895447, 0.5109362, 0.5093932, 0.5092426, 0.51055163, 0.51050866, 0.50820845, 0.5106279, 0.5088324, 0.5087101, 0.50832015, 0.50851125, 0.51028925, 0.5104543, 0.5104929, 0.51078403, 0.50881416, 0.510402, 0.51021284, 0.50904167, 0.5102009, 0.5099463, 0.5100889, 0.5095933, 0.50927615, 0.51023656, 0.5084419, 0.5099846, 0.5095018, 0.51034564, 0.51051563, 0.51016337, 0.5109459, 0.50984794, 0.509138, 0.50963134, 0.51063806, 0.5105144, 0.5091886, 0.51055306, 0.51062614, 0.5101637, 0.5103276, 0.5099667, 0.5099058, 0.5104004, 0.5095217, 0.50951, 0.509541, 0.50977916, 0.5100677, 0.50977135, 0.50980574, 0.51058435, 0.50923777, 0.5106567, 0.5105599, 0.5107685, 0.5079191, 0.51025087, 0.50839263, 0.50877345, 0.5098692]
[0.5076267, 0.50033915, 0.50198865, 0.5089893, 0.5025685, 0.5026464, 0.5079492, 0.50114244, 0.50063646, 0.5046964, 0.5023686, 0.50146693, 0.5016335, 0.5084056, 0.5059519, 0.5104059, 0.5013463, 0.5011965, 0.503653, 0.506734, 0.5064527, 0.5020022, 0.50310004, 0.5019047, 0.50274557, 0.50796777, 0.5050187, 0.5047431, 0.50209033, 0.51462346, 0.50172055, 0.5020219, 0.5022142, 0.5068242, 0.5018932, 0.5038935, 0.5042583, 0.5036666, 0.5044297, 0.50279284, 0.50109494, 0.50375897, 0.5081251, 0.5090939, 0.50049347, 0.5021117, 0.5022107, 0.5040206, 0.5032446, 0.501626, 0.5025479, 0.5020436, 0.50202584, 0.5084494, 0.50980777, 0.51020724, 0.50414014, 0.50408536, 0.5012852, 0.50238144, 0.50771457, 0.5004393, 0.50576705, 0.51007557, 0.51219857, 0.50788176, 0.50198245, 0.5022179, 0.50043476, 0.5087368, 0.5047316, 0.50639474, 0.5006579, 0.50050163, 0.50351524, 0.50201935, 0.5014461, 0.50379306, 0.5046816, 0.5071918, 0.5096916, 0.50473595, 0.5088061, 0.5040676, 0.50116587, 0.5016501, 0.51053184, 0.50475824, 0.5054024, 0.5097968, 0.501251, 0.5037552, 0.50122076, 0.5048759, 0.5022079, 0.5035771, 0.5038701, 0.5064191, 0.5053025, 0.50595695, 0.5058436, 0.5075614, 0.5127154, 0.5159781, 0.51466346, 0.51363117, 0.5163772, 0.5131359, 0.51868504, 0.51679885, 0.51528245, 0.51752615, 0.51229435, 0.51095444, 0.5112377, 0.51727647, 0.516026, 0.5166597, 0.51365495, 0.5132088, 0.51430506, 0.51371366, 0.51155597, 0.5100906, 0.5135026, 0.5146368, 0.51355433, 0.51373273, 0.51469463, 0.5147898, 0.5129261, 0.5136369, 0.51519763, 0.5145951, 0.51364636, 0.51573884, 0.515801, 0.5162141, 0.5135804, 0.5142039, 0.5157417, 0.5160197, 0.51695734, 0.5152467, 0.515811, 0.51693165, 0.5150098, 0.5150218, 0.5147975, 0.5178198, 0.5105996, 0.5160547, 0.51414967, 0.5166835, 0.5157698, 0.51332307, 0.5124067, 0.5194506, 0.5159963, 0.5150246, 0.5132922, 0.5088914, 0.5089166, 0.5124787, 0.5130639, 0.51242334, 0.51677674, 0.5147885, 0.5133844, 0.5131701, 0.5132758, 0.5155922, 0.5147444, 0.51419985, 0.5164537, 0.51464117, 0.5152568, 0.5171988, 0.51623595, 0.51513624, 0.5163935, 0.5154991, 0.5147868, 0.51517195, 0.5145244, 0.5168285, 0.5152165, 0.51488876, 0.51566595, 0.5144339, 0.5143527, 0.5139677, 0.5157191, 0.5151607, 0.5140071, 0.51212263, 0.5168398, 0.51584023, 0.513853, 0.51311606, 0.5160672, 0.5165244, 0.51680946, 0.51549906, 0.51583546, 0.5147225, 0.51384836, 0.51361597, 0.51506007, 0.5153144, 0.5177508, 0.51603645, 0.5160787, 0.51578724, 0.51403016, 0.5141088, 0.5164819, 0.51507497, 0.5167115, 0.5171694, 0.5157829, 0.51560897, 0.51434267, 0.51594406, 0.51695985, 0.5167339, 0.5157023, 0.5144526, 0.5111055, 0.51740307, 0.51636696, 0.51301837, 0.5141516, 0.5148353, 0.5135322, 0.5146004, 0.51636493, 0.5167998, 0.51292735, 0.51684785, 0.5168275, 0.51573604, 0.51510876, 0.51517445, 0.5126655, 0.51728123, 0.51357657, 0.5142353, 0.5165064, 0.51667416, 0.5123128, 0.5170187, 0.51324314, 0.51330495, 0.5123611, 0.5124635, 0.51579607, 0.51673573, 0.5167993, 0.51731986, 0.51262504, 0.51614237, 0.51576006, 0.5144949, 0.5165429, 0.51540196, 0.51583385, 0.5139578, 0.51428914, 0.5162152, 0.5113993, 0.51598996, 0.5137503, 0.5163193, 0.51659435, 0.5161292, 0.51777565, 0.5158609, 0.5135063, 0.51473314, 0.516942, 0.51649415, 0.513932, 0.5167977, 0.51695025, 0.51619846, 0.5164892, 0.5159798, 0.5168198, 0.51659507, 0.5150472, 0.51533526, 0.5143789, 0.51588, 0.51608205, 0.5139895, 0.5148689, 0.5175831, 0.51518744, 0.5167814, 0.5167793, 0.5172608, 0.5119427, 0.5165343, 0.5116907, 0.5124853, 0.5149557]
[0.50490034, 0.50004613, 0.5007043, 0.50481784, 0.50146145, 0.5015808, 0.5063926, 0.5025954, 0.50172216, 0.5056243, 0.5001251, 0.500299, 0.5008159, 0.5057127, 0.5052949, 0.5070983, 0.5003743, 0.5000301, 0.5026159, 0.50504196, 0.5052746, 0.50108284, 0.5011943, 0.5033183, 0.5035411, 0.5051028, 0.50222135, 0.50333667, 0.5003946, 0.511033, 0.50302106, 0.49993455, 0.50098336, 0.5034159, 0.5001644, 0.5011536, 0.5020316, 0.5017582, 0.5019713, 0.4998701, 0.4994856, 0.5031124, 0.5056597, 0.50610167, 0.5007297, 0.50034356, 0.50116813, 0.50224954, 0.5025421, 0.50076914, 0.5009221, 0.5000258, 0.5001632, 0.50640047, 0.50748867, 0.5070993, 0.50415653, 0.5026655, 0.50017256, 0.50143695, 0.50565934, 0.5009764, 0.5034052, 0.5059289, 0.5093071, 0.5049599, 0.5012234, 0.50103647, 0.49970216, 0.5061217, 0.5018442, 0.503472, 0.5002091, 0.4999553, 0.50187904, 0.50272506, 0.5000247, 0.50272536, 0.5026025, 0.5037936, 0.5058371, 0.5045225, 0.50647324, 0.5026352, 0.50080454, 0.49973336, 0.5077473, 0.5026204, 0.5025699, 0.5067306, 0.50030446, 0.5030098, 0.49970365, 0.5024358, 0.5011558, 0.50275964, 0.5028706, 0.50394267, 0.5033508, 0.50358933, 0.5049013, 0.5051897, 0.5095119, 0.5120557, 0.5112273, 0.50996804, 0.5130487, 0.5100776, 0.51491296, 0.5132823, 0.5120577, 0.5140196, 0.5094048, 0.5082326, 0.50852066, 0.5135978, 0.5130336, 0.5132553, 0.50976014, 0.51133096, 0.51004225, 0.5101327, 0.5084912, 0.50715464, 0.5099345, 0.5107437, 0.509872, 0.51057965, 0.51113266, 0.5113273, 0.5100791, 0.5094965, 0.5113004, 0.5107364, 0.51017046, 0.51254165, 0.5118168, 0.51260793, 0.51047623, 0.51140666, 0.51208854, 0.51233554, 0.5131322, 0.5112934, 0.51218605, 0.51366955, 0.5116049, 0.511153, 0.5113901, 0.5141704, 0.50726414, 0.51179695, 0.51001155, 0.5130826, 0.5119744, 0.51002544, 0.50876975, 0.51511955, 0.51219165, 0.5116547, 0.51033473, 0.50604606, 0.5056496, 0.51001555, 0.5097545, 0.5099528, 0.51284754, 0.51176834, 0.51060486, 0.5099411, 0.5099439, 0.51167667, 0.5113815, 0.51109105, 0.51313055, 0.51161337, 0.51125276, 0.5138547, 0.5125815, 0.51192546, 0.512988, 0.51127243, 0.510664, 0.5121045, 0.5112293, 0.51389396, 0.51186633, 0.51143384, 0.51278657, 0.5114802, 0.5115847, 0.5096984, 0.5122856, 0.51159436, 0.5111011, 0.5099635, 0.51337576, 0.5124652, 0.51049125, 0.50956434, 0.51298416, 0.5128657, 0.51397926, 0.5118375, 0.5121995, 0.5113001, 0.5108294, 0.5106094, 0.51156634, 0.51186395, 0.514006, 0.5120046, 0.51237464, 0.51238793, 0.5113102, 0.51066476, 0.51289827, 0.51182187, 0.51385736, 0.5134774, 0.51281357, 0.51249504, 0.5114977, 0.51266325, 0.51325893, 0.51306134, 0.5123599, 0.5112882, 0.5086383, 0.51389796, 0.5132864, 0.50947696, 0.51044196, 0.5111575, 0.5108446, 0.5110215, 0.51305366, 0.5137627, 0.510147, 0.5125586, 0.5124388, 0.5118184, 0.5108794, 0.51162654, 0.509717, 0.513758, 0.5106901, 0.51064694, 0.5129142, 0.51279736, 0.5086199, 0.51296544, 0.5097551, 0.50941277, 0.5089289, 0.5095535, 0.5124026, 0.51341283, 0.51334274, 0.5137896, 0.5100927, 0.5126729, 0.51232964, 0.50991446, 0.512402, 0.5120825, 0.51218075, 0.51109785, 0.51040995, 0.51292735, 0.5085751, 0.51233214, 0.5106337, 0.51306796, 0.51305693, 0.5123608, 0.51419556, 0.51177496, 0.5103604, 0.51145834, 0.51376, 0.5135898, 0.510403, 0.5132663, 0.51329637, 0.5125846, 0.5128106, 0.51218027, 0.5128448, 0.5135537, 0.5112966, 0.5108293, 0.5116428, 0.5123631, 0.5126682, 0.5113334, 0.51165915, 0.51326144, 0.5112282, 0.51337785, 0.5131428, 0.5141194, 0.50839853, 0.5125311, 0.5090584, 0.50939727, 0.5115048]
[0.5076886, 0.5005181, 0.50104547, 0.5084678, 0.5045994, 0.50432885, 0.508362, 0.5020324, 0.5009221, 0.5074037, 0.5032779, 0.5013493, 0.5031868, 0.5079582, 0.50721854, 0.5095975, 0.50136894, 0.5024324, 0.5046225, 0.5066317, 0.5076281, 0.50195163, 0.5047025, 0.5034086, 0.5052118, 0.50782955, 0.50538564, 0.5058018, 0.50363976, 0.5128889, 0.50317633, 0.50348157, 0.5045477, 0.5067575, 0.5017956, 0.50556517, 0.50655764, 0.5051603, 0.50644416, 0.5036624, 0.5008425, 0.50479263, 0.50789016, 0.5085712, 0.5017997, 0.503563, 0.5043505, 0.50389725, 0.5039186, 0.5029621, 0.5041681, 0.5033831, 0.50301385, 0.50860757, 0.5096727, 0.5099431, 0.505754, 0.5035272, 0.5009855, 0.50299233, 0.50840193, 0.50141764, 0.5066091, 0.50919354, 0.51162034, 0.5075763, 0.50224566, 0.5020327, 0.50104463, 0.50875175, 0.50461763, 0.5059646, 0.50069344, 0.5008528, 0.5049534, 0.5030575, 0.5026873, 0.5042224, 0.50442475, 0.50709236, 0.5091592, 0.5060034, 0.50859886, 0.5037795, 0.5014824, 0.5021832, 0.51022136, 0.5048753, 0.50547373, 0.50959027, 0.50242674, 0.5063889, 0.5012129, 0.5046895, 0.5038988, 0.50634587, 0.50684047, 0.5057466, 0.5043525, 0.50601655, 0.5062096, 0.50770736, 0.5121162, 0.51447743, 0.5134369, 0.51251155, 0.5148293, 0.5118712, 0.5168442, 0.5153624, 0.51418316, 0.51531, 0.51118684, 0.5102641, 0.5109061, 0.51573133, 0.5150696, 0.51532984, 0.51196843, 0.5127678, 0.51289433, 0.5124084, 0.5111369, 0.5096141, 0.51239824, 0.5135034, 0.51279235, 0.51264906, 0.5135801, 0.5135965, 0.5122528, 0.51230705, 0.5139953, 0.5135492, 0.5130429, 0.5145065, 0.51457906, 0.5148252, 0.5129445, 0.5133015, 0.5138652, 0.51461196, 0.5155339, 0.51389295, 0.5147424, 0.51551634, 0.5139191, 0.51370925, 0.5132991, 0.5162455, 0.50994635, 0.514321, 0.5133836, 0.51486266, 0.5143026, 0.5119211, 0.5110863, 0.51740533, 0.51443654, 0.5133204, 0.51215327, 0.5087935, 0.5091037, 0.51169187, 0.5119542, 0.51171917, 0.51515156, 0.5135841, 0.51259506, 0.5122595, 0.5124898, 0.5142995, 0.5132428, 0.51326454, 0.51483935, 0.5134108, 0.51389515, 0.51595914, 0.5149494, 0.51421344, 0.51467264, 0.51364565, 0.5130424, 0.51374656, 0.51357245, 0.51563597, 0.51407456, 0.5137494, 0.51465565, 0.5135687, 0.5134377, 0.5124836, 0.5143726, 0.5137458, 0.5130079, 0.5116267, 0.5152708, 0.5144316, 0.5126539, 0.51163447, 0.5149019, 0.51495695, 0.51546973, 0.51388377, 0.5142657, 0.51299745, 0.5129282, 0.51248944, 0.51384175, 0.5141427, 0.51626927, 0.5142381, 0.5143043, 0.5145772, 0.5130204, 0.51310277, 0.5149263, 0.51389104, 0.5151285, 0.5158018, 0.5144776, 0.5141558, 0.5134985, 0.51453394, 0.51569027, 0.5152987, 0.5141784, 0.5137563, 0.51065636, 0.5154866, 0.514841, 0.51244634, 0.51333004, 0.51327455, 0.51234305, 0.51310146, 0.5151285, 0.5154018, 0.5122417, 0.51484245, 0.5149749, 0.514051, 0.5136266, 0.5136063, 0.51182914, 0.51567984, 0.5128718, 0.5130637, 0.51514035, 0.51520693, 0.5114745, 0.5152948, 0.51234466, 0.5121482, 0.5111507, 0.51168126, 0.514588, 0.51520705, 0.5150189, 0.51570326, 0.51194596, 0.51460993, 0.5143814, 0.5124831, 0.5145681, 0.5141527, 0.51441056, 0.513006, 0.5129107, 0.5148842, 0.5109249, 0.51468587, 0.5128541, 0.51491183, 0.5150374, 0.514348, 0.5159428, 0.51431894, 0.5124582, 0.5137562, 0.51535517, 0.5151454, 0.5127136, 0.5151045, 0.5151542, 0.5142851, 0.51519185, 0.5143621, 0.51465255, 0.51515704, 0.5137536, 0.5135657, 0.51347345, 0.5146304, 0.5144228, 0.5133567, 0.51359826, 0.51528674, 0.51323354, 0.5155364, 0.51501864, 0.51579, 0.5109128, 0.5147807, 0.51124823, 0.5116355, 0.51372117]
[0.5060278, 0.501531, 0.50128937, 0.5042167, 0.503214, 0.5031494, 0.5074599, 0.5028258, 0.5027114, 0.5062267, 0.5024381, 0.5010817, 0.5030824, 0.5064457, 0.50540125, 0.5070274, 0.50110406, 0.50269437, 0.5029791, 0.5063287, 0.50660396, 0.5014771, 0.5033019, 0.50321114, 0.5043409, 0.5062415, 0.50218207, 0.50341105, 0.5021885, 0.5095279, 0.5034471, 0.501833, 0.50329065, 0.5023565, 0.50197613, 0.50439906, 0.5040696, 0.50349677, 0.504087, 0.50149035, 0.5010982, 0.5033444, 0.5064343, 0.50645214, 0.5009558, 0.50246596, 0.50320226, 0.5027255, 0.50268453, 0.502777, 0.50291985, 0.50277334, 0.50201327, 0.50617284, 0.5072415, 0.50764436, 0.504449, 0.50256765, 0.5023028, 0.50296307, 0.50627697, 0.501568, 0.5032315, 0.50599545, 0.5078177, 0.50538963, 0.50155336, 0.5015944, 0.501125, 0.50686085, 0.5027246, 0.5040731, 0.5013468, 0.5011053, 0.50297195, 0.50346506, 0.5015506, 0.5035418, 0.50302255, 0.50484127, 0.5065679, 0.5052845, 0.50670844, 0.5046835, 0.5012096, 0.5014494, 0.5076367, 0.50361854, 0.50353825, 0.50721747, 0.5020351, 0.50463766, 0.5012088, 0.504249, 0.5038406, 0.50415784, 0.5045581, 0.5044874, 0.5036921, 0.50507426, 0.50470996, 0.5054918, 0.5087664, 0.510754, 0.50994337, 0.50901705, 0.51102066, 0.5089634, 0.512437, 0.5111484, 0.51063687, 0.51188457, 0.50907356, 0.5081695, 0.508426, 0.5117337, 0.5112916, 0.51184106, 0.5082075, 0.5096907, 0.5092504, 0.5088069, 0.5077275, 0.50697494, 0.5085575, 0.5092757, 0.5089242, 0.5095412, 0.5097676, 0.5105309, 0.5090618, 0.5085299, 0.5099554, 0.5098776, 0.5091378, 0.510773, 0.5105103, 0.5106856, 0.5089959, 0.51001537, 0.5103252, 0.51040757, 0.51115334, 0.5102462, 0.51063186, 0.5118173, 0.5100316, 0.5099901, 0.50963837, 0.5118213, 0.50762993, 0.5099901, 0.50900984, 0.51107275, 0.5103464, 0.5090548, 0.5083476, 0.51261276, 0.5104363, 0.51008314, 0.5091003, 0.5063519, 0.5058879, 0.50914395, 0.5090717, 0.50891495, 0.5104026, 0.5100264, 0.5092741, 0.50888044, 0.50908005, 0.51008284, 0.5101922, 0.5098469, 0.51158446, 0.5104117, 0.51012886, 0.5115102, 0.51074207, 0.5099351, 0.51050705, 0.5093473, 0.508848, 0.5106476, 0.51034117, 0.51165956, 0.5103044, 0.50981253, 0.5108691, 0.5102375, 0.51024157, 0.50850594, 0.5109442, 0.50982976, 0.5099232, 0.5093804, 0.51101947, 0.5103989, 0.5091182, 0.5087231, 0.511244, 0.5116367, 0.511711, 0.51060885, 0.510317, 0.5102308, 0.50941575, 0.5092805, 0.51030356, 0.51028186, 0.5117435, 0.5110431, 0.5111791, 0.5106959, 0.5098481, 0.5098758, 0.5112265, 0.5104813, 0.5120288, 0.51165885, 0.51114655, 0.51085746, 0.5100028, 0.51045734, 0.51112235, 0.5110017, 0.511073, 0.5098912, 0.5080226, 0.5118148, 0.51168746, 0.50859785, 0.50989604, 0.51037496, 0.50935465, 0.5092549, 0.5115523, 0.5114851, 0.5090871, 0.51069266, 0.5106345, 0.51007116, 0.50974727, 0.510296, 0.50893575, 0.51188254, 0.509488, 0.5096758, 0.5111246, 0.5111738, 0.5080158, 0.5116862, 0.5087316, 0.50859076, 0.50798005, 0.5083211, 0.51133347, 0.51168203, 0.511412, 0.5116654, 0.5093189, 0.5111923, 0.510784, 0.50881726, 0.5108159, 0.5105469, 0.5106406, 0.51009065, 0.50927347, 0.5110803, 0.5077495, 0.510455, 0.50970685, 0.51136243, 0.5116892, 0.5106764, 0.51189804, 0.51041275, 0.5093737, 0.51013184, 0.51143575, 0.5114468, 0.5097586, 0.51143134, 0.51169986, 0.5109897, 0.5108581, 0.51034385, 0.5103412, 0.51123613, 0.5096704, 0.5095742, 0.5099676, 0.51014847, 0.5110856, 0.51021147, 0.51035005, 0.51158094, 0.5098973, 0.51140755, 0.5110796, 0.5121278, 0.5082756, 0.51095396, 0.5086984, 0.5090138, 0.5104125]
[0.5076695, 0.50257045, 0.502905, 0.5073244, 0.502386, 0.5023275, 0.5089803, 0.5049991, 0.50405574, 0.5085508, 0.50112677, 0.50102854, 0.50150275, 0.50799406, 0.50737685, 0.50973475, 0.5013229, 0.5011022, 0.5051522, 0.50790924, 0.5079629, 0.5036584, 0.5016635, 0.50578755, 0.50669324, 0.50845945, 0.5048529, 0.50540096, 0.5011254, 0.51224965, 0.5050018, 0.5006727, 0.50234675, 0.5057331, 0.50231767, 0.5027635, 0.50340116, 0.50251937, 0.5024392, 0.5008103, 0.50099784, 0.50524116, 0.50815445, 0.5090057, 0.5030478, 0.5009804, 0.5008084, 0.50519353, 0.5053866, 0.5007729, 0.501615, 0.5009922, 0.501023, 0.50834465, 0.50987065, 0.5100406, 0.5066367, 0.5044829, 0.50390863, 0.50502706, 0.50812995, 0.50343937, 0.5069433, 0.50826085, 0.5109617, 0.5078212, 0.50327814, 0.5027441, 0.5017825, 0.5089899, 0.5063592, 0.50645345, 0.5018856, 0.5016666, 0.5039773, 0.5055588, 0.500659, 0.50401694, 0.505063, 0.5070857, 0.5090986, 0.50713074, 0.50924253, 0.5054553, 0.50289, 0.5011466, 0.5100638, 0.50430214, 0.50508523, 0.5094099, 0.50172204, 0.50371325, 0.50131917, 0.5060157, 0.5030443, 0.5033656, 0.5040003, 0.5064644, 0.5058946, 0.50642604, 0.507036, 0.5080892, 0.51162654, 0.5135127, 0.5127213, 0.51175886, 0.5141274, 0.5114609, 0.5160247, 0.51457334, 0.5139854, 0.5151963, 0.5114759, 0.5106793, 0.51101947, 0.51502824, 0.51418096, 0.5147348, 0.51119834, 0.5126237, 0.5123656, 0.51207405, 0.5105822, 0.5096335, 0.51168245, 0.51259327, 0.5122438, 0.51222646, 0.5127892, 0.5133616, 0.5119621, 0.511548, 0.5131456, 0.5127841, 0.51249105, 0.5143746, 0.51373774, 0.51400113, 0.5123513, 0.51337916, 0.51405734, 0.51362854, 0.5146262, 0.5135974, 0.5139141, 0.51493025, 0.5138652, 0.51330185, 0.51257384, 0.51514006, 0.5093123, 0.5137763, 0.5127398, 0.5143858, 0.51342, 0.5114933, 0.5109805, 0.51628137, 0.5138159, 0.512847, 0.5121323, 0.50862855, 0.5087032, 0.51137954, 0.5116871, 0.5115099, 0.5142321, 0.5131849, 0.51228106, 0.5119037, 0.5118005, 0.51355517, 0.51346374, 0.5130649, 0.5150064, 0.51330775, 0.5135382, 0.51526487, 0.514021, 0.5134616, 0.5137345, 0.51285934, 0.5123251, 0.51362854, 0.51336426, 0.5151246, 0.5137243, 0.51331854, 0.5144669, 0.5134346, 0.5133379, 0.51141113, 0.5141539, 0.5132451, 0.51273125, 0.51147956, 0.5146993, 0.51357836, 0.5118244, 0.5112011, 0.51442254, 0.51460063, 0.51492995, 0.513775, 0.51357627, 0.5131624, 0.51242214, 0.5122636, 0.5135696, 0.5139051, 0.5155682, 0.51379305, 0.5137744, 0.5136955, 0.51284814, 0.51256895, 0.51417476, 0.5132488, 0.5152394, 0.5153831, 0.51448053, 0.5136372, 0.51297843, 0.5140794, 0.51494074, 0.5142716, 0.51393545, 0.51320565, 0.51106095, 0.5149016, 0.5145269, 0.5116309, 0.512709, 0.5127325, 0.5120508, 0.5122641, 0.51469195, 0.5149418, 0.511937, 0.5142053, 0.5138881, 0.5135249, 0.51281387, 0.5129057, 0.5122166, 0.51530796, 0.5126857, 0.51243377, 0.51474077, 0.5148308, 0.5113826, 0.5147884, 0.5114177, 0.5111473, 0.51062316, 0.51086634, 0.5141819, 0.514695, 0.514724, 0.51509476, 0.5119443, 0.5144602, 0.514244, 0.5116955, 0.51425624, 0.5134213, 0.5133022, 0.51260734, 0.51240087, 0.514591, 0.5108247, 0.513972, 0.51293653, 0.51441544, 0.5147014, 0.51386184, 0.51521903, 0.5134465, 0.5122265, 0.5132212, 0.514669, 0.51491004, 0.5124565, 0.5147808, 0.5148142, 0.51391625, 0.5141243, 0.5135941, 0.5139037, 0.5145583, 0.5130611, 0.5127126, 0.5130698, 0.5135813, 0.51379395, 0.51338553, 0.5131327, 0.5151515, 0.5124046, 0.51493084, 0.51467067, 0.5151889, 0.5107436, 0.5137736, 0.51138633, 0.51171845, 0.5134485]
[0.50683254, 0.5012728, 0.5024301, 0.5071914, 0.5004084, 0.5007568, 0.5074807, 0.50411123, 0.50312346, 0.5075538, 0.49995077, 0.5014737, 0.5000469, 0.50650483, 0.50584775, 0.50875956, 0.50183976, 0.5007576, 0.50505793, 0.5058224, 0.5059097, 0.50269717, 0.5005028, 0.5039054, 0.5050465, 0.5064255, 0.50476164, 0.50517124, 0.49993664, 0.51259136, 0.50432193, 0.5004402, 0.49975908, 0.5061976, 0.5016908, 0.5006092, 0.5008193, 0.50025713, 0.5012395, 0.50065666, 0.50155574, 0.5044975, 0.5067754, 0.5079415, 0.5024231, 0.50012934, 0.5000032, 0.5031744, 0.5047304, 0.50045866, 0.49985567, 0.5000097, 0.50014174, 0.50735873, 0.5087066, 0.50919783, 0.5054739, 0.50445926, 0.5018205, 0.50323945, 0.5068206, 0.50195247, 0.50614697, 0.50824684, 0.5108894, 0.5065113, 0.5019519, 0.50226104, 0.5009981, 0.5080342, 0.50572056, 0.50620055, 0.50134283, 0.5016557, 0.50344646, 0.50477505, 0.5005422, 0.50289, 0.5038688, 0.5074085, 0.5089813, 0.5051682, 0.5083941, 0.50367635, 0.502572, 0.5009395, 0.50894094, 0.5037796, 0.50407857, 0.5086289, 0.5013842, 0.50229824, 0.50122756, 0.5049963, 0.50044775, 0.5015256, 0.5017763, 0.5056553, 0.505256, 0.505997, 0.5061232, 0.5073223, 0.5110548, 0.5133692, 0.51227903, 0.5109795, 0.51398367, 0.51133406, 0.5160012, 0.5143586, 0.5134003, 0.51461774, 0.51070315, 0.50980395, 0.50990766, 0.51493204, 0.51429015, 0.514815, 0.5111414, 0.51229584, 0.5123408, 0.51196116, 0.51017517, 0.5087661, 0.5115845, 0.51248384, 0.5120623, 0.5114538, 0.5124369, 0.5127834, 0.51164013, 0.5109301, 0.5127176, 0.51229084, 0.5119929, 0.51408046, 0.51354694, 0.5139859, 0.51191974, 0.5125474, 0.51371264, 0.513769, 0.51470333, 0.51315236, 0.51358867, 0.514635, 0.51266205, 0.512815, 0.5121925, 0.5152768, 0.5086523, 0.51365167, 0.5118471, 0.5143699, 0.5135386, 0.5114638, 0.51061815, 0.5167257, 0.51383144, 0.51316273, 0.51175636, 0.508014, 0.508045, 0.51105744, 0.51112956, 0.511038, 0.514549, 0.51282483, 0.51175934, 0.51132727, 0.5113982, 0.51313204, 0.5130133, 0.5128938, 0.5145747, 0.5128284, 0.5130642, 0.51501244, 0.5141926, 0.51340234, 0.51441723, 0.5132039, 0.51243806, 0.51335204, 0.51236117, 0.51515156, 0.51370645, 0.5129986, 0.5144097, 0.51301974, 0.513082, 0.5119385, 0.5137113, 0.5131805, 0.51227486, 0.5106004, 0.51486444, 0.51405454, 0.5121539, 0.51087505, 0.5143187, 0.5141992, 0.51468956, 0.5127926, 0.51313823, 0.5130325, 0.5124465, 0.5121805, 0.51346004, 0.51360524, 0.51544684, 0.5136101, 0.5135571, 0.5134592, 0.5128252, 0.5120623, 0.5138676, 0.51283526, 0.5143239, 0.5150733, 0.51391023, 0.5136093, 0.5126276, 0.5143609, 0.515005, 0.5140674, 0.5137401, 0.51294553, 0.5104189, 0.5149145, 0.51417375, 0.5114238, 0.5121563, 0.5125828, 0.51191574, 0.51231974, 0.51439404, 0.5148627, 0.51135355, 0.51422215, 0.5142074, 0.513449, 0.51266915, 0.51280004, 0.51140964, 0.5149755, 0.51220477, 0.5118412, 0.51437795, 0.5142945, 0.5106922, 0.51436543, 0.5111795, 0.5111246, 0.5103778, 0.51070744, 0.5139308, 0.51456404, 0.5147138, 0.51479304, 0.51112974, 0.51359427, 0.51392496, 0.5117016, 0.51423115, 0.51320654, 0.5133511, 0.51198876, 0.512147, 0.5142679, 0.51024896, 0.51374924, 0.51239514, 0.5141637, 0.51419127, 0.5137491, 0.51533675, 0.5133369, 0.5116258, 0.51301813, 0.5150495, 0.5149213, 0.512088, 0.5145017, 0.5143165, 0.5133588, 0.51391226, 0.51344776, 0.5140336, 0.51455486, 0.5124801, 0.51261973, 0.5124952, 0.5134068, 0.5135279, 0.5127095, 0.5124763, 0.51462144, 0.51196593, 0.5145036, 0.5142253, 0.5150004, 0.51031715, 0.51397496, 0.5106491, 0.5112586, 0.51304203]
[0.5084673, 0.50023794, 0.5024376, 0.5096238, 0.50118977, 0.5012909, 0.51042044, 0.5038404, 0.5034084, 0.51019716, 0.500705, 0.49954486, 0.50048846, 0.5099423, 0.50816935, 0.5127232, 0.5019698, 0.4999249, 0.5055127, 0.50873715, 0.5085379, 0.5028817, 0.50122094, 0.5042962, 0.50681907, 0.50966036, 0.5062592, 0.5052132, 0.50071436, 0.5174068, 0.50395244, 0.50039333, 0.50112814, 0.50816125, 0.501248, 0.50211185, 0.50244653, 0.5014801, 0.5021418, 0.50043553, 0.50103235, 0.5053106, 0.5100136, 0.5115928, 0.5023569, 0.5006728, 0.50135845, 0.5047497, 0.5049371, 0.50049835, 0.5013323, 0.50043535, 0.4997411, 0.5108799, 0.5127341, 0.5134178, 0.5058655, 0.5041762, 0.50243825, 0.5048822, 0.5093056, 0.501684, 0.508788, 0.5120531, 0.5155062, 0.50967866, 0.50226116, 0.5021163, 0.50074744, 0.51175666, 0.5057628, 0.50692844, 0.4999987, 0.5005812, 0.50481343, 0.5060425, 0.50007486, 0.50583786, 0.50495076, 0.5096475, 0.5126723, 0.50758624, 0.5117667, 0.50572664, 0.50163954, 0.49968323, 0.51368153, 0.50492954, 0.5069361, 0.5131406, 0.49969584, 0.50203323, 0.5000023, 0.5067674, 0.5013439, 0.50220656, 0.5026391, 0.50770855, 0.50579137, 0.50770026, 0.5078355, 0.5098206, 0.5166109, 0.51980686, 0.51894754, 0.5169437, 0.5204624, 0.51620907, 0.5235762, 0.52113986, 0.51973236, 0.5219471, 0.5161814, 0.5140932, 0.51533145, 0.5220738, 0.52031374, 0.52163553, 0.5157297, 0.5178825, 0.5179365, 0.5169258, 0.51464516, 0.5124025, 0.51609874, 0.51832867, 0.5174554, 0.5175468, 0.5188896, 0.5198727, 0.5172565, 0.51648366, 0.5190943, 0.5184554, 0.5177627, 0.5204884, 0.5207368, 0.52036554, 0.51751536, 0.51855737, 0.5196424, 0.5200864, 0.5216472, 0.51990527, 0.5202117, 0.5216302, 0.5195199, 0.5194918, 0.5183219, 0.5224763, 0.5132177, 0.5200378, 0.5183969, 0.52097356, 0.5194564, 0.5161446, 0.5153033, 0.5243384, 0.5198116, 0.5186563, 0.5166556, 0.510626, 0.51137215, 0.51624244, 0.5166206, 0.5159304, 0.5209392, 0.5186746, 0.51697457, 0.5164231, 0.5167844, 0.5197413, 0.5190372, 0.5182422, 0.52157867, 0.5187414, 0.5195358, 0.5226942, 0.5206181, 0.5199261, 0.52034396, 0.5189679, 0.5179659, 0.5196192, 0.51903003, 0.5220456, 0.5196682, 0.51892716, 0.5211148, 0.5188415, 0.5188089, 0.5172982, 0.52065766, 0.51970303, 0.5178668, 0.51570356, 0.52138716, 0.52021766, 0.51744986, 0.5161512, 0.520883, 0.5212449, 0.5216684, 0.5196708, 0.52004665, 0.51868385, 0.51790595, 0.5176057, 0.51973253, 0.520282, 0.5233255, 0.5206015, 0.5204242, 0.5200253, 0.51839423, 0.51786387, 0.5209271, 0.5192843, 0.52213955, 0.5221152, 0.52042603, 0.5200995, 0.51850665, 0.5199763, 0.52210397, 0.5208576, 0.5197509, 0.5199288, 0.5146962, 0.52191347, 0.5210653, 0.5171149, 0.5187722, 0.5186058, 0.5174071, 0.5178554, 0.5213789, 0.5216254, 0.51659256, 0.52100456, 0.5207804, 0.519802, 0.5192697, 0.51878214, 0.516653, 0.5220444, 0.5178705, 0.5184874, 0.52159256, 0.52152425, 0.51572335, 0.5220988, 0.5169032, 0.51644427, 0.5152777, 0.5156885, 0.52051157, 0.5213488, 0.5213185, 0.5222452, 0.5167126, 0.5210564, 0.52040935, 0.5173607, 0.5209148, 0.5197328, 0.51991403, 0.5180956, 0.517506, 0.521053, 0.5147465, 0.5201208, 0.5183936, 0.5207385, 0.5214764, 0.5201147, 0.52233326, 0.5199342, 0.51729655, 0.51907474, 0.52153856, 0.52149224, 0.5181557, 0.5214621, 0.5215366, 0.5201681, 0.5206731, 0.51982486, 0.5210469, 0.5215104, 0.51876444, 0.51873606, 0.5181904, 0.5200282, 0.52018285, 0.5188022, 0.51900107, 0.52184236, 0.5179536, 0.5220376, 0.52134675, 0.5222281, 0.51513255, 0.52082527, 0.5157483, 0.516263, 0.52002674]
[0.5042992, 0.50109386, 0.50100833, 0.5045906, 0.50310904, 0.5035203, 0.50591695, 0.5011544, 0.50068825, 0.50396776, 0.50352436, 0.501493, 0.50226897, 0.5036872, 0.5034527, 0.5063086, 0.5006925, 0.5006465, 0.50292116, 0.5042555, 0.5048821, 0.50146294, 0.50304115, 0.5021804, 0.50279576, 0.5051296, 0.50233537, 0.50346434, 0.5011426, 0.50817317, 0.50166565, 0.5023093, 0.5025118, 0.5029522, 0.5004031, 0.5041039, 0.5054229, 0.5044884, 0.50563073, 0.50206333, 0.5001415, 0.50229883, 0.50427294, 0.5052656, 0.50086546, 0.5021404, 0.5038512, 0.50201875, 0.5023525, 0.5019135, 0.50298977, 0.501771, 0.50218695, 0.50445056, 0.50595087, 0.5062226, 0.5031173, 0.50239456, 0.5011733, 0.501846, 0.5044331, 0.50049603, 0.5036138, 0.5055217, 0.5068133, 0.50452375, 0.50115263, 0.5013356, 0.50044036, 0.5053856, 0.50274676, 0.5036202, 0.5006852, 0.50089884, 0.5024106, 0.50239366, 0.5009515, 0.50247514, 0.502474, 0.5043952, 0.5057196, 0.50380707, 0.505711, 0.5027609, 0.5006122, 0.50170785, 0.5059903, 0.5034209, 0.5039129, 0.5055736, 0.50091755, 0.5046723, 0.50021225, 0.50291234, 0.50237745, 0.5049, 0.50529766, 0.5036475, 0.50284004, 0.50392884, 0.5035261, 0.50399274, 0.5077188, 0.50904226, 0.5085775, 0.50794077, 0.50940907, 0.50699115, 0.510984, 0.5099641, 0.50903255, 0.5103764, 0.5076496, 0.5070001, 0.50708044, 0.5100408, 0.5096576, 0.5098403, 0.5076902, 0.5080573, 0.50786936, 0.5075779, 0.5069489, 0.50575376, 0.5075962, 0.50829166, 0.5079065, 0.50789094, 0.5086485, 0.5089533, 0.507929, 0.5074544, 0.50927263, 0.50866705, 0.5081052, 0.5095666, 0.50906944, 0.5095177, 0.50824994, 0.50861627, 0.5089244, 0.5092034, 0.50994736, 0.5089286, 0.50901115, 0.5101041, 0.50920653, 0.5090696, 0.50842255, 0.51025045, 0.5059923, 0.5096469, 0.5083545, 0.510023, 0.50883645, 0.50755465, 0.5070336, 0.5111845, 0.50914633, 0.50879145, 0.50764346, 0.5051274, 0.5048254, 0.5074229, 0.50773007, 0.5075958, 0.50960284, 0.5087123, 0.5081521, 0.50763696, 0.50772834, 0.50906765, 0.50870985, 0.5084794, 0.5099681, 0.5088804, 0.50921685, 0.5100801, 0.509319, 0.5092099, 0.509138, 0.5086735, 0.5081698, 0.50935143, 0.50871307, 0.51009035, 0.5089878, 0.50881314, 0.5096024, 0.5088186, 0.5087242, 0.5077918, 0.5093899, 0.50865245, 0.50839126, 0.50759405, 0.50963944, 0.50918376, 0.5081865, 0.50766736, 0.5099081, 0.5097295, 0.5099061, 0.5092882, 0.5090158, 0.5086743, 0.5079162, 0.50780535, 0.50908375, 0.50916713, 0.5104889, 0.50972307, 0.5096628, 0.50968707, 0.5081134, 0.5083712, 0.50970805, 0.5089468, 0.51032907, 0.5100147, 0.5097126, 0.50940555, 0.5087795, 0.50932455, 0.5099524, 0.5097988, 0.50930005, 0.5087822, 0.5070546, 0.5101613, 0.5097647, 0.5076759, 0.50873554, 0.50903964, 0.50798935, 0.5087055, 0.50991184, 0.51006585, 0.5074549, 0.5096258, 0.509516, 0.5092253, 0.50882983, 0.50891894, 0.50760233, 0.5102194, 0.5081778, 0.50820285, 0.5098314, 0.5098502, 0.50719106, 0.51004356, 0.5078813, 0.5076597, 0.5072048, 0.50737876, 0.5097735, 0.5100196, 0.50985384, 0.5101555, 0.5077146, 0.5098034, 0.5095419, 0.50803614, 0.5095348, 0.5091721, 0.5091959, 0.50835025, 0.50838196, 0.5096066, 0.5070126, 0.5090269, 0.50843436, 0.50968724, 0.50979286, 0.50941104, 0.51062936, 0.5091142, 0.50828105, 0.5086682, 0.5100445, 0.5098805, 0.50832814, 0.5097999, 0.51036996, 0.5095507, 0.50969714, 0.509342, 0.5092014, 0.5097825, 0.50911015, 0.50905454, 0.5085819, 0.50878376, 0.50938034, 0.50861883, 0.50861686, 0.5102502, 0.5087138, 0.509953, 0.5098396, 0.51016134, 0.5069619, 0.50959384, 0.50721693, 0.5075759, 0.50907403]
[0.5074418, 0.5024651, 0.50181013, 0.5085315, 0.5028485, 0.50263005, 0.50807595, 0.50288093, 0.50173783, 0.5064409, 0.503028, 0.50159335, 0.5016789, 0.50829697, 0.50731426, 0.50843006, 0.5027816, 0.5014924, 0.504085, 0.5077318, 0.50733995, 0.5049437, 0.5018794, 0.50492996, 0.50576967, 0.5079609, 0.5056594, 0.50509584, 0.5016349, 0.5119524, 0.50303584, 0.5031057, 0.5028359, 0.50684386, 0.50352776, 0.5042267, 0.5050566, 0.50406694, 0.5056875, 0.503304, 0.5028085, 0.5052992, 0.5080126, 0.50753707, 0.5015053, 0.5039927, 0.50398356, 0.50559264, 0.50410444, 0.5015092, 0.50242394, 0.50304604, 0.50178677, 0.5077348, 0.5087779, 0.50913227, 0.50612384, 0.506349, 0.5030671, 0.5043506, 0.5074638, 0.5039291, 0.50565743, 0.50878674, 0.50992304, 0.506606, 0.50491184, 0.50621897, 0.50257653, 0.50782335, 0.50419104, 0.50581974, 0.50269264, 0.50258124, 0.50525534, 0.5041094, 0.50225997, 0.50575465, 0.5049106, 0.50664276, 0.50822765, 0.5068925, 0.5078706, 0.50635624, 0.50270355, 0.5018751, 0.5095756, 0.50637364, 0.5065791, 0.5090001, 0.50235516, 0.5043632, 0.5021719, 0.50491834, 0.50125813, 0.5040315, 0.50460535, 0.5055054, 0.5044589, 0.5056309, 0.5067391, 0.50724745, 0.5103383, 0.5126406, 0.51210886, 0.51117426, 0.512903, 0.51096326, 0.51459414, 0.5134587, 0.5126314, 0.51332194, 0.51070267, 0.5093766, 0.509805, 0.513725, 0.5131078, 0.5134699, 0.511322, 0.51108944, 0.51073784, 0.5110617, 0.5098589, 0.50896543, 0.5106625, 0.5119005, 0.51127243, 0.51145667, 0.51202846, 0.5122695, 0.51085865, 0.51091224, 0.51234514, 0.5118842, 0.5115355, 0.51211697, 0.5126895, 0.5128945, 0.5119065, 0.51125973, 0.512343, 0.5127058, 0.51340866, 0.51193446, 0.51263845, 0.51324266, 0.5117305, 0.5118972, 0.51207453, 0.513725, 0.50937754, 0.51255584, 0.51137185, 0.51362365, 0.5129342, 0.51147354, 0.5099271, 0.5150682, 0.51292014, 0.51187456, 0.51117694, 0.50789005, 0.50786203, 0.51076245, 0.5105867, 0.51019526, 0.5131427, 0.5120566, 0.5112849, 0.5106922, 0.51096696, 0.5122575, 0.5118961, 0.51175797, 0.51237684, 0.51226455, 0.51232445, 0.5141364, 0.51266575, 0.51250994, 0.51308936, 0.5121913, 0.51183367, 0.5118383, 0.5118612, 0.5130934, 0.5119575, 0.51202464, 0.51246333, 0.5113772, 0.51143247, 0.5113258, 0.5126381, 0.5122862, 0.511942, 0.51075, 0.51329744, 0.5126227, 0.51167303, 0.51094097, 0.5129681, 0.51316506, 0.5130062, 0.5128986, 0.51259255, 0.5118176, 0.51114154, 0.5108724, 0.5121737, 0.51217663, 0.51402426, 0.5128165, 0.5128318, 0.5130551, 0.5110594, 0.51124245, 0.51280695, 0.5119138, 0.51380664, 0.51349574, 0.5125267, 0.51248103, 0.512246, 0.51246035, 0.51334363, 0.51304376, 0.51241535, 0.5115033, 0.5098959, 0.51358837, 0.51315075, 0.5104447, 0.511604, 0.51199275, 0.5113274, 0.51133, 0.51316917, 0.513499, 0.5112293, 0.5130425, 0.5129989, 0.51241463, 0.51217365, 0.51238406, 0.51039577, 0.51328254, 0.51138794, 0.5119197, 0.5129205, 0.5128252, 0.51019955, 0.5134727, 0.5114057, 0.5111295, 0.5106352, 0.5107296, 0.51237106, 0.51302993, 0.5130907, 0.5136174, 0.51070553, 0.5127959, 0.5125386, 0.5113045, 0.51261073, 0.5128409, 0.5127628, 0.51202554, 0.5113323, 0.51290596, 0.5096966, 0.51243436, 0.5114817, 0.51301044, 0.512987, 0.5116546, 0.5141183, 0.5124968, 0.5113551, 0.5120754, 0.5134511, 0.5130783, 0.51141125, 0.513105, 0.513972, 0.51329035, 0.5132901, 0.51273525, 0.5128258, 0.51304346, 0.51238555, 0.5120979, 0.5118661, 0.5129855, 0.51348716, 0.5118116, 0.5122617, 0.51298326, 0.51212496, 0.5135847, 0.51319146, 0.5135397, 0.51013154, 0.5131303, 0.50990635, 0.51043373, 0.511892]
[0.5064682, 0.50154984, 0.5020034, 0.50620896, 0.5027484, 0.50220406, 0.50717473, 0.5030832, 0.50317985, 0.50764763, 0.50172913, 0.5007942, 0.5014102, 0.5068672, 0.50640565, 0.5086247, 0.5016219, 0.5007828, 0.5045722, 0.5055433, 0.5065377, 0.5025667, 0.50120324, 0.5044802, 0.50578654, 0.50744724, 0.5039305, 0.5044789, 0.5012396, 0.5111552, 0.50299156, 0.50084996, 0.50212663, 0.5051608, 0.5021038, 0.5029273, 0.5030134, 0.50140387, 0.5035943, 0.50039387, 0.5018417, 0.5037998, 0.5066662, 0.50808865, 0.5021558, 0.501208, 0.502172, 0.5029379, 0.5031983, 0.50080127, 0.5018366, 0.5004677, 0.50117624, 0.5076604, 0.5086437, 0.50915766, 0.50535935, 0.5041475, 0.5022134, 0.5033557, 0.50708914, 0.5021701, 0.50643396, 0.50813425, 0.5103106, 0.507562, 0.50267357, 0.50271535, 0.50187033, 0.50796294, 0.5032518, 0.50593054, 0.5014018, 0.50107396, 0.5027775, 0.505186, 0.5006651, 0.5037951, 0.50335336, 0.5075635, 0.5089138, 0.50613177, 0.50880444, 0.5043741, 0.501308, 0.500583, 0.5090721, 0.5050214, 0.5055527, 0.50865394, 0.50114965, 0.50295174, 0.5009769, 0.50385344, 0.5028336, 0.50373316, 0.5037925, 0.5053188, 0.5038972, 0.50555927, 0.50566953, 0.5067702, 0.5105664, 0.51221895, 0.5115595, 0.51081187, 0.5130562, 0.5103573, 0.5143903, 0.51294494, 0.5124794, 0.51355976, 0.5105545, 0.50947833, 0.50996584, 0.5134434, 0.5128103, 0.513253, 0.51047754, 0.5110706, 0.5109291, 0.51097214, 0.50962806, 0.50861496, 0.5103571, 0.51163536, 0.51119685, 0.5110325, 0.51201534, 0.51226497, 0.5111433, 0.5103272, 0.5119624, 0.5117449, 0.5113017, 0.51251954, 0.51264673, 0.51257306, 0.5114537, 0.5116539, 0.51250577, 0.5125449, 0.5133311, 0.51204664, 0.5127118, 0.5135052, 0.51206243, 0.51208615, 0.5113682, 0.5138099, 0.5085477, 0.51259583, 0.51153195, 0.5132711, 0.5120982, 0.51055527, 0.51000595, 0.5151588, 0.51287824, 0.5117351, 0.511026, 0.5073601, 0.5070992, 0.5104851, 0.51067185, 0.510327, 0.5128814, 0.51195806, 0.5111515, 0.51060337, 0.51073164, 0.51239914, 0.5119601, 0.5117027, 0.51355004, 0.51205754, 0.512416, 0.5136838, 0.5127614, 0.5128046, 0.5129198, 0.5118535, 0.51138073, 0.51234055, 0.5116828, 0.51361823, 0.5121632, 0.51224536, 0.5130544, 0.5120357, 0.51201385, 0.5113883, 0.5126831, 0.51233906, 0.5116343, 0.5105021, 0.5135286, 0.5127677, 0.5113064, 0.5108137, 0.5128684, 0.5131565, 0.51330924, 0.51239747, 0.51256245, 0.51166004, 0.5111918, 0.5111562, 0.5123555, 0.5124496, 0.5140662, 0.512906, 0.51277906, 0.51259536, 0.51144284, 0.51133144, 0.512621, 0.51194656, 0.5137195, 0.51362544, 0.5127572, 0.5126696, 0.5119015, 0.51286274, 0.51358974, 0.51307774, 0.5125495, 0.51214015, 0.5102559, 0.5137134, 0.51327, 0.5105038, 0.5115742, 0.5115032, 0.5109118, 0.51172984, 0.5134735, 0.51361275, 0.5106316, 0.5128094, 0.51280326, 0.5122114, 0.5116109, 0.51206285, 0.51093173, 0.51382333, 0.511817, 0.51146394, 0.5134794, 0.5132608, 0.5101638, 0.5132217, 0.5108653, 0.5106243, 0.51001185, 0.51021993, 0.5127695, 0.51312906, 0.513285, 0.51382715, 0.5106663, 0.5127639, 0.5128915, 0.5110861, 0.51286066, 0.51249284, 0.5126049, 0.5116968, 0.51140654, 0.5130743, 0.510242, 0.5121733, 0.5117149, 0.5130748, 0.51306546, 0.5126594, 0.5140641, 0.51223415, 0.5110765, 0.51189333, 0.5134859, 0.5132509, 0.51134676, 0.51330376, 0.5134313, 0.51268077, 0.5128332, 0.5124173, 0.51229256, 0.51325923, 0.5120247, 0.5119032, 0.51155853, 0.51246053, 0.5126496, 0.5119659, 0.51193744, 0.51306987, 0.51151603, 0.51344043, 0.5131992, 0.5138262, 0.51006234, 0.5126875, 0.51019526, 0.5105184, 0.51227057]
[0.50934774, 0.49976063, 0.50069994, 0.5104953, 0.5018674, 0.50185907, 0.51043177, 0.50002146, 0.49962512, 0.50722486, 0.5018197, 0.5010099, 0.5012046, 0.5088812, 0.50723517, 0.5118296, 0.49982494, 0.50051475, 0.5051563, 0.5082472, 0.50946766, 0.50163406, 0.5019818, 0.5009334, 0.50326884, 0.5094699, 0.5058123, 0.5059289, 0.5006498, 0.51581657, 0.50170916, 0.5010952, 0.5014764, 0.50833875, 0.5008384, 0.5023943, 0.5030214, 0.5022813, 0.5029208, 0.5015348, 0.49987522, 0.50300986, 0.5096032, 0.5102007, 0.49962476, 0.5012809, 0.50179666, 0.5042847, 0.50357026, 0.50105053, 0.5018326, 0.5012786, 0.5013172, 0.5097903, 0.5112371, 0.51146686, 0.5065893, 0.5042455, 0.500168, 0.50173354, 0.5091836, 0.5000146, 0.50711304, 0.5113817, 0.51349604, 0.50934035, 0.502399, 0.5023914, 0.5000634, 0.5105038, 0.504174, 0.5074684, 0.4996775, 0.4999405, 0.50365794, 0.50268817, 0.50079554, 0.504361, 0.5068934, 0.50861883, 0.5108353, 0.5063422, 0.5104689, 0.50513107, 0.5006093, 0.5007323, 0.51182145, 0.5058, 0.5073606, 0.5111285, 0.50022215, 0.50252014, 0.5004965, 0.50578666, 0.50149554, 0.5025242, 0.5027764, 0.50801784, 0.5063959, 0.50719637, 0.5080965, 0.5095688, 0.51434547, 0.51723874, 0.5158733, 0.5148654, 0.5177067, 0.51416945, 0.52037364, 0.5181317, 0.5166555, 0.51933575, 0.5133225, 0.51278603, 0.5124416, 0.5186657, 0.51767373, 0.5181936, 0.51497865, 0.51482046, 0.51507384, 0.5150424, 0.51313764, 0.5111921, 0.51462317, 0.51572514, 0.51473945, 0.51487213, 0.5159512, 0.51599085, 0.5142017, 0.5144856, 0.5168229, 0.51607054, 0.5153447, 0.5172348, 0.5170996, 0.51802397, 0.51534534, 0.51575446, 0.51731056, 0.5173425, 0.5185137, 0.51665974, 0.51711804, 0.51875514, 0.5170242, 0.5163352, 0.5159163, 0.5190509, 0.5117317, 0.5177803, 0.51579225, 0.5185762, 0.51687974, 0.5144345, 0.51344913, 0.5207393, 0.517343, 0.51608497, 0.5143898, 0.5101793, 0.5099093, 0.513816, 0.51471514, 0.513993, 0.5184217, 0.5165203, 0.51515085, 0.51461583, 0.51448536, 0.5171704, 0.5158749, 0.5156641, 0.5179507, 0.5162628, 0.51672894, 0.5187692, 0.51757526, 0.5167363, 0.5177281, 0.51656395, 0.5157168, 0.5168693, 0.5156538, 0.51863474, 0.5165885, 0.51641285, 0.5173788, 0.51616174, 0.5160734, 0.5150249, 0.5172553, 0.516255, 0.51550823, 0.51356715, 0.518508, 0.517242, 0.51561683, 0.5143934, 0.51780033, 0.5180097, 0.51851547, 0.5169777, 0.5170214, 0.51644623, 0.5151458, 0.5145472, 0.51648706, 0.51703346, 0.51932734, 0.51753414, 0.517637, 0.51760656, 0.5150666, 0.5156416, 0.5178744, 0.51670665, 0.5183658, 0.5186111, 0.5173946, 0.5172425, 0.51573807, 0.517366, 0.51863784, 0.51811945, 0.5165615, 0.5160377, 0.5126975, 0.51860946, 0.51762706, 0.5144827, 0.5156752, 0.5160906, 0.5150721, 0.51573217, 0.51765573, 0.51849735, 0.51400036, 0.5181196, 0.5182163, 0.5170867, 0.51653147, 0.5164968, 0.5137076, 0.5188727, 0.515257, 0.51564646, 0.5178354, 0.51812077, 0.513079, 0.51856536, 0.5149161, 0.5145966, 0.5137061, 0.5141914, 0.5171568, 0.5180716, 0.5181299, 0.51865447, 0.51419693, 0.51797366, 0.5173581, 0.515186, 0.51777536, 0.5167155, 0.51707494, 0.51549387, 0.51556695, 0.51769286, 0.5131608, 0.51694953, 0.5154398, 0.51783997, 0.5181832, 0.51734644, 0.5192764, 0.5171344, 0.5150365, 0.5161588, 0.51844275, 0.5178698, 0.5150486, 0.5180712, 0.5184172, 0.5174554, 0.5179472, 0.51745415, 0.5182543, 0.51794386, 0.5169613, 0.516659, 0.5161678, 0.5172087, 0.51735926, 0.5156915, 0.5161754, 0.51909804, 0.51641685, 0.5182928, 0.51792425, 0.5185751, 0.51314175, 0.51811945, 0.51308244, 0.51381004, 0.51639163]
[0.50578123, 0.50137335, 0.5017592, 0.50587386, 0.50415874, 0.50422525, 0.50732523, 0.50131917, 0.5008841, 0.5054401, 0.5038663, 0.5025088, 0.503096, 0.5065233, 0.5055949, 0.5077338, 0.500954, 0.5026914, 0.5022945, 0.5063656, 0.50742275, 0.5018085, 0.50377697, 0.50311667, 0.5047133, 0.50557655, 0.50306225, 0.5025, 0.503643, 0.5109589, 0.5028418, 0.5032201, 0.50472635, 0.50369906, 0.50130606, 0.50532275, 0.5058707, 0.5050382, 0.50507873, 0.5030829, 0.5008543, 0.5024726, 0.50623083, 0.5068585, 0.5012329, 0.5039005, 0.50514174, 0.5028308, 0.50216144, 0.5034979, 0.50423926, 0.50333804, 0.5022403, 0.5068996, 0.50786424, 0.5083502, 0.50420034, 0.50264317, 0.50103366, 0.50214857, 0.5063808, 0.50140905, 0.50462383, 0.50724286, 0.509767, 0.50514185, 0.50108796, 0.50169396, 0.50128496, 0.50667274, 0.50233334, 0.50306046, 0.50120884, 0.501113, 0.50353396, 0.50220513, 0.50278515, 0.50434583, 0.502666, 0.5048026, 0.5072619, 0.5053581, 0.50732255, 0.5048043, 0.5014052, 0.50245035, 0.5087481, 0.50306994, 0.504998, 0.5077916, 0.50275195, 0.5056575, 0.502044, 0.50252, 0.5045279, 0.50594157, 0.506224, 0.503837, 0.502432, 0.50469154, 0.50508857, 0.5058772, 0.5107841, 0.5125282, 0.51192147, 0.5109567, 0.5129192, 0.51057786, 0.514733, 0.5137793, 0.512578, 0.513955, 0.5102474, 0.5091588, 0.5094854, 0.5133833, 0.5130518, 0.5136003, 0.5102577, 0.5113949, 0.5105401, 0.5106146, 0.5094176, 0.50805515, 0.5100771, 0.51145804, 0.510794, 0.5111938, 0.5119262, 0.5126084, 0.5107703, 0.5105527, 0.5121362, 0.51178896, 0.5113963, 0.5123625, 0.5128257, 0.51306033, 0.51127166, 0.51157904, 0.51184213, 0.51282483, 0.51369065, 0.512104, 0.5123441, 0.513502, 0.5121582, 0.5120066, 0.51183265, 0.5140749, 0.5082584, 0.512691, 0.51125044, 0.5132014, 0.5123574, 0.51024497, 0.5094806, 0.5150504, 0.5127415, 0.5116023, 0.5109179, 0.5067105, 0.5067771, 0.5103009, 0.51036435, 0.50979215, 0.51301146, 0.5116845, 0.5108734, 0.510444, 0.51064086, 0.5121761, 0.5117294, 0.51114464, 0.51315004, 0.51225585, 0.51205975, 0.5142892, 0.51293266, 0.51238817, 0.5126302, 0.51157534, 0.51107943, 0.51242775, 0.51223105, 0.5134729, 0.5118267, 0.51196784, 0.51301837, 0.51172143, 0.5116552, 0.5103816, 0.512879, 0.5119649, 0.51140326, 0.51043034, 0.51327085, 0.51241714, 0.5108016, 0.510402, 0.5130307, 0.51316833, 0.5137907, 0.5124721, 0.51267403, 0.5113121, 0.5109336, 0.51063293, 0.51238155, 0.51273423, 0.51429015, 0.5130132, 0.5131869, 0.5130525, 0.5114507, 0.5111463, 0.5131445, 0.5119134, 0.51408213, 0.5134726, 0.51282775, 0.5123892, 0.5120637, 0.51260626, 0.5136106, 0.5131422, 0.51251364, 0.5121593, 0.50944036, 0.5136288, 0.5132133, 0.51046294, 0.51193786, 0.51164705, 0.5110223, 0.5115155, 0.51332957, 0.5136574, 0.5105827, 0.51307565, 0.512579, 0.5124238, 0.5119637, 0.5119771, 0.51044005, 0.5137811, 0.51108253, 0.51179606, 0.5136472, 0.51360214, 0.50954807, 0.5134686, 0.5106487, 0.5102899, 0.5096291, 0.5101646, 0.5129812, 0.51343673, 0.5130878, 0.5139237, 0.51070267, 0.5132398, 0.51272154, 0.5106458, 0.51263607, 0.5123697, 0.5125805, 0.5121886, 0.5113546, 0.51282674, 0.5092846, 0.51248795, 0.51137745, 0.51310897, 0.51374453, 0.5125986, 0.5138884, 0.51216763, 0.51112103, 0.5120425, 0.5136978, 0.5132026, 0.5110821, 0.5134618, 0.51382035, 0.51323074, 0.5134878, 0.5128015, 0.5129344, 0.5133825, 0.5122038, 0.51190156, 0.51194686, 0.51248616, 0.5130947, 0.51201385, 0.5123792, 0.5135047, 0.5117307, 0.51398194, 0.51336825, 0.51426744, 0.50946903, 0.5129795, 0.5102798, 0.51016825, 0.51234597]
[0.5053215, 0.5015536, 0.5023258, 0.5067423, 0.50370497, 0.5034262, 0.50511, 0.50131, 0.50077647, 0.50412196, 0.50308686, 0.5013951, 0.5016261, 0.5050158, 0.50462025, 0.5073701, 0.50187176, 0.50045824, 0.504044, 0.5033099, 0.50358033, 0.5027379, 0.50370365, 0.5012057, 0.502607, 0.50549614, 0.5043773, 0.5042292, 0.5009109, 0.5104725, 0.5010607, 0.5023727, 0.5021947, 0.50527257, 0.50201446, 0.50498456, 0.505497, 0.50443006, 0.5058042, 0.5025922, 0.50046974, 0.50277305, 0.50552064, 0.50633126, 0.5012474, 0.5013588, 0.50184196, 0.5024352, 0.5029845, 0.5017472, 0.50328726, 0.50289154, 0.50188255, 0.50595003, 0.5068915, 0.5072673, 0.5035247, 0.5029096, 0.50137633, 0.5020551, 0.50550413, 0.500745, 0.50548536, 0.5070307, 0.50926906, 0.505511, 0.50235206, 0.5020643, 0.5005845, 0.5058465, 0.50297546, 0.5044828, 0.50021315, 0.5007299, 0.5037755, 0.50260246, 0.5011596, 0.5027284, 0.5039359, 0.50555354, 0.5070202, 0.5030765, 0.5064952, 0.5033088, 0.50082874, 0.5010991, 0.50746286, 0.50403243, 0.5048036, 0.5065436, 0.5006441, 0.50448084, 0.50109607, 0.5042869, 0.5022732, 0.50464076, 0.50513536, 0.5046304, 0.5035358, 0.50486684, 0.50422674, 0.5050848, 0.5096087, 0.51206297, 0.51094896, 0.51008546, 0.51239747, 0.5094427, 0.51446074, 0.5125194, 0.51170635, 0.51299864, 0.5089211, 0.50776666, 0.50854534, 0.5130172, 0.5122513, 0.51275694, 0.51049834, 0.50993955, 0.5105469, 0.5104505, 0.5086999, 0.50748926, 0.51018816, 0.5111832, 0.5106507, 0.5100561, 0.5110329, 0.5112107, 0.5100145, 0.5101526, 0.5118298, 0.5111866, 0.51049244, 0.51182646, 0.51231825, 0.5127026, 0.5104407, 0.5108131, 0.51190007, 0.512154, 0.51318455, 0.5115468, 0.51151866, 0.5130872, 0.511416, 0.51158595, 0.51096535, 0.5135885, 0.5071717, 0.512434, 0.5114867, 0.51270384, 0.5118827, 0.50937325, 0.50912213, 0.51515263, 0.51213175, 0.51118237, 0.51002234, 0.50648737, 0.5067989, 0.5092556, 0.51015294, 0.5092862, 0.5128636, 0.51128834, 0.5101679, 0.5097257, 0.50982517, 0.51228136, 0.5108232, 0.51070803, 0.5122636, 0.5109494, 0.51203144, 0.5133294, 0.5126367, 0.5119438, 0.51272583, 0.51163405, 0.51097685, 0.5112226, 0.5107089, 0.51339006, 0.51145047, 0.51105326, 0.512451, 0.51126224, 0.51117736, 0.5108978, 0.5119381, 0.5113858, 0.5103434, 0.5085493, 0.51308995, 0.5122114, 0.51050264, 0.5099281, 0.5121947, 0.51241475, 0.5129004, 0.51112306, 0.5118716, 0.5110926, 0.51022166, 0.5100772, 0.51159436, 0.5118236, 0.5139031, 0.51253337, 0.51233023, 0.51224715, 0.51025015, 0.51077354, 0.51238453, 0.5111345, 0.5124068, 0.5130533, 0.51195586, 0.51173013, 0.5110467, 0.5121959, 0.5135166, 0.51282793, 0.5114901, 0.51106715, 0.50791115, 0.5130476, 0.5122954, 0.50994027, 0.51047087, 0.51049495, 0.5098693, 0.5108579, 0.5123295, 0.5128543, 0.5096243, 0.5128716, 0.5129565, 0.5122736, 0.51152647, 0.5114153, 0.50918263, 0.5129568, 0.5105935, 0.51088244, 0.51267415, 0.5128148, 0.508831, 0.51316684, 0.5100923, 0.51006794, 0.5094025, 0.50961226, 0.5123381, 0.5125507, 0.5130951, 0.51357526, 0.50926083, 0.5123073, 0.51163244, 0.5102009, 0.5125245, 0.5114014, 0.51190394, 0.5101193, 0.5108693, 0.5123998, 0.5086768, 0.5117949, 0.5102521, 0.5123984, 0.512592, 0.51210296, 0.5138003, 0.5121361, 0.50998574, 0.51115483, 0.5129327, 0.51261073, 0.5101936, 0.5127823, 0.51260966, 0.5119416, 0.51246816, 0.51214385, 0.5129334, 0.51274496, 0.51159483, 0.5117138, 0.5105937, 0.5122894, 0.5123071, 0.51035327, 0.5104126, 0.513483, 0.5111792, 0.5128723, 0.51236707, 0.5133765, 0.50917906, 0.5124936, 0.5084732, 0.50922996, 0.51187134]
[0.5050596, 0.49872082, 0.49905947, 0.5064724, 0.5010124, 0.5011271, 0.5063137, 0.49887967, 0.49930996, 0.50211215, 0.50087297, 0.49998444, 0.5002927, 0.50506127, 0.5038837, 0.50854707, 0.49895078, 0.49963048, 0.5013618, 0.5038395, 0.50483656, 0.500521, 0.5009225, 0.49952057, 0.5011746, 0.5054383, 0.50164026, 0.5015768, 0.500142, 0.5127291, 0.4991371, 0.5001682, 0.50074387, 0.50339556, 0.4989534, 0.5019077, 0.5021567, 0.50185925, 0.502296, 0.50084966, 0.49897084, 0.50091046, 0.5055894, 0.5061203, 0.49908566, 0.5007637, 0.50110656, 0.5008753, 0.5007394, 0.49966252, 0.5008226, 0.5006334, 0.500466, 0.50558716, 0.5080777, 0.50846416, 0.5021983, 0.5017221, 0.49930266, 0.50038666, 0.5054616, 0.49914268, 0.5032926, 0.50780433, 0.5102759, 0.5051308, 0.50041753, 0.5005498, 0.49918535, 0.50686085, 0.50149864, 0.50313187, 0.49926254, 0.49891374, 0.50120175, 0.50008076, 0.49920613, 0.50059783, 0.5016429, 0.5044309, 0.5076516, 0.5026922, 0.5066978, 0.5023997, 0.49875635, 0.49986622, 0.5090637, 0.5020989, 0.5034311, 0.50779504, 0.49995315, 0.5018449, 0.49968377, 0.50253683, 0.5000898, 0.5015961, 0.5019702, 0.5023114, 0.5010614, 0.5029746, 0.5022481, 0.5045583, 0.5111123, 0.51339895, 0.5132289, 0.51159906, 0.5142701, 0.5111156, 0.5167031, 0.51508486, 0.51361656, 0.5155126, 0.5108781, 0.5097516, 0.51022947, 0.51549083, 0.5145796, 0.5148838, 0.51180506, 0.5116753, 0.5119198, 0.511737, 0.5096805, 0.50802267, 0.51140696, 0.51283014, 0.5118774, 0.512083, 0.5131578, 0.5134434, 0.5114187, 0.5114433, 0.51386267, 0.5128906, 0.51241165, 0.5140609, 0.51416564, 0.5145876, 0.51245296, 0.5124759, 0.5139814, 0.51421857, 0.5154303, 0.5134868, 0.51412207, 0.51511747, 0.51359606, 0.5137522, 0.5128051, 0.515765, 0.50839454, 0.51473886, 0.5128624, 0.5153127, 0.5138662, 0.51154155, 0.51044875, 0.5176528, 0.5142364, 0.51313525, 0.51127845, 0.50633067, 0.50674015, 0.51088405, 0.5114562, 0.51083815, 0.51487225, 0.513208, 0.5121015, 0.5112361, 0.5112893, 0.5140338, 0.5129778, 0.51279736, 0.51474905, 0.51324266, 0.5139404, 0.5158502, 0.5144913, 0.51381856, 0.51425856, 0.51330173, 0.5125922, 0.51329947, 0.51275325, 0.51527643, 0.5133682, 0.5131813, 0.5143741, 0.5130294, 0.5129942, 0.51210827, 0.51409996, 0.5131841, 0.512543, 0.5107178, 0.51509404, 0.51411426, 0.51222444, 0.51115644, 0.5148972, 0.5148549, 0.51473236, 0.51402867, 0.51360756, 0.51299614, 0.51185125, 0.51143605, 0.513641, 0.51375914, 0.5159331, 0.5144817, 0.51443386, 0.51440144, 0.5119774, 0.5122114, 0.51439035, 0.5131173, 0.5153532, 0.5156105, 0.51401263, 0.51387125, 0.51290834, 0.51423836, 0.5152797, 0.51484615, 0.51372635, 0.51283336, 0.5098532, 0.5156459, 0.51476043, 0.5114525, 0.512914, 0.51313734, 0.5118602, 0.51280195, 0.5149876, 0.5150822, 0.5110629, 0.514767, 0.5147594, 0.5140826, 0.513386, 0.513715, 0.5106336, 0.51565367, 0.51221526, 0.5126202, 0.5147089, 0.514961, 0.510412, 0.5150837, 0.5119576, 0.5115429, 0.51054484, 0.51094353, 0.5142238, 0.5146717, 0.5150309, 0.5151285, 0.5110544, 0.514458, 0.5144673, 0.5121234, 0.51484996, 0.513415, 0.51401156, 0.51227987, 0.512404, 0.51461416, 0.50993794, 0.51382226, 0.5122432, 0.5144782, 0.5147025, 0.5140289, 0.5157554, 0.5137934, 0.5122805, 0.5131333, 0.51541835, 0.5149895, 0.51209575, 0.5148683, 0.51540905, 0.5143274, 0.51454246, 0.51410216, 0.51462305, 0.51472545, 0.5138868, 0.51402014, 0.5124776, 0.5138928, 0.5142407, 0.51296276, 0.51333976, 0.5158015, 0.5133117, 0.5152273, 0.514989, 0.51540995, 0.5102806, 0.5146242, 0.5104017, 0.51100457, 0.513222]
[0.5089936, 0.50185984, 0.50346285, 0.50967044, 0.50243556, 0.5026483, 0.50937814, 0.5062081, 0.505495, 0.50992525, 0.5007752, 0.5026422, 0.5011732, 0.5087975, 0.508289, 0.5108485, 0.50411326, 0.5007772, 0.50726885, 0.5078594, 0.50828975, 0.5049903, 0.5020532, 0.5059712, 0.5063713, 0.5082822, 0.5069876, 0.507349, 0.5007726, 0.514023, 0.5066261, 0.50057524, 0.50082296, 0.5081132, 0.5036496, 0.5023445, 0.50263304, 0.5022756, 0.50256234, 0.5019149, 0.5020422, 0.5062595, 0.508968, 0.5100532, 0.5031327, 0.5013342, 0.500594, 0.5054569, 0.5058442, 0.50167763, 0.50192183, 0.5007135, 0.50091493, 0.50969976, 0.5103938, 0.5110081, 0.5073906, 0.5058876, 0.5028784, 0.50456005, 0.50892067, 0.50172585, 0.50776696, 0.5098494, 0.51273954, 0.50861144, 0.50362647, 0.5029424, 0.5023346, 0.5097728, 0.5074056, 0.5083818, 0.50303185, 0.5034296, 0.5071207, 0.50614804, 0.5007003, 0.5059875, 0.50623816, 0.5089862, 0.5103952, 0.50774103, 0.51017916, 0.5061183, 0.50361663, 0.5012656, 0.5107917, 0.5068126, 0.5076593, 0.51045644, 0.5024178, 0.50375104, 0.5018139, 0.50757366, 0.5027075, 0.50280267, 0.503754, 0.50783503, 0.5071375, 0.5084752, 0.5086791, 0.5088974, 0.5131462, 0.515653, 0.51461554, 0.5134072, 0.5161221, 0.51331145, 0.51802814, 0.5159664, 0.5151306, 0.51655, 0.5125623, 0.5116207, 0.5116803, 0.5167396, 0.5161826, 0.51672465, 0.5133764, 0.51466304, 0.5139357, 0.5134749, 0.5119637, 0.5111525, 0.513755, 0.5146449, 0.513975, 0.51364946, 0.5142494, 0.51474017, 0.51378113, 0.51365113, 0.5147687, 0.5145198, 0.5135325, 0.5157819, 0.5159022, 0.5158997, 0.51394695, 0.5144789, 0.5153349, 0.51550627, 0.5167592, 0.5147741, 0.5150163, 0.5166053, 0.51486886, 0.5149031, 0.51444334, 0.51717687, 0.51094323, 0.5156872, 0.5140615, 0.51587325, 0.5153108, 0.5129398, 0.51258034, 0.51856124, 0.5157717, 0.51486105, 0.5139292, 0.5104992, 0.5104187, 0.51309735, 0.5133944, 0.5129009, 0.5163335, 0.51467526, 0.5135242, 0.51327485, 0.51356703, 0.5155005, 0.51455593, 0.5141477, 0.51618797, 0.5145039, 0.5147406, 0.51664156, 0.5160679, 0.5156838, 0.5166467, 0.51508904, 0.5143031, 0.51525396, 0.5144736, 0.51694006, 0.5153054, 0.51503074, 0.516084, 0.5148182, 0.5148659, 0.5137977, 0.51557904, 0.51478964, 0.5141326, 0.51263195, 0.5166501, 0.51593286, 0.5140368, 0.51302654, 0.51581717, 0.51597154, 0.5167782, 0.5145286, 0.5153419, 0.5147981, 0.5147925, 0.5142814, 0.515166, 0.51547956, 0.51740354, 0.51580733, 0.5158298, 0.51558137, 0.5148267, 0.5139131, 0.5157952, 0.5149006, 0.516438, 0.51629597, 0.51626, 0.5155313, 0.5145981, 0.51596946, 0.51672196, 0.51598686, 0.5156016, 0.51452446, 0.51170206, 0.5169024, 0.51621664, 0.51336694, 0.51387084, 0.5141148, 0.5136943, 0.5142184, 0.5161546, 0.516776, 0.5132342, 0.5161279, 0.51604205, 0.5157043, 0.51461643, 0.51489097, 0.51342404, 0.51681435, 0.5141842, 0.51371753, 0.5162015, 0.5163259, 0.5122772, 0.516599, 0.51348335, 0.5131015, 0.51251894, 0.51289344, 0.51562595, 0.51638234, 0.5168153, 0.5172, 0.5132338, 0.5158862, 0.5153235, 0.51350194, 0.51576984, 0.5151098, 0.5154788, 0.5142893, 0.5143179, 0.51596034, 0.51211405, 0.5155259, 0.51373726, 0.51614255, 0.5162412, 0.51580167, 0.51696193, 0.5157184, 0.51349527, 0.51483136, 0.51694614, 0.5165796, 0.5135147, 0.5163275, 0.51598305, 0.5154099, 0.51607877, 0.5156828, 0.5164073, 0.5167303, 0.5145364, 0.5143795, 0.5146258, 0.51558083, 0.51606256, 0.5145603, 0.5145048, 0.51687825, 0.51390916, 0.51641685, 0.5159978, 0.51684624, 0.51215327, 0.5157527, 0.512326, 0.5128968, 0.51541674]
[0.50868195, 0.500642, 0.5025083, 0.5096221, 0.5006469, 0.5005551, 0.5090803, 0.5042101, 0.50463426, 0.51047075, 0.500138, 0.49927223, 0.5002722, 0.5076892, 0.5075705, 0.5110441, 0.5019098, 0.49925256, 0.50605744, 0.50619817, 0.50800115, 0.50320256, 0.50071484, 0.5015985, 0.5047024, 0.5084432, 0.5059855, 0.50527227, 0.49990174, 0.5148519, 0.5055503, 0.49933153, 0.50066715, 0.5078882, 0.500639, 0.501049, 0.5012545, 0.50063956, 0.50120205, 0.49955955, 0.49927792, 0.50413704, 0.5082858, 0.51014453, 0.5019843, 0.49933136, 0.49980006, 0.50456685, 0.5042245, 0.50021094, 0.5003896, 0.50039786, 0.49939236, 0.5094338, 0.5102909, 0.51119584, 0.50609046, 0.50372064, 0.5011614, 0.5026189, 0.5085281, 0.5007647, 0.5084836, 0.5089449, 0.5138002, 0.50831014, 0.501512, 0.5009336, 0.5010267, 0.5097634, 0.5072564, 0.5069158, 0.5005128, 0.5006811, 0.50538796, 0.5043948, 0.5001923, 0.5042214, 0.5058666, 0.5089104, 0.5108529, 0.5056651, 0.510069, 0.5055954, 0.49962422, 0.49938908, 0.5112124, 0.5021527, 0.50546944, 0.5101156, 0.5002915, 0.5015533, 0.49929386, 0.5072063, 0.5010075, 0.50141686, 0.501827, 0.50761867, 0.50625175, 0.5085895, 0.50816935, 0.5090437, 0.51408416, 0.5168993, 0.5150022, 0.51356435, 0.5173856, 0.51358193, 0.52056944, 0.5175504, 0.51668054, 0.5185592, 0.51261216, 0.5115493, 0.51189494, 0.51856077, 0.5174504, 0.51834863, 0.51390857, 0.51527685, 0.5152757, 0.5143552, 0.51246077, 0.51100343, 0.5140987, 0.51566404, 0.51522326, 0.51435715, 0.5151558, 0.5161242, 0.51458365, 0.5134408, 0.5162839, 0.5154229, 0.5145924, 0.5177043, 0.51756537, 0.5172556, 0.5149564, 0.5158611, 0.5170116, 0.51709807, 0.51880646, 0.51635194, 0.5160458, 0.51840097, 0.51647085, 0.51638013, 0.5151281, 0.51886666, 0.51017135, 0.51754004, 0.5155117, 0.51779777, 0.51687205, 0.51334536, 0.5129501, 0.52098507, 0.51710665, 0.5158296, 0.51486725, 0.5102914, 0.51045686, 0.5127811, 0.5142865, 0.51339954, 0.5179762, 0.5161384, 0.5145546, 0.51382345, 0.5142918, 0.51750124, 0.51588017, 0.51555127, 0.51795435, 0.5153166, 0.51633406, 0.5188671, 0.5178662, 0.51734114, 0.5181845, 0.5157615, 0.5147716, 0.5170097, 0.5156063, 0.5190005, 0.5166461, 0.5156468, 0.5179591, 0.51621413, 0.51613367, 0.51446515, 0.5172742, 0.51588494, 0.51492995, 0.51287746, 0.51828307, 0.5170327, 0.5149112, 0.5139384, 0.51705307, 0.5173246, 0.51838, 0.51518863, 0.5169405, 0.51567566, 0.5153607, 0.5148411, 0.5164484, 0.5174504, 0.5195908, 0.5170793, 0.5170399, 0.5169646, 0.5154806, 0.51493883, 0.5175229, 0.51578707, 0.51785266, 0.5185722, 0.5178752, 0.5169624, 0.5158583, 0.5175002, 0.5182659, 0.5174763, 0.51662177, 0.5162916, 0.51223654, 0.51862526, 0.517545, 0.5145936, 0.5151835, 0.5153425, 0.5143961, 0.51535094, 0.51766396, 0.518158, 0.5136583, 0.5175579, 0.5176791, 0.5168356, 0.5159278, 0.51576537, 0.51421684, 0.5188344, 0.5152555, 0.5146242, 0.51828396, 0.51826096, 0.51312983, 0.51821876, 0.51408255, 0.51375544, 0.51268566, 0.5130162, 0.51740015, 0.51793844, 0.51835006, 0.51890117, 0.5136273, 0.51725376, 0.5171922, 0.5139756, 0.5174857, 0.5158747, 0.5163469, 0.51453096, 0.51535624, 0.5175787, 0.51273185, 0.51678425, 0.5150412, 0.51781625, 0.5177934, 0.5173048, 0.5191651, 0.51663643, 0.5138751, 0.51583874, 0.5186361, 0.5181341, 0.514341, 0.5176601, 0.5172529, 0.51654255, 0.51765454, 0.51727617, 0.51808614, 0.5181255, 0.5160347, 0.51597834, 0.5155473, 0.5169446, 0.51707387, 0.5157367, 0.51504517, 0.51924896, 0.5143727, 0.518317, 0.51749945, 0.51921564, 0.5123002, 0.517106, 0.5127834, 0.5133078, 0.5169782]
[0.5054744, 0.5009969, 0.5005259, 0.50604725, 0.50281703, 0.5030868, 0.5058319, 0.50057644, 0.5004168, 0.5051409, 0.50312525, 0.50216, 0.50267, 0.50562686, 0.5036141, 0.50772923, 0.5010945, 0.50221545, 0.50137544, 0.5048035, 0.50581956, 0.5007445, 0.50346804, 0.5002113, 0.5023534, 0.50616825, 0.5011489, 0.5017402, 0.5023719, 0.5108031, 0.50023854, 0.5022595, 0.50300664, 0.50322276, 0.50136524, 0.5040822, 0.50416243, 0.50363374, 0.5041813, 0.50251263, 0.50087374, 0.50024885, 0.50610965, 0.5065033, 0.501028, 0.50294226, 0.50335383, 0.50049424, 0.50132096, 0.5022849, 0.5031382, 0.50310886, 0.50226134, 0.50603867, 0.5079378, 0.50819576, 0.5022533, 0.5018153, 0.50026786, 0.5012645, 0.5057052, 0.5007919, 0.5039802, 0.5076898, 0.5095887, 0.5057203, 0.5006412, 0.5001936, 0.5012895, 0.50709033, 0.50170845, 0.5037127, 0.5016525, 0.50144935, 0.50070876, 0.5014828, 0.50175995, 0.5009084, 0.50117123, 0.50598717, 0.50784713, 0.50404286, 0.50672656, 0.5019844, 0.5011351, 0.5019502, 0.50820804, 0.5018553, 0.5029559, 0.50797945, 0.50198996, 0.5039475, 0.5014789, 0.5030175, 0.50294566, 0.5041335, 0.50420827, 0.5030932, 0.501815, 0.5041113, 0.50348955, 0.50590867, 0.5100572, 0.5122099, 0.5113097, 0.51008046, 0.5123821, 0.50967336, 0.51448506, 0.5128494, 0.5118027, 0.5134216, 0.50971514, 0.50849503, 0.50913197, 0.5132279, 0.51236695, 0.5129995, 0.5099281, 0.51035136, 0.51044726, 0.51023257, 0.508838, 0.50714606, 0.5099923, 0.51095873, 0.51049834, 0.510303, 0.5115228, 0.5118175, 0.51014644, 0.50981575, 0.51188564, 0.51136196, 0.5107592, 0.51221704, 0.5123122, 0.5121824, 0.5108383, 0.5110812, 0.511815, 0.5122583, 0.513364, 0.51155335, 0.51219225, 0.51317793, 0.5118448, 0.5116302, 0.51095086, 0.51354146, 0.5080129, 0.51230955, 0.510968, 0.5131431, 0.51186603, 0.5099656, 0.50922173, 0.5149773, 0.51233417, 0.5115432, 0.5101526, 0.5058741, 0.506465, 0.5095496, 0.51006925, 0.5094925, 0.5128388, 0.5112132, 0.51045394, 0.5098936, 0.51006204, 0.51183164, 0.51118946, 0.5111235, 0.5129627, 0.51135445, 0.51183707, 0.51338536, 0.5122504, 0.5120255, 0.5120727, 0.5113988, 0.5108725, 0.511956, 0.5110439, 0.51306, 0.5117311, 0.5114973, 0.5124036, 0.51132834, 0.5113656, 0.51071966, 0.51224434, 0.51170313, 0.510749, 0.50955105, 0.5129718, 0.51206064, 0.51044524, 0.5100618, 0.51259166, 0.5129776, 0.5128239, 0.5121239, 0.51178426, 0.5114415, 0.5104884, 0.510472, 0.51190567, 0.5121736, 0.51389843, 0.512543, 0.512309, 0.5124934, 0.511047, 0.5106742, 0.5124045, 0.51157737, 0.5133696, 0.51337004, 0.512061, 0.51224095, 0.5111917, 0.5121738, 0.51302874, 0.5125688, 0.51186985, 0.5118489, 0.50884235, 0.51348335, 0.5128985, 0.51046085, 0.511671, 0.5117709, 0.51052916, 0.51140916, 0.5130101, 0.5129335, 0.50988925, 0.5125572, 0.5126074, 0.5119251, 0.51149035, 0.5116511, 0.509753, 0.5133079, 0.51072407, 0.5108555, 0.5128312, 0.5128188, 0.5092225, 0.5131149, 0.5103163, 0.5100387, 0.50942445, 0.509639, 0.5123919, 0.5129396, 0.5128421, 0.5131606, 0.50991106, 0.51246214, 0.5127135, 0.5105931, 0.51246923, 0.5119091, 0.5120116, 0.51086235, 0.5106326, 0.5124613, 0.50877625, 0.5119229, 0.51098335, 0.5125423, 0.5127613, 0.5124794, 0.5134488, 0.51181763, 0.5105521, 0.5114266, 0.5130639, 0.51283455, 0.5107963, 0.5129082, 0.5132294, 0.5124539, 0.5125043, 0.5120487, 0.5126029, 0.51268655, 0.51185584, 0.5120574, 0.5109774, 0.5120099, 0.5122957, 0.51132, 0.5116537, 0.5133909, 0.5112761, 0.512951, 0.51280123, 0.51339424, 0.50889647, 0.5125704, 0.5093985, 0.5099357, 0.5117948]
[0.5099089, 0.50349677, 0.50508285, 0.51044506, 0.49996567, 0.50017077, 0.51065373, 0.505322, 0.50417584, 0.50968283, 0.50009614, 0.5024285, 0.5003754, 0.51033556, 0.50984603, 0.51152354, 0.5048954, 0.5018186, 0.507095, 0.5097283, 0.51012623, 0.5066725, 0.5004603, 0.5064925, 0.5079935, 0.5101768, 0.5081844, 0.5070932, 0.50054, 0.514753, 0.50677073, 0.5011524, 0.50039476, 0.50905985, 0.50357974, 0.50107205, 0.50164866, 0.5010642, 0.5014028, 0.5000148, 0.50357264, 0.5069993, 0.5105136, 0.5107526, 0.50363326, 0.4999743, 0.5008784, 0.5069727, 0.50591075, 0.5004734, 0.4999882, 0.5002977, 0.5013259, 0.51052105, 0.5114109, 0.51170963, 0.50836855, 0.50768137, 0.5054217, 0.50715625, 0.51023376, 0.50500906, 0.5094739, 0.51129514, 0.51332384, 0.5099753, 0.5060317, 0.5055578, 0.5042455, 0.51073396, 0.5073629, 0.5087107, 0.5038416, 0.5034617, 0.5070929, 0.50665665, 0.5015707, 0.5083748, 0.50825137, 0.509949, 0.5114452, 0.50854987, 0.5105368, 0.5086023, 0.5038269, 0.5020925, 0.5123883, 0.50788087, 0.5086852, 0.5114772, 0.5003868, 0.5012638, 0.5022139, 0.5084228, 0.49993324, 0.5018085, 0.5022785, 0.50904644, 0.5080615, 0.5085951, 0.50934875, 0.51002884, 0.5137605, 0.5157891, 0.5150604, 0.5142014, 0.5163883, 0.51326257, 0.51828843, 0.51693857, 0.51590025, 0.5172118, 0.5132777, 0.5121775, 0.51277286, 0.51716286, 0.51627386, 0.5167464, 0.5133998, 0.5140239, 0.514243, 0.5141792, 0.51250273, 0.5113722, 0.5138608, 0.5147704, 0.5142305, 0.5146151, 0.51495147, 0.51582104, 0.51396716, 0.5136478, 0.5153722, 0.5153903, 0.5145582, 0.51587975, 0.51631415, 0.516192, 0.51453024, 0.51491857, 0.5157934, 0.5160498, 0.5170182, 0.51545346, 0.5159078, 0.51679426, 0.51546705, 0.51539516, 0.5150775, 0.5174706, 0.5116507, 0.51602244, 0.51488143, 0.51675755, 0.51565033, 0.5139547, 0.5131112, 0.51837677, 0.5159966, 0.5153377, 0.51428145, 0.5103216, 0.51057297, 0.5136855, 0.51407164, 0.5138116, 0.5163838, 0.51518226, 0.51417696, 0.51383483, 0.51400924, 0.515588, 0.51519096, 0.514853, 0.5166307, 0.51546794, 0.51569605, 0.5173127, 0.51626927, 0.5157377, 0.51597977, 0.5152917, 0.5146429, 0.5155836, 0.5154929, 0.51701015, 0.51561284, 0.515235, 0.5166599, 0.5151472, 0.51509, 0.5138906, 0.51608104, 0.51528525, 0.51472664, 0.51361066, 0.5168193, 0.5159728, 0.51412576, 0.51363105, 0.51643354, 0.51663685, 0.51721466, 0.51576245, 0.5157986, 0.51474845, 0.5141728, 0.5139653, 0.5153633, 0.51573867, 0.51774186, 0.5161773, 0.51628584, 0.51622415, 0.5145543, 0.51458377, 0.5166602, 0.5155168, 0.5171904, 0.5170152, 0.5161531, 0.5159016, 0.51529455, 0.5160518, 0.5168923, 0.5164349, 0.5157827, 0.51544785, 0.5127792, 0.51715344, 0.5166594, 0.5139847, 0.51494074, 0.51503545, 0.5144442, 0.514672, 0.51684904, 0.51683193, 0.5139982, 0.5165054, 0.5164442, 0.5159477, 0.51536554, 0.51522225, 0.51372993, 0.5173455, 0.51438296, 0.5149438, 0.5170164, 0.5167232, 0.5132007, 0.51695645, 0.5139995, 0.5138751, 0.51299316, 0.5136589, 0.5162521, 0.5167806, 0.5167084, 0.51724285, 0.5136111, 0.51624215, 0.5161995, 0.5142217, 0.51633114, 0.5156008, 0.5159131, 0.51474875, 0.5145091, 0.5162963, 0.5126473, 0.515738, 0.5149374, 0.5166024, 0.51688594, 0.51605827, 0.5173556, 0.5156231, 0.51425886, 0.51526004, 0.5168049, 0.5165822, 0.51454395, 0.5168772, 0.5169519, 0.51648575, 0.51648134, 0.51624733, 0.51635575, 0.5166951, 0.5154422, 0.51529175, 0.51507, 0.5159204, 0.5162271, 0.5150282, 0.5156681, 0.5168739, 0.51516056, 0.5168995, 0.51666373, 0.5174761, 0.512823, 0.5161001, 0.5133467, 0.5135047, 0.5157221]
[0.505114, 0.5015545, 0.5018289, 0.5062298, 0.5044042, 0.50446063, 0.5058669, 0.5020584, 0.5014594, 0.50471264, 0.50407714, 0.50242025, 0.5032391, 0.5046851, 0.504125, 0.50700974, 0.50221896, 0.5020312, 0.503664, 0.5049967, 0.5055694, 0.5022543, 0.50456274, 0.5024994, 0.5029071, 0.50566053, 0.50363094, 0.503623, 0.5033098, 0.509106, 0.5025214, 0.5035444, 0.50444525, 0.5048693, 0.50220686, 0.50563884, 0.50648993, 0.5054473, 0.5063588, 0.5042438, 0.50150824, 0.50244915, 0.5053468, 0.5063456, 0.50170517, 0.50387216, 0.5046256, 0.5033016, 0.5029821, 0.50321543, 0.5044912, 0.5036091, 0.50311697, 0.50567615, 0.5065882, 0.5067328, 0.5038597, 0.5030565, 0.50169694, 0.50233716, 0.505564, 0.5014864, 0.5048925, 0.50678855, 0.50800985, 0.5056866, 0.50242347, 0.5025302, 0.5013733, 0.50581443, 0.5026973, 0.50442314, 0.5021543, 0.50170714, 0.50222987, 0.50286835, 0.50373995, 0.5036314, 0.5036909, 0.50564647, 0.5066426, 0.50453526, 0.5063854, 0.50375974, 0.5015182, 0.50338, 0.50699025, 0.5039876, 0.5050558, 0.5064018, 0.5017549, 0.5052142, 0.5026818, 0.503284, 0.5041636, 0.506038, 0.5063678, 0.50479645, 0.50370735, 0.50468266, 0.50442463, 0.50560594, 0.5082673, 0.50992393, 0.50927866, 0.508554, 0.5101362, 0.50835514, 0.5114335, 0.5106188, 0.5094211, 0.5108862, 0.50782526, 0.50753057, 0.50739896, 0.5104672, 0.50995237, 0.51024675, 0.5088152, 0.50876707, 0.50870895, 0.50872564, 0.5078097, 0.50666434, 0.50845295, 0.50911283, 0.5087329, 0.5084774, 0.50918806, 0.5094246, 0.50841945, 0.5084926, 0.5096186, 0.5092835, 0.5086705, 0.50994855, 0.5097545, 0.5101661, 0.5088966, 0.5091223, 0.50967944, 0.50991595, 0.5105384, 0.5093693, 0.5096234, 0.5105498, 0.5097065, 0.50944656, 0.50933534, 0.51100874, 0.5067986, 0.51007885, 0.5090705, 0.5104619, 0.50976306, 0.50843, 0.50783104, 0.5117914, 0.5099332, 0.5093298, 0.5084227, 0.5060357, 0.5058726, 0.508085, 0.50852656, 0.5079944, 0.5105566, 0.5094308, 0.50874364, 0.5082638, 0.5083732, 0.5098679, 0.5090986, 0.5089771, 0.5102529, 0.50926536, 0.50969726, 0.5105913, 0.510197, 0.5096429, 0.5102097, 0.50950366, 0.5090357, 0.50964457, 0.5091448, 0.51058596, 0.509496, 0.5093102, 0.50995386, 0.50917137, 0.5091082, 0.5089253, 0.50983864, 0.5094776, 0.5089521, 0.5077598, 0.5105536, 0.5100046, 0.5090407, 0.50857556, 0.5100366, 0.5101819, 0.5104872, 0.50966734, 0.5098183, 0.509255, 0.50876296, 0.50859857, 0.5095373, 0.50968456, 0.51108825, 0.5100925, 0.51012653, 0.51010305, 0.5088342, 0.5087287, 0.51039743, 0.50962216, 0.5105991, 0.5105748, 0.509913, 0.50977063, 0.50917494, 0.5098335, 0.5105615, 0.51019245, 0.5095877, 0.50954765, 0.50748694, 0.5107515, 0.51024735, 0.50841606, 0.5090279, 0.5092781, 0.50860643, 0.5090895, 0.5101603, 0.5106547, 0.50825393, 0.5103565, 0.51011693, 0.50999373, 0.5096317, 0.50946134, 0.5081098, 0.5106458, 0.5088263, 0.5090481, 0.51046747, 0.5104255, 0.50792474, 0.51053506, 0.50874084, 0.50847936, 0.5080259, 0.50824016, 0.5100128, 0.5103517, 0.5103532, 0.5107643, 0.508345, 0.5101685, 0.50992435, 0.50884897, 0.51004386, 0.5096105, 0.5096902, 0.5089925, 0.5090566, 0.5099973, 0.5077115, 0.50965863, 0.5088075, 0.51011646, 0.51030767, 0.5100359, 0.51082337, 0.50972885, 0.5087259, 0.5092316, 0.51043767, 0.5102697, 0.50860065, 0.51038444, 0.51058114, 0.5099163, 0.51034683, 0.5099948, 0.51046425, 0.51033854, 0.50964457, 0.50967705, 0.50917846, 0.50987095, 0.5097585, 0.50897557, 0.5095477, 0.5107537, 0.5094606, 0.51045465, 0.5102905, 0.51066154, 0.50756973, 0.51018864, 0.50766724, 0.507868, 0.50944245]
[0.50845754, 0.5029483, 0.5048859, 0.50853825, 0.5006771, 0.5012798, 0.509441, 0.5057002, 0.5038584, 0.50791466, 0.50106144, 0.5028331, 0.5003764, 0.50935537, 0.5088435, 0.5108367, 0.50243884, 0.500632, 0.5069549, 0.5079519, 0.50889283, 0.5058168, 0.50095654, 0.5056098, 0.50678545, 0.509197, 0.5065602, 0.507072, 0.5012207, 0.5137689, 0.50649714, 0.50129324, 0.50015086, 0.5073856, 0.5022261, 0.5012507, 0.5019047, 0.50171936, 0.50147545, 0.5002118, 0.50302505, 0.50656337, 0.509379, 0.50944203, 0.50509185, 0.5003716, 0.50037676, 0.50514096, 0.5064312, 0.5001348, 0.5010936, 0.5003673, 0.50046736, 0.5093482, 0.51069915, 0.5107987, 0.5078248, 0.5060108, 0.5041908, 0.5055908, 0.5090444, 0.50452584, 0.50764674, 0.50999963, 0.51150626, 0.508678, 0.50398725, 0.5038152, 0.5013825, 0.50948995, 0.5061033, 0.5071359, 0.5019672, 0.5017024, 0.50480556, 0.5063353, 0.50230426, 0.5051638, 0.5061935, 0.50797135, 0.5095286, 0.5077196, 0.5097276, 0.5061359, 0.50553864, 0.5013689, 0.5108774, 0.50618947, 0.505535, 0.5097847, 0.5010486, 0.50223416, 0.50206566, 0.5066296, 0.5010337, 0.50165355, 0.50197965, 0.5079909, 0.5071765, 0.5072007, 0.50773454, 0.50913167, 0.51208997, 0.5145093, 0.51388997, 0.5129648, 0.5152432, 0.51320654, 0.51701564, 0.515113, 0.51432705, 0.5161976, 0.51222664, 0.51149905, 0.51124537, 0.5158744, 0.5153662, 0.51581913, 0.5126699, 0.51340854, 0.5130451, 0.51293534, 0.5113934, 0.5099553, 0.5123631, 0.51377755, 0.5130072, 0.5128893, 0.51406, 0.5138992, 0.5129769, 0.5127016, 0.51342726, 0.51368475, 0.51278865, 0.5147707, 0.51461035, 0.515203, 0.51293457, 0.5139319, 0.51494706, 0.5146597, 0.5154496, 0.5142728, 0.5150017, 0.5158847, 0.5137793, 0.51350987, 0.5140716, 0.516218, 0.51111525, 0.5146139, 0.513187, 0.51557815, 0.5148154, 0.5130899, 0.5120404, 0.5171426, 0.51470894, 0.5139418, 0.51306283, 0.5093252, 0.5086637, 0.5127259, 0.51251286, 0.5122849, 0.51509476, 0.5143662, 0.5132678, 0.5130527, 0.51308256, 0.514414, 0.5136829, 0.5135891, 0.5157602, 0.5142915, 0.514305, 0.51563567, 0.5154021, 0.5142805, 0.5155762, 0.5137781, 0.5130791, 0.5141456, 0.5138818, 0.5159458, 0.5142859, 0.51397, 0.5149044, 0.51413125, 0.5140485, 0.5128721, 0.51497287, 0.5141363, 0.51384574, 0.5127883, 0.5161046, 0.5149246, 0.51364607, 0.51263857, 0.51539516, 0.51565015, 0.5160617, 0.51478404, 0.51472527, 0.51436543, 0.5137356, 0.5131877, 0.51434886, 0.51453954, 0.5160312, 0.5152799, 0.51532835, 0.51443124, 0.51350564, 0.5133953, 0.5154103, 0.5144471, 0.5157192, 0.5158386, 0.5150487, 0.5150014, 0.5138459, 0.51503646, 0.51569813, 0.5156183, 0.5145715, 0.5133892, 0.5117044, 0.5158233, 0.5152502, 0.5122563, 0.51317006, 0.51371926, 0.51329553, 0.5132732, 0.51567316, 0.51600707, 0.5129739, 0.5149686, 0.5148712, 0.5144488, 0.5134772, 0.5141787, 0.51263523, 0.5159717, 0.5135717, 0.5136033, 0.5152804, 0.5152596, 0.51159364, 0.5154602, 0.51302344, 0.5125792, 0.51190054, 0.5122606, 0.51512223, 0.5156206, 0.51572585, 0.51608276, 0.5128834, 0.51527923, 0.51506644, 0.513045, 0.5150585, 0.51462466, 0.5147495, 0.5138869, 0.5130968, 0.51499397, 0.5114521, 0.5146475, 0.5133949, 0.51513755, 0.515649, 0.51468563, 0.5158587, 0.5146029, 0.51340425, 0.5139119, 0.5158918, 0.5157181, 0.51333994, 0.51573807, 0.5159431, 0.5150954, 0.51521623, 0.51454306, 0.5148983, 0.5153419, 0.51373714, 0.5137554, 0.5141488, 0.5149942, 0.5151115, 0.51418304, 0.5141532, 0.5156247, 0.51399183, 0.5154322, 0.5154916, 0.5159307, 0.5117377, 0.515106, 0.51192856, 0.5121463, 0.51430756]
[0.5070829, 0.50223196, 0.50164664, 0.5081769, 0.5026469, 0.50263405, 0.50700563, 0.5018153, 0.50104475, 0.504474, 0.50226015, 0.50087506, 0.5020105, 0.5063846, 0.5045566, 0.5092023, 0.50120693, 0.5015686, 0.50480896, 0.50568926, 0.50601095, 0.5019664, 0.5028234, 0.50083035, 0.5017661, 0.50689137, 0.5048044, 0.5061055, 0.50089926, 0.51188517, 0.5022738, 0.5014073, 0.50164074, 0.5045113, 0.5004828, 0.5039327, 0.50411147, 0.50365573, 0.5037707, 0.50135124, 0.5008505, 0.5039517, 0.50599384, 0.5078978, 0.5010436, 0.5010263, 0.50170875, 0.50244665, 0.5044866, 0.50147504, 0.5022862, 0.5025496, 0.50236285, 0.50716054, 0.50924146, 0.50944895, 0.5031052, 0.50347257, 0.5017094, 0.5029886, 0.50769114, 0.5007156, 0.5056183, 0.5086711, 0.51079977, 0.5067468, 0.5012931, 0.5014089, 0.5006579, 0.5089384, 0.50515443, 0.50652015, 0.50057906, 0.5014415, 0.5049472, 0.5031437, 0.5005581, 0.5031789, 0.5048185, 0.5069772, 0.509055, 0.5036795, 0.507655, 0.50377154, 0.5004401, 0.5014894, 0.50940764, 0.50465995, 0.5034217, 0.5085654, 0.5007776, 0.50347686, 0.50142765, 0.5058868, 0.5023828, 0.5034367, 0.503793, 0.5058841, 0.5043271, 0.50736076, 0.5038984, 0.5049572, 0.5117503, 0.51340324, 0.5122001, 0.51108503, 0.51357806, 0.51041156, 0.515572, 0.5144821, 0.5133385, 0.51477915, 0.51056856, 0.5099146, 0.5106281, 0.51430774, 0.5137, 0.514058, 0.51162446, 0.51092833, 0.51168615, 0.511101, 0.5103886, 0.50949836, 0.5119671, 0.5123667, 0.51174575, 0.5117833, 0.51293844, 0.5130858, 0.51152045, 0.51152915, 0.51344615, 0.5127598, 0.5124225, 0.51398563, 0.5137085, 0.514018, 0.51184684, 0.51229125, 0.5133483, 0.5134763, 0.5144908, 0.51296175, 0.5137295, 0.514643, 0.5139083, 0.5134569, 0.512104, 0.5147277, 0.5089046, 0.51425916, 0.51339203, 0.51388854, 0.5130679, 0.5109281, 0.5101995, 0.51633036, 0.5134603, 0.512618, 0.51127213, 0.5084059, 0.50895727, 0.5105334, 0.5113918, 0.5109692, 0.5146205, 0.5124585, 0.51140505, 0.51141953, 0.51146305, 0.5138581, 0.5120459, 0.51171196, 0.5142627, 0.5126082, 0.51349694, 0.51477337, 0.5134439, 0.5135247, 0.51302224, 0.51290774, 0.5122164, 0.51307625, 0.51262426, 0.51405096, 0.5128675, 0.5128702, 0.5139371, 0.512814, 0.51273066, 0.5117749, 0.51301634, 0.51242137, 0.5118708, 0.5102364, 0.5140528, 0.5131455, 0.51173896, 0.51121014, 0.51396525, 0.51392055, 0.51404595, 0.513054, 0.51310676, 0.5130542, 0.511833, 0.51130265, 0.51305753, 0.51334804, 0.5150843, 0.5139899, 0.51378024, 0.513886, 0.5118992, 0.51194817, 0.5139413, 0.51278883, 0.51412165, 0.51458883, 0.5136404, 0.51304984, 0.512334, 0.51345444, 0.5145958, 0.5142889, 0.51311046, 0.5124263, 0.5099893, 0.5140238, 0.51371145, 0.511725, 0.5126597, 0.5126076, 0.51136, 0.51251507, 0.5139109, 0.51423126, 0.5105247, 0.5141257, 0.514126, 0.51356536, 0.5128881, 0.5134204, 0.5110304, 0.51433897, 0.51173985, 0.51179284, 0.5140986, 0.51443154, 0.51028484, 0.5144536, 0.51124257, 0.5111639, 0.510299, 0.5107621, 0.51345557, 0.51397026, 0.5141541, 0.5144019, 0.5111988, 0.5139423, 0.5133618, 0.512374, 0.5140993, 0.51301223, 0.51336354, 0.511214, 0.51216894, 0.5140894, 0.51058346, 0.5135455, 0.5115938, 0.5133581, 0.5139688, 0.5138941, 0.51441276, 0.5136066, 0.51163816, 0.5125408, 0.51425445, 0.5139727, 0.51183987, 0.51395667, 0.51406866, 0.51339835, 0.51444733, 0.5137375, 0.51439196, 0.5140976, 0.513816, 0.51383847, 0.51223403, 0.5134795, 0.51366645, 0.5118078, 0.51247346, 0.5156275, 0.51319146, 0.51470006, 0.51418, 0.514675, 0.51107496, 0.5133869, 0.5104982, 0.510872, 0.5130729]
[0.5057022, 0.50079393, 0.5012709, 0.5071086, 0.5044814, 0.50427544, 0.5071624, 0.5013828, 0.5017344, 0.50689787, 0.50371504, 0.5016421, 0.5035241, 0.50545794, 0.5041811, 0.50850934, 0.5009719, 0.5030423, 0.50359946, 0.50573516, 0.50575554, 0.5013418, 0.5047262, 0.501376, 0.5018164, 0.50647587, 0.50227964, 0.50328743, 0.5027502, 0.5115552, 0.50220805, 0.50315946, 0.5037658, 0.5038434, 0.5007527, 0.50552744, 0.5056632, 0.5049104, 0.5059509, 0.50221133, 0.50257075, 0.5026943, 0.5061216, 0.50735366, 0.5006438, 0.5027354, 0.5035317, 0.50254303, 0.50198275, 0.5032864, 0.50415474, 0.5033775, 0.50258476, 0.5063319, 0.50819093, 0.5082751, 0.50355685, 0.50232553, 0.50170565, 0.5028219, 0.506426, 0.501104, 0.50475395, 0.5070803, 0.50984985, 0.50637096, 0.50160396, 0.50075907, 0.5014782, 0.50753874, 0.5041687, 0.50461733, 0.5016474, 0.5008548, 0.5019349, 0.5025391, 0.50258434, 0.5017121, 0.5032338, 0.50617164, 0.5080865, 0.50376105, 0.50715303, 0.5028624, 0.50107306, 0.50201845, 0.50874, 0.5032037, 0.50244653, 0.5078657, 0.5019658, 0.50629795, 0.5021562, 0.50477064, 0.50485325, 0.5059828, 0.5061364, 0.50510436, 0.50401485, 0.5049615, 0.504491, 0.505586, 0.5106776, 0.5126528, 0.51159596, 0.5105381, 0.512922, 0.5099388, 0.51511323, 0.513651, 0.5124592, 0.5140886, 0.5102926, 0.5091087, 0.5097106, 0.5140736, 0.51312697, 0.5139054, 0.51001996, 0.5110335, 0.5112741, 0.51052773, 0.5095329, 0.50847554, 0.51122034, 0.51118207, 0.51079786, 0.511124, 0.5116098, 0.5122207, 0.5106319, 0.510203, 0.5121542, 0.51154447, 0.5107932, 0.513216, 0.5128177, 0.5129316, 0.51107776, 0.5119206, 0.51281846, 0.5127538, 0.5136149, 0.51224136, 0.51244605, 0.51394004, 0.5127906, 0.5125462, 0.51188153, 0.5141149, 0.5081646, 0.5130134, 0.51166636, 0.51342094, 0.5123625, 0.5105783, 0.50984246, 0.5151517, 0.51290584, 0.5122621, 0.5107198, 0.5072177, 0.507514, 0.5103056, 0.5109492, 0.51052076, 0.51345843, 0.5119887, 0.5108608, 0.5105721, 0.5106282, 0.5125396, 0.5119077, 0.5114705, 0.5136963, 0.51166975, 0.5126689, 0.51373756, 0.5129229, 0.5124244, 0.5127107, 0.5118834, 0.51119864, 0.51269615, 0.51200616, 0.51386887, 0.5124292, 0.5119388, 0.5135005, 0.51203036, 0.5120271, 0.51043063, 0.51281965, 0.5120674, 0.5113371, 0.509997, 0.5136643, 0.51295024, 0.51126015, 0.51057106, 0.51307654, 0.5132272, 0.51380247, 0.5123817, 0.51223814, 0.5118188, 0.5113393, 0.5109462, 0.5124645, 0.5127632, 0.51450086, 0.5128721, 0.51280427, 0.51272994, 0.5115626, 0.51134086, 0.5132828, 0.5122913, 0.51412445, 0.5139773, 0.5132767, 0.5127701, 0.5119079, 0.51290226, 0.51329273, 0.5132437, 0.5129054, 0.51202893, 0.5092802, 0.5142154, 0.51343507, 0.5109467, 0.5116543, 0.512046, 0.51107246, 0.5116854, 0.5134737, 0.5134894, 0.5102394, 0.5131531, 0.5130487, 0.5124807, 0.51195335, 0.5115822, 0.51061803, 0.51430744, 0.51105803, 0.51106143, 0.51366276, 0.51348627, 0.50976336, 0.5137034, 0.5106347, 0.51044226, 0.509744, 0.50994605, 0.51312476, 0.5136611, 0.5137962, 0.51392734, 0.5106279, 0.51347625, 0.5132043, 0.5109717, 0.51297814, 0.51227504, 0.5126224, 0.51077753, 0.5112313, 0.51335, 0.5095592, 0.51264054, 0.5115719, 0.51335436, 0.51347893, 0.5129259, 0.51426005, 0.51234084, 0.5110504, 0.5118507, 0.5141201, 0.5137869, 0.5110769, 0.51335627, 0.5135836, 0.5128004, 0.51293784, 0.5125038, 0.51297057, 0.5134259, 0.512307, 0.51212364, 0.5117812, 0.512554, 0.5126096, 0.512065, 0.51220965, 0.5142187, 0.5113747, 0.51333, 0.5129444, 0.514159, 0.509706, 0.51286983, 0.5095067, 0.51036173, 0.5123956]
[0.5060382, 0.50322783, 0.5038316, 0.5074053, 0.501617, 0.50161034, 0.50645727, 0.5037243, 0.50286293, 0.50486475, 0.50151825, 0.50257134, 0.50223905, 0.5063324, 0.5055037, 0.5073934, 0.5039698, 0.50274056, 0.5052556, 0.505546, 0.5058844, 0.50467, 0.5013253, 0.50475866, 0.50472265, 0.50635624, 0.50584096, 0.5052823, 0.5022117, 0.5093247, 0.5035333, 0.50147814, 0.5016394, 0.5062733, 0.5047028, 0.50209343, 0.50313675, 0.5025245, 0.5032814, 0.50144744, 0.5032872, 0.50495094, 0.50613475, 0.50681084, 0.50285023, 0.5014667, 0.50130075, 0.50486827, 0.5045893, 0.5022593, 0.501332, 0.5018996, 0.501941, 0.5065603, 0.5070445, 0.50743526, 0.50515413, 0.50495094, 0.50358653, 0.5041757, 0.50635695, 0.5034167, 0.50581294, 0.5074255, 0.5082595, 0.5062588, 0.50437105, 0.5048175, 0.50345147, 0.5061823, 0.5051242, 0.5059189, 0.503456, 0.50287753, 0.50504506, 0.5044668, 0.5025897, 0.50518227, 0.5052348, 0.50646675, 0.50711685, 0.5057129, 0.50667447, 0.5051229, 0.50388306, 0.5019839, 0.5073524, 0.5057411, 0.50595826, 0.50703835, 0.5035105, 0.50277513, 0.50253505, 0.50551987, 0.5015176, 0.5019861, 0.5033361, 0.5059277, 0.5053994, 0.50595754, 0.50544965, 0.5060575, 0.5085438, 0.5099862, 0.5094313, 0.50889295, 0.51019007, 0.508373, 0.51133424, 0.51037997, 0.5096206, 0.5106908, 0.5081515, 0.50771064, 0.5077766, 0.51059806, 0.51010656, 0.5104331, 0.5092512, 0.508685, 0.5091266, 0.5088767, 0.50819874, 0.50768334, 0.509207, 0.50956017, 0.5090263, 0.5090585, 0.50939775, 0.5097194, 0.50895244, 0.5092313, 0.5099094, 0.50972944, 0.5089412, 0.50981754, 0.5100206, 0.51046723, 0.5091635, 0.50904787, 0.5099264, 0.51009464, 0.5107005, 0.5095941, 0.5099639, 0.5104426, 0.50975853, 0.50970316, 0.5095789, 0.5109182, 0.5074286, 0.51068056, 0.5096763, 0.510426, 0.5099638, 0.5087811, 0.5082787, 0.51173097, 0.510101, 0.50966597, 0.5087637, 0.5069711, 0.506954, 0.50843656, 0.5088428, 0.5084505, 0.51063174, 0.50956345, 0.50896794, 0.5087621, 0.5088499, 0.5101827, 0.50922567, 0.5090457, 0.5100821, 0.50948995, 0.5097748, 0.5106956, 0.51033384, 0.5099553, 0.51042587, 0.5099946, 0.50954145, 0.50948745, 0.50936586, 0.5103928, 0.509529, 0.5095582, 0.5100433, 0.50936455, 0.50923234, 0.5092473, 0.5098171, 0.50968856, 0.50902337, 0.5081592, 0.51066166, 0.5102261, 0.5093253, 0.5087901, 0.5100662, 0.5102371, 0.5103168, 0.5099138, 0.51006323, 0.5096076, 0.5089738, 0.50877106, 0.50967413, 0.50967294, 0.5109642, 0.5102277, 0.51031375, 0.51015353, 0.5086393, 0.5091313, 0.51013565, 0.50946915, 0.5106144, 0.5103292, 0.5100172, 0.5097398, 0.50935686, 0.5100171, 0.5105506, 0.5104021, 0.50970113, 0.50916624, 0.5077789, 0.5104185, 0.5101053, 0.5087268, 0.5092203, 0.5093689, 0.50880075, 0.50931525, 0.5100491, 0.51065147, 0.50848323, 0.51054984, 0.51054317, 0.51016504, 0.5097591, 0.5096716, 0.5085551, 0.5105377, 0.50907296, 0.509355, 0.5103212, 0.51040435, 0.50808823, 0.5107163, 0.50899434, 0.5088224, 0.5085484, 0.5086365, 0.509826, 0.51022214, 0.510393, 0.5107108, 0.5085192, 0.5102106, 0.5099154, 0.509301, 0.51029325, 0.5098771, 0.51012397, 0.50916725, 0.50955504, 0.5101189, 0.50812334, 0.5100531, 0.5087969, 0.51017535, 0.5103209, 0.50994194, 0.51092917, 0.51022947, 0.5091858, 0.5094295, 0.5105807, 0.51024926, 0.5088089, 0.5103808, 0.5104726, 0.51006025, 0.51045084, 0.51025856, 0.51052475, 0.51030797, 0.5097705, 0.50991756, 0.5092084, 0.5102483, 0.5103492, 0.50906193, 0.50952005, 0.5108434, 0.5097321, 0.5105987, 0.51047695, 0.51035714, 0.5084176, 0.5102003, 0.5078653, 0.50813735, 0.5096564]
[0.5038557, 0.500755, 0.5014567, 0.5057098, 0.50177693, 0.5018739, 0.5046318, 0.5008905, 0.5004071, 0.502514, 0.5011857, 0.50042444, 0.5008093, 0.5033221, 0.502596, 0.5063508, 0.50090307, 0.5005638, 0.50324935, 0.5032093, 0.5034906, 0.5013424, 0.50172454, 0.501117, 0.5013568, 0.5042766, 0.50287247, 0.5029809, 0.5007949, 0.5084866, 0.5011827, 0.50093895, 0.5017153, 0.50405097, 0.5014384, 0.50269777, 0.50308883, 0.5025651, 0.5025575, 0.50104016, 0.5003224, 0.50208175, 0.5036342, 0.50564027, 0.500737, 0.5007624, 0.50105274, 0.50182146, 0.5022423, 0.50033975, 0.5015432, 0.5011665, 0.5011749, 0.50441843, 0.50578934, 0.5066219, 0.50235885, 0.5017915, 0.50095063, 0.50125676, 0.50380325, 0.50072026, 0.5040681, 0.50623673, 0.5079336, 0.5049905, 0.5013097, 0.5011829, 0.5008753, 0.5054933, 0.5028313, 0.5032012, 0.5002853, 0.500342, 0.50202054, 0.5023542, 0.5000598, 0.50200266, 0.50218755, 0.50494826, 0.5063145, 0.502814, 0.5059154, 0.50205886, 0.5008035, 0.50089645, 0.5065656, 0.5025705, 0.5036945, 0.50608325, 0.5012765, 0.50216246, 0.5003931, 0.5027249, 0.50186807, 0.5020127, 0.5027839, 0.50358224, 0.5026331, 0.5044817, 0.50192904, 0.5038349, 0.508357, 0.50992113, 0.5086958, 0.5080655, 0.51001704, 0.50748575, 0.5113724, 0.5103565, 0.509521, 0.5107395, 0.50734794, 0.5068153, 0.50723785, 0.51042396, 0.5095507, 0.5099677, 0.5087636, 0.50798315, 0.5088106, 0.5083076, 0.5074083, 0.5063999, 0.5084378, 0.5092151, 0.508683, 0.50780195, 0.50927025, 0.5095184, 0.5086288, 0.5082375, 0.5096347, 0.50917923, 0.50883734, 0.5102131, 0.5101516, 0.51013494, 0.5088478, 0.5088807, 0.5097659, 0.5100026, 0.51078254, 0.5095424, 0.5097945, 0.5103801, 0.5099245, 0.50986946, 0.5086846, 0.51106757, 0.5054409, 0.51038724, 0.5096074, 0.51044863, 0.5094642, 0.5077582, 0.5074896, 0.51231164, 0.510109, 0.508939, 0.5081125, 0.5054302, 0.50572646, 0.5071078, 0.5081932, 0.50758815, 0.51068753, 0.50911057, 0.5084466, 0.5081631, 0.50840676, 0.51037943, 0.5092297, 0.5089136, 0.51027375, 0.5090926, 0.50985163, 0.510702, 0.5100569, 0.50984097, 0.5098223, 0.5095934, 0.5091123, 0.50960124, 0.50882995, 0.5104598, 0.509265, 0.50938565, 0.5100856, 0.509167, 0.509062, 0.5090764, 0.50976, 0.5095548, 0.5085596, 0.5071631, 0.51030755, 0.50978714, 0.5084972, 0.508026, 0.50989395, 0.5102073, 0.5100609, 0.50911456, 0.5098453, 0.5093668, 0.50838745, 0.5080871, 0.50959694, 0.50974345, 0.5110568, 0.5102698, 0.5100441, 0.50983596, 0.5086094, 0.50869125, 0.5100832, 0.5090465, 0.5102052, 0.5106215, 0.50994444, 0.50944465, 0.50881433, 0.5101811, 0.510989, 0.51013875, 0.5095106, 0.5094045, 0.5072466, 0.5102742, 0.5098393, 0.50838447, 0.50886476, 0.5087847, 0.5079419, 0.5089664, 0.51018983, 0.51065356, 0.5077295, 0.5103669, 0.51033705, 0.50982946, 0.5093636, 0.50932664, 0.5080636, 0.51091206, 0.5087046, 0.5088084, 0.5106352, 0.5108221, 0.5079173, 0.5106404, 0.5082387, 0.5080679, 0.5076079, 0.5075915, 0.50985354, 0.51003355, 0.51019627, 0.5106507, 0.5078622, 0.50994426, 0.5098954, 0.5090808, 0.5103592, 0.50942135, 0.5094696, 0.5085107, 0.5091297, 0.5100794, 0.50791025, 0.5098715, 0.5089018, 0.5099103, 0.5100771, 0.51059186, 0.5109764, 0.5099063, 0.5083687, 0.5091226, 0.51033074, 0.5103942, 0.50854975, 0.5103201, 0.51011133, 0.50957835, 0.510429, 0.5099689, 0.5103617, 0.5102851, 0.50977224, 0.5099109, 0.5086014, 0.5099414, 0.50952923, 0.5084756, 0.50926155, 0.5110643, 0.50910336, 0.5108605, 0.5103782, 0.51055396, 0.5075577, 0.5098412, 0.5075183, 0.5078781, 0.5094738]
[0.5076481, 0.50332236, 0.5043192, 0.5095923, 0.49953938, 0.49953386, 0.5070632, 0.5039417, 0.5028763, 0.50642836, 0.49975288, 0.5011664, 0.5008939, 0.50700253, 0.50566113, 0.50998795, 0.5045407, 0.5023923, 0.5064076, 0.5054525, 0.5063905, 0.50505114, 0.49953017, 0.50440186, 0.50456744, 0.5079471, 0.50659966, 0.50686157, 0.5007936, 0.5131109, 0.503658, 0.50032765, 0.50069946, 0.5075256, 0.5040316, 0.5008828, 0.50139636, 0.50068825, 0.5005022, 0.5000839, 0.50148064, 0.5056317, 0.50648, 0.50885355, 0.5032904, 0.5010456, 0.50066036, 0.5044826, 0.505398, 0.5008996, 0.49991983, 0.50066614, 0.49991015, 0.5083957, 0.50916827, 0.50958484, 0.5055668, 0.5048006, 0.50378555, 0.50437504, 0.5077511, 0.50232774, 0.5078915, 0.50961953, 0.51200795, 0.50791687, 0.5041898, 0.5038981, 0.5032061, 0.5090384, 0.5067071, 0.5069619, 0.50271064, 0.5030654, 0.5059792, 0.5041251, 0.5004253, 0.50525725, 0.50570136, 0.50841653, 0.5098236, 0.5047347, 0.50861424, 0.5057154, 0.5024449, 0.5007794, 0.50998586, 0.50629944, 0.50726235, 0.50914633, 0.5029457, 0.5004023, 0.5016857, 0.5064441, 0.5001114, 0.5000983, 0.5006064, 0.5067044, 0.50589925, 0.50772214, 0.50626, 0.50734735, 0.5125111, 0.5148084, 0.5129741, 0.5121771, 0.51462835, 0.5120276, 0.51712537, 0.51566654, 0.5139613, 0.51569223, 0.51117027, 0.51076037, 0.5107364, 0.5156806, 0.51476896, 0.5154348, 0.51327103, 0.51255715, 0.51305246, 0.51280725, 0.51159745, 0.51068383, 0.51307577, 0.5140173, 0.51333714, 0.5123678, 0.5136409, 0.5138077, 0.51255393, 0.51261604, 0.51500994, 0.51408046, 0.51294667, 0.51481307, 0.51485574, 0.51520604, 0.51290053, 0.51334274, 0.5143879, 0.5148913, 0.51596016, 0.51367867, 0.5140399, 0.51559526, 0.5148821, 0.51470476, 0.513694, 0.5162531, 0.5097071, 0.5153354, 0.5142869, 0.51497686, 0.5145037, 0.51190454, 0.5116347, 0.517934, 0.51451284, 0.5137283, 0.51224065, 0.5097019, 0.50980574, 0.5111841, 0.51292676, 0.5118663, 0.5159701, 0.5139041, 0.51285434, 0.51241404, 0.512522, 0.5153631, 0.51342314, 0.5130167, 0.5151121, 0.5132338, 0.514569, 0.5156541, 0.515134, 0.51457196, 0.51504886, 0.5148509, 0.51392204, 0.514064, 0.5133156, 0.5157854, 0.5141064, 0.513891, 0.51510864, 0.5139702, 0.5138694, 0.51361376, 0.51423204, 0.51374066, 0.51273185, 0.51071644, 0.51557004, 0.5146904, 0.5127556, 0.5126231, 0.5145473, 0.51487905, 0.51528555, 0.5134391, 0.5148644, 0.5138362, 0.5127911, 0.51273155, 0.5137922, 0.5141135, 0.5163259, 0.5148836, 0.5146901, 0.514979, 0.51272315, 0.51317656, 0.5149347, 0.5133911, 0.5145677, 0.5154661, 0.5148215, 0.5142301, 0.51341134, 0.5148416, 0.5156162, 0.51502144, 0.5138906, 0.5134707, 0.5104363, 0.5158637, 0.5151994, 0.51303846, 0.51326007, 0.5134168, 0.51215976, 0.5133127, 0.51487863, 0.51542366, 0.5115377, 0.51595557, 0.51574314, 0.51544344, 0.51458865, 0.51422024, 0.5122425, 0.5157401, 0.51278186, 0.51280874, 0.51519823, 0.51555604, 0.511676, 0.51553655, 0.51233286, 0.51223505, 0.51154697, 0.5117246, 0.51444596, 0.5149917, 0.51575774, 0.5162376, 0.51208156, 0.5147511, 0.51430666, 0.5133797, 0.5153594, 0.5138201, 0.5142877, 0.51229244, 0.51373005, 0.5152981, 0.51127994, 0.51451087, 0.5122024, 0.51479536, 0.5150191, 0.5149439, 0.5160709, 0.5150089, 0.5127195, 0.5137403, 0.51565146, 0.5153464, 0.51256233, 0.5149983, 0.51492673, 0.5141458, 0.5153443, 0.5150796, 0.51577437, 0.51554185, 0.5141769, 0.51443136, 0.51297957, 0.51451844, 0.5147096, 0.51284134, 0.5131961, 0.5166396, 0.5134133, 0.51561826, 0.5152236, 0.51579034, 0.51162267, 0.51477814, 0.5112371, 0.5115728, 0.5142011]
[0.50753886, 0.50215787, 0.5036888, 0.5085024, 0.50068176, 0.5005044, 0.50865966, 0.50442153, 0.50415266, 0.5082105, 0.49986598, 0.5014826, 0.5010452, 0.5080735, 0.50728244, 0.5101613, 0.50410527, 0.502215, 0.50586694, 0.5069684, 0.5071581, 0.5042725, 0.5000711, 0.505626, 0.50680107, 0.5082037, 0.50624275, 0.50697947, 0.5001809, 0.51367664, 0.5050461, 0.5003714, 0.5001188, 0.5084383, 0.5045786, 0.5011263, 0.5017356, 0.50073224, 0.50174445, 0.500098, 0.5028824, 0.50550586, 0.5080482, 0.50928885, 0.50316083, 0.5003754, 0.5002102, 0.50513244, 0.5057823, 0.5010418, 0.5000942, 0.5011537, 0.5009249, 0.5091755, 0.5099778, 0.51026386, 0.5068303, 0.50518435, 0.5026956, 0.50428027, 0.50766444, 0.5026239, 0.5077946, 0.5101801, 0.51299876, 0.50861657, 0.5040603, 0.50417054, 0.5030393, 0.5093554, 0.5050933, 0.50764966, 0.5025499, 0.50184804, 0.5045357, 0.5059151, 0.50010276, 0.50597, 0.50555515, 0.5084319, 0.50999147, 0.50738883, 0.5102092, 0.50501925, 0.5032919, 0.5010767, 0.5104245, 0.50613564, 0.5081275, 0.50991493, 0.50298256, 0.50123644, 0.501933, 0.5058053, 0.5003012, 0.50126415, 0.5018437, 0.50700694, 0.50588256, 0.50736177, 0.50805664, 0.5083192, 0.5132172, 0.51558125, 0.51450115, 0.51351494, 0.51635367, 0.51310253, 0.5183202, 0.5167442, 0.51518273, 0.51723415, 0.5124249, 0.5112058, 0.5115385, 0.5169471, 0.51588076, 0.5164282, 0.5137819, 0.5139519, 0.5141227, 0.5136458, 0.51203215, 0.51018775, 0.5130812, 0.5145768, 0.5135323, 0.51328003, 0.51464206, 0.5151118, 0.51340425, 0.51315254, 0.5152314, 0.5146827, 0.5141841, 0.5160335, 0.5161908, 0.5166145, 0.5142426, 0.51461476, 0.51554537, 0.5157843, 0.51701796, 0.5152424, 0.51575834, 0.5168856, 0.5152921, 0.5151217, 0.51435363, 0.51783454, 0.5103022, 0.5161813, 0.5145033, 0.5168974, 0.5151403, 0.51249933, 0.5122449, 0.51954603, 0.5161275, 0.51485264, 0.513258, 0.50871766, 0.5091499, 0.5122466, 0.51305014, 0.5125445, 0.5170189, 0.5146624, 0.5134506, 0.51301223, 0.5130569, 0.51628023, 0.514457, 0.51420116, 0.5166233, 0.5146986, 0.51540637, 0.5172704, 0.51657265, 0.5157976, 0.51653767, 0.5155405, 0.5147917, 0.51563454, 0.5140904, 0.51725894, 0.51507473, 0.5151725, 0.5163132, 0.51486313, 0.5146927, 0.51453656, 0.51567453, 0.5154781, 0.51385874, 0.5119739, 0.5170547, 0.5160499, 0.51372546, 0.5132616, 0.51627666, 0.5161105, 0.5167616, 0.515148, 0.5158378, 0.5148378, 0.514063, 0.51378524, 0.515267, 0.5158641, 0.5181515, 0.5161758, 0.516196, 0.51594156, 0.5144221, 0.5140118, 0.5162618, 0.51490426, 0.5165312, 0.5169188, 0.51611984, 0.51552975, 0.51468873, 0.5163946, 0.5176592, 0.5164702, 0.5152157, 0.515183, 0.51184595, 0.51699525, 0.51633114, 0.5134333, 0.5141353, 0.51430184, 0.513317, 0.5146748, 0.5162704, 0.51726645, 0.51259714, 0.51668334, 0.5166833, 0.5158965, 0.5151925, 0.51521546, 0.51332444, 0.51727974, 0.5141347, 0.51427037, 0.5167314, 0.5170366, 0.512185, 0.51696074, 0.5135072, 0.5134342, 0.51253325, 0.51291466, 0.5158016, 0.5162318, 0.5165274, 0.5172855, 0.51277786, 0.516233, 0.51581687, 0.5139499, 0.5162343, 0.5153452, 0.5157214, 0.514059, 0.5145732, 0.5164429, 0.512187, 0.5154681, 0.5140747, 0.5160597, 0.5162597, 0.5162714, 0.5177783, 0.51568764, 0.5134438, 0.51498294, 0.5169235, 0.5168895, 0.51375085, 0.51653415, 0.516429, 0.51537764, 0.516611, 0.5158722, 0.5168189, 0.51681715, 0.5152582, 0.5152874, 0.51412827, 0.51585805, 0.51576185, 0.5140403, 0.5147255, 0.517263, 0.5145995, 0.51746166, 0.51675403, 0.51741266, 0.5121687, 0.51633483, 0.5122754, 0.51279163, 0.51534325]
[0.5062046, 0.5005659, 0.5016229, 0.50758046, 0.5027737, 0.5027163, 0.506717, 0.5024191, 0.5018135, 0.5067198, 0.5023538, 0.5007667, 0.50129193, 0.50603276, 0.5044828, 0.50841135, 0.50193846, 0.50085455, 0.50450194, 0.50425935, 0.50508356, 0.5016331, 0.5026838, 0.5017172, 0.503334, 0.5067129, 0.50383, 0.5044641, 0.50149965, 0.5107258, 0.5020377, 0.50171214, 0.5024159, 0.5061024, 0.50186145, 0.50370854, 0.5040906, 0.5033068, 0.5038169, 0.50154763, 0.50052327, 0.50299597, 0.505681, 0.50789, 0.5007661, 0.50189483, 0.50252295, 0.5026802, 0.5035054, 0.5015947, 0.5026293, 0.5021742, 0.50116414, 0.50725037, 0.5078034, 0.50818133, 0.50412804, 0.5026475, 0.5010161, 0.5023345, 0.5061244, 0.5008746, 0.5059769, 0.5077929, 0.51019514, 0.5066847, 0.5013523, 0.5021922, 0.50035095, 0.5066951, 0.5035021, 0.50612813, 0.500391, 0.50035137, 0.50254244, 0.503757, 0.501237, 0.502894, 0.5036952, 0.5068743, 0.5080384, 0.5054474, 0.50772506, 0.5033973, 0.5008991, 0.5014004, 0.50800765, 0.50341976, 0.5057688, 0.5075668, 0.5015187, 0.5038018, 0.50050473, 0.50436884, 0.50289327, 0.5037502, 0.504349, 0.5057943, 0.50490624, 0.5058578, 0.50568616, 0.50651157, 0.5100384, 0.5121594, 0.5111125, 0.5100392, 0.51243025, 0.5101996, 0.51386255, 0.5124774, 0.5114776, 0.51317096, 0.5093133, 0.50901324, 0.5087899, 0.51269853, 0.51212263, 0.5127361, 0.51074225, 0.5109624, 0.51084113, 0.51056725, 0.5093375, 0.50810975, 0.5104155, 0.5113474, 0.5107006, 0.51024586, 0.51124513, 0.51131797, 0.5107845, 0.5102413, 0.51153326, 0.51130474, 0.5105148, 0.5121666, 0.5119768, 0.5126899, 0.5108347, 0.51147634, 0.5120174, 0.5120353, 0.51297593, 0.5116859, 0.5118392, 0.5130158, 0.51163, 0.5115368, 0.51099515, 0.5134805, 0.5078386, 0.51254624, 0.5111904, 0.5127179, 0.5118707, 0.50982255, 0.50956404, 0.5146874, 0.51226944, 0.51128507, 0.51034766, 0.5074294, 0.50726986, 0.5096507, 0.5101309, 0.50985706, 0.5130906, 0.5114029, 0.5103815, 0.5100937, 0.5102375, 0.512154, 0.5111864, 0.510999, 0.5126177, 0.51105255, 0.51160324, 0.51305026, 0.5125014, 0.51226276, 0.5128242, 0.51188976, 0.5113121, 0.51177615, 0.5108706, 0.51307607, 0.5115504, 0.51150346, 0.5123905, 0.51117074, 0.5111391, 0.5112256, 0.5120967, 0.5119609, 0.51079375, 0.5092608, 0.51306564, 0.5124682, 0.51125115, 0.51024586, 0.5121381, 0.5120374, 0.51271826, 0.51158804, 0.5119454, 0.5117472, 0.5110548, 0.51062113, 0.5120093, 0.5122717, 0.51372546, 0.51211977, 0.51209396, 0.51198065, 0.5111032, 0.5105375, 0.51246667, 0.51133573, 0.5127661, 0.51284873, 0.5123746, 0.5118633, 0.5110554, 0.5123906, 0.5132541, 0.51248986, 0.5116848, 0.5114917, 0.50903475, 0.51271546, 0.51224345, 0.5101167, 0.5107908, 0.5109024, 0.51015896, 0.51109767, 0.5122402, 0.5131577, 0.5099397, 0.5127653, 0.51257575, 0.51198053, 0.51135886, 0.511327, 0.50995475, 0.5130599, 0.51122344, 0.5107997, 0.5127302, 0.51286614, 0.5093623, 0.5128844, 0.51054645, 0.51019907, 0.5096566, 0.5101006, 0.5119925, 0.51244897, 0.5127056, 0.5132427, 0.51000184, 0.51244205, 0.51206094, 0.5105715, 0.5122413, 0.5115071, 0.51172125, 0.51080036, 0.5112075, 0.5122906, 0.5095134, 0.51193094, 0.51063985, 0.5120054, 0.512459, 0.5123199, 0.51338744, 0.51212776, 0.5105422, 0.5114202, 0.5131658, 0.5127687, 0.510233, 0.51248926, 0.5125462, 0.5117869, 0.51267296, 0.51221466, 0.513067, 0.51274717, 0.5118762, 0.5119241, 0.5110867, 0.51230645, 0.5119571, 0.51084286, 0.511164, 0.5133795, 0.5108371, 0.5129514, 0.5127073, 0.51274526, 0.5093743, 0.5124661, 0.50921494, 0.50955355, 0.51177675]
[0.51000726, 0.50213057, 0.5029276, 0.51086444, 0.5007339, 0.500562, 0.51125467, 0.50336117, 0.5015324, 0.5084675, 0.50031894, 0.5000117, 0.49950778, 0.5096522, 0.5088179, 0.51299715, 0.50313646, 0.5000683, 0.5060746, 0.5092355, 0.50975686, 0.5053613, 0.50054795, 0.50249404, 0.5039063, 0.51028043, 0.507305, 0.50812787, 0.4991756, 0.51732105, 0.5048911, 0.4993476, 0.4993798, 0.5082066, 0.50234306, 0.50162345, 0.50212735, 0.50153035, 0.50186276, 0.4996087, 0.50003207, 0.5072197, 0.50982124, 0.51111925, 0.50236076, 0.49927756, 0.5000368, 0.50508726, 0.5057264, 0.49940574, 0.50034696, 0.5001844, 0.500124, 0.51120806, 0.5123013, 0.5122107, 0.506685, 0.5058564, 0.50223905, 0.50437814, 0.5107557, 0.5017997, 0.5079891, 0.5120155, 0.5147384, 0.50979596, 0.5030302, 0.5037257, 0.5008416, 0.5115088, 0.50656027, 0.5081467, 0.50192255, 0.5019139, 0.5059837, 0.50414425, 0.4992821, 0.50579596, 0.5074615, 0.5090086, 0.5114952, 0.5073643, 0.5105989, 0.5062996, 0.50245184, 0.49930003, 0.5132799, 0.50782484, 0.50679123, 0.5118155, 0.49950066, 0.50157887, 0.49932393, 0.50710344, 0.50010645, 0.5016833, 0.50200397, 0.50848114, 0.50724936, 0.50818783, 0.5084355, 0.5091149, 0.515551, 0.51869243, 0.51750547, 0.5159967, 0.5195228, 0.515604, 0.5224238, 0.5204026, 0.51843536, 0.52083313, 0.5150859, 0.5139133, 0.51409686, 0.5206381, 0.5198168, 0.5199234, 0.5160817, 0.51627815, 0.5164798, 0.51591194, 0.5144092, 0.5127897, 0.51655096, 0.5169576, 0.51624286, 0.5166771, 0.51749104, 0.51778215, 0.5159514, 0.5162014, 0.518387, 0.5178803, 0.51661754, 0.5190384, 0.5188883, 0.5198839, 0.5166249, 0.51814336, 0.5184058, 0.5188526, 0.52025276, 0.5179374, 0.51887375, 0.52060306, 0.5185642, 0.5180519, 0.5178658, 0.52113235, 0.5129391, 0.5192294, 0.51758134, 0.5199837, 0.51862586, 0.51581717, 0.5145002, 0.5226746, 0.5189692, 0.51811785, 0.51660347, 0.51147133, 0.5113412, 0.5155144, 0.5160989, 0.5154067, 0.52011067, 0.5180627, 0.51665527, 0.5162392, 0.51614696, 0.5187863, 0.5169449, 0.51688325, 0.5196805, 0.51771146, 0.5184473, 0.5208059, 0.51938593, 0.51873493, 0.51901007, 0.5181016, 0.5172605, 0.5184384, 0.5177077, 0.5205838, 0.5181985, 0.5179268, 0.5196875, 0.51758826, 0.51748985, 0.51598656, 0.51848, 0.51749563, 0.51738614, 0.51563025, 0.52022237, 0.5188184, 0.5167818, 0.5159381, 0.5200102, 0.51944625, 0.5208747, 0.5186578, 0.51858884, 0.5176578, 0.5162803, 0.51608694, 0.51805097, 0.5185168, 0.52154064, 0.51920223, 0.5192006, 0.5190952, 0.5169234, 0.51682657, 0.5196186, 0.5184869, 0.5207205, 0.52065194, 0.5189226, 0.5188045, 0.51780725, 0.5191651, 0.5200359, 0.5200043, 0.5185786, 0.51725364, 0.5137115, 0.5205415, 0.51969343, 0.5163025, 0.5174739, 0.517769, 0.5164133, 0.5177047, 0.51957047, 0.5204248, 0.5157324, 0.5194862, 0.51930207, 0.518788, 0.5175312, 0.5181681, 0.51563877, 0.5201178, 0.5167465, 0.517119, 0.5197515, 0.5199758, 0.51433057, 0.5203303, 0.51620555, 0.51591486, 0.5150003, 0.5154742, 0.5193027, 0.52015495, 0.51987267, 0.52086854, 0.5161055, 0.5197133, 0.51876765, 0.51631343, 0.51899, 0.5186557, 0.5186686, 0.51674074, 0.51695037, 0.51941836, 0.51418173, 0.5192438, 0.516257, 0.51950073, 0.52000296, 0.51910836, 0.52075005, 0.51894975, 0.5163412, 0.5178656, 0.5206194, 0.5198648, 0.51641667, 0.51983804, 0.5204179, 0.519281, 0.51997983, 0.5192112, 0.52022755, 0.52000403, 0.5187922, 0.5183519, 0.5178866, 0.51924086, 0.51954484, 0.5174088, 0.51782477, 0.5211294, 0.5182301, 0.52030295, 0.5198884, 0.5207399, 0.5147013, 0.51935315, 0.5145382, 0.5150542, 0.5179839]
[0.5053561, 0.5000466, 0.5005652, 0.5082898, 0.5024792, 0.50253004, 0.5057186, 0.50082564, 0.5002605, 0.5041799, 0.5017042, 0.50069726, 0.5017995, 0.50553876, 0.50437504, 0.5085361, 0.5008669, 0.5011715, 0.5025605, 0.5036105, 0.50416243, 0.50157386, 0.50247884, 0.50164646, 0.5019367, 0.5059196, 0.50264275, 0.5026725, 0.5009605, 0.5127976, 0.5006733, 0.5015698, 0.50192046, 0.50536627, 0.50172436, 0.5028061, 0.50318587, 0.50267136, 0.5033453, 0.5014238, 0.5009684, 0.5024711, 0.5059106, 0.5068291, 0.49977395, 0.5017106, 0.5023433, 0.5031115, 0.5012031, 0.50123626, 0.5021017, 0.5016293, 0.5016482, 0.50578797, 0.5081774, 0.5083369, 0.5022936, 0.5022634, 0.50039107, 0.50179535, 0.5062298, 0.50040144, 0.5045509, 0.5078975, 0.5108621, 0.50620353, 0.50172746, 0.501745, 0.5010543, 0.5065689, 0.5041115, 0.50412935, 0.5005782, 0.50070465, 0.5016674, 0.5018394, 0.50069207, 0.50118643, 0.50267327, 0.50518966, 0.5079541, 0.50343174, 0.50696814, 0.502008, 0.50122523, 0.5008851, 0.50889987, 0.5033533, 0.5043051, 0.50816756, 0.50024456, 0.50327295, 0.5012979, 0.5032491, 0.5024639, 0.5035652, 0.50345695, 0.5040903, 0.5028635, 0.5035909, 0.5040382, 0.504871, 0.5110735, 0.51390177, 0.51298845, 0.5119336, 0.5143111, 0.51144487, 0.5165416, 0.5149873, 0.51306057, 0.5154058, 0.51071066, 0.5098518, 0.50998616, 0.51538426, 0.51453894, 0.5149879, 0.5116724, 0.5116442, 0.5123218, 0.5121382, 0.510145, 0.50962687, 0.5123416, 0.5132564, 0.51211375, 0.5121694, 0.51337975, 0.5131485, 0.51112586, 0.51164025, 0.5139935, 0.5132238, 0.5121482, 0.5139423, 0.51413304, 0.5147586, 0.5120934, 0.5126909, 0.5147282, 0.51417094, 0.51511115, 0.51339024, 0.5137205, 0.51524687, 0.51348853, 0.5139004, 0.5133382, 0.515846, 0.5081238, 0.51498127, 0.51346815, 0.51496124, 0.5139493, 0.51148134, 0.5107894, 0.5179771, 0.5142967, 0.5135669, 0.51126856, 0.5074742, 0.5079329, 0.5110135, 0.5120843, 0.51120347, 0.5153583, 0.5134584, 0.512192, 0.51149964, 0.51160765, 0.5143366, 0.51306874, 0.51248723, 0.51439697, 0.51277375, 0.5142003, 0.5154336, 0.51447123, 0.5137331, 0.5150216, 0.5142901, 0.51345575, 0.5134042, 0.51241153, 0.51538676, 0.5136017, 0.51353294, 0.514756, 0.51275826, 0.51270735, 0.5119397, 0.5137848, 0.5134035, 0.51256776, 0.51013917, 0.51571846, 0.51454014, 0.5127447, 0.51117426, 0.5142314, 0.51407516, 0.51435715, 0.51337904, 0.5137523, 0.513108, 0.5118319, 0.5112423, 0.513965, 0.51413107, 0.5160473, 0.51427114, 0.5142279, 0.5140898, 0.51206744, 0.512321, 0.5141529, 0.51291955, 0.5149638, 0.5157417, 0.5144624, 0.5136634, 0.512738, 0.5148795, 0.5148863, 0.51486564, 0.5136857, 0.5131433, 0.5099936, 0.5154475, 0.51444, 0.5117393, 0.51228714, 0.5125416, 0.5116607, 0.5125914, 0.51457614, 0.51514214, 0.51102483, 0.51506686, 0.51506644, 0.5142142, 0.5136448, 0.51319575, 0.5114581, 0.51547647, 0.51244944, 0.5123653, 0.51476794, 0.51509315, 0.51062304, 0.5150392, 0.51170796, 0.51145434, 0.5110019, 0.5110213, 0.5137319, 0.51447624, 0.5153014, 0.5152844, 0.51091427, 0.51457644, 0.51431906, 0.5123826, 0.5150709, 0.5132934, 0.51401, 0.5119371, 0.512888, 0.51484144, 0.51083803, 0.5143244, 0.51215494, 0.5144595, 0.514457, 0.5139737, 0.5158994, 0.514151, 0.5119263, 0.513158, 0.5156428, 0.51507145, 0.51194525, 0.51479876, 0.51461923, 0.51376635, 0.5146672, 0.51416343, 0.51509947, 0.5146444, 0.51339036, 0.5137622, 0.51274574, 0.51455706, 0.51422465, 0.5125049, 0.51261044, 0.51550335, 0.5128781, 0.5148405, 0.5148417, 0.5146345, 0.5103266, 0.5146208, 0.5095805, 0.5106029, 0.51331294]
